,tag,name,nameColor,icon,trophies,rank,club
0,#288YGV2JL,-@ GOOD LUCK @-,0xfff9c908,28000349,61900,1,ƝօɓƖҽʂ ƘíƖƖҽɾʂ
1,#PG8Y8PRPR,『K~A~R~M~A🦅』,0xffffffff,28000335,60756,2,Karma's Legacy
2,#JY20QJ9Q,AF1|Mohammed,0xff1ba5f5,28000292,60267,3,زربات عمك
3,#UUCUP0VJ,⛓️ᴮᴸᴷㅤ⛓️,0xffff9727,28000014,59004,4,F/A Bellum
4,#8RGRQ99VV,♤♤♤ŁÉĎÌ♤♤♤,0xff1ba5f5,28000163,58457,5,KOSOVA
5,#2GUPYYUQL,❤️DaddyAlbanie❤,0xffffffff,28000019,58401,6,TIKTOK HISO🦊
6,#Y9U8CYQJ,☠️one piece ☠️,0xffffffff,28000167,57567,7,درع الجزيرة
7,#YQR9229J2,✐ՏվԵհօղօմՏシ,0xfff9775d,28000279,57117,8,Slorien
8,#P0RLVU2YU,жмих|ᵖᵘᵖˢⁱᵏ🐀🖤,0xffcb5aff,28000272,56472,9,✨SYNDICATE✨
9,#82LGRVRPV,スラン💞whereend?,0xffffffff,28000058,56363,10,<c6>?</c>
10,#82V2YURJG,ZETA|제로 ZERO,0xffa2e3fe,28000156,55300,11,KLT 챔피언십
11,#Y90J8PUCY,shoku jem,0xff4ddba2,28000315,55232,12,Eagles Eyes 1
12,#U2R0C8J,ViniBS,0xffa2e3fe,28000175,55205,13,CCCC
13,#PURYULVQC,꧁OLDMITE꧂,0xffff8afb,28000240,55184,14,الناقة
14,#29CJQCQQ8,buu,0xffcb5aff,28000308,55078,15,котики рулят
15,#8J8UQRYYC,Sun_beam,0xffff9727,28000055,54909,16,котики рулят
16,#9UUCR9GRU,Ł£Ø🔥昱'和平,0xffffce89,28000071,54749,17,KOSOVA
17,#8P89RPVRL,¥|Kuba☯️,0xffcb5aff,28000267,54683,18,
18,#2QJQ80GU9,あ·Smoke〆,0xffffffff,28000352,54584,19,The Real World
19,#8QCGQJ8CR,Bledaruan,0xfff05637,28000334,54578,20,Maxi ganG ⚔️
20,#8VQ0UJLY0,brajani,0xffffffff,28000322,54295,21,Arctic Blast
21,#80GPJULU2,最強神ゴッド,0xffffffff,28000177,54121,22,ふぁんふぁん倶楽部
22,#9R82U9P90,😂😎carlo1😁🤣,0xffcb5aff,28000334,53953,23,NO RISKnoFun PL
23,#CCCC8RU,xhoncoin,0xffa2e3fe,28000065,53832,24,Remaining Ace
24,#2LJGRYRGV,재후🇰🇷ʸᵘᵐᵐʸ,0xfff9c908,28000267,53685,25,
25,#PVQQLQVLQ,🖤Black Wolf🐺,0xfff05637,28000349,53225,26,❄️TheIceKing❄️
26,#8VPGCUYG2,michou,0xfff05637,28000046,53098,27,🎋ESPØRT|wolf🐺
27,#98UVJ9J9R,♡NOOB♡,0xffa2e3fe,28000129,53059,28,KOSOVA
28,#9CLJLVVJV,667,0xffcb5aff,28000293,52973,29,The Awakening
29,#2CR2PQCQ,Goshan123),0xff1ba5f5,28000225,52720,30,⚔️👑SM|Bella👑⚔
30,#8PC2YJ2J,♠️♥️JOKER♦️♣️,0xfff9c908,28000185,52439,31,KOSOVA
31,#9V99Q8G8Q,Yaman SSK,0xffffffff,28000000,52403,32,HellsAngls
32,#9CJRPC8V,🇦🇱EndriZone🦅,0xffa2e3fe,28000348,52382,33,❤L o v e❤
33,#8QU9G0UPJ,edison seise,0xffffffff,28000228,52311,34,OP Player
34,#QGCQJU80,Legendary,0xffcb5aff,28000290,52059,35,Xx|Squad⚕♂️
35,#PP08GG0Q,⚡️Vitrin⚡️,0xffffce89,28000021,52038,36,Legion Reserves
36,#8CGQ8UGR8,sesyasesay💗,0xffcb5aff,28000254,51912,37,Eternity🍀
37,#2Q2ULUPUC,Captain Dunk,0xffa2e3fe,28000126,51714,38,BS
38,#VU9G0YJQ,Smoky,0xfff05637,28000129,51515,39,Hørrat
39,#UPQQ9RQ8,{TheOneAndOnly},0xffcb5aff,28000022,51414,40,ElitePig
40,#YLQVYUV0J,𝓚𝓪𝓽𝓪𝓷𝓪༄,0xff4ddba2,28000169,51403,41,🌪️TORNADO🌪️
41,#8JQ8P88Y8,AjanK13,0xfff05637,28000151,51391,42,Brawlers Legion
42,#2000LJRU,Trojan,0xff4ddba2,28000151,51181,43,Hørrat
43,#90LGRC00V,Ñêâd ñêêd ñêrf,0xfff9c908,28000087,50945,44,Legion Reserves
44,#289922LL8,Eridon,0xffa2e3fe,28000347,50943,45,JUSTICE
45,#299JUCPY9,piopaw,0xfff9c908,28000262,50908,46,CheetosBanditos
46,#QQU0V9U8,Qr1 |TRydOn ☔,0xffff8afb,28000284,50879,47,Hell's Kitchen
47,#LJ0R8PVP0,Tͥonͣiͫ⚔ᵍᵒᵈ,0xffffffff,28000305,50710,48,KOSOVA
48,#8C8VL9CUG,ζ͜͡𝐆𝐡|Mauro🔮,0xffcb5aff,28000156,50588,49,ζ͜͡Ghost👻
49,#9Y2VQ9L2,jannboja,0xfff9c908,28000262,50372,50,RoyalStHoolignZ
50,#8RYQP8Q2U,-@JOAN@-,0xffffce89,28000023,50364,51,AR |Family‼️
51,#2GGY9P0JQ,SC |Andi_alb🔥,0xffa8e132,28000275,50363,52,AR |Family‼️
52,#9LL99UCUJ,elvis09,0xfff05637,28000090,50302,53,Eʟɪᴛᴇ Wᴀʀʀɪᴏʀꜱ
53,#8U2P2GPQJ,COACH TIME YT,0xffff8afb,28000207,50144,54,LesCochons
54,#2RVR2UGJJ,新|xIsaac$$,0xffffffff,28000305,50105,55,Perros XV
55,#8208CCVPR,hanri,0xff1ba5f5,28000081,50049,56,NoNoSquare
56,#PYVU828GY,iSwarleyyy💔,0xffffffff,28000207,50047,57,Heaven✨💛
57,#8JU9UUR99,ybj,0xfff05637,28000295,50039,58,картошки
58,#2Q2Q0PG8Q,ᴘʜᴀʀᴀᴏʜ☬,0xffcb5aff,28000191,49910,59,LMSports
59,#2LGJV9YGP,squirreldrip,0xffff9727,28000136,49831,60,🍌™️
60,#2QG82Q9QL,xhoel,0xffffffff,28000341,49702,61,al.capone
61,#2898CRYC2,SEED ❤️,0xfff9c908,28000209,49504,62,😸Ｄａｎｋｓｉｔｏｓ😺
62,#22L2PVC,Domiitampo 𓃵,0xff4ddba2,28000136,49041,63,TTV Kingsebi26
63,#8009CJ0RL,Leenk,0xfff05637,28000314,48920,64,
64,#2UCPYC0JY,J.O.E.L,0xffcb5aff,28000349,48725,65,Serenity🍃
65,#L9C09RV8U,ReyForces1,0xffa2e3fe,28000176,48601,66,England
66,#P0GJRUV99,hot dog 🐕,0xfff05637,28000349,48576,67,the best 🌋🔥
67,#2V8CJQL8C,反對|Twintle❤️‍🔥,0xfff05637,28000228,48557,68,
68,#8R29PQRRJ,VelocityGaming2,0xffffffff,28000258,48498,69,や。ら
69,#882Q082RY,⛩️|inosuke64|🥀,0xff1ba5f5,28000292,48435,70,Ad Finem
70,#P0R02L0QQ,SpiderDude,0xfff05637,28000297,48390,71,Ad Finem
71,#QGUYY82,Ňø śťŕéśś,0xffa2e3fe,28000317,48239,72,Pipomiel
72,#98CV82CCL,Boss❣️Snowy,0xff1ba5f5,28000123,48219,73,IX Shield
73,#9CYCUQUU,Xoni❤️‍🔥,0xfff05637,28000023,48196,74,AFGM GENESIS
74,#Q09PUY9L,Faded Leon KK,0xffff9727,28000170,48175,75,CσɱҽBαƈƙ ✘
75,#9QULQUYQP,✨Matcha Stars💫,0xffff9727,28000259,48092,76,LockGang
76,#9PCVP00UU,Sⁿip𝕖ʀ❦,0xfff9775d,28000073,48029,77,DJ & CO
77,#8VJU0JJU9,『ϟ ͥRaͣeͫl 🪐』,0xff4ddba2,28000304,47888,78,Piff of England
78,#9Y88U8Y9,cakajas,0xffa8e132,28000156,47698,79,Brawl Best(ie)
79,#8GG2P2YLR,Kejdi,0xffa8e132,28000077,47691,80,
80,#2J8R0UJLJ,reus,0xfff05637,28000023,47420,81,Code RADICAL
81,#P9QYQP02Y,Ha ha ha I win,0xffa2e3fe,28000290,47411,82,Tayron team
82,#G2VYLJ89,twitch.tv/ArbBS,0xffcb5aff,28000318,47408,83,<c0>P</c>halanx
83,#209RL0Y9Q,Opaaa,0xfff05637,28000062,47336,84,Lay'dBackNation
84,#2YQJUY0VG,THR|Mâxsi🔥,0xffa2e3fe,28000315,47303,85,⚡Dragon⚡
85,#929JRYUV0,supersmash,0xffa2e3fe,28000031,47302,86,
86,#8YGLRJQ8G,SK|AHMAD...,0xfff9c908,28000272,47279,87,MARVEL
87,#99P9CY9Q2,😎/Best Bro,0xffcb5aff,28000332,47200,88,Old |Family
88,#9GU0LGCC,Llaqi,0xfff05637,28000164,47065,89,
89,#88Q28QJC2,seppli,0xffffce89,28000163,47043,90,God Players
90,#JPPJGGG,Dibron,0xffff9727,28000330,47021,91,ClubChallengers
91,#9JULVQJY2,☔M҉☢︎︎R҉T҉I҉S҉☔,0xff4ddba2,28000021,47000,92,SVG
92,#PQL99QLJV,|\/|Y$T£R! O,0xffa2e3fe,28000044,46991,93,愛｜30 Randoms｜愛
93,#2C2CCQV02,brandi,0xffcb5aff,28000182,46908,94,
94,#8CR9JPCV8,cute ☄Cσσρєя❄,0xffcb5aff,28000335,46866,95,Fırtına 🌪
95,#202UVJJCJ,NAPAPIJRI,0xff1ba5f5,28000197,46802,96,DOG stars
96,#8UJV9VC9Q,ksawery,0xff1ba5f5,28000289,46733,97,Steinharten
97,#RVG8UYUC,愛|ᴇʜx͛🥀,0xff1ba5f5,28000352,46655,98,Die OG‘s
98,#YPVJJV2PV,Leon.C,0xffcb5aff,28000169,46622,99,<c6>望RAVEN望</c>
99,#UPVUGYYR,Duarte ふーけー💘,0xffa2e3fe,28000003,46622,100,Galaxy Brawl🐉
100,#2RRUR9YPC,الاسطوي,0xffff9727,28000003,46622,101,THE KINGS
101,#2JV98PJGV,𝐍𝐀𝐉𝐃𝐈✰,0xfff9c908,28000349,46564,102,
102,#2CU22YV2G,NeknutiS,0xffff9727,28000064,46555,103,Starmino
103,#UJQPGJVR,Adni,0xffcb5aff,28000286,46439,104,
104,#88JGUYG2L,지후아빠,0xffcb5aff,28000129,46436,105,우리가족
105,#8LGCYJJQ,SHADOW,0xffff8afb,28000331,46421,106,The Trou
106,#9R2G9LCLR,Макс,0xff4ddba2,28000348,46181,107,Family II
107,#2QUCGUUU,『Đanny🤍¹³』,0xffcb5aff,28000137,46137,108,Bye🇦🇱
108,#2GCLR2208,SL|JÜRG3N07💎,0xff1ba5f5,28000161,46126,109,SL CLUB
109,#98P2GV0YC,羅| Aᴘᴏʟʟᴏ,0xffffffff,28000062,46057,110,
110,#PQ2PYJJC2,_Top4ikZeka _,0xffcb5aff,28000228,46055,111,
111,#R9LLJR2J,CM|Fly🖤,0xffa2e3fe,28000220,45941,112,Про Читер 42 2
112,#8QLLGLJY8,Seigetsu,0xffffce89,28000102,45922,113,BS
113,#QP0CU2G0,Aldi,0xfff05637,28000305,45888,114,❤L o v e❤
114,#PUJPUJJR9,Aldo,0xff1ba5f5,28000054,45862,115,Empire Suisse 5
115,#PYL88VCQ8,Extazʏ,0xff1ba5f5,28000023,45820,116,NON-STOP-ON-TOP
116,#JJR0QQPJ,RONI EL TORO,0xffff9727,28000167,45783,117,
117,#2R8PGRRUJ,☢☣victor☢☣,0xfff9c908,28000308,45765,118,Refúgio Brawl
118,#88JR08JRJ,ALB|Rebel,0xff1ba5f5,28000121,45759,119,Туман
119,#9GJQGU8VU,Leonel 🇦🇱🇦🇱,0xffffffff,28000072,45667,120,DEATH CITY
120,#L92RQ8GG9,Black_TNT-98,0xfff05637,28000176,45650,121,
121,#PCLVYVV2P,UNLUCKY,0xffffffff,28000019,45583,122,Albanian people
122,#P0GU99CVU,Rey the Legend,0xff1ba5f5,28000120,45509,123,
123,#GC9UP002,FRANCE 1,0xff4ddba2,28000173,45443,124,North Core
124,#9UY0VR2,⚡xXOrG!toXx⚡,0xff1ba5f5,28000349,45342,125,Ad Finem
125,#8PL2PGJ02,Lachkid,0xffcb5aff,28000349,45274,126,TEAM BATTISTA
126,#Y9RCL9V8G,☆DirtySoul☆,0xff4ddba2,28000228,45271,127,NerQ derim
127,#2GU0LVU8C,🌊|SK91~☠,0xfff05637,28000023,45232,128,ժҽαժ íղsíժҽ 💔
128,#PU9PYGQR,Brawl Power,0xffffffff,28000002,45119,129,ИМПЕРИЯ ГАЗОНА
129,#9LCC9Y8YU,[АК]АНТОН КОМ,0xffcb5aff,28000331,45073,130,Mobile Game
130,#9C2R9U80C,Leon,0xff4ddba2,28000346,45065,131,"О НЕТ, ТОПЫ"
131,#8JQ9992RG,AI8,0xff1ba5f5,28000156,45060,132,KFORCE
132,#8PQ9U22QC,❄LEOᵍᵒᵈ🔥,0xffcb5aff,28000305,45000,133,I CAMPIONI
133,#YR09PRLP,새봄,0xffa8e132,28000020,44966,134,인간 클럽 ㅇㅅㅇ
134,#2P0QGV8RJ,MTS|ENILSON,0xffffce89,28000347,44949,135,Starmino
135,#PVJCV0RUY,ICE |b0ss❄️,0xffff8afb,28000263,44886,136,GRD | Family
136,#UCY90L2J,原力|殺人刺客,0xff4ddba2,28000054,44845,137,just for o
137,#9PPY9C8L,$ ALE88 $,0xfff05637,28000170,44820,138,THE ŁÈGENDS🔥
138,#9P292YGLY,☢The☣killer,0xff4ddba2,28000218,44757,139,Lay'dBackNation
139,#GJ2PJU,❄️Arber❄️,0xffffffff,28000262,44729,140,Synergy
140,#PYLLQVCJU,複𝔐𝔞𝔯𝔨☔,0xffffffff,28000347,44670,141,𝙱𝚕𝚞𝚍'𝚜☁︎
141,#2PULQLV2Q,VG| Rapper®,0xffcb5aff,28000129,44651,142,Hørrat
142,#998Y022P0,Stiv┃ꐡ,0xffa2e3fe,28000141,44600,143,New Eden
143,#8L8RCLUJ,B12,0xff1ba5f5,28000305,44576,144,Club de Nico
144,#2UUJCLU2R,Dave,0xffcb5aff,28000211,44549,145,★DarkSecret★
145,#P29VRRYRC,S4》LEADER,0xff1ba5f5,28000156,44516,146,FautTartinerLa
146,#2CP902LU2,thatboiii,0xffff8afb,28000347,44514,147,Berry Clan
147,#PVCPRCQQC,LEON PRO,0xffcb5aff,28000156,44496,148,dis|PRO💚☠️☠️
148,#8L8G8UCQ,Albania Boy,0xfff05637,28000173,44463,149,
149,#8GRCRLJCP,GN,0xffcb5aff,28000175,44451,150,Black Council ⚘
150,#9QJCL99JY,GX ene,0xffa2e3fe,28000288,44442,151,
151,#8VRUPRQ2,⚔️Andres_Grc⚔️,0xffcb5aff,28000331,44412,152,Blitzkrieg II
152,#9CJRP2092,ointel26,0xffa2e3fe,28000156,44401,153,Greek Master v2
153,#LU2G8U,Jeton,0xff1ba5f5,28000033,44364,154,BulgarianR
154,#P8J2888RJ,XhoelTwich,0xfff05637,28000290,44349,155,Zero Gravity
155,#8P2GLV2Y9,Snicky,0xffff9727,28000139,44318,156,German
156,#92YRL8GG2,Somedieyoung,0xffff9727,28000225,44315,157,
157,#8CQQ0LU9Y,King of Kings,0xfff9c908,28000091,44313,158,lgllg
158,#8G89G288V,TTM|DARCY,0xffa2e3fe,28000140,44299,159,♂️Ukraine GYM♂️
159,#2YUJ99GYJ,JOSELUIS,0xff1ba5f5,28000148,44280,160,Legend2122
160,#892V0PR90,Aurel,0xffcb5aff,28000026,44229,161,Crow proo
161,#2Q2JGU98R,〆|ζ͜ƦʙʟƦεɨʂ⸙〆|ζ,0xff4ddba2,28000305,44208,162,shock👻
162,#2J92VV0L0,MA I FORTI,0xff4ddba2,28000004,44192,163,Dragon Team
163,#20YQYPC0P,Боец,0xffffffff,28000046,44180,164,
164,#PY88YVJ0Y,Veri,0xff1ba5f5,28000016,44107,165,Seaside
165,#PRCQ9PR9,eric el ganador,0xfff05637,28000023,44103,166,TeamNocturno
166,#22GJV2P8V,NOLI IS BACK,0xffa2e3fe,28000253,44005,167,
167,#8YY882UR0,Shlomi king,0xffa2e3fe,28000207,43983,168,Golden Boost
168,#P8L8LQ2C2,EAGLE +,0xfff9c908,28000141,43980,169,RaptorJays
169,#2888U89YY,_dvs._.gabrix_,0xfff9c908,28000129,43920,170,Albanian people
170,#QRCU9CYV,🇦🇱Ariksi🇦🇱,0xffff9727,28000320,43895,171,Delightful
171,#8C0J8C9RP,⛩|Rafa64🌶🇦🇱,0xffff9727,28000061,43873,172,AFGMela Mini
172,#Y9JG2J8V,👑HansTheBest👑,0xffffce89,28000319,43857,173,Top Espanya
173,#Y8G0V00P8,🍃Firmocas🍃,0xff4ddba2,28000352,43856,174,lagendarys😎
174,#8V0V9LGRR,🦅║Beͦrⷬtin ᴬᴸᴮ,0xffffce89,28000290,43789,175,Animals ❤️‍🔥
175,#PQ08YYQJ2,Broken Boy💔,0xff1ba5f5,28000300,43757,176,La Dynastie
176,#82RC8PJ00,WZR|Cønst🍉,0xfff9c908,28000046,43742,177,PG|Legacy
177,#99LRURY2J,𝕲𝖎𝖔𝖛𝖆🇦🇱,0xffff9727,28000352,43729,178,Exotic|Cłūß🌴
178,#9PUJLCY9P,우리집은짜장면집단,0xffa2e3fe,28000033,43707,179,프츠
179,#2G2PY0V0Y,ジャッキー,0xfff9c908,28000049,43701,180,あいうえお
180,#P8U0UQ2GQ,Fireman_yt,0xffff8afb,28000220,43643,181,Dynasty Legendz
181,#YPCG8Y9C,ЛИСЕНОК,0xffa2e3fe,28000042,43625,182,Gubka Bob
182,#PV8U9VLQ0,PRO100VOR,0xff4ddba2,28000206,43585,183,-星极1-
183,#80PQCGC2U,Хакер Іванович,0xff4ddba2,28000320,43574,184,❄️TEAM ❄️ICE❄️
184,#9YRCLVLYV,IV | Mr_Shy,0xff1ba5f5,28000010,43566,185,
185,#2VL8LYVJ,ALB|python,0xfff9c908,28000330,43519,186,"I BOMBER 2,5"
186,#8LLU0V8P2,😈SASUKE EDGAR,0xff1ba5f5,28000304,43512,187,naruto mir
187,#90VP8QLRU,AQM|Mr_LeAmin,0xff1ba5f5,28000345,43482,188,
188,#P2L2CLP29,the meh gamer 9,0xffa8e132,28000305,43466,189,
189,#2JLR92QQ2,MT|JØKER™,0xff1ba5f5,28000298,43445,190,🇰🇷대한민국/korea
190,#9002JUY29,toniks;,0xffcb5aff,28000203,43431,191,
191,#PURRGG888,¥azz₩♧,0xffff9727,28000305,43423,192,Blaze
192,#P9RCYUCLP,like,0xfff05637,28000256,43412,193,Papucausas
193,#YRLUL8QC,Yeet>.<,0xffffffff,28000000,43397,194,
194,#8PRYU2Y98,TTV|§ŅĒĂĶ ĞÀß,0xffa2e3fe,28000352,43354,195,Gango1
195,#828Q22CVJ,Dany,0xffcb5aff,28000222,43241,196,Babushka
196,#80J29Q0GG,«GLEDIO»,0xffa2e3fe,28000305,43222,197,Big House
197,#8QGJ98P2R,EMOJIW@Y 758,0xffa2e3fe,28000305,43200,198,LetsClekit
198,#QQR8QQLC,Nona💸,0xff4ddba2,28000000,43187,199,
199,#9GQP8GUUG,Tɪᴍᴇʟᴇss🐣ᴅᴇᴀᴅ,0xffcb5aff,28000095,43176,200,Wintrade Moment
