,tag,name,nameColor,icon,trophies,rank,club
0,#2PCV8VVC,🔥Pat🔥,0xff1ba5f5,28000004,59243,1,💠Golden|Fire🔥
1,#80P8YY2JU,Juan,0xffffffff,28000139,57151,2,Spain 🇪🇸
2,#9G089YGLP,QLS|CrowYT,0xffff9727,28000020,56752,3,Fake ⛏️
3,#QP08RCRC,🥋SXM|ˢʸᴺᴬ⛩,0xffcb5aff,28000213,56085,4,🥋SXM🥢
4,#8JUL8J2UG,malo49,0xffcb5aff,28000156,53863,5,Ramzes
5,#PLRG8YR9J,zBatataFrita🐾,0xff4ddba2,28000140,53307,6,Lusa Club
6,#8JPGJJ2G2,഻഻഻,0xffffffff,28000194,53025,7,티바트
7,#92VR2QL8,SD|🍪PoN4itO🤍,0xffcb5aff,28000018,52955,8,дворовая лига
8,#2GUUG9PJ,💫ɮʀǟVɛ ℒ愛莉森❤,0xff1ba5f5,28000247,52504,9,春暉之思
9,#280QGJP9J,Oscar,0xffff9727,28000314,52328,10,LIHKG
10,#2L98JQV2,Ericks44,0xfff05637,28000294,52289,11,Dark Matter
11,#UY8JG88R,LEYLA,0xffffce89,28000305,51975,12,DOLU CLAP
12,#982R809J,SaoIsLife,0xffa8e132,28000136,51533,13,Frostfall
13,#9VRG288P9,nxghtmare0day🩸,0xffcb5aff,28000017,51279,14,
14,#YCL08LCPQ,NaVi|MMA,0xffff9727,28000129,51063,15,Котики😻😸🫶
15,#2RLRQUV8Q,Token,0xffff9727,28000305,50687,16,Noob Gang
16,#GQJ92J,Nick,0xffff8afb,28000317,50662,17,hardmoon team
17,#PUCL9G2Q0,SPROUT,0xffcb5aff,28000335,50644,18,Alpha Team – AT
18,#P9GJU2RQQ,JV NÒÓB,0xffcb5aff,28000095,50341,19,Adultos Stars
19,#2YP90QR0L,Sё,0xff4ddba2,28000073,49946,20,S-Class
20,#29GRUGU00,hio!!,0xffa8e132,28000312,49932,21,ぼっち
21,#JVLJLVV9,怒りLewzess♡,0xffffffff,28000135,49760,22,F/L?💔
22,#8P00UGRCP,%aAudi-Black,0xff1ba5f5,28000156,49280,23,God Players
23,#88YGVV898,UKR ШЛЕПА🇺🇦,0xfff05637,28000023,48800,24,TheLegends
24,#PJYYY0PG,⸕⸕ＬＯＶＥᵧₒᵤ ⸔⸔,0xff4ddba2,28000341,48327,25,version
25,#2LPQ0JUJ8,топчик,0xffa2e3fe,28000300,48011,26,Euphoria💋
26,#2PVQU0QJC,ダイナマソコ,0xff4ddba2,28000259,47618,27,SoldianArmin⚡⚔
27,#80RYP0CUU,Ivonelo,0xffcb5aff,28000077,47259,28,Dora❤️Lovers
28,#8VJPJPRL,jes0316,0xff1ba5f5,28000345,46942,29,SQUAD MANCO
29,#P9VL8G092,HNK|Kīłər Manø,0xfff9c908,28000262,46935,30,KSA|Carven✨
30,#RG0YJJLG,Santi,0xfff05637,28000294,46925,31,Popo Poco Loco
31,#Q9JPY92YQ,チャウチャウ,0xff1ba5f5,28000168,46867,32,チャウチャウ組
32,#92PJ9GLPR,ss,0xffa2e3fe,28000156,46521,33,BlackLight#2
33,#29YQL988C,王王(≧ω≦)/愛莉森❣️,0xff1ba5f5,28000023,46413,34,春暉之思
34,#8C9UC90QG,runorabor850,0xff4ddba2,28000016,46380,35,No1Runo
35,#YYLC0G0UL,Šimix,0xffffffff,28000135,46355,36,<c7>Lemons</c>ツ
36,#LLR0YYPG,KG|Example,0xfff9c908,28000242,46270,37,Wintrade Moment
37,#80V90UPGQ,FIXY_Bboy,0xff1ba5f5,28000348,46264,38,FIXY
38,#8R9P2U829,leonard@ stars,0xffff9727,28000267,45976,39,Clube Dos pudim
39,#YC8URRRCV,機|NEEDLE✰,0xffffffff,28000087,45813,40,PL e-sports
40,#GCUVVCY9,Mega pró master,0xfff05637,28000243,45461,41,Tiro Torto
41,#90J9LP9LP,抽~抽~抽Go！,0xffa2e3fe,28000290,45302,42,荒野亂鬥！
42,#GP2P0JV,L@ ¢h€√π€,0xffffffff,28000229,45300,43,Valhalla
43,#L8CY9Q22,⚔️EL PRIMO⚔️,0xfff05637,28000023,45119,44,Regno di brawl
44,#2QYVCRJ89,⚡ŞÏMŞËĶ⚡,0xfff9c908,28000132,45020,45,Old Wounds
45,#P99UCLVL8,🔥KS|PABLOZ🔥,0xffff9727,28000273,45005,46,
46,#9L08JR08U,🦊Lucu4ku🦊,0xffffffff,28000078,44925,47,
47,#2PPUCQCGL,Zlata😼,0xffcb5aff,28000349,44861,48,Horologiom
48,#P02PLPCCP,Владюшик,0xffcb5aff,28000293,44812,49,lemon
49,#8G82PC998,♡ArLEKiN♡,0xffa8e132,28000170,44624,50,Пасаны
50,#8UCYV20LR,4.20 LeoGm|,0xffffffff,28000003,44624,51,🐬ice Moon🐬
51,#YYVUJL228,звёздочка,0xffa2e3fe,28000156,44577,52,LegenD of GoD
52,#8RCRU2YJV,킹파더,0xffcb5aff,28000005,44534,53,
53,#Q9P9GLCU8,Боец,0xfff9c908,28000132,44485,54,дай леги хромы
54,#V8RVJP2L,DR.Bang.Bang,0xffff9727,28000273,44484,55,TLO
55,#9PLUC9JC0,отчим отчима,0xff1ba5f5,28000297,44463,56,ПЛОВТВОДОТ
56,#9PQ082,『ABO』Riyad,0xffff9727,28000272,44446,57,
57,#PRQQCYLVV,배일호,0xffffffff,28000078,44444,58,칠금
58,#9CCLVPQGC,QLS |RitterWØLF,0xffffffff,28000317,44355,59,ᵖᵉᵃᶜᵉ ᵒᶠ ᵐⁱⁿᵈ🫀
59,#90JP0QCC0,Hyra Hero,0xffffffff,28000003,44345,60,
60,#PLJLRG29R,Боец,0xffffffff,28000151,44231,61,короли мини-игр
61,#YGY0YVG0Q,🌩⚡ВОЛЬФРАМ ⚡🌩,0xffa2e3fe,28000245,44173,62,Manshion 💕
62,#9VG8QGUG8,🎃🌟Gady_GG🌟🎥,0xffffffff,28000299,44034,63,los diablos 😈☀
63,#P80UQJLLL,я Dayn по жизни,0xff1ba5f5,28000253,44016,64,Boxing Team
64,#CL2P02J,𝕽¥4𝖓_𝖒𝖘,0xffffffff,28000125,43940,65,KVV®|SPORT
65,#2YJR2CCVG,Scraggy,0xfff05637,28000023,43854,66,Blade of God
66,#LYULYCLGP,Windows 95,0xffcb5aff,28000224,43807,67,
67,#9G08Y8PGQ,ITASHI,0xffcb5aff,28000175,43540,68,Fire Dragons
68,#LPYCLVGLQ,やさしいくらげは天使だぅ,0xfff05637,28000175,43475,69,
69,#99LUY09U,TRIPIE[RED],0xfff05637,28000275,43437,70,Mosqueda team
70,#2JLLRUP20,nico,0xff1ba5f5,28000037,43339,71,moncadenses
71,#LGCP92LPJ,goku,0xffffffff,28000134,43247,72,DanoninhoGrosso
72,#LU9LG8R98,KTS|fataliste👍,0xffff9727,28000140,43190,73,KTS|Kutasiarz
73,#9PPQYVLCG,Спайк,0xffa8e132,28000349,43114,74,DeMorgan
74,#P2P0Y8J8R,А4,0xfff9c908,28000156,43023,75,Band O Brothers
75,#2P2YPYPRL,jocker013,0xff4ddba2,28000019,43011,76,дворец
76,#89JCGCJYU,deivide-dumal,0xfff9c908,28000231,42928,77,God Players🏆
77,#2L29U0PLC,Maxim😁,0xffcb5aff,28000349,42898,78,🍉PestkiArbuza
78,#G8UQJUY8,Lp go,0xffcb5aff,28000330,42882,79,Turbo Elite
79,#P22890VLV,wiza,0xffcb5aff,28000094,42800,80,pxxr team
80,#8LRL8JLU9,9487瑋瑋,0xffa2e3fe,28000207,42757,81,我好大
81,#Q00GVJP,GOD|🍼BRIDONE🍼,0xff1ba5f5,28000170,42740,82,
82,#G8YRRRPL,✨xCepheid✨,0xffff9727,28000333,42642,83,The Brawlers
83,#YPQYYLU2R,➹𝖂𝕰𝕯|ᴳᴬᴮʸʸ🐬,0xffffffff,28000054,42579,84,Romanii😎
84,#YRQCVJRY8,balele666,0xfff05637,28000262,42436,85,PLANET EARTH
85,#2URUU90P,tt:peshenka,0xffffffff,28000332,42388,86,Kaktusy są Cool
86,#8GQQR09Y9,천하무적,0xff1ba5f5,28000158,42362,87,아나바다
87,#CY0GYVPY,🌪️|hellw1ng|🪐,0xff1ba5f5,28000168,42334,88,
88,#20GV2P899,🇧🇦kingbosanac,0xffa2e3fe,28000317,42277,89,B. B
89,#PQC82L88P,D-bone,0xff1ba5f5,28000276,42269,90,F4KE T4XI
90,#PJ0RG0PC0,leon,0xffcb5aff,28000335,42181,91,A FEW GOLD MAN
91,#8GUPPLCJJ,❤️🧡💛💚💙💜❤️,0xffcb5aff,28000228,42145,92,Pharm Tree
92,#PQYCVJ9Q8,Death|Anubis,0xffa2e3fe,28000139,42093,93,CGS
93,#YJ2CPCQCV,Munet,0xffff8afb,28000111,42069,94,EternityCry ✨ 2
94,#929L8JJC0,殺手細胞(⁠*⁠´⁠ω⁠｀⁠*,0xffa8e132,28000207,41959,95,
95,#PU9UUYPLY,msj,0xff4ddba2,28000140,41953,96,HIMAL
96,#8Y8RYRU9U,nonsense,0xff1ba5f5,28000206,41945,97,HYDRA'S REALM
97,#8VLC090P9,(Блет)Убийца,0xfff9c908,28000226,41929,98,
98,#2028GPC9C,CAKEboy,0xfff9c908,28000061,41873,99,
99,#V0LP0Y9Y,Aaron abel,0xfff9c908,28000349,41842,100,Kukavice
100,#RGQVJRJL,Аска,0xfff9c908,28000099,41834,101,помидорыч
101,#89QU0CLVJ,Человечек YT,0xfff9c908,28000124,41800,102,<c0>Saint</c>🥀
102,#LQUQGVC8G,Ninja,0xffa2e3fe,28000332,41779,103,
103,#8PYPY2YGV,дизлайк=нуб,0xff1ba5f5,28000175,41771,104,No t🦠xic ppl🖤
104,#2YVU9G8LR,쥐도리,0xffcb5aff,28000255,41736,105,용가리네 가족
105,#208RP8JYL,현우[hyeon woo],0xffa2e3fe,28000150,41637,106,냉삼이 맛있다!
106,#Y9PLP8RVJ,AQM|Leozin,0xffcb5aff,28000347,41577,107,Fortress br
107,#YCPRVYJ9,Aero,0xfff9c908,28000132,41510,108,FISH
108,#PVG2GGGYQ,AKT|TOBI_,0xffffffff,28000203,41466,109,L I M B O
109,#L2Y2PQ80,SAS_Berga,0xfff9c908,28000123,41424,110,
110,#PYVU0CLPJ,wanna milk?,0xffffce89,28000076,41363,111,<c2>ARUKU</c>
111,#YRPCLYY2L,holdik top,0xffa2e3fe,28000176,41357,112,BD|ViperzZ
112,#YUG22CL8,따시뚱시,0xff4ddba2,28000081,41307,113,한국KOREA🇰🇷🇰🇷
113,#P0LRCRPQC,ні плачь baby🍼,0xffffffff,28000003,41257,114,
114,#GG0LJ2V2,ㅇㅇㅅ,0xff1ba5f5,28000015,41171,115,아빠만 들어오셈(ㅇㅇㅅ)
115,#2QR2QY0Q2,Małpa,0xfff9c908,28000332,41134,116,PRECELKI TEAM
116,#L08YJ0YVC,adamok,0xffa8e132,28000260,41070,117,DELTACOS
117,#2CUL98QYU,Sâđ_Vîłłâğè🥀,0xffcb5aff,28000140,41051,118,EQ|GO🐣🇺🇳
118,#200QG8Y8G,이름없음,0xff1ba5f5,28000335,41044,119,먹께비12345678910
119,#280GQGLPQ,Перемога,0xffff8afb,28000182,41033,120,Engels
120,#GLQQUYJP,✓✓✓✓,0xfff05637,28000060,41012,121,ХХХ1
121,#8JU2CLLJY,AA|⛩|Arda64🎋,0xff4ddba2,28000156,41002,122,akif3121
122,#8PRLUL0GR,Monk3y-,0xffa2e3fe,28000284,40930,123,deja vu
123,#PGLU92G00,Papas Fritas😅,0xffffffff,28000271,40840,124,rayos⚡️
124,#9G9L80CGJ,Æ|Sqwore💔,0xfff05637,28000335,40820,125,
125,#82Q8RP0JR,€ool €at,0xffcb5aff,28000300,40799,126,SNU
126,#PYV0VJP9Q,北部北部,0xff1ba5f5,28000221,40760,127,楓小子
127,#900R92LU8,乇ム尺əﾉﾶø刀ｲ |,0xffcb5aff,28000132,40747,128,
128,#9J9PU2G9P,juniorpeciet,0xffa2e3fe,28000168,40724,129,gryfonik
129,#PGGCJUP2L,말랑이,0xffa2e3fe,28000233,40722,130,우리 민족 하나
130,#9GR8VPVQY,DARK_CHOI,0xffa8e132,28000305,40668,131,Mystic Galaxy
131,#28GQ8PY2G,RuBBish🤡,0xffffffff,28000156,40653,132,Grieving Butche
132,#8Y2QPLQPU,GG|Fativ😈🖤,0xff1ba5f5,28000132,40587,133,Goat Team🐐
133,#8990RY9L8,GPW |Arzog♡,0xffcb5aff,28000294,40394,134,TIK TOK lion4ik
134,#9R8C9Q0P0,Gon💚,0xff4ddba2,28000332,40363,135,God<c0>Gale</c>
135,#PJLU0P2Q9,Mangito duro :v,0xffa8e132,28000317,40326,136,Los Insanos 👻
136,#2RYLR0VRV,Digo,0xff1ba5f5,28000271,40318,137,Sardinha Games
137,#2YY8QYYCJ,被暗戀對象退追的蘋果西打,0xffff8afb,28000182,40191,138,U.T.Dynasty
138,#LL8RQYQY,*(N@gato)*,0xffcb5aff,28000301,40175,139,PM|NICKS
139,#2JP2VC0G2,죽어,0xffcb5aff,28000233,39969,140,우리들만의클럽
140,#P98J0PGY2,_spike_084,0xfff9c908,28000176,39949,141,
141,#9UJJL29G0,Cralus,0xff1ba5f5,28000285,39916,142,GRT CLÃ
142,#29C29UV8G,💫𝐒𝐭𝐚𝐫|별⁺˚⋆,0xffa2e3fe,28000170,39903,143,들어오세요
143,#8PLRQPLVL,sajad.k._.78,0xfff9c908,28000130,39804,144,Tops Team
144,#PCC0VLCPL,(っ◔◡◔)っ ❤️アレックス,0xffa8e132,28000288,39773,145,blox fruit
145,#P2J0VG2VL,P2 Asesinos😎😎,0xfff05637,28000305,39706,146,INFANTIL A
146,#2CLYGC2L,NIEPOKONANY,0xff1ba5f5,28000123,39697,147,Belgium E-Sport
147,#8Q8GVGJP,Tybutt,0xfff9c908,28000349,39678,148,The Terrorists
148,#20JY0GU9L,KP|I LOVE JANET,0xffa2e3fe,28000217,39666,149,감자농장
149,#898YQYPJY,BY| KEN,0xffa2e3fe,28000024,39600,150,БравыеБравлы
150,#8RJUCGRPV,saqurasa_ilGera,0xfff9c908,28000314,39595,151,
151,#28Q2LUGPV,JTIGER,0xff1ba5f5,28000073,39579,152,팽귄
152,#LYRRCUV99,RENATO 879,0xff4ddba2,28000333,39551,153,Comando BR
153,#LL0CJYYLR,mz pro giuse,0xff1ba5f5,28000249,39539,154,E..S
154,#92LPVLGYV,🤡[БУХОЙ] амлет,0xffcb5aff,28000305,39538,155,GUARDA CHE LUNA
155,#9QQCCUGVP,https_enot,0xfff9c908,28000228,39469,156,Kokosky
156,#2Q2LCPVR9,supercel,0xffffffff,28000205,39443,157,Singapore
157,#9PPYGYGQV,ПОВАР{ⓁⓄⓁ}(◣_◢),0xffa2e3fe,28000229,39412,158,
158,#8P9J09YJ2,Leon men,0xff1ba5f5,28000056,39322,159,h¥dro™
159,#8LUGPL2UQ,YEI|Darkside,0xff1ba5f5,28000170,39227,160,
160,#VU20QC98,Nygma,0xfff9775d,28000140,39213,161,Ma4ors
161,#VLPQLQQP,지호천재,0xfff05637,28000185,39206,162,
162,#20VQLRGV0,|jih,0xfff05637,28000352,39129,163,브브브
163,#PRPLJCPUL,sx matrx,0xff4ddba2,28000129,39119,164,6B
164,#8CPP29UCC,бро Тимур,0xfff05637,28000207,39085,165,Royal Stars 04
165,#2GJP2C00U,Xander,0xffcb5aff,28000196,39054,166,All stars ⭐️
166,#899UURR9L,крутышка захар,0xffcb5aff,28000014,39021,167,BS|GAMING KZ
167,#JJVVVV2,slava pro$$$,0xff1ba5f5,28000322,38979,168,💀W💀
168,#LVQYCGV0P,свободу черным,0xff1ba5f5,28000005,38963,169,
169,#P8QCY2L09,쩡우,0xffffffff,28000333,38958,170,아름다운 나날들
170,#PR90C8GRR,[Бан] никита,0xffcb5aff,28000023,38926,171,Legends Team
171,#9L0QVR0CR,CARLIM,0xff4ddba2,28000005,38923,172,
172,#PGGYQPLVJ,pegaso319🇪🇦,0xff1ba5f5,28000064,38877,173,EMPRESARIOS ESP
173,#8RLU2G9QG,André numero 1,0xffcb5aff,28000291,38859,174,
174,#2C9CUGQY0,블랙,0xfff05637,28000279,38849,175,근짱클럽
175,#828PCY0PY,ㅁㅁ,0xff1ba5f5,28000271,38841,176,박스
176,#PRGLG200R,toksyn 123,0xffcb5aff,28000293,38833,177,Team El3czka
177,#GVULLRUL,calle6630,0xffa8e132,28000347,38799,178,Team Peque uwu
178,#99RJJYLUU,⚡ Mac Dark TV ⚡,0xfff9c908,28000061,38786,179,SALOMON TEAM
179,#9C0C9L2CR,AzP | Ars1k🥀,0xfff9c908,28000335,38702,180,🦈Endline🦈
180,#QU89JPQG,макс,0xffffffff,28000009,38672,181,элмор
181,#PP9UGLYL,Peter🐣シ,0xffa2e3fe,28000037,38642,182,Pizza Con Piña
182,#R9QPJ9Q,Pastor Alemão,0xffffffff,28000156,38619,183,Sentinellas BR
183,#2Q99GGJP9,모찌,0xffa2e3fe,28000293,38557,184,바닷가
184,#2YYC90GLU,Anikilo YT,0xff1ba5f5,28000341,38542,185,arg|™
185,#8RUU29L9L,jan le toxique,0xffcb5aff,28000138,38540,186,les frenchs
186,#88V0PY9CV,Saschka,0xff1ba5f5,28000280,38480,187,ГАНСКСТЕР_PABLO
187,#2PYGURGQG,쏘온2,0xffff8afb,28000150,38450,188,
188,#2C2RJRU8Q,🍕(Pizza best),0xffa8e132,28000228,38400,189,
189,#20VY0CPQQ,Messi,0xffff9727,28000164,38393,190,brawl Rayan
190,#RGRPGQPU,MB mix,0xffcb5aff,28000272,38391,191,Tanoshi Gaming
191,#PRCJUL9CU,Corvo hd,0xffcb5aff,28000274,38369,192,
192,#G2CURLQ2,JOOTAAA,0xfff9c908,28000302,38367,193,<c9>Raid</c>
193,#8UPRY2JR8,bum,0xffa8e132,28000229,38360,194,prolar gelsin
194,#JP2LGLQU,Jeremias,0xfff05637,28000023,38349,195,zamix
195,#PQLPPLQJJ,거지의,0xfff9775d,28000032,38333,196,+제단
196,#208YPLQP9,Marco :D,0xffcb5aff,28000262,38300,197,
197,#8YU0RYRJ8,EFSANE GÜRSOY,0xfff9c908,28000207,38291,198,Efso Eren
198,#2L08YY0LG,тяунαя∂ᵍᵒᵒᵈ❦︎シ︎,0xffcb5aff,28000335,38263,199,Tundra
199,#YV0208LC9,⛩Rzm64🎋,0xfff05637,28000207,38197,200,Conquerors
