,tag,name,nameColor,icon,trophies,rank,club
0,#YYC2CURQ,QPP|Mortiso4ka⚔,0xff4ddba2,28000136,59556,1,FREEDOM
1,#LCGL9VGCQ,محمود,0xffcb5aff,28000297,53955,2,غزة العزة
2,#GQJP0G8Q,M.F | Skyᵉªᶢˡᵉ,0xffa2e3fe,28000330,53399,3,inspirit
3,#8U99RR9LV,[Navi]Jason,0xffff8afb,28000332,52282,4,
4,#9QUV0299R,『Imadᴷⁱˡˡᵧₒᵤシ』,0xffff9727,28000171,51930,5,GermanDucks
5,#P228LJ8QU,я не читер,0xffa2e3fe,28000023,50977,6,Gonmat):
6,#98QQ9Q28R,ТАЩЕР230407,0xffcb5aff,28000132,50281,7,Empire of Robot
7,#JGULRL2Y,RuRu,0xffff9727,28000139,49568,8,Mumei Brawl YT
8,#92VR2GPJP,damik,0xffa8e132,28000341,49464,9,🌵Kaktusiki🌵
9,#8CR9QY0U0,Dio Brando,0xffffffff,28000175,49241,10,LINE
10,#C2JCRGP0,$Eldar$,0xffa8e132,28000226,48880,11,TEEN TITANS
11,#LU9JLP0YP,RZM | 64🌶️,0xffcb5aff,28000274,48627,12,FREEDOM
12,#2PJGJYLUC,ᴵᵗˢǤÙƵƵƔᴳᵒᵈツ⚡,0xfff9c908,28000077,48539,13,les flopeurs
13,#8UVU82GY9,[ODN] MrStarPro,0xffffffff,28000132,48511,14,UA*Kalush
14,#VYPJ8GJP,Twisti,0xffffffff,28000333,48045,15,LORD TEAM
15,#YJY2JQ0PL,♤•Yas¡n•♤,0xff1ba5f5,28000331,47603,16,BÖRTEÇİNE(+25 )
16,#PU0PPJP0L,B2B|joshua4001,0xffffffff,28000139,47053,17,Wolverines
17,#GLCJ0G8Q,x.c.v,0xffff8afb,28000288,46795,18,김친인
18,#29VRUGR0Q,bra🥀,0xffcb5aff,28000335,46585,19,schnelle tiere
19,#9YP9VV9GG,It's KameGane™,0xffffffff,28000332,46376,20,🎃 OP|Cʅαɳ 🎃
20,#202CYJC9C,БОТ_3,0xffa2e3fe,28000173,46053,21,Фаза
21,#YVQY9CGP0,шлёпа,0xff4ddba2,28000281,45998,22,клевир🍀
22,#GGR8VL2J,샤크찡,0xffffce89,28000347,45940,23,깐부
23,#YJUGLVVQG,ZETA|Tudor|FNC,0xff1ba5f5,28000014,45906,24,RO|FAMILY ²⁸
24,#9QQLCJPJR,Котяра,0xffffffff,28000282,45801,25,
25,#2Q882RY2,juiompolp,0xffff9727,28000090,45789,26,Reddit Hotel
26,#8G9PPJPPV,Hex❦,0xffff9727,28000256,45745,27,غزة العزة
27,#8QU89VYGJ,Zgiń🐮,0xffffffff,28000207,45669,28,<c5>LGL🔮</c>
28,#YL8R8CPRC,👑king pablo👑,0xff1ba5f5,28000294,45610,29,DEMONandANGEL😈
29,#Y98QLQPRY,scorbuny,0xff1ba5f5,28000225,45499,30,new netherlands
30,#920YYU90,herobrine plays,0xffa2e3fe,28000272,45488,31,OS MAXIMIZADOS
31,#9Y8PU8YRL,zt|rezxkxll,0xffcb5aff,28000139,45475,32,Larient Aglagor
32,#9YQG0R0LR,☢️CRASH☣️😎,0xff1ba5f5,28000196,45405,33,Los limashino
33,#QY2L2YJY,𝐵𝓁𝒾𝓃𝓀👑🖤,0xffa2e3fe,28000348,45320,34,꧁༻ Jäger ༺꧂
34,#QLG29CQV,업템포,0xffff9727,28000271,45121,35,브롤게임팀
35,#G8G0U8LG,💢|𝐋𝐨𝐫𝐢⚡,0xffffffff,28000333,45060,36,cv7music's hub
36,#PGRCJ8P09,TP|Elweo777,0xffff8afb,28000330,44700,37,💕🥀STARSSPACE☔
37,#PUGJYYJV8,(LORD) ÖZGÜR,0xffffffff,28000010,44663,38,Lonely Wolf
38,#PV8QCQG0U,LNL|novanick❦,0xff1ba5f5,28000167,44615,39,PRO GUIZ
39,#22RRU8LU2,〤adriaи?🤍た炎え,0xfff9c908,28000219,44489,40,Carry army
40,#CYGJ9UYG,QLS|ElPepeYT,0xfff05637,28000310,44420,41,Number 13
41,#8CV9UCLQJ,❄️IceMortis❄️☃️,0xffa2e3fe,28000175,44413,42,Dear Nostalgics
42,#8LJPUYUR8,☆♡☆빨간도깨비☆♡☆,0xffff8afb,28000078,44412,43,클럽 없음
43,#Q9R8UJ,💜MyferSye,0xff1ba5f5,28000272,43867,44,Skiddo Ganga
44,#9PJQYVPU2,contraseña,0xffa8e132,28000249,43828,45,👑THE PAPUS👑
45,#VVUQYQLR,WINERS,0xffa2e3fe,28000163,43825,46,ДЫАНА
46,#JCRUR2QV,Боец,0xff1ba5f5,28000305,43690,47,all yours🍂
47,#YU0YPLYPQ,Louis♥️Alina,0xffff8afb,28000204,43526,48,BeMoreFantastic
48,#8J8J2LQ2G,S.U.R.G.E,0xffa2e3fe,28000286,43461,49,Akatsushi 🍣🍜
49,#PLPVQYL0Y,SanLaren❤️‍🔥,0xfff9c908,28000274,43329,50,
50,#989Y02JRR,BS |Toptic 🇺🇦,0xffcb5aff,28000222,43203,51,
51,#QYVP0P2,Xxd3pyxX,0xffa8e132,28000290,43169,52,QLASH Italy 6
52,#PPPRRCVVV,Emer_Emz,0xffa8e132,28000254,42750,53,Les Mimis
53,#L9G9GJU2R,Ultemeeed,0xffff8afb,28000187,42741,54,META
54,#99JCQC8JY,Playmax ŁP,0xfff05637,28000038,42528,55,GameprofiArmy
55,#2G8QP0G02,sio,0xfff9c908,28000308,42527,56,ASTRON Unity
56,#92UR98QU0,LIPS,0xffcb5aff,28000022,42428,57,OG|Squad
57,#2UURJP9G,GLEN47,0xfff9c908,28000118,42300,58,Singularity
58,#8U8Y889YR,3.14 Dor,0xffcb5aff,28000220,42254,59,
59,#98LVR8JJ2,🖤YT|SeenPlay🖤,0xffcb5aff,28000175,42249,60,A Few Gold Men
60,#PVQU9Y0RJ,kevin,0xff1ba5f5,28000156,42203,61,老司雞
61,#8PCJC09RU,☘A☘N☘A☘S☘,0xffa2e3fe,28000335,42159,62,
62,#2UP0LCL90,꧁ℭ℟Åℤ¥Kiͥllͣeͫℝ,0xffcb5aff,28000020,42052,63,Brawl Guardians
63,#8002GQGJ0,Lᴜғғʏ❤️Sᴀᴋᴜʀᴀ,0xffcb5aff,28000335,42048,64,
64,#9L8Q9PJUG,XT |Rodrygo🥀,0xffcb5aff,28000293,42016,65,Gang Rodryga
65,#9J0GV0YQ9,愛鬼|Shikama💘,0xffa2e3fe,28000182,41888,66,Gramila
66,#Y02QY0LVR,愛|Shinoa💘,0xffffffff,28000242,41844,67,XLR|Esports
67,#809RVRP2Q,QLS Pablovgx,0xffcb5aff,28000196,41842,68,España
68,#U8GUCGVR,wewe gamer YT,0xff1ba5f5,28000152,41811,69,les brogamers
69,#8R2UP82L9,DmitryLendel,0xfff05637,28000034,41724,70,Smart
70,#Y0L0CLULL,GX_MASTRO_KH,0xff4ddba2,28000260,41535,71,ゆるやか空間
71,#9G0R08L92,🇺🇾| Huri ™ シ,0xffcb5aff,28000154,41460,72,pasharingas_no
72,#C9CR0GJ,attract light,0xff1ba5f5,28000153,41448,73,
73,#9JUVY2UQG,_Alhimik_,0xff4ddba2,28000330,41433,74,Sever_2
74,#9P9Q98RC9,tst_alex,0xfff05637,28000332,41294,75,Higuerafachara
75,#PLLJCP0PQ,Javi69,0xffcb5aff,28000333,41277,76,Brawl WarHeroes
76,#80YY2QPV,elva jinon,0xffffffff,28000253,41256,77,
77,#Y92Y0PV0V,G_DANIEL🇦🇷⭐,0xfff9c908,28000116,41219,78,
78,#YCQR099QJ,Maxou de lavega,0xfff9c908,28000293,41182,79,marvel !
79,#2LRL20Q8Q,bushes,0xffcb5aff,28000182,41152,80,-6е3_п0нт08-
80,#8Y2VUR9Q9,Lol,0xffcb5aff,28000110,41140,81,Korzenie Spajka
81,#9CLCUPL9L,IT/MaSTeR🦧,0xffcb5aff,28000352,40821,82,ASTRON Cygnus
82,#2PP9GRQ2P,🫀nicoloso🧠,0xffcb5aff,28000293,40820,83,Fearless
83,#L090RLVQU,mz pro,0xfff05637,28000332,40778,84,MATTY E NICO
84,#9V8LL0GY0,모자없는 모티스,0xffcb5aff,28000284,40744,85,김치전
85,#992V89VU8,💥Yeniçeri💥,0xffa8e132,28000089,40702,86,<c3>ＳＩĞＩＮＡＫ</c>
86,#9PV9QG8QC,윤현서,0xff1ba5f5,28000352,40677,87,🎮Player_2🎮
87,#PQVRGQGVC,シ︎ᴅᴇᴜs★|T͜͡R͜͡,0xff4ddba2,28000167,40511,88,TR|İNTİKAM
88,#P20U8V80Q,🥀SNAYZ_SYN⛩,0xffcb5aff,28000280,40431,89,BO|BlackOld
89,#V8U0CC9Y,al3_s§,0xffcb5aff,28000349,40385,90,White Dragons
90,#20P0C2C99,Brawler,0xffcb5aff,28000175,40372,91,FoRZisT • Team
91,#PYY8JQ8LY,Brian brawl,0xffffffff,28000276,40345,92,
92,#8QJ88YVC0,Isaac,0xfff9c908,28000213,40340,93,VicioTeam
93,#9L2R0LC8G,🎴ᵗʰᵉᴀʟᴅᴀʀᵏᵒˢᵉ,0xffcb5aff,28000139,40339,94,DoubleLove❤️
94,#8YYPGQYQR,⁶⁴Amevor💘,0xffcb5aff,28000314,40299,95,
95,#8JVPQV2V8,Alexitocar1,0xffcb5aff,28000280,40273,96,🌓Empty castle♥
96,#8JCL9JVUC,❤️‍🔥| flouopen,0xffffffff,28000098,40211,97,Dimah4
97,#90JQQJ20Y,☀metha❄,0xff4ddba2,28000163,40136,98,Knights™
98,#2YL8CR2V,andre79,0xfff05637,28000168,40035,99,Mayhem
99,#RYJY9CU2,Falcøn,0xffcb5aff,28000290,40023,100,LA Turkey
100,#L88L20JRV,Tomatico,0xffff8afb,28000284,40022,101,Quack 2.0
101,#PQ9VPYL0G,денис,0xffffffff,28000104,40002,102,денис
102,#YUJUYPLP2,Lord🍀🍀🍀,0xffffffff,28000060,40000,103,
103,#8CJU0YLLC,nute62,0xffffffff,28000139,39995,104,Elite Squad
104,#9RGUGLLUQ,maxi_leg,0xffcb5aff,28000014,39966,105,
105,#Y8V0P8YC,MnK|Ezukeee,0xffffffff,28000139,39918,106,iShakirO
106,#2QJ2G9VRC,겜브링,0xffa2e3fe,28000312,39855,107,겜브링
107,#CJ28J8YY,♨JC小朋友ᶫᵒᵛᵉᵧₒᵤ♥,0xff1ba5f5,28000225,39825,108,倒讚幫
108,#90LUPL9P0,free palastine,0xff4ddba2,28000096,39809,109,Květák Crew 🥦
109,#92PPPVRJ8,OMG Саша,0xffffffff,28000314,39758,110,Legendy 3a
110,#2UL0YURV0,Dariya,0xfff9c908,28000260,39711,111,StarZet 2.0
111,#VG9YY9UY,Ｍｒ Ｃｒｏｗ ♡,0xffff9727,28000156,39689,112,Տᴜᴘᴇʀ•օղϲεᵀᴹ
112,#CVCYV29J,Tonilens,0xffcb5aff,28000078,39586,113,HOGWARTS ⚡
113,#YY922Q9R9,Sauerkraut09,0xfff05637,28000222,39453,114,🏆🦜OP🏆
114,#PY9G2RU0G,to koniec:),0xffa8e132,28000018,39400,115,Golden icons
115,#VQR008Q0,Mendy,0xff4ddba2,28000170,39396,116,KTO|FAMILY ☄️
116,#P2LCGGG0L,SiSbl4,0xffcb5aff,28000330,39322,117,MagicalStar🧙‍♂
117,#CJ2GGC2,бананчик,0xffcb5aff,28000293,39312,118,Nitty comittee
118,#YPVJ9YYQ9,ДБРАВО,0xff1ba5f5,28000302,39310,119,ПодписчикиShark
119,#PG0YGRJ09,テリヤキハンバーガー2号！,0xfff9c908,28000029,39301,120,King Crimson
120,#8JYJG202,Mobius Loop,0xffa2e3fe,28000000,39269,121,"*""母と父""*"
121,#8PQR2PGL8,mͥorͣtͫis god🥀,0xffcb5aff,28000129,39266,122,BLEEP
122,#9QVQQJ800,TheCésarYT,0xffa8e132,28000294,39171,123,Future stars
123,#P8QYUG2CQ,꿍디꿍디,0xfff05637,28000294,39164,124,soccerline
124,#9URPQGLR9,охотник2020,0xffcb5aff,28000132,39146,125,New Mayachka
125,#9RLR989Y8,🌪️UTKU🌪️,0xffa2e3fe,28000290,39117,126,₵Ɽ₳ⱫɎ ₮Ɇ₳₥
126,#LGYR2QL9L,🌴мах49🌴,0xffcb5aff,28000139,39093,127,Buzzz 🇧🇪
127,#88CVU8J0G,🥀§HªW™🥀,0xffff8afb,28000262,39092,128,🔥🐑SHEEP🐑🔥
128,#PL2LY0U2Q,💔⛈️Fan3ik☔⚡,0xfff05637,28000136,39072,129,поньк
129,#2GRU9Q8RC,Undertaker,0xfff9c908,28000032,38943,130,
130,#98LUJ2PUY,QLS l KEVIN🇲🇽,0xffa8e132,28000206,38892,131,top mx pro
131,#9YC8Y28GP,Носок судьби,0xfff05637,28000023,38892,132,winx enchantres
132,#2QUP2QQJ8,APL|MateoJBA🇦,0xfff9c908,28000229,38888,133,
133,#J2GRRQQL,IseBlock🧊,0xffcb5aff,28000336,38823,134,Love heals.
134,#P0GVYV8G2,kaua$200,0xffff9727,28000290,38798,135,GUCCI
135,#8YV0L8GYC,차이나,0xffffce89,28000143,38763,136,시민
136,#L89RUJ29,Star killer,0xffcb5aff,28000018,38711,137,ZETA|AZERBAİJAN
137,#9PRVU8JJQ,热与вируся🥷,0xffcb5aff,28000014,38706,138,общага
138,#29CQRYPQC,MP Haleward,0xffff9727,28000348,38679,139,Come Wick
139,#2J0R9RYCV,LordMax,0xffcb5aff,28000096,38669,140,Royale Spike's
140,#29CC9JUV,eymenpro,0xfff05637,28000229,38490,141,Team NoVa
141,#8VQVJRU88,СнС|Мажорик♡,0xfff05637,28000226,38476,142,Grizzli Team
142,#99LPGULP,Gbodem,0xff4ddba2,28000332,38444,143,djamboramboguam
143,#8PQRLY0QU,Freak!,0xffffffff,28000233,38411,144,감귤사랑🍊
144,#GRVC9ULR,lorymu,0xff1ba5f5,28000027,38334,145,
145,#PG2JVP2U,TP|Iñaki,0xffa2e3fe,28000296,38187,146,
146,#P9L889LQ2,DRAGONFIY,0xffcb5aff,28000207,38179,147,Dark
147,#LU8UYQURL,⛩️|Iคmͥmuͣsͫค❥,0xffa2e3fe,28000341,38126,148,Brawl pros
148,#89PRJPRPC,최한결,0xff1ba5f5,28000033,38114,149,체리
149,#98GQGV02P,Sc|Esckid,0xffffce89,28000348,38070,150,JMD SQUAD 🇵🇪✨
150,#CUY0U80J,NaVi|Alekzz,0xffcb5aff,28000132,38030,151,DragonFight🐉
151,#9V8L0RLVL,The Negitsune,0xffcb5aff,28000224,38021,152,dostlar pro
152,#YQ9989LY2,tomar753,0xff4ddba2,28000231,38001,153,Yusifi ahlat
153,#9CUUY2JQ0,jasper,0xffa2e3fe,28000072,37917,154,TROPHÄEN JÄGER
154,#UJ8LJVPY,Miguel03,0xffcb5aff,28000220,37894,155,Zapilleros
155,#2JQ0YCCU8,Zeinnixᵉᵛⁱˡ,0xffa2e3fe,28000305,37854,156,D̸a̸ H̸o̸o̸d̸🍷
156,#2P2J02YGJ,elgregon19,0xffa2e3fe,28000289,37854,157,Dark⚫
157,#8P9UJQ8C2,Steven,0xff1ba5f5,28000345,37844,158,megustaconlasca
158,#YP8UJPUL8,kingFO,0xffff9727,28000305,37792,159,Brawl World
159,#UJRU8PQL,delrey el pro,0xffa2e3fe,28000224,37774,160,
160,#UGVGRJ,Phoper🖤Roger,0xffff9727,28000218,37768,161,
161,#8Q2U8GY0V,⚽eloy⚽,0xff4ddba2,28000221,37764,162,Horizon Esports
162,#8Y9CQL2U0,Banán,0xffffce89,28000129,37757,163,Peppa pan Kubíč
163,#8VCVJ0J8J,игорь,0xffffffff,28000276,37739,164,Phoenix alpha
164,#JV8U2PJG,kwazZy☔,0xffcb5aff,28000141,37693,165,
165,#PY28UVC0P,𝓛𝓸𝓹𝓾𝔁♡,0xffffffff,28000132,37615,166,Team_NezTis🥶
166,#892CP8JY9,Sick donkey,0xffcb5aff,28000151,37603,167,ヒカマニ
167,#9QJGPRGP0,Aseyder,0xffcb5aff,28000332,37581,168,XxPro GamerxX
168,#CY8Y9CCC,xluisx,0xff4ddba2,28000347,37576,169,ESPAÑA
169,#9089JVGR,Rombas,0xffcb5aff,28000335,37560,170,grind mff💘
170,#2CJP0802P,CMH,0xfff9c908,28000207,37552,171,Piece of Heart
171,#LJU0RUQ2,🖤Black Ninja🖤,0xffff9727,28000273,37498,172,Savage💘Shadow
172,#Q022QC9PU,호호,0xfff05637,28000000,37428,173,6-7
173,#PL9P0LGYU,LD|Brawler🥀,0xfff9c908,28000228,37420,174,Ак бас
174,#L9P9C8PVL,QuadVecta,0xffa8e132,28000238,37405,175,ClownHub 🤡
175,#8RUU9RYRL,Cicciopasticcio,0xff4ddba2,28000081,37399,176,pizapizasew
176,#2JV2RCVGR,Nellplay$@$GaMe,0xffff8afb,28000220,37391,177,
177,#P8CCJQLQ2,никто,0xffff9727,28000298,37376,178,Empire Loofy|❄️
178,#PY29CRC0U,⛩️|R̶z̸m̶64|🌋,0xffcb5aff,28000135,37361,179,Evolution Team
179,#2CGVU8V0P,크로우,0xff4ddba2,28000175,37348,180,Let's go!!!!!!!
180,#8R0RPGPC9,LUCÃO,0xfff9c908,28000293,37328,181,Hell de Janeiro
181,#YVYVVRPJ9,FRA|Tvlgor,0xffffffff,28000135,37305,182,
182,#8Y8RJCL2P,ibo GS kral,0xfff9c908,28000156,37206,183,
183,#20UCRCQJ2,zak,0xfff9c908,28000226,37197,184,Maslina
184,#9PC0YYGL2,omar🌴|xd games,0xff1ba5f5,28000274,37192,185,
185,#80RRJCQ0L,번개요정피카츄,0xffa2e3fe,28000156,37161,186,부산POST
186,#80YCPURLC,GALAXY RECORD,0xfff9c908,28000054,37156,187,Le bæbe♡
187,#9QUCYPCYP,AixinDJH,0xffa2e3fe,28000019,37152,188,
188,#888J2YC9,max,0xfff05637,28000273,37129,189,
189,#YRVJLLQP,slender renard,0xfff05637,28000067,37120,190,Senju
190,#Y8LYU092R,XTQ,0xffcb5aff,28000292,37102,191,NİKO
191,#G80G2PPR,Rafa999,0xffcb5aff,28000272,37087,192,guerreros z
192,#8VVR9JCCQ,corbacpro,0xff1ba5f5,28000134,37026,193,LightHouse II
193,#P9YUCU9PY,OG | FizzerDown,0xffcb5aff,28000341,37015,194,Rush fr
194,#VG8VCP2Q,VerteX 🏆,0xffffffff,28000135,37005,195,
195,#28QYV292Q,Pau p.e.k.k.a,0xff4ddba2,28000156,36946,196,los brawlers
196,#2VP98PQC0,Breo_kun,0xffff8afb,28000330,36937,197,Karts de Limón
197,#P888P8JR2,[🍍]brian,0xffcb5aff,28000280,36870,198,taxers club🎧
198,#88P9JRJCQ,브롤스타즈,0xffcb5aff,28000077,36822,199,시흥친구들안녕
199,#QCGQQ2RG,VL |KORY2811 🤤,0xffa2e3fe,28000184,36818,200,Las Chikillas❤️
