,tag,name,nameColor,icon,trophies,rank,club
0,#8VUYVL0P,Dragon,0xffcb5aff,28000290,64185,1,Space Team
1,#8U8PUJP2L,ᴍʏs|ᴍʀ💕ᴘᴇᴏᴘʟᴇ,0xffcb5aff,28000280,64100,2,Хата Пипла
2,#9CJLLYJ8J,ᴀʟ|HᴜɴᴛᴇRRR☔,0xffffffff,28000136,61579,3,ReBorn🖤11
3,#98020J8GR,Dark❤️‍🔥ness🪐,0xff1ba5f5,28000285,61369,4,Vitrious Legacy
4,#Y9P8RRQG2,Chris brown,0xffff9727,28000137,61322,5,
5,#9LUGQRV8C,Tøxīc Ergent🥀,0xffffffff,28000336,60613,6,ReBorn🖤11
6,#PY2U0U8C8,MoA|Rᵃⁱˢᵉ💎🔱,0xfff9c908,28000273,59605,7,🧀MUSSARELOS 2✨
7,#2PYQUVQ9Q,MoA|Igityan💎⚜️,0xfff9c908,28000307,59237,8,🧀MUSSARELOS 2✨
8,#P2JVJJ8L8,Dark|Darksiders,0xffa2e3fe,28000278,59154,9,Dark Team
9,#JPQLQ0,Tl|SuroARM🦇🖤,0xffa8e132,28000136,59023,10,SBS Family
10,#P0PCGUYQV,AsD|Jorikk♡,0xff1ba5f5,28000095,58398,11,сочи
11,#PC89GU0Y9,GG | Y.A.K🖤,0xffffce89,28000352,58170,12,SBS Family
12,#9Y9QV22LP,KaRaVaY∞V1lo4ka,0xffcb5aff,28000167,57332,13,BRO STARS TEAM
13,#R2JJC9V0,Crab_ik 🦞,0xffa2e3fe,28000305,56820,14,Шпана Team💪🏿
14,#8LR889UJY,ANTOHA 128,0xfff9c908,28000023,56693,15,DDK komplex
15,#28JP9P0,DjiGit_Style,0xffcb5aff,28000294,56511,16,Легенды
16,#C8PY8GUY,АРСЮША,0xffcb5aff,28000335,55552,17,ENVER PAŞA
17,#9YVJGVJG,ProgameYuri,0xff1ba5f5,28000229,55512,18,NAS WAY
18,#RPCR9G88,♠Narek Pro♠,0xfff9c908,28000333,55232,19,DDK komplex
19,#P2QUL,Tl|BrokeBoy,0xffffffff,28000019,55228,20,
20,#9QULVRUP,ВЗЛОМАН,0xffff9727,28000300,55200,21,NO WAR🇺🇦-🇷🇺
21,#YYQ2RV,алик💞настик,0xffcb5aff,28000167,55079,22,LgL Squad
22,#JL2VCV02,MarvoloRiddle🪄,0xffffffff,28000262,54993,23,ReBorn🖤11
23,#2V9YP9JYU,ㄷㄴㅇㅇ(동욱이 짱),0xff1ba5f5,28000292,54965,24,<c3>Forest↟</c>
24,#RRPJY0JR,DraGGy♡︎,0xffffffff,28000065,54915,25,SBS Family
25,#2URVGY0YC,Mysterio King,0xfff9c908,28000102,54811,26,КарпЛох
26,#29LLUUGPR,🐧ℬ𝓇𝒾𝒶𝓃🐧,0xffa2e3fe,28000348,54808,27,♥Neow♥
27,#2R8PY280J,FAK ARMENİA 🐼,0xffffce89,28000352,54802,28,CROWS'n'CROWNS
28,#8PQCR0VC,Gago2325,0xfff05637,28000073,54748,29,
29,#8CL98U0UY,Lega,0xfff05637,28000255,54592,30,DRAGONS IL
30,#989G9GU8C,[LP] травка,0xffa8e132,28000148,54581,31,Last Hope ❤️
31,#8080LYVCV,愛舔|Bentlei个,0xffffffff,28000135,54539,32,haunt
32,#82C8CYGCY,-12|Mr.GR1T🇦🇲,0xffcb5aff,28000291,54482,33,SBS Family
33,#2L20Q02JV,⚽️ZADUDER⚽️,0xffffffff,28000288,54343,34,Mal1nky
34,#9YU9CYC99,Sᴛᴏʀᴍᵍᵒᵈ,0xffffffff,28000222,53775,35,DieDmasters🌹
35,#8CCUYU90,BTS|Red,0xffff9727,28000334,53330,36,Ezhevika
36,#2QV0PR829,1-й бот,0xffcb5aff,28000156,53292,37,ReBorn🖤11
37,#2Y2PYCRU2,Morik45,0xff1ba5f5,28000129,53215,38,CF TM
38,#2JPLVV829,NAVI|Mr.Marko🍀,0xfff9c908,28000132,53173,39,Дружная Гвардия
39,#20JYCGQLL,看山🧊,0xffa8e132,28000337,53084,40,清风雅阁
40,#20YPR22YY,Dr|İcardi🦁,0xffcb5aff,28000144,52863,41,
41,#808PGG20Q,☣{KING}MAKS☣,0xffffffff,28000244,52820,42,You<c7>KinG</c>
42,#YRQG2R8UJ,🇦🇲MFxARTxTT,0xfff05637,28000332,52816,43,The Titans
43,#889UQCUU,RW|RockyAce🔮,0xffcb5aff,28000335,52799,44,SBS Family
44,#9QLPVJC89,𝙸𝚌𝚑𝚒𝚐𝚘メ,0xffcb5aff,28000335,52782,45,CMG Poland
45,#8QCJ0L209,❤️Colette💙,0xffa2e3fe,28000210,52732,46,UWU👈Cakes
46,#9RUQL9JPL,ᶦᶰᵈ🐥𝐒ʜ͠𝚘𝐜𝚔,0xffffffff,28000136,52598,47,❤️LeDi_LoVe❤️
47,#2VCL9CUPL,DF|Arty💫,0xffffffff,28000018,52590,48,SBS Legends
48,#9VUYQCUCQ,Разбойник,0xfff9c908,28000132,52588,49,🎩TOPPAT CLAN🎩
49,#8JJPY9CL,SilveRay,0xffa2e3fe,28000341,52561,50,LaBonneBouf
50,#2UUQP0VV8,FAW|Guest•ZX頍就,0xff4ddba2,28000347,52468,51,ReBorn🖤11
51,#8Y9P9PP9J,FlowThug🥷,0xfff9c908,28000260,52422,52,PABLO
52,#99CRL2CQY,L❤T,0xffa8e132,28000061,52248,53,PRO
53,#2RJL0VGLJ,???,0xffffffff,28000219,52199,54,
54,#9UQ0U8R9L,Боец,0xff1ba5f5,28000178,52158,55,Пешки Supercell
55,#L80U2C9PP,JOK |Krik,0xffffffff,28000079,52108,56,⚔️ВАРВАРЫ⚔️
56,#9Y0YV00LU,QLS/🔥Vahe🔥,0xffcb5aff,28000335,51990,57,My World🌍
57,#9LPL08UR,It's XenØn 🍉,0xffcb5aff,28000330,51905,58,
58,#YPY8PVVRV,PRO,0xfff9c908,28000341,51901,59,<c8>Eternal</c>
59,#LR20VQ98P,TORQ ANGEX,0xffa8e132,28000148,51813,60,DEMIX
60,#PVJLR8CQL,COBRA🇦🇲,0xffffffff,28000139,51739,61,★Art of War★
61,#9CVCGCU28,ARM|Mayis🇦🇲⚡,0xffff9727,28000170,51350,62,BlackStar⭐️💣
62,#P09Y08J0,Мика,0xfff9c908,28000242,51324,63,
63,#89PG9288Q,HA¥K,0xfff05637,28000273,51252,64,
64,#8Q2Y92QCP,Gor,0xffff9727,28000299,51110,65,Клуб: [#20G02GRLU]
65,#8CG0VR8VJ,⚡【ПОТ】Артур 🔥,0xffa8e132,28000290,51107,66,
66,#898LJVPVG,художник,0xffa2e3fe,28000184,51002,67,Feeling Numb
67,#P2LV0U2L0,🍀𝘼ℓice🍀,0xffffffff,28000108,50840,68,I Feel Like God
68,#9QJY929GY,⚡Hollow⚡,0xffffffff,28000125,50838,69,Brawl Stars
69,#Y90UYUJRL,ArtemNesterov,0xffff8afb,28000294,50823,70,TT|bs:Army
70,#PYJCJG02Q,ARM|Aram,0xff4ddba2,28000352,50796,71,SBS Family
71,#PPY8VJV2P,Shurka,0xff1ba5f5,28000167,50620,72,Legend of Kings
72,#2VP2Q8Y08,↯Garik🤍,0xffcb5aff,28000141,50581,73,TIKTOK HISO🦊
73,#292VLC9LG,ZeRoŽz❤️‍🩹Śhd₹,0xffcb5aff,28000336,50552,74,Sr|Teamshing🦆
74,#20GJY2U0R,treepshyne🤍,0xffff8afb,28000347,50515,75,𓆩Ҟīłłɉꝋɏs
75,#RUJL2PCU,Oh My Fear🥵,0xffff9727,28000005,50506,76,Oh My Duo🌖
76,#PJUYR882C,NAVI|Kilka🐤,0xfff9c908,28000132,50474,77,Дружная Гвардия
77,#LGY890LPP,Ruzik,0xff1ba5f5,28000333,50443,78,
78,#PGGC2UQQP,(yar)Яромир,0xfff9c908,28000277,50383,79,YAR
79,#QPCV2RGC,HP|Ogon,0xffcb5aff,28000299,50371,80,House Party🪬
80,#L0JY0YL0R,𝓭𝓮𝓵𝓪𝓻𝓰𝓮,0xffff9727,28000330,50366,81,psx Wallace
81,#8VJLGCUPP,情|👻WINSŤ👻,0xffcb5aff,28000297,50259,82,Brawl Kings
82,#8LUPP8GUU,远•Alive💙🐬,0xffffffff,28000135,50256,83,SBS Family
83,#P92U2LL9,Норайр,0xffffffff,28000221,50234,84,Ягодное Поле🍓
84,#9L9Y28YJ9,Maratnumber1,0xffffffff,28000221,50210,85,SBS Family
85,#QJGULLLU,The King 🇦🇲☦️,0xffcb5aff,28000348,50092,86,SBS Family
86,#P9PCURGJ0,К҉О҉М҉Б҉А҉Т҉,0xfff9c908,28000132,50063,87,ВЗРОСЛЫЕ ДЯДЬКИ
87,#CRCVGP2Q,GucciDrago,0xff4ddba2,28000139,50028,88,DEMONandANGEL😈
88,#8YV8LRVVY,[ЖМЫХ]Narek777,0xfff9c908,28000349,50005,89,zxcqwerty
89,#8VVJC2LRJ,Vardges_Asatr,0xffffffff,28000000,50000,90,
90,#PRLJVYUUR,leon,0xffcb5aff,28000336,49950,91,AZE❤TURK
91,#2CYCC8QP9,AZE |Elizxwsy🖤,0xffffffff,28000014,49855,92,FWA|Team|🇦🇿
92,#C0U8Q,/LORD/,0xffffffff,28000076,49732,93,Орден Феникса
93,#2JV8808LC,SG|HYPPOJUIF,0xffff8afb,28000223,49602,94,Saturn 🪐 II
94,#9U8Q82YV8,π€∆HDF LEO YT∆€,0xff1ba5f5,28000301,49461,95,Axolotes💀
95,#PVLR0QV8C,Anul❤️,0xffffffff,28000018,49419,96,
96,#PYJ82RYV,For7ius,0xffffce89,28000023,49407,97,Brawl Dash
97,#9YG2G2GY9,⛩️MD|SēŘø💎,0xfff9c908,28000273,49350,98,ReBorn🖤11
98,#9UR892JG9,леон,0xffcb5aff,28000341,49269,99,legendary club❤
99,#Y0CQCU2,HAGON.,0xffffffff,28000258,49116,100,
100,#20JJ2G8QL,⚜️Rosinante⚜️,0xffa2e3fe,28000151,49050,101,SBS Family
101,#L8P80JY9,Hovhannisyan❄️,0xffffffff,28000335,48893,102,ARM Holding
102,#2JRPP922V,양념치킨,0xff1ba5f5,28000108,48702,103,<c3>Forest↟</c>
103,#PLR8RJVYQ,🇦🇲𝘚𝘬𝘺𝘍𝘦♨,0xffcb5aff,28000135,48510,104,best friends🤗
104,#2G0V89UPR,olegrg,0xfff05637,28000002,48461,105,Big bepix
105,#980GRL2G8,gale,0xfff05637,28000352,48410,106,🍀🍀🍀
106,#22QQGR9QC,SecondBrother,0xfff9c908,28000188,48343,107,always ready
107,#2UC8Y2GQC,NS|Saga🌺,0xffffffff,28000322,48293,108,SBS Family
108,#9QUVCQYCJ,𝕲𝖔𝖉𝖉𝖊𝖗,0xff4ddba2,28000341,48286,109,Capital Gaming
109,#8QQU2JJLJ,🥀 TQ | ToMiOkA,0xffff8afb,28000207,48180,110,
110,#PU8GR0L8,JOK | Makk,0xffffffff,28000081,48175,111,
111,#8RVRQYGPV,Sasha16181618,0xfff9c908,28000020,48138,112,Асгард
112,#2PYJVCVLR,嘿！姊妹,0xffa2e3fe,28000273,48057,113,芽芽種子樂園
113,#2VJGCYCLY,DARRYL,0xffa2e3fe,28000352,48001,114,Star Team
114,#922Y2LQ9C,AS|Artyom,0xffffffff,28000300,47994,115,SBS Family
115,#8J2GGC2JR,NM|CreiDo✨,0xffcb5aff,28000138,47960,116,пабгир
116,#99JLC9R0,fer,0xfff9c908,28000305,47869,117,👑 TM|INFINITY⚡
117,#LCU28RQC,Brawler_Hovo,0xfff9c908,28000305,47698,118,👑kings👑
118,#PGRCU8Y8Y,🇦🇲-ap-zy-🇦🇲,0xffcb5aff,28000305,47690,119,Адская Боль
119,#8GR0Y2UJL,EPE BRAWL(),0xffff9727,28000330,47545,120,My World🌍
120,#P0PJRQVVQ,super areg,0xffcb5aff,28000336,47535,121,Dutch Stars
121,#9R0R2LG8J,ExperT,0xff1ba5f5,28000175,47518,122,❄️ICE ANGELS❄️
122,#8QV0LV0CQ,cheesez_guy,0xfff9c908,28000132,47481,123,AD Corporation
123,#29JP20PQQ,ᵃˢᵗSERGIO,0xffcb5aff,28000305,47425,124,
124,#YQLG2VGGR,DKT | Dikton☔😞,0xffcb5aff,28000207,47392,125,Саркис
125,#YYQ22JL2C,✰“Leͥgeͣnͫd”✰,0xfff9c908,28000341,47368,126,SBS Family
126,#J9PJCYQL,A.Griezmann 7,0xffffffff,28000129,47296,127,
127,#9QJUV2JLP,SM SIXБОМБА,0xfff05637,28000168,47279,128,Team|Maximum
128,#PYCQVQJ9L,El mejor,0xffa8e132,28000179,47151,129,Desahuciados
129,#VJVLRJ9Y,Босс,0xff1ba5f5,28000207,47123,130,EvilFreedom ™
130,#8G2UCPPV0,陰陽|Moyagoku🦇,0xffffffff,28000000,47056,131,
131,#8UU8RVYRV,Ваго Здравый🕸️,0xffffffff,28000291,46998,132,Lᴏsᴛ Aɢᴀɪɴ?🚮
132,#8VC08CPUJ,GOD|KaYoZz,0xff1ba5f5,28000273,46877,133,Adulte France D
133,#9PPG98VG0,Dark|emptiness,0xffcb5aff,28000222,46755,134,Dark Team
134,#L290ULCYV,ARMENIA🇦🇲,0xfff9c908,28000330,46646,135,
135,#L90PRQ9P,L&L,0xff4ddba2,28000259,46628,136,dini mami
136,#PQCG29UQ9,亗Mᴏͥʀᴛͣɪͫѕ,0xffcb5aff,28000305,46558,137,dark knignts
137,#PYGR28U0P,Стефани,0xffa2e3fe,28000333,46519,138,
138,#VVC0C9GJ,Arman,0xffcb5aff,28000074,46509,139,
139,#PP9P88RLP,ДЕД ТАЛАШ,0xfff9c908,28000267,46439,140,АНГЕЛЫ УДАЧИ
140,#9G9U0R0YG,IDarkElson♟,0xffffffff,28000038,46435,141,🕷 let me die.
141,#2GURJY8QG,NS|ArMeN⚡️,0xffff8afb,28000112,46357,142,SBS Family
142,#2CG022GCV,GG|HarshCart ☔,0xffa8e132,28000330,46329,143,Чё по аниме?
143,#8CJVVJGJJ,Senpai,0xffffffff,28000349,46284,144,BloodSweatTears
144,#LQ880RRJ,🖤DASNAKI🖤,0xff4ddba2,28000136,46262,145,★Art of War★
145,#88JRL2V,🦋Heidza.Wizard,0xffa8e132,28000185,46260,146,ELECTRICAL FIRE
146,#VUCLQ8,$ŦŰ$$Ŷ,0xffcb5aff,28000281,46204,147,More'Оч4и
147,#2CPLL2YQ0,BS|Bruno🌱,0xffffffff,28000279,46195,148,Ягодное Поле🍓
148,#YL9LCV8G0,STA,0xffa2e3fe,28000064,46154,149,6Screens
149,#9R2PGGC82,抖音|Djeska♡,0xffcb5aff,28000194,46106,150,<c4>RCCC</c>
150,#PU0UY8QQ8,毁|Hiroshi🥀,0xffffffff,28000305,46073,151,ЭКЕР
151,#2288PQR89,SENDY,0xffff8afb,28000029,46066,152,
152,#Y9QGUQ8GL,iamnotawhale,0xff1ba5f5,28000000,46046,153,D3STRUCT1ON
153,#88CJPQLU2,Spec x,0xfff9c908,28000021,46030,154,
154,#2URYVRYPV,Бетельгейзе,0xffff9727,28000267,46001,155,Дети из-90X
155,#82VV90URQ,Showl,0xffcb5aff,28000332,45945,156,INDEPENDENT
156,#J0PVGY,AR|Tadevos🐣,0xfff9c908,28000170,45890,157,ReBorn🖤11
157,#9Y829GG99,gowin,0xfff05637,28000266,45865,158,Дамир и Руся
158,#LJYV2J08Q,Inering,0xffa8e132,28000013,45788,159,OverLords
159,#2RP0GRQ9L,|☠️ArtisT☠️|,0xfff9c908,28000023,45769,160,Black Sea🌊
160,#2G99GJQ0,Лира,0xffffce89,28000046,45745,161,Engels
161,#9VGCQPC8C,almaZzz,0xff4ddba2,28000064,45689,162,☄️Comet Squad☄
162,#CJGV0YG9,-max,0xfff05637,28000255,45668,163,DZ
163,#P090UQRUL,🌪 lazxxX🍁,0xff4ddba2,28000136,45631,164,THE MASTERS
164,#28JUU9V90,Creative 💔😔,0xffffffff,28000199,45608,165,TTM|Joker🥵
165,#9LR9CLV99,SeLJoY☔,0xff1ba5f5,28000271,45580,166,
166,#8R8PJY2JC,🇷🇺bestолочь63,0xffa8e132,28000101,45522,167,скрепыши)
167,#P0YL28CJV,Eduard🇦🇲,0xffffffff,28000312,45509,168,НИЖНИЙ НОВГОРОД
168,#PYY9UYVQY,Liam,0xfff9c908,28000242,45499,169,HONDURAS FIRE
169,#9CVYCU0JU,[LP]Leon4ik YT,0xffcb5aff,28000156,45477,170,LIKE
170,#G90J0VUL,Didizao,0xff1ba5f5,28000161,45471,171,RUNE | ™✨🌹
171,#UVL8LP20,крутой,0xff1ba5f5,28000347,45394,172,пуш 30ка😎
172,#98YVQC2L8,NBS|SaMv35💔Lツ⛩,0xffffffff,28000129,45376,173,SBS Family
173,#98VCU02C8,<c8>Yakity</c>,0xff4ddba2,28000183,45365,174,시간
174,#2QR82GJ2Y,Arman4ik|酷,0xffcb5aff,28000156,45341,175,Xtal Gamming
175,#82VCPQPYR,bot-1,0xfff05637,28000279,45271,176,Born To Win
176,#908VLCYY,1-й бот,0xffa8e132,28000249,45237,177,
177,#9VYVPUY9Y,MC Alex,0xffa2e3fe,28000272,45223,178,СУПЕРБУХАРИКИ
178,#9JCUY0RJP,BS|☔ᴋɪʟʟᴇʀ✨,0xffa8e132,28000136,45216,179,GG|DARKRANGERS
179,#22PR8QQ80,AnRi_YT,0xffff9727,28000262,45206,180,YT:P3KK4
180,#2YJ9Q9Y0L,zXao'o$🌪️,0xffffffff,28000150,45187,181,NV ETERNITY 2
181,#9QP988LVL,Mr. 24,0xffff9727,28000180,45184,182,Wolfgang☆
182,#2Y2CVC08,ArM|SkiLL🇦🇲,0xff4ddba2,28000142,45087,183,🐸Френд Клуб🐸
183,#2GR9Y22Q2,Sky🍁,0xff4ddba2,28000200,45057,184,Right Hand Men
184,#9YLVYQVQR,Yann5736,0xffcb5aff,28000156,45051,185,Sky_Night
185,#PQ2YULGUJ,Smoozy,0xffa2e3fe,28000330,45045,186,Magic Luckers
186,#2J902CPPV,PRO ÇİNGİZ,0xffa2e3fe,28000168,45029,187,Fearless
187,#P9GRUVC9Q,flareon🥵,0xff1ba5f5,28000084,45009,188,OpenBob
188,#8PUPU9UGV,FAW|Lommyyy•ZX,0xffffffff,28000207,45004,189,ReBorn🖤11
189,#P2RGG9C99,Haikirochy,0xffffce89,28000335,44965,190,Team Revex
190,#2J9Y9VVQ8,tiko,0xffffffff,28000207,44932,191,nano
191,#2UPPCQ22P,kotNº²,0xfff9c908,28000223,44884,192,ReBorn🖤11
192,#2JCLJ9YQR,Max,0xff4ddba2,28000220,44862,193,Bright Knight‘s
193,#8JR2YGJ90,ARM|Samo🇦🇲🐬,0xffa2e3fe,28000070,44854,194,SBS Family
194,#82QY02L2L,The MissingLink,0xff4ddba2,28000257,44847,195,Icy Black Hand
195,#2RUCVLQG0,™AJ♡¦ǺẐ₳Ť Ĵ℟ヅ,0xffa8e132,28000084,44838,196,
196,#L8ULJ8URC,FLINK BOSS,0xff4ddba2,28000253,44834,197,
197,#2QR888R8J,YT|RELAST,0xff4ddba2,28000075,44809,198,
198,#2LRRJPC08,Вагинак мастер,0xfff9c908,28000132,44795,199,Молния
199,#P2R2VPJ89,NE|vanyaFox🦩,0xffffffff,28000226,44771,200,NetWars2
