,tag,name,nameColor,icon,trophies,rank,club
0,#2RUVRJYJ2,SY|Faͥbͣuͫᴳᵒᵈ☔,0xff1ba5f5,28000061,73738,1,Ex0tic-E-Sport
1,#8RYRU28Q0,koji <3,0xff1ba5f5,28000018,73708,2,<c5>Just Us</c>
2,#R0R28JR2,TTV|xJay,0xffcb5aff,28000241,68216,3,LA Global
3,#2CU80LVRQ,Mortis Knacks%,0xffff9727,28000253,65634,4,ᴅᴀɪʟʏ
4,#RJJ20JJP,CPU | c0r_br0🐙,0xffcb5aff,28000291,64361,5,CODEMAGIC
5,#PLL0V88V9,Alex |Boss👨‍🍳,0xfff9775d,28000336,64199,6,Die Tafelrunde
6,#Y20LQRGP0,ʟᴜᴋᴇ♡,0xffcb5aff,28000278,63394,7,Team Jonas
7,#P290Q2UQJ,🔥BS|Petzi🔥,0xffcb5aff,28000286,63034,8,Vikings VI
8,#2L0Q22YY0,Strange,0xffa8e132,28000263,62853,9,DPB | ⚡Esport⚡
9,#2JCV0CLQ0,Queen Miku 🧸,0xffcb5aff,28000333,62260,10,THE HEADHUNTERS
10,#Y8CJV9C8Y,Ice|SkyColt,0xffffffff,28000297,62150,11,Kamikaze
11,#PVV298U8,Sᴛᴇғ ᶜᵃʳʳʸ ʸᵒᵘ☺,0xffffffff,28000241,61818,12,FlyHigh🛐
12,#29U9CYPRV,Dqriio❤️,0xffff8afb,28000037,61701,13,Few But Good
13,#G922828R,ritsar,0xfff9c908,28000061,61434,14,Smart
14,#28QL9JPJY,老虎|John🎃,0xff1ba5f5,28000175,61302,15,Future Talents
15,#8P2U09RPV,kitsune,0xfff05637,28000224,61206,16,Ꝉҽʂ ҠìӀӀҽɾʂ ™💣
16,#2PYJVUULV,Evil | SnOw🔥🖤,0xffcb5aff,28000349,61186,17,Ѕℓυѕнιє
17,#28820UR80,NLS|Rice,0xfff05637,28000331,60926,18,trolling
18,#VJ0CYL8P,lil lauch,0xffcb5aff,28000272,60902,19,TG|TheGods🥶⚡️
19,#LUPP0LYLJ,Mia,0xffcb5aff,28000085,60779,20,Vikings VI
20,#2JV022QC8,AT|Spoookey 👻,0xffff8afb,28000118,60646,21,Vikings VI
21,#P2L8QV2V9,🐼BC🦥,0xfff05637,28000256,60363,22,DrachenLegion
22,#Q9JQCPUP,🔥BS|Niklas 🌖,0xffff9727,28000259,60355,23,
23,#2RJ9VUCRL,Josef❤️Lamas🦙,0xffff9727,28000233,60315,24,TheLastManStand
24,#20J2QCRQG,24Paul24,0xffa8e132,28000008,60299,25,mse
25,#88UR2Q2Y8,clemens,0xffa2e3fe,28000017,60224,26,kopfloser hase
26,#9Y8UV980Q,ninja,0xfff05637,28000037,60091,27,Österreich
27,#89YG88L88,Waldemar,0xffa2e3fe,28000112,59979,28,NOS|NieOhneSpaß
28,#U09LLCPU,Deox̸ys™,0xffff9727,28000299,59929,29,DarkEvil™
29,#8P0UGQCC8,RV|Rocky🐻🔥,0xffff8afb,28000023,59828,30,♕︎Rɪᴠᴀʟs🃏
30,#Q0V89GVL,Schecoluga,0xffcb5aff,28000125,59586,31,1 Person Test
31,#QRGR28RQ,YT|Victorieux🎴,0xffff9727,28000331,59308,32,LetThemCook🥭🧊
32,#90R2QC8,Anubis🦈,0xff1ba5f5,28000121,59164,33,
33,#J9CLC0LC,OG,0xffffffff,28000168,59078,34,No-Limit
34,#PQVGR2P2,ZETA | Uchiha⚡️,0xfff05637,28000139,59063,35,Spanish Legends
35,#2PG2L8CR,KL|KingLukas,0xffff9727,28000322,59035,36,60K
36,#2YP9CPPY8,Sɪᴅᴇᴄʜɪᴄᴋ♛,0xffcb5aff,28000335,58927,37,Lesch0x Army
37,#2YQJLQVCJ,Powdertoast,0xff1ba5f5,28000348,58843,38,StonedBrawlerzz
38,#9PR0V2VL2,Tosh 永远是第一个,0xffcb5aff,28000175,58611,39,
39,#PPLU8JGJY,Niciツ,0xff1ba5f5,28000247,58610,40,StonedFighterzz
40,#Y2QY0VY9U,🕊🤍|Taube|🤍🕊,0xfff9c908,28000272,58609,41,Brawl Imperium2
41,#LVV8GQ8U,CxlledLuka,0xff4ddba2,28000253,58227,42,StonedBrawlerzz
42,#8RL28VJ2P,THE COMET,0xfff9c908,28000295,58223,43,United Empire
43,#L0YJ9UUY,Gangster Rapper,0xffa2e3fe,28000170,57911,44,Partytime
44,#YP9YY9YJU,Olma🥷,0xff1ba5f5,28000167,57765,45,Brawl Imperium
45,#VCJCYCYR,Jangstin12,0xfff9c908,28000122,57739,46,Spanish Legends
46,#2Q20RQPU9,Rafael 7,0xffa8e132,28000247,57602,47,Austia Legends
47,#VQCYC2P8,TH|Maddy😈,0xff4ddba2,28000290,57576,48,Schlafmützen
48,#80L0GQU0,Valerian,0xffff9727,28000281,57512,49,German Avengers
49,#2Y9LYU9YP,LTE|Lukas,0xffffffff,28000139,57473,50,brawer_skin
50,#PYGP9U2QJ,Lorenz,0xffcb5aff,28000350,57198,51,The Classics
51,#GRYUP0VU,DineMama,0xffa8e132,28000197,57190,52,
52,#PPQGLCLQY,Angel❤️,0xffcb5aff,28000330,57157,53,AUT–AREA™
53,#9YLVRPUU,Burger king,0xff4ddba2,28000204,57155,54,🇩🇪LEGENDS🇩🇪
54,#80LYY0PVJ,案 | 𝐄𝐝𝐨✮,0xfff05637,28000321,57037,55,Mystic Hellfire
55,#Y0CY2280,alex,0xff4ddba2,28000320,57012,56,⚔️PVP RASH⚔️
56,#88RRUQ08P,ㄞМаттео🖤,0xffff9727,28000333,57012,57,We❤️‍🩹Showdown
57,#8JVRJPJVR,雪暴|Blizzard,0xff1ba5f5,28000276,57007,58,Vikings VI
58,#QY2UVPV,Ziad,0xff1ba5f5,28000242,56965,59,Batigarzi
59,#PLC8RPY0,куро4ка ряба,0xfff9c908,28000110,56887,60,<c0>★DARK★</c>
60,#CY09UC0C,Samuelᴷⁱˡˡᵧₒᵤ☔,0xff1ba5f5,28000258,56821,61,Team Jonas
61,#PGLL0PU9V,Hort Jonny,0xff4ddba2,28000318,56813,62,BruceTheKing
62,#2YGG0GU2,KA⚡️CHOW🏎️,0xfff05637,28000202,56779,63,RCN|Esports X
63,#88JJGP2CL,Nea,0xff1ba5f5,28000219,56778,64,HellsAngls
64,#9Q2UVRGQV,SowTrial💘,0xffcb5aff,28000223,56594,65,Right Hand Men
65,#2LR2YJU9G,will-o-wisp,0xffff9727,28000206,56552,66,Fan Club
66,#YJL8LJUR,Raptor,0xff4ddba2,28000139,56547,67,Eat●Brawl●L♡ve⁷
67,#820G8JU08,PT|ℂ𝕙𝕖𝕥🥀,0xff1ba5f5,28000137,56472,68,Partytime
68,#88YU0VR0,☆ĐƏMØŇ☆,0xfff05637,28000263,56401,69,❄️TheIceKing❄️
69,#80C9PUL92,ᗩᒪᒪ|❄️DᵃVE🌱␈,0xfff9775d,28000175,56310,70,Team Jonas
70,#8YRGYGP8Q,TTV | Denobob,0xffff9727,28000170,56230,71,
71,#9PQC200UY,DE|ItZFinn❤️‍🔥,0xfff9775d,28000130,56006,72,MortisForEver<3
72,#9P9V9C9RL,Julian | Knolli,0xfff05637,28000102,55883,73,AFewGoodPlayers
73,#9RRGLCR92,ℤ𝔸•|ℒℴ𝓉𝓉𝒶🧸,0xff4ddba2,28000021,55873,74,TEAM MOLTSCHÜ
74,#9GUJ8GVQJ,SayMyName🗿,0xff1ba5f5,28000348,55806,75,FightClub
75,#8VGPU8Y2Q,♕︎𝙳𝙰𝚁𝙺|黑暗的,0xffff9727,28000087,55746,76,StonedFighterzz
76,#9V82C9VL2,Dench=),0xffffffff,28000321,55710,77,💙💛UKRAINE✨
77,#JQ8QU0G,🥀ＬＥＥＮ🥀,0xffff9727,28000318,55698,78,LEEN
78,#P8UUU88R,Legendary,0xff1ba5f5,28000282,55565,79,3v3 💔
79,#PLVY0J0P2,『 🎋Ṧℏᾰᖱ✺ω🐉』,0xffcb5aff,28000225,55555,80,Thunder⚡️
80,#8U2QU2G0U,TFDY|HyPe,0xffa8e132,28000347,55445,81,Beyond Mecha
81,#VJYRQV2Q,PSG |Martin,0xfff05637,28000029,55349,82,Die Tafelrunde2
82,#P9YQUQ928,Neon 氖,0xffcb5aff,28000349,55343,83,BruceTheKing
83,#9288V0VRL,ROL|Jasa,0xffa2e3fe,28000041,55249,84,LetThemCook🥭🧊
84,#PPGGJV00C,SWAS|darkside,0xffcb5aff,28000175,55245,85,Brawl Stars Asi
85,#9V9GVR99C,LordPhilippX,0xffa2e3fe,28000274,55210,86,InViNcIbLe
86,#9YVYPURJ,『Hᴏᴘᴇ💙』⁰⁷,0xff1ba5f5,28000347,55144,87,Die Tafelrunde
87,#2CUL9VJ2Q,🐼₱₳ŇĐ₳🐼,0xff4ddba2,28000284,55041,88,BJ34
88,#PRCYLVJ0P,鍊⛩️GнσรTR¡dεR🎋,0xff1ba5f5,28000303,55000,89,BJ34
89,#90PVQV9C9,Brawler,0xff1ba5f5,28000271,54949,90,DerNita
90,#8VVVVLQQR,BeWet,0xffa2e3fe,28000221,54917,91,Team Anyx
91,#8298VCRGQ,Moritz,0xffa2e3fe,28000276,54730,92,LetThemCook🥭🧊
92,#8JRQ88P0L,CC:Tobi,0xffff9727,28000235,54717,93,mse
93,#2LYUVUJP2,GИӘST 💫,0xffa2e3fe,28000066,54657,94,🤭~Family
94,#YUUYR0J,fabio,0xff1ba5f5,28000173,54608,95,TEAM MOLTSCHÜ
95,#89JLR8GCJ,scorpion,0xffcb5aff,28000297,54527,96,sigmy szefa
96,#9PPJL2RYY,PioᶠᵒʳEVER💞,0xff1ba5f5,28000139,54518,97,LLL PL 2
97,#YP9VGL2YG,Julian,0xffa2e3fe,28000295,54447,98,CH Royale
98,#P8JJGY0UU,Lv 72 🇦🇹,0xff1ba5f5,28000000,54428,99,StonedBrawlerzz
99,#2RC829Y0Q,🐺Legende,0xfff9c908,28000341,54417,100,Team Jonas
100,#P8J08G9V,Ju77,0xffff9727,28000223,54413,101,Club League
101,#2VCVGJ,Hupfa票,0xffffce89,28000015,54371,102,Conquerors
102,#P9GJ8R09L,SisiYang,0xffa2e3fe,28000156,54367,103,Weasels Kingdom
103,#8RGYY2V8J,Wave|Felix🥀,0xffff9727,28000218,54212,104,WaveX
104,#20Q9CJ8P2,[LP] Oxotnik228,0xffcb5aff,28000262,54054,105,BO| Magma
105,#2CJRCV2LY,BB | Son Goku,0xfff05637,28000169,54044,106,StonedFighterzz
106,#22VGQQUJV,Drehin,0xff1ba5f5,28000156,54011,107,M&L Rebirth
107,#PYGYJLP8L,akademikグーえい,0xffffffff,28000003,53988,108,
108,#2GQPYG0UV,PitchD|Luca,0xff4ddba2,28000048,53922,109,ASTROWORLD
109,#PGCPY89VY,VICTORIA🇦🇹,0xffffffff,28000099,53831,110,NL KINGS
110,#8QUURC9PV,tizi #1. 0,0xffa2e3fe,28000226,53745,111,JEEL (1.0)
111,#8989GQJ9Q,💘G҉o҉d҉|Lu𝕜𝕚,0xfff9c908,28000297,53675,112,Partytime
112,#8LLYPG2LR,PT | ReX ❄️,0xff1ba5f5,28000280,53623,113,Partytime
113,#29Y8C2C2,für Odin,0xffcb5aff,28000305,53609,114,Österreich
114,#GG29PCUQ,Lexuᵒᵖ,0xffcb5aff,28000280,53515,115,DerNita
115,#9YLY8C0CL,#Der King,0xff4ddba2,28000233,53481,116,SG | Esport
116,#YL9QVGRC,Neͥקtͣuͫn🪐,0xffffffff,28000321,53265,117,🇩🇪LEGENDS #2
117,#2QCG08G9R,KiwiFNA,0xffff9727,28000102,53255,118,Tadellos Ü18
118,#8VYJ0QRJJ,あJxstLeon😮‍💨,0xffcb5aff,28000347,53226,119,GX|Gaming|🪐
119,#Y2P9JYURJ,LOU,0xff4ddba2,28000156,53207,120,Starship
120,#RCQRQ8RJ,DANGER,0xff1ba5f5,28000019,53193,121,PayBack
121,#2998URJ8R,ى🦈💸,0xffffffff,28000139,53183,122,<c9> EMBER </c>
122,#P0VYV00JV,SK | Hades ☠️,0xfff05637,28000098,53168,123,
123,#89GR8RLR2,Sir Noah 5,0xffa2e3fe,28000182,53126,124,Sky House ☔️
124,#JR9VY89G,Fyrst,0xffa2e3fe,28000061,53108,125,🏆Winners💯
125,#PJLPVGRCP,aqqqq🤟🤟aui,0xffcb5aff,28000085,53092,126,
126,#YP9RVY8GC,s a k,0xffcb5aff,28000352,53061,127,House |Club 2.0
127,#2V88VCRVP,´JRjokerˋ,0xffa2e3fe,28000140,53052,128,Partytime
128,#RCL0YJY9,Σ ﾚ ✯ 𝘾𝖍𝖆𝖕o,0xffa2e3fe,28000294,53037,129,AUT–AREA™
129,#LRRVP2GP,Nicoた炎え🌺,0xffcb5aff,28000167,53032,130,Xtreme Warriors
130,#9CU2U2G28,H҉A҉C҉K҉E҉R҉,0xffcb5aff,28000218,52987,131,CMG Ravens
131,#8UQVJRGVP,✵[฿₳₦₦ɆĐ]²⁰⁰⁷✵,0xffcb5aff,28000293,52955,132,Pain4Win
132,#8290P8QVY,mani #1. 0,0xfff05637,28000238,52954,133,Emerald Crew
133,#UV0U9LYC,PM|John 1,0xffffffff,28000219,52908,134,The Explorers
134,#8YCGCC0PC,Mühli😁,0xffffce89,28000298,52897,135,💫Zentral💫
135,#VUUJ8LLU,Sam0876,0xffff9727,28000345,52894,136,GANG 726
136,#P9PQJV9C,BBRUHfree2play,0xff4ddba2,28000163,52881,137,Wolf's Den
137,#2C889Y99U,Txc|Luki,0xffa2e3fe,28000004,52866,138,Fake 2⛏️
138,#L0L9R2J,Bro,0xfff9c908,28000139,52857,139,BJ34
139,#8LYR0RRJU,dAdx,0xffa2e3fe,28000282,52818,140,Zapyy-eSports
140,#PYLPP8QR2,Mr Galaxius yt,0xff4ddba2,28000104,52806,141,NO:ONE: Gaming
141,#20J8RGVR8,『ね•𝐍𝐢𝐜𝐨🕊️』,0xfff9c908,28000272,52801,142,
142,#8LJPVLJU,Opsimstnd,0xfff05637,28000153,52757,143,Junkompany
143,#PVGPR0GL2,AUT|Apfi🐬,0xff1ba5f5,28000159,52753,144,Austrian Empire
144,#P22JJYLV0,NBJ|Doomhammer9,0xff1ba5f5,28000297,52749,145,Nachbarjungs
145,#2QGUPLUPR,Powermigus,0xff1ba5f5,28000016,52694,146,Rest☆rt™
146,#VG0V28R9,CM|🦊Philippo,0xffcb5aff,28000305,52683,147,DeadTribe_😎
147,#82GQ2QLVP,Эмиль Алиев,0xffa2e3fe,28000330,52657,148,Newy Stars
148,#8L9VGU9R0,Schnitzel Spike,0xffa2e3fe,28000242,52605,149,DerNita
149,#PJ898U08Y,#QLS_Teufel#,0xfff05637,28000196,52602,150,Partytime
150,#8CRLVQRY9,𝐿𝑎𝑢𝑏𝑢𝑠シ,0xff4ddba2,28000335,52524,151,AM eSports ☄️
151,#2VPCP0L28,matetee🤦🏽,0xffff8afb,28000349,52522,152,
152,#RQ9YVYUR,𝕴𝔯𝔬𝔫𝕸𝔞𝔫彡,0xffffce89,28000331,52519,153,Code: AshBS
153,#P8LC22JGY,ise,0xff4ddba2,28000297,52503,154,GX|Gaming|🪐
154,#RU0U99QQ,ANITA,0xffa2e3fe,28000094,52386,155,Broken Fire
155,#8QQJ8RPG2,luis,0xff4ddba2,28000254,52339,156,QUIEN MANDA
156,#29UYG0L28,God⛩|Geckoᶜᵃʳʳʸ,0xff1ba5f5,28000176,52330,157,Mystic Hellfire
157,#9UU2Q9GGJ,ϟ|ᴇʟɪᴀs様,0xffffffff,28000163,52326,158,der aller Echte
158,#P8CPRY9YV,Barry Allen,0xffa2e3fe,28000253,52313,159,Justice League
159,#PL2UGJGG2,Bot 7,0xffffffff,28000305,52312,160,United Empire
160,#89P2UP029,Lenny❤Bobi,0xff1ba5f5,28000156,52306,161,FC Bayern
161,#GU80GPC,NLS|TheS1,0xfff9c908,28000170,52208,162,Unima League
162,#PU2QGGPQY,💫熱|sͥℓeͣeͫþƴ🧸,0xff1ba5f5,28000112,52156,163,Partytime
163,#R2C8UUV2,GAGI :),0xfff05637,28000305,52110,164,AustriaBEST
164,#P2Y2QUG9J,DasMausYo,0xffff9727,28000336,52083,165,Rest☆rt™
165,#PLJYRJVQU,☠️Baum❤️Animeシ︎,0xff1ba5f5,28000140,52043,166,ICE
166,#PRY8090Q2,dreddz,0xffa8e132,28000166,52033,167,
167,#L8JYYLULY,警察•Paul❤️‍🔥,0xffffffff,28000000,52030,168,
168,#8UU0G0C89,𝙼𝚊𝚕𝚒𝚔🌴,0xffa2e3fe,28000080,51964,169,ka•mi•ka•ze│∞
169,#L2RPU9QJC,Magstar,0xff1ba5f5,28000299,51940,170,8-BIT IS COOL
170,#8YQ9RQQ9P,D҉a҉v҉i҉d҉☢️🥂,0xffffffff,28000305,51937,171,Real Ones
171,#ULPVRCL2,IDark,0xff1ba5f5,28000231,51932,172,𝐇𝐔𝐍𝐓𝐄𝐑𝐒
172,#Y8PCUCQLR,Stefan_flyhel,0xffff9727,28000273,51919,173,
173,#Q0PQUY82U,Undertaker 🥀🖤,0xff4ddba2,28000139,51906,174,Österreich
174,#8L9YVJ2,Jonas :),0xff4ddba2,28000291,51863,175,'Sonsuz 🌸🩶🩶
175,#8CR9UPCUL,Mbappé,0xfff9775d,28000150,51829,176,💫Zentral💫
176,#PYC9LCUUL,BRWLR100,0xffcb5aff,28000297,51801,177,StonedBrawlerzz
177,#Y0VLLGQ0Y,Magichnicht,0xffa2e3fe,28000170,51777,178,The Explorers
178,#8YYR2YQLG,「Glͥadͣiͫat๏r」⚔,0xffff9727,28000273,51775,179,mrz
179,#2JY8VC8VU,『cͥRaͣzͫZyˎˊ˗,0xffffce89,28000305,51718,180,
180,#LGGYJ80JL,Headhunter,0xffa2e3fe,28000173,51693,181,LetThemCook🥭🧊
181,#2PQ88RCRL,Psycho_Hadrex,0xffff9727,28000305,51688,182,be active
182,#2J0U90RR9,戈Yoshi🎈,0xffffffff,28000231,51675,183,SD♡♪
183,#9JLGPQG9R,DC | Bennizock,0xffcb5aff,28000305,51668,184,Zapyy-eSports
184,#22JV8VP8G,Juͥstͣuͫsツ,0xffff9727,28000299,51665,185,ChillGaming🍃💤
185,#98JPGJJU2,SK|Krònóš🃏,0xffcb5aff,28000135,51658,186,Бустеры
186,#VGJLCYUG,Ṩpͥΐkͣeͫ💫,0xffcb5aff,28000291,51634,187,
187,#LLRCP2LP,𝒽𝓊𝓂𝓂𝑒𝓁 🐝,0xffffffff,28000139,51619,188,
188,#9VPG9QU2C,gandoman,0xffff8afb,28000290,51606,189,StonedFighterzz
189,#9CLJLYRG0,༺Sαℓαmi༻,0xffa8e132,28000333,51602,190,Partytime
190,#Y998LQLL,Julian 10,0xffcb5aff,28000288,51537,191,
191,#GQGG890Q,sleepylenny🤤,0xfff9c908,28000112,51524,192,AM eSports ☄️
192,#PQYV09L92,Andi©,0xffffffff,28000352,51519,193,Squid Squads
193,#8QVQ8PYYV,the gangster,0xffff9727,28000170,51485,194,BJ34
194,#9Q9U0QG82,🐣LOST|Lori,0xffcb5aff,28000297,51484,195,AUT–AREA™
195,#2922CQVUU,⛩༺𝒥ส𝑔𝕠༻ᴳᵒᵈ🎋,0xfff05637,28000130,51472,196,Hartzfear
196,#8UPRRP8PQ,Ianis❤️bob,0xffff8afb,28000129,51454,197,The Goats
197,#2CUJJQ08C,在|𝕧𝑎ℓ𝘪♤,0xfff9c908,28000102,51426,198,Partytime
198,#82L9UCJ2Y,YT:❄️Dragon🔥シ,0xffa2e3fe,28000073,51350,199,Potatoe Esports
199,#9290Y0RJ8,세지원ang,0xff1ba5f5,28000314,51344,200,Necessary
