,tag,name,nameColor,icon,trophies,rank,club
0,#89UQCJ0RG,UNI | PALMAWA,0xffa8e132,28000156,57297,1,Unima III
1,#8QRP2URPC,🔥rainder⚡,0xffffffff,28000261,55164,2,Nobody💓Else
2,#2Y9Q9LLJ8,Exwollito,0xffff8afb,28000280,53919,3,Green Bull's
3,#29V092GL,珍宝びんびん丸,0xff1ba5f5,28000305,53675,4,たまごくらぶ
4,#JUGCQRGJ,ZXC|Coconut🥥,0xffffce89,28000210,52615,5,Star Elite
5,#URY8LY89,✨彡ˢᵈᵏDazai🌹,0xffcb5aff,28000315,51689,6,®️D|eSports™️
6,#899YR8RGU,Bennett,0xffa2e3fe,28000281,51567,7,TheReefs
7,#9RVL928JP,0000,0xff1ba5f5,28000044,49416,8,MX|GÁNSTERS🇲🇽
8,#PPPV0UJLG,SK/Tony🎋,0xff1ba5f5,28000321,49402,9,LS|Miami Rain
9,#PJ9LVR89Q,Dorothea,0xff4ddba2,28000347,48827,10,Akatsuki
10,#9P9RUGJY,Cup of Joe,0xffff8afb,28000016,48718,11,Topshelf Buds
11,#8R8UUUYLG,💫Ruhtra💫,0xffcb5aff,28000346,48316,12,Noob Gang
12,#Y8YCJ8C,iHeroe,0xffa8e132,28000068,47943,13,Buena Suerte ッ
13,#C8LC8RVU,GX RICKLAS,0xffcb5aff,28000290,47021,14,Tᵐ|ITA🇮🇹
14,#2LQYPV0YC,Retro,0xff4ddba2,28000069,46651,15,Dragonika
15,#PJUJ9CP98,yoo,0xff4ddba2,28000294,46116,16,legendary💯
16,#QJCLPJGU,Cyͥruͣsͫ,0xffff9727,28000095,46017,17,Unima III
17,#92UJJYULJ,psychosomaticツ,0xffffffff,28000140,45926,18,ʜᴀᴜɴᴛ!🎀
18,#2QU0YGUL0,🐼eburak🐻,0xffa8e132,28000254,45727,19,Usque ad finem
19,#282U9G90C,jeremydu18❤,0xffff8afb,28000109,45695,20,French Frangins
20,#88CPPU282,€£M,0xff1ba5f5,28000291,45672,21,SUCUKLU YUMURTA
21,#P9L20Y9YJ,Miguel bs,0xffcb5aff,28000060,45549,22,It's showtime!
22,#9P88G29PP,슛~~어림없는,0xfff9c908,28000020,45401,23,부산
23,#QP22QCJ,CRIMINEL,0xffa2e3fe,28000219,45241,24,LightHouse II
24,#20URGGGVJ,Mythos,0xff1ba5f5,28000332,45207,25,Tempest Rising
25,#PG28CU9QR,🔪MESSERN🔪,0xfff9c908,28000314,45029,26,baobab🌱
26,#J9QYVPRQ,『𝓝𝓰𝓾』∞࿊∞٭원参あ,0xff1ba5f5,28000352,44809,27,Hell King :)
27,#L22P9YY8J,OneeGoated,0xffff9727,28000120,44740,28,your mum 2000
28,#2RRP929CY,💖Ro_Hit💕,0xffff9727,28000244,44682,29,<c4>をRAVENを</c>
29,#2LC2JY0P0,CM|MC,0xfff9c908,28000132,44671,30,Dragonika
30,#PCUY2P2G2,reaper,0xffa2e3fe,28000305,44506,31,Titans Undead
31,#2CGG2GQLV,secret gamer,0xff1ba5f5,28000228,44427,32,
32,#28PC8QLCV,Mini14,0xff4ddba2,28000017,44135,33,[TB]ESPAÑA
33,#YPYLUGV,『ฬเzקเg』爱🍀,0xffff8afb,28000303,44125,34,Baby Girls
34,#2RVVJJP0C,QLS|anubis:YT,0xfff05637,28000321,44095,35,在｜『🐤』E-Sports
35,#JQJY80VC,JoyBoy🤭,0xffcb5aff,28000305,43899,36,Team Horizon
36,#80RP9J28L,🆘コロっけ0805🇮🇹,0xffffffff,28000231,43881,37,MADEinJAPAN
37,#CGY9RRC2,✨ZETA_kira✨,0xffa8e132,28000167,43786,38,NOVA_BS🇰🇷
38,#P2UGGPP29,Fløwly o_0,0xff4ddba2,28000163,43573,39,dakiland
39,#QY9RCCVR,Pancho242,0xffa2e3fe,28000206,43486,40,SPARTANS TEAM
40,#2R0JVY92U,Baam,0xffa2e3fe,28000173,43480,41,No Pals
41,#2RQV09JCY,Арвидас,0xffa2e3fe,28000352,43453,42,BS Vitec Club
42,#LLL9C8QG2,loubaki 13😱,0xffa2e3fe,28000168,43376,43,InfInItY lIvE🎈
43,#PGJPCCVGU,ᵍᵍɴᴏʀᴇX,0xffffffff,28000047,43311,44,
44,#20R82V82L,검귀료마,0xffffffff,28000230,43295,45,AMZ 군단✨️
45,#9P9808V8G,sammybeu BS;),0xffff8afb,28000023,43050,46,Bhl
46,#20R2J2VJR,duc_kpower,0xff4ddba2,28000294,43027,47,Асгард
47,#8LLGUCCG2,kim-sun,0xffff9727,28000156,43018,48,🏆No.1🏆
48,#9UPRP9CYL,Soda luv,0xffffffff,28000278,42738,49,Black_doves🖤
49,#PP8UP892P,『🌧ᵇᵃⁱᵃⁿᵒツ』,0xffff9727,28000098,42664,50,Os Mestres BR
50,#8R9G92CGL,BS|Podbaranovik,0xffff9727,28000267,42650,51,БАЛКОННЫЕ ШНЫРИ
51,#2UPVRLJ8L,[CROW] RETROBOY,0xff1ba5f5,28000335,42425,52,Rat Hole
52,#20PVCCQUP,Кronos,0xffff9727,28000177,42418,53,
53,#JCCUUU2U,ГЕРОЙ,0xffa2e3fe,28000312,42292,54,END😣
54,#29P88UP0R,Abdullah☝🏻☝🏿☝,0xffffffff,28000120,42148,55,Kings Den
55,#988UJY20Y,Dｒａｇｏｎツ,0xffffffff,28000018,42039,56,Кавабанга
56,#20CLL8U,Trend master,0xfff05637,28000012,41988,57,No Pals
57,#22YC8YCRQ,嘿！火龍,0xffffffff,28000233,41868,58,SKy|天際軍團
58,#2CRPUJJ9L,La stars,0xff1ba5f5,28000305,41753,59,Les Galaxy Star
59,#YJLPUGYUY,Shevrik10,0xfff05637,28000277,41688,60,👑AZERBAYCAN👑
60,#8UPP8CVRV,Ярик,0xffa8e132,28000288,41595,61,Robot's Kingdom
61,#YURQJ2JUV,💥Joel💥,0xfff9c908,28000226,41560,62,EL SALVADOR 503
62,#2Q888G2CP,INC|Toys🧸,0xffffce89,28000348,41405,63,Cactus eSports
63,#8GQLUV9V8,FK|LeStu,0xffcb5aff,28000305,41343,64,
64,#20GCGLGC,• Shady •,0xffcb5aff,28000164,41164,65,APS
65,#89V02L0,Thinker,0xffa8e132,28000280,40965,66,Tibet Warriors
66,#8LRPQVPRY,Meroo|👅👅👅👅,0xff1ba5f5,28000320,40780,67,곰곰이와친구들
67,#2C8YRJV,[rps] prime,0xffa8e132,28000276,40765,68,
68,#2LV020PUR,Dusk2.0,0xffff9727,28000077,40729,69,
69,#C9PRY2LG,☔️~_~☔️,0xffcb5aff,28000156,40723,70,
70,#YQY90U8GR,Arniko/#*!?,0xffff9727,28000300,40642,71,Brawl Assassins
71,#P00J2QU0G,Meliodas ninja,0xffff9727,28000205,40544,72,Lesnos
72,#PRYCJ99JG,G2_AJ,0xffcb5aff,28000297,40493,73,
73,#PJV98QR82,나이트메카크로우GEON,0xfff9c908,28000298,40420,74,한☆경
74,#9J0QGVYPP,blöder mann,0xffcb5aff,28000129,40378,75,OnlyForGoats
75,#8YPQUGLYR,NABIL,0xffcb5aff,28000305,40363,76,G2 ESPORTS
76,#9V9LLLLPJ,PurPoseLess,0xffa2e3fe,28000310,40317,77,<c7>Ｇ</c>ＯＬＤ
77,#2UG0JU9RV,Mr|Virus_142💔,0xffcb5aff,28000310,40293,78,MaLuHa
78,#2VCY9PYJL,Danua TOP,0xff1ba5f5,28000332,40272,79,fight club
79,#P2QGUGJCU,FixEye,0xffa8e132,28000140,40215,80,KING 👑
80,#PR0QCRJJL,BIBI,0xfff05637,28000185,40104,81,PonçikSpor
81,#8Q8JRVYJL,满船清梦压星河,0xffa2e3fe,28000002,40102,82,无间道
82,#9URUP9JY2,Baluu,0xffa2e3fe,28000349,40079,83,🌑moon hunter🌕
83,#PRPVJQRCQ,(хрыч)солфетка,0xffcb5aff,28000348,40077,84,НУ ЛАДНО ТОГДА
84,#8GJLPLPU0,KF|Sh∆dOw,0xffff9727,28000061,40000,85,cronus
85,#2GRCLJ9YG,Ultimate✌,0xff4ddba2,28000067,39869,86,DreamTeam
86,#2Y9Y8QLCC,설주석,0xffcb5aff,28000314,39744,87,금빛섬광
87,#80YCY80QP,이주환,0xffcb5aff,28000289,39658,88,LIBERTÉ🔰
88,#Q8CG22GY,ZloyW0lf🔥,0xffffffff,28000060,39579,89,𝕊1×𝕋𝔼𝔸𝕄ツ
89,#Y2PLJ8JJP,[АУЕ]СНЮСОЕДКИ,0xffcb5aff,28000347,39494,90,Blue Label
90,#LCGY2L9RQ,-broly-,0xffcb5aff,28000233,39311,91,GhostTrees
91,#LJY9UJG82,Анастасюша,0xff1ba5f5,28000221,39251,92,Леон
92,#8UR9L0GCG,TTM|Andrea,0xffffffff,28000183,39204,93,Crowned Players
93,#8YVJ80YJR,윤이아부지,0xfff05637,28000173,39195,94,Nuclear Power
94,#PR9QYQRQ8,루이비똥,0xffff8afb,28000352,39165,95,아무나
95,#8VU9PJGQ8,𝕎𝕚𝕫𝕫𝕪,0xffff9727,28000132,39090,96,Только олдам
96,#9UPP22CYL,⚡carlos⚡,0xfff9c908,28000170,39057,97,pasen videos
97,#2L2R0JQL9,RexBrave,0xffffffff,28000170,38984,98,
98,#LL29YGP2G,ker pro,0xffcb5aff,28000223,38979,99,team_savoie🇲🇫
99,#LCL88008G,김뽀썽,0xffa2e3fe,28000305,38962,100,gogotron
100,#2CYQPGCUV,bob,0xffffffff,28000254,38934,101,MRK
101,#Y2CPJYLV,Антон CoC CR,0xff1ba5f5,28000126,38933,102,WINNER ONE
102,#2Y00V2V2Y,uniqAMOR🤍,0xffcb5aff,28000314,38911,103,
103,#LGV92QLU,dubz:)👅,0xff1ba5f5,28000226,38873,104,
104,#99C28YU09,쁘띠,0xffa2e3fe,28000332,38848,105,모여봐요브롤숲!!!
105,#9GCQ0P2J9,SPED ALERT,0xfff9c908,28000152,38747,106,
106,#200VU08LY,Venzy ψ,0xff4ddba2,28000229,38730,107,
107,#2YJY2GQGV,sasok,0xff1ba5f5,28000335,38678,108,Острые крылышки
108,#9GJQLPVP2,tt||kere4ik||🥀,0xfff05637,28000140,38635,109,HowToDoPL III
109,#28GQYGCQL,boom30000,0xff1ba5f5,28000305,38600,110,TheRealPlug
110,#2G0JPJJ9P,7up|mosin,0xffffffff,28000221,38427,111,
111,#PR8VLUVUR,EGORIK,0xffcb5aff,28000225,38324,112,ВАПЕРНОС
112,#Q98GQULP,killua🧿,0xffffffff,28000168,38277,113,LOS PROS OMEGA
113,#YP08UPUG0,NAVI|SaMyRai|👑,0xffff8afb,28000291,38114,114,Club #2RCG2L0Q0
114,#889UG9JGU,עיליי המלך,0xffffffff,28000348,38046,115,💎P҉oKiNa҈!!💎
115,#8C9LULRJU,Roma26,0xffff9727,28000073,38024,116,гей клуб
116,#9QQUG99QP,шлёпа228,0xffff8afb,28000023,38005,117,Brawl All Stars
117,#8PLUJP80G,RaynHeartz,0xffa2e3fe,28000295,37999,118,Pomegranate
118,#2QU802JGP,EnerSpike,0xffcb5aff,28000041,37967,119,il Club della G
119,#PYJ0UJJQQ,RLD|ExiHip🎋,0xffffffff,28000226,37926,120,пупсы💘💘
120,#YCPC8VRJG,ẞŜ | ĄŊÐŖØ🇬🇪,0xff1ba5f5,28000253,37912,121,GEORGIA🇬🇪🇬🇪
121,#2UC8GY9L,GX VinMarAle,0xff4ddba2,28000000,37822,122,
122,#289LPR0YC,#BİLALTETİK#,0xfff05637,28000023,37773,123,PRO TEAM
123,#9RYJL8CL0,Alex,0xffffffff,28000016,37762,124,Кабанье стадо
124,#2JCJPC0QY,SAMURAI⚔️,0xffa2e3fe,28000132,37720,125,☔BS | SPORT🥀
125,#2VU2PULP9,croquet 354,0xffa8e132,28000301,37699,126,FC chômeurs
126,#2JRY9PJUQ,Leo_Messi_10,0xfff05637,28000023,37658,127,Boujee Boys
127,#800VYPC2P,Dr.Gonya,0xffcb5aff,28000033,37627,128,Bᴏᴛ1ᴋɪ🤡
128,#88L89P89L,준우맨,0xffa2e3fe,28000352,37614,129,브롤전설최고
129,#QJC0YGVR,Спуйк,0xffffffff,28000132,37576,130,
130,#89QQ2L2RP,MR.GANG👺,0xffcb5aff,28000095,37572,131,
131,#PQ2YL2GVY,хочу Амбер,0xffffffff,28000132,37559,132,ландыши
132,#PUL2Q98J8,TT | LIMONKA,0xffcb5aff,28000110,37472,133,jorni
133,#P9Y8UV9G,１箇所に集まってくるな〜,0xffcb5aff,28000147,37459,134,
134,#2J9V2PR2L,2pac☢,0xfff9c908,28000087,37400,135,
135,#UG9C0L8Y,BrandiePlays,0xfff05637,28000151,37331,136,TeamUprising
136,#20LPYQ9Q2,☆LEÓN.CRAK☆,0xff4ddba2,28000347,37274,137,losramis3
137,#2C2LPQUJY,⛩「LeGeNdS」⛩,0xffa2e3fe,28000132,37255,138,PRIME E-Sports
138,#PCL28UQ2Q,lorgest🌪,0xfff05637,28000226,37186,139,
139,#CGJGPYC8,NaVi|Zornix⚽️,0xffffffff,28000132,37111,140,
140,#92JRR9GLY,проект доню все,0xff1ba5f5,28000158,37090,141,Miss
141,#9QYYVJJPY,[AIS]DIMA,0xfff9c908,28000095,37014,142,
142,#PJ0R2Y9PG,TAPA,0xffffffff,28000075,36999,143,БИБИ И ЛОЛА И
143,#9VQY8YJU,ala,0xfff05637,28000280,36993,144,Clubezão
144,#28JLJ0PC0,Da stitchmister,0xffff9727,28000347,36985,145,CBSC Freinds
145,#9JQR2UGJQ,ensarenes,0xffa8e132,28000014,36966,146,Viel Spaß
146,#2999YCR0C,MRS|WASSIM,0xffffffff,28000147,36923,147,🇵🇸BROSEA⚔️
147,#2CQR8PV00,Szczęsny,0xffffffff,28000136,36886,148,Traksa💜
148,#8L2J8QJY9,肥鼠給你一套,0xffffffff,28000272,36850,149,綠牌大作戰 嘿嘿嘿
149,#8URP0V28J,Messi 10,0xff4ddba2,28000255,36841,150,ɪᴍᴍᴏʀᴛᴀʟ
150,#QVGQG02C,RohrRotze❤️,0xffcb5aff,28000278,36833,151,Belli
151,#9G0R89UUR,나천재,0xff4ddba2,28000228,36816,152,GHØST
152,#8UUCQ8GQG,かきくけごま,0xff4ddba2,28000095,36780,153,オクテット
153,#P98CLLCYY,ICE|GaMeR🥶,0xffa2e3fe,28000151,36768,154,DF 2
154,#9VQ2QGPUP,대장토끼여왕,0xffa2e3fe,28000173,36727,155,Ace
155,#CLVJPLC9,Little|Shark 🦈,0xffcb5aff,28000341,36702,156,
156,#U2CRLRQ0,☠︎☬༒~w1ƶøǥ~☠︎☬,0xff1ba5f5,28000125,36668,157,zt.ua
157,#8L80PU9Q8,QLS|☔️MeRcY☔️,0xffa2e3fe,28000249,36666,158,Lanix Clan
158,#YCQ0JUYUL,⛩Rzm|46🥀🔥,0xffffffff,28000000,36611,159,Bester Club
159,#8RJ8PQ009,BHS|KING_ROCK,0xffcb5aff,28000226,36481,160,242Ninjas
160,#8P02UYGUQ,SUPERCEII,0xfff9c908,28000106,36428,161,As Mayo
161,#PPJYYPV0Y,Tn|WipPo🦛,0xffcb5aff,28000335,36403,162,FRIZY | KINGS
162,#8GRQP92GJ,pokopik2,0xfff9c908,28000347,36371,163,Топы России
163,#2RPG092C8,💫𝓼𝓪𝓵𝓮𝓷¥👿,0xffcb5aff,28000156,36370,164,Your club♥
164,#8JC9UP28,$×$|Fede🔥,0xfff05637,28000139,36365,165,ITALY|On top!
165,#2L08CQC8P,NaVi|Scelet,0xfff9c908,28000132,36341,166,☄️Comet Squad☄
166,#2CRJ2R8G0,ᵐʳ|𝑭𝒆𝒃𝒓𝒊𝒌,0xfff9c908,28000132,36302,167,ФАНАТЫ ММА❤️
167,#LQ9GUPCUU,jolan,0xffff9727,28000168,36158,168,SKYDARK
168,#YJ980RCCJ,Spike star,0xffa2e3fe,28000069,36155,169,The Club
169,#28Q9VLC80,Bot 1,0xffa2e3fe,28000349,36112,170,<c2>BT Club</c>
170,#YR00LJLC,Ŧźęøźツ,0xffcb5aff,28000291,36098,171,BRAWL STARS OK
171,#2JYJUVY2C,PaT0|APRP,0xffcb5aff,28000267,36046,172,Kuromi Team 🖤
172,#PUYRPP9Q,DJ,0xff1ba5f5,28000348,36043,173,WP | Sports
173,#28RJUYVVY,TT | Rona,0xffa8e132,28000286,36026,174,DoubleDown
174,#9VPGGGP9U,ALI,0xffcb5aff,28000017,35990,175,
175,#9GLULUJQY,syharik0ff,0xffa8e132,28000095,35985,176,1TL
176,#Y989JLVGU,Иллка,0xffcb5aff,28000228,35912,177,regii fottbal9
177,#PY8P8GVUU,immod,0xffcb5aff,28000228,35887,178,
178,#G22RQ2CL,moosecraft,0xffa2e3fe,28000138,35861,179,best players
179,#2C88UQRCU,1243,0xfff9c908,28000348,35849,180,brawl masters
180,#2Q2PRP0L8,전설,0xffa2e3fe,28000333,35788,181,클럽이름
181,#QJCJL98U,Kronos,0xffffffff,28000000,35772,182,
182,#8U0GC9U02,nemas,0xffcb5aff,28000224,35763,183,
183,#Y0QVV8QPU,⛩️Rzm|64🥀,0xfff05637,28000132,35762,184,легендарка
184,#29LGUPYJ2,미노세리노,0xffa8e132,28000000,35733,185,B.B SWEATS
185,#P8Q8VQVVC,⛩BERKAY|🥀,0xff4ddba2,28000341,35721,186,YT:Musab_BS
186,#2Q88JR8V8,Candy,0xffcb5aff,28000024,35717,187,
187,#2RQY2282R,밤톨아빠,0xffff9727,28000255,35711,188,예크으을
188,#8P090VV80,ZETA|ElPoco❤️,0xffa2e3fe,28000087,35678,189,Soul Valley
189,#82V8RYQ0Y,moncake s,0xffcb5aff,28000346,35659,190,9ehi
190,#9LLLLLGR0,Pro,0xff4ddba2,28000148,35657,191,invisable ghost
191,#LP8GJC008,Enhanced242,0xff1ba5f5,28000262,35655,192,
192,#2V8YJUYCY,(-_-),0xffff8afb,28000335,35649,193,CraftedBrawlers
193,#2UGL9QPRJ,SC|BLACKING,0xffcb5aff,28000265,35624,194,BOOMTEAM
194,#2QPU00Y98,л1л снюсик,0xffcb5aff,28000222,35601,195,Непоседы
195,#2R0LJCL90,Anikilo,0xfff9c908,28000165,35600,196,REPIGALA
196,#80C0YCQL,ClashGames,0xff1ba5f5,28000275,35578,197,
197,#8RCY288G9,Borodach Lena,0xffa2e3fe,28000084,35566,198,🌊prosy🌊
198,#2YYQYCUVP,Evil rostek,0xffa2e3fe,28000297,35564,199,matusrurik3535
199,#PGQQCUUUU,калаш,0xfff05637,28000335,35534,200,Paprotniki🌿
