,tag,name,nameColor,icon,trophies,rank,club
0,#9GJPJUQGJ,Xorox❤️‍🩹Byrox,0xffcb5aff,28000273,80238,1,Tribe Turkey
1,#QLU8YLP0,〤𝐑𝐚𝐟𝐢𝐗❦ᴛ๓,0xffcb5aff,28000278,71731,2,vMoove
2,#JP9P0LJG,Byrox❤️‍🩹Xorox,0xff1ba5f5,28000302,71171,3,ᴅᴀɪʟʏ
3,#29UYQ90J9,ℂℝ| 𝑩rownies🪐,0xffff9727,28000000,67552,4,Illuminate ✨
4,#98C0VR8J,あ|Bommer ❤️‍🔥,0xff4ddba2,28000322,67284,5,vMoove
5,#9PRU2PJUP,༄𝑺𝒌𝒚𝑷𝒓𝒐✨,0xfff9c908,28000020,66947,6,
6,#2PJJCLPUU,暗|IDarkLex💜,0xffcb5aff,28000129,66850,7,tontonflingueur
7,#JQ20LV8,Motivation.,0xfff9c908,28000142,66754,8,Unima Gaming
8,#820CQ2L8L,lol gamer,0xffff9727,28000182,66226,9,BP|<c5>GANG</c>
9,#2UU929P89,MO | 𝙰𝚕𝚎𝚡🦋,0xff1ba5f5,28000095,66174,10,TL|Team Luzou
10,#P09YVLGCU,を|ȤagƦeus,0xffffffff,28000336,66064,11,ᴅᴀɪʟʏ
11,#2JJ9JP2CQ,😈Lqcas_God💘,0xffcb5aff,28000176,65999,12,Skill issue NL
12,#8J8PVCRQ8,ANAAN ʕ•ᴥ•ʔ,0xffff8afb,28000020,65744,13,Dysphoria
13,#920J9G20V,Alk4pote,0xffffce89,28000020,65596,14,
14,#Q2R90U2,❄️Hero Ben❄️,0xfff9c908,28000332,65352,15,The Crown
15,#88CPLYRQ,😈Milanᴾᴿᴼ💘,0xff1ba5f5,28000175,64860,16,Skill issue NL
16,#988U8V89,Di Matteo❤️,0xffa8e132,28000136,64661,17,RealDutch
17,#8LLLQVVRQ,ᵒᵖ|Öʍɛʀ🧸,0xffcb5aff,28000150,64465,18,Puit♡
18,#JQ2J8RGP,夂|Sεʀʀε Fɨøɴツ,0xfff9c908,28000137,64348,19,F/A India
19,#PQV8Y0U0P,NeyͥŦiͣkͫFix꧂,0xff1ba5f5,28000299,64195,20,TI | TEAM
20,#8PGPCQJ8Q,ANMLS |parano,0xfff05637,28000211,64002,21,Animals ❤️‍🔥
21,#2VCR2GV,Asjio♡︎,0xffff8afb,28000334,63943,22,tontonflingueur
22,#YLRLC2YYJ,NML|♡Nonante⍨,0xff1ba5f5,28000253,63685,23,16-14|Esport🏓
23,#U8R82CQ9,VORTE乂ᴷⁱˡˡᵧₒᵤ🥀,0xff1ba5f5,28000129,63274,24,YT : ELCANGRI
24,#PJ0PQL8PL,君|mattis🌴❤️‍🔥,0xffffffff,28000230,63235,25,RealDutch
25,#JR90JR2L,『 Kakϟ💞ᵒᵖ』,0xffa8e132,28000123,63216,26,skill>trofs
26,#9GLQ9VV9,xEimøz®,0xffff8afb,28000261,63163,27,<c5>P</c>halanx
27,#PUJYRJJVQ,愛~LilouZ❖,0xffffffff,28000346,63084,28,VV eSport
28,#QPGVJC2U,𝑵𝒐𝑵𝒐𝒔𝒔𝒆❦,0xffff9727,28000104,62768,29,
29,#9VLQRU0UR,GW|Keanoツ,0xffffffff,28000296,62626,30,<c5>P</c>halanx
30,#99VV0Y2RC,Treinenfan,0xffffffff,28000230,62498,31,BP|<c5>GANG</c>
31,#VVGVC88,私はCursed🤍好き,0xffffffff,28000140,62495,32,SY Origin
32,#PYGVPQ9JG,ＤＥＡＤＬＹ | ˢᵐᵒᵏᵉ,0xffffffff,28000295,62459,33,SY Origin
33,#VGQ8GRCU,𝚂𝚎𝚠𝚜,0xff1ba5f5,28000003,62390,34,Animals ❤️‍🔥
34,#888G90PYP,SK | la nooob🕊,0xff1ba5f5,28000044,62388,35,Dutch Leaders
35,#2YYG92Q0Q,妥|Jσᴊoᴳᵒᵈ🐣,0xffa2e3fe,28000231,62289,36,Ꝉҽʂ ҠìӀӀҽɾʂ ™💣
36,#R89VG8YL,Knoepert,0xfff05637,28000136,61966,37,The Crown
37,#82CR9RVYQ,Cédric,0xff4ddba2,28000016,61941,38,BN|Family💘
38,#8QQYGYPU,ilyas,0xfff05637,28000305,61737,39,Little Italy
39,#2C98CUPCG,c royal,0xff1ba5f5,28000352,61584,40,L'ÉTOILE ROUGE
40,#YL0UY0UY,SWT|Panda🐼,0xffff9727,28000244,61496,41,☆ | パンダはかっこいい
41,#20GVG9CJ,Barca,0xffa8e132,28000136,61453,42,The Crown
42,#9PQJQ9Y80,florian,0xff1ba5f5,28000037,61435,43,DeathMoon
43,#9RGPQ0YVU,➳Snowy☁️,0xfff9775d,28000331,61382,44,BN|Family💘
44,#82C2YCPC2,𝓛𝓮𝔁❥,0xff4ddba2,28000140,61238,45,Reply Totem DE
45,#899UUYCRP,★ֆaͥภdͣyͫ🃏,0xffa2e3fe,28000112,61223,46,
46,#L2P2Y0CU,Babar🪐,0xffffce89,28000333,61140,47,SY Naoxx🐺
47,#VY0C88C8,DaddyHeintje,0xff1ba5f5,28000096,61120,48,<c5>P</c>halanx
48,#Y0YYLY9,MᴿÐαrTrαȥ🧝‍♂️,0xffffffff,28000196,60956,49,Two • Time
49,#90PYYQYGP,ßΣ | 丹ƬÖ︎₥Ꭵ乂🌺,0xff1ba5f5,28000066,60895,50,We love play💙
50,#PGPCYPRYC,MiKey❤️‍🔥,0xffffffff,28000321,60892,51,DeathMoon
51,#8P20YCQ9R,Tristan❤️Elise,0xffff8afb,28000004,60875,52,The French |BS
52,#8YJJYGVPJ,GW|Thibautツ,0xff1ba5f5,28000140,60833,53,Reply Totem HU
53,#9PJLVY22Q,Cruelty,0xff1ba5f5,28000293,60820,54,DeathMoon
54,#V9P0JJQC,casi,0xffa8e132,28000112,60798,55,De Oude Eik🌳
55,#Y202L2PGR,BP|Flor🏝️🍟,0xffffffff,28000305,60748,56,BP|<c5>GANG</c>
56,#2JRCR8VP0,wout on carry,0xfff9c908,28000301,60724,57,GoatLife
57,#8CG082QYC,Sneaky ˢᵘᵖʳⁱˢᵉ,0xff1ba5f5,28000302,60692,58,Beastclan
58,#9PGL89QU,GW|Jarnoツ,0xff1ba5f5,28000305,60686,59,<c5>P</c>halanx
59,#Q09PGLQ9,RD | lutima🔥,0xff1ba5f5,28000349,60452,60,RealDutch
60,#98PQUR9QP,穂| DⱥrҜ Noภo❥|⛩,0xffcb5aff,28000014,60371,61,Spirit Gods Duo
61,#2U8JCP8UG,Mathıas,0xff1ba5f5,28000291,60293,62,The Crown
62,#22LVQPLVR,⛩|Iz_zI🥀,0xffa2e3fe,28000129,60284,63,
63,#2CUR9PQ9C,Party,0xff1ba5f5,28000058,60278,64,<c5>P</c>halanx
64,#2Q9UUQ0GG,🦆| Ducklingツ,0xffff8afb,28000286,60265,65,TheBlackWizards
65,#9CUGLJ2,NoXidyA,0xfff05637,28000262,60254,66,Unima Gaming
66,#V98PLRU0,『ʰᵉᵃᵈ⚔️shot』,0xffff8afb,28000263,60236,67,BN|Family💘
67,#Y2YCJY,MrCaᴅᴅɣ🤍,0xff1ba5f5,28000175,60179,68,Fantas-Tick
68,#9L2L90CR,🐲| ƵEDF₳Xᴳᵒᵈ,0xffcb5aff,28000014,60157,69,
69,#R8UVJYUR,龙|Ƭђἰɓ❦,0xffffffff,28000262,59972,70,⛩sombre 桜
70,#JC0UR2YY,Xoross,0xffcb5aff,28000327,59907,71,Azadian
71,#9YJ8QJ0U0,Kyano🃏,0xff1ba5f5,28000347,59787,72,no invite!!!😡
72,#QUQPQ8JJ,AGa,0xffffffff,28000092,59773,73,Unima Gaming
73,#QG0J90VG,deathmax,0xfff9c908,28000095,59602,74,vMoove PiliPili
74,#99V2CLYJQ,Yoshiko 元,0xffcb5aff,28000302,59577,75,𝙳𝚊𝚛𝚔🥀
75,#88L0R0JYC,Aℜzoͥบzͣoͫบ💖,0xffcb5aff,28000126,59396,76,A Few Clown Men
76,#JLPJVR8V,SLT|MAD,0xff4ddba2,28000021,59355,77,Slt|la terre 🌍
77,#PCC28GLQU,妥ℛyͣzͫ❦,0xffcb5aff,28000294,59226,78,Crack_Heurs〽️
78,#2CR2L8UG9,DM|Jigsaw ☔,0xff4ddba2,28000101,59205,79,DeathMoon
79,#V8C8288,Sébolavie ❤️,0xffffce89,28000224,59115,80,DeathMoon
80,#2Y0CUU9PQ,愛~FabianZ❖,0xff1ba5f5,28000349,59108,81,BC*|Gaming GER
81,#PGRRQ2PU2,Tiger🐯,0xffff8afb,28000023,59023,82,<c5>P</c>halanx
82,#2CQLQRQPR,Robbe🌴,0xff1ba5f5,28000175,58958,83,Blauwe Paprika
83,#2UL08GVJ,PBS|WATER×FLAME,0xffcb5aff,28000064,58917,84,i bomber
84,#PUP9PUYUY,DM|ToxicMo⛈️,0xff1ba5f5,28000056,58911,85,DeathMoon
85,#22JQQCVCQ,Patôlentille🤍,0xffcb5aff,28000345,58909,86,Layan_tv
86,#98JVYG8JJ,𝙉𝙚𝙠𝙠𝙤💘,0xffffffff,28000210,58895,87,SunnyPirate⛅️
87,#YJVG2UU,Zecca ❦,0xffffffff,28000136,58864,88,
88,#9CVCQCU2V,Yxlo々,0xffffffff,28000305,58842,89,BN|Family💘
89,#2YUY0VLPY,𝕃𝕦𝕡𝕦𝕤メ༄,0xff4ddba2,28000285,58758,90,☆ | パンダはかっこいい
90,#998LRUC99,Chaton Ultime🍞,0xffffce89,28000123,58724,91,Brawlers
91,#PQ8JPQJLU,FIFA Master,0xfff9c908,28000023,58719,92,✨Commonality ✨
92,#9QQ9JCPRC,DM|Reflexツ,0xfff05637,28000004,58681,93,DeathMoon
93,#9RLCCGL0,⛩️|Emile 64,0xff1ba5f5,28000136,58673,94,L'ÉTOILE ROUGE
94,#92UYYPP,SLT|EA7,0xffff8afb,28000167,58644,95,Slt|la terre 🌍
95,#P9Y0L09C2,𝓝𝔂𝓬𝓮𝓻𝓪𝓲❦,0xffffce89,28000333,58609,96,DeathMoon
96,#P90JQCYJU,gassy❤sunny,0xfff9c908,28000335,58560,97,Bawz Army
97,#L0RGJVJY,Mer ❤️Lisa,0xfff05637,28000301,58515,98,<c5>P</c>halanx
98,#8LGCUUV89,Mr Limon4ik,0xff1ba5f5,28000175,58500,99,CT
99,#288QUPCLL,LB|genesis nils,0xff4ddba2,28000290,58468,100,Animals ❤️‍🔥
100,#PCLLURC82,🪐Toxicc❦Elvin,0xff1ba5f5,28000096,58377,101,BIJ DE CLUB
101,#9UUYQPLVC,walter,0xffff9727,28000095,58221,102,FC OWEE 🐐
102,#QRPPG9V,strontvlieg,0xff1ba5f5,28000140,58175,103,<c7>A J N</c>
103,#8QYRJVP0,EC|Hotaro💘,0xffffffff,28000321,58155,104,EternityCry ✨ 2
104,#98YQJC8CG,Moustique,0xfff9c908,28000349,58147,105,L'ÉTOILE ROUGE
105,#Y9VGUG9Q,#bella-kotchap,0xfff9c908,28000283,58138,106,SY Origin II
106,#98UJQY2GR,⛩|RENZO 64🎋,0xff1ba5f5,28000164,58113,107,BP|<c5>GANG</c>
107,#YJVJ9V9,bits シ,0xfff9775d,28000279,58071,108,The Crown
108,#9J9V0RUC,JensV14,0xff1ba5f5,28000272,57956,109,Belgian Legends
109,#PPYQQPU8V,🌪Kasper🥀,0xffcb5aff,28000281,57940,110,
110,#2PGR8RVC8,robbe,0xffff9727,28000031,57890,111,DeathMoon
111,#2P80RUU8Y,Hector,0xfff9c908,28000122,57805,112,DeathMoon
112,#YPR0P0RCY,𝓐𝓷𝓰𝓮𝓵❦,0xffff9727,28000123,57801,113,Die Tafelrunde
113,#YRURLLJYY,梅爾|Ma3l0202|梅爾,0xffff9727,28000335,57795,114,π/2
114,#80GJUQGLP,𝐋.𝐝𝐮𝐩❤️‍🔥,0xffff9727,28000135,57788,115,Skill issue NL
115,#PV9GQUJ0C,⛩|Mr_Ls YT🎋,0xffa8e132,28000152,57713,116,AE|JusT Play
116,#QUVRLYG8,WD|Karel,0xffcb5aff,28000334,57684,117,WeDominate II
117,#Y202CY92J,🥀|Ihakxxqu🀄️,0xffcb5aff,28000046,57674,118,Béatitude2.0
118,#QG8QR9JL,Adri Tib☃️,0xff1ba5f5,28000284,57655,119,
119,#PYRYJ2GQL,NoROje🍊,0xffffffff,28000000,57574,120,NK|Supɾeɱɑcʮ
120,#YLJQ0LPG,BOT|NootIssue🥷,0xff1ba5f5,28000273,57570,121,SHIELD NL
121,#889GGJ0U,OWEE|Angela,0xffcb5aff,28000135,57563,122,Little Italy
122,#9CVGLVC8L,❦𝘽lue🖤™,0xff1ba5f5,28000263,57550,123,BX|blue 💙
123,#2LYG2RJ2,warno2006,0xff1ba5f5,28000000,57543,124,RealDutch II
124,#VL8UL92,<◇Drowzee◇>,0xfff9c908,28000279,57504,125,BP|<c5>GANG</c>
125,#9PJJCQY9J,antoine,0xff1ba5f5,28000188,57473,126,Come-back 3c3
126,#9QUQYYRJG,NoLiFer❤️‍🔥,0xffffffff,28000018,57439,127,Invincible
127,#20CLYVU8V,Omar112,0xffa2e3fe,28000299,57432,128,RealDutch Elite
128,#9GVGR0YLJ,MINCAH,0xffcb5aff,28000029,57430,129,Ꝉҽʂ ҠìӀӀҽɾʂ™²💣
129,#GCYRC0G9,💞Sky|Alm🥀,0xffcb5aff,28000290,57393,130,AUT–AREA™
130,#9QYL08RUU,CM|Kyzo,0xffcb5aff,28000041,57392,131,Unima Gaming II
131,#C8080CGR,CM| Pomr2d2,0xff4ddba2,28000170,57310,132,BE•Universe
132,#2CYY2QPVR,journée,0xffffffff,28000009,57297,133,Animals ❤️‍🔥
133,#JPVGLCQL,YT | MrZsKy 💜,0xffcb5aff,28000000,57190,134,
134,#9JLC8VC2Y,ZeCcroxYTB,0xffcb5aff,28000000,57172,135,Ku Kush Club
135,#2Q80PRLUG,jebentlelijk013,0xffff9727,28000137,57165,136,Dutch warriors
136,#88GYJYUPV,Mr. Gopi ツ,0xffcb5aff,28000014,57159,137,Thunder Squad⚡️
137,#2ULC0VL02,SG | Maҳɨ₥ɛ🖤,0xffff8afb,28000200,57096,138,Illuminate ✨
138,#809YRQPJ,jͥązͣzͫeƤ,0xff1ba5f5,28000311,57052,139,avishai
139,#2PGPJPLGL,DᴀᴅᴅʏVɪɴᴄᴇ↯シ,0xffff9727,28000272,57008,140,BelgianArmy🇧🇪
140,#CLV8CL08,Moboss❤️‍🔥,0xffcb5aff,28000014,57005,141,Invincible
141,#Y80UVQV,Witte,0xfff9c908,28000205,56990,142,<c0>P</c>halanx
142,#89YPYR90,🧊FrostBones×͜×,0xffffffff,28000321,56981,143,PannicK House
143,#2Y8CVPVVQ,𝘉𝘦η ﾒ в ℓ α,0xff1ba5f5,28000168,56961,144,Kamikaze
144,#88PV009C,SM | SAM,0xff1ba5f5,28000273,56954,145,Ꝉҽʂ ҠìӀӀҽɾʂ™³💣
145,#PC8QYYQC8,Brawl Ninja,0xffcb5aff,28000222,56951,146,tus mullaos
146,#QLL08QYRU,Ares,0xffff9727,28000272,56928,147,Dutch Leaders
147,#PQUY2Y0R9,dertie,0xffa2e3fe,28000156,56895,148,The RoyalGang
148,#9J2000UJU,JxQ | Lizard🤍,0xff4ddba2,28000140,56832,149,JxQ eSports
149,#2JPUR9UCY,Pingou.SPECTRAL,0xffffffff,28000020,56820,150,New Dawn
150,#9R8Y0UQ,Maxime,0xfff05637,28000263,56818,151,
151,#288YC099Q,semson en gert,0xff1ba5f5,28000229,56803,152,StarsRoyale
152,#CPJJ08JU,⭐Raph⭐,0xff1ba5f5,28000294,56785,153,vMoove PiliPili
153,#UVPC9GYV,Immundus,0xfff05637,28000098,56758,154,Kayzr ©️
154,#8V8RGLU8C,BE|Lolo,0xffcb5aff,28000273,56744,155,We love play💙
155,#82RR92QG,♣️jakketurb⚽️♣️,0xffa2e3fe,28000207,56722,156,de zieke zotte
156,#282RGJ2QV,🍻|CɴCᴍʙʀᴇ🥒,0xffa8e132,28000163,56663,157,Spirit Gods Duo
157,#L9P999U,Xon3z🤯,0xffcb5aff,28000335,56651,158,
158,#8JLQ89R9U,TL|Trolleur,0xffcb5aff,28000000,56640,159,TL|Team Luzou
159,#YG8LQ09RL,BS|ARNE 🇧🇪,0xff1ba5f5,28000072,56625,160,DeathMoon
160,#9Y8JRLRR8,Zri 🥀,0xffcb5aff,28000332,56594,161,
161,#PC8RQU028,LTR|JustGivra🌺,0xffff8afb,28000138,56578,162,L’⭐️ ROUGE B
162,#2GYRJ2GQL,Katsumi,0xffcb5aff,28000041,56484,163,Prominence
163,#8YVVU08UU,❄snow|시카이저❄,0xffcb5aff,28000035,56479,164,KLT 챔피언십
164,#8U2V8PPL8,⚠️♠️Djeuke♠️⚠️,0xfff9c908,28000156,56458,165,de zieke zotte
165,#LJPLUL,🐍|Zartexシ,0xfff05637,28000255,56439,166,Fantas-Tick
166,#88VJCRCR8,愛~𝐌𝙖Ե𝙝𝐘❖,0xffcb5aff,28000350,56429,167,pantaflouze
167,#902CCJ2JJ,Ǥhͥosͣtͫ𝕽𝖎Đer,0xffa8e132,28000259,56419,168,SuperStarS
168,#20JRL00PJ,Farniendel,0xff4ddba2,28000016,56399,169,❄️team|E-sport
169,#908YG8U0Y,BP|FLX2609 🏝🍟,0xfff9c908,28000334,56376,170,BP|<c5>GANG</c>
170,#VJCYG2JY,BE|악셀💠,0xff1ba5f5,28000000,56361,171,<c9>Goat</c>
171,#2L8YQJRU0,◤฿lⱥcͥҜbͣiͫrd◢,0xff4ddba2,28000095,56336,172,No Life
172,#2JRPV8Y9Y,ᴍøʀø ʟᴀᴅʀøɴ 😈,0xffcb5aff,28000347,56306,173,WZ|SPN|
173,#8900P89RQ,😎SG|JEAN😜,0xffcb5aff,28000335,56248,174,Shining Stars
174,#LQP0YP82,Eldokay,0xffff9727,28000331,56241,175,The Wing
175,#2VCYYPU0V,poyoma,0xffff9727,28000254,56216,176,FC OWEE 🐐
176,#GUPJCR8P,enrique,0xff1ba5f5,28000138,56131,177,
177,#2L2LLC902,CRZ|Ben,0xffcb5aff,28000305,56090,178,BDC Team
178,#80QR02JP,sakke,0xffa8e132,28000310,56037,179,TrueLegends🔥❤
179,#899V2JG0Q,NL | Godzy,0xffcb5aff,28000338,56033,180,No Life
180,#2P0V0GLYP,☠art de 5♡☠,0xffa2e3fe,28000017,55973,181,『ŁØsτ℘rØs』
181,#UJYYVPQL,4enyXa|ᶜʳʸ☔ᵐᵒʳᵉ,0xffffce89,28000349,55973,182,✨️PARADISE✨️
182,#82UCQGL2U,我;-; LEON ;-;我,0xffff9727,28000321,55951,183,🈵|€spoRt❤️‍🩹
183,#R2JC2QVL,Pacoboy,0xffa8e132,28000136,55864,184,<c5>P</c>halanx
184,#GVUURQ9,Ex |C@rr¥støf〽️,0xff1ba5f5,28000175,55829,185,ɢᴇʀᴍᴀɴ ᴀʟʟɪᴀɴᴄᴇ
185,#99GVGUY,🫠ṈᎥgh†ᗪemση🃟,0xffcb5aff,28000233,55805,186,LUXEMBURG
186,#90LQCGJYC,🌺Iftylià,0xffcb5aff,28000352,55775,187,Creative Legend
187,#2QU8RG99G,メScrow 🤍,0xffcb5aff,28000349,55736,188,EternityCry ✨
188,#8GU2LG,skZ⚡️,0xfff9c908,28000305,55689,189,Unima IV
189,#9RQQQYL0Q,beste bear 1,0xff1ba5f5,28000187,55651,190,Quit
190,#2Q8QLRV89,Mensenklomp,0xff1ba5f5,28000310,55622,191,Kukies
191,#PCUR9Y9V,Brawler,0xffcb5aff,28000228,55508,192,H1 |Hollandia
192,#JJ8VJPV0,Deku,0xff4ddba2,28000317,55496,193,NLLIONS
193,#2UUQ8UJRG,༺Leͥgeͣnͫd༻ᴳᵒᵈ,0xff4ddba2,28000322,55488,194,De Panda's
194,#UJR9P822,Creftix,0xfff9c908,28000290,55469,195,<c0>P</c>halanx
195,#G9JR8RCP,Basaze,0xffa2e3fe,28000278,55451,196,PERIFAMILY
196,#9YLR82JCG,Relou,0xff1ba5f5,28000170,55382,197,Adulte France B
197,#RRVUQ2LU,Osix🐻,0xffff9727,28000242,55301,198,French Team
198,#2LCQCYUVY,TB|Sebastiaan,0xffcb5aff,28000207,55286,199,MadeInChina
199,#9Q0JJLCG8,agent,0xffa2e3fe,28000126,55270,200,RealDutch Elite
