,tag,name,nameColor,icon,trophies,rank,club
0,#8GR2VP2GJ,Арбузик 2,0xfff05637,28000045,55333,1,ХУЛИГАНЫ 2
1,#2V2UQGGJ,Donut,0xffcb5aff,28000132,51671,2,
2,#PV0QYGJUL,люблю аришу,0xffa8e132,28000050,51329,3,СтаRина
3,#2UUPYG0GG,VÂTSÃL,0xfff05637,28000263,51197,4,TKE|PRIME
4,#2GCUU9LYY,BS|☔T҉o҉m҉m҉y҉⚠,0xff4ddba2,28000266,50611,5,JOKER OFFICIAL⛩
5,#2QJUPVR2G,BOSS_4,0xffcb5aff,28000330,50365,6,СУПЕР ТИМА
6,#8GPJ2Q8CL,폭행몬스터,0xffffffff,28000263,50242,7,엄빠클럽#1
7,#LUGV9P0G,⚰️Мега Папочка⚰,0xffffce89,28000132,49845,8,TCJ GERMANY
8,#YQRGRR8VP,Николай,0xffa8e132,28000095,48979,9,House🏠💟🏠🏡🏘
9,#L0J80GV2Q,sebas🦁🦁,0xffa2e3fe,28000335,48860,10,Shadow Alliance
10,#89099UJGJ,[LP] MAX,0xffffffff,28000177,48514,11,folga
11,#Y8CVQ0RCY,МолодойДед,0xffff9727,28000277,47951,12,8XL7XN
12,#YR0RV2C8,Sebastian Sultz,0xff1ba5f5,28000331,47940,13,<c7>ASTRA</c>
13,#2QUY28VUJ,rusik,0xffffffff,28000129,47581,14,
14,#2LU9RLVJU,SerSero,0xfff9c908,28000341,47068,15,PRo MeRKeZi
15,#QLVGG0QL,[MMA] FLEM,0xff4ddba2,28000281,46897,16,
16,#29QL829Q8,勝利だけRewin,0xff1ba5f5,28000135,46670,17,SwiftFlow💞
17,#R8VQYRV8,OP | Savanna,0xffff9727,28000272,46623,18,You can 🏆
18,#22QYYYVJR,SORA,0xff4ddba2,28000139,46403,19,BL|BlackLegion
19,#PQPCVGJUY,ура лега,0xffff9727,28000136,46339,20,
20,#JP22CV9C,ADMYLUCK,0xff1ba5f5,28000225,46321,21,Pro Drillers YT
21,#2V8U8CVRC,GX Lorenzo,0xff1ba5f5,28000207,45948,22,锋某不是疯某
22,#PYQC88PRG,[ПОТ]ПУПОЗЗИ,0xff4ddba2,28000221,45812,23,🔥Hot Flames🔥
23,#PC88CLG9Y,YT | TOMWISH🧸,0xff4ddba2,28000199,45699,24,L’⭐️ ROUGE B
24,#YLY0VRQ9L,люблю толю,0xffa8e132,28000050,45663,25,СтаRина
25,#8Q9RG922,💔|Stasik 🥀,0xffa2e3fe,28000341,45452,26,ẞæstøk cłªn
26,#9CYYPC0VQ,(Pro)Вадалейкин,0xffcb5aff,28000305,45195,27,
27,#PGU99G98R,OP | Shprotex,0xff1ba5f5,28000175,45069,28,FerociousBeasts
28,#LYLPQV9GG,АКАУНТ ВЗЛОМАН,0xffffffff,28000019,44909,29,myafki🐾
29,#8LQ2Q8PGJ,muse,0xff1ba5f5,28000207,44671,30,
30,#L9CC2JCRG,TT | IceMortis❄,0xffffffff,28000018,44651,31,❄️Ice Team❄️
31,#YLV29RRR,FaYeR♡︎,0xffa8e132,28000274,44637,32,Golden Weekdays
32,#8CLLGJCU8,Ḅŀäċḳ🖤Ḳïŀŀệŕ,0xffff9727,28000061,44303,33,*GR*|ACADEMY*
33,#Y8QLU8GVC,Ґіфф,0xffffffff,28000135,44140,34,Angels
34,#22LR9LVUY,радио улитка,0xffa8e132,28000294,43727,35,мяу❤️‍🩹
35,#8C0YRVU0V,365.Drakula🦇🌙,0xffcb5aff,28000345,43584,36,365
36,#9RPGVYLJ0,ZETA|KOSTAS,0xffffffff,28000335,42682,37,ZETA|TEAM
37,#2UUJCRJGQ,ساحق الجماجم,0xfff05637,28000304,42482,38,مسعري الحروب♙♟
38,#L9JLQY8PJ,Noon☔,0xffffffff,28000207,42298,39,Dark Chimikal
39,#RCYJQQQ2,유현준,0xfff05637,28000352,42228,40,가입된클럽이없습니다
40,#PCRY8LYCQ,FURKANSAHİN,0xffa2e3fe,28000352,42216,41,ROMAO2
41,#280QRV008,TT|LATMI🦫,0xffffffff,28000037,42113,42,NINJAGO HOUSE🥷
42,#98R0L8V0R,ホヌkumxrr✟,0xffff9727,28000341,41781,43,Cʟᴏᴜᴅʏ Wᴏʀʟᴅ 在
43,#PVR0JYCUJ,_/🍀KleBer🍀\_,0xffff8afb,28000337,41726,44,💠Frostmourne💠
44,#Y92Y9VGPQ,ｚｏｎｅ,0xffa2e3fe,28000096,41722,45,Arab legends🌟
45,#LLPJ2R0V9,JR2.0,0xffa8e132,28000065,41684,46,Alpha Titans
46,#PCRVUUQ8V,🌪️(TURAKU)77!,0xffa2e3fe,28000072,41679,47,wortguru
47,#LLULQGQP0,Crazy Gamer,0xffcb5aff,28000305,41610,48,jep jep
48,#C8CJRU88,Twissko💞95,0xffffffff,28000220,41562,49,AGO ESPORT 🔥
49,#2VJVJJY0Y,RUS//_Пингви_,0xff1ba5f5,28000048,41497,50,Never On Time
50,#92CQGP2RP,Peluchin103,0xff4ddba2,28000200,41299,51,
51,#9PQ90QVVG,bot,0xffffffff,28000159,41295,52,Amazone🔥
52,#L9Y2LL0,Admin_Crow,0xffcb5aff,28000290,41049,53,СУПЕР ТИМА
53,#Q2LYQYUQC,The conqueror,0xffffffff,28000288,40827,54,BRAWL CHAMPIONS
54,#29CPPY98U,Леон,0xffcb5aff,28000286,40738,55,Cherry🍒City🌆
55,#V0U808LC,대한민국,0xffff9727,28000078,40558,56,yolo
56,#J2YVPL89,Al,0xffa8e132,28000262,40534,57,<c6>MEOW</c>
57,#Y2RQR999L,умка,0xffcb5aff,28000293,40528,58,BS|KING
58,#YPCUVY90V,ТЕРМИНАТОР,0xffff9727,28000061,40461,59,ОЛИМП
59,#920LYY92P,тёма,0xffcb5aff,28000164,40443,60,хлебобулочные
60,#2YJ80QU2Y,Efsane Efe,0xffa2e3fe,28000207,40442,61,bay[kendi]
61,#9VPRQYPRV,Mark йож.123,0xffffce89,28000336,40406,62,_bravl_UA
62,#YG0UV0QJ,arno1296,0xff1ba5f5,28000064,40391,63,Saix en Pce BC
63,#Y2PC89LY,DragNinj🐲™,0xff1ba5f5,28000229,40364,64,Majesty BS ⚜️
64,#82R2G82UQ,SaneX🤍,0xffa2e3fe,28000225,40279,65,<c6>Galaxie</c>
65,#PYC0LLV9G,WIN DIIZII A31,0xfff9c908,28000061,40194,66,papitos 👅🤟
66,#98J2URGLJ,джин777,0xffffffff,28000159,40188,67,Da Brawl Boys
67,#9LP0GR9VQ,БРИГАДА_ars_,0xffcb5aff,28000220,40098,68,🇷🇺ШД🇷🇺
68,#8V0J09VU9,Андрюха,0xffa2e3fe,28000023,40072,69,
69,#YVQ8CGC90,ccg,0xffffffff,28000141,40053,70,шакирующие гипо
70,#LJ89809P,KAYRA PRO,0xffffffff,28000296,40004,71,kabe
71,#YCG8Y20VU,احمد,0xfff05637,28000255,39750,72,جعويط2
72,#9G8JP00RC,LegendaryFelix,0xffa2e3fe,28000246,39664,73,50g dudu hr
73,#YVLRGLJUU,@-_-@,0xffa2e3fe,28000233,39425,74,DARKNESS
74,#28GGCCRJ8,𝚝𝚘𝚡𝚒𝚔𝚒𝚌e,0xffcb5aff,28000305,39392,75,banan.pl
75,#8JPJLRPQY,🙃TUĞBA🙃,0xfff05637,28000113,39364,76,PRo MeRKeZi
76,#Y9829UU8Y,[ГДЕ ЛЕОН],0xff1ba5f5,28000305,39317,77,
77,#CJL8JVGU,Manel_013,0xffff9727,28000159,39278,78,🤡|Club
78,#P2GC2CV0C,KS / Chipmunk🐿,0xffff9727,28000156,39182,79,YouTube|TheDark
79,#UYLLYC98,🔥(БАН)EgorYT🔥,0xffcb5aff,28000297,39122,80,ВЕЛИЧАЙШИЕ 😇
80,#8CV99JG8V,GX corvo,0xff1ba5f5,28000242,39028,81,
81,#9UJLCJGYP,H@KUN@M@T@T@,0xff1ba5f5,28000085,39004,82,Turkish Racers
82,#80LU28C8P,Дей Мос:)YT,0xffff8afb,28000277,38989,83,last08
83,#L82800YP8,👑resul 👑,0xffa2e3fe,28000182,38936,84,🔮Vσʀȶє𝕩...🛸
84,#YYVQVYYJ,[au] саня,0xff1ba5f5,28000293,38935,85,☘️KANOHA☘️
85,#RYJGRVU8,georgeo777,0xfff9c908,28000305,38901,86,AE Chill
86,#RYJ98QRU,Spiuk YT,0xff1ba5f5,28000236,38893,87,Los_Pokers-4B
87,#9VRQLUJJ8,LuckySandro,0xffffffff,28000023,38862,88,Show No Mercy
88,#2U9QGP8YJ,unaxprogamer,0xffa2e3fe,28000137,38324,89,los progamer
89,#8LUQPJ82,minik,0xffff8afb,28000166,38278,90,avcılar
90,#VCYG2RPV,Enemy,0xfff9775d,28000144,38226,91,[Pro]Brawlers
91,#UJVYYVY8,Caimazake,0xffffce89,28000073,38164,92,Vanishing Hope
92,#2PJ8JCY,GD GØD Mito mm,0xffa2e3fe,28000294,38058,93,Os mano da 181
93,#9GG00YC2Y,/$BLETBLAST$/,0xfff9c908,28000156,38046,94,Team Ukraine
94,#PRJQ800VJ,GØT |♠️NOOBY🎮,0xff4ddba2,28000179,37977,95,банда леги
95,#8Q9L02GU9,YuSuF Joİn,0xff4ddba2,28000294,37838,96,Dutch Carry🔥2
96,#8GRVY8PUY,❤️DasDayPlay🖤,0xffffffff,28000291,37775,97,
97,#V2RLQQCU,zak,0xffffffff,28000322,37712,98,🫀FK | Eʟɪᴛᴇ🔱
98,#LJP9RCCR9,🌌AQM|LAĐ🌌,0xffffffff,28000183,37707,99,Pendulum
99,#28LC08C29,LUCAS CLASH ON,0xffa2e3fe,28000150,37463,100,Sharingagan:v
100,#2VJL8Y02Y,Bade Behice,0xfff05637,28000064,37443,101,Bodrum Marmara
101,#Q8Q0Y908,tipo_grenka,0xffcb5aff,28000112,37427,102,
102,#9PCRQGLC9,5의행운,0xffcb5aff,28000129,37421,103,스찰부대
103,#PG8RQR0V8,мортис-мотрас,0xffcb5aff,28000156,37413,104,Крош ёжик
104,#L0CVQ89,радио черепашка,0xffff9727,28000115,37277,105,
105,#RG2C8YVP,ТОПОВЫЙ БАНАН,0xffcb5aff,28000022,37244,106,
106,#2LCV8J0CP,Tomato,0xfff9c908,28000132,37025,107,
107,#2UCUJY8C,егор,0xff1ba5f5,28000335,36919,108,NyXeN
108,#YPR2R29YC,✞☠DEnᴾᴿᴼ,0xffa8e132,28000021,36828,109,sigmy szefa
109,#99G0V82RP,miks2.0,0xffa2e3fe,28000275,36819,110,
110,#8GC282ULL,GX Graffer,0xffff9727,28000312,36767,111,The Avengers
111,#8GQVG9JJQ,легА,0xffcb5aff,28000230,36762,112,Буст Стардропов
112,#YYVGY2P99,EYTYXIA,0xffa2e3fe,28000224,36686,113,AEK MONO
113,#98CPCQ02U,TOMAR753,0xffa2e3fe,28000014,36657,114,FOCUS
114,#9JLRUUU8L,7777,0xfff05637,28000179,36635,115,🦎Malipush🇺🇦
115,#8GL99CLPP,❄️Supreme Bot ❄,0xff1ba5f5,28000348,36543,116,
116,#90VQ229U0,Yaya🐧,0xffffffff,28000341,36515,117,
117,#202RQG9Q8,purple guy,0xffcb5aff,28000132,36510,118,
118,#8V0LLPQV2,Yasushi,0xffcb5aff,28000224,36509,119,CHIPIguys
119,#8LG99VY0,GncAli,0xffa8e132,28000021,36444,120,Burgaz
120,#2Y20P0R9C,tomar753,0xffff8afb,28000054,36410,121,YT.Amin Həsənli
121,#2LQQYLRCP,Pedro Clash On,0xfff9c908,28000206,36379,122,♡QLS|Family♡
122,#2CQUJL2JC,BiBi Gamer_YT,0xffa2e3fe,28000345,36356,123,Doom Slayer
123,#292R22J0Y,глебк,0xff1ba5f5,28000314,36326,124,
124,#8UJ299VJ,Tenzio,0xffffce89,28000225,36234,125,🥀Omega|Pump🔥⚡
125,#PLPVLLV09,KAKASHI HATAKE,0xfff9c908,28000226,36210,126,Hellas III
126,#QQYQJCQJ,B0G|LeRoyalle,0xffffce89,28000349,36158,127,PIPI PIG
127,#99LYUJGJP,DRISK♣️♥️,0xff4ddba2,28000232,36130,128,Veterans
128,#L0VCVRJP8,ТТ Rojer_Kustov,0xffffffff,28000000,36079,129,✨woltik ¦TT ✨
129,#VCQP8JLQ,криво клык,0xffcb5aff,28000130,36074,130,PIVBAZA
130,#8C9GVV9LY,Bilalkurtte,0xfff9c908,28000207,35913,131,Play To Win🕊
131,#2LUPLYC9C,XRHC,0xfff9c908,28000091,35873,132,Amicizie
132,#PCC2QCRCU,няσуαℓє12,0xff4ddba2,28000248,35864,133,homies
133,#L2CYCQJ9,Melissa🕊️Pe4?,0xffffffff,28000292,35813,134,MEFEDRON
134,#PJVV8QYQL,⛩️|Esm64🎋,0xffcb5aff,28000262,35739,135,‘Sadece Türkiye
135,#2VVYVCRYJ,ThundercookieT,0xffa8e132,28000228,35719,136,
136,#P90VRY29C,☢grandayzar☣,0xfff05637,28000017,35714,137,الجزائريون
137,#2YLQU0LJY,李屁屁,0xfff05637,28000280,35680,138,你很勇嘛
138,#Y0LVQ9C80,maximus,0xffa2e3fe,28000229,35583,139,FIRE|ITA🔥
139,#L80QVUC0,ZERO💤,0xffa2e3fe,28000132,35546,140,Brawl Russian
140,#8QY880VG2,królcamaro1,0xffcb5aff,28000290,35526,141,Di3k Town
141,#2LUG880RC,Geog,0xffa8e132,28000155,35526,142,geogzu
142,#92G92QUC2,Матвей,0xffa2e3fe,28000061,35476,143,Легенда
143,#8Q20CQ9YJ,憎|🥀hokage🎋♡,0xffcb5aff,28000294,35462,144,
144,#V0R8C0UP,฿₳₦ V Ⱨ₳₮Ʉ,0xffa2e3fe,28000349,35459,145,ELITE[elit]$
145,#29R0L9YR,ИЗМЕНИТЬ ИМЯ,0xfff9c908,28000170,35459,146,NaVi
146,#PR0QPRUR8,Рободар,0xffcb5aff,28000154,35457,147,Brawl Stars
147,#VPCUCJL,🎋PÃŊÐĄ🐼,0xfff05637,28000335,35451,148,LEGENDARY
148,#90GY9YR09,GRIEF,0xfff05637,28000226,35369,149,VAndalSquad
149,#2R9LYPVQJ,Pedro sola vc,0xff1ba5f5,28000347,35269,150,<c2>Elite</c>
150,#8GGGCQY9,BM|MROU,0xffa8e132,28000132,35246,151,BM|BRO MOMENTO
151,#YCRCLVR0P,[БАН]Дима,0xffcb5aff,28000305,35231,152,<c9>MONSTER</c>
152,#Y2CL9GL22,cüneyt,0xffff9727,28000103,35208,153,pro lar
153,#LPLLCLJC2,قلب الاسد,0xff1ba5f5,28000349,35207,154,الـقـرا☠️صّـنـه
154,#8V8RCQGYY,⛩️LEGENDAᵇˢ⛩️,0xffffffff,28000135,35205,155,
155,#9L0P2V2C,Димооон,0xffa8e132,28000080,35158,156,LESON_YT
156,#J90J9YUP,sandro,0xffa2e3fe,28000305,35122,157,Les rois
157,#YQQJQP88U,🌴Blue_panda✨,0xff1ba5f5,28000182,35102,158,
158,#99G0L2RRC,[BS]ĞŁĚБ¥ШĚĶ,0xfff05637,28000211,35082,159,GlЕБYШЕKteam
159,#2CJQG288L,Iking,0xff4ddba2,28000305,35054,160,LA Lions
160,#Y9CLJGGR,도렌,0xffcb5aff,28000078,34976,161,
161,#9G9UY0RJL,👑TSAR👑,0xffa2e3fe,28000163,34947,162,
162,#28PUC90V0,GTS | Predator,0xff1ba5f5,28000069,34862,163,GTS❤
163,#9Q2RP8UJU,Arsenic,0xff1ba5f5,28000336,34833,164,brawl stars
164,#82U8PL2GJ,SDT/LUCIFER,0xffcb5aff,28000076,34820,165,The Lost
165,#8LUPPQYQU,RIFAT✌,0xffa8e132,28000226,34816,166,
166,#2UYRLV2GQ,GURU GAMER,0xfff05637,28000271,34716,167,CLUB WARRIOR YT
167,#2RUVG80PP,7em1k🤤,0xffcb5aff,28000336,34638,168,Been to Hell
168,#8V0YCQGLL,K҉S҉A҉_҉5҉1҉1҉,0xffcb5aff,28000341,34565,169,𝑻𝒂𝒚𝒍𝒐𝒓
169,#8CYQ89CQU,BFA,0xffa8e132,28000304,34554,170,Gaspard_19_BS
170,#UU2P82UC,i.c.k.k.c.k1,0xffa8e132,28000156,34550,171,
171,#99VQLPUUU,GXPeppe,0xffff9727,28000151,34520,172,Forza Italia!
172,#Q0G8P08R8,Emir Grom,0xfff9c908,28000332,34468,173,German Legion
173,#9U2JJG88J,[MMA]toper🏅,0xffffffff,28000056,34420,174,Edgar4ik Team
174,#PGPRJYCJC,про777,0xffcb5aff,28000023,34411,175,master plan 333
175,#2J00VQP2J,✓✓✓✓✓,0xfff9c908,28000132,34407,176,Black🤍Squad
176,#2VGPJJLUU,ŤHË ŤHÝHĀŘĐ,0xff1ba5f5,28000332,34407,177,Helados de 🥥
177,#Y2V982J8J,Vladys,0xffa2e3fe,28000226,34373,178,
178,#J82PCGQU,paulo123,0xfff05637,28000272,34258,179,BrawlPapusCorp
179,#L0Y20CV8P,_An343dz_,0xffffffff,28000139,34220,180,Greecefriends13
180,#8YUVCRQUJ,Marshmello,0xfff9c908,28000305,34220,181,Kankalar
181,#2RYLV0G8V,BrwnTwn2Proud,0xffa2e3fe,28000078,34210,182,
182,#92P9JC98R,король,0xffa2e3fe,28000023,34159,183,клуб юндт
183,#YU29JRQV0,Z҉E҉R҉O҉,0xffa2e3fe,28000249,34097,184,
184,#8R0PJL2LP,skci,0xffcb5aff,28000128,34095,185,SherifAli
185,#VPP2R2UU,🖕🏻Lakach💀,0xfff05637,28000128,34048,186,Ковбои
186,#YYJCUUV8L,AtomicSamurai,0xffcb5aff,28000272,34028,187,EFSANELER
187,#988GCRRGG,torn3ira,0xff1ba5f5,28000300,34007,188,
188,#9LYCUJ0P0,Ivysaur,0xff4ddba2,28000164,33999,189,SPIRIT Takers
189,#PL208GY22,Даник,0xfff9775d,28000156,33957,190,Зуб За Зуб
190,#LQRY8QYY,NIKSSI YOUTUBE,0xffffffff,28000228,33917,191,Volcano Carry🌋
191,#888VPYPP0,MÂÑDÔ,0xffa2e3fe,28000284,33912,192,Ring E Sports
192,#Y0Q2U8LJU,que miràs bobo,0xff4ddba2,28000000,33838,193,Philix
193,#L2U2CGRLL,Emrah,0xffa8e132,28000156,33804,194,TÜRKİYE
194,#PPQJY9JGJ,kisуля,0xffa8e132,28000261,33795,195,LDZ e-Sport
195,#9JPQ9GCJ9,buzz,0xff4ddba2,28000067,33775,196,Sopapo's
196,#9V8J880V8,Frosty,0xffa2e3fe,28000271,33768,197,⚽️zwolle⚽️
197,#8CCLRYJVQ,КУЗЯ,0xffcb5aff,28000207,33717,198,Russian Demons
198,#Q0CP80QLQ,bro@@@123vasa,0xff1ba5f5,28000271,33691,199,топи чели
199,#PL0LC2VQQ,jegvh,0xffa8e132,28000314,33608,200,
