,tag,name,nameColor,icon,trophies,rank,club
0,#C89LLQL2,小秦,0xffa8e132,28000339,61557,1,
1,#8LQVJ00PG,#SUSHIBOY,0xff1ba5f5,28000345,53146,2,трезвый фикус
2,#YP08JYLR9,やoͥlsͣkͫa,0xffcb5aff,28000176,52391,3,Second Sight
3,#8VJV2J92J,IHATETHSWRLD💔,0xffff8afb,28000102,50304,4,Forward Team🍃
4,#8UUR09R8Y,brawllилья,0xfff05637,28000168,49749,5,токсик
5,#8C0229UPL,mumu,0xff4ddba2,28000254,49008,6,AQS♧babouchka
6,#8GQP0LQ8Q,Jacob 🐣💛,0xfff9c908,28000262,48180,7,ᴛᴀᴍᴀʀɪɴᴅᴏ|TNQ
7,#20PCJLPLU,fish🐬,0xffffffff,28000095,47504,8,GOD PLAYERS
8,#292C2RJJ,ByDracko57,0xff4ddba2,28000151,46705,9,Ayuwoki
9,#PCCY2CPQL,あ|Braziz💛,0xff1ba5f5,28000337,46542,10,🍓🍇🫐
10,#L99Q2Q820,Back4Ground,0xffffffff,28000255,46524,11,Dangerous Club
11,#9GU2RCPC0,⛩RZM64❤️,0xffffffff,28000173,46049,12,⚡Dragon⚡
12,#VP9928GQ,Ватой мужик,0xffcb5aff,28000130,46031,13,blackwhite5
13,#P9V2RGV8L,葉|•𝐃𝐚𝐧𝐢•🥀,0xffffffff,28000175,44829,14,Genesis
14,#2JQ8JVVUR,★★Saeed★★,0xff1ba5f5,28000044,44613,15,Brawl pirates
15,#8CP2J9GVU,el loser tonto,0xffcb5aff,28000333,44490,16,TopsSxvx
16,#LGGYRU88,Hambu,0xff1ba5f5,28000175,43397,17,QLASH|YouTube
17,#9YCP8929J,biba Pirat,0xff1ba5f5,28000148,43339,18,
18,#8PRLLRC8,パワえもん,0xfff9c908,28000290,43200,19,ゆかた淫the worlD
19,#2CU9JL9UY,rico,0xff1ba5f5,28000286,43162,20,La Bea💎
20,#8RYVJYGJR,EvgenEvgen,0xfff05637,28000255,42572,21,FFA|TEAM🌀⭐
21,#9YU8U8GGJ,🕷️|Bizarrap‡🥀,0xff1ba5f5,28000278,42542,22,ESIMIOS
22,#UC8G2GP8,Я БЬЮ ЖЕНЩИН,0xffcb5aff,28000228,42477,23,
23,#8GU9LQCV,percebeCOOL,0xffcb5aff,28000064,42327,24,los zopilostes
24,#2YCVLCG0P,lukas,0xffffffff,28000349,42250,25,StonedFighterzz
25,#9Q0JLGL2G,悪魔|zeynox,0xffa2e3fe,28000263,41952,26,惡魔LŪNÅR🌒月亮
26,#22R2PQJGJ,Паша Ювелир,0xffffffff,28000307,41877,27,беляшики
27,#G8089VL8,QLS|Igna10,0xff4ddba2,28000341,41735,28,PALTEC
28,#2CYQJ82L0,Harel,0xffa8e132,28000347,41544,29,🌀Konoha🌀
29,#Y99RJ9V8V,путь радуги,0xfff05637,28000226,41512,30,
30,#V0CP2LLL,Filonek,0xffffffff,28000225,41414,31,PG Academy
31,#902GGUCPJ,🌆/Ħ₳₦₮ɆɌ~🗽,0xffffffff,28000138,41318,32,PABLO BAND🌵
32,#89PJQUGCP,крейсер,0xffffce89,28000047,40924,33,
33,#99JJ9V200,kraven,0xffff9727,28000061,40845,34,BrooklynBrawler
34,#QR8RGP9R,𝗠𝖆𝘅𝖎𝖒🐬,0xffff8afb,28000184,40651,35,<c3>Fis</c>hy🐠
35,#2VUCY2QRL,❤️☠️wrecked❤️☠️,0xfff05637,28000278,40521,36,TiltedGamers YT
36,#PY2Y9C8YU,★Marciozim★,0xffa2e3fe,28000335,40350,37,resenhasBR
37,#2LUCULRG8,Arminou,0xfff05637,28000281,40326,38,Ɓ$|$ÑØW❄️
38,#2VRRR8PL0,준휘,0xff1ba5f5,28000037,40240,39,07
39,#8PG02J9GC,twins08,0xff4ddba2,28000349,40174,40,I CICOMONZI
40,#8Q9LY9P02,Bad Boys,0xffcb5aff,28000291,40155,41,София и Миша YT
41,#L89V82JQQ,GSW CHAMPION !!,0xffffce89,28000335,40073,42,Energy Drinks
42,#99PPPJC90,tu ex,0xff1ba5f5,28000018,39767,43,REALG4LIFE
43,#Y9U29LGC,🔥Miami_ultra🔥,0xffcb5aff,28000348,39634,44,Pray for us
44,#Q88VL2JGL,Denon,0xffa2e3fe,28000262,39617,45,A 8 YT
45,#8G209JVG9,Snipe,0xffff8afb,28000073,39583,46,클럽리그
46,#QLYQV9JR,Brawler,0xffcb5aff,28000336,39530,47,CMG Poland 2
47,#P02RLYGL,razrushitel 💥,0xffcb5aff,28000033,39468,48,Бобренки🥰
48,#89QVRVUYP,💗VILONBABY💗,0xffcb5aff,28000305,39405,49,Smokinbuddha's
49,#8RVPRYPJP,⫷⚔K̷o̷M̷a̷R̷⚔⫸,0xfff05637,28000180,39368,50,Banda Kaktusa🌵
50,#Y2PUL8P9Q,ᴋᴀᴇɴᴀ|後,0xffffffff,28000343,39301,51,[BS]RUSSIA
51,#828YCJ8P8,מנגו100,0xffa2e3fe,28000207,39053,52,🚗 car
52,#8RVU8CUCG,JOHAN👿🤡,0xff4ddba2,28000347,38957,53,classroom
53,#9Q8CQ2RL0,Full_Dark,0xffffffff,28000104,38920,54,клубная лига
54,#20JLLGG02,Âĺůč@řð,0xffa8e132,28000290,38723,55,Boosted
55,#P00LPJ2CY,橱┃卄卂刀尺卂乂☔,0xffffffff,28000000,38710,56,
56,#ULRR9G2,Battleking,0xffcb5aff,28000196,38689,57,The Gladiators
57,#9RU2YLQCJ,TTM | Eletrow,0xffcb5aff,28000349,38686,58,ITALIA🇮🇹
58,#9LVU90099,рифат,0xffa2e3fe,28000151,38000,59,G&H
59,#9RRJ292J9,👻GG|LANZ👻,0xffa2e3fe,28000228,37938,60,Бандерас 🇷🇺
60,#89RYPGY2Q,soft🐣💛,0xffffffff,28000301,37929,61,★Dᴀʀᴋ Sᴛᴀʀs★
61,#2Q2292RJC,lei,0xff1ba5f5,28000281,37872,62,Fuchs 🦊
62,#8GGRLJRG,Kewabro,0xffffffff,28000140,37837,63,Клуб:  #2CGPVYUQV
63,#88JJVCLU,⭐️Gezim⭐️,0xfff9c908,28000090,37802,64,GOD GOLD GLORY
64,#208R20VUR,timo679,0xffcb5aff,28000169,37695,65,679
65,#22RJY08U8,転生したうめ,0xff1ba5f5,28000348,37671,66,ワンダーキャッスル
66,#2QL98UCPJ,gio,0xfff9c908,28000170,37542,67,the Hulkies
67,#Q8Y8P8PY0,АУЕ БАСОТА,0xffffce89,28000029,37448,68,GeGas
68,#P9LLRR9GJ,efe06,0xffcb5aff,28000096,37389,69,YT:Lquisen
69,#2YUPVCVL8,ToXiCWiDo,0xffa8e132,28000225,37377,70,cannabicos
70,#8UPCCPUCV,DDnl⚽,0xfff9c908,28000305,37370,71,Unity Alliance
71,#222YUUC8V,b01t🦋,0xff1ba5f5,28000081,37359,72,<c8>D.U.S.T</c>
72,#2GCCV2LC0,Bot1,0xff1ba5f5,28000231,37296,73,KLZ|FUNCTION
73,#9Y8Y0999Y,✔干Ử尸६₦￥❄,0xfff05637,28000132,37278,74,Амгонгус
74,#PG9RPVLY0,Dzeks.pro,0xffa2e3fe,28000197,37219,75,rejan
75,#PY2YGV2Y2,Боец,0xffcb5aff,28000274,37000,76,SecretGarden🥀
76,#8GVQ0R2G8,дурак,0xffffffff,28000183,36882,77,
77,#8JLVCP9L0,fishyfatface,0xff1ba5f5,28000252,36843,78,X ™
78,#9Y28PRUJV,[ЭЛЬ] TikTako,0xffcb5aff,28000247,36622,79,UP
79,#29JLQQ2J2,Ġøŝĥęx,0xffcb5aff,28000132,36573,80,The Dungeon
80,#8QJLVLPP,UGYENTHEFOX_YT,0xff1ba5f5,28000293,36525,81,Yeagerists
81,#CLQ2CCRP,alalx,0xffffffff,28000077,36381,82,
82,#PR00J8RJY,Юра,0xfff05637,28000310,36325,83,Sunrise's SQUAD
83,#QGVUJU0C,14Karat,0xffa2e3fe,28000335,36180,84,Эээээээээ
84,#UGY98YP2,👻GG|LEVSIK 👻,0xffff8afb,28000018,36176,85,
85,#8VLCQURRC,☔️ToP4iK,0xffa2e3fe,28000156,36112,86,Badus team
86,#PL9U2RRL2,Tunar YTB,0xffcb5aff,28000003,36030,87,NV|E'Sports
87,#9RJGCPQ2C,rata,0xffffce89,28000273,36025,88,
88,#2P9RPV8YV,DrEaM_TeAm,0xfff9c908,28000298,36001,89,Kawasaki sqad
89,#9JRVQ90R,FAze_Toxico,0xff1ba5f5,28000333,35805,90,Baby Loco
90,#8V0R8Q2V8,지호,0xff1ba5f5,28000207,35721,91,현질하면 흑우
91,#8C8YURYJJ,🤡spin to r30🤡,0xffff8afb,28000332,35580,92,Dino Nuggies
92,#2CPVGL92U,QLS/FLOSER🔥🥀,0xffcb5aff,28000335,35533,93,QueerKidz
93,#YLRJUP2V9,Oskar@Pro#,0xffa8e132,28000176,35456,94,LIGHTNING GANG
94,#82URVVQ89,El Primo,0xffcb5aff,28000066,35435,95,
95,#LC9R0LC9P,AML|Hanysh🌙✨,0xffffffff,28000096,35405,96,winners
96,#R8Q90VVR,FST|>>—ZASFM—>,0xfff05637,28000130,35395,97,MEGASUPERULTRA
97,#9QVRLG2RL,tibiman,0xffff9727,28000254,35393,98,Brawl | ESP🇪🇦
98,#G9Y82V8P,PRO GAMER IS H,0xffff9727,28000156,35388,99,Cosmit TEAM
99,#8QQ0YP9Y2,Ar|Dede pro 👀,0xffffffff,28000170,35324,100,❄️Ice Force☃️💙
100,#R0R228YV,[GD] escca,0xff4ddba2,28000125,35229,101,oink pig
101,#8RU9L8V88,🥀Bd|fadly🥀,0xff1ba5f5,28000138,35163,102,Bd | moment♿
102,#2UPCGVC9Q,fIre|phoeNix🌋,0xffff8afb,28000303,35151,103,AVENGERS
103,#8PCULG88Q,bot_6,0xfff05637,28000146,35051,104,
104,#Y929CC2LU,DL|TOXISCH,0xffa8e132,28000301,34979,105,
105,#89G8GJV88,mr boss,0xfff05637,28000023,34959,106,
106,#29JV2C0UR,ᴵɴf͢͢͢erɴαℓ🕊,0xffcb5aff,28000290,34947,107,
107,#LQR8LVUCR,164789,0xffcb5aff,28000228,34903,108,les anciens
108,#8YPQYYVJ8,NaVI|BadRandoMs,0xff1ba5f5,28000219,34857,109,Brawl Angels💔
109,#P9UUPQ89C,♪KleeR◆,0xffffffff,28000167,34857,110,Йогурт TEAM
110,#902Q80RCY,QLS | Beast,0xffcb5aff,28000229,34829,111,ГробницаМортиса
111,#JYJPCCGP,Patricklechinoi,0xffa2e3fe,28000225,34822,112,Les Bozos
112,#99PPCGQY9,Adrian el guapo,0xff1ba5f5,28000018,34801,113,LosDodosMágicos
113,#C9LRV9YG,⛩️per64🥀,0xffcb5aff,28000014,34792,114,⛩️Amoral|team🥀
114,#2CJJ0RCLR,루리❄️🤍,0xff1ba5f5,28000175,34784,115,ホワイトカンパニー
115,#LY9LG0QUG,😡1,0xff1ba5f5,28000333,34765,116,Besties
116,#C2QR2CQC,BrawL_KinG👑,0xffff9727,28000305,34757,117,DMO|Doom trios
117,#8UUP9CUP8,НЕ,0xffa8e132,28000229,34734,118,
118,#2UJQ82ULJ,[LP]M.o.k.i,0xffcb5aff,28000297,34730,119,Орлиный совет
119,#9PCCRRL28,кощей,0xffff9727,28000330,34693,120,TOO4IKI
120,#2CRG02YV9,지정무,0xff4ddba2,28000156,34661,121,기가막힌배찌
121,#9YJ9P0GQ,NaVi|Akline,0xfff9c908,28000132,34557,122,Brawl Banditzz
122,#9YU8Y09PP,After X,0xffa2e3fe,28000258,34543,123,MDR@74
123,#2VRYQCRU9,mortisYT,0xfff9c908,28000173,34541,124,P.R.Brawlers
124,#2UL2V8UPP,МУЖСКИЕ ТУФЛИ,0xffcb5aff,28000182,34446,125,
125,#9ULCG8CJR,Ромашка,0xff4ddba2,28000180,34445,126,👑Kings👑
126,#80R8LGLYY,༺༒ðℴ℘¡ℴƙҨ✨☁,0xff1ba5f5,28000207,34424,127,신화
127,#80VUVC9LY,чанушка,0xfff05637,28000310,34350,128,🥀crazy랜noob🥀
128,#PGGV0RRLY,ari13,0xffcb5aff,28000171,34324,129,🎮minijuegos 🎮
129,#Y9QCY892L,PHUNTSHO,0xffcb5aff,28000207,34245,130,Riverway
130,#Q2G2UUGY,Джамал,0xffa2e3fe,28000207,34229,131,VAN
131,#80JC8V98R,김은찬 고수,0xffffffff,28000348,34180,132,MeonJI
132,#8RGGGYYU9,Murat,0xffa2e3fe,28000141,34161,133,
133,#QL2VYQQ0,HeinrichLenz,0xfff05637,28000130,34141,134,Elite Assassins
134,#L9JLQCV8,Danny | YT,0xff1ba5f5,28000013,34077,135,Z-ZUM
135,#QQYQRVRU,dark crow,0xffa2e3fe,28000330,34064,136,Magic-star
136,#92UCCYQYJ,$VICTORY$,0xff1ba5f5,28000333,34035,137,A-hogrider
137,#VLGQLGP0,ИСЛАМ 95 БОРЗ,0xfff05637,28000023,34014,138,Team Night
138,#Y989VC9GG,Павлик🥵🥵🥵,0xffcb5aff,28000132,33987,139,sibuna
139,#2VUPRYQGV,NANi,0xffcb5aff,28000221,33982,140,SATAN-HOLLIGANS
140,#CJQ2YLU2,QLS/Selin,0xff1ba5f5,28000284,33888,141,OrderGasm
141,#9LUJJ8G8C,Ворон,0xffffffff,28000183,33867,142,DaddyStan
142,#PY0PY9RUC,Emz,0xff1ba5f5,28000224,33846,143,maila cool
143,#Y0QUL9JU0,☢️RaDiAtÎoŊ☢️,0xff1ba5f5,28000023,33805,144,нагібатори
144,#8JPYLV29Q,оно,0xffcb5aff,28000014,33800,145,
145,#9008LLVCQ,[БЛЕТ]MAGA,0xffff8afb,28000335,33771,146,7г 💛Brawl Star
146,#PQ2P88RLP,Brawl pass,0xffcb5aff,28000326,33584,147,Legendari_kings
147,#8GLR99VLQ,[БЛЕТ]СУПЧИК228,0xffffffff,28000139,33580,148,Master Killer
148,#2PV0YC0CR,JBOMDRUKPA,0xffa2e3fe,28000058,33548,149,할리데이비슨
149,#2JLU2Q8G8,〖ᴷⁱⁿᴳι丂丂ย乇♚,0xff1ba5f5,28000341,33525,150,Darkside♡︎
150,#J0P8PGQJ,KrOv,0xffcb5aff,28000058,33475,151,unfortunates
151,#Q0R8QRYYU,suslik33,0xff4ddba2,28000016,33415,152,
152,#22GL0Q2GP,Rishabh★Raj,0xff1ba5f5,28000347,33397,153,WAR KINGS
153,#8YYCRJUV0,YreS_YT,0xffcb5aff,28000228,33373,154,
154,#VCYCL998,Shamilyx,0xff4ddba2,28000274,33372,155,Chata
155,#292UQ98U0,☆재하짱☆,0xffcb5aff,28000305,33346,156,우주먼지
156,#820UQLU2L,[YT]RENGE FOX®,0xffffffff,28000147,33265,157,
157,#8GU2C90LG,ashblazerock239,0xffa8e132,28000331,33231,158,DADA GAMERS
158,#8RV09U98J,JakeMcSnake09,0xffa2e3fe,28000277,33165,159,Beyond Sweats
159,#PVY09Y999,TRRE 5,0xff1ba5f5,28000273,33158,160,Mr White's teem
160,#28UPPJCCJ,Pistacchio,0xff4ddba2,28000352,33138,161,KINGS
161,#9RQRJV29V,Brawler,0xffcb5aff,28000036,33109,162,KINGS
162,#8PL088QC0,VISHAL,0xffff9727,28000275,33093,163,
163,#9RJYVP00U,SHULEP,0xfff05637,28000253,33029,164,
164,#CP9U92PQ,MilKa<3,0xff4ddba2,28000163,32953,165,
165,#8L0JUPC9V,LoReNzO,0xffa8e132,28000206,32885,166,TN Esports💎
166,#89VV8JGG9,BHTxHEADHUNTER,0xff1ba5f5,28000249,32833,167,The GHOSTS👻
167,#2U2LVY2LC,фор,0xffcb5aff,28000000,32829,168,
168,#8LJ92UG88,⚡GS ObscurePuf⚡,0xffff8afb,28000297,32808,169,⚡GamerS|ITA⚡
169,#99JGQRLJJ,игорь,0xffa2e3fe,28000222,32774,170,kiber
170,#992J8C0GC,jtodm,0xff1ba5f5,28000078,32712,171,PAVIMENTO
171,#Y0PPCR2CV,бомж,0xff4ddba2,28000103,32703,172,
172,#9802RPQG,Leg҉e҉nd҉a,0xfff9c908,28000033,32671,173,pipipuchek
173,#88CYCRL9P,Allison,0xffcb5aff,28000222,32593,174,RISED MECHA|2
174,#9QPPJ0VQC,캡틴아메리카노,0xffffffff,28000065,32581,175,트롤
175,#80QYUVL9C,luisssanchezz_,0xfff9c908,28000019,32572,176,españaa
176,#GY9LLJ2,Destru,0xff1ba5f5,28000017,32555,177,Buzz's Club
177,#8RLCU8JJ2,Ninja[MQ],0xffcb5aff,28000169,32529,178,[MQ]
178,#2GYGJY809,Rip,0xfff9c908,28000346,32523,179,Kaos and Order
179,#2J9CPU9RY,Fikret_sngl,0xfff05637,28000211,32449,180,
180,#8Y82LQ20P,Parzival 12,0xff1ba5f5,28000167,32346,181,LOS CARA ZAPATO
181,#2C2JLLUCV,OldCUPID,0xffff8afb,28000305,32345,182,Vella
182,#9VVVYY00U,zhuliano 123,0xfff9c908,28000273,32270,183,zhuli gang 🇦🇱
183,#Y0Q8PLQC2,Егорчик,0xffff9727,28000332,32258,184,CHAMPIONS😎
184,#2LGVRUJ8,HIKAKIN,0xfff9c908,28000143,32236,185,らっだぁの鼓膜
185,#PP0V2JVR9,sprcck,0xfff05637,28000291,32234,186,BEKO KANKALAR
186,#8CP9GVYPJ,🕊AK|Kiwi🕊,0xffa8e132,28000037,32201,187,
187,#2UUYRJ8LC,[RUS]ŽØŘØ_X,0xffff9727,28000023,32179,188,Colette's Club
188,#YPR08P8J,⛩|AKIRA|⛩,0xffcb5aff,28000305,32130,189,Cochecito
189,#LLYJLP8C,TARA,0xffcb5aff,28000291,32086,190,
190,#8UQPCQCC8,Q~win⁷⁷⁷,0xffff9727,28000170,32077,191,Крутые молодые
191,#2JJRUL82Q,Pingouinpopo08,0xffcb5aff,28000248,32058,192,GAMING CLUB
192,#Q28JJPL9Y,bro,0xffa2e3fe,28000332,32056,193,Max's Club
193,#22Q9YGR99,Baka,0xffffffff,28000134,32002,194,the three men
194,#82JVGRQLJ,NlL|Hiraxito,0xffffffff,28000193,32000,195,Nova l Larry
195,#2QRY2VYV0,Alex Hao,0xffcb5aff,28000335,31968,196,chezbb
196,#2Q0JCV9GC,VKozanchyn,0xffffce89,28000335,31903,197,FC zadymiarze
197,#2GYR88PYP,𝚖♡𝚜𝚢𝚊¹⁶³,0xffffffff,28000164,31888,198,леймы
198,#PRUPL0VUP,brawlpozzi,0xfff05637,28000226,31838,199,Первый Орден
199,#L8VLL99V2,MIRON5-0%k,0xff1ba5f5,28000223,31785,200,те самые. 😈😘
