,tag,name,nameColor,icon,trophies,rank,club
0,#2JYQQGRJ0,AlvareX,0xffffffff,28000017,69409,1,Team GV
1,#2092CLLP,ʟᴅ|ᴋᴀͥɴᴇͣᴋͫɪᴳᵒᵈ,0xfff9c908,28000278,69128,2,LEGENDS DREAMS
2,#PUCC0URP,SxyDavîd✓,0xfff9c908,28000095,68760,3,LaViejaSchool
3,#LVPU2RL,Sкai❦,0xffff8afb,28000108,68295,4,F̶G̶Z̶✨ɢᴀɴɢツ
4,#8LU8GJR9,友達|Ʋℓтяα☄,0xfff05637,28000023,65896,5,LEGENDS DREAMS
5,#20G9LC082,MrDante,0xffff9727,28000277,65367,6,<c7>Hive. </c>
6,#9LGU8CQR,Nano🐢,0xffa8e132,28000018,64254,7,No Mercy
7,#CQQ9VQVV,Kairos,0xffffffff,28000314,63939,8,X-Force Bolivia
8,#YQQ22LYC,死|𝓒𝓗𝓘𝓛𝓐 ✞,0xfff9c908,28000299,62616,9,Criminal eSport
9,#P00V2UCRR,☄AssassinO.o ☆,0xffffffff,28000230,61894,10,
10,#9JR20VGQG,F3RN4NPR0,0xfff05637,28000294,60264,11,CHAO
11,#LPYQJV28,FireCrow :),0xffcb5aff,28000168,59978,12,BR|VeteranoS
12,#9JG08GR9,𝘽✘𝗭|Conde🦇,0xffff9727,28000064,59948,13,Gogeta's Army
13,#VYV0JURC,Limbert,0xffa2e3fe,28000286,59654,14,LA Crystal
14,#R2J9G0G,ㄒ卄乇 🇱 🇮 🇴 🇳,0xfff05637,28000150,59136,15,Panas de Axito
15,#892Y0LC8G,^/Toxic-RN7/^,0xffff8afb,28000305,59053,16,BarbaFantastico
16,#2L8C9UP9,Lío shaarawy ❇,0xffff8afb,28000297,58867,17,<c4>OMEGA X</c>
17,#902C9PQUV,JDX,0xff1ba5f5,28000330,58513,18,»Bubble♡Gum«
18,#99LQL8QVY,TB|DARK ZEN|$,0xffff9727,28000224,58513,19,CLAN (-F-)
19,#PJLCU2PLP,Thiagoイほ,0xffa8e132,28000129,58384,20,Tunometecabra
20,#GCRCVVQ8,Josias♥️Dove,0xffcb5aff,28000291,58188,21,LitheX🐢
21,#9Y0GG9CQC,JHÄMÏĹ :V,0xffffce89,28000109,58026,22,🧀MUSSARELOS 2✨
22,#YJU9RGVL,☢️Almanza☢️,0xffff9727,28000129,57956,23,CLAN (-F-)
23,#2R9JG8LR8,🦋𝓨𝓸𝓻𝓭𝓪𝓷✨,0xffffffff,28000345,57922,24,Sanfe Stars
24,#Q9J0JLU,大𝕭ЄŁŁЄИ大,0xffff8afb,28000346,57397,25,大DØÑA大
25,#CQY808V8,Diego Sullca,0xfff05637,28000119,57369,26,LEGENDARYS
26,#29YJYJCJG,𝒞𝓇ℯ𝒶𝓉𝒾𝓋𝒶,0xffffffff,28000291,57360,27,minuta:3
27,#UUJPY9Q,rearts,0xffffffff,28000333,57236,28,AutoFireGod's™
28,#20LR9289C,ᶦᶰᵈ🔥Gᴀᴍᴇʀ 🔞,0xffcb5aff,28000297,57211,29,🙂🙃😉😜😝😝😝
29,#PLP08QCQU,AL|Lukas💚,0xfff05637,28000321,57114,30,Team GV
30,#2QP0C8YCL,大ANABЄŁ大,0xffcb5aff,28000341,57107,31,大DØÑA大
31,#9C2YCPJUG,Arthasツ,0xffffffff,28000047,57079,32,X-Force Bolivia
32,#2GU2GPJ2U,Beymar,0xffa2e3fe,28000294,56989,33,X-Force Bolivia
33,#8JRVU0CPC,𝕽𝖆𝖚𝖑☙,0xffff9727,28000348,56988,34,Zeta Wanted
34,#8RR92PVVL,YT|꧁༒LÊØNÂRDØ,0xffff8afb,28000023,56900,35,BrawlConQueso
35,#29G09JP82,SCORPION,0xfff05637,28000175,56867,36,los lomitos🥪
36,#RCJCCUPU,Jeff,0xfff9c908,28000097,56790,37,EL BRAWL😪
37,#9U0Y9Y22Q,⚡B✗Z|ツERBIN♰🐉,0xfff9c908,28000273,56730,38,🐉ᵀᵉᵃᵐ | B ✗ Z
38,#Q02LLV0P,|Gas|Gas|,0xffcb5aff,28000318,56719,39,Club Hazbin
39,#PPQU8CPUY,ツȺłŧȺɨɍXĐツ,0xffa8e132,28000000,56684,40,Los sin vida 👹
40,#9Y0Q9R0V8,DFCD|Diego,0xffff9727,28000129,56571,41,X-Force Bolivia
41,#PPQ2QRRJG,ᴮᵀ/🌸BRYAN🍀ツ,0xffffffff,28000280,56549,42,MercyGaming
42,#8JYVVLRQY,Jhony Ss :),0xffa2e3fe,28000032,56514,43,sigma boy
43,#2V0Y0U2VU,DEADPOOL,0xfff9c908,28000226,56467,44,B T H Gamma
44,#8J0VCQR0R,Peleador Edward,0xffcb5aff,28000305,56445,45,Team GV
45,#URU8R22,wal,0xff1ba5f5,28000239,56430,46,👻Club•Arg👻
46,#Y8UJPPG02,Seta|TBC 🍄,0xffff9727,28000272,56371,47,"SCZ_BRAWL""B"""
47,#2C00UG0Q,QLS|H€CTOR,0xff1ba5f5,28000305,56247,48,the dominations
48,#882R98QL,あ|Sнιяσ🥀🖤,0xff1ba5f5,28000206,56227,49,Legion
49,#2R9VQ0LLJ,$CRIS_#03$,0xff4ddba2,28000272,56221,50,Team GV
50,#2GLPRC80Y,DiegoSky,0xff1ba5f5,28000277,56082,51,
51,#898Y8QVRQ,tonaru,0xffa2e3fe,28000129,56019,52,Madness Games
52,#JUQQGQLY,BBGUM |X_Kira_X,0xffff9727,28000221,55984,53,»Bubble♡Gum«
53,#2LRV28UUC,BLASTDEYT,0xfff05637,28000272,55912,54,
54,#2YR28QLCV,мα|ᴄʀɪs😺,0xffa8e132,28000228,55812,55,X-Force Bolivia
55,#9R80PRLV8,𝚂𝚑𝚊𝚛𝚔🦈🖤,0xff4ddba2,28000347,55789,56,LEGENDS DREAMS
56,#RCL82J9,$WHIKYz $,0xffa2e3fe,28000348,55634,57,TheMasterFamily
57,#GGCRURLQ,Bellingham😍🤍,0xffffffff,28000335,55624,58,cr7
58,#220L8JY82,𝐁𝐅| Lucas ³⁰¹,0xfff9c908,28000170,55616,59,adidas
59,#89PQY0P0Q,mateo1210clavel,0xfff05637,28000333,55528,60,Team Spike
60,#2P0Y9JQY,Fercho,0xffffffff,28000109,55482,61,SANDÍA GANG🍉
61,#RJUCQ02,TB | ᴮʳᵃʸᵃⁿ ッ,0xff1ba5f5,28000225,55473,62,CLAN (-F-)
62,#JQQLQ9GL,SK |Master King,0xffff9727,28000305,55380,63,CaféDeMañana
63,#2GJPPYYLP,leonardo :v,0xffff9727,28000305,55351,64,<c3>DragonS</c>
64,#LY088CUJY,J.G🌼🪄,0xfff9c908,28000221,55183,65,Chapulines 🦗
65,#89GG8GCY8,CRQR 2.0,0xff4ddba2,28000278,55182,66,»Bubble♡Gum«
66,#GCQ22RGP,ᴢᴏᴏᴛ💮,0xffa8e132,28000225,55180,67,god lag
67,#82ULG9QPQ,Sebastián,0xffcb5aff,28000291,55146,68,Dream Team
68,#2JCQUU8C,leo,0xff4ddba2,28000271,55103,69,LA FAMILIA
69,#8RCP2YL9,"""GØ QC""",0xffa2e3fe,28000077,55081,70,Serviron
70,#2U0GRLJGV,JHONN JHONZMAR,0xff4ddba2,28000135,55060,71,
71,#89JJU8VP,Shimarin,0xfff05637,28000224,55048,72,MAWI ARMY
72,#PPP0PYU00,BOL|GEDALGE,0xffcb5aff,28000023,54977,73,ClanDrek🔰
73,#ULCRQPPR,TW|ADRIVER,0xfff9c908,28000188,54885,74,Team GV
74,#29QJ8VCL,TN|josue:v,0xffa2e3fe,28000135,54808,75,Tom Gamers
75,#YRP92UUL,卂ㄥ乇乂🐥™️,0xfff05637,28000330,54800,76,EZ<c2>KlLL</c>
76,#8L2LG89YY,N@tu🌵,0xfff9c908,28000002,54775,77,bull universe
77,#20C08J8QJ,Yhony xD,0xfff9c908,28000242,54761,78,Lobo gelido
78,#CLGJ98VR,JAIME,0xffcb5aff,28000159,54638,79,Nuevas Leyendas
79,#8U00JY0P,Ruben,0xff1ba5f5,28000182,54621,80,🂱𝒮ℋℐℱ𝒯ℰℛ𝒮🂱
80,#2GL2VY0PR,零€ricķ90☆,0xff4ddba2,28000294,54604,81,PNKB ZONE
81,#9QJUCGV,ZERO,0xffffffff,28000272,54603,82,X-Force Bolivia
82,#8GPU2PRUU,Superman,0xff1ba5f5,28000281,54597,83,
83,#8UQ8CP9UJ,YASSER777,0xffcb5aff,28000139,54570,84,Ahegao's Club
84,#29V9J000R,GUS,0xff4ddba2,28000335,54500,85,
85,#GCRRY0P2,F Ξ L ϟ P Ξ,0xff1ba5f5,28000332,54487,86,Team<c9>Ray</c>
86,#JJQ2VUY,Splendid,0xffa2e3fe,28000179,54474,87,
87,#9RUGU2JLU,❣♪ₖₑᵥᵢₛₛ★ツ,0xffcb5aff,28000002,54471,88,AutoFireGod's™
88,#9PGC0C99R,Ángela,0xffa2e3fe,28000242,54452,89,LOS MÁSTERS :D
89,#2V8V8LRYC,"RyDeR,",0xffffffff,28000221,54410,90,©LevelUp®
90,#L29GV2U0G,AQM|eclipsa💘,0xffff8afb,28000075,54397,91,🇧🇴BOLIVIA
91,#29VVGQGL,ᴊᴄᵇᵒˡⁱᵛⁱᵃⁿツ,0xffcb5aff,28000193,54373,92,Que miras..? 😡
92,#8RG98GR,Triniux,0xffcb5aff,28000109,54303,93,Team RG🐲
93,#YRPLU8J,Patiño🇧🇴,0xffa8e132,28000262,54243,94,Iluminados👁️
94,#2UQ02Q08V,LIWII,0xffcb5aff,28000258,54233,95,☆LatinosDeath☆
95,#V2L8URQJ,QLS|SANTIAGO ❄☃,0xffff9727,28000020,54233,96,★ʙᴏʟɪᴠɪᴀˢᵗᵃʳˢ★
96,#8LQRPCP8V,17¥øH£l17,0xffa2e3fe,28000132,54195,97,TrueBankaiVK
97,#CVRCVGG,Sanchez M.,0xffffffff,28000293,54135,98,>>Last Hit<<
98,#Y09JCCJY8,arancha,0xffcb5aff,28000274,54044,99,Marmotillas :v
99,#2QCYVQ9,Johan,0xff4ddba2,28000021,54037,100,Team Pepinos
100,#Y2U2R0P2R,@_@ MARCOS,0xffcb5aff,28000305,54035,101,Apex
101,#C0RUCU9,Leo :3,0xffa8e132,28000078,54027,102,☆LatinosDeath☆
102,#9U0GG2RY,Andres,0xffffffff,28000075,53963,103,Wachakamanchu 3
103,#YV8YQJ9UU,𝔖𝔪𝔞𝔰𝔥ˢᵗᵃʳˢ,0xfff05637,28000284,53928,104,
104,#8U8LYRQ82,Kid Danger,0xff1ba5f5,28000271,53891,105,los legendarios
105,#P0UPJLRJ,❦︎j̶a̶v̶i̶ ☔,0xff1ba5f5,28000290,53861,106,
106,#890JUYUPG,RodrigoX0,0xff1ba5f5,28000285,53769,107,kal
107,#J88Y2Y0,DEAD POOL,0xffa2e3fe,28000291,53606,108,CLAN (-F-)
108,#JPQGGUV,『GØ』ᴹᵏɭεσρɭɑy,0xff1ba5f5,28000206,53599,109,
109,#V009YUJ2,AndreGamer,0xffa2e3fe,28000310,53596,110,Crashing Stars
110,#2CCQ8LUG,PlayerCris_,0xffffffff,28000019,53588,111,THE PLAYERS
111,#2RCUURQ8,jhonny,0xffff8afb,28000255,53541,112,Wolves™
112,#P90URP0CG,El Rey Arturo🤴,0xffffffff,28000119,53484,113,★ʙᴏʟɪᴠɪᴀˢᵗᵃʳˢ★
113,#UYJJRUVP,fernandoux,0xff4ddba2,28000172,53449,114,Mother Focker
114,#JCVV0YPC,M.E.D.R,0xff1ba5f5,28000041,53390,115,Brotherhood X
115,#Y2GUC0VQ0,Kano. 065,0xff1ba5f5,28000012,53365,116,Tom Gamers
116,#2UUYY8QCL,🇧🇴Ĕvįl🇧🇴,0xffcb5aff,28000272,53282,117,LEGENDS DREAMS
117,#RGLC09Y2,Cruzito,0xff1ba5f5,28000279,53234,118,Supercampeones
118,#9Q8CC8VYC,YORDY,0xffa2e3fe,28000314,53204,119,TheEaglesPL
119,#8Y92UVY09,#Pâńdā±ĆòÓkīē*,0xffa2e3fe,28000275,53176,120,Vikingos⚔️
120,#PJGUU9GRL,SNK | Arvin_ツ,0xffa2e3fe,28000284,53120,121,CF|Warriors
121,#RJQJQ2RQ,jhair,0xffcb5aff,28000135,53067,122,White Lotus
122,#YG99Q88J,JORGE,0xffa8e132,28000004,53066,123,Club de Amigos
123,#8JYYY0QVP,☆§äņţïäğø☆,0xffcb5aff,28000280,53028,124,TheDead
124,#2022LCUGY,SDY|Matias🦁💛,0xfff9c908,28000020,53014,125,Petisuinos
125,#8G8RJUYJ9,Yo soy Grut😎🌱,0xff4ddba2,28000260,53011,126,»Bubble♡Gum«
126,#PP88Q080,Ronald,0xffcb5aff,28000280,52976,127,Imperio LatamGG
127,#PR28JGGQ,Khauts,0xffcb5aff,28000210,52971,128,X-Force Bolivia
128,#9QVPP9YRG,wiwi gamer,0xfff05637,28000263,52963,129,X-Force Bolivia
129,#2LLL0CGPR,Arielks,0xffa2e3fe,28000276,52928,130,TITANS
130,#8UCQ88UQ8,kenny:),0xff1ba5f5,28000340,52850,131,GALAXY OF FIRE
131,#VL2RQVJR,あ|Kaямa🥀🖤,0xffa8e132,28000259,52849,132,Legion
132,#88JR8UUUU,⚽️N I-K.O.⚽️,0xff1ba5f5,28000147,52840,133,Diamante Elite
133,#89GGQQR8R,Fusco,0xfff9c908,28000248,52827,134,LEGENDS DREAMS
134,#QU82VVG8,buscad a jesus,0xff1ba5f5,28000199,52727,135,
135,#98JQ0UU2,SHAZAM,0xfff05637,28000141,52639,136,Furia de titan
136,#ULJJJUVC,Alan Mas Naa,0xffffffff,28000318,52634,137,Supercampeones
137,#2JU92R9J0,ANDY,0xffcb5aff,28000349,52598,138,BOLIVIA
138,#90YY2JV,ᴷᶦˡˡᵉʳ☢𝐒𝜣𝐄一夔,0xffa2e3fe,28000349,52554,139,Team GV
139,#8C28VVRRG,Z1|Josetampo👿,0xffffffff,28000058,52541,140,MercyGaming
140,#RUYU20UQ,DRKX2,0xffffffff,28000108,52510,141,🇧🇴BOLIVIA
141,#8V8QC8PVQ,あ| 𝑿𝖆𝖗メ🥀,0xffffce89,28000188,52447,142,LitheX🐢
142,#2JLLCQ9Q,iron man,0xfff05637,28000290,52437,143,Bots 2022-2023
143,#2J0RL8YGU,Adem7u7,0xffff9727,28000304,52408,144,<c4>OMEGA X</c>
144,#C0YURY2Q,xavi,0xff4ddba2,28000170,52394,145,
145,#LLRCGY2Y0,bot Aitor <3,0xffa2e3fe,28000299,52372,146,FuriaDeChester
146,#90Y9UPPRY,Por Tu Hermana,0xff1ba5f5,28000332,52357,147,
147,#9Y8U08V8G,•black•,0xffffffff,28000139,52352,148,<c8>BibiGum</c>
148,#2VG8QQJU8,AKILES,0xfff9c908,28000314,52313,149,HADES
149,#22VRY2GPG,✡️DeathMask✡️,0xffa2e3fe,28000348,52302,150,Brotherhood X
150,#2R2G9YQ9G,/kirbitito/>•<,0xffcb5aff,28000293,52285,151,los espartanos
151,#2LVLU9L00,LVS|Remmy ☆,0xffff9727,28000179,52265,152,LVS GAMING OFC
152,#U82RLL9Y,<[¤《IG96》¤]>,0xffa2e3fe,28000345,52258,153,Team Brother
153,#YQGGUL22,Pedro,0xfff9c908,28000294,52230,154,Stu's Club
154,#8GR9JL9Q,Mr.Yeet,0xff4ddba2,28000332,52210,155,Supercampeones
155,#JP88UY0,Wilson Muñoz,0xfff9775d,28000291,52144,156,❤️
156,#9YJ2JLP9L,sᴏʟɪᴛᴀʀʏ⚔ᴄʀʏᴍᴀɴ,0xfff9c908,28000279,52091,157,THE_WALT
157,#YRYPR09V,JB,0xfff9c908,28000272,52064,158,Blackwhiter
158,#RY8LGGY0,jhoan v,0xffff8afb,28000317,52054,159,Daraya Raptors
159,#Y2VQ20VR,Don’t Cry Bro💀,0xffffffff,28000003,52048,160,F/A India
160,#GGYPCQY,SanderAxel,0xfff9c908,28000305,52044,161,CLAN (-F-)
161,#RYUCYGLJ,Letto,0xff1ba5f5,28000141,52042,162,Club de Amigos
162,#8YULPL9QJ,♡melu|🦀,0xffcb5aff,28000113,52039,163,bull universe
163,#GRRL9LVJ,Piratebraw,0xffff8afb,28000230,52016,164,™SKVP|ELITE
164,#8G28RR9UY,[CM] Ř1ČH1,0xffff9727,28000273,52002,165,|Toros Negros|
165,#2R9QGQ098,MERCENARIO,0xff4ddba2,28000305,51991,166,TESELIA
166,#YPJVL9LL,E1!@$,0xffcb5aff,28000302,51947,167,TheDivineWarrio
167,#UJ2QRY0,¡¡¡Wily!!!,0xfff9c908,28000349,51945,168,Team Mancos
168,#9YRY92PL,juan100,0xffffffff,28000164,51942,169,B T H Beta
169,#UGYUJQJ,彡¢Ʀɨร¢Ʀσร彡•ˢᵐ•,0xfff05637,28000348,51910,170,IMPERIALES 2
170,#92CRCQJRC,kevinho_R,0xff4ddba2,28000291,51865,171,<c6>4</c>FUN
171,#YYQGVJCG,joaco,0xff1ba5f5,28000081,51850,172,CLAN (-F-)
172,#22PYUU202,Ｗａｌｄｅｉｎｓａｍｋｅｉｔ,0xffff9727,28000095,51818,173,Grupito de Ludo
173,#2VQY2V8U,Luis star pro,0xfff05637,28000305,51789,174,Bicicleta
174,#2YJ2LJYVJ,JH|Jamil😉RH,0xff4ddba2,28000286,51718,175,Zonblinak gra
175,#PJR2LQ9PG,elbrocas,0xffffffff,28000078,51712,176,LOVE TO GAME
176,#PJUQVYPQC,Mauzi 2.0,0xffcb5aff,28000286,51677,177,BK | BRAWL KING
177,#2PYC8888R,gael,0xff4ddba2,28000135,51675,178,🔱🔥OLIMPUS🔥🔱
178,#8R8JLR9C,Andre Soto,0xff1ba5f5,28000179,51669,179,Family🖤Black
179,#JR98QR2Q,Andres,0xffcb5aff,28000196,51642,180,★ʙᴏʟɪᴠɪᴀˢᵗᵃʳˢ★
180,#RQVRQUCJ,GABO H,0xff1ba5f5,28000017,51618,181,SUDAMÉRICA PROS
181,#8QCJJ2UR8,Paolo 7u7,0xffa8e132,28000259,51610,182,Imperio LatamGG
182,#9YGUQ99P,ants,0xfff05637,28000271,51588,183,TEAM RED STAR
183,#9Y9U0PPYU,RevorgStar YT🦁,0xffa8e132,28000294,51568,184,
184,#LVJQRV9J,Brawltastico,0xffffce89,28000304,51546,185,ONIMUSHA
185,#92CJU8GVP,🌌ᄂIƬ ΚIᄂᄂΛΉ🎮,0xffa2e3fe,28000077,51533,186,star club
186,#P0LGL22CV,ᴿᴷLEONElツ,0xffffffff,28000184,51512,187,<c7>KING</c> 👑
187,#GUJQJQPV,AlguieN,0xffcb5aff,28000307,51504,188,LEGENDS DREAMS
188,#CL8YRQ8R,ricopsky,0xffa2e3fe,28000008,51501,189,CLAN (-F-)
189,#2YL9Q80RU,Parzival,0xffcb5aff,28000305,51446,190,DARK-KINGS😈
190,#2CRVRRY2R,AIR|Sofm Warts,0xffffce89,28000005,51443,191,REAL FAUND|AIR|
191,#VL92PC0J,Victor XM8,0xffa2e3fe,28000038,51434,192,Madness Games
192,#R2UG8QGP,dany,0xff4ddba2,28000073,51430,193,50 legendarios
193,#8Q8V9RU8,☆Gary♡A☆,0xffa2e3fe,28000262,51427,194,RG|Gaming🪐
194,#8UQ998L,Jose,0xffa2e3fe,28000129,51404,195,gay
195,#99JGVL9JG,Jorge,0xffff9727,28000272,51394,196,»Bubble♡Gum«
196,#28U0UC0Q0,heroedemundos,0xfff05637,28000203,51372,197,BEAR MX 🧸
197,#990URPRVR,Mario456,0xfff05637,28000135,51357,198,Natus Vinceres
198,#2GCVL8Y,Lobo_LM,0xffa2e3fe,28000294,51334,199,LEGENDS DREAMS
199,#L2R2GV8C,ChocoSS,0xfff9c908,28000305,51329,200,<c4>OMEGA X</c>
