,tag,name,nameColor,icon,trophies,rank,club
0,#8GV2UQYLY,BS|☔ᴋɪʟʟᴇʀ ᶫᵒᵛᵉ,0xffa2e3fe,28000132,55708,1,Time for 60K
1,#CJGPQQQU,🔥Mr.Crown🪐,0xff1ba5f5,28000132,55565,2,dragon breath
2,#9C0VRC8P,🌊|xalkacmotrel,0xfff9c908,28000132,53045,3,MEGA PIG ONLY🐷
3,#82J2RV2GL,fedez,0xfff05637,28000349,52558,4,BROWLERONI
4,#929JCLRQ,buddy_Bow_HD,0xfff05637,28000161,51841,5,-030/36-
5,#9UYC2RUQV,co,0xfff9c908,28000349,49999,6,Os Brabos
6,#880RQCRG,Клатерфанк🐶✨,0xffffffff,28000150,49026,7,топовый клуб
7,#2L89R0GP8,⛩️MATIJAZᵍᵒᵒᵈ⚔️,0xffff9727,28000285,48570,8,Simba Legends💘
8,#PLG8R8JC9,Hk | BOGI❤️‍🔥,0xffffffff,28000272,48455,9,✨SÆßŁE✨
9,#89Q2JPGYC,MIGUEL PRO PRO,0xffa2e3fe,28000098,48004,10,The Mercury
10,#928PP8QGL,⛩BIG | TIGER🎋,0xff4ddba2,28000021,47405,11,Noob Slayers
11,#2GCYRV8G0,_ Pяостч _,0xffffffff,28000278,47218,12,Porfavor
12,#LV2QV0JUC,читир777,0xff4ddba2,28000136,46291,13,Жижный амогус
13,#8UULL0VGR,✨MP|hyperstar✨,0xffffce89,28000207,45709,14,⚔️Djin Blue⛓️
14,#9Y08YVR9C,TT/SKIL CREVI,0xffa8e132,28000076,45565,15,lolSta
15,#RRG0V8QU,RD|DUF💣,0xffff8afb,28000288,44746,16,BD|ViperzZ
16,#P8JVGPPV8,пусть говорят,0xffffffff,28000139,44383,17,Imperfection
17,#9LG0YC,[БАН] Абдул,0xff4ddba2,28000253,44007,18,
18,#PY0U0JCQP,pablo,0xffff9727,28000151,44001,19,GANG DES ACTIFS
19,#8L2C0RGRC,الله مصاص666666,0xffffffff,28000237,43592,20,._.
20,#8VYGR22YP,МишаПро,0xffa2e3fe,28000294,43439,21,Mobile Game
21,#9V2CVG2YG,kevin cool 132#,0xff4ddba2,28000276,42960,22,Elegance
22,#892QLGR9P,kira park 19,0xffa8e132,28000348,42830,23,Cobra Kai
23,#PVP882JYG,[DT]𝐍𝐚𝐭𝐲_🌺,0xffff8afb,28000023,42802,24,-DestroyerS-
24,#UV92JR2Y,wat 2 Otis,0xffff9727,28000348,42766,25,Hollands Hoop
25,#8QP2GUVJ,IWantCrowカラス,0xffa2e3fe,28000272,42649,26,ICEEZERO
26,#9CCYYCCVC,relivVv,0xff1ba5f5,28000115,42602,27,Stepnoe|SITI 🌇
27,#90J9QC0J9,QubiX,0xffff9727,28000341,42542,28,Wąsikowo
28,#2QY8CP2P9,le bg,0xffa2e3fe,28000231,42486,29,Pasteurland
29,#LCJP8RQC0,☣️ TOXIC ☣️,0xff4ddba2,28000132,42001,30,BARYŁKI|DARYLA
30,#8PC8J0QRC,bibi,0xfff9c908,28000013,41996,31,Real<c6>One</c>
31,#82V8LJYR,ENVY|Kaido,0xff1ba5f5,28000301,41893,32,
32,#2YJRPQUUP,hdz kiki,0xffff8afb,28000130,41786,33,𝑺𝑾☬𝑬𝑳𝑰𝑻𝑬
33,#Q0YLRVQU,🔱fe@rless🔱,0xffa2e3fe,28000262,41697,34,MoinMeister
34,#92QYGRGLC,brandon,0xffa2e3fe,28000294,41662,35,los eco pro
35,#289209YQL,Heyimnoob,0xffa2e3fe,28000139,41563,36,
36,#V2RGJ208,ʜᴀʀɪʙᴏシ︎,0xffcb5aff,28000254,41251,37,Brawl_Xed
37,#2LCC2U8QL,spina oscura,0xff1ba5f5,28000271,41155,38,
38,#2URGV2RQ8,maxine,0xfff05637,28000047,41109,39,interessante
39,#8YVQLP9JV,神LáyzenBest💗,0xffcb5aff,28000014,41021,40,DrW Champs 🌪️
40,#P0CRJ0PVY,Дима ТВ 5 YT,0xffffffff,28000136,40945,41,Жижный амогус
41,#9R8UCLGQ2,どっかんばとる！！,0xfff05637,28000001,40529,42,ゴリラ愛好協会
42,#8V0L8QJRY,lucas,0xffffffff,28000225,40497,43,Godly UHS
43,#P220Q8GY2,$AvE,0xffcb5aff,28000305,40246,44,Bob RSboys
44,#PG0RQGQ8,<<☆Esteban☆>>,0xffffffff,28000183,40026,45,LaMesaPesa
45,#P0RVPCJC9,Douga e Arthur,0xfff9c908,28000160,39981,46,
46,#80LG29PPR,범월(❦),0xff1ba5f5,28000164,39751,47,₷Ȼᶏℜℰȡ﹏❦ 크루
47,#Y089VL202,SKK|Nikita☔🦋,0xff1ba5f5,28000132,39576,48,⚡SKK|Elite⚡
48,#P2GY0G92C,Brawler,0xffcb5aff,28000132,39576,49,Петушиное логов
49,#YQJUQLY00,TTM | Tempest☠️,0xffcb5aff,28000018,39561,50,brollino elité
50,#8YGRY0G9L,qu1cK🐲🍀,0xffcb5aff,28000156,39555,51,
51,#8V00GUYC8,瑞|extraiz1z🪰,0xff1ba5f5,28000305,39515,52,WCK SQUAD
52,#89QG9CGCY,путь наград,0xff1ba5f5,28000169,39463,53,
53,#PLQUC0V80,olo_$p€®m@,0xffff8afb,28000317,39293,54,Russia ELita
54,#99QC28GRP,Blueby,0xff1ba5f5,28000163,39216,55,el hamstero
55,#2LGV28G2Y,Felix1019,0xffcb5aff,28000315,39046,56,✴️Goblin-Time✴️
56,#8P9RRCUVP,토트넘 홋스퍼FC,0xffcb5aff,28000352,39000,57,용호
57,#RQUPQ2PV,₮Ɽͥł฿Ɇ|ⱠͣɆͫ₲Ɇ₦Đ,0xfff05637,28000116,38919,58,Dutch Beta
58,#RPJCJ9C0,Moabit 2__1_:_,0xff1ba5f5,28000164,38869,59,-030/36-
59,#PJJ9V8L2U,ICE CRESCENT,0xfff9775d,28000023,38766,60,🍅tomato 🍅
60,#PJ8QY9GV,kos,0xffa2e3fe,28000033,38545,61,1 _RzN_6
61,#PRGJPGQGL,sonia,0xff1ba5f5,28000222,38511,62,Империя Горошка
62,#2PYYVY2PR,qwr|bódyà_b5🪐,0xff1ba5f5,28000170,38344,63,чокопай
63,#LQC2CURUL,MainAccGone😭,0xffff9727,28000336,38208,64,The Oinkies
64,#8YGPVJCJR,DARK_2xx6Gamer,0xffcb5aff,28000332,38202,65,cr7 Siuu
65,#LG0Q9JQ92,дядя yeat💞,0xffffffff,28000096,38060,66,Saint Devils
66,#2PG20LQR0,ЪЕЪ Примос,0xffa8e132,28000231,37964,67,LINE
67,#Y2CY9P2J8,丨尺ㄖ几,0xffcb5aff,28000280,37937,68,BRALW KINN
68,#YGYGVCLGQ,🧸V4d11MKAA🩸,0xffff9727,28000277,37847,69,КЛУБ ДЛЯ ТОПОВ
69,#L298CP8G,😎Nick_gamer_YT,0xff1ba5f5,28000014,37829,70,Perú
70,#8Y9LP8LPQ,芝刈り機〆蒼,0xffffffff,28000107,37752,71,はげはげはげはげ
71,#2Q20VRUJ,MR YOSHIXDDツ,0xfff9c908,28000348,37666,72,Dark gods
72,#8UUC9R0VP,Trixi,0xffffffff,28000064,37459,73,EV!L | Warriors
73,#98GCVR8G,🔥FX | ZuSuS 🔥,0xffffffff,28000125,37453,74,Unterstrichclub
74,#YQ08UL892,很好,0xffffce89,28000332,37361,75,邪风紀羽
75,#28Y9VCQ2Y,Bu5ch_1337,0xffcb5aff,28000305,37303,76,Carrybysleep
76,#PGUQG2UGU,ВЕЗУНЧЙК,0xffa2e3fe,28000014,37181,77,
77,#2U800PVR,Mega box,0xff1ba5f5,28000014,37165,78,ПСИХА КИДС🏥🚑
78,#9GLLCV22,✨Panika✨,0xffffffff,28000010,37148,79,de groene noob2
79,#20QC0LU92,Сильвер,0xfff05637,28000170,37140,80,
80,#PYQVL8PRQ,maks,0xffcb5aff,28000341,36922,81,Swift<c5>UA</c>
81,#Q220R2YP0,ᵢɛŋʑơₐₘG҉o҉d҉✨,0xffff8afb,28000352,36909,82,<c7>ᴵᴺ</c>|ѕνєχ
82,#8R00029RU,biemer25,0xfff9c908,28000053,36779,83,OnlyDutch
83,#2PVCPLYVG,ture smile yt,0xffa2e3fe,28000279,36772,84,The Wildfire
84,#2C2G9G9L,HC|Marsss,0xffa2e3fe,28000210,36726,85,
85,#8J90P2JV0,Akira 1,0xfff05637,28000061,36620,86,Dilan Bó
86,#9YC2G00Q0,2 Fast 4 you 🖤,0xffcb5aff,28000014,36545,87,KleineWxer
87,#9VP829RU8,Adrián el pro,0xff1ba5f5,28000129,36409,88,A # ABC
88,#2R8RURCRQ,かぼちゃ,0xffa2e3fe,28000009,36387,89,ぬぬんのぬん
89,#YCVCYPQ80,coronatest,0xfff05637,28000349,36380,90,Diamond Dynasty
90,#8L8PUPJV9,son goku 62,0xff4ddba2,28000021,36333,91,FC Tupu 19
91,#2RY0J082V,CS|ADRIAN,0xffa2e3fe,28000101,36303,92,Los Team Dragon
92,#PY0C9Q9Q8,Kï†|Kå†ßrð 👑,0xffffffff,28000323,36188,93,Охраники АО
93,#88RYRVYU9,Hello Noob :),0xff1ba5f5,28000170,35980,94,MROCZNY BS🥋
94,#20P9GVRCC,РОМА ЙО МАЙО,0xffff8afb,28000221,35963,95,Барсук Евгений⓶
95,#2C088PGV0,[жмих] АМАН,0xffa8e132,28000050,35945,96,
96,#9RGUV9YPV,pica boleto,0xffff8afb,28000207,35791,97,brARGstar
97,#JG0C88QP,De Tomojongen,0xfff05637,28000255,35784,98,De BrawlBoys
98,#LJ9G9JC8,愛|TøαD|力,0xff1ba5f5,28000304,35779,99,2FruitClan
99,#9P0RLC9JJ,УБiЙЦА👾,0xfff05637,28000335,35758,100,Cиnий Пабло😎🤘
100,#9200Q9LLQ,It's Kringa💙,0xff1ba5f5,28000168,35694,101,House BlackFyre
101,#Y9YCR900,𝓒𝓻𝔂𝓼𝓽𝓪𝓵,0xff4ddba2,28000132,35657,102,LABONNEHUMEUR
102,#R2Q0900U,continoue,0xffa2e3fe,28000332,35588,103,NPZ
103,#P92P90UGL,T3L|■ASPECT■,0xffffffff,28000139,35547,104,
104,#LGRLLQ2LY,super tornada,0xffa2e3fe,28000294,35547,105,smecheri
105,#98JYVCRRJ,200iq enri.,0xffff9727,28000219,35466,106,ITA | BEST
106,#2GQRPPPY9,⬜⬜⬜⬜⬜⬜⬜⬜⬜⬜⬜⬜⬜⬜⬜,0xffffffff,28000221,35457,107,Леон
107,#22G0CJVVL,超人,0xffcb5aff,28000255,35453,108,Fiyafidat
108,#2G90UQ2VV,tom1512,0xffff9727,28000130,35438,109,kolk
109,#YVY0P0LGU,|travis scott|,0xffffffff,28000176,35398,110,MIGOS
110,#222RV9RJC,🦇/CWEDI)🦟,0xffffffff,28000152,35339,111,No_Lucky_Today
111,#9GLJ8Y02P,🌪₮ØɌ₦₳ƉØ🌪,0xff1ba5f5,28000288,35338,112,Poeabni Gamerzy
112,#9VCLRPP0R,🐬Mili🐬Knoky🐬,0xfff05637,28000023,35281,113,
113,#L0U8GQYJ,Advencher Play,0xff1ba5f5,28000347,35251,114,Animlo
114,#PJJGJC2YP,Gameplay FC,0xfff9c908,28000252,35248,115,BS BR🇧🇷😎
115,#89989VG0,Seil❤️‍🔥,0xffffffff,28000138,35199,116,Saint Hero
116,#2GQULP9P9,suci571,0xff1ba5f5,28000123,35081,117,
117,#9GQQUQ2CG,Ваня,0xfff9c908,28000017,35074,118,CZ/SK GAMERS
118,#8GLP02YGL,xdxdxdlol,0xffff9727,28000139,35009,119,Rewolwer🔫Colta
119,#989JPQU0G,Leonardo🌑,0xffcb5aff,28000335,34917,120,tropa do tdah
120,#29YRVPQQJ,EGT||DIE⛩,0xffa8e132,28000043,34909,121,
121,#2J8PPCJPQ,⚔️Cͥhⱥͣdͫ ᵍᵒᵈ⚔️,0xffa2e3fe,28000171,34820,122,C&N Gaming YT
122,#8C8YV9CPV,HORT_spandauerr,0xffff8afb,28000225,34788,123,
123,#229J8CR8V,knapstelem,0xff1ba5f5,28000014,34783,124,banaantjes
124,#PGRU90VP2,✭MAXIMツ,0xff4ddba2,28000347,34751,125,appelsap🔥
125,#JQCP8CJC,NivasD,0xffcb5aff,28000228,34528,126,one more light
126,#LYCGYC0RJ,CUPHEAD,0xff1ba5f5,28000243,34506,127,PdePaula❤️‍🩹
127,#99YU228GQ,Легальный Xacer,0xffffffff,28000132,34422,128,
128,#Q9GCPVLV2,DARK💀HUNTER,0xfff05637,28000023,34350,129,Mistrzowie
129,#YPCC2JYJ9,wi1ntik,0xffff8afb,28000087,34335,130,
130,#8088R8QQY,×××GLADE×××,0xffcb5aff,28000061,34275,131,PATATJE GANG
131,#YU0RQ0PCL,💀MASS💀,0xffcb5aff,28000305,34274,132,Deadly_BOYS
132,#80JYVPYUL,BS | ALEX=],0xffffffff,28000132,34240,133,🌟NameleSs🌟
133,#2992RUPCQ,SPIKE,0xffa8e132,28000170,34235,134,
134,#PR28QPUQ,『ʟɪᴀᴍᵏⁱˡˡʏᴏᴜ🥀』,0xfff05637,28000263,34210,135,
135,#9CVCRRPRV,Dᴇᴀᴅʟʏ💞Lᴏɴᴇʏ❦,0xff1ba5f5,28000138,34163,136,
136,#JYLU8YR0,⛩TP|RAYZOR🎋,0xff1ba5f5,28000017,34098,137,
137,#P8UQG90Y2,🥀ApeX |Yurcha,0xffcb5aff,28000134,34061,138,
138,#20292Y99V,S̸Ħ₳D̸Ø₩,0xffa2e3fe,28000156,34037,139,Yargı Ekibi
139,#28QQJCPRC,White Drakon🌊☁,0xffffffff,28000150,34008,140,
140,#9UCGQ8998,профи мастер,0xffa2e3fe,28000132,34001,141,ЗЕЛЁНАЯ ЭНЕРГИЯ
141,#GQL8VYVG,Gucci,0xff1ba5f5,28000284,33990,142,Trophäen
142,#2QQ9GG28J,а4,0xfff05637,28000145,33957,143,csb gang
143,#9QP0Y20RP,G&K Cléclé,0xff4ddba2,28000175,33949,144,French Sigma🗿
144,#2GJYRU002,(づ￣ ³￣)づ,0xfff05637,28000002,33878,145,zxc|™
145,#YJVQCRYU8,kolzo♥️lega,0xffcb5aff,28000207,33877,146,mir
146,#98C2RGP0Q,김말아먹는 도,0xffcb5aff,28000303,33875,147,월척
147,#YQV808R98,Canelito :v,0xfff05637,28000086,33801,148,⚠️NORTH ZONE⚠️
148,#90UGLJC0U,Mister Geheim,0xffffffff,28000170,33766,149,
149,#80980UV00,ℑ¡ղɣʊ๖²⁴ʱ|家,0xffffffff,28000229,33703,150,
150,#8GJJ2LRR2,*LucasSkiller*,0xffa2e3fe,28000220,33677,151,entra se quiser
151,#PVRYP082C,БогБан,0xffcb5aff,28000101,33659,152,les bosse
152,#2YVC90RJV,천득 조카,0xfff05637,28000161,33642,153,?!?
153,#9RC88RVGC,😎uehrbf😎,0xffffce89,28000272,33613,154,ey
154,#99GLRQJ0Q,⛩|Mikey64🎋,0xffcb5aff,28000297,33586,155,TGaming
155,#2PQUCU9PY,Le brawler fou,0xfff9c908,28000153,33568,156,FunClub
156,#28PQQLYL8,Money Lover💞,0xffcb5aff,28000097,33544,157,
157,#82GJJ0VPU,Pro,0xffa8e132,28000264,33457,158,
158,#PJU9GP02G,pizzatoast,0xff1ba5f5,28000175,33442,159,HateEdgar
159,#89Y0L9PUC,ASR |EqwatoR🌀,0xfff05637,28000314,33441,160,топовый клуб
160,#PR2YVRQV,QLS |TOPER🥀,0xff1ba5f5,28000228,33412,161,G.A.G.
161,#80VLLY80G,OWEE | pepito,0xffcb5aff,28000129,33405,162,squeak et spike
162,#Q88JUQJL0,nilo123,0xffcb5aff,28000258,33335,163,
163,#8RGVG0VUQ,ᵇadͩ M⃠ȃ̈n͛ᴳo᩶,0xff1ba5f5,28000062,33316,164,S.T.A.M.D crew
164,#8R9JYUR9J,비둘기 초밥,0xfff9c908,28000015,33292,165,고릴라의 법칙
165,#2J2C0GQ0C,다 죽을 때 까지 덤벼,0xfff05637,28000207,33270,166,Inferno🔥
166,#2R8JJ2Y2J,LT|CGABRIEL,0xffcb5aff,28000207,33262,167,los amigos
167,#920RYUCPV,BBQ|Talisman,0xffffce89,28000017,33219,168,Prolar
168,#PG892GYY,vince,0xffffffff,28000312,33205,169,Overcooked 2
169,#8RL9VQV0,brawlboy☠️,0xfff9c908,28000138,33193,170,Dutch XXL🔥
170,#88U9YJR2G,Felonee🥀,0xfff9c908,28000184,33178,171,heatłesss
171,#Y8028LPUV,Mr. D,0xfff05637,28000277,33164,172,Jongetjes
172,#9GU20YGQU,Gîãçømœ g c r 7,0xffa8e132,28000140,33152,173,Nicomur09 Club
173,#9LGLYCPGU,prostopavlo12,0xff1ba5f5,28000310,33117,174,Ukraine Team
174,#99VYV8UG0,een vreemdeling,0xfff9c908,28000297,33097,175,Joe mama pss
175,#UY0YYJ9J,aveli offical,0xff4ddba2,28000173,33012,176,Die coolen pros
176,#8J8RP88QJ,QLS|toper🥀,0xffa2e3fe,28000280,33009,177,Magic ✨
177,#PCR2LCLJC,мироть,0xfff9c908,28000132,32982,178,Siono
178,#2CYGRYV9P,ķøłth!llla,0xffa2e3fe,28000132,32960,179,🏆CHAMPIONS🏆
179,#RUVLJ82G,koca,0xff1ba5f5,28000175,32959,180,SHADOW CREW
180,#2J990GQJG,kaya abi,0xffa2e3fe,28000352,32941,181,SoloDuo🥶
181,#9V8V2LQ2,DK_Campeón,0xffff8afb,28000128,32940,182,Kulaty kanonyr
182,#2L0LGPVGR,I am the best🤡,0xffa2e3fe,28000314,32923,183,💎ice🥀Creem🍧
183,#PYQQ8RR90,JFC,0xfff9c908,28000248,32907,184,NewHorizon🥀
184,#2QRQRGJPR,Młodybiszkopcik,0xffcb5aff,28000226,32904,185,ŚWINIA ON
185,#80CPGQG88,HTS|D4N1,0xfff05637,28000023,32899,186,ASTRON Crux
186,#R9JCUUJ0,TT | IceCalros❄,0xffffce89,28000175,32835,187,❄️Ice Team❄️
187,#L9UYCUUUV,ZalupkaTyanka,0xff1ba5f5,28000085,32826,188,попка мамонт
188,#982QCRUL2,(ЧИТАК)ЧИТЕР777,0xffa2e3fe,28000330,32814,189,G.FANS
189,#2CJ220V8Y,XR|GigaByte,0xffcb5aff,28000169,32800,190,KS88 IV
190,#PR9LQPRL2,киберспортV2 не,0xff1ba5f5,28000175,32790,191,UKRAINA
191,#20VC0Q2Q0,38(&('79#=#(&(8,0xffcb5aff,28000274,32769,192,Les Démons De M
192,#9UY009GGV,oreo,0xff4ddba2,28000136,32752,193,Magyar youtuber
193,#90V0VJ9Y,GX Gecob63,0xff4ddba2,28000314,32748,194,BABADJE
194,#PVLP0R8RQ,DaNiEl,0xffa8e132,28000076,32739,195,БИОМУСОРА
195,#2929Y9JJ0,санек пиражок,0xffcb5aff,28000317,32721,196,санек пирожок
196,#82UPL29UU,🌵Pablo 🌵,0xffffffff,28000332,32714,197,Ba ba bon style
197,#8YRL90UUP,sem ninja,0xff1ba5f5,28000014,32657,198,appelsap🔥
198,#GQG0Q8V8,marana,0xff1ba5f5,28000170,32623,199,KINGS OF SACHSL
199,#9CQQQP90G,Scrappy T cholo,0xffcb5aff,28000264,32583,200,BAJ
