,tag,name,nameColor,icon,trophies,rank,club
0,#2UY9RP,Prof.Petar,0xff1ba5f5,28000304,66924,1,Bosnian Legends
1,#82CL2V02J,SKY |Mahe,0xffffffff,28000005,64885,2,Self Respect🖤
2,#RV9P8R2Q,BOSANAC,0xff4ddba2,28000341,62786,3,Bosnian Legends
3,#9VPY880CC,Mᴇᴋɪɴᴊᴀ🥀,0xffffffff,28000335,61351,4,Bosnian Legends
4,#2GU8QUJJQ,Ҩ|Dzøntaᵍᵒᵃᵗ❦︎,0xfff9c908,28000218,61329,5,QLASH Serbia
5,#28YC9YGP9,『🪐Milanini🪐™』,0xffffffff,28000139,60412,6,Fake ⛏️
6,#8GUUJRQ2J,мαяισ,0xffff8afb,28000225,58933,7,Bosnian Legends
7,#9C0RQGYCJ,『火|Legend🌪』,0xffff8afb,28000044,58854,8,cheese el pro
8,#P8CUCLJ9G,ReturneAuLobbie,0xfff9c908,28000018,58820,9,Bosnian Legends
9,#2JRRCYGR0,😴|Mr.D1no🖤,0xffcb5aff,28000333,58271,10,banda s bokseri
10,#99R2J8U98,Brawl player☘️,0xff1ba5f5,28000151,57073,11,United Empire
11,#2UUG00JQC,Kiki🕊,0xfff9c908,28000218,56868,12,Bosnian Legends
12,#8V2Q08VVL,🇧🇦N͎i͎h͎a͎d͎,0xffffffff,28000140,55817,13,$BiH$Soldier'$
13,#9LPC289C9,Jufik,0xff1ba5f5,28000299,55645,14,TM|Active
14,#2P208GQRL,malisale,0xffff9727,28000305,55330,15,Bosnian Legends
15,#20VYRLUL2,necod,0xfff9c908,28000156,55139,16,Bosnian Legends
16,#2LQYC0G2P,KGB|BISA,0xffcb5aff,28000265,54396,17,OG Balkan
17,#2JRG8999Q,Edox7,0xffa8e132,28000151,54166,18,7star CLUB
18,#8YU998Q8,Neki Stranac,0xffff9727,28000305,53700,19,Bosnian Legends
19,#88Y9CUR08,Babicic🥀,0xffffffff,28000194,53555,20,Bosnian Legends
20,#8QVLCLV2J,miguel,0xff4ddba2,28000135,53107,21,KS Green
21,#CLJRGLQ8,天神也畏惧我三分,0xffff8afb,28000301,53078,22,tokyo clab
22,#2JVPVGCYY,Nacolini,0xffff9727,28000037,52969,23,BALKAN V.I.P.
23,#2UVV9LUVC,‼️NenoPro‼️,0xff4ddba2,28000341,52522,24,BosnianLegends2
24,#2C0RY82U,LAB | DUsAn,0xffffffff,28000183,52069,25,PIG HUNTERS
25,#998CGUU29,GM_THE ŽILE,0xff4ddba2,28000303,52046,26,
26,#8VYQV92QP,Ninja | LeGas🥑,0xffcb5aff,28000129,51947,27,Bosnian Legends
27,#8PPQLP0U2,OP|Muki_x,0xffcb5aff,28000332,51857,28,BosnianLegends3
28,#22QLYJ9UU,veLx,0xffcb5aff,28000335,51810,29,HORDE
29,#2QU88G9C2,GG|BENJO,0xffa2e3fe,28000341,51565,30,CROATIA POWER
30,#2G2GVYJV9,Fe4RLess,0xffa2e3fe,28000211,51125,31,BosnianLegends3
31,#2JU2P2U02,🥀DudiN🥀,0xffcb5aff,28000281,51108,32,
32,#YYRCVV0RC,Aladdin882,0xffa8e132,28000207,51023,33,Clan Lions
33,#2PC22L8RP,BM ARMIN,0xffcb5aff,28000207,50887,34,Bosnian Legends
34,#2R82RR080,⛩️♨️れＪ口口乃モ♨️⛩️,0xffff8afb,28000061,50882,35,BosnianLegends2
35,#P9220QGP0,LeDiable🤍,0xffffffff,28000000,50695,36,Labyrinth
36,#2QLCPYC80,🇩🇪mico🇭🇷,0xff1ba5f5,28000305,50624,37,BJ34
37,#P9QUQULJU,ON|SILJO,0xffffffff,28000225,50619,38,
38,#PRLUUP8LC,GG |Nenad,0xffcb5aff,28000281,50612,39,BALKAN KINGDOM
39,#2L88PGCLJ,AntraX1994 🇧🇦,0xffcb5aff,28000293,50475,40,Bosnian Legends
40,#82RQ90UVJ,MERCedes-Benz,0xffffffff,28000016,50360,41,Bosnian Legends
41,#2PU0CV9Q,FaZe⚡MoN435,0xffcb5aff,28000271,50165,42,Bosnian|Force
42,#9PQYJ280R,SPIKE,0xffa2e3fe,28000294,50130,43,YT: Amizz
43,#2JCVL29GU,AndreBelu™🧚,0xffffffff,28000303,50043,44,
44,#90VUJGQJP,ᴱˡᵐᵃ♡ＫＡＲＭＡ,0xfff05637,28000210,50029,45,Astral Knights
45,#YVG0GU98V,17VKB🇧🇦,0xff1ba5f5,28000090,49988,46,Sticky Icky
46,#2RJY982PU,Jokić,0xffcb5aff,28000332,49811,47,BosnianLegends3
47,#9J2L9RVL,FSE357,0xffcb5aff,28000305,49472,48,BosnianLegends2
48,#22JL29R,overjoyed,0xff4ddba2,28000345,49175,49,Bosnian Legends
49,#PJPVRL0VC,BoSSanac,0xff4ddba2,28000284,48850,50,$BiH$Soldier'$
50,#8YV2LJCGP,TP|LeOn♥️Marija,0xff1ba5f5,28000073,48663,51,Balkan Brawl
51,#9JLU8V80R,|NE| SteFo™🖤,0xfff05637,28000141,48617,52,NewEstars
52,#82LVU0JPG,bigi,0xfff9775d,28000026,48490,53,🔥HOT TEAM🔥
53,#L8GC9GYU2,Damir,0xff1ba5f5,28000128,48431,54,$BiH$Soldier'$
54,#QLCY0JG9,TWolves,0xfff9c908,28000253,48369,55,CH6
55,#2Q02RQQVQ,nacko,0xffcb5aff,28000003,48341,56,Zmajevi Bosne
56,#YC9QJYQ,Imran❤Mina,0xffcb5aff,28000014,48167,57,OG|Players🔥
57,#2LLPRQYCG,Dok,0xffa2e3fe,28000156,47955,58,destruction
58,#VPQ090PV,aki,0xfff05637,28000334,47913,59,Pro Kajmacenje
59,#PQRR889RJ,RPG🖤|Nick⚡,0xffff9727,28000233,47636,60,Dinosaurier xd
60,#YU90JG2,mase,0xffcb5aff,28000078,47473,61,BosnianLegends2
61,#LGPYRP2GR,trashlex,0xfff05637,28000189,47444,62,OC|Heaven
62,#9JC8YQ2G8,Filipinjo🇧🇦,0xff1ba5f5,28000099,47398,63,Change
63,#RLCQ20U,Jasko🇧🇦,0xff1ba5f5,28000129,47338,64,AUSTRIA
64,#Y8VPLR0G0,Stars,0xffa2e3fe,28000332,47252,65,𝓰𝓸𝓼𝓽𝓹𝓻𝓸
65,#PCRVGUCG,NI | VêķâBøğ,0xffcb5aff,28000126,47141,66,CROATIA POWER
66,#PPQYVRL9,MicoGaming,0xff1ba5f5,28000278,47066,67,BosnianLegends2
67,#2RLUUGV2Q,BB™|PhanTøm,0xffcb5aff,28000003,47033,68,
68,#8RQVP2Q0U,シ︎EMIRシ︎|🤑,0xff1ba5f5,28000273,46927,69,Labyrinth
69,#2QPRRC8CQ,Ako99,0xff1ba5f5,28000224,46887,70,BosnianLegends2
70,#8G0PL89QY,Ninolle,0xfff9c908,28000104,46886,71,BALKAN V.I.P.
71,#2UJY2PJRV,DeniX,0xffa8e132,28000023,46814,72,Balkan Brawl
72,#GYQGJ8,K@SpeR;),0xff1ba5f5,28000317,46678,73,Banjaluka II
73,#9GJLPR80V,Bep Kororoti,0xfff05637,28000277,46621,74,MECAVINA
74,#2R9VCLVG9,XANEMI,0xff1ba5f5,28000092,46525,75,Team Brawl
75,#2YLCGQJPL,GG|IVAN_73,0xff1ba5f5,28000156,46521,76,umnite
76,#2VLQPJYCQ,[LP]марат202,0xfff9c908,28000076,46507,77,Dragons MERCY
77,#8V2GVVP22,🥀|Mᴀᴛᴋᴇ14乂,0xffffffff,28000159,46358,78,A Few RoadMen🥷
78,#89VP000VJ,Mr_Ante🌀,0xffffffff,28000098,46347,79,Xtra Dark
79,#JR2GL028,外掛仔,0xffffce89,28000241,46329,80,<c4>をRAVENを</c>
80,#QYPGUV8,♡Distracted♡,0xffcb5aff,28000286,46308,81,Noob Warriors
81,#8YYVC2Q89,柱|Shelly !,0xffffffff,28000347,46272,82,Bosnia Team⚜️💙
82,#928C2UPCJ,🏈Hvevixon💥,0xffff8afb,28000255,46227,83,Half Tigers
83,#Y2PGPUJ28,BR|Zuka,0xffcb5aff,28000314,46137,84,Bosnian Legends
84,#RGGCLUYV,LAB | Seka,0xffff8afb,28000267,46134,85,Labyrinth
85,#QU8P29J9,Jufaᵖᶦᵉʸʏᴏᴜ,0xfff05637,28000209,46039,86,TTV|NIKE👟✔️
86,#JCYY229Q,❤Алечка❤,0xfff05637,28000018,46004,87,76Rus Club
87,#PCP22CL89,tejić,0xffa8e132,28000089,45995,88,
88,#8JYU8GQ0J,🥀𝖘𝖙𝖎𝖕𝖊𝖊ツ,0xffff8afb,28000029,45908,89,
89,#2L0QQ0YU9,MUDŽAHEDIN🇧🇦☝,0xffcb5aff,28000146,45902,90,BakarniCigani
90,#82UPLJ2UV,Clash❤Perfekt,0xfff05637,28000349,45805,91,Anna's Attic
91,#8PR0GLJYC,ћале и син,0xff1ba5f5,28000098,45685,92,40 plus
92,#2QGG2GGR,IVAN21,0xffff9727,28000078,45600,93,HCX
93,#PPRUUPCP0,MissLaly,0xffa2e3fe,28000314,45553,94,CH6
94,#VULLG2LG,Lyoko|Ender >.<,0xff1ba5f5,28000262,45524,95,Wasted🥱
95,#892UQLCJU,EdinDzeko🇧🇦,0xffcb5aff,28000159,45461,96,TheGrandDia
96,#JUPUVP8,DangerLord,0xfff05637,28000226,45457,97,YT:UsTa Oyunda
97,#Y2PCLLYQ0,Jamesbond007,0xffcb5aff,28000207,45422,98,
98,#2J0CY8CP0,Marko,0xffff9727,28000294,45365,99,🌩lightning⚡️
99,#LJ9JVQQLQ,Diabound69,0xffff9727,28000126,45359,100,Clan Lions
100,#8089C0LCQ,burek,0xfff9c908,28000156,45342,101,$BiH$Soldier'$
101,#PYLP0LLC8,Covid-20,0xffa2e3fe,28000175,45296,102,HyperŚ🤍🕊️
102,#JR8JC9,Raichu,0xff4ddba2,28000021,45271,103,Skillage Squad
103,#PGLUC20C8,AHMED 006,0xffa8e132,28000178,45229,104,'NO MERCY'
104,#9LL8RCJCV,corki,0xffa2e3fe,28000055,45143,105,BALKAN KINGDOM
105,#8LRLLQCVP,кибер обжора,0xffa2e3fe,28000202,45080,106,
106,#8QGJYG0VC,Ico,0xff1ba5f5,28000093,45034,107,DIAMANTE
107,#8PVQ09P,Proxty,0xffff8afb,28000196,45002,108,Synergy
108,#9VGL088Y9,乡|ℑ𝔳𝔞𝔫ϟ™シ,0xffff8afb,28000303,44806,109,Swayze Gaming
109,#89GUVG29,OP | Emir,0xffcb5aff,28000207,44769,110,LA Crown
110,#PPQQCCUQL,|EMERALD|,0xffcb5aff,28000207,44767,111,Bosnia Team⚜️💙
111,#8RJRVGYVQ,LAB|•FeehiM•,0xff1ba5f5,28000290,44744,112,Labyrinth
112,#R09J9LJJ,XS|Kize,0xff4ddba2,28000014,44724,113,ButiForYou
113,#9V898URVL,𝐘𝐊|ᵉˢᵃᵈ,0xfff05637,28000003,44687,114,
114,#Y98R2L200,Squishy Lemon,0xfff9c908,28000223,44684,115,CarnageGame
115,#2URV9QYU,default387,0xffa2e3fe,28000248,44673,116,$BiH$Soldier'$
116,#RL0928C2,XxMegaBrawlerxX,0xfff9c908,28000317,44668,117,Šmekeri
117,#8QCV8YVVL,cugi7,0xff1ba5f5,28000317,44666,118,Österreich
118,#9UGU902JR,❄adry❄,0xff1ba5f5,28000335,44630,119,Banjaluka II
119,#2CVY9LJVC,<<NUBARA>>,0xfff9c908,28000234,44522,120,BrawlBros™️
120,#JYL8V8RY,momfis,0xfff05637,28000038,44497,121,statersgame
121,#9QGG9G0UY,jeff,0xffa2e3fe,28000341,44486,122,Team lightning
122,#2GJGJQLY9,BadDome,0xff1ba5f5,28000129,44451,123,KA
123,#CLVC2VLJ,Ana,0xffff8afb,28000352,44433,124,Banjaluka II
124,#809GCYV0C,QLS|Albin,0xffff8afb,28000136,44431,125,STMN 3077
125,#CP8J2PLG,taha,0xffffffff,28000000,44360,126,CHUPA&CHUPS
126,#2J9P9UY80,talla2xlc_at,0xff1ba5f5,28000061,44334,127,grinders
127,#9GQCQCG8U,Mr.Wick,0xffffffff,28000163,44125,128,Balkan ELITE
128,#8RP9929V9,維翔,0xffff9727,28000128,44119,129,繁體中文（TW）
129,#YUYU90R9P,Pupa,0xffffffff,28000297,44066,130,BosnianLegends3
130,#YGUGVR0VY,ŽIKA/ŽIVORAD,0xfff9c908,28000132,44048,131,SeaEmpire🌊
131,#P0PY9JGC,KULA4🇧🇦,0xffff8afb,28000179,44047,132,SuperSmashTeam
132,#9RRLUCPL0,#JAHJA🐺WOLF,0xffa2e3fe,28000102,44014,133,BALKAN V.I.P.
133,#99UCULUU0,adin MC,0xffffce89,28000297,44011,134,Balkan Brawl
134,#2RP000PGP,Bembo,0xfff9c908,28000317,43910,135,
135,#2VVQLQPUG,SK|Amkee,0xffff8afb,28000222,43844,136,TGE Esport
136,#8P22GG9V,arhangelMelaih,0xffff9727,28000021,43819,137,Uukparty
137,#9VQULULUR,Benjamin,0xffff9727,28000173,43813,138,AUSTRIA
138,#VGJG0VYJ,bosanski musail,0xffff8afb,28000018,43772,139,HORDE
139,#28QLU9JU,SSANGRIA,0xff4ddba2,28000021,43736,140,Uukparty
140,#2U0CG8YCL,FakeKingXD,0xffcb5aff,28000247,43713,141,
141,#8QGPGQYU9,kenan,0xffff8afb,28000317,43577,142,TEAM OMEGA 2
142,#RYJPCJUG,argazetyc,0xffffffff,28000334,43561,143,BALKAN KINGDOM
143,#Y82GY00RL,toka,0xfff05637,28000332,43515,144,김율 신내동 김율
144,#99L8VQGL0,Killer Bunny,0xfff9c908,28000224,43439,145,TEAM ISMVR
145,#LJVR02LCY,MIKI,0xfff9c908,28000343,43425,146,HellBin👺
146,#9P8CJLCJL,Belaj boy🇧🇦,0xff4ddba2,28000087,43419,147,BosnianLegends3
147,#VQGCQQUG,JaVolimBurek,0xfff05637,28000156,43412,148,gg4lifebaby
148,#9URG2V2JJ,Optimus_Prime,0xff1ba5f5,28000129,43405,149,DRUSTVO BJELAVE
149,#PJP82P92R,kalaDONt 🇧🇦,0xffffffff,28000092,43403,150,TOXICOS
150,#882Y8QP9V,tARik,0xff4ddba2,28000171,43369,151,
151,#8CQLYLQRJ,Fowat,0xfff05637,28000335,43353,152,Paradise🃏
152,#JQYJLCRU,Red_John,0xfff05637,28000273,43285,153,QC Novas
153,#2YPL29LGP,MR.TopsJazavac,0xffcb5aff,28000335,43217,154,Zmajevi Bosne
154,#2VPJJLR0P,ケルト,0xffffffff,28000072,43152,155,Ledeni Balkan
155,#9UJL9CYL2,QLS|☄️ĐolleKing,0xff4ddba2,28000136,43148,156,øgtєค๓🐙
156,#PQYUG08VP,⛩️Fed҉s҉onᵍᵒᵈ🎋,0xff1ba5f5,28000132,43132,157,Dragon's Nest🐲
157,#CJ0PG8GG,AleksejBS,0xffffffff,28000014,43122,158,<c9>Killer</c>
158,#8PJ8QRCQJ,ZAKA,0xff1ba5f5,28000077,43113,159,
159,#2CCJ9LC2J,Fele,0xffcb5aff,28000282,43035,160,Burek s Mesom
160,#9PJ8CCRYJ,ibricaaa,0xff1ba5f5,28000352,43034,161,RED warriors
161,#89PPY9PJ0,🌴ExoticMatt🐧,0xff4ddba2,28000010,43031,162,
162,#P8JVQP229,kiki,0xfff9c908,28000211,42988,163,BosnianLegends3
163,#8L09UULR0,STG|Hector,0xfff05637,28000151,42955,164,
164,#PYC9GYLR0,JIM |Alvaro,0xffff9727,28000207,42921,165,Wolfriders
165,#PUPG82YQR,PINGU | Ivan❄,0xffffffff,28000176,42919,166,BosnianLegends3
166,#2LPGUC2JV,Inferno Player,0xffa8e132,28000218,42884,167,GENTLEMAN
167,#8PGRVY89U,h@me,0xffff8afb,28000031,42860,168,
168,#8UPYR80UU,ᴊᴇʟᴇɴᴀ♡︎,0xffcb5aff,28000238,42813,169,
169,#PPULGP92V,Nikola14,0xffcb5aff,28000295,42778,170,B. B
170,#9V9PCJRR9,IAMNOTRAPTOR,0xffa2e3fe,28000309,42728,171,Nopik
171,#8PGGJCGLC,Gandra,0xff1ba5f5,28000019,42680,172,Gambit Gaming
172,#2VRJCCQV,dzenno,0xfff9c908,28000352,42669,173,RA
173,#8PPRYY2GP,🇧🇦ZUKANOVIC ♤,0xfff9c908,28000273,42659,174,GoldCodeMythic
174,#GURRLP9Q,Jopa30,0xff1ba5f5,28000027,42655,175,Bamboozle Army
175,#9YVG99V0G,Fallen💔,0xffcb5aff,28000348,42654,176,CWi United X
176,#8J92VRUG,Ćelo|the Bandit,0xffff9727,28000279,42627,177,ATREIDES
177,#80P0PJL08,SEDIN PRO,0xfff05637,28000293,42589,178,BiH Brawlers
178,#9YQ2L00JQ,BS|☔ᴋɪʟʟᴇʀ,0xffffffff,28000298,42576,179,Lucky Soldiers
179,#8QRVRUURQ,xX_S_E_M_I_H_Xx,0xfff05637,28000254,42563,180,BosnianLegends2
180,#8VCPYGPQ,👻MILOŠ_123👻,0xff1ba5f5,28000293,42560,181,Immortal Souls
181,#8LGUGQLQQ,乡BleKyッ🥀,0xffcb5aff,28000044,42540,182,
182,#8JG00LURG,Vedox 7,0xff1ba5f5,28000099,42493,183,BALKAN KINGDOM
183,#PGY90JLLY,NM|AnelTheKing,0xffff9727,28000207,42474,184,Šmekeri
184,#99PYCYV02,GG|Činez,0xffcb5aff,28000294,42447,185,A Few good rice
185,#889PQLV8L,Guszyツ,0xff1ba5f5,28000179,42398,186,AAD
186,#R8J2V8Q0,Metallica BiH,0xffff8afb,28000317,42398,187,BiH Brawlers
187,#YR9GGY9LJ,Gematrija 🇷🇸,0xffffffff,28000104,42370,188,
188,#229VRUU0G,Mimo,0xffa8e132,28000271,42341,189,BiH🇧🇦👑
189,#8QVGYYQ2Y,aner,0xffffffff,28000272,42335,190,Balkan Brawl
190,#YU9PG2QPJ,mmmiki,0xfff05637,28000129,42277,191,Bart
191,#909GY2G8V,darrko,0xffa2e3fe,28000152,42161,192,Balkan Brawl
192,#99CQP288G,Drmex,0xffa8e132,28000142,42120,193,Pro Kajmacenje
193,#2RYUC2GV,BTB|ŽicBoʷⁱⁿシ︎,0xff4ddba2,28000129,42057,194,
194,#RPYPJQL2,Bat0,0xffcb5aff,28000262,42052,195,HORDE
195,#8YPG92QPY,🖤|𝕯𝖊𝖛𝖎𝖑,0xffff8afb,28000310,42004,196,øgtєค๓🐙
196,#P2GY90Y8L,Svrco,0xff4ddba2,28000207,41994,197,7star CLUB
197,#QPVQGV28,Ducky|qwak🦆,0xffffffff,28000228,41985,198,Trikoupides
198,#2JP20RU0,kaknjo,0xffffffff,28000078,41978,199,borci z borcova
199,#9RV2Y2Q22,васёк2010,0xffff9727,28000272,41933,200,SniperPro™🦹
