,tag,name,nameColor,icon,trophies,rank,club
0,#GU898VQ,Levi,0xffcb5aff,28000014,79434,1,Brawl King's
1,#L8L0PJG0Q,BS |✨Alexandre✨,0xffcb5aff,28000196,60343,2,SGwin
2,#Y9GVY0J9G,TRB|上去拍🔚☔️,0xffcb5aff,28000262,53140,3,DeadTribe_😎
3,#9V99C8CU0,DZ 妥🖤,0xffffffff,28000265,53091,4,
4,#2V9RQUY22,SK_Gotenx,0xffa2e3fe,28000156,52393,5,team_SKay
5,#928QQCGG8,ᴛʜᴇ ˡᵃᶻʸ ɢᴇɴɪᴜs,0xffffffff,28000315,52346,6,𝕾𝖆𝖐𝖚𝖗𝖆
6,#8CR2YYGQC,yoyodu69,0xfff9c908,28000282,51824,7,LPBS
7,#GR90GPYJ,#Ķ8ÑĜ ÀBØØĐ,0xff1ba5f5,28000000,50749,8,غزة العزة
8,#PYQVYUVJ9,🌴AQM🍈MAKA🌴,0xffffffff,28000267,50457,9,THE MASTERS
9,#8UPRLUG22,我Past❤️‍🩹Hope,0xff1ba5f5,28000348,50252,10,Люtьle
10,#89VJ2L,[RBL] Roblabiu,0xffffffff,28000066,49981,11,Regions Team 4
11,#2PJJR2ULP,PoIsSoN_MaRrOn,0xffff9727,28000068,49005,12,Monterrey Mx
12,#8Y2PG9P8G,☆|Nass|☆,0xffffffff,28000135,48049,13,SGwin
13,#8J0UY8UC0,Andy,0xffff8afb,28000155,47926,14,The Big Boys
14,#8U9JL299V,YT|Ferian(⁠☞✓,0xffffffff,28000281,47924,15,Frosty Team🥶
15,#R2U9VP9L,pauloski,0xffff9727,28000140,47395,16,ALL RIGHT
16,#88GRCLG28,☢️N̶R̶ |Fo𝕩ᵒᵖシ,0xffcb5aff,28000348,47156,17,☢️N̶R̶ |Esport
17,#2JRYGQUVG,ͥ ͣ ͫFlj_70ᴳᵒᵈ,0xfff05637,28000321,46208,18,HouseTeam🏰
18,#922JRY0LU,kevking,0xff1ba5f5,28000273,45622,19,Scifen
19,#YGPL89UYR,Ange de la mort,0xfff9c908,28000273,45175,20,NerQ derim
20,#PL2JPJRUU,MONRESH,0xff1ba5f5,28000310,44550,21,warriors💪🏼
21,#2P0JLVL08,rider,0xffffffff,28000299,44477,22,-SORRY NOOB 2-
22,#20G2PYLUR,§廾ᙀȴҿ尸,0xffcb5aff,28000335,44246,23,ʜᴀʀᴅ sᴋɪʟʟ
23,#8UQUPGL9Q,GUNBOM kim/군밤킴,0xffcb5aff,28000164,43740,24,송례중 운동부
24,#9U0CL89L2,Mr.per🐣🦖,0xffff9727,28000348,43717,25,
25,#Y8RGR009L,𝕞𝕦𝕙𝕠,0xff4ddba2,28000254,43626,26,zEnCilEr🤚🏿😎
26,#9CGP2J8R,☢Donni10☢,0xfff05637,28000305,43600,27,<c5>Kil</c>lers
27,#8VQGJGQ0Y,GX COZZA,0xfff05637,28000312,43508,28,ＳＴ<c5>Ｏ</c>ＲＭ
28,#9L8UQC9QQ,QuEry|Hz hto,0xffa8e132,28000169,43268,29,HZ HTO
29,#2J90GVVGR,『MR』PhataWRLD🪐,0xffffffff,28000156,42992,30,the UwU club
30,#G8UQRG0G,Dasco💦🌃,0xffff8afb,28000332,42947,31,The Flow Zone
31,#290292GCR,TJ|JØ3Ľ~10,0xfff9c908,28000290,42908,32,los insanos 👻
32,#8JVG82QU,AL | JediR1,0xffff9727,28000293,42904,33,Allez Laaaa
33,#9QYY9QJ9,KRS|White💪,0xffff9727,28000299,42826,34,Saint Devils
34,#90V9C289Q,GDDR,0xffffce89,28000141,42546,35,Harmonic Heroes
35,#20P8LULU8,JONATHAN13,0xff4ddba2,28000101,42353,36,<c7>FʀᴇᴇᴅᴏF</c>
36,#2L9RRQJP0,Diyaa,0xfff05637,28000334,42011,37,غزة العزة
37,#8JGCCCQG2,sry alter,0xffcb5aff,28000293,41834,38,Sleepless
38,#LLQU9Q9P,QLS | Dragon,0xffffffff,28000139,41792,39,Fan|spike|Fr
39,#2QJ2CJLUG,sidy m,0xffffce89,28000073,41791,40,ESTAR PARK
40,#2GUCQYUPQ,정제이,0xff1ba5f5,28000105,41536,41,모집
41,#G0UUJPRL,partyrock,0xffff9727,28000305,41460,42,
42,#88U2PJPVL,NEGR!TO,0xffcb5aff,28000297,41426,43,Mr. P's Club
43,#U90VR90,CD|Chasqoi|$,0xff1ba5f5,28000005,41384,44,
44,#2UPUC82U0,ANGLS GD,0xffa2e3fe,28000225,41309,45,Cuervos
45,#YC8QYPQLJ,K.B,0xffa2e3fe,28000305,41220,46,SPAIN PUSHERS
46,#29G2JRULR,dadumag,0xffcb5aff,28000305,41201,47,Gym Kronwerk
47,#8R0VPCV28,|ͥZeͣuͫs|,0xffcb5aff,28000156,41122,48,die stars
48,#29G0U8LVV,BrC|proBR 1+1=3,0xffff9727,28000176,41040,49,Mirrorless
49,#9Y28Y92PU,⚡FlexyBoy⚡,0xfff9c908,28000176,40887,50,SHADOWS•^•
50,#2RVLLUJQP,🤡RT|GERTROI🤡,0xff4ddba2,28000228,40792,51,🐒MKMZ💀
51,#9QJ88YRVY,Brawl meister.,0xffffce89,28000022,40785,52,CH Royale
52,#829QVQ20P,Mr. cool,0xfff05637,28000138,40706,53,DE|ESPORTS🇩🇪
53,#9PL8C2VQJ,🥀ZaͥpNͣaͫp⚡,0xfff9c908,28000173,40674,54,TeamCindy🐈‍⬛
54,#988R0U8RJ,Puuki,0xffff9727,28000273,40413,55,active clan
55,#2GLQGGCV0,zixow,0xff4ddba2,28000254,40396,56,gang legend
56,#2C0Q889RV,5TengpercentYu,0xffcb5aff,28000294,40394,57,荒野亂鬥！
57,#YJ98VG8,Idrice,0xfff9c908,28000149,40170,58,
58,#8YUGVPLPY,CNF_GREGOGORIN,0xffffffff,28000290,40131,59,Los pros cacti
59,#8J9CGJR2C,IVAN,0xfff05637,28000017,40008,60,<c7>Sk team</c>
60,#9G222L0J9,⛩RED FLY44/TG❄,0xfff05637,28000341,39709,61,🍁Autumn Mood🍁
61,#28JRLQ2P,Black assassin,0xfff9c908,28000017,39495,62,TEAM Assassin
62,#PL0L98GV,Dark Ace,0xffa8e132,28000298,39317,63,Server De Spiuk
63,#GJV2CP82,BKF|ADRIANG3N☢️,0xffa2e3fe,28000301,39264,64,𝐈𝐂𝐄𝐖
64,#YV98URQG9,srafman,0xffffffff,28000000,39029,65,only pro ita
65,#LGRYURP82,sniper KING,0xffa2e3fe,28000352,38859,66,Paris SG
66,#8QJQ8VGYG,Pro Kidex,0xfff05637,28000211,38709,67,B.T.D
67,#8LLJV2C2,patrykoooo,0xffa8e132,28000139,38647,68,GANG RYŻU
68,#820Q2J2Q9,ghis9●,0xffffce89,28000019,38581,69,Nakibur Sofa
69,#Q0VQ292U9,GUARLESS,0xffffffff,28000138,38580,70,LES CONQUÉRANTS
70,#P9PYUP2VV,Lord Lucifer,0xfff05637,28000273,38509,71,Legend2122
71,#8GL9CY82L,vlado,0xffa2e3fe,28000101,38485,72,Profinac35i
72,#Q8R0LQR2,Flezdar228,0xffa2e3fe,28000139,38326,73,AngryUkrainians
73,#88LVJQ9,⚠️FaDil⚠️,0xffffce89,28000335,38297,74,Revenge 😈
74,#8RGL82VR2,LorD_Brawl,0xffcb5aff,28000125,38268,75,
75,#2JQ9YLJLV,THE BERSERKER👹,0xffffffff,28000225,37977,76,Alpha Impact
76,#P8CG8RCYY,tomar753,0xffa2e3fe,28000171,37878,77,LEGENDS
77,#2QQ8VLQJV,☆𝕋𝕚𝕥𝕠☆,0xfff9c908,28000272,37871,78,Black Crow Club
78,#QRPQ02J8,£¡£ꜱɑლ,0xffffffff,28000183,37834,79,盾作り。
79,#Y2CQYJLJV,Génesis,0xffa2e3fe,28000139,37824,80,<c8>Push™</c>
80,#C882U0CJ,ツ 𝚅 𝚊 𝚗 𝚜,0xffcb5aff,28000332,37784,81,Sha_Grom_Squad
81,#20PRJL8U2,KraTos,0xffcb5aff,28000352,37761,82,桜で一つ • 🌸
82,#2YP0Q0JG9,TainDe,0xff1ba5f5,28000229,37650,83,типо крутой
83,#2V8C8PUY0,l'alien,0xffcb5aff,28000220,37629,84,Master
84,#2R00R09U2,Danila,0xffcb5aff,28000077,37485,85,
85,#P8Q82QGYC,☣sf|asierer☣,0xffcb5aff,28000272,37430,86,BrawlCebolla B
86,#9Y0PGCL0P,🔥BroVN🔥,0xffffffff,28000071,37376,87,Дядя Сережа
87,#9QJGCJV9C,ETHAN,0xffff9727,28000242,37356,88,la team freezie
88,#P8Y208C0R,ArtGo,0xfff9c908,28000165,37331,89,
89,#22VC82QG0,Disk 23,0xffcb5aff,28000014,37301,90,team stecca 379
90,#PPQL9LVJ0,olaf,0xff4ddba2,28000265,37268,91,Pro players™️
91,#Q00G9QLP2,🍹/Mp.surge/🏖,0xffff9727,28000348,37250,92,oh la fete
92,#LYJCPQ8JC,Retro,0xffcb5aff,28000305,37247,93,ʜᴀʀᴅ sᴋɪʟʟ
93,#9UQUYYGV8,Zak,0xfff9c908,28000156,37238,94,SPEED MAX
94,#88P00QVQ,Amaris🐯,0xffa8e132,28000211,37229,95,Colombia Dark
95,#YPCRRC8LV,ZEUS,0xfff9c908,28000089,37226,96,shikoku
96,#YP8LLRPQ0,g10_v@_nn1,0xff1ba5f5,28000140,37211,97,I VERI CAMPIONI
97,#9QQJRJJUQ,RTY / TOP4IK,0xffa2e3fe,28000335,37199,98,LINE WHITE
98,#2VPVGQUGL,L1meeこるー💗,0xfff9775d,28000281,37161,99,Welerium
99,#YLYCUP9P8,ALBAY,0xfff05637,28000293,37106,100,
100,#PL9C9C80P,🥀BOMBER🥀,0xffcb5aff,28000060,37051,101,Spacco tutto
101,#92JRCUUCC,⚡PST|ROCHETOSO⚡,0xffff9727,28000347,36923,102,peseteros_1
102,#L99UG2QV,ñan,0xffcb5aff,28000073,36848,103,Héroes Clase S
103,#2RGUP020R,WTFG| Akroトルあ,0xfff05637,28000341,36844,104,SwiftFlow💞
104,#YQ9PUG9U,Venance,0xfff9775d,28000019,36723,105,BURKINA FASO
105,#LUU8JR2QJ,jsp kel nom,0xffcb5aff,28000279,36716,106,Les légendaires
106,#828GLJRJQ,vetements,0xffffffff,28000170,36656,107,
107,#999YVLYGC,⛩⚔️Arnaldo🥀,0xffffffff,28000265,36410,108,contes max
108,#9GL808Q08,Мистители,0xffff8afb,28000220,36362,109,<c7>NaVi</c>
109,#PVC9CQPLU,🥺i❤️ina🥺,0xffcb5aff,28000037,36241,110,chapeau de pail
110,#2GL9GPC2G,rahim226,0xff4ddba2,28000017,36208,111,€€les riches
111,#9Q8QGV9VL,leonard de véci,0xff1ba5f5,28000129,36193,112,brawlerswinners
112,#V80JCVC0,KORSAR|KOLT,0xffcb5aff,28000156,36160,113,
113,#28CVG88G0,硕｜Sascha,0xffffce89,28000182,36087,114,
114,#2RG289GL,Mee,0xffa2e3fe,28000019,36027,115,Ita🇮🇹
115,#89GU2QCRR,Allan,0xffa2e3fe,28000057,35914,116,OR
116,#G0PJL80V,Zeus,0xff1ba5f5,28000258,35867,117,FazeKing👑
117,#9LLCY90QQ,fater1,0xffa2e3fe,28000277,35833,118,Shadow
118,#Y0R2V2R9,SAD|Sagemi🍈,0xffffffff,28000321,35802,119,Hope dies last?
119,#2P0GPR2RG,🌫素ɢʀɪᴢᴢʟʏ领🌸,0xff4ddba2,28000253,35725,120,ambasador←
120,#9GYCVJ8CY,Nono44boy,0xffffce89,28000311,35724,121,come pan
121,#PJCCLY8Q,⛩️PSPR64☄️,0xff4ddba2,28000014,35644,122,
122,#PGVQ0G88,SuperIdeal,0xffff8afb,28000222,35606,123,Nubtacular
123,#PYQCCRP0,Petyunyka,0xffffffff,28000272,35597,124,DragonFadonHome
124,#PPQQRY2PP,Poplhastar,0xffa8e132,28000156,35576,125,Dragonstone 🐉
125,#8GR02RP99,Ced,0xffcb5aff,28000128,35561,126,Les Boss
126,#GC9JUU9U,Big Flo,0xff1ba5f5,28000017,35550,127,LIMITLESS CLUB
127,#Y0R2UQV8V,TY TIMOTHY,0xffff9727,28000175,35547,128,parkhetto pazzo
128,#P02U8GC0P,Blacksnake🔥,0xffffffff,28000032,35491,129,Nakibur Sofa
129,#2J0C8V0P,Sosthène 2.0,0xffa2e3fe,28000242,35445,130,SmegHeadElite
130,#Q00LJGPQQ,Alex,0xffa2e3fe,28000318,35384,131,méga pig
131,#8Y082PQR8,ИНДА УТКА,0xfff9775d,28000282,35364,132,
132,#9UVJ8JJ0C,Erwan ACE♠️,0xffa2e3fe,28000150,35341,133,contes max
133,#2G9GYQY2C,PierreZelandeII,0xffffffff,28000139,35262,134,[ES]RyuFire
134,#QGVC0Q8L,💎0s衣ria_batp💎,0xfff05637,28000130,35160,135,AQM | LUCIFER
135,#LRY2VCCPJ,vadim,0xfff9c908,28000132,35151,136,
136,#PYGLVJVQ2,NIGHT KING,0xffffffff,28000315,35144,137,Friendlysport💙
137,#YJV09PJ0G,ᑕᒈᕼᓂᔦᗴᖉ,0xffa8e132,28000290,35123,138,
138,#YQJUP88YC,━━╬°AZIZSCO°╬━━,0xffffffff,28000242,35078,139,ACID REVOLUTION
139,#LGCLQ2Y2Y,YT/Google,0xffcb5aff,28000101,35071,140,DiSo🚀🐳
140,#8QY8802CY,KAKTUSVALERA,0xffcb5aff,28000228,35052,141,Feeling Numb
141,#QLPY9V2U,cute gabi❤👻,0xfff9c908,28000242,35029,142,Dark⚫
142,#Y908R2GL,ζ͜͡Serhat`💔🔥,0xfff9c908,28000055,35020,143,
143,#82Q8LPCLY,aleboxa 2,0xff1ba5f5,28000170,35016,144,NPC Biden
144,#8R9R20J90,ОГНЕНЫЙ КУБИК,0xffa2e3fe,28000169,34893,145,
145,#PUGPYL8LQ,ЗУБРИК 228,0xfff05637,28000023,34883,146,OKBR
146,#V08PGJ82,益玄么‹sŚαͥϒøͣrͫ🧸,0xffcb5aff,28000274,34866,147,ʟᴏᴀᴅɪɴɢ...
147,#9GLGYP8Q,김재율 브롤 고수,0xfff9c908,28000227,34799,148,바보군단!!!!
148,#P228UCJYP,ANKARA MESSI,0xffffffff,28000000,34737,149,<c9>MagicTM</c>
149,#9JQJJ2V9V,굊|Amirᴳᵒᵈ,0xfff05637,28000009,34724,150,A Few Good Bots
150,#PU0U98UVY,Mécha,0xff1ba5f5,28000159,34721,151,STRIKERS
151,#PRJGG8LRG,Blackmanba,0xfff05637,28000265,34579,152,clan du feu
152,#89RQR8V9J,LG_shim woohyun,0xffffffff,28000207,34568,153,Treey!
153,#YQ92VQQQ,★FireStorm★,0xffff9727,28000347,34568,154,LesSuperrois
154,#2CLCC29VY,🔯GREEN 44/TG🍃,0xffffffff,28000278,34506,155,
155,#2RPUY29V2,BC|SuaviCrema,0xffffffff,28000106,34493,156,☠️Shoting Star☠
156,#80QCU8YCG,YT |GS GAME,0xffa2e3fe,28000132,34447,157,MR/Jordan
157,#99JCPY0JC,-oioi,0xffff8afb,28000335,34416,158,powdown
158,#90LLQPJYL,дави на газ,0xffffce89,28000064,34283,159,That liluglydud
159,#9LVJRLV9Q,я безмамный,0xffffffff,28000124,34258,160,The Rebel Team
160,#9UG82J0U,Mikö,0xffcb5aff,28000305,34197,161,WE TEAM
161,#2YUP28UL2,™Spiddyy🖤Happy,0xffffce89,28000132,34179,162,
162,#LCLC0RY2U,Bozzixx,0xffcb5aff,28000347,34162,163,Master
163,#9R28PC0LJ,K.S.AHMED,0xfff05637,28000164,34110,164,BlancheFesse
164,#LL82VVVJU,likma🏴‍☠️💫🥱,0xfff9c908,28000280,33968,165,⭐BRAWL TEAM⭐
165,#2LY0YQGL2,SIMON,0xffffffff,28000179,33929,166,Pulsar™
166,#YPQP92CRP,Lorry,0xffcb5aff,28000288,33927,167,i mille pazzi
167,#P9QGQYPUJ,ghost rider,0xff1ba5f5,28000335,33857,168,Nitki
168,#9C9J8PCC0,⛩あは|s ɴ ᴀ ʟ ᴇ🥀,0xfff9c908,28000073,33841,169,
169,#9VRQPY0L9,ТОП 1,0xffa8e132,28000023,33813,170,DragonFadonHome
170,#8LLV0L22U,Killua Zoldyck,0xfff9c908,28000088,33751,171,TL |Magnifique
171,#P20YGC9R0,🏆KING🏆BRAVLER,0xffcb5aff,28000023,33720,172,Only for 5B
172,#VRJ0LU2Q,GX SHADOW,0xff1ba5f5,28000162,33574,173,
173,#892VPR0PP,VIKAMAGA,0xffff9727,28000218,33468,174,Banned users
174,#YQYURLCQ,lion solitaire,0xfff9c908,28000137,33456,175,Maisie Ind.
175,#Y2PLCYY9V,🈵Jason🥀,0xfff9c908,28000262,33433,176,Yamal
176,#8G9YCCG92,athernaos,0xff4ddba2,28000101,33380,177,
177,#LQ0LGC9JP,世界一のゴミゲー＝ブロスタ,0xffa2e3fe,28000223,33305,178,LEGEND’S
178,#80UGYG9CV,ib999,0xffa8e132,28000024,33242,179,YZ
179,#9JUL2JQ90,RAOUF BHR,0xff1ba5f5,28000347,33230,180,shadow
180,#8LCQLGP0Q,kai 2051,0xffff9727,28000168,33215,181,⛩|Team64🎋
181,#2CG2YV2P2,AmG|Dizmorale🔥,0xffcb5aff,28000022,33207,182,Los Guerreros
182,#RP0LCLUP,$ilver,0xffa2e3fe,28000095,33195,183,Team France
183,#P2Y0YQLLJ,(лега)Ян leon,0xfff9c908,28000152,33172,184,Eastern Elite
184,#YGPV299Q,TTT | Allencar™,0xffff9727,28000348,33153,185,3T ~ Gaming
185,#92RRP8899,PamBraceta,0xffcb5aff,28000309,33152,186,ipopotamo
186,#2GP2RVJQ,ghost,0xffa8e132,28000272,33110,187,
187,#9G8V0VGUG,UA|✨desire✨,0xff4ddba2,28000254,33094,188,
188,#LCC2UJLG,ваня,0xffa2e3fe,28000320,33076,189,Hyra
189,#P8LG0PC9U,Caz,0xffffffff,28000155,33076,190,
190,#98LC29J00,john le rouge,0xfff05637,28000297,33018,191,
191,#89J9G8C0P,1231,0xfff05637,28000335,32988,192,Neuwieder
192,#89GUG2CLR,Macre28YT,0xfff9c908,28000156,32946,193,Reading Chepas
193,#2UYYYU2UG,Kareem-ALA,0xffa2e3fe,28000305,32896,194,
194,#Y9U888PL,süpercell,0xff1ba5f5,28000276,32875,195,
195,#8PYVPC0YG,ISRAËL 🏀🥇🏆,0xfff9c908,28000088,32791,196,
196,#92P90PCJG,₩♤H.U.G.O♤₩,0xff4ddba2,28000046,32755,197,ertruke
197,#828PVPGP,leon,0xffcb5aff,28000140,32739,198,🇦🇿BAKU
198,#800CU8LC8,☠THE PUNISHER☠,0xffff9727,28000170,32701,199,
199,#2YQ89G8JL,Dima66,0xffa2e3fe,28000170,32673,200,nina's club
