,tag,name,nameColor,icon,trophies,rank,club
0,#2GLYPVVJU,GX Dj,0xffa2e3fe,28000299,61505,1,devianze
1,#PCUR9UJ8V,SH|Vincy 🪐,0xffcb5aff,28000291,60273,2,Spin Legends
2,#92LCUQLR,Wildschwein,0xfff05637,28000170,58469,3,Bananen Bande
3,#8JCJJ0JPJ,devastatore bos,0xff4ddba2,28000140,57290,4,devianze
4,#8CCLPL8R0,roquett,0xffa8e132,28000000,56180,5,les anti looser
5,#8CRGQPLQQ,•tonakai•🦌,0xfff05637,28000349,51647,6,thegamercrazy
6,#Y220LU2R8,It's Gregg❦,0xffffffff,28000000,51554,7,
7,#2QPUR2YL,GX TIGER,0xff1ba5f5,28000135,51419,8,devianze
8,#GQ2LRCJ,Saxo camp 30,0xfff05637,28000005,51158,9,ramer
9,#8LJ2R0V,DuduGamesYt,0xffcb5aff,28000264,51015,10,Liga de Clubes
10,#8RVP9CVUU,😤|TOXIC,0xffffffff,28000061,50705,11,Резиновый ПРИМО
11,#9PYCRQGQR,☂️ᴵᵗ'ˢ seven ❄️,0xffffffff,28000305,50693,12,🇺🇦Ukraine
12,#22QGL9P90,seysoldたされしい😋,0xffcb5aff,28000291,50493,13,
13,#8QCGPR2PU,no name,0xffff9727,28000350,50149,14,パワリソロ病
14,#99GYQQ0V,❌❌❌❌❌❌❌❌❌❌Pucu❌,0xff4ddba2,28000314,49632,15,Perú
15,#GLP220YG,🥶ᑭ E ᗪ ᖇ I,0xff4ddba2,28000014,49479,16,Potatoe League
16,#9CY28L9CU,YT|Art〽️,0xffff9727,28000333,49248,17,whatt?💋
17,#22YYGL8JL,Боец,0xffffffff,28000218,48625,18,
18,#PGLJUR80P,FerraPiuX(^.^),0xfff9c908,28000010,48601,19,Nuevas Leyendas
19,#8UVC2P0P2,WS|🩸arti-X🩸,0xffffffff,28000137,48551,20,Green Go Jr
20,#9Q8L22CCG,YT/BYMBASTIK🌵,0xff4ddba2,28000103,48112,21,
21,#YGCU22V0V,Flâwléss♡,0xffffffff,28000226,47718,22,Let's Go!
22,#922LY0QLP,いこと theend🤍G,0xfff05637,28000168,46999,23,я гей
23,#LQQ9CJVQ2,Ted,0xffffffff,28000294,46912,24,
24,#98LQCUQVU,Glxdeopw|ディング🧊,0xff1ba5f5,28000222,46684,25,NightSpace🌆
25,#2QJYRVY8,gianca,0xffcb5aff,28000017,45607,26,NXL eSports
26,#CRVCCPL,Castelius 🇦🇱,0xff4ddba2,28000140,45527,27,Exotic|Cłūß🌴
27,#Y8R2PVU82,TR|Dragon🇹🇷♤,0xffffce89,28000297,45469,28,Crezy Turkish🥶
28,#8PJ9C0G8U,☔️ᶫᵒᵛᵉᵧₒᵤツ™〽️,0xfff9c908,28000156,45090,29,...
29,#P0YURRLCQ,Vanpach💔clown,0xff1ba5f5,28000132,44990,30,broken heart💔
30,#9U2QQJ8R0,killers,0xffff8afb,28000317,44835,31,👩‍❤️‍💋‍👩👩‍❤
31,#G2VVQRCV,𝐭𝐨𝐦𝐢𝐢 ✮,0xffffffff,28000020,43750,32,Active Club🐍
32,#8PRJU8UU2,☕Zé_Café☕,0xffffce89,28000169,43413,33,RASTA REBORNS
33,#PYPU0V0VG,Davidizor❤️Smol,0xffcb5aff,28000286,43412,34,Ghani Sgravati
34,#JRJRRQCC,🍂|Lafu,0xffcb5aff,28000031,43080,35,Raisin Esport
35,#P0JU2Y92U,NS|DRAGON🦖,0xffa2e3fe,28000079,43057,36,🔥ЦИКЛОПИ🔥
36,#9GJPGPRVC,DDnl⚽,0xff1ba5f5,28000285,42950,37,Killer Instinct
37,#20GV8099U,xXgiogio2Xx,0xffffce89,28000207,42925,38,THUNDER BRAWL
38,#2V8GY9YV8,NH|𝑯𝒚𝒑𝒆𝒓🍡,0xfff9c908,28000202,42806,39,I PRO ITALIANI
39,#PU8V9CYP0,Ghostface,0xffcb5aff,28000310,42753,40,✨🍌Bañañ4iki🍌✨
40,#8QJPYJJLC,芝刈り機〆危！,0xffff9727,28000347,42508,41,㍻最強軍団
41,#902CGJVRV,quentin,0xffcb5aff,28000289,42506,42,DUO|Family
42,#2RP2CQR0G,EL panino,0xffcb5aff,28000290,42362,43,Landa Delle Api
43,#P98YRRCPL,TTM|⛩️™️FaviX🎋,0xffffffff,28000003,42223,44,SKY|ITA team|☔️
44,#8V2YP9C88,Mirko,0xffff9727,28000073,42051,45,Magyar harcosok
45,#9QGPYJULY,Superbraw,0xff1ba5f5,28000334,41958,46,los30espartan0s
46,#PJCRRQPVG,[Ga]Master,0xffcb5aff,28000218,41901,47,кэты
47,#2GGR9GP8Q,Rasec,0xffa8e132,28000064,41827,48,Audi 80
48,#PL2VRCV0P,T0MMIZ_,0xff4ddba2,28000140,41815,49,TABULA RASA 3
49,#9V2VP9C2Q,Spacesimsim09,0xffa8e132,28000187,41690,50,⛩️╚>[MML]<╝⛩️
50,#YU2VUR8UV,NoisyMoney,0xffff9727,28000242,41489,51,アップバンく
51,#L89CVVVRL,I L Ÿ A S ❤️❤️,0xffff9727,28000271,41481,52,Moroccans Noobs
52,#2QC8VJ2Y0,Wildschwein 2.0,0xff1ba5f5,28000170,41326,53,Bananen Bande
53,#PL8UUL002,TTM |SAMU,0xffffffff,28000286,41285,54,SKY|ITA team|☔️
54,#L9LCLVPUQ,TTV /LEANDRO/🌘,0xfff05637,28000261,41157,55,Black Empire
55,#U2VV28LY,Серёжа Нубик,0xff1ba5f5,28000318,41134,56,✨Антарес✨
56,#8R9CRU8GQ,X man,0xffcb5aff,28000282,41056,57,A1
57,#9PP02GYG0,Ⓛ︎Ⓔ︎Ⓞ︎❤️,0xff1ba5f5,28000271,40804,58,<c9>D4CULT</c>
58,#JVYV9RJC,⛩️|K3KKO64|🔥,0xffffce89,28000284,40577,59,Diopescespada
59,#28GGPRU8J,VX|Valorox,0xffcb5aff,28000281,40317,60,I Caymani
60,#9VJC80VYR,ЯРИК БУМ 2828 П,0xfff9c908,28000170,40266,61,
61,#U2V0YGUP,ネ|Tι Tι 🦊,0xfff05637,28000273,40101,62,EternityCry ✨ 3
62,#LVCJR90LL,young,0xfff9775d,28000207,40045,63,French Monsters
63,#2PPJYQUVR,GF Matty,0xffcb5aff,28000125,40000,64,3AMA
64,#G22U98V,It's Mr.Dirty?☔,0xffcb5aff,28000294,39853,65,KINGS 🦁
65,#URLJJJ0R,VIRUS,0xffffffff,28000018,39762,66,<c9>D4CULT</c>
66,#902Y9YL0G,TC NICO 💠,0xffcb5aff,28000274,39523,67,
67,#8UQ8LL9JJ,🥶ICE|heart🥶,0xffcb5aff,28000132,39500,68,СУДЬБА⚽АКАДЕМ
68,#8LL0UP8Q0,катастрофа,0xff1ba5f5,28000156,39262,69,игнат
69,#YPRVL0QU8,BM | Yaya🥞,0xfff05637,28000092,39144,70,BM |ESPORT
70,#89J28L8PL,Pira¹¹♤❤️‍🔥🐐,0xff4ddba2,28000160,39142,71,SP23☔️
71,#2U9RJYLJJ,🍿POP-CORN🍿,0xffa2e3fe,28000104,39069,72,ATTILA Club
72,#2Y2RQJL9C,MG| Olty 31_05,0xffcb5aff,28000222,39046,73,ICE|cLusTer
73,#9UP880YYC,🔥SneakerS91🔥,0xffcb5aff,28000139,39038,74,Los hombres 3
74,#2CYCUJURU,хочу Леона,0xff4ddba2,28000341,38914,75,Stormy Power⚡
75,#9PJR88JGP,⛩icecandy92🍭❄,0xfff9c908,28000273,38901,76,Lo$ Goblino$
76,#8QP9V0P,alekyluken,0xff1ba5f5,28000225,38678,77,Phoenix Empire
77,#9YJPGJY0Y,Camilo player,0xffa2e3fe,28000318,38655,78,Wachos Frescos
78,#LL8CVP8UP,RobertL.9,0xffa2e3fe,28000305,38598,79,German
79,#28P29JJ8G,☆☆쭈뿌☆☆,0xffcb5aff,28000228,38498,80,사랑하는수빈서후네집
80,#PJ298UQ0V,GX Abdelrahman,0xff1ba5f5,28000280,38256,81,
81,#2J08JQGRL,Mortisツᴷⁱˡˡᵧₒᵤ,0xfff9c908,28000170,38218,82,la famax
82,#YQ02Q8L9Y,pisell0n396,0xffcb5aff,28000069,38129,83,Le Fenici
83,#PRQCPLQP0,[пот] Максим,0xffff9727,28000352,38124,84,Broockness
84,#8YYL20LQU,roxy4.0,0xff1ba5f5,28000123,38088,85,🔥LAST KRYPTO🔥
85,#28L8Q2VU8,AQM|JO15SE🥀,0xff1ba5f5,28000134,38070,86,
86,#2YGCGU200,КОЛЯНЧИК,0xffa2e3fe,28000273,37980,87,
87,#LLCL0UUP8,🌙ＭｒＧｅｎａｒｄｓ⁵⁷🌙,0xff1ba5f5,28000221,37949,88,tRX_eSports 2
88,#PV0JYLLRC,ツ☕KOFEYOK☕ツ,0xfff05637,28000226,37903,89,
89,#QUCG0L8,alguem,0xfff05637,28000247,37892,90,RZ FIELD
90,#YUYUC9Q8Q,🔥FIRE CROW🔥,0xff1ba5f5,28000219,37888,91,Hola
91,#2Y8YL2YVL,PLGMFNN,0xffff9727,28000337,37782,92,Звёзды Карьера2
92,#8V0VQYV9R,GX ricky,0xfff05637,28000282,37764,93,Balonzio
93,#URVJ0PV9,Exice ツ,0xffcb5aff,28000156,37662,94,tRX_eSports 2
94,#220QYJQRU,winer,0xffa2e3fe,28000249,37576,95,🎗Gold Brawl🎗
95,#999J00QUR,Fł♡řzẑz🩸,0xffffffff,28000140,37530,96,
96,#LJ9QU9RC,arne,0xfff9c908,28000014,37527,97,de drillers
97,#8UQ2UUQUP,Dinogamer10,0xff4ddba2,28000348,37509,98,Dio Clan
98,#98UVGUC2U,FanG|Gerbl4,0xffcb5aff,28000330,37390,99,Fallen Angels
99,#VC9U8Y99,⛩️TTM|MATT⛩️,0xffcb5aff,28000297,37324,100,Siamo god
100,#PQGVYJP2,Jûîčê Mø,0xffffffff,28000347,37276,101,SK Gaming EU 2
101,#P2Y9Q98JQ,Hyra,0xff1ba5f5,28000271,37184,102,🇹🇷AL-AK🇹🇷
102,#L8QYP8G2J,JASON,0xff1ba5f5,28000017,37061,103,وعن جمالك؟.
103,#88V8GYR22,₩Guille17■♡%,0xffcb5aff,28000135,37021,104,Ｅｓｓｅｎｔｉａｌｓ
104,#8VQ28G00P,z!m3k,0xfff9c908,28000048,37014,105,zimki
105,#89C0LQGPV,[ПОТ] Данилбонд,0xff1ba5f5,28000352,36958,106,крутые челы🤑
106,#VR8PJ08V,Corentin BG,0xfff05637,28000352,36941,107,Only friends
107,#QY80UGGQL,Nada 🐾,0xffa8e132,28000179,36893,108,Отряд Хулчика
108,#2PCPUP00,Garchon,0xff4ddba2,28000017,36890,109,name not found
109,#9GG2U0YCL,PewPew69,0xff1ba5f5,28000162,36778,110,Scarlet Agony
110,#PC2U0Y8CJ,🌆𝕲𝖒|GaMaeD,0xffffffff,28000125,36571,111,⚡Lighting⚡
111,#LJVPQV0,Xx_STARGAMER_xX,0xfff9c908,28000290,36362,112,PaitaIta
112,#8PGPC80LV,TR-Mustafa_pro,0xffcb5aff,28000237,36359,113,stay halal 61
113,#2PQQY99QG,$kalash$,0xffa2e3fe,28000002,36358,114,In keinem Club
114,#Y9LCC9C9P,Limon4ik,0xffffffff,28000139,36285,115,🌵ПАБЛО Team🌵
115,#CRCGLQC,KOREA♡♡,0xff4ddba2,28000245,36200,116,지순띠
116,#PRLUQC8CL,NaVi | Хатырбан,0xfff9c908,28000258,36189,117,QLS|ABSOLUTE👻
117,#9UQV2LGQY,QB|Fʀᴀ❤️Asɪᴀ,0xffffffff,28000139,36035,118,Golden|Esports
118,#L0PJR98G,SKS|Anubis09,0xfff9c908,28000156,35959,119,SkySide
119,#YVQL8R8LU,Alex |=,0xffcb5aff,28000135,35881,120,SOLO PARA PROS
120,#2Y8LQJG0G,Luca549,0xff4ddba2,28000333,35820,121,To the MOON
121,#UUP8UGCR,🎋Empire snake,0xffff8afb,28000220,35808,122,Spastinaken
122,#98QVRQYGL,dͥroͫps|🍥,0xff1ba5f5,28000175,35805,123,CheetosBandito2
123,#Y2GPYYQVQ,ZT|SpIdeR 🥵 😈,0xffa2e3fe,28000129,35773,124,лига клубов
124,#PYLJPRRU9,sqd|sharkens,0xffffffff,28000335,35713,125,Skirmishers
125,#2YYLVRUJJ,°•○թеMBօ○•°,0xfff05637,28000126,35650,126,Czarne Murzyny
126,#889JP92V,Gullao,0xfff05637,28000084,35613,127,HERO ACCADEMY
127,#9JGLL8LLP,RE rickylove008,0xffa8e132,28000216,35599,128,BS WARRIORS
128,#2JRVYJR0Y,TT|SprenTWeimO,0xfff9c908,28000132,35551,129,pushteam
129,#29VC028QU,MinatoNamikaze,0xffa2e3fe,28000179,35537,130,⛔💯RO™|Elite™🔥
130,#P9RQLGC9,bearoffical,0xffa2e3fe,28000333,35514,131,Studio101
131,#2RQQY828V,😎ŤHÈ FÎĢHŤĒŘ👊,0xffcb5aff,28000294,35508,132,⚡TÜRKİYE⚡
132,#Y2RRL2JU2,🌆|Nastya™,0xffffce89,28000241,35441,133,•SMILE•
133,#9QJ298GQP,⛩|M4M3 64 |🔥,0xffcb5aff,28000335,35389,134,salvadanaio
134,#PQC9299CG,BK|Prose🇦🇹,0xff4ddba2,28000305,35388,135,
135,#9GUG9GLJ0,♣️ZoroWis💦,0xfff05637,28000162,35332,136,Torgarp⚽
136,#Y8C0YQCRY,VAНЬШ@🏅🙄,0xffa2e3fe,28000156,35317,137,
137,#822P99YJC,Adri989,0xff1ba5f5,28000349,35303,138,popo
138,#9JPG9R0Q,T4ss0FR4ss0,0xffff8afb,28000061,35274,139,GX eSports
139,#20Q2LGLVP,Tornado,0xff1ba5f5,28000014,35255,140,Brawl Moon
140,#9GVVUQ88J,timmy,0xff1ba5f5,28000168,35224,141,Warriors
141,#JLUUQRG,Neo,0xff1ba5f5,28000273,35219,142,insane
142,#QVY0P8RP,никита,0xffa8e132,28000078,35205,143,Elite Gamers
143,#89UQL0LQV,spiedino,0xffa8e132,28000285,35179,144,Disaster
144,#L28GQYUC,❄freezer❄,0xffcb5aff,28000132,35157,145,
145,#28UGCP0J,Diegu,0xff4ddba2,28000182,35140,146,ForYouR25💚
146,#PYUYG8VYY,?4U | August🈵,0xffff8afb,28000279,35088,147,Deadly Squad
147,#Y9JCLYC0Y,NaVi|MMA 🤟,0xffa2e3fe,28000310,35072,148,
148,#80PYCQR0U,joan,0xffcb5aff,28000248,35060,149,Mancos-BS JR
149,#8GUCLV0UY,le canard rouge,0xfff05637,28000298,35033,150,
150,#L8RRVRPCY,генерал ГАВС,0xff1ba5f5,28000237,34973,151,Генерал Ноа🥵🤬
151,#Y029PQY0Y,Ciemny,0xffa8e132,28000007,34913,152,de baasjes
152,#L0GG2GU0R,MRJJ24,0xffcb5aff,28000352,34883,153,Fight eSports
153,#9CCJ02LV0,Big Loot,0xffa8e132,28000248,34852,154,dark devils
154,#LRG8988CJ,Korikov,0xffcb5aff,28000274,34840,155,
155,#LC8J2YQQ,ПУТЬ БОКСОВ,0xffcb5aff,28000189,34791,156,стальные яйца
156,#L0Y0RJRG,Who?l k!ey.🌪️,0xffffffff,28000293,34783,157,30+
157,#PLUVLCRRJ,Homo Sapiens,0xff4ddba2,28000164,34779,158,Its|Italy🇮🇹
158,#2VVC8VRPU,133koke,0xffff9727,28000277,34762,159,los bullet bass
159,#G8RP22L,Crais :),0xffff9727,28000347,34684,160,
160,#8QQVLGJC8,CandycornHD,0xffff9727,28000207,34659,161,pasadena SDA
161,#229UU8YPJ,✝️off🩸,0xffffffff,28000198,34580,162,
162,#80R28YU20,[¥]V.E.N.O.M[¥],0xffffffff,28000073,34562,163,
163,#8UCGQJGRP,Angelinopanevi,0xfff05637,28000140,34539,164,BŁĀCK | CŁR ĀST
164,#VLLUU0LU,4.20 | NoD4,0xffcb5aff,28000170,34482,165,
165,#QLJCCJ20,ERT |cR#ow,0xffa2e3fe,28000014,34474,166,NextGen™️☔️〽️
166,#UPCVGY0L,Gol D. Roger,0xff1ba5f5,28000125,34459,167,Club Papu
167,#QLLYYCGP,FS_SANNY,0xffcb5aff,28000156,34458,168,bagalli
168,#809VV29,{🐉naik🎋},0xffffffff,28000139,34428,169,XonoX
169,#2QCGY20V8,Nodino,0xffff9727,28000229,34352,170,Toxic Squad AC
170,#80YUUQ99P,DL | Thiagozhn,0xffa8e132,28000032,34337,171,DÊAM-ŁEGENDS
171,#2VYRLY2UR,FFE/MATTI,0xff1ba5f5,28000332,34327,172,
172,#8J2YQ8GGP,adam,0xffff9727,28000348,34318,173,Zwykły klub🇵🇱
173,#J9YGRY98,愛SK|Drage🔥,0xffffffff,28000290,34246,174,
174,#PVCQ8YLQ2,卂|🐝 𝕀𝕒𝕟♡,0xffffffff,28000140,34234,175,𝕋𝕙𝕖 ᵖᴿᵒ
175,#Q8PC9GCY,FX|TØRNADØ🌪️🌴,0xffcb5aff,28000332,34152,176,FILOLUUU
176,#CP0Y2GLV,Killer,0xff4ddba2,28000170,34143,177,A few good men
177,#YJY9G82G8,adhsba42,0xffa8e132,28000168,34136,178,Гamaseki228
178,#88YVVLLU0,FleSha|BS,0xffffffff,28000132,34106,179,wObimus🪢🧧
179,#8Q8CY2JVL,QLS |Andr3bVGX,0xff4ddba2,28000140,34089,180,
180,#JG8ULP9P,Rex legende,0xffa8e132,28000203,34019,181,Akatsuki
181,#8R2JG0V29,Dicker Sack,0xff4ddba2,28000000,34009,182,DTV|Family 🕵️
182,#YPQYY998Q,ПОДПИШИСЬ,0xff1ba5f5,28000156,34002,183,Банда Ютуба
183,#U2920LJ2,киберкатлетка🧆,0xffffffff,28000288,33996,184,negri
184,#U2VGC8GC,Slapazla,0xfff9c908,28000341,33969,185,TR|Now Turkey
185,#20J0CRU9C,🔯HIDAN🔯,0xfff9c908,28000341,33936,186,VT KYBERSPORT
186,#8UUUQ9LYJ,ELECTROJOACO_06,0xffa2e3fe,28000305,33935,187,TopEspaña
187,#8V2CY0VQR,Александр,0xffffce89,28000023,33921,188,<c6>ɴᴇɪʀᴏɴ</c>
188,#89PYUQYJ2,Krenq,0xfff05637,28000138,33896,189,Elite Family
189,#8R0GGVPC0,🐾乙丨ㄒ乇乂🐾|💕,0xffcb5aff,28000248,33876,190,BS🖤House
190,#9P0UGGU2G,JUAN,0xfff05637,28000027,33871,191,DoniMaiMark
191,#YUVQG9UQ,GAMBERUGA,0xffa8e132,28000151,33862,192,
192,#2PQ2JQ8P0,♧PENNA♧SIUMM,0xff1ba5f5,28000341,33748,193,tacos amigo
193,#8CVU8L2CY,айфон 11 про,0xfff9c908,28000132,33743,194,хочу тапки
194,#PJJGQGVLR,강티티,0xffff8afb,28000044,33723,195,횡성집
195,#V8CPC0G,1111,0xffff9727,28000064,33713,196,giniintheworld
196,#92GVLYVPY,Coffee,0xffcb5aff,28000064,33695,197,мопсы
197,#2PUQVQCUG,NC |Dark,0xffffffff,28000293,33675,198,I KAMIKAZE
198,#9PYURG29L,KWIK ŁIK,0xffa8e132,28000091,33672,199,🦗świerszcze🦗
199,#YLLJ0VGL9,❦TTM | joker❦,0xffa8e132,28000228,33648,200,
