,tag,name,nameColor,icon,trophies,rank,club
0,#2LUCLG2RR,🙄𝐊𝐲𝐰𝐢𝐩♡,0xffcb5aff,28000228,55814,1,Memories World
1,#RGPURUCR,danielos48,0xff1ba5f5,28000170,55202,2,PLANET EARTH
2,#Q9YCY2LG,al,0xffcb5aff,28000156,53884,3,TKE|PRIME
3,#R9GUUPLC,AS|joeltaqui3,0xffff8afb,28000180,52575,4,LospetasL
4,#Y8JYCLC,Simple,0xffcb5aff,28000032,51440,5,LIFESTYLE
5,#PVRLRVLJR,QU|LacostO☔️,0xffffffff,28000132,51371,6,Seva's family
6,#L88JR2RCC,竹取物語,0xffa2e3fe,28000331,50474,7,はなかもめ
7,#P2YUL0VG0,Сеня 2020,0xffffce89,28000305,50150,8,botiha club
8,#9QY88QRGJ,₩ö$BŁĂĶ♧,0xffff9727,28000135,49239,9,⚡MEJ Storm⚡
9,#88LVJRCU8,5 звезд,0xffa2e3fe,28000224,49155,10,Brother Force
10,#V8JPYJVC,Swagthetroll101,0xffa2e3fe,28000222,48987,11,
11,#8L8VJ802P,ТЕРМИНАТОР,0xffff8afb,28000246,48856,12,
12,#98CULJVQ,頹ツ|F̸i̸r̸e̸ T̸T,0xffcb5aff,28000330,48835,13,Ляп лёп
13,#2RUR29GL2,ToxicGaming,0xff4ddba2,28000140,48737,14,⚡️the legends⚡️
14,#Q2GV88R2,☯️❄️IceSpike❄️☯,0xffcb5aff,28000016,48664,15,Marxists🇨🇳
15,#PG2PCGLPP,嘿！雷鹰🦅,0xff1ba5f5,28000349,48591,16,Physical Club
16,#9LU9RQCLG,UncleSa,0xfff9c908,28000336,48359,17,TB|Team Bull
17,#P2PPLPQQG,⛩Niͥήjͣaͫᵍᵒᵈ🎋,0xffcb5aff,28000286,47888,18,BO|BlackOld
18,#2Q9Y2RLYC,SH|Toshiro❄️,0xff4ddba2,28000259,47007,19,A-Square
19,#JLPJGQPU,Bot 1,0xfff05637,28000170,46525,20,thelegend27
20,#2GVGC9JPU,✨️SENTINEL❦ᴿᵖ,0xffa8e132,28000156,46244,21,<c5>AURA</c>
21,#CVQCR029,коля а4,0xffff9727,28000294,46137,22,King James
22,#90CQLGR8L,Vincenzoツ,0xff1ba5f5,28000262,45933,23,Billy Gang
23,#2QJ08ULVC,ItZ_Axmed,0xffff9727,28000297,45536,24,ONC Official
24,#9RQY0YQGY,គួង,0xfff9775d,28000352,45343,25,/eclipse/
25,#9PVGLV2YC,VANVY GAMER,0xff1ba5f5,28000175,45145,26,PLANET EARTH
26,#2CLYYCQ88,GGhy,0xff4ddba2,28000140,45048,27,⚡️the legends⚡️
27,#LU0CRJ0CV,MTK|😜watagasi,0xffffffff,28000185,44779,28,平和な人しかいないクラブ
28,#929J2G98,DenFiaskoBro,0xffa2e3fe,28000274,44700,29,Rat Hole
29,#8RCPRVYJU,⚡𝓣𝓱Ữℕ𝓓έℝ ⚡,0xffa2e3fe,28000163,44602,30,Rat Hole
30,#8VJ0CUCY9,❄Snowy❄,0xff1ba5f5,28000237,44560,31,Doofus Clubbus
31,#9QQ2YVRLG,ⁱ ᵃᵐ𝕊𝕋𝕆ℝ𝕄|♕,0xffffffff,28000280,44413,32,panda!
32,#YUR22J9U,🇰🇭YO YO🇰🇭,0xff1ba5f5,28000146,44273,33,CODEMAGIC KH
33,#YLLJ888VY,султан,0xffa8e132,28000125,44033,34,ForMenchik
34,#P2PYJ9YJL,Big Mac | 빅맥,0xfff9c908,28000164,43806,35,ブロスタはgm
35,#2QYJ29U9C,DaChelsea,0xffa2e3fe,28000223,43308,36,❤️LeDi_LoVe❤️
36,#9LU08LRV8,ÖMER YAVUZ,0xffa2e3fe,28000136,43287,37,
37,#2JGUGJQGJ,MMA Rassia,0xfff9c908,28000308,42914,38,☔BS | SPORT🥀
38,#2G2PQQ8PJ,Lipton,0xfff9c908,28000190,42520,39,1人無双
39,#LUQUP0YJ,NAVI,0xffff9727,28000254,42352,40,ugf
40,#29VCCPVJ,RED GEMINI,0xfff9c908,28000341,42253,41,Rat Hole
41,#PQGG0GUJG,B G CöCö,0xffa8e132,28000228,42042,42,Janet Simpers
42,#UURVQPQ,💤💤,0xff1ba5f5,28000037,42033,43,
43,#LCUGJLR2,M4NUL,0xff4ddba2,28000163,41608,44,😈LIGHT KINGS
44,#2PPPVQVVG,maxmalo2.0,0xffcb5aff,28000135,41573,45,Adulte France C
45,#PYGJV09V8,doroga,0xfff05637,28000247,41352,46,Мутантики
46,#8YRC9C9L9,金龍건강한ハンサムALIVEが,0xffa2e3fe,28000305,41048,47,Toxic Randomz
47,#90CU8UYPR,RA|Moon_LiTe,0xff1ba5f5,28000305,40879,48,wegetnowomen
48,#8QC9J9980,DОМОGАТЕL,0xff4ddba2,28000290,40870,49,Ruch|Chill👻
49,#LQVQYLGQ0,愛Mateo,0xffffffff,28000207,40816,50,OpenBob
50,#8GL0V90J0,fake happy,0xff1ba5f5,28000150,40805,51,KLAWKLA FAMILY
51,#29GY0900L,태인,0xff4ddba2,28000291,40675,52,Dynamike's Club
52,#CPY82JCU,Hug32,0xfff9775d,28000228,40366,53,Awesome Squad
53,#2V2J29PPL,Niro,0xfff05637,28000305,40078,54,QuestionMark:?
54,#8C9YYU9PG,ШнюкПавук,0xffa8e132,28000300,39901,55,павучки🕷
55,#P8PRV98CU,bat9 RxjaN,0xffa2e3fe,28000206,39849,56,Extazy
56,#8PJ0LCU0V,loudy♡,0xffcb5aff,28000135,39801,57,Bulba Club🥔
57,#22UVG0PC0,2senyaking2u☔,0xff1ba5f5,28000347,39559,58,Dan BroYT
58,#Y2CYLURJR,KAYTO HAYATO,0xffa2e3fe,28000211,39548,59,Импровизация🥴
59,#YGRRJJ2YR,Alex 👑⭐,0xff1ba5f5,28000314,39454,60,NotCompetitive
60,#2UGCL99JV,Aleks,0xffffffff,28000000,39393,61,Joker 2
61,#82VRVY9UV,ᵏEͥˡnˡiʸsͦᵘ,0xffa8e132,28000288,39310,62,XHvidesandEX
62,#2J0YRVPUP,갓콜,0xffa2e3fe,28000033,39216,63,멜로디티비
63,#YV0P9CG9,NeoEnforcer,0xffa2e3fe,28000352,39132,64,aussie
64,#2JVPYQY2V,NPS_Luca,0xfff9c908,28000170,39104,65,ESF|Family
65,#JQ2QVQJ,I am not Royal,0xfff9c908,28000332,38970,66,
66,#899JP8PY0,Pepe,0xffa2e3fe,28000332,38938,67,BandidosUnidos
67,#29PUJVLU,⚡Zeus⚡,0xffa8e132,28000331,38904,68,
68,#8UQVJ20RV,Zephyrツ,0xff1ba5f5,28000021,38842,69,Khmer eSports
69,#PC98UUPJQ,SignC7,0xffcb5aff,28000042,38722,70,The Outpost
70,#8LVQ029CQ,Emphy,0xffff8afb,28000084,38642,71,NA|Club
71,#JR0VG8UP,✌고수는 아니고 초보✌😯,0xff1ba5f5,28000277,38625,72,사나이
72,#2V2PGL29C,|AKT_UCHIRA|,0xff4ddba2,28000248,38614,73,Team Zed
73,#99Y988P00,flex,0xffcb5aff,28000173,38556,74,Fashion tv
74,#288829QP9,OK I PULL UP,0xffa2e3fe,28000179,38486,75,نشامى الأردن 55
75,#2J28R0PQL,Phx | Hugo ;),0xffcb5aff,28000228,38356,76,LightHouse
76,#YQ0U8029L,⛩️🔥乂丫び人升🔥⛩️,0xfff05637,28000262,38319,77,MG|MGans
77,#8Q9UQCLYV,YW/Yuzakiin,0xfff05637,28000289,38306,78,
78,#80YQRCYV,Yumeko❣️,0xffff8afb,28000267,38211,79,HK戰隊 🎗️🎗️
79,#PYGPL8JJ0,победитель,0xfff9c908,28000221,38147,80,
80,#2QR8JPLGQ,IN|MAXICHEK ☯️,0xfff05637,28000097,38044,81,Aventus 🦈
81,#2QCYGVQ9L,これ|Naruto💛,0xffcb5aff,28000336,38031,82,MnC|Team🎋
82,#P0J0C22L0,MATRIX BS YT,0xffcb5aff,28000156,38026,83,Kouler Club
83,#CC0QQ,PaPa eSing,0xffa2e3fe,28000332,37959,84,Air beam
84,#8RLQRY9GG,YT jor,0xff1ba5f5,28000107,37921,85,Hyra
85,#G8C0920Q,wassim2011,0xff1ba5f5,28000341,37898,86,
86,#9PQQ8GJCV,pro,0xff4ddba2,28000184,37711,87,de Mystery blad
87,#9J0VVJ9Q,Rotha,0xffcb5aff,28000151,37412,88,AAA
88,#LUY8RV9Q,Lil Swallow,0xff1ba5f5,28000305,37339,89,BrAwdult Star
89,#2V292RCUG,лил кристалл,0xffffffff,28000125,37216,90,amogus
90,#PR9YQP8CR,ゆいき,0xff1ba5f5,28000000,37201,91,ラーメン
91,#PCGR0Y8J0,EricnanG,0xffcb5aff,28000262,37170,92,
92,#99P808RQJ,CRIMINAL,0xffcb5aff,28000255,37140,93,alphas
93,#YYV8CGJGJ,🏐tipchik🏐,0xff4ddba2,28000163,37007,94,ЭКЕР
94,#9VJU90JUP,Тима Тайсен,0xfff05637,28000102,36971,95,CMG Poland 2
95,#PVL8Q2V8R,SP|ᴘɪʙᴇŁÔBÖ✨,0xffcb5aff,28000023,36935,96,
96,#9QRJ02PVQ,Code:DINOSAUR,0xffcb5aff,28000263,36877,97,pxq
97,#9JLGYCPPP,᮵SA₫þøi᮵,0xffff9727,28000262,36847,98,KGC
98,#Y08LCQ0RC,[БЛЕТ]zzz,0xff4ddba2,28000253,36796,99,
99,#9G2Q9YY89,vini|mega_pro,0xff4ddba2,28000341,36788,100,JESUS
100,#P998YG8R2,sans,0xffffffff,28000000,36767,101,Space Star
101,#PPJVV2GGG,វីរៈ,0xff1ba5f5,28000123,36591,102,/eclipse/
102,#9R2PJG2CR,Axel_0L,0xffa2e3fe,28000156,36584,103,◇[NK]VIPS◇
103,#8QVV2YG8L,come takis xd,0xff1ba5f5,28000280,36583,104,PALTEC
104,#V9JUUQY9,-qxniez♱,0xffffffff,28000150,36562,105,
105,#QQV2GRV,Trash-Team,0xffcb5aff,28000288,36435,106,Khmer eSports
106,#VQ00V98Q,Vat 🍜,0xffff9727,28000273,36405,107,Adulte France⛺️
107,#92JVYV00L,🫥🫥🫥🫥🫥🫥🫥,0xffffffff,28000218,36372,108,MT|SEIKO </c>
108,#UUUY8LPU,sxspppyti♡,0xff4ddba2,28000284,36315,109,Galaxie Stars
109,#8G0J0JV8U,BS|KING™,0xfff9c908,28000347,36307,110,МиР
110,#2C8G90Y2L,Marcel to ja,0xffa2e3fe,28000172,36129,111,Koala team.
111,#80LR2QPGC,Шɦɪʇʑϔ,0xffcb5aff,28000138,36105,112,S1DA 💉
112,#8RUGLL28P,Skuff,0xffff8afb,28000236,36073,113,✳️Vice City✳️
113,#P9PLJ2LL8,🟡𝙰𝚗𝙶𝚎𝚕🥰,0xffffce89,28000020,35995,114,krICE🥶🌀
114,#U2QQGYC8,KiT,0xffa2e3fe,28000163,35974,115,
115,#LPQRQGPC,Bob_sagit21,0xffff9727,28000007,35972,116,lawng hair
116,#99PGQGGPY,oumvanmanith,0xffff8afb,28000078,35897,117,
117,#2YQ0PR9VL,ChubbyBOBO,0xff1ba5f5,28000347,35751,118,SPIKE BADGES
118,#LJ8J9LG9J,goldezer,0xffff9727,28000267,35697,119,MEGAUKRAINE
119,#YLURG2LLU,kairos_fan79,0xff1ba5f5,28000284,35668,120,Brawl pirates
120,#902G9QPGG,Small Spoon,0xffff8afb,28000305,35608,121,
121,#229L90VLU,rolling flash,0xffff8afb,28000222,35582,122,Wambam its pam
122,#820G0808U,deseze1,0xfff9c908,28000308,35466,123,Bears With Me
123,#PRLJJ8U2Y,pupsi,0xffff8afb,28000228,35449,124,Awesome Squad
124,#80JRCRPGC,Wojtek,0xfff9c908,28000165,35449,125,WGS|TEAM
125,#82CC90YR,calzone,0xff1ba5f5,28000151,35416,126,BOBIZ
126,#99CUQ0LL,ЮМОРИСТ,0xff4ddba2,28000222,35402,127,
127,#L98YCGLCY,Maksymalny,0xffff8afb,28000182,35378,128,twoja stara
128,#8VJRU89V8,ត្រា,0xff4ddba2,28000019,35350,129,
129,#PJQPJGPYU,контр убийца,0xff1ba5f5,28000060,35321,130,
130,#2P8PP2RPG,Colos/ëк,0xfff05637,28000273,35321,131,
131,#V8PJY90Y,Im_arealdefault,0xff1ba5f5,28000070,35268,132,One piece
132,#PQRQV828R,Syriusz,0xff1ba5f5,28000145,35255,133,PL|GOATS
133,#2GVQ2VP90,skywar,0xfff9c908,28000020,35251,134,들오렴
134,#2LPYLR20Q,🍕|Tonthom|🍕,0xffcb5aff,28000223,35240,135,Les Tontos du77
135,#22G2U2JJY,LEKSA,0xffa8e132,28000128,35180,136,EBK
136,#PGR8GLYLG,Top Gamer Boy,0xffcb5aff,28000153,35171,137,FSG|LEGENDS
137,#PQRCQC909,я за Россию,0xfff05637,28000314,35129,138,
138,#9UC889YQJ,цыклоп с пузом,0xffa2e3fe,28000170,35070,139,
139,#92U9L222Q,مالك 😩💔,0xff1ba5f5,28000285,35069,140,جماعه الايفون
140,#PULQJC280,Code:Rembi❤️‍🔥,0xff1ba5f5,28000333,35053,141,FC viitorulBS
141,#YLGQGJP8V,TC|Magix,0xfff9c908,28000229,35039,142,Pasteurland
142,#PCG9QRP0P,ARNY_kss,0xffffffff,28000081,35025,143,Mafia Germany
143,#YGG8CJQ0V,no name,0xfff05637,28000275,34926,144,de Mystery blad
144,#280QGVJLV,MizTer Roth,0xfff05637,28000272,34861,145,N‘ schöner Ort
145,#PJCPU8RUG,Iceman,0xffcb5aff,28000172,34791,146,geil
146,#LJ8U2GPC,ajan ruffs,0xff1ba5f5,28000272,34723,147,TT:UMUTXBSS
147,#9JJLLL0CG,Skidd,0xff1ba5f5,28000229,34693,148,❄️ICED❄️
148,#889YVVYL,Boyonline,0xff1ba5f5,28000224,34642,149,Not gene empire
149,#82YQQ0L9P,$$L I F E DEATH,0xffffffff,28000135,34641,150,kaczki
150,#PC9RJ88YR,_^ebOne^_,0xffcb5aff,28000228,34607,151,blok techniczny
151,#PYPPGYR0G,liaa,0xffff9727,28000156,34591,152,jackpot 1000000
152,#2YYP8RYJ,lllllllllllllll,0xffa8e132,28000267,34544,153,언니를중심으로클럽인원딱세명
153,#890RL92J,SAMURAIKiD,0xfff05637,28000299,34479,154,Not gene empire
154,#2YCV2V8GU,люблюбравлстарс,0xffcb5aff,28000156,34417,155,
155,#2VV22RY0J,화양,0xffa8e132,28000228,34379,156,포항연합
156,#LYG2G8CYL,suggamommy,0xffcb5aff,28000284,34350,157,Імперія Добра V
157,#PPLYVP22,LUFFY,0xff1ba5f5,28000156,34347,158,
158,#8PU8GUP80,SUP,0xffffffff,28000016,34332,159,
159,#JQ8UG9VR,Боец,0xffcb5aff,28000177,34317,160,braw stars
160,#QC88LC9J,common,0xffffffff,28000315,34298,161,<c2>Fire</c>
161,#9YYP8JC9,TU|👑Amm Nak👑,0xffff9727,28000151,34268,162,👑THE UNITED👑
162,#P0GCQPP,Mrr . KheAnG,0xffa8e132,28000341,34262,163,OC|Sky
163,#2VYQ00U,teng hero,0xfff9c908,28000072,34247,164,
164,#2R8PCR92G,(LP)максим2009,0xffa2e3fe,28000277,34194,165,
165,#PCY2J0J8G,haverseter,0xfff9c908,28000063,34167,166,
166,#PVQ2RYL9Q,Scaletta,0xffcb5aff,28000014,34165,167,
167,#P0Y8J20UQ,瘋子奶奶,0xffa2e3fe,28000019,34157,168,
168,#GJV2PRYR,DiamantWolf,0xffff9727,28000273,34144,169,King 👑
169,#2C8U9V8RY,𝚂ᴏ𝕘𝕘𝗮ʜ |そが☾,0xffffffff,28000284,34097,170,Nasi Lemak🍛
170,#2R2QG90GG,អាទ្រីធំ,0xffffffff,28000098,34087,171,CAMBODIA TOP 1
171,#2LCCVJVUV,☠BLACK PANTER☠,0xffffce89,28000141,34069,172,
172,#2Q9LUCJPU,Konpreas,0xffff9727,28000037,34033,173,Champagne51
173,#RP8JJYP,Van Fernando,0xff4ddba2,28000151,34031,174,Team P.E.S.T.
174,#9RRUUGJUY,JunI7achi💥,0xffa2e3fe,28000042,34008,175,Karel Team
175,#VQLPYCPV,noob,0xffa2e3fe,28000037,33983,176,BİRİNCİLER
176,#PGGL2C8YC,gaara,0xfff05637,28000228,33980,177,LVPAAE
177,#PCCRVUC0L,Саня 777,0xffffffff,28000335,33955,178,brotherhood
178,#8C9G2GJYU,김동규,0xff1ba5f5,28000156,33921,179,박윤수
179,#89J2VQ8VU,JYC_찬서,0xffff8afb,28000139,33827,180,:>
180,#9RL8QU0P8,Rzm64,0xfff9c908,28000330,33787,181,☢️Revisiting☢️
181,#C9P9JQJ0,cnchen,0xffa8e132,28000027,33767,182,Pink Panther's
182,#YPUPG99J2,rex,0xfff9775d,28000156,33627,183,les soumises
183,#PYQJVGGYJ,КРУТОЙ БОБ,0xffa8e132,28000347,33589,184,Fiery Knights
184,#8CVLC9U0L,м а д а р а,0xffcb5aff,28000228,33519,185,DTL
185,#99YYL0YVR,chhaiya,0xfff9c908,28000128,33515,186,VIBHU BRAWLS
186,#8YJ92G0P,zona_camper34,0xffa2e3fe,28000220,33413,187,103 Brigade
187,#GGJGCGV8,няшк<3,0xffff8afb,28000151,33405,188,YouTube|TheDark
188,#PC9YVGUCQ,krstian,0xffa2e3fe,28000273,33385,189,БЪЛГАРИ
189,#CGPJ0RRC,シ︎favourite.?,0xff1ba5f5,28000341,33345,190,GG.°Friend<>
190,#88L889YVY,😈DarkTrieD😈,0xffcb5aff,28000262,33332,191,Aura
191,#2R8YCCLRL,снайпер ас,0xfff05637,28000255,33324,192,TTkubsonic1
192,#PJ0QJYL8G,BTS KK😉,0xff4ddba2,28000019,33321,193,
193,#YU82LJCUV,⛩️GUY²²⁸⛩️,0xff4ddba2,28000305,33305,194,LT united
194,#90LV9PV88,killer myer,0xffcb5aff,28000349,33299,195,THE_WALT
195,#82JYP82P8,utuk,0xffa2e3fe,28000341,33291,196,abisinin güleri
196,#2P9R8PVQV,MrWei,0xffcb5aff,28000352,33255,197,Netflix & Brawl
197,#YLCCURRJP,BOSS OF THE GYM,0xffff8afb,28000228,33244,198,НЕН👨‍👨‍👧
198,#P20PCLV0V,H3LLS!NG,0xfff05637,28000305,33216,199,Boss Level
199,#8JGU8G88P,금 판다,0xffa2e3fe,28000345,33214,200,KOREA
