,tag,name,nameColor,icon,trophies,rank,club
0,#JRCR2JP2,☔|ᴢɪᴇᴍɴɪᴀᴋシ︎,0xffffffff,28000000,58808,1,BrawlBlast 💣
1,#GVRGLCCC,⚡Adelmiro⚡,0xff1ba5f5,28000345,56271,2,(+_+)NØØBS CV
2,#9Q29R0YPU,♧𝖂𝖔𝖓𝖉𝖊𝖗♧,0xffffffff,28000275,56069,3,FREEDOM
3,#9UQYCGGLU,CV|cachupa,0xfff9c908,28000272,55677,4,Stars.G.Family
4,#2YCPC0PRU,I Dark Cyber,0xffffffff,28000139,53400,5,Greek warriors
5,#8PUJ2JR9P,Amaro Ortet,0xff4ddba2,28000258,51794,6,Stars.G.Family
6,#J22URL2J,雷姆教_HI CHOCO,0xffff8afb,28000303,51619,7,合作金庫ll
7,#RRPL0VQC,JhsadTheMyth,0xffff8afb,28000272,50783,8,LOS NOBLES III
8,#UGRCLRPL,B̶̶D̶̶S̶|Mannəł,0xfff9c908,28000137,50458,9,
9,#2JVY2QLVU,❤️‍🔥BARAN❤️‍🔥,0xffff8afb,28000132,50078,10,
10,#LVLLCQJQR,Ski Buit,0xffff9727,28000262,48040,11,огонь вечера
11,#288P8YU92,Red zipper 🐙✨,0xff4ddba2,28000025,47900,12,Phonox: Revıve
12,#289YP9RJU,⚜️Tayvyn 1012⚜️,0xfff9c908,28000151,47757,13,Les héros brawl
13,#8GJ98892G,꧁༒☬₣ℜøźєη•₣ℓα₥є,0xffa8e132,28000180,47312,14,𝕻𝖆𝖓𝖎4𝖐𝖆
14,#2RC0R099,AlessoSsj,0xfff9c908,28000110,46828,15,Scratch
15,#8JYG8Y8JR,ON|TUTU,0xffff9727,28000305,46454,16,👑 The Kings 👑
16,#2CVURL9C9,☆léon☆,0xffcb5aff,28000335,46146,17,Aqua🐳Team
17,#8GQRUUCJC,✨激烈 | DAM✨,0xfff9c908,28000132,46100,18,Fırtına 🌪
18,#PG0QUYQY9,Zeta|Julian,0xffffffff,28000139,45726,19,Rico's Club
19,#28C8CV0RP,Гемотогеша,0xffa8e132,28000037,45709,20,☠️BrawlStars☠️
20,#Y9V9R0VJ,Serax_fox,0xffcb5aff,28000352,45539,21,Legends Club🔥♥
21,#8JVURUV8Y,I♥️Àneu,0xfff9c908,28000205,45252,22,Centurion x😎
22,#29J00C2LJ,stop rob,0xffffffff,28000132,45201,23,ПодСолями🌿
23,#89VR0V00V,⚡Redlyfe⚡,0xffff9727,28000020,45117,24,
24,#YQG09UURU,⛩️|™Grimm98|🌪️,0xffff9727,28000139,44631,25,6.4|My -G☆|¥~₩
25,#PRR8LV280,Archer,0xffcb5aff,28000129,44438,26,Sfl Spastikleri
26,#8UGP8CYVL,×Case×,0xffffffff,28000277,44325,27,<c9>UИHOLY</c>
27,#280RCPVC8,⚡Fábio|CV⚡,0xffffffff,28000164,44087,28,
28,#LJVR9YJGP,CRACKERNOOB24YT,0xffa2e3fe,28000128,44035,29,🌴Team Fresco🌴
29,#99YY2Q00,Noceti,0xffa8e132,28000277,43879,30,BrawlChotaisu
30,#2UU8JCPVQ,⛩|flavi64|🎋,0xff1ba5f5,28000000,43793,31,Shadow|Family
31,#90RLG8YVU,Brawler,0xff4ddba2,28000136,43601,32,Green Day
32,#2JURPLL29,⛩️AgileTøx🗡²³,0xffffffff,28000138,43453,33,Atlas BS
33,#29GR0VPP8,⚡️KIKY.KING⚡️,0xffffce89,28000184,43393,34,
34,#PYPY9ULV9,$Макс$,0xfff05637,28000167,42795,35,RGB KLA1N
35,#8UP2JYR20,TURRODEVILLA,0xff4ddba2,28000062,42696,36,DEAT |GOHST
36,#888QL9VP,Davidgamerpro77,0xffa2e3fe,28000228,42629,37,Drunken Masters
37,#GCU9V0L2,Kamox ツ,0xffa2e3fe,28000004,42467,38,👑KTO/ESPORT™☄️
38,#8YRCP9P9R,car2nish,0xfff9c908,28000122,42438,39,DIVINE
39,#2G82JJ8Y9,지탱,0xfff9c908,28000031,42421,40,siba
40,#C282P0JP,X rein,0xffffffff,28000064,42342,41,
41,#Y8UYPJVPU,жмых)Мilfhunter,0xffffffff,28000348,42174,42,Team Janka
42,#22QJ80LLP,Iggo,0xffcb5aff,28000347,42167,43,Gameroff
43,#YUVCCYJPU,HD|iKross❤,0xffcb5aff,28000315,41949,44,
44,#8GJL8PQ0,why always me?,0xfff9c908,28000291,41874,45,Rebirth Knights
45,#P2R2QQ9CR,𝐂𝐑|𝐖𝐨𝐨𝐝𝐲,0xffa2e3fe,28000084,41724,46,Blazer Toxic
46,#P20GJYG9V,⚡️z҉e҉r҉o҉⚡️,0xffa2e3fe,28000293,41721,47,
47,#8RV90RRYQ,SerKastel🥊🕊️ᵠ,0xffffffff,28000259,41600,48,King's Dynasty
48,#9RPV8292P,wei,0xffcb5aff,28000219,41412,49,Bonsai 🥢
49,#22U080YCL,EYANICK,0xff1ba5f5,28000036,41272,50,GOLDEN TRIO
50,#YPURVVJLL,Victorbo$$,0xff1ba5f5,28000009,41196,51,touros negros
51,#20UCUY2Y9,HFC baban2,0xfff05637,28000051,41107,52,The Seven God
52,#2QQCY9GCJ,💥BAKUGOU❄️,0xffff9727,28000187,41027,53,°•CLÃ UCHIHA•°
53,#8PQQRUJQ0,Hyrayee,0xffcb5aff,28000165,40981,54,IMMORTAL
54,#929QC89PR,→︎leosx™︎,0xffff9727,28000122,40936,55,ORDER
55,#2RPQ8QU0V,蒙|𝒟𝒶𝓇𝓍🌃✞,0xffff9727,28000341,40574,56,BG TITANS ARMY
56,#PGGC2PQ8G,LUIS,0xfff05637,28000077,40531,57,(+_+)NØØBS CV
57,#8U0PGYRJJ,EQWAAK,0xfff9775d,28000282,40487,58,IMMORTAL
58,#82PCL2R2,Leonardo,0xffff8afb,28000349,40485,59,<c4>H2O</c>
59,#2LVLQ9LL2,RZM,0xfff05637,28000044,40386,60,IMMORTAL
60,#Y2PPP29VL,ルイージ１３世,0xffffce89,28000335,40213,61,
61,#Y90PQ0C8U,Code:CYQ.tp🌔,0xfff9c908,28000272,40123,62,Singularity™️ 2
62,#82CP0G0J9,Eyiko meyiko,0xff1ba5f5,28000335,40108,63,Weird Plants
63,#2LPQ9CQR8,1 português🇵🇹,0xfff05637,28000148,40078,64,(+_+)NØØBS CV
64,#JQVVCCVC,S҉M҉o҉K҉E҉,0xffa2e3fe,28000282,40020,65,Only friends🔥
65,#2RQ9U8Y90,Ralu ᵏⁱˡˡʸᵒᵘ🥀,0xffa2e3fe,28000175,39959,66,Code: COSTIN
66,#8JG2299UJ,ali,0xffffffff,28000281,39953,67,BABALAR
67,#8RP28U29P,boczuś,0xfff9c908,28000305,39865,68,Perlejewo Goats
68,#20PRJULL0,Pcstars,0xffff9727,28000348,39828,69,(+_+)NØØBS CV
69,#2RQ88RC09,🌕Otresed®️🗿,0xfff9c908,28000258,39781,70,♡ Friends♡
70,#YV90PVVPQ,лега к диме,0xffa2e3fe,28000233,39768,71,GachimuchiFORCE
71,#29GCYQ9Y0,misterlopex☘️,0xffcb5aff,28000335,39677,72,Cómo 33?
72,#9VV2PJ9VY,Forv¥Y✨,0xffcb5aff,28000156,39527,73,Toksic|live😞
73,#29JUR09U8,jamón ツ ᴷⁱˡˡᵧₒᵤ,0xffa8e132,28000168,39352,74,fibom
74,#82VJQCVP0,бананчик007,0xfff9c908,28000087,39304,75,<c3>РИЦИН</c>
75,#VR8RV9L9,B̶̶D̶̶S̶|ÐłE₲Øツ,0xffff9727,28000137,39090,76,
76,#9PLCPJGQ0,Tobik99_,0xffff8afb,28000118,38803,77,99_ LEGION
77,#8Q2C2Q0CQ,SUCESSO ORT,0xffa2e3fe,28000078,38719,78,
78,#2QRJ20PGY,⚡Lewis⚡,0xffff8afb,28000023,38643,79,
79,#LVPGJC9G,AQM|ADRI GAMER,0xffcb5aff,28000064,38583,80,THE STUDENTS
80,#92GJRYQPC,Bartek,0xff4ddba2,28000294,38495,81,INCHANTIMOLS
81,#889V20QP,Rodrigo,0xff1ba5f5,28000085,38385,82,Los compas
82,#9V0PC88LP,bezobrazie,0xffcb5aff,28000064,38368,83,
83,#9U9U08PPR,cv pro master,0xff1ba5f5,28000279,38133,84,(+_+)NØØBS CV
84,#98CQCJJCQ,CrazyBoy,0xfff05637,28000064,38030,85,Dragon Team
85,#L2GUU2UQY,clap :by aha,0xffff8afb,28000118,38022,86,Most Wanted
86,#99UQUP20P,oS errerrerre,0xffffffff,28000151,37960,87,gli stellari
87,#PRGRPJRL0,CV / rafs16,0xff1ba5f5,28000305,37929,88,(+_+)NØØBS CV
88,#290V0C0YL,👨‍💻,0xff4ddba2,28000327,37925,89,jessi/primo
89,#YLL0UJRUC,🖤ʍɛɢǟȶʀօռ|ɦʏքɛ,0xfff05637,28000263,37850,90,Only friends🔥
90,#CG9RL9V2,Brunão,0xff1ba5f5,28000092,37820,91,Ratazanas
91,#29R2Q22GV,《～Sep～》🌺☔️,0xff4ddba2,28000021,37758,92,Dutch Rangers🦅
92,#8YJYQRQGG,XIFT|SAULO,0xfff05637,28000279,37756,93,Stars.G.Family
93,#Y0Q9V8L0,Naruto Uzumaki,0xfff9c908,28000280,37581,94,(+_+)NØØBS CV
94,#8U2QC0V0C,erickzubi,0xffa8e132,28000205,37516,95,cuadri unida
95,#Y2Q28JJ08,⛩️Cio|Benny⛩️,0xffffffff,28000140,37414,96,Rico's Club
96,#8YR929Q8Y,Dino,0xff4ddba2,28000165,37412,97,החברים שלי
97,#Y9VYQ8RJ,🔥|𝙸𝚜𝚖𝚊ᴳᵒᵈ,0xffff8afb,28000275,37314,98,Moskitos🦟🦟🦟
98,#LL8QRPP,ShAdOw,0xffcb5aff,28000024,37293,99,Scam Weneero
99,#9U90VY9JR,Eren Berk,0xfff9c908,28000129,37278,100,あDA|Team🇹🇷
100,#2LRVQY0QV,☜❶☞Limbo ☜❶☞✨🔥,0xffcb5aff,28000288,37260,101,ʜᴀᴜɴᴛ!🎀
101,#8PJ8QV9UL,CC|TENTACION,0xffffffff,28000098,37198,102,Crube do Cacto
102,#8J8Q9RUJV,🍀|Dinas🦈,0xff1ba5f5,28000140,37059,103,Czech Bros❤️‍🔥
103,#9UQJRLQYP,Maurício Boss,0xfff9c908,28000260,36842,104,Stars.G.Family
104,#PCQLGGG8L,嘿！卡爾,0xff1ba5f5,28000207,36776,105,✨Ray Star⭐TW✨
105,#8QC2GPUQP,oS diego,0xffff9727,28000037,36763,106,le 4 leggende
106,#2QQYUJ99G,DocXHammer,0xff1ba5f5,28000226,36762,107,German
107,#PLY9YJV8,javix,0xffa2e3fe,28000294,36703,108,
108,#8Y00J0JPR,IonutCMP,0xffcb5aff,28000332,36688,109,tocanu'
109,#29QUYVPRU,⚡[БЛЭТ]falr[YT],0xfff9c908,28000170,36639,110,
110,#CLCP0CVL,•••GLOXINIA•••,0xffa2e3fe,28000344,36591,111,OTAKU SPORT
111,#9QU0R20PU,kurvimetr,0xff4ddba2,28000201,36524,112,YerPSTRiKeR YT
112,#20UL28RLG,[AU]BaLeNtIn,0xffcb5aff,28000035,36504,113,Gene's Club
113,#YPUGURLY0,愛|Daviᴾʳᵒ⚡,0xfff05637,28000138,36438,114,
114,#JQQQP28U,FADEEVA|BS🇷🇺,0xffff8afb,28000182,36405,115,хейтеры эдгара
115,#8RJG9PR89,gamar,0xffa2e3fe,28000347,36335,116,
116,#JRVP0G0L,NAIM,0xffa2e3fe,28000156,36140,117,Los brawlios
117,#9Y90RC0YU,🏎️TM|Toha🏎️,0xff1ba5f5,28000275,36123,118,老八秘制小汉堡
118,#RGYYPV29,Legendary,0xffffffff,28000319,36095,119,iced out pugs
119,#PYYCUJG0,ɌÃĩņę乙ᴴᴬᵀᴱᵧoU⚡,0xffcb5aff,28000054,36081,120,WOWOS
120,#2UP98UCPV,シ︎𝚏𝚘𝚕𝚔𝚊𝚒❦,0xfff9c908,28000019,36077,121,Śnieżek Gale
121,#2U98JY2RQ,s😈e👿h💀l☠,0xff4ddba2,28000304,36054,122,
122,#9UC08Q2QQ,Edl Goldenboy,0xff4ddba2,28000037,35992,123,ZinZ
123,#9UJ2VPY8L,maro,0xfff05637,28000170,35970,124,LEON SHOW
124,#9VPCJQRU,nightha,0xffff9727,28000223,35960,125,無影狂風軍
125,#8QRQRCGJR,血色。LX,0xfff9c908,28000018,35801,126,
126,#9RRP0Y2QL,leoooo,0xfff05637,28000116,35748,127,Les chnordiste
127,#P09VUJ8GQ,хабиб,0xffa2e3fe,28000352,35730,128,TT | Brawler 😎
128,#YLCRYRL00,Иван,0xffff8afb,28000118,35722,129,ФУФЛИКИ🐻
129,#8LLL9UVRU,witherd bonni,0xffa2e3fe,28000168,35698,130,OG Paradise
130,#8GCPLC9PR,[MR]MEGIC,0xfff9c908,28000267,35685,131,
131,#RUC9UPQ,KOTЯ_YT,0xff1ba5f5,28000249,35612,132,BIG BTTS
132,#Y28L8G8QG,¢ipro* back*™,0xfff05637,28000272,35588,133,Luki Macak
133,#LUPRQ8P9J,W1nTUWU4ka679🐻,0xffcb5aff,28000022,35408,134,679
134,#9U2UJ0VUC,Hacker,0xffff8afb,28000347,35322,135,<c7>ZeRoシ</c>
135,#92RVPJQ80,хачу милкивей,0xffffce89,28000087,35285,136,
136,#2GRGL8YJ,QWERTY🇷🇺,0xffa2e3fe,28000273,35270,137,
137,#9U2GGCYCP,Д.Сергей 48лет,0xffa2e3fe,28000319,35245,138,ЄТО ШД👆
138,#92UJGUCPC,Fmplay6[GD],0xffffce89,28000304,35232,139,PeKKa
139,#9LJRPPVCR,прошу вас про,0xffffffff,28000151,35202,140,Reply Totem
140,#99Q0URPR8,Вова,0xffffffff,28000267,35191,141,WsL|teame
141,#8VUU82VPV,Tokio <3,0xffcb5aff,28000085,35177,142,TheCrowTeam
142,#YJC9U0JY2,🦬🦬🦬🦬,0xfff05637,28000332,35165,143,TheSurvivalGods
143,#PYJRCLJGU,Just cause 4,0xfff9c908,28000140,35092,144,⚡Legend|ᶜˡᵘᵇ⚡
144,#880C0LJQL,ÅM|ÛÑÎŚØÑ_°°7,0xffcb5aff,28000222,35054,145,
145,#PJPYU08L,ғᴀɴɢᵍᵒᵒᵈ♪,0xffa2e3fe,28000221,35039,146,⚒️Emektarlar⚒️
146,#20JVQP9J0,alexn0u,0xfff05637,28000044,35022,147,TOP Lois ESPAÑA
147,#Y0JRJ99JQ,kick|for|nick,0xffff8afb,28000220,35005,148,ТЁМНЫЙ ЛОРД
148,#908Q82C8G,YENİLMEZ,0xff4ddba2,28000207,35003,149,MAHALLE
149,#8GRYLCV90,Yıldız oyuncu,0xffcb5aff,28000218,35001,150,
150,#2G8R8QPG2,НЕ БЕЙТЕ,0xffa2e3fe,28000182,34931,151,
151,#JJ2JC02U,yodboy,0xfff05637,28000164,34885,152,Loafers
152,#9G9G0C2CC,я люблю нагенцы,0xffcb5aff,28000335,34880,153,
153,#P8Y8LRCVV,Fan Oli Tv,0xffffffff,28000139,34814,154,
154,#J0L89RCV,Nico,0xffa2e3fe,28000311,34771,155,UmbrellaAcademy
155,#V9J22LU2,☃️manem☃️,0xff1ba5f5,28000178,34764,156,НАГИБАТОРЫ ШД
156,#YLJ8GJVP,wolfcv,0xffa2e3fe,28000128,34755,157,União_Port🇵🇹
157,#9Y8YC0Q2,|Deelon|™•∆,0xffa8e132,28000000,34719,158,rvjv
158,#8VUJCLGUY,✖️Фурия✔️,0xffcb5aff,28000156,34701,159,Fanzik
159,#2GLUY2P0,Trouxa e Lerda,0xffff8afb,28000262,34682,160,
160,#88YGVLL0V,DANGER!Musab,0xffa2e3fe,28000168,34650,161,Türk Gücü
161,#UY9P9J28,⚡ROCK⚡,0xff1ba5f5,28000129,34607,162,(+_+)NØØBS CV
162,#Q2PVP0289,☞╏GameØver★,0xfff9c908,28000078,34593,163,Ort|family
163,#2UCPV8808,GG | Mortis☔ツᴷⁱ,0xffffffff,28000132,34494,164,
164,#9L8PJUCL2,THE DAVIDE FAK,0xff4ddba2,28000065,34426,165,JDE
165,#PV2JP0YGR,atsoaiko,0xff4ddba2,28000203,34395,166,ταβανοβουρτσες
166,#CY0PUQ0Y,JAILSON,0xff1ba5f5,28000067,34395,167,𝕊𝕙𝕒𝕕𝕠𝕨🔥
167,#82CG0YRY2,BurasiTrabzon,0xffcb5aff,28000305,34355,168,KEKLİKTEPE TEAM
168,#PQ0GQ0JQG,☔|Elay De God🥀,0xffcb5aff,28000310,34309,169,West
169,#LVVCGU0RG,yosu,0xffcb5aff,28000221,34241,170,YOSUK CLUB
170,#JRLJV0RJ,UnyKt,0xffa8e132,28000348,34114,171,PezuñasDeCerdo
171,#2090LRGQ0,"не, убивай😭😘",0xffffce89,28000021,34061,172,
172,#9VPRQUYVR,holdik top,0xfff05637,28000138,34049,173,🍌BANANA|TEAM🔥
173,#URQYR9J2,Th lopes,0xfff9c908,28000273,34018,174,(+_+)NØØBS CV
174,#8RCQ2VG2C,shay,0xfff05637,28000265,33988,175,the cool
175,#PQ9YPC28,_LEON_,0xff1ba5f5,28000310,33943,176,
176,#9QPJG0G90,😎😎😎max,0xffffffff,28000333,33903,177,Leon GANG😎
177,#9GJYLQ8P0,kolano😃,0xffa2e3fe,28000102,33807,178,retry678
178,#8YRGQ2YL2,Ilya,0xffcb5aff,28000335,33791,179,The Lucky 9s
179,#PUL0LURCV,WsL|Misty🥀,0xffff8afb,28000333,33761,180,WsL|teame
180,#8U00P2LJ,GBS Edmar,0xffff9727,28000223,33751,181,(+_+)NØØBS CV
181,#2UQP2CJ9V,wolf25,0xffa2e3fe,28000159,33745,182,LWP
182,#CLVP2GJR,BM|Решала,0xffffffff,28000156,33714,183,🥗𝚂𝚊𝚕𝚊𝚍✨
183,#LLP8L0R0U,нега,0xffffffff,28000151,33685,184,КЛУБ НОСАЧЕВИЧІ
184,#VQ9QULGR,Боец,0xffcb5aff,28000333,33675,185,Frog Pin Gang
185,#2CCLURPYG,The King👑,0xffcb5aff,28000207,33661,186,Sedovka Family
186,#Y8CQ20LRG,CV|MK®,0xfff9c908,28000298,33647,187,⭐[STAR SOUL]⭐
187,#YUY8U0JJV,الجلاد,0xff1ba5f5,28000305,33612,188,
188,#9C8GPU2LJ,Flávio,0xffa2e3fe,28000294,33611,189,Garra do Diabo
189,#RYVJ92Q8,SPORTING,0xff4ddba2,28000330,33606,190,Ort|family
190,#2QYR0L02R,Боец,0xffcb5aff,28000303,33442,191,Russian Guys❤️
191,#P2YLJCVRG,Sasuke Uchiwa,0xff1ba5f5,28000018,33386,192,NPNG
192,#2PLYYRQ08,🔥giorgio25🔥,0xffa8e132,28000248,33379,193,🐋Green Whale🐋
193,#VUQYV9GU,mimibear🧸,0xffffffff,28000125,33336,194,ROUND LAKE
194,#VGYYURYR,𝙴𝚟ø | ƬЯΣV,0xffcb5aff,28000335,33209,195,
195,#8J9Y2PCRJ,Dino 300,0xfff05637,28000024,33206,196,DIILGANG
196,#8CJJU2J9U,kenji.c⚡⚡,0xfff9c908,28000104,33176,197,Feel Free
197,#9PQ980RU2,MMA,0xffa2e3fe,28000317,33157,198,GGLOADERStendof
198,#PYJUCUVYR,ICE_BACON🧊🥓,0xfff9c908,28000147,33144,199,BACON GANG
199,#CLRG88UV,daniil 360,0xffffffff,28000179,33089,200,
