,tag,name,nameColor,icon,trophies,rank,club
0,#UGQRJG8,SSKEdy🍹,0xffff9727,28000018,62703,1,💫👑
1,#RCV0VLGC,Larisa.,0xffff9727,28000018,57003,2,💫👑
2,#90GL8GLLC,the master,0xffa2e3fe,28000195,55005,3,Les Quebecois👌
3,#2CYP8VVV,Splinter™🐀,0xffcb5aff,28000042,50107,4,TAMARRI ABUSIVI
4,#LQ9GUPJ,I Love Lânwiend,0xffcb5aff,28000003,48508,5,
5,#YLGJ2J2PU,♔Reve!|るーかす💞,0xffffffff,28000182,48100,6,♔Reve!💞
6,#JC8PY29,1v3|ClâsH̸❦,0xffffffff,28000000,47469,7,The rise
7,#PC0YRL8V9,平台｜vikashmywife,0xffff8afb,28000321,47154,8,картошки
8,#2YPUQV2Y,SlaydtheDark,0xfff9c908,28000156,46673,9,♕♡⚘尺ŏ𝓼ᥱ⚘♡♕
9,#82PLJRVY9,Leo & Max,0xfff9c908,28000262,45687,10,D-CITY-GANG
10,#2YRRGJPUV,VLAD BOSS,0xffff9727,28000023,44278,11,Vlad Family
11,#PL0228PCV,Пельмень,0xffa2e3fe,28000054,44135,12,русик и олег
12,#22GV9RRCL,илья супер,0xffa8e132,28000046,44029,13,годзила
13,#2CGCLPVY,ᴛᴇᴀᴍᴏᴏɴ♡︎,0xffffffff,28000112,43758,14,[QAZAQ]
14,#U2LVV2UL,腌Duo🤍Angel🍁,0xffffffff,28000320,43756,15,focused.
15,#2GYYC8Q8,또만난근옴,0xff1ba5f5,28000009,43746,16,Team K
16,#9V2VUL8YU,TTM|erikᵏⁱˡˡᵧₒᵤ,0xff1ba5f5,28000060,43513,17,🤗GG combo YT🤗
17,#PLYVJG022,•I-Love Bmw•™,0xffcb5aff,28000273,43086,18,Polish ibimany
18,#8CPVU8V0Q,Ninja,0xfff9c908,28000076,42745,19,El Squado
19,#289J0202,Darth Dredd,0xff1ba5f5,28000084,42276,20,EXTRAORDINARY
20,#8GL09828P,Пусі Дестроєр,0xffffffff,28000150,41953,21,🔥Флоки🔥
21,#2CQYPUGQ2,Danya_Rodriguez,0xffff8afb,28000170,41886,22,PoC89
22,#YJVGU89Y8,cariñosito 35,0xffcb5aff,28000159,41799,23,Team Cat >:3
23,#8P0QLQ2V9,Alberttan,0xff1ba5f5,28000156,41558,24,PH|Stars
24,#YRGG0L9P,UN POETA :3,0xffff9727,28000176,41414,25,!Rank¡
25,#2GRCPPLGC,Lds | Kipo キポ,0xffff9727,28000291,41403,26,<c8>UranuS</c>
26,#QLU8VP0U,DCY/SAMUEL,0xffcb5aff,28000018,41150,27,!Rank¡
27,#LQYJ0U8C,ЛЕОН,0xfff05637,28000132,40970,28,стрп клуб
28,#R9GPL0PG,XxDoroxX,0xffcb5aff,28000014,40912,29,United Spain
29,#20YULVPRY,SyoneX🥀,0xffcb5aff,28000290,40813,30,Men's|Team 🔥
30,#2LJ9GYCLJ,金｜69の力量⚔️,0xff1ba5f5,28000166,40802,31,合作上阿姨
31,#8Q9RQLV9Y,Jacoh,0xffa8e132,28000352,40632,32,panas frescos
32,#Y9J9GPY9P,Nekil,0xffcb5aff,28000018,40561,33,Czech💞🇨🇿
33,#2J8UJ9G2V,_PRIZRAK_,0xffa2e3fe,28000262,40532,34,
34,#CVJ89G9P,『мR』yvanᴳᵒᵈ〗,0xffa2e3fe,28000149,40002,35,SPNV⚡Esport
35,#VV8QV9GP,C K DO!,0xfff05637,28000275,39950,36,
36,#82GR29GYQ,andreu6,0xffff9727,28000103,39858,37,Chupacabra
37,#99RUYG89P,Tonolini,0xffcb5aff,28000135,39452,38,Team|Muffin❤️
38,#9QC80RL0P,Tempo | Manuel,0xffcb5aff,28000224,39437,39,giniintheworld
39,#8LCYRV9Y,Prince of hell,0xfff05637,28000077,39250,40,
40,#CP88CQG2,Lucky Kost,0xfff05637,28000078,38872,41,👑Kings World👑
41,#9QYPLY00,Mistray,0xfff9c908,28000273,38372,42,MR OBZHORKA
42,#2980P2G2,ŐŤℳŐРŐӂĶǺ,0xfff05637,28000285,38248,43,Dnipro
43,#9PC28R9GV,<c4>loltrol</c>,0xfff05637,28000132,38189,44,ukr
44,#2CJC22RV8,GX Ylfet,0xff1ba5f5,28000352,37974,45,IRON FIST
45,#Q8VY98UC9,[ᵍᵒᵈ]Ninja[ᴏᴘ],0xfff05637,28000187,37870,46,Golden Artic
46,#9GJUQVYQV,sa2rn не,0xff4ddba2,28000132,37705,47,KB Academy
47,#8C8LQJP2Q,Jestem ok,0xff1ba5f5,28000169,37694,48,Hociaki🔥🔥🔥
48,#9CR92YR8R,❦EʀRᴏR💚☘️,0xffffffff,28000224,37653,49,
49,#882ULJ9GL,onur,0xff1ba5f5,28000263,37571,50,yenilmez TAKIM
50,#2U9QU90PU,bordo bereli,0xff4ddba2,28000290,37467,51,Mega kumbara
51,#YVGPYR902,Jonboy,0xffa2e3fe,28000025,37454,52,jonboy
52,#P9LGRC0C0,🇹🇷K🇹🇷S🇹🇷,0xffcb5aff,28000175,37366,53,CØUNTDOWN
53,#PUCJP0JUQ,⛩️|Soͥℝiͣnͫ☘|🥀,0xffffce89,28000135,37299,54,Beyond Ares
54,#PQ2RPL20U,ᶜᴿᴬᶻᵞkíllєr,0xff1ba5f5,28000137,37295,55,Killer clan x_x
55,#P0V2CUVUG,romino,0xfff05637,28000225,37235,56,rvjv
56,#2YJUGPP99,LeozimPROmaster,0xff1ba5f5,28000352,37040,57,PCC
57,#9LPRJJRQJ,AI1,0xffa2e3fe,28000147,37000,58,잘익은 수박
58,#20L22Q9PU,HyunSung|🛡,0xffcb5aff,28000210,36951,59,
59,#9R0LL8Q80,愛|Zyro🥀ᵗᵒˣⁱᶜ,0xff1ba5f5,28000305,36877,60,🌟STARFORCE🌟
60,#2200P280J,CM | Felix,0xfff9c908,28000020,36776,61,CLUB GAMES
61,#PV8U0G9GY,EFE17,0xffffffff,28000156,36753,62,Reşat bs
62,#8JQGJP20J,Админ,0xffa2e3fe,28000129,36747,63,
63,#P808UR9VG,FZ|Bomzh🤡,0xffffffff,28000267,36729,64,ливнул с бс
64,#228JJGQJY,코마,0xffffffff,28000164,36571,65,비상
65,#LPP88R8Y,санёк,0xfff05637,28000348,36479,66,вот это парилка
66,#22U0VPJPY,GM|PABLO|シ︎,0xfff05637,28000090,36474,67,CESUR MURCIA
67,#LP8GVJRCJ,thewino,0xff1ba5f5,28000273,36327,68,Tacos de Cabeza
68,#2QGYUL8J9,⚔MProKiller☠,0xffff8afb,28000262,36278,69,🏆|Sātûrnø🪐
69,#2U2V9QP2V,king■♤■,0xffffffff,28000061,36270,70,포항연합
70,#8LG808J90,Action🔥Ambush,0xfff9c908,28000221,36258,71,jaja h bra
71,#RQPY8C88,ArbuzoᵗʳᵘˢᵏY҉t҉,0xfff05637,28000157,36163,72,<c9>Devils</c>
72,#YRYJ9P2J,Asiduck,0xffcb5aff,28000228,36053,73,AC|Armyclub🇵🇭
73,#9PLR90Q8Q,ЭТО Я!!!???,0xffa2e3fe,28000352,35959,74,KB LOL IZI
74,#880V9GJ2U,🎀End_Elf🧚‍♀️,0xffff9727,28000294,35945,75,🥀Dead|Squad🥀
75,#2VRRYYVJL,kArrUssEll:],0xffa8e132,28000226,35933,76,Big mag
76,#2YVJRJQQ9,PenlZman,0xff1ba5f5,28000037,35835,77,Brawl stars
77,#9PCVUPVL0,愛FleXx愛ᴸᵒᵛᵉ ʸᵒᵘ,0xffa2e3fe,28000297,35684,78,KFC
78,#8GL0L9QU0,GX DIAMOND,0xffff9727,28000320,35646,79,<c4>𝑺ʜᴀᴅᴏᴡ</c>
79,#PLGCPGRGV,norman,0xffff8afb,28000016,35600,80,Artym Art
80,#JYGYY9JL,acryturio123ᵘⁿᵒ,0xffff9727,28000271,35507,81,Jada na ryby
81,#9Y0JQVLQG,gyro_zeppeli,0xff1ba5f5,28000129,35490,82,brusko🍉
82,#882LJ28UU,abekeco,0xffcb5aff,28000184,35434,83,Crowneds
83,#2Y8R2JJP8,frustik54,0xfff05637,28000023,35411,84,™kaczki™2
84,#P9VPYR9UR,[LP]MILOSHKA,0xff1ba5f5,28000167,35408,85,✨•PolishCute|🌺
85,#8LGUUV0G0,хуисосина,0xffa8e132,28000132,35178,86,
86,#QGQU9GQC,den,0xfff9c908,28000242,35125,87,
87,#LYPCQUJ9U,yenilmez serdar,0xffff9727,28000293,35112,88,YENİLMEZLER
88,#8RY82P9YY,LOVE IN TIM,0xff1ba5f5,28000288,35097,89,TT|Samurai™️
89,#8Q8YL0LVL,⛩️|POP ZAP 64 ⛩,0xff4ddba2,28000163,35012,90,CSL Legends
90,#LRQJ0QUJ,Fire,0xff1ba5f5,28000175,34953,91,
91,#G2VGU0Y0,noob,0xff4ddba2,28000037,34950,92,Brawl Stars
92,#28PJUG208,TQM|Crezix🗿,0xffff8afb,28000135,34863,93,HowToDoPL V
93,#98C20GGJU,best|Aserora,0xffffffff,28000231,34728,94,chromeダイナソー
94,#9JJ8090C8,K.O.,0xffff9727,28000272,34719,95,Runner
95,#9U0LJVY0C,FAXA_e13,0xffffce89,28000132,34567,96,DarkHumans🖤
96,#8G22YP9G8,Stasa,0xff4ddba2,28000160,34558,97,TGaming
97,#2Q20U2LPL,Thineddie,0xff4ddba2,28000332,34444,98,Elite Gaming
98,#PVLUY8UJY,:O,0xffff8afb,28000111,34273,99,CIHANLI
99,#YG0GUYJR,L708,0xffffffff,28000345,34266,100,Los lagartitos
100,#YRRYVUJ0,🔥NOTRE DAME🔥,0xffff9727,28000001,34263,101,
101,#909RY8CPP,mike,0xfff05637,28000024,34160,102,THE BOIMIKE
102,#2PRY9JV80,🎃marianend🎃🎃,0xffff9727,28000200,34143,103,Vlad Family
103,#2URVGL9LQ,Flash,0xffcb5aff,28000280,34141,104,FastQ
104,#PUGQVYRC8,мемчик,0xfff9c908,28000132,34112,105,SK|Teams
105,#9JR0GUPJU,《MR》{YOKEDİCİ}☆,0xfff05637,28000317,34072,106,EKA
106,#2JRCPUG90,jr18,0xffcb5aff,28000254,33997,107,Borci
107,#8JPLQGGV,yungfineskin<3,0xffffffff,28000317,33878,108,VALHALLA
108,#9YQ8V0LCL,AgB|legend,0xff4ddba2,28000008,33867,109,<c7>UNIVERS</c>
109,#22GURYLYQ,GaBrIeLbOoM,0xffff8afb,28000305,33822,110,Los Brazers ⚡
110,#2VJCLQR80,Danila-[BLED],0xffcb5aff,28000132,33756,111,the brawlers
111,#28Y9GL90J,Mega-Brawler,0xffcb5aff,28000332,33639,112,gymnasium BS
112,#2R9V88QJ8,tomasek,0xff1ba5f5,28000347,33627,113,Trucovna
113,#PR9J9G2YQ,Lucky,0xffff9727,28000333,33611,114,Олег бомж
114,#P8U2V890,Гривня grelкa,0xff1ba5f5,28000011,33596,115,Ракета🦝|USSR🚀
115,#YYV90PV9,محمود,0xfff9775d,28000055,33546,116,بار برول🍻
116,#22P292J8J,ZUB_IK,0xffa2e3fe,28000083,33523,117,
117,#802QRQ8RY,Red Zone,0xfff05637,28000277,33492,118,
118,#2UL9GV2YC,头ソー hpeyphhh🩸,0xffffce89,28000182,33464,119,ニースwonderful 🎀
119,#Y99QYCYU9,JoseLito12🇪🇸,0xff1ba5f5,28000301,33441,120,CLVP
120,#9GVGJJLLP,샌디,0xffa8e132,28000305,33406,121,인생은 브롤ㅋ
121,#C0P9ULC8,M3|Cri🥀,0xfff05637,28000037,33363,122,FG Empire
122,#PLPR9UYRY,Demaster,0xffffffff,28000224,33347,123,Sandstone💋
123,#V2R8L8QR,aserad,0xfff05637,28000271,33339,124,파리바게뜨
124,#UL29RJL2,oier,0xff1ba5f5,28000348,33333,125,Ezquiso brawl🥵
125,#209UYC82Y,꧁𝕪𝕒𝕘𝕚𝕫꧂シ,0xff1ba5f5,28000062,33303,126,bs pros
126,#PURVGQPP,Pranav,0xfff9c908,28000349,33277,127,
127,#2LJ8JL8LG,KTZ |ᴮᴬᴰBoy🧸,0xffff8afb,28000132,33254,128,СОМ ТОМ.
128,#20QVJV8QG,iceTATI,0xffffffff,28000248,33230,129,legendari
129,#9JY9G0VUC,☠️Кузьма☠️,0xffa8e132,28000352,33229,130,Wielka świnia
130,#PUPJ8Y80U,π＝ちんほ°気持ち良すぎだろ,0xfff05637,28000111,33191,131,
131,#9CVLGVLJR,stek,0xffa8e132,28000211,33179,132,tajni agenci
132,#90QGGY09G,на дошиках,0xffa2e3fe,28000319,33083,133,TIKTOK|CLAN🌊
133,#2J9VQLJRP,Lukas,0xff4ddba2,28000170,33068,134,🌪️|Swishers🌪️
134,#UQURVQRG,vampire,0xffff8afb,28000297,32955,135,virusGUM
135,#202RQQRRQ,КИНО МАН,0xffcb5aff,28000271,32915,136,БЕШЕНЫЕ ОГУРЦЫ
136,#PQ98YY2LQ,v마산대장v,0xffff8afb,28000314,32855,137,하이닉스
137,#U2QV2V9Y,[FK]кирилл_YT,0xffa8e132,28000156,32826,138,Неубиваемые
138,#9RRRJQQLG,s2 linda 🔮,0xffcb5aff,28000267,32759,139,MJR
139,#8G0CYGJU9,elomakapaka,0xffa2e3fe,28000132,32727,140,SPICY MOD
140,#L9R8PVJPG,Пингвинёнок,0xffa2e3fe,28000305,32715,141,Киберспортсмены
141,#Y00VQ2C,Мурзик,0xff1ba5f5,28000274,32702,142,крут я
142,#82QQVVC22,ronya🦋,0xfff05637,28000228,32696,143,4D GÓRĄ
143,#29YPCPRL0,ˢᵃᵈ|Broken💔,0xffffce89,28000221,32656,144,
144,#2PV8PLPGP,⚔️𝒫iͥzzͣaͫᴳᵒᵈ⚔,0xffcb5aff,28000333,32643,145,🇹🇷auuuu
145,#2L9QY9PC0,Aaron,0xffff9727,28000305,32601,146,Les geek du 69
146,#92Q0YL8JU,forte,0xff4ddba2,28000061,32588,147,I BRO😎
147,#JUQQC800,ㅤ ㅤ ㅤ,0xff4ddba2,28000318,32498,148,ZJ’s ❣️ family
148,#8QPVLUCUU,¥=TNT=¥,0xff4ddba2,28000294,32492,149,GO GO REDHILL
149,#9JYPJ0L82,читар 777,0xfff05637,28000023,32481,150,
150,#2VUGV9RCC,블랙여우,0xff4ddba2,28000347,32426,151,캐리
151,#9CU8G8QRR,MR.ASSASSIN,0xffcb5aff,28000167,32404,152,
152,#YCVUYL8C0,legendwingo,0xffff9727,28000333,32403,153,Masun
153,#8PRYYR9YQ,Emely,0xffa2e3fe,28000167,32400,154,Piggy
154,#9CVPG8GVL,❤️Brawl Stars!❤,0xff1ba5f5,28000347,32197,155,Got'em
155,#L9RRY2GYL,Jexdry;(,0xffcb5aff,28000337,32195,156,Brawl Fight
156,#8QVGJJRJ0,BlueHawaii,0xff1ba5f5,28000013,32193,157,ZELENÁČI
157,#2G8PCUCY9,Madf1y,0xffff9727,28000272,32181,158,
158,#YPRGY9PR,/DeaDMaSTeR/,0xffcb5aff,28000264,32051,159,
159,#YCLQ0CQU8,NAVi/MMA,0xffff8afb,28000023,32034,160,UZB KINGS🇺🇿
160,#9GV2UVLPU,SCP-96,0xffcb5aff,28000335,32027,161,Dream Team
161,#8U0JUGL90,Matteo,0xff4ddba2,28000151,31984,162,tyazity clan
162,#29L0G29JJ,KingJammingz,0xfff05637,28000253,31979,163,Di Mafia
163,#2V0YPQCG8,[AS]SANTIAGOYT,0xffffffff,28000137,31937,164,chavalesdebrawl
164,#Y2L2PVQ,RTX|Eric,0xffff8afb,28000084,31924,165,TEAM FERRO
165,#YC9YPL288,Brawler🇦🇿,0xff1ba5f5,28000259,31918,166,
166,#GRJ2QY8L,mateo,0xffa2e3fe,28000310,31898,167,El Club Español
167,#P8UGV08VR,мастерХХХ,0xfff9c908,28000156,31878,168,Brawl top
168,#8UGYVJ0U2,[БЛЕТ]HELPER,0xff4ddba2,28000174,31860,169,✨ЗОЛОТЫЕ ЯЙЦА✨
169,#8YCJPV0GQ,читер 777,0xffcb5aff,28000210,31811,170,Снайпер SVD
170,#2VLLUQ8G9,pocho-manu,0xff4ddba2,28000246,31759,171,AMIGOS HEROICOS
171,#PLRP8Y8L,฿Ø฿₭ł₦,0xfff9c908,28000335,31742,172,DarkKlub
172,#8RCVJG2YG,༒︎,0xffa8e132,28000341,31737,173,
173,#L08URVV8G,ههه جلدتك,0xffcb5aff,28000314,31723,174,حياكم
174,#VG8JLGV9,ЛЕГА,0xff1ba5f5,28000314,31683,175,
175,#8YJQ8L0G8,le bg du turfu,0xffa2e3fe,28000341,31622,176,TwitchMathisexo
176,#PYY2YGG9L,dejameganarxd,0xff1ba5f5,28000170,31616,177,Nova Slayers
177,#900YQYCPU,Sayurin,0xffffffff,28000249,31611,178,
178,#J8R920V8,el bananoide,0xff1ba5f5,28000166,31611,179,
179,#8JYVGR98R,QLSH/LYON,0xffa8e132,28000275,31591,180,<c3>ClubITA</c>
180,#9JVPVY8L0,Mael,0xffcb5aff,28000014,31586,181,MAZIX GANG
181,#8VVRRCCR9,noob armi,0xfff9c908,28000033,31552,182,ETERNAL BALENCE
182,#80P999R8J,Sosy_Jopy//:,0xffa2e3fe,28000305,31546,183,
183,#8CRCJY0GJ,PaTrOn PoWeR,0xffa2e3fe,28000352,31526,184,
184,#2URC2R82Y,|KM|SULTAN|,0xffcb5aff,28000305,31522,185,SENJU
185,#LRY9JLG9,BLACK NooB,0xffcb5aff,28000014,31490,186,ACIMASIZ
186,#YG90RPJ8V,Mami🔥❤️,0xff4ddba2,28000106,31477,187,Clown🤡
187,#PGJLPRRCJ,Timmy,0xffff9727,28000228,31462,188,RTP
188,#8GV0VYRGP,NBA|oralouis94,0xffcb5aff,28000305,31448,189,LOS TRES PEDES
189,#809LY8G8J,윤원이,0xffff9727,28000180,31427,190,
190,#PV9UU0GQP,Титанобоа,0xffa2e3fe,28000347,31293,191,КЕНО
191,#2UUJL08LY,KAI40,0xff1ba5f5,28000314,31252,192,Ric
192,#8YCU0QU0V,szofer,0xffcb5aff,28000336,31221,193,BS |CARTEL
193,#9GPCYCLJR,Vampir,0xffa2e3fe,28000262,31208,194,Team|Muffin❤️
194,#99QLVPUVY,D1N3ZZA,0xfff9c908,28000310,31195,195,VEW💘LegeNDS🍫
195,#208GVCQGL,опа,0xffa2e3fe,28000168,31188,196,
196,#8RPYV0YGU,김민범,0xffa8e132,28000337,31175,197,👻유령ᶜᴿᴱᵂ
197,#9LVJQVJC2,барсик,0xfff05637,28000139,31161,198,
198,#2PUC8UVVR,❄️ IcePiper64⛩️,0xffffce89,28000228,31160,199,DaLadno_Clan
199,#PRV8GYYC0,Dipper,0xffa2e3fe,28000352,31148,200,чикаридзе
