,tag,name,nameColor,icon,trophies,rank,club
0,#PRPQ28CRR,ハッピーKaneyzikk,0xff4ddba2,28000021,59320,1,♠️FLASH ROYAL♠️
1,#8CRLLJPGY,Mufkaʕ´•ᴥ•`ʔ,0xfff9c908,28000216,55703,2,Undead Kings
2,#929GQV8GP,матеос спрайт,0xff4ddba2,28000021,51411,3,♠️FLASH ROYAL♠️
3,#8L9920VCP,QLS|MJ,0xffcb5aff,28000023,51003,4,Retired
4,#9VQ8QV8UV,PRODIGE X,0xffcb5aff,28000309,50878,5,
5,#J9P2U08C,TKG|xGrom🦇,0xfff9c908,28000167,50550,6,Dan Elite🦀
6,#9RJG00Y,NotMirko™🀄,0xffffffff,28000030,50278,7,
7,#2U8UGG8J,giuluke,0xffa8e132,28000016,50000,8,Galaxy Boys
8,#LVCG2QC8,❄️COLD~☄️☄️☄️☄️,0xff1ba5f5,28000134,49890,9,The Best🔥|club
9,#8JRU2GPQ0,Celestialあい|彗星✨,0xffcb5aff,28000038,48862,10,RPY
10,#PJGLJ8L88,Dyno|Danik,0xffcb5aff,28000293,48591,11,🌩️The Hungry👺
11,#909C0UP0P,⛩️|Rzm64🎋,0xffffffff,28000247,48558,12,Golden Crow 2
12,#99J0QQYVR,みま|moonixxx,0xffffffff,28000077,48488,13,👻Snowy🖤
13,#20JYYLRCQ,STMN | 卄卂ㄚ卂ㄒ乇⚡,0xff4ddba2,28000136,48126,14,YT Bockwurst BS
14,#8G80QLCLJ,Wuffi,0xffa2e3fe,28000095,48050,15,The Warriors ⚔️
15,#2UVL9VQU9,ﾒ Naizixx 🤍,0xffffffff,28000043,47996,16,Duo♡︎???
16,#20YVPYVJU,MVI | ᴳᴬᴹᴱᴏᴠᴇʀ,0xffa8e132,28000000,47929,17,MVI|🔱Esport🔱|
17,#PPVL8LV9Y,A7MDPRO,0xffcb5aff,28000165,47561,18,Max is gone
18,#P0VC999R0,Kiber_Mozg,0xffa2e3fe,28000156,47543,19,Klubik Olisia❤
19,#9V9J8YG8V,۩րլճիեmare۩,0xff1ba5f5,28000323,47501,20,agua de oro
20,#8RUUYYYYJ,про,0xffa2e3fe,28000331,47303,21,Ⓚ︎Ⓔ︎Ⓢ︎Ⓣ︎Ⓤ︎Ⓐ︎Ⓚ︎
21,#YUP8GY8U2,nikita,0xffcb5aff,28000290,47210,22,Türk's Slayer's
22,#Q0RUQURL2,ПАРАЗИТ ПАЛАЧ 1,0xfff9c908,28000225,47029,23,bambiki
23,#9RYLR8LGV,Егор бро,0xffa2e3fe,28000347,46476,24,TÜRKİYE
24,#9J0CLL89V,yousplayer,0xffffffff,28000314,46236,25,الله اكبر
25,#8RG289PL0,a caso,0xffcb5aff,28000048,46215,26,SOULS🌋
26,#CQYJ0UP,🌪️Sormy;!🏆,0xfff9c908,28000139,46102,27,TheEaglesPL
27,#988J8J992,niemand,0xffffffff,28000070,46042,28,Randumbs
28,#8UUCUVU8Q,♡Åñübï$♡,0xfff9c908,28000267,45919,29,⚔️ZS CLUB⚔️
29,#9C2GRY8JC,La Vide en Rose,0xffcb5aff,28000187,45694,30,🛒• Carrito
30,#8299QCY0J,DKR|Simo⚡,0xffcb5aff,28000156,45671,31,Fearless
31,#2P2JVPYRR,Said,0xffff9727,28000061,45379,32,<c1>Eternal</c>
32,#89RU9JPLL,carloss,0xffa2e3fe,28000179,45294,33,COLOMBIA
33,#9VY9UUYQJ,жаба_ютуб,0xfff9c908,28000341,45244,34,OneUp
34,#8P2PYULVV,ОГУРЧИК РИК,0xff4ddba2,28000305,45070,35,овощи
35,#QUQQ22GG,Pie,0xffcb5aff,28000335,44628,36,Please Join
36,#P90GV28GJ,キラ |N o p t y💫,0xffa8e132,28000140,44591,37,GeGas
37,#2VPY0PQ8,This is pigio,0xffa8e132,28000348,44522,38,Lega Polpetta
38,#90PQV0YY2,=OffWhite=,0xffcb5aff,28000222,44446,39,𝖈𝖗𝖞 𝖘𝖙𝖆𝖗
39,#P8V0GVR0,Míster bony,0xffff9727,28000290,44403,40,The Legends
40,#QYL0RG0V0,Хем,0xffa2e3fe,28000348,43780,41,Black Alpha
41,#P0VQ2222V,🥺QS|PEPE✨,0xffcb5aff,28000330,43715,42,Legends Club🔥♥
42,#QVR0Y9JJ,kylliapin,0xff4ddba2,28000078,43565,43,New light
43,#YCVJLL22U,^_^,0xffa2e3fe,28000122,43310,44,あんみつ屋さん
44,#PGYPQUG29,WB |TheBlowfly,0xffa2e3fe,28000156,43206,45,A visszatérők
45,#98QYULCGL,あ|❄️Renaré🦊,0xff1ba5f5,28000337,43124,46,Kitsune Family
46,#2GQLJ228,현준승주,0xff1ba5f5,28000064,42862,47,클럽리그
47,#80GPU80YJ,ICE | Twenty ❄️,0xffffffff,28000221,42850,48,ICE TEAM ❄️
48,#Y8VCQJPR9,『iGod』 『Stefano,0xffa2e3fe,28000262,42826,49,CABRALANDIA
49,#P8J92VYU9,41M|KALAPÁCS,0xffcb5aff,28000170,42679,50,YT|PARAMOD
50,#82GU20LQR,alex pro,0xffff8afb,28000305,42359,51,SQUEAK P.
51,#YQY2909Q,It's Kamil™️,0xff1ba5f5,28000254,42304,52,😍💓
52,#PCR0LPY9G,Fow | Virex,0xffff9727,28000019,42296,53,
53,#PCCGYLP90,Death Gun,0xfff05637,28000245,42136,54,stickyfingers
54,#LGR29JYQ,l҈e҈o҈n҈,0xffcb5aff,28000132,41834,55,Tribe Dynasty
55,#9C9V2PJ2,PE|ꜱᴏɴ-ɢᴏᴋᴜ🥀,0xfff05637,28000255,41503,56,Tiki Taka
56,#8RYPJYULC,🥀イグナプロツ🕊,0xffcb5aff,28000333,41333,57,LosMataAbuelas™
57,#8Q8G2PYY0,Really❤️‍🩹ダーリン,0xffffce89,28000335,41277,58,дашенька лучшая
58,#2LRVGGCVL,Økaz¡ | potato,0xffff9727,28000225,41270,59,⛩Bandits team🥱
59,#R0LC8V9V,Brawl stars,0xff4ddba2,28000314,41258,60,The Inquisition
60,#P09Y2QLP2,байрон,0xffa2e3fe,28000305,40987,61,Жёсткий Союз
61,#2QVU8228J,The Night,0xff1ba5f5,28000037,40790,62,NightsCommunity
62,#89QCU00QU,vassua🥱,0xffffffff,28000074,40661,63,Heilin Empire🌹
63,#C9JR8R,aimar7p,0xfff05637,28000301,40562,64,losduros
64,#8RGQ0PVJP,tanqueta 97,0xffff9727,28000140,40496,65,LOS CARACOLINES
65,#9ULUPY2R9,個人,0xfff05637,28000325,40450,66,復活の𝓣𝓨🐣
66,#28CJ0R00J,⛩|MIKEY🔫,0xffffffff,28000150,40288,67,Шредеры
67,#2UY9JYR29,BN | Dolmid,0xffffffff,28000141,40241,68,No Name
68,#P9UPCCRRV,Rogério,0xffff9727,28000272,39874,69,シ Dark Force シ
69,#Q0CQRQVJU,dimo4ka,0xffcb5aff,28000305,39620,70,tt|mulaxft
70,#P8VQ8LJRU,🔥NeKT_LeV🦁,0xffcb5aff,28000163,39616,71,Curtis
71,#PYUL9RPRJ,your|fersi💕,0xffff8afb,28000138,39380,72,Хижина fadexa👅
72,#9LQJU0CU,Fazik,0xfff05637,28000073,39325,73,Шредеры
73,#PPGGCUCY9,亗̶T̶w̶1̶L❤乂,0xfff05637,28000138,39279,74,ДЕМЕНТОР
74,#8V8QCQRYP,ALESSIO,0xffa2e3fe,28000079,39185,75,Lunar Foxes Esp
75,#YLCRYYYUY,√®N@meless™^°√•,0xffffffff,28000207,39159,76,<c7>🦅Eagl꙳</c>
76,#P2CGLU8PQ,Gipsi Danger,0xfff9c908,28000335,39140,77,Amongus🙀
77,#PVUVJJQ09,Bubble m🐼,0xffffce89,28000254,39135,78,I❤️Germany™🇩🇪
78,#8YCQPCUYQ,il corvo,0xfff9c908,28000299,39110,79,Chill Italy🇮🇹
79,#8PVYR90VJ,k1m0,0xffcb5aff,28000294,39020,80,kings area
80,#29VPCJCR0,#survival#,0xffff8afb,28000294,38910,81,ЭТО ШД БРАТИК
81,#PPJP9U2G8,логинов пусечка,0xffcb5aff,28000288,38719,82,
82,#2QGQLR0J0,[НЕБЛЭТ] Kiro,0xffff8afb,28000305,38695,83,
83,#82PCQ02VP,proYavu,0xffff9727,28000223,38679,84,İttihat Terakki
84,#PY9J0QCJJ,ТурбоХряк,0xffa2e3fe,28000278,38664,85,
85,#QLQ9YJGY,Sh4dow,0xff1ba5f5,28000061,38626,86,CACTUS JACK INC
86,#PPVRGQYRV,Niska,0xffff8afb,28000343,38611,87,Edgar
87,#RLL082JC,DM|Relax🔥,0xffff9727,28000024,38533,88,DM|Fire🔥
88,#8PJPJ8Y90,Godzilla,0xffa8e132,28000138,38459,89,KIBOT
89,#RJYQRJ8R,BB|Crow🪶,0xffa2e3fe,28000334,38300,90,Buzz’s Buoy
90,#PJP08QJ9L,не кто не,0xffff9727,28000132,38280,91,TC/lesAugustins
91,#YCPG202UR,Tᴀᴛsᴜʏᴀ🦠Dᴀᴅ👾,0xffa8e132,28000021,38278,92,
92,#QYVQRQV0,Викуша🌵,0xfff05637,28000309,38271,93,Ёжики 🦔
93,#Y98V0JJP,toxic phantom,0xffcb5aff,28000335,38169,94,Italy
94,#JCYPJ0G9,Rolling Darryl,0xff4ddba2,28000021,38165,95,Calamity
95,#89PYC9PYP,❌🤤BrAwL💔❌,0xffcb5aff,28000297,38099,96,
96,#90QRLL9QY,[РЫЖ]KUSIK_YT,0xfff05637,28000132,38051,97,
97,#8GY2JG2VV,Glow,0xff1ba5f5,28000352,37972,98,VLG Apricity
98,#RQ8QYY9L,®[RuSsIaN]®,0xffa8e132,28000168,37963,99,FREZME SQAD
99,#8GL8CU2UP,xyro,0xffcb5aff,28000182,37933,100,TURBOFRENCHFRY
100,#P9R8GGG8V,✨yahoo✨,0xffcb5aff,28000222,37882,101,Borowiczki.pl
101,#CR2G0QJJ,я нуб ты труп,0xfff05637,28000023,37871,102,Polska Gryfice
102,#LUC02VGVV,légendary /titi,0xffcb5aff,28000335,37840,103,French tour
103,#P9YR00GYU,[BLACK] ворон,0xff1ba5f5,28000000,37804,104,Summery Lagoon
104,#J8V8R0JQ,Tomar,0xffa2e3fe,28000330,37802,105,gli ita🇮🇹🇮🇹
105,#Y8VV8C0LL,NAVI/DIMKA,0xffffffff,28000132,37779,106,Moldovapush 25k
106,#99VG0L2P8,Venus,0xffa8e132,28000222,37747,107,
107,#2QGC08JY,師匠,0xffff8afb,28000173,37698,108,バンバン
108,#PPYGCU0G8,🌪SmErTnIk🌪m6],0xff1ba5f5,28000225,37692,109,
109,#8LP22CJRQ,YT|JK,0xffa2e3fe,28000282,37581,110,Muskat👺
110,#89L928JPP,ПОТСОЛНУХ,0xffcb5aff,28000280,37533,111,TTM Squad
111,#98JL0CRRU,あ|ARROW,0xff1ba5f5,28000322,37513,112,DarkDragons
112,#8GLGR2JJJ,х0у,0xfff05637,28000254,37466,113,
113,#PJ020GJVC,Абз💜,0xff1ba5f5,28000349,37391,114,Лучшие! 🥶✨
114,#9PJ9Y8G0Y,ninja 10🇭🇺,0xfff9775d,28000349,37306,115,iSadnxess♡
115,#2029Y2P0R,Wonder,0xffa2e3fe,28000219,37277,116,One Man Army
116,#282089C2C,Rhye,0xffa2e3fe,28000078,37261,117,Mar1guana420
117,#PYCR2C8LU,MASSAKA36🚦,0xff1ba5f5,28000246,37233,118,
118,#22G8GYUGR,wickedttk,0xffcb5aff,28000262,37220,119,ENDOMIGHT㊙
119,#28YLUYYLG,fisch Niklas,0xffcb5aff,28000253,37201,120,Fc ehrenmann
120,#PJRRCJ9V9,aka Kyle,0xffff8afb,28000138,37176,121,hongbao xoxo
121,#9C8LV9UCL,Dimchonok,0xffff9727,28000228,37170,122,Push👾👾👾
122,#PRRGL09UQ,Аняня,0xffffffff,28000246,37027,123,not toxic
123,#V8CGURLG,protini,0xffffffff,28000258,36939,124,Mandy Posting
124,#LJL2LJ088,Wrangel QQ,0xffa8e132,28000169,36899,125,
125,#8P2U9R0C2,Bucz,0xffff8afb,28000168,36841,126,gang buczera
126,#8092PG2U9,ᵈʳᵃⁱⁿwxнxᴅuwнʏ,0xff1ba5f5,28000132,36769,127,степ
127,#L20PQP8P9,HL|Raul._.💤,0xffa8e132,28000259,36514,128,CYUBER SPORT
128,#YYQY8UP2,Vinyetix,0xff1ba5f5,28000282,36403,129,cytown
129,#8RRQU2J20,LORiS_P•F 🐼,0xff4ddba2,28000102,36394,130,Les titans
130,#8RG2LVJPC,❄⛩Aurelio69⛩❄,0xffcb5aff,28000207,36392,131,Clan|69
131,#8J2PYRUYC,TT|spgamerlive_,0xffa2e3fe,28000272,36381,132,
132,#9CJJGVVGG,<k.ker> Nekich,0xffcb5aff,28000156,36262,133,Seva's family 2
133,#8JJVQJ0C0,[бан] эксперт,0xffa8e132,28000101,36231,134,☕|Frendship💥|⚽
134,#202U99UV9,VP|Seido,0xfff9c908,28000097,36226,135,Motivation
135,#JV09P9GR,The real Lion,0xfff9c908,28000095,36219,136,Game MasterArmy
136,#PU2GR2RJC,souske,0xffff9727,28000249,36206,137,おっさんの隠れ家
137,#20VQYRGVR,L$F | W33zer,0xff1ba5f5,28000134,36172,138,Shadow Family
138,#8CP8G0RQP,💚GT|Mak🌻,0xffa2e3fe,28000076,36158,139,ILoveHotBebra❤️
139,#YUYY9QLU,Dmitri Rotznase,0xfff9c908,28000061,36137,140,Chaos Zocker
140,#82JYR8UV,orev,0xffff8afb,28000033,36096,141,<c5>Win#</c>
141,#9Y8QYJPLP,Toxic|Rtm💛,0xfff9c908,28000129,36077,142,
142,#8RY9U9PUL,Brawler,0xffa2e3fe,28000332,36057,143,UKRAINE 🇺🇦❤️
143,#PJYP9R0CU,SX ANTEK,0xffffffff,28000139,35973,144,SI|SIGMA
144,#8RQ0YJ0PR,Gio 08,0xffcb5aff,28000129,35966,145,I FIOI DE CASAL
145,#8QU2GR2R,The figther pvp,0xfff05637,28000210,35903,146,Ü18 Warriors
146,#9L0C09JJV,AV@NGARD,0xff1ba5f5,28000271,35886,147,Столбищи
147,#2202PLRPV,❦Gabyy✨,0xfff05637,28000048,35783,148,
148,#9RUYLVGYQ,⛩️|𝔻𝕦𝕔𝕜|🎋,0xffcb5aff,28000176,35734,149,TopClub
149,#282CJUJP8,SIGNAL|korea,0xffffce89,28000271,35734,150,HOTSPICY
150,#U9J0U9C9,수박,0xffa8e132,28000273,35702,151,ㅈ1
151,#PLCJG22JJ,thimgas,0xffffffff,28000314,35675,152,6 ème
152,#2YGJGL9U2,SK|staylon🐣💛,0xff4ddba2,28000341,35670,153,
153,#98LQGY2J9,Hala Madrid 🤍,0xffffffff,28000161,35637,154,
154,#RLCQCYPR,Lukas,0xff4ddba2,28000341,35566,155,die profies
155,#2V0UYUJQG,svilow🤯,0xffffffff,28000014,35564,156,WORLD 🌎
156,#800G9PYP,GX Redd,0xfff05637,28000274,35560,157,LE SUNNY ⚓️
157,#8JQGQG2YQ,유회장,0xfff05637,28000037,35546,158,중랑초등학교모여라
158,#28RL20VRR,маргарита,0xffff8afb,28000168,35506,159,рита220🥵
159,#8909RVQCR,minipouca,0xffcb5aff,28000280,35502,160,LRD | TEAM
160,#YPVJRGPU2,ATW|4UHLAN🙄,0xffcb5aff,28000288,35373,161,Brexit
161,#L2YG8G0GQ,🍫Schokolade 🍫,0xffcb5aff,28000350,35331,162,Mc Donalds Gang
162,#2P8P0CJGL,Salty Boi,0xff1ba5f5,28000228,35240,163,Ba ba bon style
163,#2292988VJ,AliC,0xff4ddba2,28000331,35232,164,AltDünya
164,#JURV00QY,🔥fire🔥,0xfff05637,28000175,35213,165,브롤스타즈 대화방
165,#8CRYY0PJP,DG|Hard.night❦︎,0xffffffff,28000331,35210,166,
166,#QYGC9YJV,uperz,0xffff9727,28000061,35166,167,S crew
167,#9PGULRCY9,СУПЕР ГЛЕБ,0xff4ddba2,28000016,35161,168,
168,#808JLCUY9,里昂,0xff4ddba2,28000175,35149,169,遊戲部落格
169,#P0GJGUGQ,zeko123,0xffff8afb,28000064,35139,170,
170,#88UQJC0Q0,BLIX ALBE,0xffcb5aff,28000280,35112,171,Italia
171,#8PVL8PPG2,•B0nczeQ•,0xffcb5aff,28000135,35080,172,❌NUDA❌
172,#Y9RUGPQ0P,kaires,0xfff9c908,28000139,35058,173,
173,#GY9LVGYR,AndyFy You_Tube,0xffffffff,28000153,35054,174,
174,#8JR2V2RRC,ˡᵒʳᵈ|ᴋɪɴɢ🖤シ︎,0xffcb5aff,28000207,35050,175,𝕶𝖓𝖎𝖌𝖍𝖙
175,#2CG8LRLYC,Adnane 🌴,0xffa8e132,28000163,34981,176,MOROCCAN GAMERS
176,#2P8LPQ9G,Neyronn,0xffff9727,28000132,34946,177,
177,#YVJURVLY,Pima 95,0xffff9727,28000156,34938,178,Italian Cadets
178,#8C8U8LLRP,MASTER,0xffffffff,28000156,34936,179,TWIX×BAKU
179,#2G2U908JJ,🐼ProPanda64☔️,0xffffffff,28000321,34935,180,☀️SUNNY☀️
180,#22RQU8LQP,MrSandy,0xffcb5aff,28000333,34850,181,LaB Clan
181,#9Q8P0VG29,Light,0xffffffff,28000278,34847,182,GB Clan
182,#89C9YLQ8U,RS|ti,0xffcb5aff,28000349,34814,183,Fan Brawl09
183,#QY8R8CR9U,乇ﾚ|J̷.̷K̷.̷ᴳᵒᵈ☔,0xff4ddba2,28000175,34777,184,Bobosáci
184,#8P2QJJJ8V,fallkken_fade♡︎,0xffcb5aff,28000273,34765,185,legendy prosów
185,#2J0L2G9U0,QLS|David,0xff1ba5f5,28000156,34726,186,Cristo y Fran
186,#2RCCPVYVU,бан,0xffff9727,28000347,34685,187,чупик-леона
187,#YY9J0PG2P,추빠삐무네늄태피,0xfff05637,28000173,34633,188,코끼리
188,#98GPPU0UL,ozelot,0xff1ba5f5,28000305,34629,189,
189,#PUVPC0GGQ,TOP1,0xffcb5aff,28000224,34629,190,ЧВК ШОВЛЯ
190,#9G8R0JPG2,シMrLaBunny❤️🧨,0xffffffff,28000247,34585,191,ᴳᵒᵈ
191,#98L2GL8,♔𝚕𝚒𝚐𝚑𝚝♡,0xffcb5aff,28000029,34574,192,łopaty Mortisa
192,#8J8P282VL,she~ra⚡,0xffcb5aff,28000335,34557,193,club chingón
193,#8R8Q89QY8,Crow,0xffffffff,28000137,34539,194,クラブ
194,#98LYRLQ0,IGTS|Trex,0xffff9727,28000139,34526,195,<c9>IGTS</c>
195,#2CUYCCQ9R,세현,0xffa2e3fe,28000043,34471,196,세계 정상수
196,#8V0VGY8R8,Боец,0xff4ddba2,28000160,34414,197,Суета МГН[174]
197,#92J0LQ88C,👺BloodWater🗿,0xffa2e3fe,28000297,34404,198,
198,#YLY2RGUQP,GT|ㄖ卂Ҝ,0xff1ba5f5,28000078,34348,199,𝑶𝒖𝒕-𝑳𝒂𝒘𝒔
199,#PPRP9UJ9,IMMORTAL-YT,0xfff05637,28000266,34347,200,
