,tag,name,nameColor,icon,trophies,rank,club
0,#2JRJJVYP2,Super,0xff1ba5f5,28000305,72654,1,Brawl Kings's
1,#L0YYL0V2V,ToniKroos8,0xffffce89,28000006,69974,2,
2,#P22Y9Q22,ぴーぬる,0xfff9c908,28000188,66710,3,オーシャンズビュー
3,#JJV2P8V,eastside 🥀,0xffffffff,28000215,66072,4,High Ping 😵‍💫
4,#82QLUJRUL,猪突猛进 伊之助,0xffffffff,28000348,64894,5,天道 . 亚♠️
5,#88R0JQP89,只抓猪打🫢,0xffffce89,28000093,64583,6,天道 . 美♠️
6,#2G9U0LGLC,Twen,0xffa8e132,28000349,64459,7,天道 . 美♥️
7,#20JJ8QRUV,ЖуЖа™,0xffffffff,28000336,64434,8,BRAWL STARS
8,#90PU8Q928,✧M𝚊цяo$𝚊d✧,0xffa2e3fe,28000187,64412,9,天道 . 欧♠️
9,#J8RQC90C,kitten,0xffffffff,28000347,64310,10,banana club
10,#GU82JJLY,Nebulæ,0xfff05637,28000345,64170,11,Reforged🔥
11,#2P2VY2U99,Chen,0xffa8e132,28000135,62817,12,In My Mind
12,#22QJQ8RPQ,North🏴‍☠️N,0xffffce89,28000339,62811,13,莫提斯的小屋
13,#9UJQ2L8,εVelpro_Kuroε,0xff1ba5f5,28000045,62810,14,Reforged🔥
14,#P9LVQ8U8,无敌•Howard💫,0xfff9c908,28000306,62334,15,天道 . 欧♥
15,#9CR0RUJQC,Slug,0xffffffff,28000000,61599,16,天道 . 欧♠️
16,#PGR2QQUL0,Mori,0xffff8afb,28000302,61488,17,乱世佳人-盛世
17,#UJG298VV,Tommy+,0xfff05637,28000337,61449,18,一万又一万
18,#Y99QUP0P,mohamadmahdi,0xff1ba5f5,28000017,61418,19,𝐍𝐈𝐆𝐇𝐓ᵐᵃᶠⁱᵃ
19,#L8VPY,BALENCIAGA,0xff1ba5f5,28000096,61404,20,Reforged🔥
20,#9YR0QQQGL,CrazyTuzki,0xffa2e3fe,28000314,61403,21,乱世佳人
21,#8CGRJQR2V,Mr Potato。,0xff1ba5f5,28000234,61341,22,天道 . 欧♦️
22,#P2QGG0Q8,Shao,0xffff8afb,28000163,61183,23,無個性戰隊
23,#9R9YPRC,TIG丨YK,0xffcb5aff,28000335,61076,24,Reforged🔥
24,#UUQUVQGL,Bebe,0xffff9727,28000207,60785,25,Invaders
25,#20G9QLUR,GodFrank ᴷᴿᴵᴹ,0xffcb5aff,28000191,60757,26,Junk & Co
26,#VQQU9GJU,時と黒猫は甘い夢の中で🌑,0xff1ba5f5,28000085,60355,27,anyway🤷🏻‍♂️
27,#2RLY0Q88J,捶爆你的狗头,0xff1ba5f5,28000264,60293,28,乱世佳人
28,#2UC0PURR8,かものはし♪,0xff1ba5f5,28000108,60293,29,✌️✌️✌️
29,#U2PRPLP,OU鸥,0xffffffff,28000341,60266,30,anyway🤷🏻‍♂️
30,#PUU8GLRC2,SK|BOLOFOFOyee,0xffff8afb,28000014,60221,31,
31,#9RP28PPJQ,1van 009,0xfff9c908,28000132,59921,32,
32,#2GV9Q2V29,LiNeRツ︎,0xffffffff,28000038,59898,33,DarkMasters
33,#90UG8G2QP,君丶为红颜坠,0xffff9727,28000014,59723,34,Trick of China
34,#PJ0YRY80P,你厉害，我给你大拇哥👍,0xffffce89,28000328,59637,35,SpicyTunaRoll
35,#2JQC8QULP,TechnobladeQQ,0xff4ddba2,28000141,59526,36,❦大毛❦和❧大宝❧的家
36,#2JJYJ0GQ9,Nol T🩵,0xffffce89,28000322,59403,37,🦠🦠🦠
37,#2VURL2GQJ,DSG丨fbi franco,0xfff9c908,28000109,59240,38,天道 . 欧♠️
38,#LC2RVUYV,Jani,0xff1ba5f5,28000288,58990,39,Team Jani
39,#LG222RRL,上海OP|禁锢声波🐹,0xffff9727,28000225,58894,40,柯莱特の幻想书店
40,#20RLUGCJR,✨小梨花🌸,0xffff8afb,28000314,58872,41,会开花的🌵女孩
41,#922P9UY8G,Sayonara 🃏,0xffffffff,28000184,58818,42,🔴DREAM TEAM🔴
42,#82JCGCV0P,투원아빠,0xfff05637,28000175,58793,43,똥 퇴치단
43,#9VP0JU2R2,ayuメ,0xffffce89,28000220,58576,44,Demise 🥀
44,#2LU2QL2C9,凯|Leo 🥀,0xff1ba5f5,28000170,58369,45,The Strongest🔥
45,#UJCL2PV8,🥷Felixxx🥷,0xfff9775d,28000253,58309,46,
46,#89U928Q89,TS|微笑的傻福星🎀™,0xffff8afb,28000220,58270,47,
47,#22VJPCVQY,fyckboi,0xffff8afb,28000328,58154,48,Vikings VI
48,#929YQ9UUL,Bad Internet,0xfff9c908,28000139,58116,49,SpicyTunaRoll
49,#YY9CQCJ9V,💚youyu💚,0xff4ddba2,28000338,58116,50,乱世佳人-盛世
50,#2Y8009CGP,Geniussh,0xffa8e132,28000101,58085,51,乱世佳人
51,#VJVYGVC9,BSZ | ⚡FLASH⚡,0xff1ba5f5,28000202,57957,52,Mecha Team
52,#P98P2098C,以德服人,0xfff05637,28000291,57726,53,天道 . 欧♠️
53,#YVC0GU9LJ,kkx,0xff4ddba2,28000285,57614,54,椰羊
54,#2Y00VY02C,_NøxTy_,0xfff9775d,28000347,57464,55,16-14|Esport🏓
55,#892PLY0Y,⚡Luͥcaͣsͫ1019⚡,0xff1ba5f5,28000350,57420,56,天道 . 欧♦️
56,#20U990JRC,Toc梅菜crow,0xffcb5aff,28000230,57319,57,天道 . 欧♦️
57,#2JCG9Q8RG,残火太刀南•火火十萬億死大葬陣,0xff4ddba2,28000291,57280,58,天道 . 美♠️
58,#880YVQGU,『𝓛𝓸𝓾𝓲𝓼𑁍』,0xffff8afb,28000321,57279,59,The Hideout
59,#P8R9GPQQG,耀|FENG,0xff1ba5f5,28000187,57213,60,I goat🐐
60,#2UGJ2GRJ0,faiz,0xfff05637,28000224,57036,61,路人站队
61,#82V8CJ0V0,Brawler,0xffffffff,28000000,56908,62,SpicyTunaRoll
62,#LLQGVGL82,𝐋𝐞𝐨⚡︎snypex,0xffff8afb,28000138,56717,63,DèãdMøn😈
63,#2CUGUV0QV,SIV|Tornado🌪,0xffffffff,28000265,56675,64,
64,#2QYL00QU2,🎋K@!⚽️,0xffffffff,28000333,56655,65,
65,#PCPRCVC9P,𝔎𝔢𝔯𝔯,0xffffce89,28000094,56630,66,High Ping 😵‍💫
66,#9PJYRLQ9,Lᴏɴᴇʟʏ❦,0xfff05637,28000125,56609,67,Pizzighettone
67,#2820UUYCR,hūgøu♪*゜,0xffa2e3fe,28000182,56546,68,
68,#298GPRU82,King、凉城,0xffa2e3fe,28000227,56157,69,Empire Assassin
69,#PLVGLUGU0,STIKATOR,0xffcb5aff,28000114,56131,70,You can 🏆
70,#90UG08PRL,......,0xffa2e3fe,28000264,56037,71,天道 . 欧♠️
71,#8LGLLCG9,Toc 柯,0xffa2e3fe,28000305,55900,72,天道 . 欧♥
72,#LGQYVRL,MR•V🤡🪞,0xffff9727,28000018,55853,73,
73,#280GUJCCC,Ocean Blvd,0xff4ddba2,28000021,55782,74,从零开始的养老生活
74,#9CJVGYPJ9,ITACHI,0xffcb5aff,28000247,55752,75,Sage
75,#PPUVJQJL2,嘿！小哥哥,0xfff9c908,28000139,55685,76,The Crushers
76,#2UGVYUL8Y,小皮弟,0xffffffff,28000000,55660,77,乱世佳人
77,#8GVPQ0GV0,Martin,0xfff05637,28000006,55626,78,咸鱼
78,#2GU22C2GY,打打小朋友,0xffff8afb,28000341,55561,79,一万又一万
79,#P08CJV9CY,兜兜里有糖,0xfff05637,28000242,55539,80,天道 . 亚♠️
80,#9RRUR8CL,断线风筝,0xffcb5aff,28000267,55475,81,乱世佳人
81,#80QL9QCG8,“Y”,0xffff9727,28000284,55467,82,小村和托尔的战队！
82,#98989U0UC,☄︎嫦娥よ、見ましたか？🌙,0xfff05637,28000335,55453,83,柯莱特の幻想书店
83,#L22VV928V,Nakano Yuyi,0xff1ba5f5,28000259,55411,84,
84,#LG9PRPU0,🐣Gₑᵣₚᵢgₐₘₑᵣ🐣,0xff4ddba2,28000302,55403,85,We love play💙
85,#YQ9CVL2PL,心碎,0xffcb5aff,28000275,55194,86,天道 . 欧♥
86,#8PPRUQYJ2,RenShuaiJBLei,0xffa2e3fe,28000139,55099,87,天道 . 欧♠️
87,#8QU2UYPP,mouffettesniper,0xfff9775d,28000207,55029,88,Fire❤️‍🔥Brawl
88,#GPQYV8VP,KING FLASH,0xfff9c908,28000122,55020,89,Chucky
89,#9Y9JQUJYV,juicy❤️‍🔥sima,0xffffffff,28000284,55003,90,люблю соню
90,#CCLQ0YY2,⛩|IceHowi64🎋,0xffcb5aff,28000349,54933,91,御之风Royal wind
91,#9RPJJR9Q2,Tribe|Jia Qi,0xff4ddba2,28000016,54915,92,Liquid Diamond
92,#92GLRRLUG,橘子冰🍨,0xff1ba5f5,28000292,54897,93,QLS| BARBONI
93,#2JPQPU8RG,乂BʀᴏᴋᴇɴFʟᴇxɪ💔,0xffcb5aff,28000096,54889,94,LA Spain
94,#9QRJV2V0G,点点,0xff1ba5f5,28000019,54886,95,会开花的🌵女孩
95,#2Q2LYLRGV,☠️HAO☠️,0xffcb5aff,28000064,54792,96,Bicicleta
96,#9RQ2PRYQP,ベッカム,0xff1ba5f5,28000223,54750,97,はなかもめ
97,#90YYJPY22,WG|Jackw💫🌈,0xffff9727,28000328,54724,98,白给战队
98,#8U92Q8RUL,Legend🌊SŪBHÃ,0xffa2e3fe,28000243,54584,99,Hexlone III
99,#2VG8QGRVV,SiCaRi0❤️,0xffff8afb,28000348,54525,100,Real Warriors
100,#9Y8QL8YG,荻原 纱优,0xff1ba5f5,28000263,54502,101,Trilokos
101,#98C829Y8,ЛЕДЯНОЙ МАРКЕР,0xff1ba5f5,28000259,54471,102,<c1>Oriole°</c>
102,#P0UL2YC2,czh,0xffffffff,28000098,54443,103,天道 . 亚♠️
103,#2RLQUY89,追光者,0xff1ba5f5,28000139,54234,104,天道 . 欧♠️
104,#9JRC98GLV,FB|Deniz,0xfff05637,28000098,54159,105,TR EFENDİLER
105,#80CRPPRQG,⚠️MH|ZERO⚠️,0xffffce89,28000242,54151,106,Marvel•Avengers
106,#PGCGGPR0G,😈💔SA{Y}REX😈,0xffa2e3fe,28000330,54106,107,5 к кубков
107,#LLYPLPYPG,zero two❤️,0xffcb5aff,28000201,54075,108,Play MiMi
108,#LPYUJJQ8L,IMayyQu❦,0xff1ba5f5,28000139,54022,109,Fatality
109,#8QVLUG2VL,LOL PRO,0xffa8e132,28000084,53871,110,Burma Brawlers
110,#2UJ0YYC99,Jonathan,0xff1ba5f5,28000119,53654,111,brawl goods👑
111,#8L89QPGR0,𝓜𝓪𝓽𝓿𝓲𝓲,0xff1ba5f5,28000019,53615,112,Rickroll.
112,#8998Y9C9,温柔,0xfff9775d,28000156,53600,113,天道 . 美♥️
113,#2U0CV99G,♠『☆ QiQi☆』♥,0xff1ba5f5,28000108,53554,114,LA Tikal
114,#2QQRC2QC,✨𝓣𝓸𝓭𝓭❄️华南仙尊,0xffcb5aff,28000352,53545,115,莫提斯的小屋
115,#P9Y28GYUP,Banana2011,0xffff8afb,28000223,53543,116,Yellow Flame
116,#2PJUL0VP,klop,0xffcb5aff,28000330,53493,117,Tayron team
117,#8PG2LVUG,XoAsh,0xff4ddba2,28000278,53480,118,Ultra hero
118,#9CVC08G82,Ericzuofrpro,0xffcb5aff,28000310,53437,119,FUT ESPORTS
119,#20PJ2QJR8,настя,0xffff8afb,28000263,53403,120,
120,#L8YJVQVY8,ZH David,0xff1ba5f5,28000259,53382,121,Brawl Imperium3
121,#UGQV0R,Lciop,0xffcb5aff,28000308,53333,122,Der Orden
122,#2LJ0RVPJP,⛩️|Azm69🐉,0xfff9c908,28000221,53331,123,乱世佳人-盛世
123,#2RPCP082C,boom shakalaka,0xffffffff,28000024,53329,124,
124,#20V2U2980,dengeki,0xffa8e132,28000352,53308,125,天道 . 欧♠️
125,#YY0QGP0,同花打得过FullHouse,0xfff9775d,28000198,53300,126,小哥哥，对准了射！
126,#89290U,kiki,0xffa2e3fe,28000141,53222,127,乱世佳人-创世
127,#89GPPV9Q,孤冷|E•N•L•E•Y,0xffffffff,28000254,53220,128,天道 . 欧♠️
128,#2Y9Q8Q999,LL|🐺ɖɠცཞᵍᵒᵈ🔥,0xffffce89,28000260,53206,129,LA Stars
129,#2GCCLQYGC,Nicolas,0xffa8e132,28000207,53196,130,THE WT YT ARMY
130,#YC0GRUQ0J,❤️‍🔥🥬❤️‍🔥,0xff4ddba2,28000139,53191,131,天道 . 美♠️
131,#2UJYYUJJP,Me:🤥YrFang:💩,0xffa8e132,28000349,53174,132,替爱几
132,#2YVPJ8CYJ,Iceberg Lettuce,0xff1ba5f5,28000193,53154,133,天朝禁卫军
133,#RCRYLLU,吉吉国王是极霸猫,0xffff9727,28000292,53132,134,闪电之光
134,#2CLJQGV8Y,Cødeinoslavv🍸,0xfff9c908,28000219,53122,135,
135,#2VRRU9Q8J,snIkes💘デーモン🧸,0xffcb5aff,28000175,52964,136,⭐Star Academy⭐
136,#8GRQYPRJ8,I'm not Mak$,0xffa2e3fe,28000295,52913,137,Uno Esports
137,#2Q0RJ8VCC,𝓃ℯ𝓀ℴ𝒻𝒻🌨️,0xffcb5aff,28000029,52907,138,
138,#UV0QQJCL,PaiN|Yahiko,0xffff8afb,28000280,52901,139,GTG|Fluorescent
139,#VQG28JC9,Lil Who,0xffffffff,28000318,52890,140,乱世佳人
140,#PYQ2R92QY,SuiFeng,0xff1ba5f5,28000041,52875,141,椰羊
141,#UJG08QVR,桜🌸Róse♡,0xffffffff,28000139,52780,142,柯莱特の幻想书店
142,#2Y8PP02GV,TOC 胡嘉文,0xff1ba5f5,28000292,52751,143,Trick of China
143,#8PJL2PVLV,NeMo_W1zarD,0xffa2e3fe,28000294,52738,144,Потные Мужики
144,#UYR0RRRL,JohnTan2,0xffff9727,28000348,52725,145,乱世佳人
145,#U8JQVV0P,骑猪总裁•打怪兽,0xffcb5aff,28000352,52669,146,天道 . 欧♥
146,#2928GRC8J,С_Е_Р_Г_О,0xffa8e132,28000129,52655,147,
147,#89LQVJJG,ＶＥ|ＴｏｘｉｃＩｎｖａｄｅｒ,0xfff9c908,28000294,52624,148,Mônt D’Or
148,#80QL8J89Q,LAG,0xfff05637,28000247,52594,149,Team MD X Envy
149,#29R90LYGV,MiX - MaxiM's,0xffcb5aff,28000294,52581,150,Trick of China
150,#P9G0LC0YR,进步|StRaNGE🐥,0xffa2e3fe,28000299,52533,151,Night Stars
151,#YJLU9RVQG,EmirBJK,0xffffffff,28000305,52512,152,SADNES🥀
152,#CQ8UU9Q,M.盆辰,0xffa2e3fe,28000335,52498,153,天道 . 亚♠️
153,#8QYRYVLP9,Radg,0xffa8e132,28000261,52492,154,Scarlet Agony🔥
154,#9PP0VCPP2,HTJN|誠❄,0xffff9727,28000139,52466,155,難民收容所
155,#88LQV9PG9,renegade,0xfff05637,28000037,52463,156,清风雅阁
156,#LVLGCV9P,SЕ|sitelzz💘,0xffffffff,28000173,52447,157,
157,#9999CYGVG,♣️♠️LIga STar⭐,0xffcb5aff,28000346,52429,158,SnowStorm
158,#YQYVGJPV,水母,0xff1ba5f5,28000156,52413,159,水母の奇妙海洋馆
159,#9CCRP0QLL,mrust,0xffcb5aff,28000221,52408,160,バナナ
160,#CG2CV9YV,Murti,0xffffffff,28000156,52407,161,天道 . 美♠️
161,#VQUL9PV0,player01,0xffffffff,28000335,52394,162,QUIT
162,#9V2QCQRJV,GX XIANG,0xff1ba5f5,28000301,52366,163,LewissHouse
163,#PU9GQLY9,bilibili丨翱翔的小辣椒,0xff1ba5f5,28000304,52344,164,天道 . 亚♠️
164,#PP8VGCPUP,冰银 地狱火,0xffffffff,28000352,52341,165,会开花的🌵女孩
165,#L90C8P2V,ГАШЕН|SHEESH,0xfff05637,28000045,52298,166,ZEUS YT
166,#99L28L89Y,🥞◇Chørįpåŋ◇🥞,0xff1ba5f5,28000280,52268,167,dragon force x
167,#2LP9R2V8R,𝖂𝖚,0xff4ddba2,28000303,52268,168,一万又一万
168,#VLC82RU8,roses_are_rosie,0xffcb5aff,28000228,52166,169,Team Dai
169,#QV20GUU,VS | iAkame. ツ,0xffa2e3fe,28000123,52162,170,The nirvana💀
170,#2GYRUPYQU,Davide,0xffa8e132,28000140,52161,171,Cats
171,#8RPQPQC2,大MJ,0xff1ba5f5,28000308,52099,172,天道 . 欧♠️
172,#VLQ8JPR8,kindon,0xffa8e132,28000352,52093,173,雨巷✨
173,#2PLJPJ2JC,токсинка,0xffffffff,28000348,52092,174,GreenGo
174,#Y9RRQ80J9,Ooooya,0xffcb5aff,28000297,52088,175,Harrow Utd
175,#289PCJJP,Maecenas,0xff4ddba2,28000163,52049,176,柯莱特の幻想书店
176,#2CYRGR0QV,😴Rz_lollo_23😴,0xff4ddba2,28000253,52027,177,天道 . 欧♥
177,#929QUJ8PC,ST |♛剑仙★═━─,0xffa8e132,28000253,52020,178,suenset®
178,#J88UCQVR,Zenon,0xff1ba5f5,28000349,51996,179,林中小屋
179,#J9Y9C02,CNM|506 Edgar,0xffcb5aff,28000058,51965,180,
180,#P22JURVLG,Toxic ツ,0xff1ba5f5,28000349,51851,181,CROWS'n'CROWNS
181,#8YLG00R89,小水枪滋你,0xff1ba5f5,28000347,51804,182,Nova China
182,#2UJCP0QYU,Ворон,0xffff9727,28000163,51803,183,柯莱特の幻想书店
183,#9PRU0YUGV,班诺,0xfff05637,28000349,51760,184,乱世佳人-创世
184,#YVLU0UCGC,❤️YURI IS LIFE❤,0xffcb5aff,28000349,51746,185,ARHAM Boys
185,#GJ0Q002Y,¿kingZ,0xffffce89,28000207,51744,186,🇩🇪LEGENDS #3
186,#LLQ0U8PR,PLS☆PrePan,0xfff9c908,28000292,51735,187,Team Polaris
187,#PL088LGV8,亚洲酷小孩💥🥊,0xffcb5aff,28000332,51702,188,叔叔們
188,#89R9YGUQV,xiaobeige,0xffff9727,28000070,51693,189,
189,#9P9R2GR0,冷面魔男,0xff1ba5f5,28000054,51651,190,天道 . 欧♣️
190,#902QV9JG,QAR|ng™,0xff4ddba2,28000250,51650,191,
191,#82PRCPCV9,初音ミク,0xff4ddba2,28000221,51633,192,乱世佳人
192,#2YV0V9PP8,TKE|振翅高飞,0xff1ba5f5,28000222,51626,193,乱世佳人-创世
193,#2PJCVQYP0,PEDRO,0xfff9c908,28000335,51621,194,
194,#RQY99Y9J,Killerman|キラーマン,0xffff9727,28000305,51608,195,Uranus
195,#PP8QPG0QY,P.E.K.K.A也还是超人,0xffa2e3fe,28000139,51601,196,天道 . 欧♣️
196,#8R28CGP0P,著| 𝕸𝖈❦,0xffffffff,28000000,51574,197,🇩🇪LEGENDS #2
197,#RCRJQG2C,GreenTea,0xffa8e132,28000114,51569,198,High Ping 😵‍💫
198,#YCLVGGYJG,ямате куда сай,0xfff9c908,28000130,51543,199,I Feel Like God
199,#LUJCGUCLG,🌟💫虎牙|殇-栖梦❄️💧,0xffff8afb,28000018,51527,200,High Ping 😵‍💫
