,tag,name,nameColor,icon,trophies,rank,club
0,#9CYCC08QQ,⚡️Sodͥαgͣoͫd⚡️,0xffffffff,28000336,56585,1,Cactus Bandits
1,#CVJRLP0,cookie,0xffa2e3fe,28000347,55382,2,Idle Reborn
2,#YPCCQLLQ9,Satoshi,0xff1ba5f5,28000348,54854,3,Nub Squad
3,#L9JL8GCQ,не кто не,0xffcb5aff,28000305,54591,4,призраки
4,#2890G0L98,🧪Toxic|Jason🧪,0xffffffff,28000000,54507,5,Galaxy Boys
5,#8UCVLQ0RG,I Love Lotti,0xff1ba5f5,28000221,53008,6,Team Knuffi
6,#8UL89YCJL,怒りastezy💞,0xffffffff,28000139,52437,7,
7,#8UUQUJ29Q,cassador de nad,0xfff05637,28000317,51686,8,Good Game™️
8,#P9892QPU,✅LorDFeeD✅,0xffcb5aff,28000129,51253,9,Legendary Elite
9,#YVCLVUV8C,||S_CrOw||,0xffffffff,28000024,51023,10,The Galaxy
10,#GJ0090U,夏|ѕͥʜαͣяͫᴋ⛈️ˢᵃᵈ,0xff4ddba2,28000140,51012,11,⛩️T.S.E|Teamシ︎
11,#2JV88P0P,🇧🇾tara🇷🇺,0xffff8afb,28000314,50375,12,Russia
12,#28YVCVPY8,Vovchok 🦇🦆🦈,0xffa2e3fe,28000023,50023,13,true?🇺🇦(2.0)
13,#2CV0J8G8R,🐍|shadow snake,0xff4ddba2,28000156,50001,14,GalaxyStar🌟
14,#8GGRGPJ8L,ᵒᵖSwezy🐣,0xff1ba5f5,28000018,47524,15,Mezarcı TR
15,#209LGPUGG,AronBrawls,0xffcb5aff,28000207,47116,16,Rnp
16,#PYLUVRP8V,dream|meins🤍,0xffcb5aff,28000330,46947,17,Mystery Killers
17,#YQPYR9GYP,HURU,0xffa2e3fe,28000167,46922,18,HURU
18,#228C0PYUP,RPG Deluxe 2,0xffffce89,28000227,46819,19,Star Fire 🔥
19,#9Q8CRYYQY,leo-38670,0xff1ba5f5,28000149,46808,20,Nw 💤💤
20,#2UPRC0YU9,🥇WINNER🥇,0xfff9775d,28000073,46457,21,Perfectibilist
21,#8ULUGGPUG,Zaire,0xff4ddba2,28000297,46376,22,La Cúspide🏔️
22,#JG2RQRUJ,Mr.Holon,0xfff9c908,28000132,45576,23,
23,#RVGLCR82,GXMARCOVALENSIS,0xff1ba5f5,28000170,45501,24,LA GELATERIA 🍨
24,#9L0PUYG2Q,IBBE,0xff1ba5f5,28000042,45223,25,Die Adler
25,#YJGVUPY9R,tomar753,0xfff9c908,28000175,45215,26,TheSurvivalGods
26,#YPRLYJ0J,Bot 7,0xffcb5aff,28000300,45102,27,Leche69
27,#8U08V0JC,mitinhø:),0xfff9c908,28000267,44826,28,LOS MITOS ENOIS
28,#PGLLRVPYG,Youtuber Miłosz,0xffa2e3fe,28000180,44738,29,PL|SELECTION
29,#8U988QRRC,PEĿMEŚĶÁ,0xffff9727,28000335,44583,30,
30,#P82Q0C208,B12|Tiago🇵🇹,0xffffce89,28000332,44406,31,B12|RZN91
31,#2UJ2R8L0C,L∅Ryʕ⁠·⁠ᴥ⁠·⁠ʔ,0xffcb5aff,28000095,44232,32,ASTRON Taurus
32,#PJ8GRQV0J,지니압바,0xffa2e3fe,28000184,44132,33,KOREA
33,#PJQGY920U,rtyw,0xff1ba5f5,28000349,44120,34,Liner🐲
34,#8VY0YJLPR,NE|Andrei s,0xffcb5aff,28000335,43823,35,SmokeOfEngland
35,#9L2GL8JYC,The Wortex,0xffcb5aff,28000040,43608,36,WorTex|ERA
36,#8CL2LCUUJ,la frite,0xffa2e3fe,28000129,43440,37,WWW
37,#RPC2VQ82,韋一笑,0xffa2e3fe,28000225,43114,38,荒野行動
38,#8PLPG099J,DASH,0xffff9727,28000184,42794,39,☝️братья☝️💪😠
39,#YQU0CPJYY,[LP] Star Wars,0xffff9727,28000139,42661,40,ChehTaPasLéon
40,#9GGGQY29V,🥀|RoxyXeno|⛩️,0xfff05637,28000219,42576,41,THE UNION
41,#9VJGQYP8,qwerty,0xfff9c908,28000258,42509,42,Liner🐲
42,#8L9G99CJR,🖤bandit🖤,0xffffffff,28000221,42504,43,LEGENDS
43,#2G8G02CG2,#T#,0xffa2e3fe,28000335,42325,44,Die|Gang
44,#2CURCURGL,"""TsK""MuStİ""",0xff1ba5f5,28000207,42240,45,BELARUS 2.0
45,#2U0V8JYJY,Illka,0xffcb5aff,28000297,41914,46,pupsik
46,#29CJGVP82,C| Brownie,0xffff8afb,28000139,41869,47,제로베이스
47,#990RY8JY0,NieŚmieszek,0xffa2e3fe,28000165,41330,48,MiotaczeQ1
48,#2UUGPJL08,Jaime🤩,0xfff05637,28000273,41122,49,Toxic Viseon👁️
49,#PLC892VUG,BD|Cube👾,0xffffce89,28000229,40907,50,Krek
50,#RL9G8RJL,讓你|Gløckグン,0xff1ba5f5,28000168,40778,51,🍉❤🍉
51,#8J88RQYL0,pro. jakov,0xfff9c908,28000008,40752,52,<c5>愛|3𝒱3❦</c>
52,#8JJVYPLLR,SUPERstar,0xffcb5aff,28000156,40598,53,KawaiiPancake
53,#892P8CJ80,💎Leonnarium🔥,0xfff9c908,28000333,40570,54,RussiKon
54,#2JJYL8YJ2,rems,0xffff9727,28000332,40535,55,Les inactifs
55,#J8UJY20L,Ángel,0xff4ddba2,28000014,40383,56,
56,#9GPJGGRR,eberøFF,0xfff9c908,28000272,40136,57,ExATorY_
57,#PYYQCL2Q9,PL | SandyShop,0xffcb5aff,28000132,40100,58,PL Club
58,#P9CGY28PY,nolandagoat,0xfff05637,28000091,40017,59,World Brawlers
59,#9PJ9RR9J0,MR. ADRI_09,0xfff9c908,28000104,40004,60,penervet
60,#8JPC9CVQ0,⚔️𝓰Ꮭͥ卂ͫͣ𐌳ıℴ⚔️,0xffa8e132,28000305,40000,61,Deutsch
61,#92QRVJV09,maxcam,0xffcb5aff,28000328,39858,62,MANDY'S CANDY
62,#8UP89PP8V,Ворон,0xff4ddba2,28000170,39755,63,Holy
63,#PLRRQLRPR,♡|likonxp 🪐,0xffcb5aff,28000054,39619,64,8A za Amarafa🍌
64,#YCRG9JY80,∆RIcØ™✓,0xfff9c908,28000337,39544,65,döner=lecker
65,#9RQY0JRQ2,Coco,0xfff9c908,28000260,39536,66,austria pros
66,#2VGR2LG9P,|❄️IceMortis❄️ツ,0xff1ba5f5,28000280,39463,67,mortis team
67,#QQG0Q9RG,[LP]bletrok🤬,0xffa2e3fe,28000167,39379,68,A Very Good Men
68,#89L8CLRQ9,ACL_Neox,0xffcb5aff,28000352,39338,69,les cobra
69,#RGU29CLV,osmogconstament,0xfff9c908,28000033,39317,70,Zinga
70,#929VCPCG9,БратЦыган2,0xff1ba5f5,28000009,39293,71,Gachi Muchi
71,#YU0Q0QVY,Bot 1,0xffcb5aff,28000280,39186,72,berg son
72,#8RPGPP0LV,Brawler,0xffcb5aff,28000164,39111,73,BORREX
73,#9LY22ULC9,NaVi | l1ss_45,0xffff8afb,28000228,38993,74,
74,#QPUUGC82,GXfabrixd07,0xffffffff,28000023,38967,75,InTheLight
75,#2P9PC9QC9,Top Legendary,0xffff9727,28000180,38855,76,Nita's Club
76,#UV98CLRQ,J3Sc0I2,0xff1ba5f5,28000333,38782,77,
77,#290G929YV,Baziqiao,0xff1ba5f5,28000263,38718,78,~Géminis|Yang~
78,#LCJ2V02JQ,THE NEPTOON,0xffa2e3fe,28000175,38683,79,Mythic Death
79,#P80P00RCR,bobas xd 99,0xff4ddba2,28000207,38656,80,WrzućNaLuz
80,#PPJCR92Q9,*TR-T!T4N*,0xffcb5aff,28000336,38615,81,ChozeN
81,#8GJQUVRG2,natpop74,0xffff9727,28000341,38432,82,Legends-Esports
82,#92GUVLLYQ,doshyy? ニャー,0xffffffff,28000004,38424,83,хаунтед маунд
83,#82YQQVVQR,il pro,0xfff05637,28000090,38316,84,Ivittoriosi €
84,#P28RCQQ29,viv,0xffff8afb,28000175,38153,85,
85,#2GYR9V0QU,🏴‍☠️pirat,0xff1ba5f5,28000305,38150,86,mareczkomania
86,#2Q8R90Y9L,Big多คdω☢Ӏf,0xfff05637,28000273,38119,87,Gold Arm Gang
87,#Y9PJP9PLG,♡|Damir4ik|♡,0xffa2e3fe,28000175,38029,88,L.A.T.V.I.A
88,#2J998JVGQ,Voldemort,0xffa2e3fe,28000261,38017,89,🔥DangerZone🔥
89,#LLGP29RQ8,Kualo Bibi,0xffcb5aff,28000310,37988,90,Big kokos ⛱club
90,#2PVC8R9PC,[AU]KROSSowok,0xff4ddba2,28000021,37973,91,$$$
91,#PQ0Y029U,join BOSIK :),0xff1ba5f5,28000095,37959,92,BOSIK :)
92,#8P9UQG0JC,BD | Dzøn❤️‍🔥,0xffffffff,28000020,37745,93,
93,#98UVY0PPU,skiller,0xffff9727,28000170,37736,94,Blue Bisons BS
94,#8VVYQ9VR,QWERT,0xffcb5aff,28000132,37507,95,Strit Cit|UA
95,#90QUQ0GPG,Герман,0xffa2e3fe,28000222,37449,96,🔥Fluffy Team🔥
96,#8Y99L80QP,dada mito,0xffcb5aff,28000310,37427,97,fino senhores
97,#2URLVVUPR,#PRO×JÁNÓ,0xff1ba5f5,28000290,37422,98,⚔Valhalla♥️
98,#2GY8CU9QV,𝕀𝕂|𝒹ℯᵍᵒᵃᵗ😐,0xfff9c908,28000018,37370,99,mary jane
99,#2RVR0JU0G,†|Ꭿɭɭįşƥђįŗҳҳ🤍,0xfff05637,28000305,37359,100,Adekvatni Klub⚰
100,#C0LRRVYV,Читер,0xffa2e3fe,28000023,37288,101,
101,#CG9YYV0V,d1str1,0xffa2e3fe,28000019,37142,102,prosti ytochki
102,#8RYJ2RV0U,cuz do narelzin,0xfff9775d,28000035,37052,103,ABUS ABU
103,#2RLY8PL2Y,Максик💖💓💕💗,0xff1ba5f5,28000196,36895,104,UselessHunter🦅
104,#PGL820CY9,FoRtpq,0xfff9775d,28000221,36884,105,Polish Empire
105,#8UPJYPLRY,tayoko🐣,0xfff9c908,28000221,36856,106,Organization X
106,#9LGYPYUC2,SX|AnDrE4,0xfff05637,28000335,36782,107,QR|ITALY
107,#8P0YRC2G2,Gakichi™,0xffcb5aff,28000305,36737,108,German_Oldstars
108,#2CPL0288,rafael 2000,0xffffffff,28000294,36719,109,V7 academy
109,#28QR2JP80,[ICE]KoTiK,0xfff9775d,28000055,36709,110,Свинтус придет
110,#2RPJUCP20,RAIDER,0xfff9c908,28000272,36707,111,
111,#RQ902VRR,Frozsty,0xffff9727,28000225,36685,112,
112,#YL0R82YGP,блет про 2000,0xffcb5aff,28000019,36658,113,
113,#Y0RUUYUV9,JOHAN,0xfff05637,28000277,36595,114,
114,#2Y08QRY0P,aitorete,0xff1ba5f5,28000170,36595,115,Hidan YT 🇪🇦
115,#YVVPJ22,Sith Lord,0xff1ba5f5,28000173,36541,116,W & E Elite
116,#2CLR208JJ,Dawid und so,0xffcb5aff,28000305,36501,117,BRG|GAMING
117,#YR90LL028,wiwalita,0xff4ddba2,28000021,36476,118,E2 Yoshi
118,#89PGU8PY0,ᴇғ | ᴘɪᴘᴇʀʰᵃᵖᵖʸ,0xff1ba5f5,28000077,36355,119,LosAntisociales
119,#22YY8R8VJ,「Ꭰest๖ۣۜℜ๏ye๖ۣۜ,0xfff9c908,28000335,36323,120,Albanian people
120,#90QYL2J90,ʕ⁎̯͡⁎ʔ༄ ＲＵＢＥＮ,0xffffffff,28000185,36308,121,<c0>Shadow</c>
121,#PQ899PU8Y,€M¡L¡AN0|15,0xff4ddba2,28000017,36223,122,Los Catsitos 🐱
122,#2Q8VVYRQP,CaptainSky,0xff1ba5f5,28000255,36195,123,블랙로얄
123,#82VVGYUCQ,mamuska,0xff4ddba2,28000140,36182,124,BS Demons
124,#G08U2R8,Boss,0xffff9727,28000272,36094,125,TheBestWay💯💥
125,#92GR0QGRR,~{🦊BENJI🦊}~,0xffa2e3fe,28000084,36057,126,проолдпроолдгтг
126,#8L8JC98Q9,Clown,0xffff9727,28000183,36053,127,Good game!!!😁
127,#90GPLQJGP,pos5 Ghoul,0xffcb5aff,28000014,36032,128,
128,#28Y2YCJ0V,phαrα0n<=,0xfff05637,28000132,36032,129,KRVi
129,#2VQ2V9RY,EdDiE,0xffa2e3fe,28000295,35884,130,BroliaiLT
130,#82J90RR0Q,[БЛЕТ] Спартак,0xffa2e3fe,28000023,35832,131,<c7>Gym</c>Club
131,#R2JJGG20,Cycloneシ︎,0xffffffff,28000169,35825,132,
132,#2C8R2888U,[LP]Animeshnik,0xffcb5aff,28000271,35722,133,дати ×уй
133,#8QCGC98QY,kura,0xfff05637,28000348,35696,134,
134,#8VV008GVJ,Turbinado Clash,0xff4ddba2,28000341,35648,135,TCP BR
135,#8QP09YUJL,димон коровкаTV,0xfff9c908,28000023,35589,136,Клуб:  #2CQL0YCRY
136,#8UPP08080,XxdaminxX,0xff1ba5f5,28000305,35556,137,💞push|Brawl💞
137,#2CV289C8,Kikes,0xff1ba5f5,28000258,35545,138,VETERANS GAMING
138,#9Q2RGGG0C,ЧИТЕР777,0xffa2e3fe,28000347,35484,139,Bizimkiler
139,#2LG2LVUG,QLS|Sami❄️,0xfff9c908,28000170,35465,140,0815|Olympus
140,#8LVL9CPLV,×keero×,0xffcb5aff,28000288,35428,141,STRIKE FIRST.
141,#9UGV0J2UU,Ярослав,0xfff9c908,28000086,35425,142,
142,#P8YRUG92J,Řømą,0xffff9727,28000132,35374,143,love😍karna.val
143,#90UQYLVL9,LP|PRO100VALERA,0xffff8afb,28000024,35366,144,Белые волки
144,#PYG9U929U,ыыыыы,0xffffffff,28000023,35353,145,Богатыри
145,#2PQP0G9VC,🌵lolo24🤖,0xff4ddba2,28000254,35290,146,Besto Friendo
146,#9LRCPPY9U,Leon,0xffffffff,28000132,35287,147,банда кроу
147,#8CVCGPG8C,qodzy,0xff1ba5f5,28000048,35285,148,Ocean Magma
148,#P0VG9GLPQ,арт(МЕГА БОГ),0xffa2e3fe,28000175,35263,149,Z РОССИЯ V 🇷🇺
149,#P8QQ2PJJ8,[GX] В.А.В.А.Н,0xffcb5aff,28000038,35256,150,DeadDrop
150,#PPLR9JLU9,dc2706,0xffa2e3fe,28000330,35177,151,БоТик
151,#8V0RC2RL2,Боец,0xffa2e3fe,28000147,35171,152,
152,#9RJ89JJU,⭕|ꝃꙙꝃꙙᵴӊו 我,0xffcb5aff,28000020,35076,153,les albiz
153,#P8U0RJLUY,IWANTLEGENDARY,0xffa2e3fe,28000265,35046,154,De mocro's
154,#9CV9JQYPL,Roy the Boy,0xffa2e3fe,28000129,35037,155,Gods of alltime
155,#9YC2RCQ2L,0G|💔Ap0rt1cK💔,0xffff9727,28000170,35022,156,boom
156,#LPCRUVYV,CatGameStar,0xffffffff,28000231,35002,157,Brötchen
157,#2V2YC9V89,🎵|𝙲𝚑𝚊𝚖𝚙ᵗᵗ,0xfff05637,28000179,34967,158,pupsclub
158,#9UCRCCJ8Y,DANIEL EL PRO,0xfff9c908,28000349,34967,159,LOS PIBES F2P
159,#8R8CJP88,Wertu182,0xff4ddba2,28000217,34958,160,
160,#PLYG22QCQ,Dareneem,0xffcb5aff,28000348,34860,161,
161,#9LCGVQGYR,A power,0xffcb5aff,28000310,34826,162,
162,#2Y8LG2C98,Jojo,0xffa2e3fe,28000273,34822,163,Die Töptis
163,#YUP299L9V,⛩|Rzm64|🎋,0xffa2e3fe,28000172,34817,164,Esparta-NoVa 👑
164,#CRJG922C,Immi;),0xfff9c908,28000221,34765,165,GermanDubs
165,#RUC02YQ2,aarón el pro,0xffcb5aff,28000095,34681,166,Gerolsteiner
166,#2VCL9VR90,§VG |MenDoZa🐉,0xffffce89,28000207,34673,167,S A V A G E
167,#P0RQJQJYC,Louis ᴷᴵᴸᴸ ᵞᴼᵁ,0xff1ba5f5,28000282,34666,168,Froschgesichter
168,#PJG92CYC0,🍂𝕄𝕀𝕊𝕋𝕐シ︎␈,0xffa2e3fe,28000262,34645,169,
169,#8900YPQ0P,janjio_bro_99,0xff4ddba2,28000016,34521,170,Ghost_Hulk🇩🇪
170,#90PL8JC89,Fine,0xffa8e132,28000074,34486,171,
171,#PY2C8LG8L,Rkilia?🖤ナネやミセ,0xff4ddba2,28000246,34465,172,Royal Soul
172,#80L9GUCL,Stilex,0xfff05637,28000305,34462,173,blue<c5>ICE</c>
173,#2JYPQ8Q0J,Volw♕︎,0xff4ddba2,28000136,34441,174,Executioners
174,#2CYUJ9QCC,matto¹⁸,0xff4ddba2,28000064,34361,175,domenicapolenta
175,#999V2UG2,perezico,0xffa2e3fe,28000332,34348,176,high life
176,#2P092CPY,OcolusVision,0xfff05637,28000187,34326,177,labello
177,#8UV9CPC9Y,LM10|Flexy,0xfff05637,28000321,34324,178,SKG
178,#Y0P0RC8Y,༺࿈༼𝒯𝒪ℳ𝒜༽࿈༻,0xfff05637,28000168,34307,179,りーりーりくま
179,#CG0YR9GL,⛩️~ㄥ丹メＲａｄｅｎ~🎋,0xff4ddba2,28000140,34300,180,Carrù Tryhard
180,#VQJG0UL9,GustavoBernardo,0xff1ba5f5,28000002,34244,181,Star Command
181,#90YLLVGUR,Дарвин,0xffa2e3fe,28000330,34242,182,bim
182,#8YQG900JP,오티스초고수 앵코,0xff4ddba2,28000280,34241,183,그래니크루 클럽
183,#89J000CC0,сахабит,0xffffffff,28000060,34233,184,foxiclan
184,#P2UVLLJJ,ADRENALIN,0xffcb5aff,28000207,34232,185,
185,#PLJUC2UQU,Bot bloepke,0xff4ddba2,28000051,34223,186,teletubies
186,#PCCQUGCVQ,حسين الاصطوره,0xffff9727,28000347,34188,187,💚👊KSA👊💚
187,#PRP028P0Y,Carry You❤️‍🩹,0xffff8afb,28000147,34156,188,EAsports|Hakis
188,#89JY988RU,QLS|Drxpz 🥀🎭,0xfff9c908,28000348,34132,189,FC Krabbeln
189,#YCLCR8YC8,Tapok/Gleb🇧🇾,0xffff9727,28000176,34119,190,PARUwCZaKi
190,#9RJ88R9G8,pypsik,0xfff9c908,28000132,34116,191,Банда циганів
191,#2QCPV90YY,[LP]B°gd@n,0xffcb5aff,28000335,34113,192,
192,#2PR0YJ8VG,QLS|♥️xDqpress♥,0xffffffff,28000228,34112,193,Gow-u | MidEast
193,#LQ9CRYUP,remi,0xffff8afb,28000291,34045,194,oj byczku
194,#PL002G2GP,новичок,0xff1ba5f5,28000305,34040,195,|☠️☠️☠️|
195,#2GJ8QR9JY,STR|PrOrA,0xfff05637,28000125,34027,196,макаки2281337
196,#YURU2C2RV,OX EMİR,0xfff9c908,28000132,34021,197,Arkadaşlar🏆
197,#UJ2YPCY,tàba,0xffcb5aff,28000138,34012,198,|AMP|g#ng
198,#22Y0UL09R,Real Striker,0xffff9727,28000064,34008,199,10SecBottlers
199,#8GRUYPYYV,hacker,0xff4ddba2,28000334,33995,200,DarkWork 2
