,tag,name,nameColor,icon,trophies,rank,club
0,#80PC2QJCR,❥Hazzēиs✧,0xff1ba5f5,28000348,79307,1,7 Dwarves
1,#PLQ0PYJVV,THB|Pipe♟️,0xffff8afb,28000262,76556,2,7 Dwarves
2,#GCGYLL0G,ᴵᴬᴹᴷ͢͢͢ⁱʳᵃ,0xffffce89,28000054,75147,3,WOLFMX
3,#PGRRLPL0V,Tomillo🌿,0xfff9c908,28000198,71806,4,7 Dwarves
4,#URV2C0G2,VTR|Lito☀️,0xff1ba5f5,28000179,70362,5,7 Dwarves
5,#922U00J8Y,Čucky🍪,0xff4ddba2,28000259,70358,6,7 Dwarves
6,#YUJJC0U,Sofi <3,0xffff8afb,28000177,68843,7,STMN Esports
7,#CRQRGJ8U,xDavero,0xfff9c908,28000137,68819,8,Funados NA
8,#2228PUVUP,DaddyFlame 🧃,0xff1ba5f5,28000299,68633,9,Havoc Echo
9,#22RJY8PUG,あ|Kitol🦉,0xffcb5aff,28000285,67793,10,Zoológico NA
10,#2J2PGLUY9,NoPainNoGame🖤,0xffa2e3fe,28000200,66094,11,Minecraft PE
11,#2C8P2U228,を•LenaMilizé💜,0xffffce89,28000075,66001,12,withdrawn❤️‍🔥
12,#C2GY0YU,Peter|GG🌴,0xffffce89,28000233,65533,13,WOLFMX
13,#PRY92YQC8,NappingProphet,0xffff8afb,28000225,65391,14,Legion
14,#8JYCG0V8,IB|Allan el pro,0xfff05637,28000272,65298,15,Family Barza
15,#8GUYJVUR2,↯❦Esneider➶↯,0xffffffff,28000156,65003,16,Minecraft PE
16,#G9GVUGV2,BRAYAN,0xffcb5aff,28000125,64679,17,☠KillerMachines
17,#8VCCU0PL2,AndresMaxter2.0,0xff4ddba2,28000297,64284,18,Family Barza
18,#2C8V9RJL8,Phensen,0xffffffff,28000160,64121,19,
19,#P8LPL2CR8,ĄNGÊLᴿᴼᴵᴰYT,0xffcb5aff,28000291,63866,20,A Few Good Guys
20,#9CUP822QP,QLS|VIRUS,0xffa8e132,28000175,63594,21,México Top♡
21,#QLPLUQ8V,♪Steven Mc♪,0xffff8afb,28000262,63381,22,LOS ILUMINATI👁
22,#G9L8828,jean k⚡,0xfff05637,28000294,63375,23,My Little Pony
23,#80CVRJYYU,Juan🐴🤎,0xffff9727,28000135,62949,24,Zoológico NA
24,#29L9220C8,kev:(,0xffffffff,28000057,62709,25,Thunderbolts
25,#JPL2LYC,SαɳƚιαɠσMҽɯι💔,0xffffffff,28000095,62577,26,Zoológico NA
26,#L88UJQR9,🌙Moxxie🖤☄️,0xffffffff,28000123,62172,27,Master Players
27,#2GU8UQ9,🔱JC-LAITON🔱,0xffa2e3fe,28000279,62003,28,SALCHICHANCLAS
28,#292G9PYQ8,Astigmatist 🀀,0xffffffff,28000183,61925,29,Mental Problems
29,#22V9R0P02,Micoloco🙊🍌,0xffa8e132,28000244,61903,30,CODE : OG
30,#22VUCCYL0,STMN|xNezzz,0xffa8e132,28000217,61816,31,Moonlight 🧚🏻
31,#2URYY9Y8L,匚モれ匕∪尺工óれ 🎭,0xfff9775d,28000129,61806,32,
32,#GQYR9098,Juan💛,0xffcb5aff,28000281,61595,33,Minecraft PE
33,#YGVYYJJJ,wGerN 👾,0xffffffff,28000188,61507,34,Zoológico NA
34,#YUCVV0P02,GogetaX50,0xffa8e132,28000101,61380,35,<c2>Phoenix</c>
35,#UCYQR8GP,TB|Hydra17,0xffcb5aff,28000123,61312,36,Thunderbolts
36,#GJ9Q2URJ,JDA|BLAZE,0xffcb5aff,28000129,61214,37,Sanfe Stars
37,#8VU00220C,友 Еriск™,0xfff9c908,28000333,61139,38,Zoológico NA
38,#28908UQ9Y,AbysmaL,0xff4ddba2,28000136,61114,39,THE CLAN
39,#PQ02QCYGP,>>Stevlog13<<,0xffffffff,28000352,60945,40,LEGENDARYS
40,#8UQVP229P,T5|Love,0xffff8afb,28000272,60833,41,FWs Club 🌮
41,#PQP28YJL0,𝕺𝖕ﾒ𝖘𝖊𝖇𝖆𝖘,0xffffffff,28000263,60677,42,Loco Pushers
42,#CC09Q8Q,PaisaTroll,0xfff9c908,28000294,60441,43,Brawl Con Limón
43,#UPYJRRUR,Mr.Tormentas,0xffffffff,28000138,60316,44,Parzival ™🐺
44,#9Q0GQ0R9U,luis_YT,0xffffffff,28000095,60262,45,TH|Ticks Hawks
45,#29JGJ0YJ0,德Yulian🍥艾,0xffffffff,28000331,60230,46,Toxic Masters
46,#JUCC2CJ9,santiago72341,0xffcb5aff,28000293,60211,47,Los Trotamundos
47,#99GR900GG,Nayeon~♡,0xfff9c908,28000210,60075,48,Darkbrother ll
48,#9GGGJ9RC,morita,0xffcb5aff,28000267,60000,49,Moonlight 🧚🏻
49,#2YUYQ29VY,椹WaZe🥀,0xffcb5aff,28000280,59881,50,Thunderbolts
50,#PR8LULG0,Superior Storm,0xfff9c908,28000277,59866,51,LA MOCHILA DEL
51,#2RYCPLYPU,OJTA997,0xffff9727,28000305,59862,52,❤️PSH ELITE❤️
52,#9CQ80RQ99,TR|MAICOLNOVA ™,0xfff9c908,28000305,59704,53,
53,#PJQ2RQ8PR,🍓|𝕱reⓢ𝖆ヅ,0xfff9c908,28000315,59701,54,
54,#GVGRGPLV,KubiCrash,0xff4ddba2,28000290,59640,55,Cactus Jack 🌵
55,#8GR8800,Diego,0xffffffff,28000139,59607,56,Ghost Souls IV
56,#8UUYVJL0V,TQ'GOMEZ,0xffffffff,28000336,59577,57,HeadShoterZ💣
57,#GVYLRYUU,:@esteban@:™$,0xfff05637,28000280,59559,58,❄️Nova Apex ❄️
58,#99R8J22QP,𝑺𝑲 | 𝑱𝒖𝒂𝒏,0xff1ba5f5,28000135,59545,59,<c4>GNRC1</c>
59,#JVPV8CC0,CBS|jorge,0xffa8e132,28000305,59435,60,⚠️₣นєгʑαร єℓἷτє
60,#PPQRP2GL2,Faze.Durval150,0xfff9c908,28000099,59367,61,AT|GALAXY XI
61,#LYU9GYRR,❥𝓜𝑜𝔂⋆,0xffcb5aff,28000350,59185,62,Army Of 300 II
62,#YLGJYQY2L,jf258,0xffa8e132,28000259,59089,63,Tᴇᴏᴛɪʜᴜᴀᴄᴀɴ
63,#LPC0R8QU,Noͥvͣuͫm🐊,0xffffffff,28000095,58970,64,
64,#2C9PURP09,CTX|Zaiko☠️,0xffffffff,28000169,58907,65,страх
65,#29J0JJRL2,SF |JuanKas1231,0xfff9c908,28000348,58886,66,Minecraft PE
66,#GRC0RL29,Nicoᶫᵒᵛᵉᵧₒᵤ,0xfff9c908,28000297,58862,67,bull universe
67,#JYVVQC98,TF|Luis,0xffcb5aff,28000281,58845,68,Rawr Multiverse
68,#29P2QRJ28,SL|☆DR. JESTRU☆,0xffcb5aff,28000155,58792,69,SQLprestigio
69,#2R8G0PYYG,JV | Sansi🧡🦊,0xffff9727,28000020,58755,70,Jugadores Virtu
70,#YRPLQYJ2,DG|CrisKingツ,0xffffffff,28000294,58717,71,
71,#Q9RURJ9,多Sto🖤ker🌪️,0xff1ba5f5,28000225,58619,72,Rawr Stars II
72,#2RCRYQQ98,❣️Adriana❣️ツ,0xffffffff,28000138,58551,73,antiBTS☠️😻
73,#Y8QCYRVY,LuisGamer,0xffa8e132,28000037,58455,74,Insanos👻👻👻
74,#222R802GU,SPIDWER_UwU,0xffffffff,28000210,58419,75,TM|Acronics
75,#9GQGCC9QC,milulu🧚‍♀️,0xffffce89,28000274,58280,76,You and me 💜
76,#JUULVL9C,QLS |JOSEPH 410,0xffcb5aff,28000262,58140,77,LA Instinct
77,#8UQ8QGG9V,CAMILO,0xffa2e3fe,28000139,58136,78,eSport Rush
78,#L9V9RG82,🇨🇴HP|JösD'G,0xffffffff,28000000,58110,79,COLOMBIA HP🇨🇴
79,#9CYUVLRVV,TC|V@SQU€Z,0xfff9c908,28000281,58109,80,THE BEST %
80,#80YJUJVP,CB|Santi👿,0xffff9727,28000029,58012,81,canary brawl
81,#8CCGGVQJY,CD|ampa,0xfff9c908,28000095,57962,82,Thunderbolts
82,#88YJVCRGP,JelpeR🍟,0xffcb5aff,28000299,57946,83,Thunderbolts
83,#229UJGGVJ,Fuwïk☯️,0xfff9c908,28000262,57912,84,<c9>TC</c>2|🦆
84,#8VUJQJ08R,AE|Θmega 悲しい,0xffffffff,28000018,57889,85,
85,#2CPJPRYP9,SweatySpaghetti,0xffcb5aff,28000261,57877,86,
86,#LR8RJLU,SacksNorris,0xffcb5aff,28000191,57849,87,Cactus Jack 🌵
87,#8VLY2UJLR,👽😈AlexisGv🚀,0xffcb5aff,28000318,57836,88,Omega
88,#80YCY022Y,Buyterrim256☔️,0xffcb5aff,28000159,57830,89,QUIEN MANDA
89,#20GJRYC2,seth8617,0xff1ba5f5,28000294,57818,90,HAWK
90,#2JRVQVV,Tweet,0xfff9775d,28000095,57810,91,México Top♡
91,#RUPV2UY9,BloopGamer,0xff1ba5f5,28000203,57781,92,MercyGaming
92,#CV8LL229,•Fłãshý• >.<,0xffff9727,28000262,57775,93,Thunderbolts
93,#JRQ8JLVR,JUANPABLOGAMER,0xffa2e3fe,28000291,57671,94,🌘MoonSlayerZ🐉
94,#2J2LCY0L,𝙼𝒾𝙺𝙴,0xffffffff,28000188,57572,95,
95,#GCQVG0JP,Avinsur923,0xffa8e132,28000163,57470,96,BrawlConQueso
96,#2LVJYG9U2,友Drako🐥,0xffff9727,28000345,57417,97,LA Temis
97,#GRVJYYL2,Juaness💜,0xffcb5aff,28000349,57415,98,Cactus Jack 🌵
98,#PGUP92U,DaddyMart🧃,0xffffffff,28000135,57401,99,Thunderbolts
99,#2J2R2GYPJ,Juannh❤️‍🔥,0xffa8e132,28000140,57306,100,Digital Stars
100,#99JQY92,Juan Sarmiento,0xffffce89,28000096,57275,101,BrawlConQueso
101,#P2VQUJU0R,RCV|BigShee😡,0xffcb5aff,28000305,57256,102,Hadel•Va•
102,#2CCVLJCQ9,Hunters| KaT,0xffa2e3fe,28000259,57164,103,España
103,#92YJGG2JG,ᴋᴀʀɴ 🜲,0xffcb5aff,28000102,57156,104,SK's Club💛🐣
104,#2Y0JG9JC,DaLoFeR,0xfff05637,28000336,57096,105,Tᴇᴏᴛɪʜᴜᴀᴄᴀɴ
105,#RYJCLPG0,Ess | Jhon8004⚡,0xff1ba5f5,28000242,57033,106,⎊IRON HEART⎊
106,#82JY89LVC,Jhonier,0xff1ba5f5,28000151,57024,107,ALLIEDGAMEOF
107,#89V0V8Q,@CRISTIAN,0xff4ddba2,28000095,57014,108,Club  #P8JQRCGY
108,#2C9V9GUL8,zekee🍉dream♡,0xff4ddba2,28000254,56970,109,Panda eSports🐼
109,#2QC8RQGYL,kev KEVIN🐔💜,0xffff8afb,28000267,56898,110,⚔VÏKÏNGÖS⚔
110,#2Y0LULUG,ʂ ƚʅ|ɾσɾιƚσ☄️,0xffcb5aff,28000139,56896,111,Ø Randoms
111,#UP8L2P9Y,CartoBS,0xffa8e132,28000263,56884,112,SW | SHOWNIS
112,#2V0Y9RGLL,βʁƛϒȺɳ,0xffff8afb,28000322,56880,113,Thunderbolts
113,#R00UYL2,NØVA I MØNØ,0xffcb5aff,28000129,56868,114,Rawr Multiverse
114,#2Q9PPUQ0U,ElGoryes-YT,0xfff05637,28000332,56774,115,DATE A LIVE
115,#2C000VYLQ,yosephsito,0xffff8afb,28000332,56768,116,Los Trotamundos
116,#2Y2QY0LQ,FoxGuacamole,0xffffffff,28000009,56734,117,Rawr Stars III
117,#PURR08RJL,CDFNLK19,0xffffffff,28000007,56729,118,Rawr Stars III
118,#2V9LUUYL8,Ａｎｄｙ🀄,0xfff9c908,28000152,56711,119,AxE Gaming
119,#2UL2CLUG2,❄️CS|私COR🦊❄️,0xffa2e3fe,28000196,56708,120,Sanfe Stars
120,#L2UY2LU2,THENUTRIA,0xfff05637,28000273,56694,121,CaféDeMañana
121,#8288CQ9Y9,Davincho213,0xfff9c908,28000213,56647,122,Thunderbolts
122,#2CQ889URV,DMS|DANYᵀʰʸ,0xff1ba5f5,28000156,56626,123,Dathyum's Club
123,#2GC8J0JPY,☆~♡|Jack,0xffff8afb,28000198,56595,124,Rawr Stars II
124,#P0PQUJP,J'Alex™♂️,0xff4ddba2,28000349,56580,125,Los Trotamundos
125,#8R9YGVVCG,HDF|SebasPecero,0xffffffff,28000333,56574,126,ᴘᴜꜱʜ|ᴛᴇᴀᴍ🔥
126,#RPGVJYUG,Iaacob,0xffcb5aff,28000018,56547,127,The Underground
127,#2989V2J9Q,JuAn_Da™¬,0xffff8afb,28000018,56478,128,🍥𝗗eaᴅ𝗦ѳul🍥
128,#9GCPP9C09,TokioPana,0xffa2e3fe,28000305,56460,129,505 ESPORTS
129,#2UPYY2UQQ,ӃιℓℓҽԄ ㊧Š₳Ðآ₴๛,0xff1ba5f5,28000291,56423,130,Latam Crew
130,#PLV0UUYJQ,olp,0xff1ba5f5,28000305,56305,131,SERAPH WINGS🕊
131,#29LCGP08,Samuel,0xffcb5aff,28000294,56235,132,My Little Pony
132,#2CY8CLGQ8,Braozito様,0xffff8afb,28000210,56233,133,Elite Latina
133,#9RGUC9YU,IST⭐| MATEO⚡,0xffa2e3fe,28000061,56221,134,Demon Fighters
134,#GVUPU2C8,☣️⚡Jefrey⚡☣️,0xffcb5aff,28000349,56219,135,Brawl 420
135,#LCJ0JRG0,shadow,0xff1ba5f5,28000173,56189,136,CaféDeMañana
136,#2L9YVQQUU,要|Itnas🍫?,0xffff9727,28000310,56168,137,⚠️₣นєгʑαร єℓἷτє
137,#2PLV8R89,AO3|Juanes🐺,0xffcb5aff,28000135,56161,138,Moonlight 🧚🏻
138,#PJ8V2RLP,BRIAN🖤,0xffcb5aff,28000225,56151,139,Loco Pushers
139,#2LQRPRJ09,⚜️Đømînåtør⚜️,0xffcb5aff,28000136,56108,140,Reyes Aztecas
140,#CRJ22YL,José Dreemurr,0xffcb5aff,28000271,56103,141,ImperialKingdom
141,#Y0YV88LQ,Dash!,0xffffffff,28000011,56087,142,LaAbuelaDeRocki
142,#98QV0YRGC,Andrés 🤯,0xffff8afb,28000183,56069,143,Thunderbolts
143,#Y9U2U828,Yovng CHONG,0xfff05637,28000023,56050,144,
144,#UG2V89CL,YRM515,0xffcb5aff,28000210,56016,145,DeCode
145,#228VGUVV,Yuta Okkotsu,0xffffffff,28000159,55961,146,Humble Grinders
146,#2UYR9RU22,SimpDeMiau🛐,0xffffffff,28000142,55958,147,Flan🍮
147,#8JC8LYPGJ,❄CTB|vCristian❄,0xff1ba5f5,28000139,55942,148,Rawr Stars II
148,#29G20RYLV,PAL PIZO XD,0xfff9c908,28000321,55796,149,MexicanWarriors
149,#8QUQJYCVG,GREEK IS COOL Y,0xfff9775d,28000091,55751,150,GOLDEN TRIO
150,#92C90UGQ9,BD|Wortrack ⚡,0xffcb5aff,28000293,55699,151,Beyond Roses
151,#9CLY0RL2,𝙺𝚎𝚘⠀,0xffff8afb,28000339,55683,152,🌘MoonSlayerZ🐉
152,#9G0CQ8VC9,╬ £ph€m£r∆l ╬,0xffffce89,28000341,55656,153,PorKoalasTodo🐨
153,#9R8V9U8LC,Rikerdonne,0xffcb5aff,28000334,55640,154,Far Far Away💭
154,#890LRJPR0,Samux_kun,0xffcb5aff,28000155,55628,155,Minuta. inc :3
155,#90JVRVRG,⛩️TT|LInZyMex🥀,0xffff8afb,28000226,55569,156,ST|GoodPlayer❤️
156,#888JVVL0R,ᴋᴄ|ᴍɪͩɢͤᴜͣᴇͩʟ🐣,0xff4ddba2,28000259,55546,157,Hadel•Va•
157,#2RQY0CPQV,Jhon_Hcr 🥀,0xff1ba5f5,28000037,55539,158,Digital Stars
158,#CPPYJY9,🌪️ζ͜͡ ᴊᴀᴠɪ🐥🖤,0xffa8e132,28000207,55381,159,➳ᴵᴹ〤ᴍᴏʀᴛᴀʟꜱ⸙
159,#292RPGL9,☆EL COLOMBIANO☆,0xfff9c908,28000211,55330,160,Latam Crew
160,#YGYJ0RQ99,Fausti 👴🏿,0xffff8afb,28000096,55224,161,AE Cosmic
161,#80PQJ08V9,AQM | Hexlet,0xffa2e3fe,28000230,55223,162,CC|AMISU
162,#RUV2RVCJ,paisa,0xff1ba5f5,28000247,55223,163,
163,#JG8L2L2,Sleep Mode,0xfff05637,28000198,55214,164,Reyes Aztecas
164,#88J2UURLG,Bot 1,0xffff8afb,28000156,55205,165,¡Cachorros!🐺
165,#PYG829YV2,Pawisa,0xffcb5aff,28000247,55149,166,My Little Pony
166,#8G9GVPULU,AF|Felipillo,0xffffffff,28000000,55140,167,Kings eSport 🤑
167,#89QL890V,IB|☆SantiagoYT☆,0xffff9727,28000267,55004,168,Team Brother
168,#2009VU8,4NG3L,0xffcb5aff,28000014,54989,169,bull universe
169,#9J2PRC20J,DANI,0xffa2e3fe,28000129,54987,170,SŦɌȺŦØVȺɌƗᵾS
170,#88P9U8LCR,Gabriel MS,0xff4ddba2,28000144,54853,171,🏆THE KINGS🏆
171,#2CYCLLY,Old|SNØSBY_-],0xff1ba5f5,28000095,54834,172,OverComingUNV😈
172,#20UUYQL2,GUNSN'ROSES,0xfff05637,28000139,54833,173,Holistic
173,#2800P08U,Johny🐻🍓,0xffcb5aff,28000138,54826,174,🍥𝗗eaᴅ𝗦ѳul🍥
174,#CR0LQ8YV,연탄❤️,0xff4ddba2,28000333,54801,175,DATE A LIVE
175,#80GPQQ9VQ,★ᴀԍʙ★,0xffcb5aff,28000018,54787,176,SouL Ambiance
176,#90C0YGRYR,natsu2019,0xffffffff,28000233,54778,177,Anti shaudown
177,#Y2JULJLQ9,Trebor🐣💛,0xffffffff,28000335,54775,178,Top Los Zarnas
178,#2C2VY28YJ,CTX|ᴢᴢᴀᴅᴜᴋᴇ🖤,0xffcb5aff,28000272,54701,179,страх
179,#CQC00JGU,yoloC.L.S,0xffa2e3fe,28000335,54677,180,injoi Gaming
180,#2JV8Y9RU0,Ѵεи∂σ Clσяσツ,0xffa2e3fe,28000095,54677,181,AR.ES
181,#GQ0CV0L,WEY NOOOOOO :'V,0xffa8e132,28000305,54658,182,Los Rico Ricos
182,#28V0C928U,EDWIN-101,0xffff9727,28000119,54590,183,Destiny Gaming
183,#RYG2YGJR,Sloth🌒,0xffcb5aff,28000336,54574,184,Far Far Away💭
184,#2RLLUCP29,Ares,0xffff8afb,28000057,54526,185,Cactus Jack 🌵
185,#888U2JV8,Ken no kyojin,0xffff8afb,28000318,54516,186,Los Rico Ricos
186,#29902VRR9,JUAN PRO,0xffff9727,28000349,54509,187,HTC/Nowers
187,#28C2LGLU0,FNT|LORE,0xfff9c908,28000348,54483,188,Minuta. inc :3
188,#QUC02VYP,𝓖𝓜⚡𝓪𝓵𝓮𝓳𝓸,0xfff05637,28000297,54466,189,TH|Ticks Hawks
189,#2J9C0GJYV,jhon jairo,0xff4ddba2,28000004,54452,190,Los Puponios
190,#28QPVURGP,chimbombonbum,0xfff9c908,28000348,54452,191,My Little Pony
191,#99089PCYU,JuanFe,0xff1ba5f5,28000037,54400,192,Rawr Stars III
192,#YU8GV8JCP,JUGÓ MUNDO 999,0xffffffff,28000000,54379,193,SQUAD ELITE
193,#PGGUV8LUG,をDarth Vader®️,0xfff9c908,28000203,54310,194,Reyes Aztecas
194,#2YRQJRV2Q,B5.0/sr.sanchez,0xffff9727,28000253,54286,195,bull universe
195,#22CQJGP9R,Papi Wilson☠️,0xfff9c908,28000156,54265,196,👑King's Club👑
196,#UCPGV29V,Rixx:(,0xffcb5aff,28000018,54187,197,Hadel•Va•
197,#82YC2U8,Sechs,0xffcb5aff,28000225,54182,198,Club  #P8JQRCGY
198,#QQU9Q8RJ,Sub Chunk,0xffcb5aff,28000164,54169,199,CaféDeMañana
199,#98JVYC8QL,🥀LST|TITOSツ🥀,0xffff9727,28000095,54147,200,
