,tag,name,nameColor,icon,trophies,rank,club
0,#U8C8VQ2J,noe le bg,0xfff9c908,28000037,48753,1,NN | 🌕Night🌑
1,#YPVP00YG2,benrasta,0xfff05637,28000242,48100,2,BLOOD DIAMOND
2,#8YP2VPY8Q,ComeOnYouRams84,0xfff05637,28000030,47959,3,YTM Reborn🔱
3,#Q9G09GPRY,M_1,0xff1ba5f5,28000315,47800,4,الدكتاتوري
4,#PR2PLQVGR,спидран 20 к,0xfff9c908,28000290,47146,5,Baller clan
5,#9GCVCVCQC,Porki0011,0xffa8e132,28000129,47076,6,Gods de España
6,#99UY28J20,fortnait fish,0xffffffff,28000305,46617,7,1337._.BS TEAM
7,#89V0GL0G9,HV|ッ Zirox🔥,0xff4ddba2,28000207,46216,8,les immigres
8,#L8GUL9Y90,🕉전파를납치ह∘แชร์ᵀᴿ,0xff1ba5f5,28000134,46199,9,『♛❦Panorama♕❥』
9,#2RGYY80QY,INSANEPRO,0xff1ba5f5,28000170,45741,10,Eat●Brawl●L♡ve⁷
10,#9JULG2ULU,оно,0xffffffff,28000175,45378,11,Glain🔥Team❄®
11,#8R0CUPG8C,le boudhiste,0xff4ddba2,28000224,45179,12,BS Kings
12,#9YGGPGC88,💔LANTAST 🥀,0xfff05637,28000128,45156,13,🏆LORD_ELITE🏆
13,#8CCUYQLLC,it's shark 🕊️,0xffffffff,28000010,44882,14,
14,#UPLGL8QG,FR | Jordy 😝,0xff1ba5f5,28000148,44521,15,Fire E-sports
15,#2QQC8VQLU,SixteenJ ones,0xfff9775d,28000263,44233,16,4lenoedy
16,#2P0RJQGLY,clément,0xffcb5aff,28000079,43904,17,jb stars
17,#2LVJ8U0YC,이삭💕,0xffff9727,28000338,43621,18,24군단
18,#229G8QPC8,GMD | YuYa•W,0xffa8e132,28000077,43290,19,Бык is OP!
19,#P0QYPY2L9,romy_ark,0xfff05637,28000341,43169,20,MCES
20,#999PQRU9C,ZXC|vampekss,0xffcb5aff,28000228,43106,21,мух0м0рни.тр1п★
21,#2RYY9P289,Alice,0xffcb5aff,28000228,42584,22,мух0м0рни.тр1п★
22,#2PYC0Q080,bot1,0xfff05637,28000332,42342,23,<c4>For Fun</c>
23,#98RV9LR00,максим,0xffcb5aff,28000347,42213,24,Добрые люди
24,#8LQ9G8892,miguel,0xfff9c908,28000132,42115,25,
25,#8Q8289QRQ,Боец,0xffcb5aff,28000310,42074,26,GG|DARKRANGERS
26,#PQVLPL0J0,SK | ᴳᵒᵈᴍατix •,0xffcb5aff,28000135,41961,27,Cactus Family
27,#P8RRQP820,☣️hakerous☢️,0xfff05637,28000132,41788,28,Cyber Villains
28,#8C9VY9QJV,Ainhoa,0xffcb5aff,28000305,41577,29,Showdown Gamers
29,#22UP9YJ8,az19,0xffa8e132,28000222,41560,30,Bambou
30,#2C82GC20L,7Kimi,0xffcb5aff,28000048,40924,31,chipsand104
31,#928C929PY,YT|SPROUT,0xffffffff,28000139,40730,32,Kings of Speed
32,#8LG0QCJ00,SK| fuezzz🧸,0xffffffff,28000135,40697,33,twinkTM
33,#L2G28CGGU,𝚃𝙼ᵗᵒʳⁿᵃᵈᵒ𝚃𝙼,0xffa8e132,28000174,40612,34,MoriTou
34,#P8C2QU2CQ,leprodu30,0xffa2e3fe,28000203,40098,35,la teampro
35,#8R8U090QL,jojoahamdi,0xffcb5aff,28000129,40075,36,QG | E-sport
36,#YJY0GGPGY,членяшка,0xff1ba5f5,28000150,40027,37,крутые девчонки
37,#8ULY9LVUY,lenrique,0xffa8e132,28000305,39990,38,Los primox
38,#PUVJGUY29,♠DarkAngel♠,0xffcb5aff,28000151,39941,39,GooD Esports
39,#8VPV0Q09Y,Paul m,0xff1ba5f5,28000017,39740,40,Wellimton
40,#P9G02RCJJ,⛩️B4ykus ⛩️,0xff4ddba2,28000140,39577,41,
41,#2RCY02QYJ,Azmog172,0xffcb5aff,28000008,39514,42,Asian Edgars
42,#QLYP00QY,don210,0xffcb5aff,28000002,39512,43,MC|Allianz
43,#22VR820J0,권선배,0xffa2e3fe,28000014,39447,44,Galaxy
44,#82VP0L0RP,ДОНАТЕР888😄😁,0xffa2e3fe,28000305,39309,45,Clash Shop
45,#22RUQ0VQ2,Fax |ArtefaxBB8,0xffa2e3fe,28000073,38852,46,Ondes de chocs
46,#U2GCLPVU,MNRNK,0xffa8e132,28000156,38748,47,Клуб: [#20G02GRLU]
47,#8CC2VGJUP,bambi,0xfff05637,28000103,38709,48,nonouille
48,#LCGGJVCR,GERARDO$,0xffff8afb,28000085,38615,49,LOS CAUSAS 🇵🇪
49,#2LRUU9GC,tom2408,0xff1ba5f5,28000176,38495,50,RM|DEMON
50,#YRYGCJVG8,SERIKOV,0xffa2e3fe,28000179,38269,51,hot colette
51,#9V0YUR29L,我|Nīght♧,0xffa8e132,28000136,38052,52,<c7>UNIX</c>
52,#YYPG2R9UQ,| Ѽ ЭкMA 囧 |,0xffff9727,28000273,38006,53,
53,#88UUG8PJ0,Infinity_May,0xfff05637,28000164,37676,54,full win 🏆
54,#9099YV028,TC BOSS,0xff1ba5f5,28000190,37645,55,Annihilation 👑
55,#LPYRR8R0J,GEM| Arcteryx,0xff4ddba2,28000132,37628,56,
56,#8CPR02JYG,Danielpro1722,0xfff9c908,28000286,37491,57,TEAM FIGUE!
57,#YUPC8LLR,Ronaldinho emo,0xff4ddba2,28000162,37373,58,ABC.TEAM
58,#9L2LVU089,МОРГЕНШТЕР,0xffff8afb,28000303,37343,59,обстрелкебами
59,#9V8VLRCGP,oceane,0xffffce89,28000244,37203,60,anti toxique🤡
60,#V88L0QJL,Ryan♥|라이언♥|^-^,0xffcb5aff,28000305,37092,61,花樣年華🌺
61,#8JPPYGGYJ,-MocryaK-,0xffcb5aff,28000156,37035,62,-MocryaK-YT
62,#8CGVLVJVU,[Men]Gay Fox,0xfff05637,28000023,36898,63,kapelle gang
63,#P0QP0U2LJ,ЕРЖАН,0xffcb5aff,28000129,36857,64,ArmS Club
64,#P88PJY289,adamgend,0xff4ddba2,28000335,36843,65,J.J.F CO.
65,#2Q20UC0CU,T _ T | Yaser,0xfff05637,28000206,36710,66,PuroInsano
66,#8G2RC00Y2,MKS,0xffffffff,28000286,36672,67,BLOOD DIAMOND
67,#2RG80VYU2,Максим,0xffcb5aff,28000077,36656,68,zxcbravly⚔️
68,#RQ8009VJ,VQs|♡︎ReLaX♡︎,0xffffffff,28000336,36604,69,
69,#8208GU9LU,CV|♡Angel♡ツ,0xfff9c908,28000129,36531,70,CV GAMING
70,#2CYG0R20U,_brave_spir1t_,0xff4ddba2,28000347,36468,71,
71,#2U2PQGJR9,NaVi|DiziD,0xfff9c908,28000248,36466,72,Shining Stars
72,#R98RVYY8,El Primo,0xffcb5aff,28000261,36421,73,let's go
73,#82JRLVRJJ,Defens_Matviy,0xff1ba5f5,28000134,36380,74,ДЮСШ ВАРАШ
74,#9LQ8UJVU9,~patata|p®º,0xff1ba5f5,28000143,36280,75,gvngstas
75,#9V8QP0J02,Тимур,0xff4ddba2,28000251,36275,76,👑kIe:}БoNiE👑
76,#98UJVLJR0,♣сегвего☔,0xffff8afb,28000023,36171,77,I BuonSignori ©
77,#8YPV29UV9,⛩️|Kɪʀᴜᴀᴀ🥀,0xffffce89,28000303,36164,78,Brawl_fr.
78,#8CPY8CYYY,bot 1,0xffcb5aff,28000310,36072,79,🔴|Lazer Team🏆
79,#29UQL2PYJ,intik,0xffa2e3fe,28000129,36062,80,Букваны
80,#2QL9JYG2Q,JS/Wendu,0xffff9727,28000170,35907,81,⚔️KRATOS WAR ⚔️
81,#8Y9J9P9V0,×Danil×,0xffa2e3fe,28000305,35785,82,Spicy Death💀
82,#Y0LUP88P,꧁ 𝑛𝑜𝑜𝑏꧂,0xff1ba5f5,28000019,35631,83,Mythic Bots
83,#Y8LQUQ0C2,🀄COD | Pépi 🐉,0xfff9c908,28000179,35593,84,🔥DRAGON ARMY🔥
84,#2J0CCUPQ,youtuber jone,0xffffffff,28000218,35556,85,"d,mcmc,c"
85,#L09QGG8G,Драгон,0xff1ba5f5,28000164,35429,86,
86,#LGG8CY00G,kapeć,0xfff9c908,28000335,35410,87,Legendy BS
87,#2UUGVJ9VC,vive le grand Z,0xfff9c908,28000297,35345,88,⭐DreamStars⭐
88,#8LQJ000J0,浪漫滿叔,0xffa2e3fe,28000059,35297,89,香港神人打機團
89,#Y9RJ9G9Y2,Мишаня Роллер,0xfff05637,28000132,35226,90,Клуб: #92VGUCLP
90,#PVCRL9Q2G,кв с рандомами,0xffa2e3fe,28000101,35119,91,Qora Qum
91,#YCPV8QLLV,syd-hax,0xffa2e3fe,28000060,35078,92,Yonko
92,#Y9Q8Q0YVU,⛩|sporty🎋,0xfff9c908,28000132,35030,93,FIRANDS
93,#2RRCYUGJY,Adrissa ❤️‍🔥,0xffff8afb,28000046,34958,94,
94,#LP2LC9J0G,лезбиянка дима,0xffffffff,28000110,34859,95,бунтарачки
95,#J80220VR,GIX pericolo,0xffa8e132,28000170,34852,96,COCCO real
96,#L0LV8LUJ2,boollmar,0xffa2e3fe,28000108,34617,97,los pios 🐣
97,#VRG8C2RL,©®DEMON™,0xfff05637,28000226,34507,98,
98,#8QCJL8U0R,oliver,0xfff9775d,28000164,34447,99,TEAM|LUXRAY
99,#YLJYR0QP2,Lamikc x piper,0xffcb5aff,28000222,34427,100,Blood Dance🩸
100,#YYRGLU0YL,Ci×Cr|Azik🥧,0xffff8afb,28000352,34417,101,KG|BRAWLERS
101,#QLPGC2GR9,ZFR|RUBEN,0xfff9c908,28000112,34392,102,
102,#22JPUY2Q8,づで89⛩️,0xffa2e3fe,28000282,34366,103,1lo głogów
103,#9CLG98PQY,It's Gamlet💔,0xffcb5aff,28000047,34356,104,гей клуб ростов
104,#LCY2J0CLJ,RB |Trésor,0xfff9c908,28000211,34333,105,SUUUUU
105,#RU89QRUY,Agent_Gamer33,0xfff05637,28000207,34256,106,one piece
106,#PPJU28Q9P,Леонард,0xff4ddba2,28000166,34182,107,
107,#2CG90VQP8,MeguminOparysh,0xff1ba5f5,28000210,34100,108,
108,#89QC0QLJL,HĐF|YØUŢUBE ☆,0xffa2e3fe,28000290,34075,109,YoyoyoArmy
109,#89QPV9U8P,RobziGame,0xff4ddba2,28000021,34001,110,InFanTa
110,#2PQCQUR8,Le_Cobra,0xffffffff,28000277,33990,111,Deep Secret
111,#99P208YQ0,GXCiacci,0xff4ddba2,28000225,33788,112,
112,#LVGUP0UJC,адыл ступид,0xffff8afb,28000014,33746,113,бунтарачки
113,#PGY0YGJ29,Hero_Meks,0xffcb5aff,28000129,33736,114,ISG Division
114,#8LYJ0R9PG,QLS|marte,0xff1ba5f5,28000021,33624,115,FanteriaPesante
115,#2V0Q82C8G,레온,0xffa8e132,28000229,33608,116,열린효
116,#8RQC9R99R,GX Antonio,0xff1ba5f5,28000293,33574,117,GLI IMPLACABILI
117,#JLC9QVVJ,𝓓𝓪𝓻𝓴_𝓑𝓸𝔂,0xfff05637,28000220,33532,118,Dagestan Ghouls
118,#92R92V0PG,[БЛЕТ] gafur,0xffcb5aff,28000332,33501,119,♂GEYCLUB♂
119,#8R2LYQ0UR,𝓟𝓪𝓻𝓻𝓸𝓽 🦜,0xff1ba5f5,28000056,33455,120,빵빵아
120,#22VV090VQ,김주한,0xffffffff,28000000,33426,121,
121,#9UGJLPV82,Iᴛ's Lᴇɴɪx💔,0xffffffff,28000006,33424,122,Destroyers🐖🎀
122,#89QPPY2CC,슈퍼셀 망해라,0xffa2e3fe,28000020,33400,123,축도 화이팅
123,#9QJ2YQGV9,King . JoKeR,0xffffffff,28000041,33396,124,Winner king
124,#LP0P00VJL,Jokker apple,0xffcb5aff,28000023,33309,125,Disaster
125,#20G0GQVRR,JferN,0xffcb5aff,28000310,33257,126,THE WARRIORS
126,#9VQ082Y2R,БОМЖ ДИМА,0xffffffff,28000000,33240,127,The Brawlers
127,#P2R9Q2GLJ,007,0xff4ddba2,28000345,33232,128,LUSTiG
128,#PQV0J29UC,Matt.2.0,0xfff9c908,28000280,33209,129,anti toxique🤡
129,#QJRQPPVV,Nine1172,0xff4ddba2,28000156,33200,130,absolu
130,#208GCYU2Q,⭐️⭐️⭐️jonatgff,0xfff9c908,28000102,33172,131,Un Pour Tous 2
131,#228VRYVRL,ninja gamer,0xffa2e3fe,28000349,33119,132,⚡RELÂMPAGOS⚡
132,#PGP2L0PUR,thanoux78,0xfff9c908,28000281,33108,133,
133,#P2UJCURJR,BRUH,0xffcb5aff,28000336,33067,134,PAPACLAN
134,#PQC82RVJ0,ATW|KILLUA🥶,0xffa2e3fe,28000156,33004,135,GREEK GANG
135,#P9GYQ8VQ2,AFK | APOLONE,0xff1ba5f5,28000023,32925,136,
136,#8L0PPCGPU,ньюмос,0xffff8afb,28000228,32922,137,ClubUp
137,#YGVQLGPJ0,⛩|MasterJr☔️⚡️,0xffffffff,28000052,32855,138,AMA 3
138,#8LUCPCYGR,ᴹᴿメ丂ㄖㄥㄖғғ,0xffffffff,28000315,32831,139,
139,#8RJL0ULJP,Gatomalo,0xff1ba5f5,28000333,32803,140,Primos primates
140,#UVJRC9YJ,brawl bugado,0xffff9727,28000225,32794,141,God Of Brawl
141,#2JRJVG0R0,fTool🤍T有,0xffff8afb,28000014,32649,142,
142,#9Q8LLQVGQ,BK M8N,0xffcb5aff,28000308,32638,143,
143,#J9QRV2GV,た( ‘O‘ )こ,0xffff8afb,28000117,32546,144,
144,#89URRQJQJ,sad|Drafom1x🎃,0xffffffff,28000179,32523,145,
145,#29CP2CVLR,CLAUDIA18,0xff1ba5f5,28000176,32480,146,
146,#8YC2LJ2U0,😎TUUKKA,0xfff05637,28000347,32429,147,PT/jeggi
147,#2U82P88QC,WP ME Leon,0xffcb5aff,28000341,32365,148,ZADYMIARZE
148,#8RCYV998G,Репетитор,0xffcb5aff,28000045,32360,149,FTP
149,#9PU2L28R9,Клайм,0xffffffff,28000065,32322,150,
150,#2Q8RJYUVC,IKR|Guigui,0xff1ba5f5,28000352,32308,151,sonTEAM
151,#200C020UJ,чебурек 95,0xffa2e3fe,28000081,32296,152,чебурек 100
152,#89JCLL89Y,Mikelllluuuu,0xffff8afb,28000044,32260,153,Los primillos
153,#2LRC0R9QQ,‡ТОТ‡,0xfff05637,28000023,32260,154,Шайлушай
154,#8Y2R9U0G,EL NOOB,0xff1ba5f5,28000081,32237,155,🖤KAYIPLAR🖤
155,#8RYGQQJ8G,Leon,0xfff05637,28000331,32195,156,
156,#U9PYY28Y,🔥RONIN🔥,0xfff05637,28000280,32130,157,нагибаторы💖🦄
157,#YRQURRLCL,똥이나까잡숴,0xffffce89,28000212,32099,158,성인스타즈
158,#PVVGLQP9,QLS |☔MeRcY☔,0xffffffff,28000023,32030,159,Russian Esports
159,#9QR8QYYU0,АНГЕЛ💕|DEMON👺,0xffffffff,28000332,32006,160,🇵🇱POLSKA🇵🇱
160,#PLQUJP8VJ,лю миртви,0xff1ba5f5,28000322,31999,161,one pump chumps
161,#JCCVGV8Y,ElMagagna,0xff1ba5f5,28000019,31977,162,twm cursed
162,#9YU2UV9PV,MZteo,0xff4ddba2,28000245,31967,163,j aime les pate
163,#PL0RG8LUC,AVR|RAYAN,0xff1ba5f5,28000091,31959,164,JujuFamily🏝️
164,#LCUJ09VUQ,ppppp,0xffcb5aff,28000023,31956,165,Brawl MX
165,#9YLQRCQ20,QLS/Sk1per,0xffa8e132,28000259,31871,166,Elite/Nery
166,#QQGJQLR8Q,Marcus ☠️,0xffcb5aff,28000294,31832,167,phacochèremania
167,#PVU9QJ2GU,walsu.,0xffff9727,28000295,31806,168,АНКОР ФЕНИКСА
168,#8Q02GJCRL,L𝙴R𝙴𝚃𝚁𝙸k🪐,0xff1ba5f5,28000321,31779,169,Universal🌍
169,#PYRJ0LP8G,REX312007,0xffa8e132,28000037,31707,170,
170,#9PP8J82GY,mystory 💯,0xff1ba5f5,28000132,31683,171,Yellow flame
171,#2020VG8U2,g4moff,0xffa2e3fe,28000164,31672,172,
172,#LLR0QLJLY,dracarys,0xffff9727,28000141,31629,173,mimi
173,#CRGRJ9PL,просто игрок,0xffff9727,28000132,31608,174,MER @NTANIC
174,#8RU0U09GC,злая печенька,0xff4ddba2,28000031,31607,175,"""pro-family"""
175,#9GYPYVQL,максим,0xff1ba5f5,28000185,31528,176,
176,#P88G98R2L,ｲ刀|刀ﾉムんｲﾶﾑ尺乇🌘,0xffcb5aff,28000352,31468,177,cider slurpers
177,#8J2U8RPCP,sZewly💛B强.,0xffcb5aff,28000228,31465,178,
178,#9JVG8Q0U2,QLS|Toxic🥀,0xff4ddba2,28000182,31454,179,
179,#PVUYJ,SK | Skints,0xffffce89,28000179,31442,180,
180,#2VP8LPVJJ,RAMBO,0xffa2e3fe,28000148,31424,181,ST|🌟Familly🌈
181,#P9PQP02LV,GameOver,0xffcb5aff,28000308,31327,182,legend's_club
182,#PVGPU9CUY,MX|mattix27,0xffa2e3fe,28000033,31229,183,
183,#QLPGGRLV,⭐KAZIK⭐,0xffcb5aff,28000203,31217,184,MSC|TEAM
184,#CG0J9GCL,lorygame2,0xff4ddba2,28000170,31187,185,krauty_gang
185,#8GLURCJ,MACCOINO,0xffff8afb,28000164,31132,186,龙凤成翔
186,#P9YPJU9PG,#crankJ.V,0xff4ddba2,28000161,31112,187,Ostentroper
187,#PL2C9P02G,[бан] робзи,0xffcb5aff,28000170,31075,188,Electroworks
188,#9YQQPGJ00,(Бан) Миха про,0xffffffff,28000135,31045,189,
189,#PUVYLPG0Q,вован24,0xfff05637,28000033,31011,190,юхуу24
190,#Y2CC9YYRJ,PTM|Straitsou⚡️,0xffffce89,28000023,31000,191,
191,#9Q2C888J0,overlord,0xffcb5aff,28000061,30953,192,Психокидс
192,#9RJ9JLYUJ,Leon 😎,0xff1ba5f5,28000125,30949,193,
193,#RRL0YVRL,Спайди,0xff1ba5f5,28000112,30914,194,VALHALLA
194,#YLJCQ9VLY,ninja150,0xfff05637,28000305,30873,195,Team/2.0
195,#8RQV98UJC,[Блэт]King,0xffa8e132,28000156,30844,196,atak piosków
196,#LQUGJRPY,gx/pro Pigna,0xffff9727,28000033,30823,197,TBD|
197,#YJP8QP29P,ayebrodyagich,0xffcb5aff,28000185,30814,198,
198,#8P9VYJVR8,the best samu:>,0xfff9c908,28000132,30813,199,PurpleCin‘s
199,#YJ080GGLV,TF|Vixen🍁,0xffffffff,28000199,30806,200,BO$$|Team🐧
