,tag,name,nameColor,icon,trophies,rank,club
0,#2CJYRGPPV,ᴛᴛ|ᴀᴍᴏɴɢᴀsʜᴀ|🥀,0xfff9775d,28000348,57145,1,Kinflak Empire
1,#28PCJQ8P0,宇| Tᴜғᴜ🐳,0xff1ba5f5,28000135,53937,2,paio
2,#98QUCUYC9,SnarlyHedgehog,0xffa8e132,28000036,51627,3,Untouchables
3,#YJQUJ9LLU,Scorpion97,0xfff9c908,28000229,51531,4,ZXCSQUAD 32
4,#Y02CPYPJ,𝓙𝓸𝓴𝓮𝓻ᴳᵒᵈ🥀,0xffa8e132,28000123,50498,5,Toxic
5,#VRQYJGJC,💜TiGeR4iK💜,0xfff9c908,28000132,50237,6,Family II
6,#YRG8RQLL,ĐÏØ§ ÅBĐŰŁŁÅH,0xfff05637,28000291,49407,7,Facheritos xD
7,#2PG80J090,Боец,0xffcb5aff,28000132,49214,8,
8,#9LUC2JLJP,Tribe | GSCO,0xfff05637,28000138,49064,9,<c5>IMPACT</c>
9,#9VLVQUL0Q,EmanuelBoss999,0xff1ba5f5,28000352,48583,10,ROMANIA FIRE🔥
10,#80RP2UGGR,TW|Socopot :3,0xffcb5aff,28000335,48410,11,Tibet Way
11,#2QPCCGC0U,Serac,0xffff9727,28000272,48086,12,
12,#PRJ8UL8V8,Maͥriͣaͫnᴳᵒᵈヅ,0xfff05637,28000226,47966,13,FTW Family🇷🇴
13,#92RQ28J28,T4|S1nful🥀💕,0xffcb5aff,28000349,47787,14,FEVER DREAMS
14,#2CUGGPCV0,loresjudhe,0xffff9727,28000282,46900,15,DESTROYERS_ITA⚛
15,#8QJ822C28,lost ibo,0xffcb5aff,28000141,45537,16,TROPHÄEN JÄGER
16,#P0RCPJJ2J,la frite tueuse,0xfff9c908,28000153,45516,17,THE MASTERS
17,#PGY8RJG0,RomaSVpro,0xffa8e132,28000352,45342,18,🌿.
18,#YLY22ULCL,🎩Gns|Glyock 🥵,0xffcb5aff,28000323,44423,19,Kinflak Empire
19,#JCGPG8VQ,little_mwan,0xffff9727,28000066,44229,20,Bellus
20,#LL9VVRUGP,Nik,0xff1ba5f5,28000304,44153,21,TROPHÄEN JÄGER
21,#2YQQJPVP8,SM|ŞmĔřŦűŞĥKą™,0xff1ba5f5,28000016,43930,22,Piece of Heart
22,#PPJV9CCCL,Batrosik,0xffa2e3fe,28000248,43893,23,Gravity Falls🦄
23,#88PRPUP9R,🐖TsReny🐾,0xff1ba5f5,28000347,43780,24,Legendaddy
24,#8JLLJU2YY,PolinaPeroxide♡,0xfff05637,28000181,43743,25,🎩АКАДЕМИЯ🎩
25,#2RQCRV8VL,ｱﾑЩ乇ﾚԾツ,0xffffffff,28000139,43724,26,FC ULANI
26,#880L2YG0L,Temnyi bro,0xffa2e3fe,28000132,43053,27,Strong
27,#229QVY2R0,GATTUSO,0xfff9c908,28000335,42813,28,下uerzas £lite²
28,#YPCQU8V08,CM|NE|Davis,0xffa2e3fe,28000243,42544,29,マ🖤Pᴜsʜ𝑯ᴏᴜsᴇ🍉
29,#8Q9Y0QRRP,BS|⚡Loul⚡,0xfff05637,28000321,42538,30,Light Dragon🐉
30,#9RV08U9Y2,TRB|Geroin II,0xffffffff,28000005,42290,31,мм сбит? 😈
31,#88UYQYUG8,🥀𝕝𝕠𝕍𝕖𝕣💔,0xfff05637,28000175,42283,32,
32,#89JUGVPCQ,alejandro1,0xffcb5aff,28000330,42107,33,Unidos
33,#8009J9VVP,CM| ARH_ANGEL,0xfff9c908,28000033,41731,34,sotkachoto
34,#8QJUUYYLJ,🌍Space Hero🀄,0xffa8e132,28000000,41491,35,dutch dreams
35,#8CRCJ2PP0,Vîctøry⚜BLUE,0xff4ddba2,28000077,41413,36,창동고1-5반걸레들
36,#Y02RQV8CV,It's Bandit🌪️,0xffffce89,28000305,41386,37,ZXCSQUAD 32
37,#RCCYG8JC,SneakyTiger,0xffa8e132,28000312,41324,38,Bellus
38,#P8J2CRG,♬ Flouter ッ,0xffcb5aff,28000132,41298,39,
39,#2J8CGGPJG,메카크로우,0xfff05637,28000084,41164,40,Planet
40,#L80CVQ9U,Боец,0xffa2e3fe,28000207,40951,41,бойцовский клуб
41,#PCVQG9PQL,dark master,0xffcb5aff,28000293,40807,42,😈 Samostatní☣️
42,#8UYJJ0Q2G,люблю дашу,0xffff8afb,28000281,40532,43,
43,#YPP0JC2V9,uğur gamer10,0xff1ba5f5,28000335,40487,44,ADALET
44,#20LVPVQ98,Smyz1,0xff4ddba2,28000170,40439,45,ONLY SHOWDOWN🌵
45,#YL8P0JQ2,chicco di mais,0xffff9727,28000348,40115,46,DESTROYERS_ITA⚛
46,#88J0QUPQ9,🥀|Angel|🥀,0xffcb5aff,28000341,39973,47,PABLO BAND🌵
47,#9809RVQQ,ST | Ливша про⛱,0xffff8afb,28000349,39828,48,Exotics 🐊
48,#90RGP9Q29,Боец,0xffcb5aff,28000184,39740,49,"Its, SweeT"
49,#PGQ2QR9PL,Yakdc08🐣💛,0xffff9727,28000207,39500,50,:BFF:
50,#P9QJV9029,TSM_Rachol,0xffcb5aff,28000139,39302,51,Analfabeci
51,#89UQRY2G,Lucioo♥️♥️,0xffcb5aff,28000266,39293,52,
52,#2YPR88L,KOTIK|🤡,0xfff9c908,28000180,39249,53,
53,#PGRGJVCQL,lion,0xffa2e3fe,28000330,39166,54,اتحاد ابطالبنين
54,#UYYJ2CCC,비질란테,0xffffffff,28000156,38772,55,삼선중06 모임
55,#80U828L90,robi yt,0xff4ddba2,28000348,38637,56,TTkubsonic1
56,#99PCYQUC,[Cry]🥀SiRiKs🖤,0xffff8afb,28000330,38441,57,<c1>Ап леги</c>
57,#PUP09RRJ2,Regards,0xffa2e3fe,28000156,38398,58,Бахтинур
58,#L02PG29VG,◤✞𝕯𝖆𝖗𝖐✞◥,0xffffffff,28000014,38298,59,
59,#PQ9R08Q8C,꧁ǟռʊɮɨֆ꧂,0xffcb5aff,28000293,38252,60,niñolin club
60,#YLLPQ09PV,ヾ(￣▽￣)Bye,0xffa2e3fe,28000128,38162,61,DreamGod
61,#2LV90GL0,xX_lost boss_Xx,0xff4ddba2,28000312,38057,62,Club #2G0GPU8CG
62,#2Q0CCVQR9,감자,0xffa2e3fe,28000081,38044,63,링고망고
63,#9UQPV0R2L,TT|dangerex💔,0xfff9c908,28000244,38000,64,OSA ACADEMY
64,#2V8YP2UGJ,snejku,0xffcb5aff,28000084,37923,65,klub snejku YT
65,#2LQ220VLR,Gx007,0xff1ba5f5,28000009,37918,66,ITA🇮🇹
66,#988VVL00Y,dark shadow,0xffa2e3fe,28000211,37887,67,رمضان كريم👑
67,#L20RQRY0,lildulli,0xff1ba5f5,28000156,37762,68,Chor Gang
68,#2LJG22J89,step4ik,0xffff8afb,28000159,37735,69,
69,#9URCJ2QQU,Sleepy Freak,0xffff8afb,28000262,37513,70,🖤A̸l̸o̸n̸e̸⛓
70,#2GV8LRLCJ,bob,0xfff9c908,28000007,37241,71,Cactus vert🌵
71,#PP9YYRLRY,system,0xffffffff,28000051,37157,72,
72,#9YL09YP99,Snoopy,0xff4ddba2,28000337,37136,73,Turbin
73,#8ULLY8GQ2,Wout_plays,0xff1ba5f5,28000168,37107,74,Belgium/Esport
74,#208V9JUJU,Жмых-Валера,0xffcb5aff,28000280,37004,75,Новички
75,#8Y20PPYL0,SpRaIdy,0xffffffff,28000335,36943,76,TTM Squad
76,#PCU899JVJ,Ya varale,0xff1ba5f5,28000305,36876,77,Гномье убежище
77,#RRV02RYR,лооол,0xffffffff,28000341,36799,78,ЧВК МЕФИДРОН
78,#G88082J9,♧VENOM EXODE♧,0xffcb5aff,28000335,36712,79,team VENOM
79,#YUPVPUGCG,Боец,0xffffffff,28000272,36709,80,💗ПРОШКИ💗
80,#2UCQRQ80C,Зачем мне имя,0xff4ddba2,28000170,36685,81,❄️Mystic Snow❄️
81,#2Q9RV2U98,candelobre,0xffcb5aff,28000350,36589,82,ARTANA
82,#888VRVRC,REY BRENN0!10,0xffcb5aff,28000183,36557,83,Império Legend
83,#L82CP99G9,Schaaan,0xffa8e132,28000341,36531,84,PARTIGIANI
84,#8PCJL98J,Jusky-san,0xfff05637,28000347,36518,85,CHAMPIONS
85,#PPR00QPUG,CuRtYy|VIP4IK,0xffcb5aff,28000081,36387,86,
86,#Q2C9VV2P2,[¶] Bla©k,0xfff9c908,28000090,36214,87,Br@wl T!t@n$
87,#2UJJQ00L2,Yvelat,0xff1ba5f5,28000303,36156,88,Los Exiliados
88,#88UC2UGY,<1903><EMİR>,0xfff05637,28000224,36073,89,KUPA HIRSIZLARI
89,#P0R0P0VCJ,Sabzurik,0xffcb5aff,28000141,35965,90,We See Skills👊
90,#9L8YU90Y,Tkjiii,0xffff8afb,28000177,35869,91,BetterThanYou
91,#2YPCV8GJ2,нубик копейка,0xffcb5aff,28000294,35823,92,WP ME POLAND*
92,#LUY2RUJ2L,леон,0xff4ddba2,28000286,35782,93,СЕМЬЯ БРАВЛЕРОВ
93,#2VR0Q22L8,QLS/ALEXosandam,0xfff9c908,28000200,35693,94,Solo+Türk♥️🔥
94,#9VCYLVUJ9,Dragon,0xffcb5aff,28000207,35616,95,Original Pigors
95,#20QCUU0PR,top4ik,0xffffffff,28000183,35585,96,Wickedly KZ
96,#82PVJPPC9,rinoceronte,0xff4ddba2,28000030,35559,97,
97,#92UC2CLLR,Kiruha_YT✔,0xffffffff,28000088,35428,98,
98,#P8JUJV00C,читер777,0xfff9c908,28000132,35418,99,Team Caffeine☕️
99,#2RRV89UQL,Der ToT NARUTO,0xfff05637,28000156,35356,100,is da
100,#Y0UUPGGGQ,sk|A2M🦦,0xffcb5aff,28000293,35352,101,
101,#YY2290G2G,BØSS ÖF THÊ GYM,0xffffffff,28000293,35334,102,КОРОЧЕ ЖЕСТЬ...
102,#28L2Y0RGR,ADAM|™PROS¥,0xffcb5aff,28000038,35309,103,Twilight Moon🌘
103,#202CGPL8V,Лев Львович,0xff1ba5f5,28000014,35216,104,💀immortality💀
104,#P8CGYLY2,lesly,0xff1ba5f5,28000135,35203,105,
105,#2RYYYCL2U,Brawler may,0xffa8e132,28000173,35114,106,<c2>AGood</c>G
106,#VQ88GG0L,Mini-gobbling,0xff1ba5f5,28000156,35099,107,
107,#P2LLGL9,Kiznaiver,0xffff9727,28000167,35073,108,BAD MODALS
108,#2YYV0R98Q,каклошвайн 🇺🇦,0xffa8e132,28000076,34971,109,пажилые лионы
109,#2UJVRYV2C,Gaming Luke 1,0xffffffff,28000140,34904,110,⚡️The OP kings⚡
110,#PG8RVJUGR,👎нетвойуровень,0xfff05637,28000203,34795,111,MEGA KOKSY
111,#8GVVYVYC,Ayub,0xffffffff,28000271,34732,112,
112,#UQRPUVJC,Nova,0xfff9775d,28000183,34646,113,The UndeRgrounD
113,#P8G8JLGP2,ГМД ОРУЖИЕ,0xffffffff,28000168,34620,114,69 SQUAD
114,#9ULR90JC,tеаshаh♡,0xffa8e132,28000013,34504,115,
115,#YRJVYVR80,su papito haker,0xffcb5aff,28000205,34479,116,TEAM Z£NO
116,#92GLJC0VQ,Fairytale,0xffffffff,28000212,34423,117,죽대가리
117,#YU2LCPLL,Brawler,0xfff05637,28000101,34396,118,TheKidz
118,#2PGVQR9RR,🥀|Twinki ™,0xffffffff,28000229,34393,119,The Best Team
119,#LY2J20VR0,Eleven🍃,0xff4ddba2,28000254,34367,120,Cant Reach Us💩
120,#PPLQQVLY,babuino,0xff1ba5f5,28000175,34280,121,sereseresereser
121,#V9GGUCP2,GXTWISTY,0xffa2e3fe,28000017,34228,122,triple danger
122,#2J9G2J8RY,228igor,0xffa2e3fe,28000347,34135,123,
123,#9QLV98YP2,MiMiXaLk,0xffcb5aff,28000335,34128,124,
124,#YPJ8Y20VG,holdik,0xffcb5aff,28000078,34114,125,
125,#Y28VYRQRQ,Daniel,0xfff05637,28000165,34049,126,Polish Stars
126,#8GRJ82VP9,Nygma,0xffff8afb,28000054,34015,127,
127,#9CV8Q9QJR,pave⚽⚽⚽,0xfff05637,28000335,33932,128,jovan89jovan
128,#9JCPGQVLY,Tara is der bos,0xffa2e3fe,28000332,33908,129,
129,#9LCCYV9U,Эль Примо,0xffa2e3fe,28000132,33856,130,
130,#PYJ8JJPGG,Ebobolo,0xff1ba5f5,28000225,33837,131,КРЕКер
131,#8J92U8LCP,[Top] Lega,0xff1ba5f5,28000132,33771,132,Gachi
132,#8J0GUGVJY,𝔎𝔄ℑ♕︎,0xffffffff,28000336,33768,133,
133,#P9CG9RJGY,piipoo,0xffffffff,28000251,33709,134,top fin
134,#PQVR98L9Y,Djusko,0xffff9727,28000205,33665,135,Neumneži
135,#8J92UUV2Q,wachimingo15,0xffffce89,28000173,33658,136,
136,#VYU0R2RQ,Zoro,0xfff05637,28000272,33639,137,
137,#9CUV2P8UP,🧛sоулスクメート,0xffffffff,28000020,33584,138,Patr1otx team💘
138,#Q0U982CP,tf jubyjay,0xff1ba5f5,28000140,33579,139,YT: Shiro BS
139,#2UVUUCQ2,mortis,0xfff9775d,28000312,33578,140,i mangiafuoco
140,#8YJGRCYUV,Саша,0xffa2e3fe,28000132,33541,141,10К+
141,#8L2RRVJYJ,Tutur,0xfff9c908,28000242,33524,142,Quiqui Mimi
142,#89UPCYCLV,DENGER_БУСТ,0xfff9c908,28000132,33521,143,
143,#PRUG92UGV,あ|GodYrakaZ|🐉,0xffa2e3fe,28000150,33505,144,
144,#8989QUPPU,Mokoko👑samu💫,0xfff9c908,28000251,33411,145,trophées stars
145,#8G2VCP9RQ,santiocas,0xffa8e132,28000264,33405,146,Championship
146,#88RCC2CLR,🌃𝓨𝓜| 不⃟死⃟,0xffcb5aff,28000223,33326,147,紀州長野家
147,#2VJP0PJ0L,AHYC,0xffcb5aff,28000211,33285,148,
148,#Y8QQPPJQQ,♱✞✟𝔸𝕂𝕀𝔻ℝ𝔸,0xffa8e132,28000110,33246,149,*PLAYERS CLUB*
149,#9Q82UQ92Q,Sandy,0xfff9c908,28000310,33244,150,Mortıs
150,#2CYLPQJ2V,googlePro,0xffffffff,28000156,33190,151,Культ_Пельмешек
151,#PRQJVGRCP,badiTV,0xffffce89,28000333,33167,152,Team badis2acc
152,#PR2P2VYRC,Мехус,0xff1ba5f5,28000050,33153,153,Советский Союз
153,#LYQQCP8CQ,narkoman z 🇳🇱,0xfff9c908,28000146,33128,154,TAK SZCZERZEJ
154,#QGJC9QJ8,Madrerussia-YT,0xffa2e3fe,28000226,33122,155,NewBs🌺
155,#8LUY8VP88,𝕭𝖑𝖔𝖔𝖉,0xffffffff,28000203,33029,156,Amigos Activos
156,#2URLPRR9,BLØB,0xfff9c908,28000061,33004,157,Ballengamers
157,#8JGQVJ8QY,CoLeKs,0xffa2e3fe,28000267,33001,158,Primo Family 💞
158,#UYGJUQ99,ŦђeͥƑrͣeͫeZe🐐,0xfff05637,28000265,32895,159,Werenoi 🥷🏻
159,#Y0RQCCY9C,DL | void༼神,0xffcb5aff,28000290,32890,160,🔮DarkLord🃏
160,#Y92V2JUU,✈️QLS | Demonシ︎,0xff4ddba2,28000347,32881,161,GALAXY™️💫🌑
161,#GPUJPJG,SmileXPLUS,0xff1ba5f5,28000293,32865,162,Team Polska
162,#209P900JP,El Primo,0xffcb5aff,28000305,32825,163,БАНДА ЗАБИВНЫХ
163,#2022RVJYJ,exe.dos,0xffcb5aff,28000129,32735,164,The Skyscraper
164,#LYUCQVCJ,☢️VMLF™☢️,0xffcb5aff,28000328,32728,165,Mágic Brawl
165,#29UJ00CG2,Ari$Trah2010,0xff1ba5f5,28000112,32649,166,
166,#YULC2PQCQ,ralph ember,0xff1ba5f5,28000301,32555,167,BondedByBud
167,#P0CPPQPQC,xXproXx,0xffff9727,28000129,32535,168,
168,#PJLJUY9U,§K i n G§,0xff4ddba2,28000348,32500,169,SCP Foundation
169,#8LU2GVG,EVERYT,0xffa8e132,28000223,32483,170,AGO
170,#9YCGY8CJV,ауе вентер,0xffcb5aff,28000314,32449,171,
171,#P0GYP289Y,♤L€j$♤,0xff4ddba2,28000140,32446,172,killer bea
172,#YJG2280U2,Toniletsplay|YT,0xff1ba5f5,28000286,32436,173,Anonymos
173,#2C08VQY82,yoel,0xfff05637,28000029,32434,174,Light Stars
174,#PVJRU2J0U,ボット6,0xffffffff,28000284,32394,175,ドラえもん理論
175,#8VGYCLG20,♤LEGENDARY♤,0xfff9c908,28000091,32303,176,DOĞA YENİDEN
176,#GJLU00JU,はやゴリラ,0xffa2e3fe,28000095,32241,177,せいしゅく○に
177,#2C0U0Y98U,kuukij,0xffa2e3fe,28000058,32202,178,♛FQA | ғᴇʟɪxᴄᴀʟ
178,#9UP2RUR2Y,еван,0xffcb5aff,28000014,32165,179,🍁BixingXL🦑🩸
179,#V222UUC9,shadow,0xff1ba5f5,28000347,32122,180,Turkish Demon
180,#2J0QVGJUL,ㄒㄖㄖ卩乇尺,0xffcb5aff,28000132,32105,181,
181,#2Q8UPVR0P,cactus_angel,0xffa8e132,28000335,32003,182,CHAD PEOPLE
182,#2JLCJ02RY,ý1qwsldft,0xffffce89,28000293,31991,183,브롤브롤 스타즈
183,#2GPGU2ULG,DEATH GAME ツ,0xffcb5aff,28000014,31977,184,
184,#8L9RGYVR,Arora,0xfff05637,28000276,31973,185,GentliMAN_ı
185,#2CC0VCV8G,CZN MeRt,0xff4ddba2,28000104,31944,186,Sevgili🤍®
186,#PU22UY808,hihi,0xfff9c908,28000151,31942,187,3 v 3
187,#YJGR9YU92,nik l spike,0xffa2e3fe,28000341,31927,188,Team Kepar
188,#PQUPJYGUQ,чаёк,0xffa8e132,28000246,31917,189,НЕЗНАЮ???
189,#9P2RYJ2CU,KOPOHABNPYC,0xffcb5aff,28000228,31912,190,🕷Spiders🕸
190,#LVP9Q0UL9,Matteo.gr😺😺,0xffff9727,28000332,31904,191,⛩️╚>[MML]<╝⛩️
191,#P92PPPQYQ,Cricket,0xffcb5aff,28000156,31886,192,
192,#C2R2JJR9,thiboun57,0xffcb5aff,28000044,31866,193,industries
193,#9QQCCLJR9,diovod27,0xffcb5aff,28000228,31756,194,|TRN| NASA
194,#LU8JYCRUY,Huila228,0xffff8afb,28000228,31733,195,
195,#89VV0GVY2,jaxonrizzgod,0xffcb5aff,28000129,31727,196,
196,#2Y9RVC0P8,tomar753,0xff1ba5f5,28000023,31712,197,
197,#Y8RVRCQCG,ветеран,0xff1ba5f5,28000132,31703,198,Pipper Club
198,#2Y8CLUGY9,GX_Karma,0xfff05637,28000305,31687,199,Bazielli
199,#9RQQ8G222,다이너마이트,0xffa2e3fe,28000037,31659,200,트로피🎉
