,tag,name,nameColor,icon,trophies,rank,club
0,#2QJJ2CPG,Elvis,0xfff05637,28000203,77228,1,MegaPigEnjoyers
1,#CRGRR2GL,今𝙍𝙚𝙣,0xfff9775d,28000136,68867,2,Chill vro ©®
2,#20JG9G9YP,L.A,0xfff9c908,28000263,67533,3,Super Troopers
3,#99Y8LY8,Baby Miko 💘,0xffcb5aff,28000118,67369,4,Unión Soviética
4,#2209YVVPV,FF | 13,0xffff9727,28000263,66484,5,Beyond Alpha
5,#8J9U299PV,DeadHours🏜️,0xff4ddba2,28000349,65504,6,AxE Gaming
6,#2YU88G8LG,°Isa ⟭⟬⁷,0xffcb5aff,28000114,64414,7,Chill vro ©®
7,#28P0C8JP0,Coquito🥥,0xffffce89,28000262,63747,8,Army Of 300 II
8,#2CPU2GV,FCG|GEEZY BOY🍹,0xffcb5aff,28000290,62888,9,505 ESPORTS
9,#9LRPRVGQ,Les,0xfff9c908,28000225,62609,10,Thunderbolts
10,#29GULJUPJ,SQL| 𝑨𝒎𝒃𝒖𝒓,0xffff8afb,28000058,61488,11,SQLprestigio
11,#RJ8UVLJY,CV|TheMaster🦝,0xff1ba5f5,28000255,61252,12,Chill vro ©®
12,#RVLJUCV,✧𝓐𝓽𝓸𝓶𝓲𝓬✧,0xffff8afb,28000339,60960,13,Kchondos Army ®
13,#20LCGGQYQ,⚘Tony乂,0xffffffff,28000240,60879,14,Return Angels 德
14,#900Q9CGUR,朱利安 | Juli©®,0xffa2e3fe,28000051,60746,15,Beyond Swift
15,#9Q0CCG0G8,Karlabeer,0xffa8e132,28000018,60468,16,STMN Esports
16,#QQG8Q0CY,⚉Jesus♪,0xff1ba5f5,28000023,60383,17,Clan #2RJRLGQUY
17,#PJ2V8V9CC,INFM | Isaac🃏,0xffcb5aff,28000349,60045,18,INFAMA II
18,#2G2Q2808P,Mob 🐾🐶,0xff1ba5f5,28000164,59980,19,
19,#V2R0U8J,「神 生」Toga🔪,0xfff9c908,28000348,59946,20,Funados NA
20,#PUPPYJR,Schris21,0xff1ba5f5,28000018,59636,21,Tribe Gaming NA
21,#Y8G800LU0,Polone🦜,0xffffffff,28000177,59596,22,No Mercy 🤡
22,#8RCQQ88V,₡hrisVM,0xfff9c908,28000333,59319,23,CALVOS 🐣💛
23,#220GLPYQJ,Lucki♡,0xffff9727,28000098,59298,24,Fire❤️‍🔥Brawl
24,#GRG9JQ0Y,ᴹᴿJ×Calvo02🎭,0xff4ddba2,28000278,59295,25,AG Team
25,#80CV09200,Sleepy🍉Spinela,0xffffffff,28000281,59110,26,REAL Community⸙
26,#290QYVL98,᭄᭄,0xffa2e3fe,28000058,58945,27,IRAK
27,#YYRQ0JYQ,Steven CR,0xffffffff,28000352,58662,28,Chill vro ©®
28,#P208RQ2G2,°ま|Desmond🍅,0xff4ddba2,28000132,58580,29,T.Cyberneticos
29,#2YUR8JVLV,crow el pro,0xfff9c908,28000176,58270,30,REAL Community⸙
30,#P9VYY2UU8,Pompo,0xff1ba5f5,28000249,58240,31,SQLprestigio
31,#29P0GYUQ,Gunter🐧,0xff1ba5f5,28000048,57953,32,☣️STAR PLAY☣️
32,#JQQ2G89,煙 |Σʍρтʏ🙇🏻,0xffffffff,28000301,57945,33,Toxic Masters
33,#2YQJLU2PC,Ch4var,0xff1ba5f5,28000281,57736,34,Killer Instic
34,#VCCPL80U,⚔️Jarita ⚔️,0xffa8e132,28000320,57613,35,AMANECER DORADO
35,#20V9CR8C,MiniXD™,0xffffffff,28000123,57073,36,Return Angels 德
36,#VJJPYPLR,SCR|❄️ANGEL❄️,0xff1ba5f5,28000305,56964,37,Team Legends
37,#9P28JLYPJ,MG|~Alejandro~™,0xffcb5aff,28000310,56284,38,•𝕱𝖎𝖌𝖍𝖙🇲🇽
38,#2LUL2YYL0,🦇Shadow🦇,0xff1ba5f5,28000135,56270,39,Return Angels 德
39,#8P20CJJY,Olyiet 🇨🇷,0xffff8afb,28000210,55931,40,Miramar CR
40,#RQP2RQQ2,🥑Sagot ツ,0xffa8e132,28000136,55841,41,Chill vro ©®
41,#YP0YJP,煙 | 𝕯𝖔𝖒𝖎🙇,0xffcb5aff,28000286,55837,42,Colombia Power
42,#R2JQLCU,sant1agozs,0xffffffff,28000135,55720,43,hopelessness
43,#8YPLRP9RU,Antrax,0xffffce89,28000294,55698,44,
44,#RVRRYYQP,🌬𝔸𝕥𝕖𝕟𝕖𝕒,0xffff9727,28000022,55647,45,Universo Veneno
45,#CPVPU0PR,SQL|𝑲𝒉𝒂𝒐𝒔,0xffa2e3fe,28000305,55523,46,SQLprestigio
46,#8PCRRL99C,♛RC | ₸HYRłØS♛,0xffff8afb,28000349,55513,47,REAL Community⸙
47,#PGV929CGV,🌴|FLAMINGO|🥀,0xfff9c908,28000138,55367,48,Por ley
48,#PCU8YUJ8U,⭐『ᴄᴀʟɪ | ᴹᴵᴬ』⭐,0xffa2e3fe,28000305,55305,49,
49,#PYRYUPYQC,TDR|Noxius ✘,0xffff8afb,28000054,55194,50,ᴛʜᴇ ʙᴇꜱᴛ'ꜱ 7🐐
50,#2J2LCL0RL,Withy🍥,0xffff8afb,28000244,55177,51,Army Of 300 II
51,#JU20R28,jesus_ac14,0xffffffff,28000349,55166,52,Distant Legends
52,#28CGGLGYV,RP|Jhonj❄🌪,0xffa2e3fe,28000297,54904,53,Spânîsh Mâfîâ
53,#9YU9JLY,Byron,0xffcb5aff,28000333,54812,54,Diamante Elite
54,#PLRPGRVU,SQL | Amerrique,0xfff9c908,28000061,54794,55,SQLprestigio
55,#89RGL9J2G,Kamil|🇨🇷,0xfff9c908,28000103,54784,56,TheCrew420CR
56,#9V2YCP8P,❄️𝓡𝓪𝓺𝓾𝓮𝓵,0xffcb5aff,28000239,54624,57,Ghøst Søuls I
57,#89CYJCUUQ,GIL|🇨🇷,0xfff05637,28000349,54496,58,xx_GSK_xx
58,#22GYVGGC,❤️‍🔥Xtrenge★💤,0xffffffff,28000301,54381,59,SQLprestigio
59,#20CLR022,Serverus,0xff1ba5f5,28000098,54300,60,AMANECER DORADO
60,#8Y0JYYLLR,𝕂𝕒𝕣🝮︎︎︎︎︎𝕝,0xfff9775d,28000303,54299,61,OFF | family’s
61,#P20L99CR9,💙Blxksz ⁹⁶,0xff1ba5f5,28000163,54296,62,Return Angels 德
62,#U8YLYYL0,ᵀᵒᵖᵉʳ初音ミク,0xffffffff,28000006,54282,63,🛒• Carrito
63,#PU9LQLYGP,Quesito3D,0xfff9775d,28000023,54244,64,Michi's Team
64,#U0G8YG8U,Daniel,0xfff05637,28000187,54233,65,La Colonia 147
65,#GR9VQYGY,SQL|Emanuel2899,0xffcb5aff,28000308,54208,66,SQLprestigio
66,#R2R90G28,☠RED⚔SKULL☠,0xff4ddba2,28000078,54136,67,LIL CITY
67,#8YQPUGPUV,Anthony CR🇨🇷,0xffff9727,28000176,54036,68,Red eSports
68,#PR2RJURPG,rayo 8,0xfff05637,28000255,54024,69,🔥Hot-Dog🔥
69,#2YQGP8CU2,SQL|Juankags19,0xffff8afb,28000073,54020,70,SQLprestigio
70,#Y2UULL0YJ,Edwin.A.T,0xff1ba5f5,28000135,54007,71,Eey
71,#PJQ2L9VL,RSA|Demon 🥵🍁,0xff4ddba2,28000206,53979,72,Costa Rica 4:20
72,#QV8YP8Y,AF20,0xfff9c908,28000294,53971,73,Beast Brawlers
73,#209VL2UCY,AlexisCR,0xfff05637,28000017,53940,74,SomosPoco's
74,#20LVQ0QU,Gold | <Ndrs>™,0xffcb5aff,28000348,53784,75,TheSunsetReaven
75,#GVLUR2RQ,Isaac,0xffa8e132,28000179,53705,76,SQLprestigio
76,#8J0PGRCC,Erick¹,0xfff9c908,28000018,53576,77,SQLprestigio
77,#8G229RVPV,Gѳℓđen🌹,0xffffffff,28000123,53509,78,Club Mayas.💥
78,#90Y899J09,ƵḝռẌʌվՖ,0xfff05637,28000347,53478,79,ETERNAL TOPS 🏅
79,#829QVGLR8,✨ŦABIUX✨,0xffcb5aff,28000290,53408,80,
80,#292R0U9GY,Igce,0xffa2e3fe,28000303,53347,81,FireLight❤️‍🔥✨
81,#J8ULPPUR,mooncake,0xfff05637,28000281,53223,82,
82,#8ULC9RP,PT|𝔻𝔞ȋ̈ℜ𝕠𝔫,0xffff9727,28000139,53054,83,FuriaDeChester
83,#98JJY2L8C,Wolfdry 🐺,0xfff9c908,28000345,53029,84,TEAM FIGUE!
84,#2QCQ8CL0Q,☆♧¥ ♡ $ T ! N♧☆,0xffa2e3fe,28000349,53021,85,REAL Community⸙
85,#C0ULLLVU,QLS|Gabriel12,0xfff9c908,28000187,53020,86,TEAM MACETERO
86,#2GU9PP2R9,VLG|Glyth,0xffffffff,28000139,53003,87,VLG Cursed🥀
87,#LCCJLJ0C,MrBlunt,0xffff9727,28000102,52994,88,retired 56k
88,#2RRCCGG2P,SQL|joc62,0xff1ba5f5,28000225,52897,89,SQLprestigio
89,#9YURPRLLL,Withzack,0xffcb5aff,28000278,52882,90,FireLight❤️‍🔥✨
90,#98GJY2U0V,Lían 🧸,0xff1ba5f5,28000167,52834,91,Brawl Con Limón
91,#2C29Q8QQR,GÊRÆ£Ð,0xff1ba5f5,28000352,52801,92,Kleptomania
92,#9JQJG0RY,⚡jeremy121⚡,0xffa8e132,28000348,52795,93,UNIÓN SOLAR☀️
93,#9JRYCLU9J,ste. 20 jm,0xff1ba5f5,28000176,52741,94,Mistakes Gang
94,#2PGQ2PY80,Camaronero31,0xff1ba5f5,28000136,52697,95,LOS RANDOMS XD
95,#2Y0G0P899,ᴘᴜʀᴇʙʟᴏᴏᴅ♡⁰⁰²,0xffffffff,28000210,52695,96,ᴄʀ | GalloPinto
96,#8Q9J9GLR8,🧿☬𝕵𝖀𝕯𝕬𝕾☬♠,0xff1ba5f5,28000210,52673,97,WZ|SPN|
97,#GRG8J98R,Leonel🐳,0xfff05637,28000271,52622,98,Miramar CR
98,#GJ2L88Y8,Gold | <ALEX>,0xfff9c908,28000017,52534,99,Rawr Stars II
99,#QVR8QRL,Spectral 🇨🇷,0xfff05637,28000305,52463,100,OneShot
100,#9U8VCPYVQ,CR | Naruto1120,0xffcb5aff,28000261,52418,101,🔥Golden Fire🔥
101,#29YGGJVC8,Mr Edd,0xffa8e132,28000294,52391,102,Viva CR
102,#9Y2Y2GPR,Hollis,0xff4ddba2,28000129,52374,103,❤️
103,#8J9YLRQUY,Ace❦Savy🃏,0xffffffff,28000312,52288,104,Phoenix dragon
104,#9CGVQVGP8,十𝕵𝖚𝖆𝖗𝖊𝖟🖤,0xffcb5aff,28000325,52236,105,
105,#8LVUCGCGG,Mercury Star,0xffcb5aff,28000094,52109,106,Team X Force
106,#YPC8YLJJ,🇨🇷DarkJard,0xffff9727,28000305,52077,107,TRAKWORTY ZERO
107,#8GVYC0G2,愛~Flash🌪️⚡,0xffff9727,28000299,52017,108,Norscas
108,#8LQJCU8UP,ᴵᵗ'ˢBaмBaм97☔,0xfff9c908,28000221,52011,109,Army Of 300 II
109,#2Y9GL9LCQ,ANUBIS O_o,0xffff9727,28000343,51969,110,Return Angels 德
110,#8909LJJUL,␈zandyシ,0xffff8afb,28000064,51905,111,Chill vro ©®
111,#Q9RYUYG,⚠️Christopher⚠️,0xff1ba5f5,28000290,51897,112,DynamicBS
112,#2UYLYCU89,jeancarlos,0xffff9727,28000207,51890,113,The Crushers
113,#Y0G2UV2PU,EL TERROR 115,0xffcb5aff,28000050,51882,114,REAL Community⸙
114,#PJVL2VJG8,Chico Perico^_^,0xfff9c908,28000302,51871,115,Chill vro ©®
115,#2URV988C,Galahad,0xff1ba5f5,28000295,51733,116,BladeArmy
116,#282GGQ8UV,Jekar🍃🐻,0xff4ddba2,28000290,51729,117,ÑañisLovers
117,#9VR282G,Palo,0xff1ba5f5,28000116,51616,118,USA|Empire
118,#2GL2V2LRP,dannyvr10,0xffa2e3fe,28000273,51585,119,Tucronch👩🏻‍🦲
119,#282QL2CY,EL MINCHO,0xffcb5aff,28000352,51567,120,Donut Battle :D
120,#899V82CP,FaZeCharlie,0xffcb5aff,28000290,51545,121,GalloPintoCR™
121,#22LPUV9Q,Tş५ |ignorado⁴º,0xffa2e3fe,28000345,51362,122,
122,#2V9LQC2QC,O̸t̸t̸o̸シ︎ᵍᵒᵈ⚠︎,0xfff05637,28000012,51326,123,Los finos 🧐🍷
123,#GJLQU8UR,DreamWolfStar,0xff4ddba2,28000128,51316,124,Rawr Stars II
124,#PCQLC8L2,๛Đяลﺝσ™,0xffffffff,28000291,51280,125,Chill vro ©®
125,#RRCGP2GU,🇨🇷|Dylan👾,0xffffce89,28000089,51241,126,Pura Vida CR
126,#VRLYVYJ0,𝒩𝒶𝓃𝒶𝓈𝒽𝒾⛩,0xffffffff,28000139,51196,127,Team X Force
127,#8RPJLCP,ClocksGo,0xffcb5aff,28000102,51188,128,Betelgeuse
128,#Y9CYL02PP,MASTER K,0xfff9775d,28000330,51046,129,Tri Luminary
129,#P29GRY0CJ,G𝓜Λ|Fᴀɴᴛᴏᴍˢᶦᵗᵒ,0xff1ba5f5,28000213,51027,130,GemasDelAbismo
130,#22PCGRUVJ,Imanolツ,0xffffffff,28000008,51004,131,
131,#9PV82U0LU,𝕵𝖆𝖋𝖊𝖙𝖍,0xfff05637,28000290,50997,132,White Lotus
132,#RYLRGPCC,Alito5912m,0xfff9c908,28000305,50994,133,Monkeys Squad
133,#9QRR02JL,𝑹𝒆𝒎愛,0xffa2e3fe,28000285,50982,134,REAL Community⸙
134,#JP89PJJY,TP | MATI UnU,0xffa2e3fe,28000256,50917,135,Team Pingü
135,#8Y00VL0QP,◇☆JO$€☆◇,0xffcb5aff,28000349,50891,136,Ghost Souls VI
136,#RVGGJGU,⚡Ryuk⚡,0xffa2e3fe,28000054,50864,137,Chill vro ©®
137,#GCUC2RGP,🍄Leo⸚,0xffcb5aff,28000335,50793,138,Chill vro ©®
138,#YCCLLCLU8,andresbg,0xffcb5aff,28000318,50775,139,Shooting Stars
139,#20LPQLQQ,Oscar0345,0xffff9727,28000023,50771,140,DarkLegend©®
140,#U8Q0Q2CY,⚔️LEVI⚔️,0xff4ddba2,28000040,50738,141,Retirated Crew
141,#L9PQQPPL,...,0xffcb5aff,28000294,50734,142,Staffadores
142,#PG2YPYRU9,HDF| Andrès,0xffff9727,28000203,50727,143,Guarasapos👻
143,#P0PCQR9,♡|Popillo🕊️♡,0xffcb5aff,28000345,50705,144,SQLprestigio
144,#JGP8Y8PC,RoyGamer230! ❤,0xffa2e3fe,28000305,50666,145,BS LEGENDS
145,#P20PU8GUU,ZERO,0xffffce89,28000004,50453,146,Suli Lovers©®
146,#2988R9802,Femcha,0xff4ddba2,28000096,50429,147,70-1
147,#P2R09YQ,Oteb >.<,0xffffffff,28000346,50357,148,Cactus Jack 🌵
148,#28UPY9Q0,☆Römán☆ツ,0xffa8e132,28000089,50329,149,Team LimonSal
149,#R2GLGJGR,Z₳฿₳Ⱡᴷⁱˡˡᵧₒᵤ🦈,0xffff9727,28000000,50320,150,Cubecraft PE
150,#GVRPL0YC,☠Felipe☠,0xffa2e3fe,28000226,50260,151,DarkLegend©®
151,#2YVYGP820,GrishaYeager🧝,0xffffffff,28000219,50180,152,Return Angels 德
152,#YQ0VU89,ElReySinNombre,0xffffffff,28000301,50096,153,Chill vro ©®
153,#22P2RRLG,ϟDavidツ🖤,0xffff9727,28000262,49930,154,JesuClub
154,#YLR298QP,JosCrak,0xffff9727,28000347,49886,155,Costa Rica
155,#9V2LLL0LJ,SUPER Master,0xffff9727,28000341,49762,156,Helados
156,#JJCURJP,NB|B☆Pro789◇♧,0xffa2e3fe,28000330,49756,157,Ghost Souls IV
157,#8LQ2LUUPJ,🍁Germáyn🍁,0xff1ba5f5,28000297,49704,158,HI BOYS 🍁
158,#Q2PUPRPC,Faze Ken,0xfff9c908,28000095,49681,159,Infinite Dream
159,#9C82URG9,Susan i miss u,0xff1ba5f5,28000348,49650,160,Élite Brawlers⭐
160,#LQ2JP2Q,~Kaycer~17,0xffffce89,28000004,49554,161,Tico<c7>VIP</c>
161,#2CLQ99ULY,♤Cris Gatgens♤,0xffcb5aff,28000328,49339,162,Los Dioses
162,#82V8PV00P,Crazy|Angel🖤⚘,0xffcb5aff,28000168,49329,163,Team Legends
163,#P808V9RQL,Ne pe si da,0xff1ba5f5,28000168,49308,164,Inka warriors 2
164,#L0Q0J9GLL,🇨🇷|Imparable,0xffffffff,28000295,49292,165,Shadow Team
165,#9UVYQ8PU,ĞØð|ƘƏŊđªłł🇨🇷,0xffa2e3fe,28000294,49276,166,FC Brawl
166,#URCJ2R8,Mau,0xffcb5aff,28000101,49223,167,REAL Community⸙
167,#2GVUQPCJ9,𝑺𝑮™|Gonzalo🥀,0xffffffff,28000167,49220,168,
168,#RJYP8YG,∆ÂLĘX∆,0xffcb5aff,28000305,49205,169,AGONIZED SOULS
169,#8PQQL9QPY,GB|ᴸᵘⁱᵍⁱ 🦎,0xff4ddba2,28000272,49153,170,
170,#2PUYPLJGY,𝒥𝒽𝑜𝑒𝓁🐼🤍,0xffffffff,28000225,49025,171,
171,#2LY0VRYUP,Daniel646,0xff1ba5f5,28000019,48993,172,La Colonia 147
172,#8CJG29J8L,секрет злодея,0xffa2e3fe,28000210,48877,173,Brawl|CR
173,#2JLUYQURR,YT[SANDY]😎😎😎,0xffcb5aff,28000294,48852,174,BrawlSinQueso
174,#2Q022UR2Q,QLS|Abdiel,0xffff9727,28000299,48841,175,DRINK Team
175,#CV8YYQ,Pancho945,0xffcb5aff,28000348,48809,176,HI BOYS 🍁
176,#28RR9YJV,Kalas,0xffff8afb,28000349,48736,177,CLAN (-F-)
177,#CCPV00R,GABO•,0xff1ba5f5,28000201,48722,178,HI BOYS 🍁
178,#89RPQLJQP,FS|Franconiro,0xffffffff,28000305,48693,179,FS|Flash Smash
179,#YJLRU920J,⛰Flame91🔥,0xffff8afb,28000135,48677,180,
180,#8CYPYGL9Y,alegocha,0xffa8e132,28000016,48672,181,lospro
181,#2JQYQ8JLP,luky bryll,0xfff9c908,28000349,48631,182,Compas
182,#PV2QJLJJ8,[•Zρ]シШᴀxX🇨🇷,0xfff9c908,28000164,48625,183,THE BEST
183,#LG0YRRVU2,Lenoxx,0xffff8afb,28000273,48616,184,UNDEFEATED
184,#982Y2UQQ9,ɮօօʍstʀɨċҡ🇨🇷,0xffa2e3fe,28000182,48572,185,The Cats
185,#CRR0Y9R8,sbrenes_,0xffff9727,28000211,48565,186,
186,#Y9CVY2YRV,Fiseroli=D,0xffff8afb,28000279,48507,187,EV Gaming
187,#29Y892829,Baji🐣,0xffff9727,28000123,48442,188,X-Force Bolivia
188,#P2U9YC29,༒J꙲E꙲F꙲F꙲༒🇨🇷,0xff1ba5f5,28000272,48399,189,
189,#2C9880Y0U,⚡Biohazard⚡☢,0xffffce89,28000065,48334,190,clandestino
190,#QJP0JJUL,Allan,0xff1ba5f5,28000262,48314,191,Los TITANES 🥶
191,#PVLUPQ8V9,Josue Leiva,0xffa2e3fe,28000175,48299,192,Alicanto Team
192,#2R22L0QU2,KENENCIO,0xffff9727,28000272,48292,193,
193,#2LVQ2VRJ,Sn¥|SugarMadi♡,0xfff05637,28000347,48261,194,☆Synerg¥♪
194,#80PLJY8,JonSnow,0xff1ba5f5,28000349,48246,195,La Colonia 147
195,#PRJCY8VUY,Ims:D,0xfff05637,28000272,48228,196,
196,#PPYQCJCU,pro gamer,0xfff05637,28000267,48228,197,❶INTER|OFICIAL
197,#JQLL29CL,Trosk_Aibel,0xfff05637,28000349,48165,198,Staffers
198,#L2GPVL0,Kokoroch,0xffff9727,28000305,48040,199,ClubLeagueTry
199,#98C2JYYL0,🤫😈🤫,0xffffffff,28000349,48024,200,A Few Good Lads
