,tag,name,nameColor,icon,trophies,rank,club
0,#LQ9P0U0CG,愛| Vixteen☯️,0xffff8afb,28000317,71894,1,Norscas
1,#PYUJYRCU0,Gentzuke,0xffa2e3fe,28000335,65869,2,pepe el pollo
2,#982LRU99,WMX|SHAKO☠️,0xffff9727,28000328,65199,3,WOLFMX
3,#PCCQ9LG0G,๛MɑϲCσʏ⁶⁹,0xffffffff,28000244,59041,4,𝚁𝚎𝚕𝚊𝚡🦇
4,#Y89QLGJQP,Enrique,0xffcb5aff,28000207,58957,5,ETERNAL TOPS 🏅
5,#LVL0J29Q9,愛 | 𝒜⁴ℒ¹ℰ³🛸,0xfff05637,28000304,57373,6,Norscas
6,#8QR0RYG0U,RazorSad🖤,0xffffffff,28000167,56569,7,pepe el pollo
7,#JLVJ8JQQ,King ARASH⚡,0xffff9727,28000273,56146,8,TokoyamiDarck
8,#2CPLLJQL2,STMN|Rain🌧️,0xff4ddba2,28000136,55663,9,anomaly
9,#9Y88VV9P,🇨🇺B.G.M🇨🇺,0xff1ba5f5,28000305,55593,10,Above
10,#8UV8RYY0V,Games_TV,0xffa2e3fe,28000129,55149,11,Бавовна
11,#QPPQU8URQ,鸡|𝑱𝒐𝒔𝒔∙❦,0xffff9727,28000340,54873,12,pepe el pollo
12,#YUG992YUJ,~ɰoʟғʏ_ғuяяʏ~,0xffffffff,28000167,54565,13,MX|GÁNSTERS🇲🇽
13,#U8LY9CQ0,БУЛЬБАШ,0xffff9727,28000225,54529,14,Винная Штопора
14,#QQ988PC0,David🐣💛,0xfff9c908,28000334,53710,15,Phoenix Coffee
15,#QYRG28VL,👻XaleX🖤,0xffff9727,28000242,53521,16,pepe el pollo
16,#8U2RV9LYU,chabelo,0xffcb5aff,28000207,53257,17,IMPERIO STAR
17,#YPLGV0QQG,Arhkia🐼,0xffa8e132,28000136,53057,18,Norscas
18,#LYYR9RCLL,PL|Jeffrey,0xff1ba5f5,28000167,52986,19,Chill Brawlers
19,#8RY9CCYYY,ele,0xff1ba5f5,28000230,52547,20,Team|BS
20,#LJU8RQPC2,ˢʰᵃᵈᵒʷ|Damián🖤,0xffff9727,28000262,52013,21,I love Brawl ❤️
21,#8220U0RU2,Tek|KYSKYSER 💎,0xff1ba5f5,28000168,52011,22,zxc
22,#9UCL8Y0LJ,Tanke Soy Yo!,0xff1ba5f5,28000291,51379,23,Equipo Flash
23,#8CPRQ09Y,TheLancer03,0xff1ba5f5,28000073,51337,24,Trendy Dogs
24,#PYPJG8LPR,Varaioni❤️‍🔥,0xffffffff,28000020,51230,25,DESPERATION Y
25,#82GVLJ82J,🚷AKD|Bᵒˢˢ愛乂,0xffff9727,28000139,51220,26,ᴰᵃʳˡⁱⁿᵍ |TeamHN
26,#YCJVVLC8C,дед,0xff1ba5f5,28000008,51135,27,UA|Hunter's
27,#8Y0QYP2G2,SSG😡ImpreSSS5,0xffffce89,28000272,50845,28,description
28,#L9GJ9228Q,Pepe,0xffffffff,28000141,50678,29,Activos AAA
29,#8P8QVVJJ,SCRAPPY,0xffff8afb,28000203,50627,30,I love Brawl ❤️
30,#L220LLUGP,GabrielSempai_,0xffffffff,28000139,50616,31,SCZ BRAWL🇧🇴
31,#YR90CV8PL,MOrgdPiz,0xffffce89,28000233,50469,32,ЗаводнойПылесос
32,#8YPGQRCPG,CM | Luca 🔮,0xffcb5aff,28000305,50404,33,No name
33,#V0R22V8,YTKA_YTKAVICH,0xffa2e3fe,28000196,50187,34,Russian Club
34,#PC0J0QY2,SSG|★LINK2004★,0xffff9727,28000061,50182,35,☆SSG☆
35,#YYLU090G9,你Feeble🐬,0xffffffff,28000014,50103,36,Norscas
36,#8CYCJV9G0,Боец,0xff1ba5f5,28000349,49890,37,⚔️👑SM|Bella👑⚔
37,#8QQUL9UJL,TS |⛩PeDrY00🍁火,0xffcb5aff,28000335,49866,38,
38,#YPGYG2Y,SPIKE,0xffa2e3fe,28000288,49863,39,🏰KINGDOM🏰
39,#PRJRLCLY9,Martin,0xff1ba5f5,28000023,49428,40,
40,#VR82GJ22,🇩🇴YonG,0xfff9c908,28000130,48672,41,ᴿᴰ俄ʙʀᴏᴛʜᴇʀs
41,#U8RJPG0G,『TRI』Sᴛᴏɴᴇx CL,0xffff8afb,28000348,48457,42,Los Insanos 👻
42,#8UYVY2YJ9,простой Чувак,0xff1ba5f5,28000294,47930,43,ArtOfWar
43,#PYY0PJR09,𝐌𝐂 | 𝐒𝐧𝐨𝐰,0xff1ba5f5,28000162,47774,44,★Diamonds★
44,#2J8292CQP,KoJones,0xff1ba5f5,28000193,47701,45,UnitedDemons
45,#YU8RV8Q29,DLS|TacticoXD🎋,0xffcb5aff,28000349,47456,46,T.R.A.S.H.
46,#2GUGRPGR8,Vacio❦,0xffffffff,28000265,47429,47,The best club
47,#YP8PCC9V,Big Mother,0xffa2e3fe,28000078,47117,48,TopTeamRU
48,#P0JRVP2Y0,D/XXIII,0xffa8e132,28000257,47071,49,INFINITY BRAWL
49,#YU0YCQLQ0,●Thę•kîłłęr●,0xffffffff,28000328,46742,50,VCR TEAM
50,#YRP0CLPGR,AsereKePro,0xffcb5aff,28000291,46623,51,Norscas
51,#PJ9GRGY9Y,QLS|Lord Ed 🐾,0xff1ba5f5,28000134,46448,52,Elite Warriors
52,#L9JY2UCCP,Roberto,0xff1ba5f5,28000193,46170,53,Los Cubaniches
53,#8UV20VPGU,Arkaon008,0xfff05637,28000138,46103,54,RVL_team
54,#P0QL908,Vejuko,0xffa8e132,28000263,45842,55,🍀BRUKATSUKIS🌙
55,#2VPQYC0P2,🌟D1vin3eVIL🌟,0xff1ba5f5,28000349,45828,56,H2W|HACK TO WIN
56,#80L0JUU8C,💯|AdriAco🖤,0xfff05637,28000200,45789,57,Клуб:  #2RGY9RYUP
57,#20LCCQLJY,NazoKoreki,0xff1ba5f5,28000134,45702,58,
58,#YCVG0YQLC,° ๛ᴮᵃʳᵈᵒᶜᵏ 武,0xffff8afb,28000305,45697,59,Legends Stars
59,#8P92LJUVY,MS|KroNos⛩,0xffffffff,28000303,45691,60,
60,#28QPV2G8J,[ПИBO] EHOT,0xffff9727,28000267,45605,61,AceTime©
61,#Y8QGY2U0C,el bala,0xffffffff,28000053,45501,62,THE MOON
62,#8PP829LU,XF|Et3rnitY™^.^,0xffcb5aff,28000224,45466,63,Demons Sikarius
63,#9U0JLLUQU,Anthony,0xffff8afb,28000215,45266,64,🐺LOBO GELIDOS❄
64,#LV8P9PUY9,Freflou/YT,0xffa8e132,28000293,45250,65,Los Tutifrutis
65,#V28JRPQY,💙Stitch💙,0xffff9727,28000348,45241,66,pepe el pollo
66,#2C98L2QC0,Rivers,0xfff05637,28000317,45194,67,Norscas
67,#9LVYPGGYQ,ETHAN,0xffffffff,28000230,45000,68,Kid Warriors
68,#8GP889UG,♔ᴍʀ | 𝕎ᴏᴀᴋꜱᴀ♕,0xfff9775d,28000335,44963,69,Brother Force
69,#8C9YVUJYQ,саня,0xffcb5aff,28000156,44821,70,Великие Апперы
70,#P8PU9R28U,Dante el roto🇨,0xffa8e132,28000226,44730,71,Chicago Bulls🐂
71,#YLP9LRGG0,Armys,0xff4ddba2,28000352,44700,72,Brawlout
72,#LGY0VPP0V,🇨🇺B.G.M_2🇨🇺,0xff1ba5f5,28000305,44620,73,Above
73,#Q2VLLPUJU,Sheriff,0xffff9727,28000247,44500,74,<c0>Dark</c> UA
74,#2JU2GVPYY,LG||. La Muerte,0xff1ba5f5,28000297,44450,75,🏝Lost Island🥥
75,#92RJ9L8R8,★[ENIGMA]★,0xffffffff,28000207,44433,76,-The Persians
76,#VQ9GRU0J,AlexPSuárez,0xffff9727,28000305,44414,77,REAL Community⸙
77,#2UG9LUYCP,🥀☢QLS|Toxik☢🥀,0xffffffff,28000000,44376,78,Milik GOAT
78,#882LLUL02,™Spooky❦,0xffffffff,28000335,44362,79,MO TEAM
79,#999PGRPV,KRY|Ruben 😡,0xfff05637,28000088,44324,80,BTM|Army🇪🇸
80,#PQ8CRJJ0J,CS|Zagred🍀,0xffff9727,28000337,44092,81,Великие Апперы
81,#29CJRG9GV,KiR0,0xffffffff,28000314,44065,82,big cool club
82,#8LQQ8CP20,∆=Daniel=∆,0xffff9727,28000272,44063,83,<c5>xᴛ</c>|Over
83,#20QGV289Q,Psihoz_Medika,0xffa8e132,28000016,44060,84,Малиновка
84,#8VVQP0QJC,😈Arca😈,0xffcb5aff,28000206,44054,85,
85,#8VLCRUP8Q,Føłłø☆Włiñ💜,0xffff8afb,28000023,44001,86,rizesuziiks🤕❄️
86,#YQ29LPVGQ,kw3rt1,0xffcb5aff,28000125,43994,87,LV|Family 🧸
87,#YJQPV8RC9,Yoshimurachi,0xffff8afb,28000321,43920,88,<c5>NWzero</c>
88,#LGR9QPCQL,ĐČĢ|🇨🇺💎,0xffffffff,28000205,43857,89,🅾t🅰ku🅱r🅰wll
89,#P0LLC0PJC,꧁☆Nɇw Ⱥłɇx☆꧂,0xffff9727,28000299,43786,90,DIRVAN
90,#20L8UYVGP,ᴡᴀᴋᴇ💔ᴜᴘ🥀ᵇᵒᵗ,0xffffffff,28000150,43765,91,Проснись 😴
91,#Y22JCYJC2,ㄈΛ尺ㄥㄖら,0xfff9c908,28000218,43747,92,⚡BITBRAX OP⚡
92,#PL909J2P2,THE DARK KING🖤,0xfff05637,28000216,43688,93,Los Chilenitos
93,#RCP2UVV8,Nymeria,0xffa2e3fe,28000035,43661,94,Cuban Clashers
94,#YQP8V9PVC,愛|Android25🤖,0xfff05637,28000017,43658,95,Norscas
95,#JJR8GUC8,Marko pro,0xfff9c908,28000305,43636,96,JOGURT
96,#PRRLCC9P2,Sashok no 2,0xffa8e132,28000348,43416,97,Karma
97,#2LQ8Q928U,Yustis2311,0xff4ddba2,28000233,43405,98,We are better
98,#PQG8QJRPU,Lachy,0xffa8e132,28000294,43279,99,Above
99,#Q8U9LPJGJ,鸡|𝑩𝒆𝒓𝒂∙❦,0xffffffff,28000210,43277,100,pepe el pollo
100,#28LCLR02Y,率×Nesç🛢,0xffff8afb,28000334,43190,101,kwist's club😎
101,#8029JYQCR,⛩|BYUX🎋,0xffcb5aff,28000061,43137,102,Купить
102,#LR8GGR082,NAVI|HOLDIK,0xffcb5aff,28000132,43078,103,Feeling Numb
103,#QP8P9J898,DAN-KA,0xff4ddba2,28000248,43043,104,TeenTitans
104,#Y9VCJ0V0V,MDD Corp.,0xffff9727,28000185,42937,105,
105,#8YV9V99QC,Řick...⚗,0xffff8afb,28000220,42903,106,
106,#Y8Y829R9,lol,0xfff9c908,28000221,42832,107,ToxiC Of SpaiNB
107,#8PY2LQ0RR,GČ|Deimos,0xffcb5aff,28000343,42751,108,⚡️GØDSofCHÂØS⚡️
108,#8GP8URLJ0,Dani,0xfff05637,28000156,42731,109,Blue Moon 🌙
109,#9Q29LGC8C,Skarpion,0xff4ddba2,28000253,42709,110,RM~EsPoRT
110,#YYR9VV99R,XION🦊,0xff1ba5f5,28000225,42689,111,_SᵗᵃʳˢTᵉᵃᴹ✨
111,#CRUQJG2J,W.W,0xff4ddba2,28000228,42471,112,
112,#L8C8G2U9L,SSG // SKRIM,0xffcb5aff,28000218,42408,113,☆SSG☆
113,#YQRC9R9Q,🎉ikaro br🎉,0xff1ba5f5,28000332,42404,114,brawl dos pró
114,#YVLR2L9GR,🇨🇺xDANYx🇨🇺,0xffcb5aff,28000065,42385,115,
115,#UPPQCP92,HQ|gamer88 |🐭,0xffcb5aff,28000305,42372,116,Handful Quality
116,#PQVVJ909Y,gusto faster,0xffa2e3fe,28000249,42329,117,THE MOON
117,#LPUL08JUY,Alex,0xffa8e132,28000271,42202,118,Osmanlı
118,#P2GR90YUJ,EL ESPAÑOL,0xfff9775d,28000041,42174,119,bae watch
119,#2LLQQ9CQP,Davorro,0xff1ba5f5,28000293,42141,120,CLUB LEAGUE
120,#P00GR9VC,🐰Andredi95♡,0xfff9c908,28000286,42070,121,los gorditos
121,#L8U2YRJY,𝚜𝚊𝚍𝚅𝙸𝙸,0xffcb5aff,28000018,42053,122,альт
122,#PRGGYR9RY,Gullizer'ix🐦,0xffffffff,28000014,42008,123,Jswi|Elite❄
123,#YC0GG9QJ9,Mengana,0xffffce89,28000333,41985,124,México elegante
124,#Y0YYYLUJJ,Cawr Gura,0xffcb5aff,28000323,41911,125,Darkness Knight
125,#28PL8RYQ0,☾nico⛩️,0xfff05637,28000135,41900,126,Zockergemeinde
126,#YJYR9R0U,L30N1D45,0xfff05637,28000128,41851,127,
127,#P0PP9VCCV,alexa;),0xffcb5aff,28000286,41834,128,Legends Stars
128,#2QR9RR9QY,☠️The Punisher,0xff1ba5f5,28000273,41822,129,nyashe fighters
129,#9LYPJGJY9,Ernesto,0xffffffff,28000000,41817,130,RIPkip
130,#9YY0LLPRU,авшик 2008,0xfff05637,28000335,41814,131,🐺Team WolF 🐺
131,#PQCJVCPG,ᶫᵒᵛᵉᵧₒᵤツ™,0xffffffff,28000335,41724,132,•Dark Phoenix•
132,#29V880VGC,SD|MAXik,0xffffffff,28000047,41664,133,
133,#PQGP8RUU,sebas12345:V,0xffa2e3fe,28000156,41652,134,M y S Explorado
134,#G8UC98UL,Nehrestt,0xffcb5aff,28000242,41609,135,NightCity🌃
135,#22G0PPPLG,BrawlSoBoL,0xffa2e3fe,28000311,41591,136,brawlinbruisers
136,#YJGJVRJLU,Jorgenial🤟🏻,0xffcb5aff,28000305,41523,137,los mojojojos
137,#8CU2JQ2YJ,🇨🇺CRATOS🇨🇺,0xfff9c908,28000294,41484,138,TokyoAvengers🥋
138,#82R9YUGCJ,Wudo,0xff1ba5f5,28000297,41476,139,Los Rabo de Oso
139,#8GQ0UG208,Herobrine4070,0xfff9c908,28000302,41404,140,The Mayhem Crew
140,#R9GLP0JU,NR|Ywatch👑,0xffa2e3fe,28000290,41388,141,мина жизни
141,#9YQRV0V8Q,CIS|Den YT,0xffcb5aff,28000290,41351,142,<c0>Power</c>💫
142,#Y8PQ8J9YQ,SK|✖️SHANKS™️⚔️,0xffcb5aff,28000280,41305,143,Norscas
143,#PPVRPJPG8,Abelichi ☯️,0xff4ddba2,28000254,41266,144,
144,#9VR90VJCQ,TT | kRash🌆,0xffffffff,28000183,41143,145,𝕭𝕾♡𝕱𝕬𝕸𝕴𝕷
145,#9CLC9GGLC,го потимимся,0xffffffff,28000222,41130,146,я тимлюсь в шд
146,#2PU0JRCRV,GHS | ❄️MeDusa❄,0xffffffff,28000292,41120,147,Norscas
147,#YYPUG8V99,≤|Steven🎋|≥,0xffffffff,28000226,41110,148,ColinixD
148,#8RLQRUQLJ,ASSASSIN,0xffffffff,28000274,41052,149,GG Мы про топ😎
149,#800V2V0YR,ZETA|Achapi,0xffffffff,28000139,41051,150,Killer Queen
150,#LYLU2PYVL,Łs|『MINI』❄️,0xffa8e132,28000134,41046,151,
151,#9YLJLGG02,ЛИОН,0xffff9727,28000095,41041,152,<c2>Yellow</c>⚡
152,#8JR0LRR2R,😈DaRk/⚡,0xffa8e132,28000276,41032,153,пися
153,#92YJCCR2L,AKTSK|PAIN,0xffcb5aff,28000225,41022,154,TheBrosOfGlory
154,#8V92Q2L9G,╾━╤デ╦︻,0xfff05637,28000063,41010,155,Norscas
155,#LUY0J08C2,АКАУНТ ВЗЛОМАН,0xfff05637,28000141,40993,156,Пупсики
156,#20CJGPGV,ben10,0xffff8afb,28000305,40993,157,Smailik
157,#P2CYC2JLQ,**G¤ddard**,0xffcb5aff,28000294,40991,158,I love Brawl ❤️
158,#LC28J8VRP,🏆Gas-Táctico🏅,0xffff9727,28000347,40950,159,Seaside
159,#L9LPQLCLL,宏家|DℯM℘DℯℯZ♡,0xffffffff,28000115,40935,160,NeverLose
160,#90LQVRP88,leon,0xffa2e3fe,28000220,40880,161,Crazy Bee 🐝
161,#YP2C9GU2R,Laka Laka,0xfff05637,28000207,40864,162,ASTRON Libra
162,#P2CYG8GQL,ーャニ ғʀØᴍɪx 🔪🩸,0xffcb5aff,28000224,40861,163,ᴡᴡʀᴇᴇᴢ❤️‍🩹
163,#L29QC0JYC,🍀[L9s]FordLord,0xffa8e132,28000347,40831,164,WinT
164,#JYCUQJUV,Бее|Dino?<3,0xffcb5aff,28000167,40787,165,White Wood
165,#2Y8QC2GQ0,Fed246,0xff1ba5f5,28000290,40747,166,sovietutensils
166,#LJV92PU0G,༄Nvz.Drgᵍᵉᵗᵗᵒ🌿,0xffa8e132,28000284,40738,167,Legends Stars
167,#Y8RUPU2CU,😡CanelSINGAO😡,0xffa8e132,28000191,40648,168,I love Brawl ❤️
168,#YGUQQJVLQ,VIO|RASE,0xffcb5aff,28000341,40553,169,МЕГАКОПИЛЬЩИКИ
169,#RJ9RYU2J,Franek99,0xffcb5aff,28000151,40550,170,KambolosTeam 🌋
170,#2R2UYCUV,QLS|пушок топ,0xffffffff,28000157,40516,171,BRAWL TOP TV
171,#8229VR980,☠️🤟javier🤟☠️,0xffffce89,28000341,40514,172,COLOMBIA
172,#2JU99Y0CR,𝒟𝒶𝓈𝒽𝒶🖤,0xffcb5aff,28000132,40472,173,
173,#LJCU9JC0Y,WarBrawl,0xfff9775d,28000283,40466,174,WarBrawl 2
174,#JQQQV2UG,FW|Archer,0xfff9c908,28000083,40364,175,FW|Babylon
175,#2JYU9UC0G,DX757,0xffcb5aff,28000284,40334,176,ChytrusyCytrusy
176,#928VUY90U,geман😎😎😎ĝĝ,0xffff8afb,28000281,40181,177,<•••>ГЛЭГ
177,#YVVLY28R0,𝓕𝓪𝓫𝔂𝓸🐬💙,0xffffffff,28000281,40116,178,
178,#PJVG0L9P0,I'M SUN,0xffcb5aff,28000286,40089,179,트롤 들어오지마!
179,#99PY09YP8,GraveWalker,0xffa2e3fe,28000305,40065,180,Darkness Of Man
180,#LQUJU0RQ,蛋黃 | SkyLight✨,0xffa8e132,28000065,40061,181,DELETED
181,#9UJ8RCVL0,{OP}iTheOut!,0xffffffff,28000139,40038,182,Los Insanos 👻
182,#J9CUYLUC,GX MAVERICK,0xffffffff,28000332,39985,183,ARRIBA ESPAÑ
183,#GP009PG,[LP] TempName,0xffcb5aff,28000095,39972,184,Supernova💅
184,#L2R9PPQ8J,٩( ᐛ )و,0xffff9727,28000271,39950,185,サイレント
185,#9Y8GP202J,Gol de Gol de,0xff1ba5f5,28000070,39942,186,
186,#Y2GRCRQ8L,☃° H A C K E R,0xffffce89,28000072,39870,187,LA Jungle
187,#QLQ9CULVG,技能⛩️GaNg🎋,0xffcb5aff,28000014,39839,188,GXR TeAm
188,#J99C22RR,绿฿ł₲฿ØɎ绿,0xffa8e132,28000332,39831,189,Zerø Bandits 2
189,#92VU2VC02,⃝ཻུ⁞ꪮᤢ₊̣̇ђคккҽղ,0xfff9c908,28000262,39639,190,MurrderLegends
190,#2VCRPVYJ9,Apocalypse,0xfff05637,28000262,39584,191,TİLBE
191,#PV0P8P8J2,MatveyMMA✅,0xffcb5aff,28000284,39556,192,Nitro Team
192,#YU902GVRU,ᴢʜ| ᴍᴀᴜʀɪ,0xff1ba5f5,28000167,39532,193,
193,#29RJ0YUVY,•°•×๏๓як_ɏбúúцค,0xffffffff,28000110,39531,194,<c0>Nega</c>tiv
194,#20G89CU2Y,Sr leynel🦇,0xffffffff,28000335,39438,195,SL Black
195,#QJRCJRLU,Mata Ratas ⚡️🌟,0xffa2e3fe,28000328,39410,196,Cubanos ✨⭐️💫🌟
196,#P8R908CL2,😎R.T.L,0xfff9c908,28000304,39404,197,ⓂⓂⓂ Ⓒⓞⓡⓟ
197,#8RL22C8VY,jakub,0xfff9c908,28000262,39404,198,ค๊๊๊๊๊๊๊๊๊๊๊๊๊๊
198,#LLRJV8GCV,El Pana Miguel,0xffcb5aff,28000310,39396,199,Phoenix | Mex
199,#2UUGR2PVG,Fløwzy🎭,0xff1ba5f5,28000014,39389,200,
