,tag,name,nameColor,icon,trophies,rank,club
0,#2YCC2R9LL,AeヽFeniks,0xffff8afb,28000276,64004,1,I Am Sorry
1,#2YVGL2YG,Remoh🦥,0xff4ddba2,28000136,57099,2,Silver Legion
2,#8YPPLJPQU,DaBoiLEL,0xfff05637,28000272,54956,3,Beyond Mecha
3,#220Q0YQQC,GuchoKN,0xff1ba5f5,28000271,54893,4,The Cozy Cabin
4,#20CV82JQV,culito caliente,0xffff9727,28000348,54876,5,Fast Fights
5,#2LULU0CU2,ALONSO_FLORES,0xffffffff,28000242,53182,6,DragonsKingdom™
6,#2VCRL9U99,proxy sasel,0xff1ba5f5,28000018,52704,7,proxy gène
7,#RPUVJJQ8,领袖 |φąҍӀօ29 💛,0xffcb5aff,28000345,51208,8,Wolfriders
8,#P2PRGGPYU,YT|CORIS 🍥,0xff1ba5f5,28000175,50542,9,Dan Elite🦀
9,#CGCLVJRU,babas62,0xffff9727,28000091,50374,10,Famille d’Or
10,#9C09RLY9Y,💤SleePer💤,0xffcb5aff,28000290,49540,11,ERoom
11,#V2JJYY0,сайленс,0xff1ba5f5,28000291,48384,12,Wintrade Moment
12,#2JCVRJ2Q2,♡|Twiwox🐝,0xfff05637,28000272,48346,13,twiwiiie|Club😎
13,#292U0U,Herb Farmer,0xffffce89,28000139,48266,14,Trap🃏
14,#2J289CGJ,Inopreshelenec,0xfff9c908,28000021,48251,15,TTM Squad
15,#2URGL8Y9,ashthewolf,0xff1ba5f5,28000006,47820,16,VG Equinox
16,#208LVL2GR,shoomy ❤️‍🩹,0xffffffff,28000335,46300,17,want to sleep
17,#2G00Y8G8Y,✳️TeddTR.✳️,0xffcb5aff,28000295,46091,18,TURKEY
18,#909QQLQ0J,gobelin,0xffff9727,28000233,45501,19,Ice Team
19,#9VLGYUG0Y,そら,0xff1ba5f5,28000113,45242,20,おなかすいたなぁ
20,#PJL02UUCV,дюшес,0xff4ddba2,28000155,44179,21,😈DEMONS👿
21,#P22CUQP0,RD|ČhickęnPøwêr,0xffffce89,28000348,44070,22,DARK-KINGS😈
22,#80Y09LYQJ,엔제리너스,0xffa8e132,28000341,43453,23,god CT
23,#C9L0RJQP,Rulio,0xfff9775d,28000226,43382,24,la_face_mystere
24,#8YY0C809Y,TT|∂ɩαѕɩƙ♡,0xffff9727,28000325,43114,25,Бобренки🥰
25,#2C9VC9YV8,pikachu,0xfff9c908,28000335,42636,26,
26,#8GJGLJCJ2,FURY@AFG,0xffa8e132,28000248,42504,27,EZ Alpha
27,#YRLVC8PGC,[жмых] бобр 228,0xffcb5aff,28000132,42501,28,Blood Dance🩸
28,#82U2J89Y2,名牌|ALEX🕊,0xffff9727,28000037,42468,29,DRAGON🐉LEGEND
29,#LGRV9RQQ2,KRÓL Julian,0xffcb5aff,28000330,42457,30,Tłusty Krab
30,#CY88LJQC,<c2>Unknown</c>,0xffa2e3fe,28000228,42179,31,
31,#999GJGYJU,難|LATMI🪐,0xffcb5aff,28000139,41901,32,
32,#8PJ8RY9YL,Schlapp,0xfff9c908,28000170,41805,33,Op|Team☔❄
33,#RU9CG28,Gamma vous,0xffffce89,28000006,41757,34,SK|GOAT 🐐
34,#CY82P822,Casio,0xffcb5aff,28000294,41729,35,Club #22YUQP0R
35,#Y9RC0809R,SJA|Sengir🍀,0xffffffff,28000005,41728,36,Brawl Kings
36,#GUYUUGJ,Əli64,0xffcb5aff,28000224,41604,37,Central
37,#UPQJPUPP,GevittoGamer,0xff1ba5f5,28000018,41470,38,FrenchRev
38,#Q9CPU2JG,KOTW|Cruel,0xff1ba5f5,28000341,41165,39,ᴘʟᴀᴛɪɴᴜᴍ
39,#PQRP2QJ08,MNB:H1Q1,0xffffffff,28000135,40861,40,MadeInMyMom
40,#YVGPC9092,fenerbahçe🏆🏆,0xfff05637,28000332,40737,41,PRO KUZENLER
41,#88U2L8PPC,"SK|LeGuille""VGX",0xff1ba5f5,28000135,40708,42,TR eSportS
42,#2CQVRRU9C,Bundesheer 7,0xff1ba5f5,28000151,40529,43,The Sniper
43,#9G9CCCJQP,象•Korro🐍🎋,0xffff8afb,28000150,40106,44,WizardS&CO
44,#PLR09ULQ2,Diogo,0xffa8e132,28000101,39884,45,PT MVPs
45,#LU28LPL9J,люблю еву,0xffff9727,28000262,39807,46,Лобойковка
46,#8GCV8VP8,Матвей,0xfff9c908,28000345,39338,47,BOMB SQUAD
47,#YVRLQYY99,とりまるMVP,0xffa2e3fe,28000226,39329,48,
48,#8YYL298LL,寨qymii♡,0xff1ba5f5,28000150,39225,49,Vargon
49,#U88GV292,pon4ik,0xffffce89,28000333,39181,50,ATARAXİA
50,#PUV9YUP8U,Бомж,0xffcb5aff,28000349,39151,51,Kiber sport
51,#2VRQPUU2R,glebn1k,0xffffffff,28000132,39033,52,🐬ice Moon🐬
52,#PQUP8UVQ2,⚔️𝒫iͥzzͣaͫᴳᵒᵈ⚔,0xffff9727,28000151,39003,53,ADALET
53,#20YGCG0YC,srzh,0xffffffff,28000156,38927,54,
54,#8LG20R9LU,™ɢᴀᴍᴇᴏᴠᴇʀシ,0xffffffff,28000288,38900,55,
55,#Y2CCQ8YQJ,Bs&Cr_yt,0xffff9727,28000175,38761,56,Bot Gang
56,#9LGGC9VY0,tomor 753,0xff4ddba2,28000177,38642,57,ARMY♤☆GERMANY☆♧
57,#UJPLVVQL,Rubrie05,0xff4ddba2,28000151,38627,58,Goudvis power
58,#PR8L29YUU,NickHi_Greece,0xffff8afb,28000070,38525,59,PHFC
59,#P9829LUJ,Erou,0xfff9c908,28000151,38503,60,FR
60,#809G8YL02,Harchinio,0xff1ba5f5,28000297,38457,61,Vargon
61,#8UVVPUQP8,ЧИТЕР,0xffcb5aff,28000294,38121,62,German Brawler
62,#VLUQY9P9,ne/venom,0xff1ba5f5,28000124,37867,63,MMA KIBERSPORT
63,#PPRULYPQ,𝕋ℕℕ_ℍ𝕖𝕣𝕠,0xffcb5aff,28000016,37810,64,De|Starfight✨
64,#VPYR90GV,GeTZaK⭐✨,0xff1ba5f5,28000151,37640,65,Blu Thunder
65,#PC9CRYR82,leon_top,0xffa2e3fe,28000349,37570,66,CT-Q
66,#888RGLGUR,poroko057,0xfff9c908,28000284,37493,67,Yoyin
67,#PJVGJ9LG8,ヅAk47_BRO_ヅ,0xffffffff,28000207,37469,68,折り紙のように - 🤓
68,#9UPGV8GUQ,RUNE|henry,0xffff9727,28000207,37347,69,
69,#8L8UYVRGG,jeje,0xffff8afb,28000228,37298,70,JOSEPH
70,#8P8GCV99R,@mrknorknor@,0xffa2e3fe,28000010,37181,71,de kreuners
71,#2CC0PVYLR,A_MightyPotato,0xfff9c908,28000170,37080,72,Poison Gaming 2
72,#CLGJY222,Сухарик,0xffa2e3fe,28000016,37077,73,🏆Пердуны🏆
73,#80R80Q8J0,КАКТУСИШ,0xffcb5aff,28000156,37000,74,КАКТУСЫ ВПЕРËД
74,#RGVJLU2P,глеб,0xff4ddba2,28000305,36967,75,Red.Monster
75,#9PJYJ9VQ8,САСОК ОЛЕНЯ,0xffcb5aff,28000163,36923,76,Astero Clash
76,#8Q2U2Y2LQ,прімос,0xff1ba5f5,28000024,36804,77,
77,#998JPRPR9,din0-,0xffff8afb,28000316,36789,78,Ang|Top🥀
78,#92C98QLQ2,Ale,0xffa2e3fe,28000305,36747,79,Bolivia☆Pro
79,#92J9JGLGU,ABİNİZ PRO,0xfff9c908,28000305,36543,80,kankalar
80,#CG89RJG2,❄️LeninIsHere❄️,0xffa2e3fe,28000023,36530,81,IT🇮🇹|ELITES⚡️
81,#8G0LJ2GYY,Snazzy 🌝,0xffffffff,28000001,36511,82,крутые девчонки
82,#2G9JJ9J88,ニャーク,0xffffffff,28000225,36496,83,りぷとん　ミルクティー
83,#Y9RQP0JYV,AlperÖykü ❤️❤️,0xff1ba5f5,28000322,36395,84,The ANGEL 🗡️
84,#2YGGLJJQ8,BS|☔ᴋɪʟʟᴇʀ ᶫᵒᵛᵉ,0xffa2e3fe,28000348,36369,85,FeuFeu
85,#P9JU9GC8C,tomak,0xffff8afb,28000016,36344,86,ywosutkak bluc
86,#2RGGQGYRC,про,0xffcb5aff,28000132,36300,87,
87,#YY8Y99RQJ,Смешарики,0xffa2e3fe,28000165,36298,88,
88,#2U2QQ0PQ,BESTÄTIGEN,0xffcb5aff,28000038,36268,89,Chat
89,#LLJLQY2R2,BS ANDREW,0xffa2e3fe,28000132,36264,90,Ваничкин
90,#88JY0Q8L,FANTOM4IK,0xffffffff,28000156,36233,91,
91,#9LRLQGLVV,愛好者奔騰,0xff1ba5f5,28000211,36218,92,旅行青蛙团
92,#2YL9LY2U8,SK|Reibax🐣💛💤,0xffff8afb,28000334,36072,93,LOS MEJORES
93,#PRRPGVLQL,leon?,0xffffce89,28000347,36045,94,🌚DarkPrince🌚
94,#PUVUPG8V8,Vito Maialino,0xfff05637,28000309,35933,95,acc.casale
95,#LCQQJJPVC,RxR Leonardo,0xffa8e132,28000304,35800,96,TACOSSIANI
96,#QUGCCJL2,⚡Hope_Adriano⚡,0xffffce89,28000305,35730,97,Hope
97,#GVR9CY0Y,СашаBT,0xffa8e132,28000014,35683,98,Wolfpack
98,#8CCYQQ29U,TRB|DeseesRU,0xffcb5aff,28000135,35666,99,Love heals.
99,#88G9JRU8Q,пр,0xffa8e132,28000347,35606,100,AngryUkrainians
100,#RP0QY9P8,wiochman,0xffff8afb,28000156,35592,101,× Łebe Team® ×
101,#90PULGUP2,[ПОТ] sert,0xff4ddba2,28000229,35436,102,
102,#8P2LGVJ0V,Leo,0xfff9c908,28000295,35425,103,der colt
103,#808GQCLP,Ибрагим,0xffffffff,28000151,35379,104,The Big Trouble
104,#8LP9U90GV,❄️IceTarik64❄️,0xff1ba5f5,28000041,35290,105,☃️❄️ICE T/E❄️⛄
105,#2P2CYRQ0Q,Hisoka,0xffcb5aff,28000129,35253,106,KOL | Gaming
106,#UQ8PLV0G,찬성Eastyazid❦ッ,0xfff05637,28000347,35249,107,VillaPitufo
107,#J2YJVVR2,Qybs,0xffcb5aff,28000335,35173,108,Absolute Squad
108,#PCYCG20GU,』BAŞKAN,0xffa2e3fe,28000280,35166,109,Brawls'King's👑
109,#2C8Q0R98V,clem's,0xfff05637,28000305,35124,110,Code: Bary
110,#82RUGGY8,Gabriel pro,0xffa2e3fe,28000280,35124,111,i ciruzzi pro
111,#L0CQQCCG2,Vestern,0xffff8afb,28000167,35114,112,🇷🇺ŘøfłŽøñē🔞
112,#9CLRGQ88G,ninja pro 2341,0xff1ba5f5,28000231,35056,113,HELLASGAMING🎮
113,#990YVV2PR,🖤Black¥@ngel🖤,0xffff9727,28000335,35021,114,ballah zakkah
114,#2C8VYJ2QU,Arina lion13,0xff4ddba2,28000155,35017,115,барабумчик
115,#8UPJ0JPR,Bot 9,0xffcb5aff,28000183,34888,116,Ramen
116,#9Q9LVJQ9Q,♕Ops|MusaCan♕,0xffcb5aff,28000014,34880,117,BJK
117,#2Q9YYV8P9,Samy,0xffcb5aff,28000156,34826,118,
118,#8LPUV9VC9,Ostia Unicornio,0xffcb5aff,28000148,34793,119,Marranos G.C
119,#L8V89JUG9,Z0 | EDIK☭,0xffffffff,28000139,34681,120,Good Channel
120,#8YPG2ULP0,LA|ToBs|☔🌀,0xffcb5aff,28000173,34639,121,Brugal Stars
121,#2Y98UQJR,RU|GREGORY 😠💪,0xffff9727,28000020,34629,122,The Hearth
122,#9YY9V9L82,CLAY | JeqleR❦,0xffffffff,28000352,34583,123,Саня Амбас🐖🐖
123,#Y0VJLUV82,¥π,0xfff05637,28000160,34554,124,maks kokoszka
124,#PP9YLUCP,maks,0xff1ba5f5,28000272,34543,125,⭐Elita Team2⭐
125,#QQYGV80J,bim bam boom,0xffa8e132,28000173,34540,126,Les vrais amis
126,#JL9QJLVR,ＭＲ🌊ＵƳ Ƨ ƛ Լ,0xff1ba5f5,28000019,34531,127,`♡
127,#G2GQC0R2,3DS,0xff4ddba2,28000148,34485,128,Blu Thunder
128,#8LYYYV9QC,bob_jj,0xff1ba5f5,28000069,34461,129,KLAN IS GAME
129,#9JGUJVRUP,⚡I’m better ☔,0xfff9c908,28000255,34396,130,
130,#LQYQR808V,[AG] YAht1,0xffcb5aff,28000294,34346,131,born2flex$
131,#Y9Y9CQV0C,Brawler's_Nice,0xfff9c908,28000341,34229,132,UA|Diamond
132,#Y0GUGV2R,IVOPUDDING,0xff1ba5f5,28000352,34201,133,Team leon
133,#Q0V9PYJCG,*{Tomar753}*,0xfff05637,28000207,34162,134,AŞKOLARRR💝💝
134,#UV8UGC2C,tatann11,0xffcb5aff,28000305,34125,135,Club de spike
135,#P8QVPPGCC,yoyo le pro,0xffa8e132,28000173,34125,136,Les blue💦
136,#9RC8U8GUG,P69 | BoBo,0xffa2e3fe,28000179,34098,137,<c9>AleXseS</c>
137,#2RYQUCVJ0,❄IceKing❄,0xfff9c908,28000226,34089,138,
138,#2VR8PPYJC,Roma 9951,0xffcb5aff,28000022,34084,139,Horror Turium
139,#28QLY2LGU,Alec645,0xffa8e132,28000216,34054,140,Braincellz
140,#PCG0VR0C,ShakeTeam Kiwiz,0xff4ddba2,28000332,34039,141,Shaketeam
141,#VJ8V9G9U,⇻长ɪͥᜬꙵgც㉺ツ,0xff4ddba2,28000171,33918,142,WolfPack
142,#GU2Y9CQ,앰버,0xffff8afb,28000233,33893,143,1등
143,#9LYU0UVP,BraWl_BOY,0xffff9727,28000297,33885,144,Alash Orda
144,#PGQLYQ9GG,DADDY_WEIWEI,0xffff8afb,28000129,33867,145,
145,#8CCPCQ8V,⛩️|maKs|☢️,0xffa8e132,28000164,33839,146,
146,#8QPVCVJRG,SC|Tefaleon👽,0xfff9c908,28000154,33784,147,КУЛЬТУРНЫЕ ЛЮДИ
147,#VPG2GVVQ,DaysalisBR,0xffff8afb,28000002,33731,148,NVY
148,#9PY8PCGVC,Gamern 11,0xff1ba5f5,28000259,33672,149,Akadgym
149,#Y0RQP02V8,ha gaiya,0xffa2e3fe,28000023,33645,150,-•¥LËGĒÑDŠ¥•-
150,#2CQRQ8P00,nilkopterq,0xffff8afb,28000138,33597,151,«Боец»
151,#P9GQ2L2PL,блинчик),0xffcb5aff,28000159,33592,152,YT|TOP4IK 🍋4IK
152,#2CQ2GCGQL,Nani,0xffa8e132,28000265,33535,153,
153,#2Y0YLPJL2,кролик7,0xfff05637,28000053,33508,154,Gubka Bob2
154,#Y9RVCVCG9,weak|leshii👺,0xff4ddba2,28000076,33497,155,
155,#R2QUPC2C,rami,0xfff9c908,28000170,33472,156,SHADOW
156,#9PLUG0GLU,정서연 ♡,0xffa8e132,28000179,33455,157,김나영♡
157,#YJPG2VQPY,lovelyk3kk👾,0xffcb5aff,28000271,33445,158,~GooD~
158,#YCPG00VV,luika777,0xff1ba5f5,28000056,33441,159,Slay Club
159,#2PJ2YCUP9,903즤,0xffcb5aff,28000156,33426,160,
160,#C9PY2RL8,olinek123490,0xff4ddba2,28000352,33412,161,69 Club
161,#9PY9GL0L2,曹嬰兒,0xffcb5aff,28000207,33398,162,幻影六劍客
162,#PPYCRG2,❄️|Manolek |🖤,0xffcb5aff,28000335,33379,163,Złote Legendy
163,#2GV2RCC0J,SOSY_JOBY/ /:,0xfff05637,28000273,33319,164,🇹🇷 TÜRKİYE
164,#Y8L0U200V,ФЭТИ | BANANA,0xffa2e3fe,28000150,33273,165,
165,#LU0QQQ9V,P A N Z E H İ R,0xffcb5aff,28000003,33260,166,AroZami Academy
166,#28UP9QJUY,TT|シISMETシ,0xffcb5aff,28000132,33232,167,СУС..:
167,#PY98GV09L,mo2,0xff1ba5f5,28000352,33140,168,Exp Friends
168,#2U2GQCGL2,король и шут,0xffcb5aff,28000139,33089,169,radzina wp me
169,#82JQQGPUJ,QLS/JULEN,0xff4ddba2,28000341,33088,170,WATNAIS
170,#JR8CRJP2,예찬지존,0xffa8e132,28000276,32873,171,초보자 환영
171,#Q9LVVLYUC,Orestis’dream💫,0xfff9c908,28000207,32802,172,
172,#89CPJUJLJ,yTobizin,0xfff05637,28000130,32771,173,
173,#2L2Q9Q2CC,ツFØX_ŁƏÑĐÅツ,0xffffffff,28000225,32755,174,Os Autista
174,#8GV0Y9RQC,박하사탕,0xff1ba5f5,28000293,32755,175,
175,#2L0RC9JU9,1000-7,0xffcb5aff,28000256,32729,176,мудрые пельмни
176,#QGCRUGJG,oamaxx,0xffcb5aff,28000294,32727,177,<c5>ʀᴜꜱʜᴇʀꜱ</c>
177,#PYVG9PLC0,чикибамбодя,0xfff9c908,28000341,32718,178,БОТЫ
178,#LPJ2P2URL,Путь амбер,0xfff05637,28000276,32699,179,orzeł mortęgi ⚽
179,#8Y99LQPVR,☠☢ᴇᴅᴜᴀʀᴅᴏ☢☠,0xff1ba5f5,28000155,32682,180,
180,#2Y2YQY8LR,[БЛЕТ]Элшан,0xffa2e3fe,28000058,32619,181,KOTbI
181,#8PV8GLP8U,인순이와 리듬터치,0xffcb5aff,28000267,32613,182,🇰🇷KoreanDream
182,#2YU90C00G,ZFR|Yayko|⚡️💠,0xff1ba5f5,28000327,32573,183,BS Phantoms
183,#2GLQ22RVR,JHOSTYN,0xff4ddba2,28000280,32476,184,Brawl on🔥
184,#QP80JVU9,⚡⚡TAYRANN⚡⚡,0xffffffff,28000139,32475,185,Team|jajeczka
185,#9VU0J0UUC,PRO,0xfff05637,28000014,32458,186,
186,#289CV98Q,tml ateş,0xff1ba5f5,28000305,32402,187,J U S T İ C E
187,#YJ8828YGG,lama,0xfff9775d,28000336,32362,188,ATLANTIC
188,#Y0PPUQQLG,➿везÿчий Фенüкс,0xffa2e3fe,28000044,32357,189,тима раков
189,#QLLQGYVLR,SolarSurfer,0xff4ddba2,28000169,32340,190,
190,#2RVRVCVV9,식믈,0xffcb5aff,28000000,32266,191,god CT
191,#8Q2YUUUL9,Бравл профи.,0xffa2e3fe,28000167,32198,192,
192,#9082GPYG0,배그사용자,0xff1ba5f5,28000332,32156,193,
193,#8QJ82P928,AGAPOFIG,0xffcb5aff,28000302,32135,194,Ot4im
194,#2RULVJJCJ,무법자,0xfff05637,28000140,32133,195,
195,#J9QYLULQ,(ARR)Артемий,0xffffffff,28000132,32129,196,
196,#RQJRC0JR,Ghoulish,0xffcb5aff,28000305,32111,197,
197,#2PRG9ULQC,Топ САША,0xffcb5aff,28000225,32101,198,Anubis-Paviane
198,#VJL8YLC,DDOSSED,0xfff05637,28000228,32064,199,Ota-sempai
199,#RYRYVUJY,Armel,0xffa8e132,28000064,32037,200,TRAYARD E SPORT
