,tag,name,nameColor,icon,trophies,rank,club
0,#P99QGPLU2,Davex,0xffffce89,28000129,88800,1,Brawl King's
1,#Q0VP0JP8,玄Ghost🎴,0xffa8e132,28000167,74016,2,Dr eSports
2,#90UGV009J,𝐷𝒊𝒕𝒂𝒙💙,0xffff9727,28000020,69812,3,BC*|Family*
3,#P8PJQ9CPQ,TML|Stanoo猴,0xff1ba5f5,28000167,68002,4,Andromeda
4,#9LYUUJPYG,Neptunnn🦋💞,0xffffffff,28000135,67751,5,Andromeda
5,#289Q0GQ0J,lordabeceda,0xff1ba5f5,28000069,67694,6,Mighty Bosses
6,#2YL8VCRCC,SB|Miso,0xffcb5aff,28000022,65371,7,BC*|Gaming GER
7,#P0LLC0PR8,𝑷𝒊𝒕𝒊💜,0xffcb5aff,28000187,65343,8,Mystic Force
8,#8L02G9GLU,Tribe|Gaming,0xff1ba5f5,28000349,65301,9,Mighty Bosses
9,#L222UVP,Armis〆,0xff1ba5f5,28000295,64885,10,Rangers
10,#LYGUYQ20,Mr.Black✧,0xffffffff,28000135,64714,11,
11,#2VJCJ0UJL,bmw🇨🇿,0xffa2e3fe,28000219,64422,12,Komety 🇨🇿
12,#8UJUPG2PL,IRP|Jardaseek↯,0xffa2e3fe,28000129,63966,13,50K in 24 hours
13,#88VRQCL00,MB|Sir Sibi,0xff1ba5f5,28000299,63836,14,Mighty Bosses
14,#9LG2UGP2,NYJON,0xffff9727,28000102,63728,15,Mighty Bosses
15,#8UR9PL9YP,FADEE|SeeYa ت︎,0xff1ba5f5,28000285,63300,16,Amigos♥
16,#G99099PP,「Twͥιsͣtͫy⪑ᴳᵒᵈ」,0xffff8afb,28000265,63269,17,Amigos♥
17,#LRPC2J9V,Venut,0xfff9c908,28000244,62731,18,Czech Legion
18,#P8Q0VYCQU,PG|Lukáš,0xffff9727,28000272,62552,19,Amigos♥
19,#PJ2UQQGUG,Jr Banďík🌠,0xfff9c908,28000063,62503,20,DrEaM TeAm
20,#PLV89CGP,Salty🍬,0xfff9c908,28000335,62451,21,A Few Good Men
21,#2RUP080JQ,Mr.B,0xff1ba5f5,28000348,62373,22,Mighty Bosses
22,#92Q2YY2PP,陰Tweedئ❤️‍🔥,0xfff9775d,28000230,62233,23,Rangers
23,#82Q09Q0RU,弗Honzinn🦑,0xffa2e3fe,28000282,62067,24,Mighty Bosses
24,#2JQ2UYQV0,aragorn,0xff4ddba2,28000349,61964,25,Brawleři
25,#R2JGR0J8,Wexík cz,0xffff9727,28000348,61866,26,Czech Legion
26,#8GLUUPPYV,INF|Aronek,0xffff8afb,28000321,61855,27,Andromeda
27,#P9CLQQY9C,LP|Cmelias🔥,0xffcb5aff,28000330,61793,28,『ŁØsτ℘rØs』
28,#PYQJGL8UC,🌺|G̸R̸U̸N̸Z̸A̸,0xffff8afb,28000321,61753,29,Mighty Bosses
29,#2JPRQ2Y9V,EVB |Jirka,0xff1ba5f5,28000095,61437,30,Amigos♥
30,#9YJRQCUCR,FADEE|Tomik ت︎,0xffffffff,28000139,61315,31,Mighty Bosses
31,#PL92VUQJV,『Ӿ₣M』EderixYT,0xff1ba5f5,28000294,61279,32,Bloody Kings
32,#Y88RQQYC,NO LIFE,0xffff9727,28000159,61233,33,Mighty Bosses
33,#P89Q0J8QV,🍺OOnik555🍺,0xff1ba5f5,28000099,61214,34,Mighty Bosses
34,#82Q2YLVLJ,David,0xffff8afb,28000291,61176,35,Bloody Kings
35,#9L8GPL9V0,MB|Adam 🍨,0xff1ba5f5,28000322,61031,36,Mighty Bosses
36,#8LPUCRPLJ,MB|AL1NO,0xff1ba5f5,28000299,60829,37,Mighty Bosses
37,#P898LYQ9J,FADEE|Viti ت︎,0xff4ddba2,28000184,60791,38,Amigos♥
38,#90VJJ90P8,Victoria🖤,0xffff9727,28000331,60655,39,Amigos♥
39,#G0R0C0J,Duo♡Sirup,0xffffffff,28000195,60653,40,La France
40,#YLCGV0C2Y,准头blace👽,0xfff9775d,28000345,60623,41,GreenGo
41,#9QCYPJQC0,OMG,0xffffce89,28000342,60617,42,✨SUPER STARS✨
42,#PJGGVYPRV,INF|Mat,0xff4ddba2,28000347,60568,43,Andromeda
43,#8QJU29VC,MB | BediCZECH,0xffcb5aff,28000225,60550,44,Mighty Bosses
44,#CG80CY0G,陰Stepnئ❤️‍🔥,0xffff9727,28000135,60430,45,Amigos♥
45,#RGLGYYQ2,surfar,0xffcb5aff,28000297,60387,46,LUXEMBURG
46,#V02L8PVC,Ivanchikisa,0xff1ba5f5,28000291,60368,47,Bad Randoms🦇
47,#P92208LLR,Zawesend❤️‍🔥,0xfff9c908,28000277,60365,48,Mighty Bosses 2
48,#8U29PYPPG,꒻ꍏꈤꏳꀍꂦᵈⁱᵉᵈ🪬,0xff1ba5f5,28000101,60291,49,Mighty Bosses 2
49,#2G8LRPUV2,⪻฿laͥรtͣeͫr⪼,0xff1ba5f5,28000123,60185,50,Amigos♥
50,#JVPRG2P0,𝑇𝑜𝑚𝑖𝑘𝑘我,0xffcb5aff,28000305,60180,51,
51,#2CLC9GRJP,ᴳᵒᵈ₮øͣɱͫáš1#²⁴ʱ,0xfff9c908,28000034,60009,52,Mighty Bosses
52,#PGPJYG9Q,GLR|Pika ☬,0xfff9c908,28000018,60000,53,Game House
53,#PGLPCUQLQ,ᵐᵉᵉᵖi҉s҉ᵗʳᵃˢʰ,0xffffffff,28000135,59911,54,MeepovaFamily
54,#YV2GJ0VP,𝑴𝒂𝒄𝒆𝒌❤️‍🩹,0xffff8afb,28000337,59894,55,Mystic Force
55,#8GRVVGJ9Q,E1|Samuel🐬,0xffff9727,28000347,59872,56,Bloody Kings
56,#2GU8VP0CP,MIDe|Luky🌴,0xffffffff,28000242,59869,57,CZECH KOFOLA
57,#8RQ2RJ2GY,Mr. Boogieman,0xfff05637,28000343,59868,58,GreenGo
58,#92PYRR8CL,☄️cz|fíďa☄️,0xffcb5aff,28000318,59805,59,Amigos♥
59,#980RUQVQG,Yukoあ,0xffff8afb,28000014,59756,60,Andromeda
60,#YPP0GYR2U,(100L)VajtomCZE,0xff1ba5f5,28000203,59637,61,Mighty Bosses
61,#L2PRU8CY,⚔️⌁Rokaᴳᵒᵈ⚔️,0xffcb5aff,28000300,59630,62,Amigos♥
62,#9VVJULPLV,猛禽|CarlMain🪃,0xffff9727,28000015,59610,63,Staying Alive
63,#8GCYL8CVY,FG|DomiG🤍,0xffffffff,28000139,59605,64,CZ/skBorci
64,#2VJ890R,Nero The Killer,0xffa8e132,28000023,59582,65,Mighty Bosses
65,#RL00VQYC,Nicoｲ,0xffffffff,28000009,59543,66,<c9>ゑRAVENゑ</c>
66,#PCVRRP2,₩|Filip🥀,0xff1ba5f5,28000347,59459,67,Amigos♥
67,#2PG89JJPL,faZE TVMB,0xffa2e3fe,28000303,59092,68,Mighty Bosses
68,#PP0P28RJ,Mafik,0xffff8afb,28000014,59027,69,Few Og's
69,#8UVQCQY2G,𝓑𝓾𝓻𝓰𝓮𝓻♛,0xff4ddba2,28000136,59013,70,RageGaming
70,#2J0U288J0,𝑉ㄖﾌ𝑇𝐼乂ᵍᵒᵈ,0xffff8afb,28000349,58993,71,Amigos♥
71,#VVUJUGQ8,Hffirrje Cz,0xff4ddba2,28000272,58974,72,Mighty Bosses 2
72,#J202QJ20,M͜͡ḁͦr̸t҉i̸08,0xff1ba5f5,28000102,58895,73,Andromeda
73,#9VUP2LP9,MMC|Jirkaシ︎,0xffcb5aff,28000337,58887,74,Czech Legion
74,#9GRYQYGU,rajcatko ❃,0xffcb5aff,28000230,58790,75,
75,#V9LPRJ9Q,marty,0xff1ba5f5,28000318,58598,76,Amigos♥
76,#9U2RV89L9,PhoenixYT,0xffcb5aff,28000335,58535,77,Andromeda
77,#9CUUP28R8,---RP---,0xffcb5aff,28000290,58498,78,Mighty Bosses 2
78,#8RJRCYGV9,TTT|ᴍᴀʀᴛɪɴ♡︎☺︎︎,0xffa2e3fe,28000109,58434,79,ToTheTop
79,#2RGYPYJCG,玄|ιʟᴇԍᴇɴᴅ❦,0xffff8afb,28000262,58378,80,Amigos♥
80,#8GC8G8YVL,DžoLkyn,0xffffffff,28000333,58360,81,Andromeda
81,#9PLVGC0VG,Donny,0xff1ba5f5,28000348,58345,82,Mighty Bosses
82,#2V8LCYPGQ,It's FoxyBot💔,0xffff9727,28000262,58331,83,United Legends
83,#92UUP0UJP,は|ѵαԵαรร🪐け,0xffcb5aff,28000349,58306,84,Czech Legion
84,#LLRVU92,㊧ | Vorech ☔,0xffff9727,28000138,58287,85,Mighty Bosses
85,#QY9ULGV,Noopy,0xffffffff,28000063,58245,86,Mighty Bosses
86,#2J0PJLC9V,LMC|clay,0xffcb5aff,28000079,58098,87,CZECH GUILD
87,#VGQ2C2U2,Santechnick,0xffcb5aff,28000016,58040,88,НИЖНИЙ НОВГОРОД
88,#QY0VVV98,ING|Fofko,0xffcb5aff,28000305,57996,89,Brawl Kings's
89,#YPJ800J8Q,Kickboxing,0xfff05637,28000168,57941,90,Us VS The World
90,#9R9RYYCV,cristina🧸💗,0xffcb5aff,28000228,57934,91,Czech Legion
91,#8QJP8P82Q,勇|Papučky 🥀,0xff4ddba2,28000092,57763,92,RageGaming
92,#UCLURUCQ,RG | Sƙƴßα,0xfff05637,28000221,57757,93,RageGaming
93,#2P2U2CVL8,INF|Matys,0xffff8afb,28000138,57723,94,Andromeda
94,#8PRCY0CGR,slonik52,0xff4ddba2,28000349,57717,95,Amigos♥
95,#2VPR8PVUR,YTB|NAMÍK,0xff1ba5f5,28000305,57673,96,Czech Legion
96,#2CLLL8YR,LY |DominatorCz,0xfff9c908,28000021,57519,97,LY|eSports
97,#RCCVY9RP,KKT | HAGRID•_•,0xff1ba5f5,28000207,57483,98,Amigos♥
98,#9QCLG89Y8,ᵒᵖD̸M̶D̸M̶𝐂𝐙❤,0xff1ba5f5,28000322,57340,99,A Few Good Boys
99,#Q9JY99PQ,Jurcek,0xfff05637,28000272,57280,100,CZECH GUILD
100,#9LV02JVC8,SPZ | petaa💘,0xff1ba5f5,28000336,57224,101,Andromeda
101,#YRP0Q0VY,Rahbi♛,0xffffffff,28000000,57219,102,M&M💙❤️
102,#9PQV9QUR0,TomixCZ,0xff1ba5f5,28000322,57218,103,InfiniteOdyssey
103,#ULGUJC99,🕊️Wakandaa客🌴,0xffffffff,28000349,57195,104,Mighty Bosses 2
104,#20900GRCG,ALISON,0xffcb5aff,28000038,57136,105,Mighty Bosses 2
105,#PGJULQC9Y,Applee06,0xffff8afb,28000305,57051,106,『RAGE』
106,#988PP2CC9,alanosky,0xff1ba5f5,28000000,56967,107,COG|Esport⚔️
107,#P28VRLUCU,IRP|Zajdiseek↯,0xffa2e3fe,28000322,56965,108,Mighty Bosses
108,#9GJVJCRVU,Piskavec,0xffff9727,28000272,56902,109,
109,#9CRULQPLQ,𝑩𝒓𝒖𝒏𝒐💛,0xfff9c908,28000145,56887,110,Mystic Force
110,#GJ9GC0GC,Figin,0xff1ba5f5,28000334,56808,111,Energy™
111,#8UVC8CV8V,MB|ℝ𝔸𝔽ᴿᴬᴳᴱ☄️,0xff1ba5f5,28000135,56778,112,Mighty Bosses
112,#Y9C88VGQQ,SKI|Tomaseeq🦫,0xffcb5aff,28000336,56732,113,Andromeda
113,#890YV8R02,SKI|🌿Bezovec,0xff4ddba2,28000213,56619,114,Andromeda
114,#82QQ8G20C,kuba d,0xff4ddba2,28000295,56540,115,TheChamps
115,#8PL09PQ80,Majo❤️Adyss,0xffcb5aff,28000010,56492,116,Just Gods
116,#PG8CQ0JY,來|Adryx🌪️,0xfff9c908,28000044,56420,117,Energy™
117,#2VUP9LPG0,EST|Lunaあ,0xffcb5aff,28000252,56414,118,Eldian Empire
118,#8UJ8R9JQY,⚕|𝚃𝚘𝚖❦,0xfff05637,28000180,56399,119,A Few Good Boys
119,#G8JLCGLG,GoldenSt4r,0xfff9c908,28000129,56351,120,DrEaM TeAm
120,#82L2G999J,🪃在ardikk🏔️,0xfff9c908,28000020,56350,121,Elánci
121,#8GRUPRYV8,ZenBenn,0xfff9c908,28000349,56284,122,Mighty Bosses
122,#P2QUYVGGR,✨TricҜyͥΘnͣeͫ⚡,0xff1ba5f5,28000031,56273,123,Fast Fights
123,#P9RL9VUYY,🔥🎋DARKEN🔥🎋,0xff4ddba2,28000204,56219,124,RageGaming
124,#LJGJR9P,tomulin13 >.<,0xffcb5aff,28000348,56205,125,‎ ‎
125,#20LPG220C,LMC|hojiko,0xffa2e3fe,28000208,56205,126,CZECH GUILD
126,#Y9PVYJCP9,PG |David 9🔪,0xff4ddba2,28000082,56196,127,DrEaM TeAm
127,#YRG29RR2L,ṨωωɨŧɏŁøvɇsȻɍøω,0xffff8afb,28000188,56165,128,no invite!!!😡
128,#82GYUL2LY,sad konsti🐑,0xfff9c908,28000112,56081,129,Mighty Bosses
129,#PRVPVJCLP,Chorosz 🐙,0xffcb5aff,28000018,56061,130,Andromeda
130,#8QQ9JCL20,🇨🇿|Venca,0xffff9727,28000348,56055,131,YlFAN :)
131,#2C8LYJRQQ,xprux258,0xffcb5aff,28000218,56038,132,Brawlfist
132,#LG8LG0PUU,Ada ♡,0xffcb5aff,28000183,55992,133,Andromeda
133,#PQJUUJQ9V,CZ|Marek,0xff4ddba2,28000306,55986,134,CLA
134,#PQG900JYP,CWD|waysaki?,0xffffffff,28000150,55912,135,Crying Crowd
135,#8V89GY2RC,pg niko❄️❄️,0xffcb5aff,28000156,55891,136,Mighty Bosses 2
136,#P8QVV9CR9,⭐Bůčeeek⭐,0xffff8afb,28000182,55889,137,S-R-S
137,#RCURGY88,Boomber49,0xffcb5aff,28000003,55867,138,United Legends
138,#828RQY2LY,IMP|Wex,0xffff9727,28000122,55846,139,Andromeda
139,#929C2PP8L,HPK|Mâçìk,0xff4ddba2,28000101,55804,140,Hospůdka
140,#2JRLLCRL2,lolpoli,0xfff9775d,28000078,55802,141,Czech Legion
141,#99RGJQPJG,Ducky tomik,0xfff9c908,28000020,55793,142,Ducky 🐣🐤
142,#J0J80P8Q,venclice,0xff4ddba2,28000152,55779,143,czech tým
143,#LG9P0CVP,WILDCAT,0xffff8afb,28000010,55777,144,Czech Legion
144,#20YRJUGRC,✌LOLDA✌,0xfff9c908,28000291,55768,145,CZECH GUILD
145,#P90LLPV8L,FG|DaviiG🤍,0xffffffff,28000140,55763,146,CZ/skBorci
146,#28JYYGCUC,FG|Ondrra🤍,0xfff05637,28000138,55704,147,<c0>KaSırGa</c>
147,#2URL9YUC2,EVB | Rouška,0xff1ba5f5,28000233,55676,148,Amigos♥
148,#R92GGGRR,『ᴀʟʙ🕊️¹⁸』,0xffffffff,28000130,55594,149,Brawl Imperium
149,#9LP0UCVG0,RRL|ｒｏｓｔａ ¹¹¹,0xff4ddba2,28000101,55577,150,Mighty Bosses
150,#P9PUG8V8Q,CK|Dybala,0xfff9c908,28000132,55575,151,DrEaM TeAm
151,#9VRUQCGYQ,PG|Hoang,0xff1ba5f5,28000155,55526,152,InfiniteOdyssey
152,#9QQGYRCC9,EG™|Guhi,0xffffce89,28000107,55498,153,Energy™
153,#2LP8989LG,VEG|☄️$KØŘ¥€E☄️,0xffff9727,28000181,55481,154,Mystic Force
154,#9RUCJJ082,smilKo 💔🥺,0xffffffff,28000025,55426,155,Rangers
155,#2Q9GVLL0U,Juice 4 free🧃,0xff1ba5f5,28000176,55405,156,FUFFU
156,#Y8VLGYV0,HACKER ™🇨🇿,0xffffffff,28000041,55342,157,Czech Legion
157,#YJR2RL9UV,Elite metybot,0xff1ba5f5,28000349,55329,158,Rangers
158,#J98C8JVG,F K 11,0xfff9c908,28000207,55326,159,Rybicky
159,#88YUQ9J2L,MB|Nΐcΐτel⚠,0xff1ba5f5,28000024,55304,160,Mighty Bosses 2
160,#9L9PV8RC9,ɢɢ|sᴍᴜғɪᴋᵍᵒᵈ,0xffff8afb,28000349,55268,161,The Gods
161,#RR9JRVJV,kubino,0xff1ba5f5,28000141,55265,162,Xmoove
162,#8RJ0YC9RG,Renoťak7,0xffff8afb,28000023,55264,163,RageGaming
163,#Q29P89002,starfighter,0xffa2e3fe,28000099,55252,164,Amigos♥
164,#2PJULY029,痛|•Xenon🖤,0xffffffff,28000156,55215,165,StarBand
165,#9GPVP8QC8,私|Ognum亗ᶜᶻ,0xffffffff,28000000,55160,166,
166,#PUCJVUU,🌸David🌸,0xffffffff,28000312,55120,167,Czech Legion
167,#8QJPCLRC8,MATTRON,0xffff9727,28000335,55071,168,
168,#2U2L00GLV,КареX シ,0xffffffff,28000352,55019,169,Le Crépuscule
169,#V0GQG0YC,MB|Fleky 9,0xfff05637,28000132,54950,170,Mighty Bosses 2
170,#2JQ9L2Q9J,borecek8468098,0xffff9727,28000015,54927,171,Exalted cz/sk
171,#9J0L09L08,NAVI|Marw.cz亗,0xfff05637,28000019,54883,172,Rangers
172,#LLLLVVCVL,ontivikros1,0xffa2e3fe,28000259,54872,173,DrEaM TeAm
173,#9LL0P828Q,★Alzák★,0xffffffff,28000149,54870,174,Pekárna CZ
174,#8VYCRUGLG,Dave,0xffff9727,28000024,54844,175,CZECH GUILD
175,#2YU82JC8C,EZ|Wenus,0xffcb5aff,28000139,54837,176,RageGaming
176,#9RJPJL82C,SRS|ViciousMan,0xffff9727,28000280,54740,177,S-R-S
177,#2C8Q0GG0U,IX|Merton™,0xff1ba5f5,28000337,54679,178,Energy™
178,#9LGY2ULLJ,QO|FabiXik↯,0xfff9775d,28000278,54633,179,Amigos♥
179,#22LCUVPP9,Dark Angel🖤,0xffcb5aff,28000228,54621,180,🌔Last Wish🌔
180,#8G9JCGYY8,ま𝐄𝐫𝐳𝐢𝐤💫,0xffff9727,28000284,54618,181,Og players
181,#JVGQYCL0,乂❤𝔸𝕝𝕠𝕚𝕤亗,0xffff8afb,28000207,54601,182,Czech Legion
182,#9CYPRLUUC,🥀Ɫ𝐨么𝔡ī𝖓𝙂ツ,0xff4ddba2,28000136,54588,183,Rangers
183,#8UPC9JCJC,ok,0xffcb5aff,28000141,54561,184,
184,#9YPRR2Q20,Maksim_Yurevi4,0xffff9727,28000334,54533,185,Spike's Club
185,#P9YRJYU29,shrimp 98,0xffa8e132,28000349,54520,186,Amigos♥
186,#9P022PUY,GLR | Šimák ☬,0xff4ddba2,28000140,54427,187,Andromeda
187,#V22JGRY,Peppini,0xffa8e132,28000078,54367,188,Bobosáci
188,#2RGVG0URG,⛩Bs Pro 99🎋⛩,0xff1ba5f5,28000011,54300,189,Bronx
189,#22Q2UVPV8,EnergeticTobias,0xfff9c908,28000272,54295,190,Skill Issue
190,#98YPYGUP,MB|cookieCZ,0xffffce89,28000017,54258,191,Mighty Bosses
191,#809UCYC28,陰Rio❤️‍🔥,0xff1ba5f5,28000140,54229,192,United Legends
192,#2G8Q908UY,leon_,0xfff9c908,28000090,54212,193,Mighty Bosses 2
193,#9JLGJPYPG,RUN|Runner®️🚀,0xffffffff,28000135,54207,194,OLS|CLUB
194,#UYQPC80P,uhlicek,0xffcb5aff,28000182,54179,195,DrEaM TeAm
195,#PRYY9RYQC,David,0xff1ba5f5,28000272,54132,196,DrEaM TeAm
196,#P0QL880GP,Martin.mi.,0xfff05637,28000294,54106,197,more mega club
197,#9YJCR2G08,venclík,0xffa8e132,28000176,54082,198,czech tým
198,#90VC089QL,[PG]Dertrr,0xff4ddba2,28000140,54022,199,DrEaM TeAm
199,#PVY888LC,AS|🐀Sašaᵍⁱʳˡ💙,0xff1ba5f5,28000247,53984,200,
