,tag,name,nameColor,icon,trophies,rank,club
0,#8JCJV9QPL,KissaKatze ☯︎,0xffff9727,28000279,65134,1,Exalted Heroes
1,#292GQPCRC,ExD|Gargas,0xff4ddba2,28000161,64417,2,Exalted Heroes
2,#9YJJ0GGQ9,ExD | Kokkens,0xffff9727,28000020,63610,3,Exalted Heroes
3,#2GYYQ09V0,ExD | Swag,0xffa2e3fe,28000322,62057,4,Exalted Heroes
4,#G8QV28LP,ExD|Ugiga,0xffcb5aff,28000029,61621,5,Exalted Heroes
5,#VYPQ8JP,Yde,0xfff9c908,28000321,61071,6,Brawl Kings
6,#2VYCPJ2G9,Mikkelʕ•ᴥ•ʔ,0xff1ba5f5,28000020,60527,7,Exalted Heroes
7,#UVJJLQV0,ExD|ANWAAR,0xffcb5aff,28000339,59938,8,Exalted Heroes
8,#Q2LC2UG0,I’m Ahmed,0xff4ddba2,28000173,59620,9,Exalted Danes
9,#829V0PY2,ExD|Turtles,0xffa8e132,28000016,59402,10,Exalted Heroes
10,#8CQ2JL8QG,Gullermeister,0xffa8e132,28000018,59158,11,Dutten
11,#UVQ0PJ2C,SeanyBeach,0xffcb5aff,28000292,59009,12,
12,#PR0Q9RYP,savi,0xffff9727,28000064,58893,13,Exalted Heroes
13,#9QPJ8GLLQ,Elagence〆,0xffff8afb,28000175,58480,14,⛩sombre 桜
14,#9GG98CGP,ExD | Kasper,0xff1ba5f5,28000139,58103,15,Exalted Danes
15,#QCVUJRJP,友|𝓛𝓽98🥀🧸,0xffcb5aff,28000281,58008,16,Exalted Heroes
16,#9RLR90Y8,Lopol ❤️‍🔥,0xffffffff,28000076,57971,17,Exalted Heroes
17,#L2G9C9CCY,Andreas,0xff1ba5f5,28000305,57640,18,Beyond Washed
18,#8GV0PPVP,Bruce Lee🦑,0xfff9c908,28000213,57440,19,Exalted Heroes
19,#PY2U0YYQU,Solo♡𝑬𝒅𝒘𝒓❦,0xffff9727,28000224,57332,20,Moonlight 🧚🏻
20,#VPVCQQ2Q,BlackWolf,0xfff05637,28000071,57152,21,I LEGGENDARI
21,#9QQLJCCJ,Freddy,0xffffffff,28000013,56719,22,<c9>REDARMY</c>
22,#8YLV00UR,the awesome,0xffa2e3fe,28000170,56522,23,Titans Hera
23,#9GVGCLUCU,nooby primo,0xffcb5aff,28000069,56441,24,Papi's
24,#CGR9GQLG,StrykeX,0xffa2e3fe,28000331,56365,25,Prometheus
25,#9GRYC982,Sensei,0xff1ba5f5,28000272,55594,26,The Hideout
26,#2GJPUVV00,SPZ | Aspect ☯︎,0xffffffff,28000347,55525,27,Exalted Heroes
27,#P8YYGUU2P,𝓜a𝔁iツ,0xffffffff,28000221,55016,28,Exalted Heroes
28,#2VLCQGVPP,rubs,0xffa2e3fe,28000156,54608,29,Danish Minds
29,#9RQP08LY,Danny2500,0xffa8e132,28000054,54357,30,Danish Assassin
30,#22890Y9RQ,Stevie,0xff1ba5f5,28000019,54200,31,Exalted Heroes
31,#2RYRUQGGG,Gman,0xffffffff,28000317,54158,32,Exalted Heroes
32,#9GUURQQJY,🧙Ǥe𝓃ius🌛,0xff1ba5f5,28000168,53872,33,Guster desant🪂
33,#200URQR2P,Kurt,0xff1ba5f5,28000158,53713,34,Brew HaHa
34,#8J8P0L9QY,Leth25(DK),0xff4ddba2,28000167,53696,35,Flåden🐬
35,#GQJCGR99,ExD|PewDiePie,0xffff9727,28000223,53644,36,Exalted Danes
36,#8CQY8CJUU,Şค๓🤍,0xfff9c908,28000038,53588,37,Exalted Heroes
37,#VYG00P9L,Piper,0xffff9727,28000196,53523,38,Akatsuki
38,#808PYQURY,wadland,0xffff9727,28000064,53519,39,Exalted Danes
39,#QY9LYURG,#adam,0xff1ba5f5,28000350,53508,40,Katze 🐱🐈
40,#YRUU8UVQ2,◥꧁N͎a͎v͎i͎d͎꧂◤,0xfff05637,28000184,53268,41,Trust Alliance
41,#2VG8QLLG8,ExD | Tobi,0xff4ddba2,28000113,53231,42,Exalted Heroes
42,#8G2P8QCUU,Jesper M1lkyWay,0xffa2e3fe,28000228,53134,43,BCC Alliance
43,#8UPULLGUU,Vanjzz,0xffa8e132,28000160,53089,44,RC E-Sports
44,#28GLRRJ2P,74crowstar08!,0xff4ddba2,28000248,53064,45,Head Hunters
45,#8UVRCY9L0,上長 DᴀᴅᴅʏPᴀɪɴ💔,0xffa2e3fe,28000290,52986,46,🔥FENICE🔥ITA 2
46,#P2Y00Y9G0,ExD | SBVIVA ⚡️,0xffff9727,28000203,52930,47,Exalted Danes
47,#9R9PY8PG,ExD | Magnet,0xffffffff,28000128,52711,48,Exalted Danes
48,#JRCU8JLY,tottam19,0xfff9c908,28000000,52645,49,Inferno Gaming
49,#8RYL09LL9,Shadow1,0xffcb5aff,28000044,52645,50,RCN Lions
50,#Y08GYCJCV,vitooo,0xffffce89,28000123,52415,51,legendry souls
51,#2PPPCVC2R,𝔽𝕚𝕟𝕠vino,0xffffffff,28000264,52403,52,Exalted Heroes
52,#UPQG0Q20,AlGe❤️🦎,0xff4ddba2,28000179,52279,53,Top 200 DE
53,#9G2VQ8PG,nikolai,0xffff8afb,28000023,52131,54,Exalted Academy
54,#9C800QVP,AQM|SPACYTAZER,0xffcb5aff,28000352,52100,55,Centerschock
55,#YG899JC2G,Dany,0xff1ba5f5,28000347,52072,56,Frost Fusion
56,#9VYCG0RPQ,₮Ɽ₩ | ᴇɴɪɢᴍᴀ ♡,0xffffffff,28000297,52055,57,Showdown💔Kings
57,#LP9J29U8L,✯@𝓝𝓓𝓔𝓡$✯ᵗᵐ,0xffffffff,28000280,52010,58,Exalted Danes
58,#CG9GYQQC,lilsphaghett,0xfff05637,28000260,51959,59,Finale
59,#9V8LLQRGC,|Ꭿˢ𐐆𝓻𝓸|,0xffa2e3fe,28000198,51799,60,🌨️|IceAge|🌨️
60,#822JYU9Y0,ExD|Wionex,0xfff9c908,28000341,51778,61,Exalted Heroes
61,#9J8UQQYVP,红豆搭mylkyy🖤,0xfff9c908,28000296,51740,62,фаны зота 😻
62,#9QGQCYJG,Chrislampa,0xff1ba5f5,28000072,51644,63,Exalted Danes
63,#VL2PLRUY,Frekjen,0xffffffff,28000280,51620,64,<c3>Øminous</c>
64,#8GPPLL22R,chris,0xffffce89,28000202,51586,65,Exalted Heroes
65,#PGPU2UGV8,anders,0xffcb5aff,28000305,51562,66,Holger Danske 1
66,#LYY9UY2J0,physic i❤️u,0xffcb5aff,28000290,51540,67,Bergen Brawls
67,#VGPPY2QR,Scypss,0xffcb5aff,28000023,51375,68,FAMÍLIA
68,#PQ8QJ00Y9,❄️Icebaby⛩,0xfff9c908,28000335,51244,69,Ice Warriors
69,#2RPPLJPQJ,Lekritos,0xfff05637,28000002,51229,70,Castaways
70,#VQP0J8J9,QLS|Sumsar,0xffa2e3fe,28000074,51151,71,Exalted Danes
71,#Y2U2RLL92,Ask_The God,0xfff9c908,28000242,51147,72,ɪꜱʟᴀ♢ʍᴏʀᴀ
72,#RPQ99LG,𝓜𝓪𝓰,0xffa8e132,28000002,51098,73,Flåden🐬
73,#PP09CG8GG,⛩|oByczku64🎋,0xfff9c908,28000315,51094,74,
74,#ULQ8J028,you're-an-ass,0xffff9727,28000231,51047,75,Exalted Danes
75,#VQ2290U2,Joejoe77,0xff1ba5f5,28000123,50965,76,Exalted Danes
76,#8QQ0QQYGU,GamerYT,0xff1ba5f5,28000331,50930,77,RO|Push
77,#8P9CQUC8U,Kasper Sn1ckers,0xfff9c908,28000307,50904,78,BCC Alliance
78,#P9JYQ2UYC,AN | ℙℝ𝕀ℕℂ𝔼🪐,0xff1ba5f5,28000167,50900,79,Arab Nation™
79,#8Q2VJYU,terrorism,0xff4ddba2,28000021,50889,80,Exalted Heroes
80,#VJ820G28,Degner_Mite,0xff4ddba2,28000244,50785,81,Danish Assassin
81,#9QUQ90U2,DEADER,0xffa8e132,28000017,50775,82,bacon-banden
82,#R928JQ9J,$tar,0xfff9c908,28000213,50751,83,Danish Assassin
83,#20C89GL00,Dropkick69,0xff4ddba2,28000163,50666,84,Club Lauli
84,#8LUJQ2G08,TS | Mario,0xffa8e132,28000317,50649,85,TookaSquad
85,#PQVUR0UG,trashbjôrn🗿,0xffffffff,28000018,50608,86,Flåden🐬
86,#8PJQ0LJG8,⛩|Freddy64🥀,0xffcb5aff,28000207,50473,87,Danish Assassin
87,#9G229YYYQ,KsG|Strong⚔️,0xff1ba5f5,28000156,50393,88,
88,#2Q9Q8CL02,gabitheking,0xfff05637,28000348,50352,89,SKÆRSILDEN
89,#VYVJ88Y8,LegendAsa,0xffa2e3fe,28000349,50325,90,Holger Danske 1
90,#89VYVVJ28,JSP | PAIN,0xffffce89,28000103,50246,91,The Hideout²
91,#YYPJQVLQY,ᴛʜ ͥᴇᴀʀ ͣᴛ ͫɪsᴛ,0xffff8afb,28000226,50117,92,Crack_Heurs〽️
92,#P82U92JVC,BS DER ZOHAIR,0xffffffff,28000139,50102,93,Kɪɴɢ | ᶻ🖤
93,#8YGGVCGV,𝔉re𝐝eri𝖖ue🗿,0xffcb5aff,28000111,50101,94,Flåden🐬
94,#9QVC0PCL,Noopel,0xffa8e132,28000112,50073,95,
95,#8JQLP2P0Q,Benibob✨,0xffff9727,28000272,50035,96,The Animals
96,#2QUGV2R2U,Magxel,0xff1ba5f5,28000138,49941,97,Exalted Danes
97,#RCY2UL2C,SørenShow,0xffffffff,28000002,49750,98,HæmoRidderne
98,#9C8G0LGJP,Danish Assassin,0xffa8e132,28000032,49723,99,Party Brawlers
99,#9YLJ0JCV8,*VENOM*,0xffa2e3fe,28000183,49723,100,BanDoSS
100,#222YC0RQ8,TheStar229,0xffcb5aff,28000330,49634,101,Holger Danske 1
101,#VLLURQ99,gede24,0xffff8afb,28000349,49565,102,Exalted Heroes
102,#8PV90UYQ,EzChamp,0xffa2e3fe,28000291,49524,103,PassTheDoobie
103,#98JPRJRQQ,sveni_boy,0xffa8e132,28000073,49514,104,<c4>をRAVENを</c>
104,#20LGVCLY0,marksne,0xffffce89,28000022,49507,105,Amba Boyz
105,#929Y9P89,Eskully,0xff1ba5f5,28000052,49499,106,Exalted Danes
106,#PG9CY2PRV,LivsPatter🍒👙,0xfff05637,28000254,49480,107,Monkey Mind🍻
107,#2RJ0VVQGU,Djanzz,0xff1ba5f5,28000175,49390,108,Danish Assassin
108,#2U290JQJU,Sp3cial K,0xff1ba5f5,28000294,49388,109,Exalted Danes
109,#8JJUJGVY,TwitchShusu,0xffffffff,28000023,49387,110,UK’s Immortals
110,#9QJ08PR8,Frederik,0xffffffff,28000262,49192,111,BSDK
111,#8QR2YQQVV,𝙶𝚘𝚔𝚞♡︎,0xffffce89,28000136,49130,112,RisingStars 💫
112,#PVYLVVJPY,GustavusDypolus,0xff1ba5f5,28000305,49125,113,ZAP
113,#PJL2GQ2V,Sonn3,0xffff9727,28000247,49061,114,Danish Assassin
114,#PLPLPLJJV,Audi R8,0xff1ba5f5,28000175,49036,115,Danish Pandas
115,#UQ8ULUPG,ZOM|Z0ulZ⛩️,0xff1ba5f5,28000278,48934,116,
116,#9UJCV2Q22,giroudermanden,0xff4ddba2,28000164,48900,117,Fader Ols klub
117,#2YLUPJ02L,ステラ | Mei,0xffff8afb,28000177,48684,118,Exalted Danes
118,#929GP2GU9,MF Henrik,0xff4ddba2,28000095,48671,119,bro’s be bros
119,#929RGU90,🥷🏽ᵐᵒᵇ⁰ᵇˢシ𓅷,0xff1ba5f5,28000207,48613,120,rygerkluben
120,#U2V0CRJU,_DUBCHIK_,0xffffce89,28000017,48592,121,Scorpix Team
121,#989R20PLQ,Mr. Dufis,0xffffffff,28000308,48509,122,Śmieszki Miłka
122,#8200Q9GP,Sensifer,0xffcb5aff,28000334,48492,123,Team Synergy
123,#8LGQVYC2L,🦄🌹|🌆ㄥ∑ɢ∑ηのᶽ〽,0xffcb5aff,28000228,48489,124,
124,#2P29PVCR,SkellyDK,0xffff9727,28000128,48475,125,bacon-banden
125,#88GQUQ80,ДРИНКИНС,0xff1ba5f5,28000262,48383,126,АРМИЯ
126,#8UGR8290Q,ExD | Joegainz,0xffcb5aff,28000156,48323,127,Exalted Danes
127,#VYRCQGRC,☣Møhæ_015a☣,0xfff05637,28000260,48264,128,7A 𝗜 Esports
128,#2LCC8VLCU,Sonbib1,0xffff8afb,28000301,48216,129,retired 56k
129,#LCLYG02QU,Mokey mann!!,0xffcb5aff,28000337,48146,130,𝙂𝙧𝙚𝙚K GodS⚜
130,#9ULJ0VQ2P,TX | Supra?,0xffcb5aff,28000305,48135,131,TX MASTERS
131,#U0JVY22Q,<c2>RedHot</c>,0xffcb5aff,28000156,48084,132,The Krusty Krab
132,#20PPJY90L,TheBlackShadow,0xffffce89,28000295,48057,133,Exalted Heroes
133,#PURLQUC0G,CON,0xffff9727,28000242,48020,134,
134,#2PG8U9VR0,uuuhCasper,0xff1ba5f5,28000274,48016,135,Prometheus
135,#PJ9QQ0UJJ,♥Luayx9♥,0xffcb5aff,28000175,47986,136,
136,#YU0LVYGP0,YT |RedFox,0xfff05637,28000233,47969,137,🕉STAR SEEDS🕉
137,#829GGPPQ2,Firelord,0xffcb5aff,28000276,47913,138,Aqua🌊
138,#9YJGG09P0,ARGENT,0xfff9775d,28000073,47908,139,Monkey Mind🍻
139,#LJJ22CGCP,Far011172,0xffff8afb,28000163,47858,140,a family
140,#2VP822V88,donny the duck,0xff1ba5f5,28000242,47827,141,YSL
141,#PVQG88YQ8,ExD|Kajun,0xffa8e132,28000279,47788,142,Exalted Danes
142,#28QV0C8GG,velkoz,0xffffffff,28000033,47781,143,Vengadores
143,#QUQVR2LL,Snowy,0xff1ba5f5,28000018,47748,144,les gentils 69
144,#8Q882J9VR,❦silver..xow❦,0xffff8afb,28000228,47744,145,Larient Aglagor
145,#20LVYJQPV,Loffer,0xff1ba5f5,28000148,47732,146,Club Lauli
146,#9YLY2LVL8,JuicyM,0xffa8e132,28000262,47718,147,Poopsicle
147,#PPR0C2YJ0,faze_rb,0xff1ba5f5,28000144,47687,148,The Thinkers
148,#CRJJYYGG,Ha..ha..,0xffa2e3fe,28000126,47672,149,AlexogFar
149,#9V8YJLL88,ExD|SirMudd,0xffa2e3fe,28000282,47663,150,Exalted Danes
150,#YGLY8U2CR,Hondosmomlol,0xffa2e3fe,28000305,47634,151,
151,#Q9PJP09P9,Sonne,0xffff9727,28000299,47597,152,Danish Assassin
152,#Q0GJCJLP,rookies79,0xfff9c908,28000152,47549,153,rygerkluben
153,#LYR882VV8,めおかす,0xffa8e132,28000330,47531,154,鉄華団
154,#UJGYJV8C,_Xoxolepta_,0xfff9c908,28000221,47516,155,Exotics 🐊
155,#GRVVR089,Svandefish,0xfff9c908,28000033,47503,156,Monkey Mind🍻
156,#20Q2LGYQC,Morten,0xffcb5aff,28000276,47468,157,The camps Dk
157,#298VCY2JC,.MightyMGALA_^,0xffff9727,28000156,47442,158,rygerkluben
158,#9RQ8CLRG,❄Sanji❄,0xfff9c908,28000282,47427,159,AX|Esport🉐
159,#8PRQ8Y9C9,Pyroptosia,0xfff05637,28000169,47425,160,Nummer 1
160,#VQP0UL0R,TX|CAKIE,0xffa8e132,28000151,47409,161,TX MASTERS
161,#PRC29P8YR,Mr.Sachin,0xffa8e132,28000090,47337,162,Lost Gods
162,#YCU98JQPG,uhhlookatyou,0xffa2e3fe,28000152,47319,163,Prometheus
163,#PVRY9JVV,SanSoku,0xffff8afb,28000317,47311,164,Erwachsenenclan
164,#80LQYRPJJ,AkselPingu,0xff1ba5f5,28000048,47105,165,team pingu
165,#V2YYPPCJ,ExD CoachBatman,0xff1ba5f5,28000201,47090,166,Exalted Danes
166,#8VYYL9PYJ,strain,0xfff05637,28000305,47070,167,Danish Assassin
167,#20U0JP0RP,træben,0xfff05637,28000242,47038,168,Danish Assassin
168,#9YQPRJ0J2,Ozzy,0xffff9727,28000277,46956,169,Poopsicle
169,#QQQR8UGQ,catter1,0xff4ddba2,28000252,46954,170,Cat Club
170,#9R0YJPUR,El Primo,0xffffffff,28000008,46946,171,6.x
171,#9QGRL8J9U,Rishi2010,0xff1ba5f5,28000219,46924,172,Exalted Danes
172,#2YV9V8UYL,vuffer er cute,0xff1ba5f5,28000108,46917,173,
173,#PJCY2JL80,IronMike,0xffff9727,28000331,46876,174,de tre amigos
174,#PR9VJJ9PV,Дэррил,0xffa8e132,28000175,46869,175,🚽Young Сlub🥬
175,#9C9C89GV8,tristanprogamer,0xffcb5aff,28000291,46864,176,LOVE YOU :D
176,#J2R2VVC0,DNA 0,0xffff9727,28000338,46850,177,CYBER WOLF
177,#GC98ULYL,r1ceu,0xffff9727,28000203,46840,178,Club Lauli
178,#VRYQU22V,Hello World,0xff4ddba2,28000173,46749,179,Club Lauli
179,#LGJCLLVPP,Benny,0xffcb5aff,28000262,46748,180,Exalted Danes
180,#PR0GGG90C,TheKingofR&R,0xffa8e132,28000130,46747,181,Best Friends!
181,#82PVLQL8C,Maxifren,0xffa2e3fe,28000078,46712,182,BRL Gang
182,#JG89CV9C,Nemesis,0xffa8e132,28000284,46696,183,<c5>Magic</c>
183,#PGPQU0U0Y,bach,0xff1ba5f5,28000179,46644,184,bacon-banden
184,#PUGRP0JPY,Elsa,0xffcb5aff,28000080,46638,185,Rodzinka.pl
185,#8UPQLQC82,✧Wize🪐,0xffffffff,28000018,46612,186,Exalted Danes
186,#2P9CQ0PPP,THE reaper💀💀,0xffff9727,28000331,46594,187,Katze 🐱🐈
187,#8RJ8J8U22,justizz,0xffa2e3fe,28000262,46582,188,SKÆRSILDEN
188,#2P2YUJC0L,machoman,0xffcb5aff,28000267,46511,189,KÜKÜXKLÄN
189,#9JPQCG2V0,Hydra,0xff1ba5f5,28000096,46486,190,🌨️|IceAge|🌨️
190,#88G9PYL0L,🔥Suxar1k👑,0xffcb5aff,28000023,46483,191,Holger Danske 1
191,#YPJRRPJRJ,Xpro_Pauxddx,0xff1ba5f5,28000115,46461,192,Nᴇᴏ Gᴀʟᴀxʏ🖤¹²
192,#9GUQCCPP,SHI|BLADEMASTER,0xffa2e3fe,28000168,46460,193,Superheroes Inc
193,#9QLV2QC9,ExD|guuxkæl,0xff1ba5f5,28000159,46447,194,Exalted Danes
194,#809U00GU2,Raf,0xffcb5aff,28000097,46389,195,The J/F |TRIBE
195,#88UYPR28C,сухарик X,0xfff05637,28000156,46375,196,🐵БИБИДЖАНЫ🐵
196,#9QQ0QQPP,Panum,0xff1ba5f5,28000319,46367,197,Flåden🐬
197,#PQ8GJJ98,Aplit,0xffcb5aff,28000170,46364,198,The Icy Tribe 3
198,#CG2RJR0Y,Too Bad :(,0xffffffff,28000263,46354,199,
199,#VR2CVJUG,Lasse,0xfff9c908,28000173,46344,200,Monkey Mind🍻
