,tag,name,nameColor,icon,trophies,rank,club
0,#2QU9YRJG2,Frost,0xfff05637,28000109,57430,1,Las Diablitas🧘
1,#GVRYC0U2,BB|Taha,0xffa2e3fe,28000225,56435,2,AE Kraken
2,#9C0CCCYGR,𝔊o͢ʟℽ多cͣђⁱᵏツ,0xfff9c908,28000137,55070,3,Blue Sniper
3,#28LQYYYCC,『月』,0xffcb5aff,28000139,54457,4,MSEW
4,#LR82VVU8,迅|Csabasaka✨,0xfff05637,28000116,53644,5,
5,#V2CU8UPU,VRL | krak𝖊n💞,0xffffffff,28000156,53518,6,
6,#YQ0Y2YPQL,FS|ĐarĶinğ⛰,0xffffce89,28000347,53317,7,FS|Falling Sky
7,#8GLRVYRLG,Levi💙,0xffcb5aff,28000297,51984,8,ElektroHUN™
8,#LJL2CY92G,Ａｃｅ❃Ｊａｄｅ🥀,0xffff9727,28000137,51761,9,Brawl Kings
9,#R80CYUJ2,🇩🇯Djib|Habni♏,0xff4ddba2,28000196,51525,10,Illuminate ✨
10,#2C22PC2GJ,SL|Clay6119,0xffa2e3fe,28000285,51517,11,SouL Crushers
11,#8V0GR8Q99,Grayt | YT,0xffff8afb,28000331,50751,12,
12,#U2Y9P92U,Solo|Morro🐲,0xffffffff,28000000,50000,13,Mythical Kings
13,#92RQQC9GU,Tim 214,0xffcb5aff,28000156,47937,14,GAMER CLUB
14,#229CR0GR8,Titi Le Futé,0xfff05637,28000231,47822,15,FR/FIRE ZEUS
15,#2VC9L82JQ,SL | ToxicTaco,0xff1ba5f5,28000112,47804,16,SouL Crushers
16,#92R9JPYYR,私は鶏|𝓶𝓸𝓷𝓽𝓮,0xffffffff,28000005,47432,17,
17,#PV0GU8GP2,nelly,0xffa2e3fe,28000203,46617,18,<c9>Red</c>Bull
18,#22UCRC2CC,D@V!D,0xffcb5aff,28000341,46423,19,Destiny Star
19,#2CQQ9LV9Y,☆King☆,0xfff9c908,28000073,46155,20,☠Djib-brawls🖤
20,#9Q0R8QC8J,😎BO🌟GDAN😎,0xffff8afb,28000333,46147,21,best_poland
21,#2R99UC0GG,isnovax,0xffffffff,28000349,46034,22,AH COUCOU
22,#YU2J8V0JP,丂几ĺ尸乇尺▄︻̷̿┻̿═━一,0xffffce89,28000352,45546,23,AF1|TEAM 🇨🇵
23,#92P98QQQV,MANI,0xfff9c908,28000129,45090,24,AH COUCOU
24,#909VRUUJL,QLS |DarkStar ❤,0xffffffff,28000000,44912,25,
25,#8J8GC208P,US!PAPYRUS,0xffcb5aff,28000305,44065,26,Diamond Sniace
26,#PCRQQ9PRQ,Crisp,0xffcb5aff,28000293,43825,27,filipo
27,#YG2YLV89U,Miki🐭,0xffa2e3fe,28000129,43704,28,Pionerka
28,#9Q9U82PG,⛩️|Jศʂϊű🥀,0xfff9775d,28000138,43613,29,Cactus Family
29,#L9JQJYL2G,Kaydiux,0xfff9c908,28000233,43362,30,étoile violette
30,#Q2GLR9ULQ,ナン1号,0xffa8e132,28000210,43036,31,ブロスタ公式
31,#2JUUYJV8P,蒙|Fuchs🦔,0xffffffff,28000139,42913,32,Hasi Bande
32,#99L2QV98P,shadow,0xffcb5aff,28000330,42807,33,Sw esports
33,#P9YVCPPYC,Lucifer 6.6.6,0xffff9727,28000164,42781,34,Armée d'Or
34,#G0GCCRJ2,[gold]Astaª™✓,0xffa2e3fe,28000335,42739,35,I Eat Noob
35,#Y2QUU0PJ2,radstar04,0xff1ba5f5,28000225,42412,36,Royale Gaming 4
36,#PP88GCRGL,QLS|eqwaak,0xffcb5aff,28000284,42127,37,Hamburger club
37,#9V9J89UC2,STMN| Loup 💝,0xff1ba5f5,28000219,42117,38,⛩️|Dgnᶫᵒᵛᵉᵧₒᵤ🥀
38,#L8ULJ0J,잘가^^,0xff1ba5f5,28000173,41597,39,크루원
39,#890CG28U,Barcelona,0xffa2e3fe,28000087,41441,40,PT Squad
40,#C28RJ9V,☆《ÑÛMBÉŔ 1》☆,0xfff9c908,28000132,41436,41,rush
41,#PGY8RR92,Bayern for ever,0xfff05637,28000064,41142,42,L’amitié++
42,#VRV900VR,PT|BRAWL KING🔥,0xffa2e3fe,28000271,40913,43,
43,#9PY2JPGYP,Pesh ahlawat,0xffcb5aff,28000305,40880,44,Grinderparadise
44,#2LP2J8YY0,XXXTE,0xff4ddba2,28000280,40244,45,TWO-цатка
45,#2JLPJL8RC,dread king,0xfff9c908,28000227,40202,46,⛱️ 바다
46,#2RVC8QRC2,OGS|LakiFit,0xffffce89,28000001,40199,47,Inferno Dynasty
47,#298C8YURR,YT FALLEN_ANGEL,0xffffffff,28000242,40147,48,ПИРАНЬИ-КР
48,#8Q0UR800L,gx andrea,0xffa2e3fe,28000305,40078,49,timlu
49,#Y80099QLL,OWEE|LÉO🐷✨,0xff1ba5f5,28000290,40002,50,🇨🇵|ZFR|blyzy
50,#JRLGQCJR,xXbigbavXx,0xff1ba5f5,28000301,39688,51,Futures_Stars
51,#898U0RV89,i'm dead x_x,0xffa8e132,28000224,39520,52,Ukraine Forever
52,#LL8G0G8P9,wolfmattia,0xffcb5aff,28000156,39398,53,SKYNN
53,#9YGCLRP22,𝒔𝒍𝒂𝒚 ᴅᴜᵈᵘ,0xffffffff,28000290,39302,54,Mystic Maple
54,#80UVGJYY,mamut13,0xffcb5aff,28000166,39234,55,TheStarBrawlers
55,#Y80U8CG2,金|DarkBoyᴳᵒᵈ,0xffcb5aff,28000135,39221,56,
56,#UQGJ0CPL,TTM|MooNn』,0xff1ba5f5,28000140,39064,57,mse
57,#P88G0992L,Rohino,0xffcb5aff,28000017,38948,58,Touch my Bubu
58,#8CYYP0CPU,mdr,0xff1ba5f5,28000254,38839,59,Enzo et Luka II
59,#8U9PQPGQP,Max|𝕘𝕠𝕠𝕕シ😇,0xffa2e3fe,28000341,38751,60,cheater team
60,#9YVQJ8V8J,Black_MAX,0xfff9c908,28000156,38739,61,
61,#LUR820Y8Y,Lenny,0xffff9727,28000182,38640,62,
62,#LLU00J9JJ,charko winner,0xffcb5aff,28000129,38586,63,Royale Gaming 4
63,#JRULQ28U,leon pro,0xffff9727,28000167,38434,64,PHX|PHOENIX™
64,#P2RUUQV0Y,Crowjunjor,0xfff9c908,28000348,38388,65,ViennaReapers
65,#29QRCGYCP,Mister Sun,0xfff05637,28000170,38280,66,Family
66,#9RQUCLYG8,köftespieß,0xffa2e3fe,28000170,38138,67,Waiddjj
67,#9U0GG0Q9P,OWEE|MATI🎋✨,0xff1ba5f5,28000060,38100,68,🇨🇵|ZFR|blyzy
68,#YJ9JGLGQ,ZloRanYT,0xffff9727,28000341,38017,69,<c5>月蝶</c>
69,#2QUGP9JU,GX|Arutix📈,0xffff9727,28000038,38006,70,T. Performance
70,#YLJ8QJRPR,𝕶𝖆𝖕𝖊𝖑𝖐𝖆,0xffff9727,28000132,37702,71,НОВАЯ ЖИЗНЬ
71,#8U8VC8YP8,哈喽,0xff1ba5f5,28000084,37694,72,vrde3
72,#9PY9LQL9G,FS|ÐaŕķZizøū,0xffa2e3fe,28000085,37603,73,FS|Falling Sky
73,#828LR2VJ8,/САБИР БРАВЛ/YT,0xffa2e3fe,28000015,37519,74,Master Killer
74,#Q9J2JJ8Y,Санек,0xfff05637,28000029,37468,75,🍷WineMakers🍇
75,#2Q0CV2RJ9,леон4ик,0xffa8e132,28000107,37440,76,RUSSIAN BOYS
76,#82PL28QG9,BA | Sasza PL,0xffcb5aff,28000314,37409,77,Only Legends
77,#8Q0CVPJCQ,/GiveGemmes,0xffa8e132,28000305,37273,78,le team Spikou
78,#9PYQ92QLV,BabyTape,0xfff05637,28000154,37151,79,
79,#9CRVCLJP8,𝙇𝙖𝙞𝙢𝙤𝙣𝘲⛩,0xffcb5aff,28000224,37121,80,
80,#9JRQVJPJG,Ａｓｅｄ,0xffffffff,28000288,37055,81,
81,#282VJCR22,Giorno_Giovanna,0xff1ba5f5,28000211,37050,82,广州
82,#9VQC9YJ9,Snoop dog💯🇩🇯,0xff1ba5f5,28000207,36980,83,
83,#UG89GVQQ,FZ|𝐀𝐧𝐠𝐞𝐥♡︎,0xff1ba5f5,28000021,36968,84,
84,#9QVGLGCVV,[БАН] max777,0xfff9c908,28000260,36934,85,LAST BEBRA
85,#2VYRU9GQV,I AM LEGEND@ 77,0xffff9727,28000286,36869,86,The Duck Tapers
86,#Y08U90JPQ,MoNsTeR,0xffcb5aff,28000089,36743,87,☠Djib-brawls🖤
87,#PQUG2CULL,asrın1,0xffa2e3fe,28000087,36717,88,BʅαƈƙEɱριɾҽ
88,#90VJ9Q20L,FM|The Progamer,0xff4ddba2,28000284,36626,89,The Pros
89,#2RRQYVRCL,[LP]Zloy😡GOVNO,0xfff05637,28000130,36619,90,Попачка
90,#PYPL0CGP8,Lordtop1gg,0xffcb5aff,28000156,36541,91,
91,#2RUQPR9QG,Djib|Nero©🌔,0xffcb5aff,28000095,36341,92,฿råwⱠêrs ⁴ ɆVɆⱤ
92,#9LQ2QRGG8,Evil|ᶠᵃᵏᵉ ʳᵘˢˢᵉ,0xffffffff,28000110,36281,93,MyS|ShowDown
93,#PYLPGGQL,Yaguinho,0xffff8afb,28000352,36171,94,⚡QLR|Masters⚡
94,#LQ8URY0LC,_1kishlak2_,0xffff8afb,28000076,36132,95,КИБЕРШИЛИ
95,#PY88P2LUG,☔️ッToP4iK™️,0xffcb5aff,28000175,36113,96,HAYASA🇦🇲
96,#8YCCCQC29,огуречик,0xffffffff,28000175,35994,97,🥰Frog’s Club🐸
97,#VUV8RVCV,😎BLACK STAR😎,0xffcb5aff,28000132,35972,98,UZBEK SILA🇺🇿
98,#9PRV0QQ09,я х*й*о,0xffcb5aff,28000291,35968,99,
99,#9GQCP9RQL,k17310,0xffcb5aff,28000337,35921,100,Germany
100,#PG0GQLVQ0,про,0xffffffff,28000276,35851,101,
101,#82CJ0GPPY,Alvaro845,0xfff05637,28000275,35822,102,Amazones1
102,#L2YUPQVJ9,MAT0401,0xffa8e132,28000319,35665,103,toxic 666
103,#Q29CC2UJ8,Mr lowa lowa,0xffa8e132,28000341,35660,104,RZ | Gaming💥
104,#PC8GCQJCQ,Храбрый Дед,0xffffce89,28000348,35641,105,<c3>Elites</c>
105,#QLJ2RCLP,ะゆə͜͡ʍᴏん๛🔮,0xffffffff,28000242,35578,106,¡ARRIBA ESPAÑA!
106,#2GLRQCJU8,Chicken,0xfff9c908,28000226,35575,107,
107,#9GQV9C8Y9,💛GT|𝓛𝓲𝓜𝓮🍭,0xffffce89,28000180,35559,108,
108,#U9PGPUPY,SF | Rino,0xffa2e3fe,28000035,35505,109,ESPAÑA
109,#P9YLLG9C9,HADADI,0xffa8e132,28000293,35499,110,BlackStorms II™
110,#20YGJ2982,Roshfor.,0xffa8e132,28000041,35473,111,HeyTon Brothers
111,#PUQ29JQUY,super pro,0xffa2e3fe,28000211,35438,112,🔥PRIME🔥
112,#8P8JQP0G9,⚡재율×3,0xfff9c908,28000348,35310,113,BLACK NIGHT🖤
113,#P800GRR8G,MAX HAT KNAAAX!,0xff1ba5f5,28000341,35253,114,Potatoe Esports
114,#9UUQC9LRJ,Djib|Hiso®⚡,0xffa8e132,28000286,35253,115,Royale Gaming 4
115,#8JVY8JLRQ,😈Vic_.tor👺,0xffcb5aff,28000333,35237,116,Les sans vie
116,#90UQ8CVC,leon,0xfff05637,28000352,35224,117,obracje
117,#898LQRQRV,Nikiffor,0xffffce89,28000168,35135,118,
118,#YQRJ2YCRG,NPM|FAZ3 ALI,0xffff9727,28000095,35117,119,Huracan
119,#9J82QJRL,R2H√Khãπ,0xff1ba5f5,28000249,35095,120,one side
120,#PV2PC0CVR,Куплинов Папич,0xffffce89,28000151,35031,121,Ghost Bread
121,#8C0QGR2CJ,☬✞𝓓𝖔𝖓✞☬,0xffcb5aff,28000019,35011,122,Барсук Евгений⓶
122,#2Y08UVQL2,👻💕euheg💀💪,0xffcb5aff,28000141,34955,123,
123,#908LYJJ80,vrevra,0xfff05637,28000267,34950,124,FE_F-E-Sport
124,#9JVYJPQRV,議|𝖘a𝖓t𝖊k𝖘🦎,0xfff9c908,28000138,34784,125,
125,#YRU88RJRC,el gogo 2.0,0xffffffff,28000323,34773,126,the Warriors PE
126,#28VPCCQYG,AQM/™¢key,0xffa8e132,28000348,34738,127,Fortnät
127,#2UQ9VV2V2,DAN BOOS,0xffcb5aff,28000207,34737,128,CLASS|TEAM|
128,#2QQCU2GJ9,wala le nain,0xfff05637,28000156,34736,129,pôle
129,#VLJJLPYG,Ethan,0xffff8afb,28000145,34710,130,魔王
130,#L0R0Y88GU,🩶🩶🩶🩶space🩶,0xffcb5aff,28000347,34673,131,⛩️|Ayan64🥀Wars
131,#YYV99UQGL,OWEE|VIC🦣✨,0xffffffff,28000014,34673,132,🇨🇵|ZFR|blyzy
132,#PL2028P9G,SashaVi2oii,0xfff05637,28000187,34649,133,???
133,#PU22PVU92,бухляш,0xff4ddba2,28000132,34633,134,team solyanka🍲
134,#L8P8Q9J0J,Adamkoma,0xffffffff,28000294,34556,135,🔥Slyne team🔥
135,#U8CCL80,QLS | JenyaGg💜,0xffcb5aff,28000280,34544,136,
136,#20Q8VGV0G,⚡Deadly Way⚡,0xff4ddba2,28000079,34520,137,команда черных
137,#8VR2RLUQ8,Ethan,0xffcb5aff,28000125,34406,138,beteu
138,#2VVG2LUUV,звір френд,0xffa8e132,28000261,34343,139,I don’t know
139,#JYPC00JU,cedric,0xff1ba5f5,28000129,34321,140,OMMA
140,#JVRQ0J8,☢KEN☢,0xff1ba5f5,28000294,34290,141,Messi Ronaldo
141,#Q9YULPYJ,$_$_Lime4ik_$_$,0xffcb5aff,28000294,34276,142,We like men
142,#8L8VCPC8G,ericleo,0xfff05637,28000347,34251,143,GORDITOS BS
143,#8P9G822UQ,PatKa³⁰⁵,0xffffffff,28000023,34204,144,PANKEJKI🥞😜
144,#220GCQLYY,علاء,0xffa2e3fe,28000041,34155,145,Bunny Gang :D
145,#2C2CV8QP,hawk√ahmed,0xffa2e3fe,28000348,34151,146,one side
146,#289G9G90C,One. For. All,0xffff8afb,28000255,34117,147,☠Djib-brawls🖤
147,#PU9CPP0J8,Universe 🕯🖤,0xfff9c908,28000211,34107,148,3LUU_GAMER
148,#P20VQVGP0,kelax,0xffa2e3fe,28000224,34082,149,France
149,#22QP889Q9,MIROVOY-OXOTNIK,0xff1ba5f5,28000168,34081,150,быдлопаб
150,#Y28LUPGY,❄️DÈVÍL|64⛩️🥀,0xffcb5aff,28000332,34029,151,shy guy
151,#8JQQGU2YU,скорпион,0xffcb5aff,28000246,34007,152,WolfTeam
152,#92LC90YQQ,SK|Lucky 🎲♣️,0xfff05637,28000155,33966,153,
153,#8R8CCRG88,новый год☃️,0xffff9727,28000335,33889,154,Big Bank II
154,#PVJYGLGUJ,WORON,0xffffce89,28000132,33865,155,
155,#8082UP00P,caro,0xffffffff,28000017,33820,156,Mario pro
156,#PU2PCV0PP,NAVI|MUHAMMAD,0xffffffff,28000207,33807,157,✨SÆßŁE✨
157,#2PGJ0YJ0J,NOLIK_2009,0xfff9775d,28000297,33784,158,NøM|NøMercy
158,#2R99QJ82P,Alex,0xff1ba5f5,28000305,33737,159,les BG de BS
159,#920VJGL90,DiViNiTY Elwa,0xffa2e3fe,28000284,33729,160,the craque
160,#80YRJLJYP,OGS|Brhopnizeee,0xffcb5aff,28000292,33725,161,Inferno Dynasty
161,#92RQVPULY,抱歉插錯洞我知道你很痛,0xffcb5aff,28000031,33706,162,傷心的人尿尿最大聲
162,#QCVUU00P,Yanis,0xfff05637,28000311,33696,163,🔥/re_streng/🔰
163,#YGGGCJP8L,yahya,0xffcb5aff,28000330,33687,164,♡Team djibouti♡
164,#VCV0YJ8L,DECAFLEK,0xffcb5aff,28000335,33677,165,DutchChamps ™
165,#QQ92QRR8Q,Roméo,0xffa2e3fe,28000211,33657,166,LJK gang bro
166,#LJ0C8Q0G,Noughy,0xffffffff,28000000,33646,167,team balek'
167,#20UVPYCQ8,FoxeTv,0xfff05637,28000267,33637,168,BRQ✨
168,#LYJRU9G9Y,dylan,0xfff05637,28000314,33628,169,bridy
169,#L9G9J8220,BoVan,0xfff9c908,28000254,33611,170,derpy pigs
170,#UU9JJC8J,DRACILORD,0xfff05637,28000066,33579,171,Les moutardės
171,#9UQRG2098,ｇｘｄｄｘｍｎ个,0xffcb5aff,28000058,33562,172,
172,#UG8PGYG2,dazdahir,0xfff05637,28000075,33542,173,DABSTARZ
173,#PGQQ82GP9,путь леги,0xfff9c908,28000341,33521,174,BobaClub
174,#VQQVYU29,💙XtrêmeItachi™,0xff1ba5f5,28000290,33489,175,tiptop
175,#LG9L9R98Q,Mystery boy,0xffa2e3fe,28000148,33432,176,Mystery|Brawl
176,#L8UGU0YRQ,Tomas Shelbi,0xffa8e132,28000273,33401,177,tok banda 😈🐬
177,#P2GV9UGP0,davisituuu13,0xff1ba5f5,28000037,33377,178,Piirulodka
178,#29PURLYLV,тим аб тим,0xffcb5aff,28000335,33351,179,<c4>Myths</c>
179,#P2R2R2YLP,pro,0xff4ddba2,28000332,33332,180,
180,#2R2Q2YULQ,KRIPS,0xfff9c908,28000228,33300,181,
181,#20L9P00CL,ÍţŝBlâĉķPâņţĥéŗ,0xffcb5aff,28000302,33294,182,VD|VENDETTA
182,#898Y80VJ8,OP|poito,0xff1ba5f5,28000224,33242,183,Croatia lions
183,#829QGYJ,jenarvaezg,0xff1ba5f5,28000305,33209,184,team puma
184,#P09PP2QGV,DR|CELESTE,0xff1ba5f5,28000249,33154,185,Dark Rifle
185,#2VUPP0PUR,Sniper,0xffa2e3fe,28000129,33138,186,
186,#89L2C2Y0,JOAQUIN™,0xffcb5aff,28000188,33093,187,Cactusinis
187,#LUCGUY9CU,iMohamedzaki,0xfff9c908,28000273,33091,188,Bunny Gang :D
188,#PY9YRQ8Y0,🌵PABLO|Picaso',0xffa2e3fe,28000132,33044,189,klasowe wariaty
189,#RVQYJPJC,vlabislove,0xfff9c908,28000175,33042,190,~Myth_Arrow~🕸
190,#20YY92YU0,——ide——,0xfff9775d,28000170,32978,191,Hydra Valhalla
191,#G20YJYGL,JM|Delozix🦋,0xfff9c908,28000044,32960,192,
192,#8VC2R2VU0,Shadow,0xffffffff,28000058,32928,193,
193,#2LPR2GLVV,Pro Vital,0xfff9c908,28000170,32911,194,(ПОТ)банда.ru
194,#9R9YRPJYL,Leg҉e҉nd҉a,0xffa2e3fe,28000254,32892,195,KitYT_10k
195,#QU8QJCLPV,boba fett,0xffcb5aff,28000314,32889,196,☠Djib-brawls🖤
196,#L0YUYGJC9,rage pas tesnul,0xffff9727,28000260,32877,197,Diosh
197,#29CL22J88,CM|Kev|π☔,0xfff05637,28000139,32875,198,Browl pros
198,#PRYRYP0PL,Oxalat,0xffcb5aff,28000210,32868,199,
199,#999GLVQUL,IG~YENDOE~,0xffcb5aff,28000305,32827,200,<c2>GS</c>|BJK
