,tag,name,nameColor,icon,trophies,rank,club
0,#PQYJ2CC99,EDC| MrEdu 🖤✝️,0xffcb5aff,28000335,54279,1,RG|Gaming🪐
1,#9QUQ00PLY,『𝙲𝚛𝚎𝚐𝚘𝚗哈』,0xffff9727,28000273,54135,2,Twin Cities Clb
2,#99JCQV82L,brayan22,0xffff8afb,28000018,52728,3,SIABUENO
3,#88YJG9GPY,vendetta🐙,0xff1ba5f5,28000300,51592,4,
4,#U2CRVG2J,Kwanny🩸,0xffa8e132,28000224,51279,5,NightFall Skyes
5,#9U9UQLJL,cachorros lindo,0xffff9727,28000347,48564,6,Coquita De Piña
6,#9GGC0JP8P,MAQUIAVÉLICO,0xfff9c908,28000310,47660,7,Maquiyt
7,#9PPY09UL9,𝚃𝚘𝚛𝚒𝚔𝚘🌙,0xfff9c908,28000235,47030,8,Goliathus💫
8,#8P2V0J8UJ,Артём,0xffa8e132,28000228,46686,9,Brawler•_•Team
9,#9L8CPGY82,_BATRUSKA_,0xfff05637,28000107,46211,10,Ac Milan Luxury
10,#98QY0UJCU,em 2.0,0xffffffff,28000221,45487,11,RD MASTERS
11,#22PJ8VPP0,KINGKUSH,0xffcb5aff,28000332,45411,12,King Club
12,#20GQU02LR,DM,0xfff9c908,28000221,45330,13,
13,#PG98JUYG2,Harry Potter,0xffcb5aff,28000207,45241,14,BallistiX
14,#PL9C20C99,✓RuLeR|YT✓,0xffcb5aff,28000305,45062,15,портовая мафия
15,#PUJYVJ2Q9,Solo💕windyy,0xffff8afb,28000023,44519,16,Solo💕Gang
16,#20RYUCL8Y,羊|C̶a̶p̶r̶A̶™,0xffffffff,28000018,44412,17,Italy King
17,#PGYRVPP8J,château,0xffa2e3fe,28000273,44294,18,onrushlemégapig
18,#20RCY8UP9,☬ᶜᴿᴬᶻᵞkíllєr:𝟹,0xfff9c908,28000168,43849,19,duelBs
19,#29CCV20CC,пэм ворон тара,0xffcb5aff,28000285,43330,20,Reeeee
20,#2RUCVJJYY,Nightmare,0xffa2e3fe,28000352,43149,21,estonians 8000+
21,#8VU09RUUV,ЧИТЕР777,0xffffffff,28000139,42684,22,пуш 50ка
22,#8YGC88VQ0,king,0xffcb5aff,28000014,42444,23,Team Brawel
23,#PULQRG8J0,[BAN]Алёша,0xffcb5aff,28000254,42085,24,Phönix Rising
24,#P2C9RRRPY,᭄ĐʀᴀɢᴏƝ🐣💛,0xfff05637,28000138,42027,25,Dark kings
25,#L0LJ0VUPU,bavid nomal,0xffcb5aff,28000348,41871,26,ESTO ES LATAM💙
26,#2GLVYQ20Q,™ΩmakapakaΩ,0xffffffff,28000305,41868,27,Legión Omertá
27,#208888YG9,KARANLIK LORD,0xffa2e3fe,28000332,41495,28,YÜZÜK KRALLIĞI
28,#2YVU8UR8G,®️Toxıc💔🎴,0xfff05637,28000023,41401,29,COLT THE BEST
29,#89LYQQ08V,🔥TL |henry2,0xffcb5aff,28000335,41206,30,[MEGA KINGS]
30,#PGUU22PVY,7383,0xff1ba5f5,28000129,41172,31,Popugai
31,#9QVL08PRJ,🐻Cooman🐻,0xffcb5aff,28000002,41125,32,
32,#2Q2C8L2G8,☆fiery☆,0xffa2e3fe,28000305,41009,33,Goose Of God
33,#9VQ29UYY9,[NE]Thekomantor,0xffffffff,28000096,40945,34,CHILENOS
34,#8L2VCVQ02,sherbet/juice🌊,0xffffffff,28000233,40744,35,<c0>PJ</c>
35,#PUV8Q0YVL,sharik🎈,0xff1ba5f5,28000282,40737,36,Heavy Wreckers
36,#UUJQC9V9,Wenas🎧,0xffcb5aff,28000221,40546,37,Клуб:  #20RLRC8JR
37,#2QQL80YCP,ᶜᴿᴬᶻᵞ𝕄𝕠𝕣𝕥𝕚,0xffa8e132,28000016,40542,38,《Danger Master》
38,#Y28C9G2UL,Kuzo,0xffa2e3fe,28000042,40538,39,Free WiFi ⛩🥀
39,#P9R02QYC,Tİ(G)ER 88,0xffff9727,28000320,40375,40,Bye😢😞
40,#9U8Y2PV0,DR. BNL,0xffcb5aff,28000349,40359,41,<c0>Astro➿</c>
41,#2QV0GVU,TP|YEYO8453,0xffcb5aff,28000018,40218,42,Yeyito
42,#PRJR9JUR,дачник_48,0xffa8e132,28000259,40002,43,хитрые лисы
43,#22GQRGR9U,hi_jey,0xff1ba5f5,28000129,39632,44,AceTime©
44,#888J2RU0V,бульбулятор,0xfff9c908,28000156,39366,45,КАНЮПЛЯ ЗАЙДИ
45,#9PYP8YUQ2,SAMUEL,0xfff05637,28000082,39328,46,alessio
46,#2GU8CQU8,意思|PᴏᴡᴇʀСᴀᴛ🌌🖤,0xffff9727,28000196,39251,47,ASES
47,#2JV90LQGQ,Midori JT,0xffa8e132,28000273,39226,48,Dylastia
48,#L0L2UCVY,⛩👻Navi|REALITI,0xffcb5aff,28000060,39074,49,хороший клуб
49,#PVUYG8U9,ICHIGO,0xffcb5aff,28000301,38993,50,FreeTash
50,#PYQ8VPVQP,КоТэ С NoЖом1,0xffff9727,28000132,38841,51,глав Б.И.М.Б.А
51,#JR809Y80,koth|poof🐢,0xffcb5aff,28000219,38822,52,
52,#82G8LJVJ,👀You_Next👀,0xffff9727,28000226,38763,53,
53,#P82JLC8P8,Богдан Великий,0xffffce89,28000132,38612,54,<c0>Milky</c>™️
54,#PJYUJ8JJ8,🍭Fiksiddlesᴷⁱˡ,0xffcb5aff,28000048,38219,55,Uqien Gaming
55,#2GLQYPG2P,OG,0xffa8e132,28000008,38102,56,wislander
56,#UL88LYGU,🌙Měädñiğht💤,0xff1ba5f5,28000314,38029,57,Cactus Gaming
57,#9YY2QJPUR,🔥oГoНёK🔥,0xfff9c908,28000341,37883,58,IX Dragons
58,#90RPVJ8VG,ULA,0xffcb5aff,28000156,37865,59,_BrawlTower_
59,#222PRG98G,PabloMBMA,0xfff05637,28000008,37851,60,
60,#QQ0P8CVR,castles,0xffffffff,28000255,37836,61,
61,#PV99P8GQC,крейг такер,0xfff05637,28000279,37824,62,Paradise 🏝️
62,#8CJ2LV98G,Herr Wurst,0xffff9727,28000303,37545,63,FC Wadenkrampf
63,#2CGYRCJ2G,MinefigePlay,0xffff9727,28000167,37542,64,Popugai
64,#822GPYGLV,boba228,0xffa2e3fe,28000228,37448,65,ABU|BANDITS
65,#2YPU2RQ8V,it's Wadya?🖤🐋,0xffffffff,28000139,37391,66,bloody squad🥱
66,#YG2R0U8VY,Thiago🇦🇷🤙🏼,0xff1ba5f5,28000310,37385,67,Antullancos🤑
67,#8J8V2U99U,myasin358,0xffa2e3fe,28000141,37371,68,eBs'eSportS
68,#22QL08JGC,Galacticus,0xff4ddba2,28000101,37280,69,King James
69,#290QUJC0Y,⚡BS|Cyrax 11,0xffffffff,28000098,37223,70,MecaBrawl<Bs>
70,#8RG89RG08,CRONOZ X,0xffffffff,28000148,37219,71,
71,#L2L0RP0UY,chester,0xffcb5aff,28000288,37202,72,فندق VIP
72,#8GYURYRPQ,XO PANDA,0xffcb5aff,28000305,37132,73,
73,#2Y0V2LGUR,tomar753,0xff4ddba2,28000057,37058,74,
74,#8YPPCYJ2J,Willer2009,0xff4ddba2,28000170,36986,75,Garra Brawls
75,#8L8R9UJPY,NINJA,0xffa2e3fe,28000134,36904,76,Bonnie's clubs
76,#L8GQ9CUC8,под(Матвея),0xffcb5aff,28000352,36849,77,ЭДГАР
77,#8CPVJVLCL,Mich💗🤭,0xffcb5aff,28000113,36791,78,Treborsitos🥵
78,#8VG8GP98L,GT|Scorpius,0xffa8e132,28000297,36722,79,CYBERSPORT TRIT
79,#9Q88JPCL8,UA|fantom🖤,0xffff8afb,28000330,36656,80,Organization UA
80,#89PRC0R0U,Rapha2,0xff1ba5f5,28000084,36605,81,
81,#8VQ290PV9,11:11,0xffcb5aff,28000310,36601,82,Brawl Stars
82,#8Y9J098QC,Я ТОКСИК АХАХАХ,0xfff9c908,28000132,36376,83,🥀~BeZYмNыE~🥀
83,#PPRU09QVQ,jhorniel,0xffa2e3fe,28000273,36316,84,muñecalvitos
84,#98CJPQVYJ,maximplay797,0xffa8e132,28000210,36316,85,Fist armi
85,#89LR2G0LQ,Berat yt pro,0xff4ddba2,28000157,36275,86,FUTBOL SEVERLER
86,#PGQL9PV08,MARKUS XDDD,0xfff05637,28000187,36267,87,Golden pig
87,#809VJUCPV,tomar753,0xff4ddba2,28000295,36246,88,SB|Maestro05
88,#QCL929LP,Семён нубик,0xffa2e3fe,28000272,36207,89,Krasse Dudes 12
89,#2QC28GR88,Brawler,0xfff9c908,28000322,36151,90,
90,#2CJV29PLP,オシャ仏,0xffffce89,28000046,36036,91,
91,#JRG9CURQ,supreme[Rusl],0xffcb5aff,28000023,35953,92,VG Galaxy
92,#Y2LC09G8L,Raphaël|798|💎,0xffff9727,28000347,35950,93,massacreure
93,#2R2CRP8UU,DmDeAl,0xffcb5aff,28000280,35893,94,🧻FIRE🔥KINGS👑
94,#8UPUUVVGQ,望系|ϟᴀʀᴇȿȿᴠᶍᴢ❦,0xffffffff,28000241,35888,95,Рабы W1ar4ik'a
95,#8RGU02PL2,Зверь,0xffa2e3fe,28000126,35664,96,Polish🇵🇱Fame⚔
96,#L99R9R0V,lehanыч,0xfff05637,28000226,35635,97,Урааа
97,#PG0000Q,BHARATH. s,0xffa2e3fe,28000156,35606,98,
98,#8VCUYPRPC,s k t,0xffcb5aff,28000335,35560,99,《TRASHERS》
99,#PCL08JCPU,ArG👨🏻‍💻,0xffff8afb,28000332,35450,100,GGWP | Gaming
100,#P2CU2VCQV,CM|Fly🖤,0xffff9727,28000132,35435,101,ｃｕｒｓｅｄ👻
101,#820VU9G9Q,FAbulous个,0xffffffff,28000348,35394,102,чзя
102,#9V9JCQ908,Elprimo,0xffa2e3fe,28000272,35128,103,
103,#2V2V98RQL,겸.,0xffffffff,28000335,35106,104,
104,#9QJRV2PJ8,'CitruS',0xffcb5aff,28000014,35098,105,End
105,#LJRRG9P9Q,Грянд мастер,0xfff9c908,28000137,35073,106,B/AYRAN\S
106,#20UYC9GUV,puppeteer 🎭,0xffcb5aff,28000023,35059,107,fight club
107,#9UQLCCUQ,⚡️UsTa⚡️,0xffa2e3fe,28000290,35035,108,KÜL
108,#2U8U8PLGL,kosta,0xffffffff,28000139,34990,109,Хог хyй coce
109,#2C882QJC8,™jose777rey😎,0xfff05637,28000203,34911,110,La Familia ❤️
110,#P98CCY8Y,Hawks🎴,0xffa8e132,28000286,34808,111,
111,#9LCVQJ908,CM|Julian,0xffffce89,28000333,34686,112,Bubble Academy
112,#2Y09PY02P,Андрій,0xffcb5aff,28000352,34479,113,🎁🎁ПОДАРКИ🎁🎁
113,#2YLJ20RLL,Entity 243 pro,0xffa2e3fe,28000132,34426,114,CYBERSPORT TRIT
114,#8VUU0LPCL,busbus,0xffff8afb,28000006,34376,115,brawlstarspost1
115,#9R0220RC,СМЕРТЬ,0xffcb5aff,28000310,34367,116,JAPANブロスタ委員会
116,#U0CPU99V,⚔️Jøking⚔️,0xff4ddba2,28000175,34343,117,
117,#P2YVJJ2LR,yaneex🖤,0xfff9c908,28000223,34289,118,°PARADISE°
118,#8JCYCPU9J,CoolDiamond,0xffcb5aff,28000044,34283,119,Royal Hell
119,#2L2Q82CQQ,JIeXa™,0xffa2e3fe,28000254,34270,120,
120,#2YQ9R88CQ,El escorpion331,0xffcb5aff,28000000,34213,121,Tirith🥀
121,#80G9LY2U0,P$W|vørtex🤡,0xff1ba5f5,28000029,34211,122,
122,#PVUGR0CRL,viwms,0xfff05637,28000010,34151,123,Shadow Realm
123,#8VYL8JJ0R,Спайк,0xffcb5aff,28000170,34095,124,
124,#88JUPJVC8,✌️Ramazan✌️,0xffff8afb,28000301,34092,125,Baby Loco
125,#9Y80LLC9,Legendarios,0xffff8afb,28000017,34071,126,Sabor Aperitivo
126,#LUG2899J0,SE|Nekis,0xfff9c908,28000132,34066,127,Killers Empire
127,#88G8L209C,PERZİVAL,0xfff05637,28000223,33914,128,PaRzIvAl
128,#2U82G0U0L,LEON_PRO,0xff1ba5f5,28000129,33895,129,Матриархат
129,#JPY9J0YL,MASTERCHEF,0xffcb5aff,28000017,33839,130,SŞ|AnzK~🖤
130,#PP0L88VPJ,DOC,0xffcb5aff,28000335,33834,131,<c5>LGL🔮</c>
131,#YP00RVP0C,cirtofolo,0xff1ba5f5,28000310,33824,132,AMBRA CLUB🔥🔥
132,#9J898CCG9,samurai🈵nani,0xffffffff,28000297,33761,133,собакин из ада
133,#8QP0U2R9P,Bahgi 3,0xffa2e3fe,28000189,33712,134,Local Boyz
134,#29LYU08,Семён,0xffa2e3fe,28000170,33636,135,The last Golag
135,#8GVG8LPY8,❤Дядя Френк❤,0xffff9727,28000347,33613,136,КАБАНЫ
136,#92Q9JVRYV,starr park,0xffffffff,28000254,33582,137,Insert Gaming
137,#9GCU8PCC,⚔️Mr Light⚔️,0xffff9727,28000077,33560,138,Спящие Легенды
138,#8JPVR08JP,TR#Zehir!:,0xffcb5aff,28000018,33503,139,kupa kasma
139,#200UGGG8L,MrFlow4ik,0xff1ba5f5,28000014,33479,140,☔️ᶫᵒᵛᵉᵧₒᵤツ™〽️
140,#9U0YL8Y08,migs is cool,0xffa8e132,28000274,33468,141,Guapos11
141,#G9Y20288,Ayşenur prenses,0xffcb5aff,28000073,33430,142,Dujuva
142,#9U2U82VQ,Shadow wolf,0xffa8e132,28000345,33404,143,O<c0>ne</c>
143,#29GUQ8YLL,🥀Iced_Cave🤧,0xffffce89,28000139,33378,144,Absolutes?💔
144,#YJR9YJ88L,Tokyo's Revenge,0xffffffff,28000347,33332,145,Goofs & Goobers
145,#P9PYLPQRJ,kiler,0xffffffff,28000174,33313,146,Wicced Killas
146,#V9CLVC22,MySelf,0xffcb5aff,28000273,33261,147,classic nl
147,#8VLGYQQYJ,Spasey [X],0xfff05637,28000004,33244,148,ZQ|trio 🕸
148,#2PCYRLCUQ,GIULIOgamer2010,0xffcb5aff,28000290,33220,149,AMBRA CLUB🔥🔥
149,#8L8U8YRGC,лолла,0xffa2e3fe,28000168,33100,150,Masha teams
150,#R0GYUGGL,PSL_Lol345,0xffa2e3fe,28000095,33082,151,pibes y pibas
151,#8U9U9QPJ0,💚Kséver_Dark🖤,0xffa8e132,28000272,33045,152,
152,#9JV9GYLRP,⛩|CrawL64🎋,0xffcb5aff,28000305,33001,153,REİS 🔥
153,#CLJLLRVC,QLS|Dani Xs,0xfff05637,28000219,32993,154,💢DUB CLUB💢
154,#YQ9CC8P0U,👑|Lima|TLG,0xffffffff,28000139,32941,155,BB|BakedBeans™
155,#98Y9GQ828,Вика Love,0xffcb5aff,28000284,32899,156,Клуб:  #8PPJG09P
156,#V0ULRL,[S]Mark,0xffa8e132,28000151,32879,157,приветики
157,#2L8QLV8P2,🔥ms | pasha🐔,0xffcb5aff,28000248,32857,158,Glitch
158,#P0CQCRJL2,🇹🇷🇹🇷🇹🇷,0xffffffff,28000017,32800,159,End
159,#YJGU0QUY9,teropevt,0xff4ddba2,28000076,32767,160,💜Violet 💜
160,#9U902YQ0,ʙʟᴀᴄᴋ ᴀɴɢᴇʟ♡,0xffcb5aff,28000222,32728,161,top 2.0
161,#JJLGY2G0,YT| Michael man,0xfff9c908,28000132,32724,162,
162,#2ULG0VVYP,😎Oozy_Top😎,0xffff8afb,28000091,32700,163,КИБЕРСПОРТ
163,#L0QQ02PLR,cute💗kan8ki🐙,0xffffffff,28000139,32670,164,bloody squad🥱
164,#9VGPRGPUL,gls/ᴀʀᴛᴇᴍ,0xfff05637,28000226,32656,165,SAWK INDUSTRY'S
165,#PCUV0UVV,SANDY140,0xfff9c908,28000164,32576,166,
166,#89VQRL8VY,Боец,0xff4ddba2,28000165,32551,167,блэк рашары
167,#88PU28Y9P,Shadow-ghost,0xffcb5aff,28000224,32547,168,Razing Chill
168,#PUJ9L8P9,⛩️ÃRDÃ⛩️🥀,0xff1ba5f5,28000259,32481,169,Ninja Turtles🐢
169,#LVR98RLGY,Ümit Talha,0xffa2e3fe,28000305,32442,170,`Zøne
170,#299VVYCCR,Разбойник,0xfff9775d,28000180,32393,171,Legendary🧊💕
171,#8YUV8QJQ2,LazKopaT,0xff4ddba2,28000041,32359,172,
172,#9QQRRYCLC,El pepe pvp,0xffff8afb,28000305,32320,173,The SAINTS
173,#P02VL2PPJ,❤ANN PRO❤₩🤜🤛₩,0xfff05637,28000155,32310,174,BC|Academy
174,#Y9Y98R8JU,emilo,0xffa2e3fe,28000352,32308,175,najlepsze trio
175,#LVQ8RLJR8,mecha-crow,0xff1ba5f5,28000317,32268,176,klasyka
176,#2UR9VC0QU,Thomas Partey,0xffcb5aff,28000265,32227,177,German Ü20 Club
177,#80URGLLVQ,Игнатушитель,0xffffffff,28000228,32124,178,Клуб: #2RVQVJRPR
178,#JQPPPCY9,LEON,0xffa2e3fe,28000319,32107,179,NASA
179,#9RCVUUCC8,(жмых)давидыч🍻,0xffcb5aff,28000139,32088,180,✨Elite Teamᵗᵐ✨
180,#2VYUURULU,Sawadar,0xffcb5aff,28000274,32059,181,
181,#9YV0PGJCR,Milor,0xffa2e3fe,28000281,32057,182,IronManRus
182,#VQGVCLGV,AyZ|⛩Huseyin👻,0xffffce89,28000348,32041,183,
183,#PVRJLC2R8,BBC|🍪PE4NKA🍪,0xffa2e3fe,28000330,31962,184,клуб прошек🥵🥵
184,#2RPU82RY9,вадумка,0xffcb5aff,28000177,31927,185,Podpivasniki
185,#2QVJ2JQC,JT | RPG⚡,0xffcb5aff,28000061,31924,186,
186,#PQLYUQQJ2,[ЖМЫК]ГЕН.ГАВС,0xfff9c908,28000341,31918,187,войны
187,#8Y9QPG0CJ,олег,0xfff9775d,28000170,31887,188,marcepanki
188,#98LPP890U,???,0xffa8e132,28000252,31836,189,Хаги-Ваги🤔
189,#2LPQ28PL0,трахун🏥,0xffff8afb,28000151,31823,190,
190,#LLL0CVG0,devreib22,0xffcb5aff,28000335,31804,191,THE Z
191,#99J82RUJG,depressed child,0xffa2e3fe,28000151,31795,192,
192,#8CGQJR90J,❄️Fr0sty11222 ❄,0xffa2e3fe,28000273,31767,193,Crow's Club
193,#8UY90GQ82,Jahz,0xfff05637,28000233,31711,194,
194,#9J2P00RQJ,(D21_ESMER),0xfff05637,28000331,31706,195,
195,#9VV2QGYQP,ZEWS,0xffcb5aff,28000228,31701,196,
196,#9GYV9GGQP,Suge o edi,0xffffffff,28000087,31636,197,scoala 70 gods
197,#QRRLR9YQ,Емеля,0xff4ddba2,28000003,31635,198,*EMERCOM*
198,#9Q9YCP9RR,sosy_jopy//:968,0xff1ba5f5,28000141,31621,199,
199,#GRPUQUYQ,edelweiss,0xff4ddba2,28000038,31612,200,ポヨポヨポンピラ
