,tag,name,nameColor,icon,trophies,rank,club
0,#2LGVVPLQR,↗️ᴀɴɢᴇʟᴋᴠɪx 🧃,0xff1ba5f5,28000164,73001,1,MegaPigEnjoyers
1,#P2G82CR8,I love Billie,0xffff8afb,28000265,66329,2,Shadow Garden
2,#2UGLLL8CR,KA0318🐣💛,0xffff9727,28000066,64390,3,A Few Good Guys
3,#9CJLCR0CL,HISTORY,0xffffffff,28000135,62442,4,Beyond Reality
4,#9UGLRLQJ2,♡𝑬𝒅🍙,0xffffce89,28000136,62089,5,Ghost's Juice
5,#9G0U8VQ9,浤|кєииу 🤍,0xffff8afb,28000262,61918,6,Nҽɯ Sƚαɠҽ🎖️
6,#YR0Y2PU08,NoSoyYerikYT,0xffcb5aff,28000335,61663,7,Kleptomania
7,#GC9PV02R,𝓚𝓪𝓷𝓸𝓷🖤🍬,0xff4ddba2,28000136,61630,8,Ghost's Juice
8,#8JY8GJG9L,I❤️DavidSraam,0xff4ddba2,28000004,61515,9,
9,#9JRY0LV82,Lions|Ｖｉｃｔ✰ｒ,0xff1ba5f5,28000241,61479,10,Lions eSports™
10,#2998UL8GC,•UnderLine:(,0xfff9c908,28000140,61162,11,Emi's bar 🍻
11,#GRRJ20RC,Julian,0xffff9727,28000340,61007,12,⚠️Chile Play⚠️
12,#9LYPQC9UP,Amed Yasno,0xfff9c908,28000242,60898,13,Banda Nocturna
13,#899Y8LQJU,◇<《DYJOR》>◇,0xff4ddba2,28000352,60800,14,Minecraft PE
14,#RGCL220Y,Charles,0xff4ddba2,28000138,60179,15,Ghøst Søuls I
15,#2R9JUJQV0,火│Theri🖤,0xffffffff,28000234,59918,16,Army Of 300
16,#8V8V0Q0CR,DA|IяØиƒist🇪🇨,0xffa8e132,28000261,59821,17,"""DA-MARRIOT"""
17,#CJVR0P8,Matt🃏,0xffcb5aff,28000349,59339,18,Eternal Eclipse
18,#2GPLP8082,↻ÇhɾìʂɾąմӀҍąէ2Ӡ,0xfff05637,28000208,59239,19,Ángel
19,#2JYLCPYR,🌟Steeven03🌟,0xffa2e3fe,28000294,59084,20,minuta:3
20,#2Y9Y8J8RJ,ElieGuti,0xff1ba5f5,28000300,58691,21,Hermanos Santiz
21,#PJ02C0JY,Supapitoman,0xff1ba5f5,28000243,58527,22,Ángeles de Hera
22,#28RLYP80,odio el lag,0xffffffff,28000301,58382,23,@Fran_Y
23,#28CPYULJ,RæxinFer🍀,0xffffffff,28000103,58333,24,Kleptomania
24,#LRURRRQR,Frank Poma🐣,0xffa2e3fe,28000042,58244,25,家DarkMoon|🖤
25,#88UG8GV9J,🖤Yoshiシ,0xffa8e132,28000291,58218,26,Lions eSports™
26,#20J82QJR,Manu,0xff1ba5f5,28000290,58140,27,minuta:3
27,#RVUQQ2CQ,QC |EagleDark20,0xffcb5aff,28000242,57759,28,Minuta. inc :3
28,#RYYR0YGV,Ryck,0xffcb5aff,28000349,57554,29,Star Fire 🔥
29,#JG2CGJ22,★[ĎØм]★🖤,0xffcb5aff,28000291,57070,30,
30,#2J08PR9R,Anthony,0xff1ba5f5,28000335,56991,31,Chapulines 🦗
31,#222RQ8RC8,MG|Tygelol,0xfff9c908,28000165,56978,32,
32,#8LUQRV8C,Alejandro,0xfff9c908,28000095,56951,33,HABIBIS😈
33,#2UPVJU988,Z1|AURON,0xffffffff,28000296,56845,34,
34,#2CRPCPYQY,David uwu,0xffa2e3fe,28000304,56773,35,Diamante Elite
35,#2922L8VU9,Jahhr ❤️‍🔥,0xffffffff,28000121,56615,36,⚠️Chile Play⚠️
36,#29C9UYR2,x-ᴅʀᴇᴀᴍ_ᴢᶻᶻᶻ,0xffffffff,28000233,56563,37,Army Of 300
37,#QR0LLPRR,Lucy❤️CyberpunK,0xffcb5aff,28000137,56430,38,
38,#GRJ2C2PU,GσldєиJC ツ✨,0xffffffff,28000095,56223,39,🍥𝗗eaᴅ𝗦ѳul🍥
39,#8PJ080Q0V,† J E A N †,0xffff9727,28000016,56214,40,Kleptomania
40,#22Y80RCCJ,Fraternity,0xffffce89,28000256,56020,41,Orange Juice
41,#9RVYLQ0R0,Alͥexͣgͫoᵈ☂,0xff1ba5f5,28000262,55905,42,
42,#JLP8GCUV,Josué,0xffffffff,28000227,55825,43,LA CUCARACHIOS
43,#Y9U29CCG,SebasKo,0xffffffff,28000304,55749,44,Army Of 300
44,#2VUVLL0C,dragonn777,0xfff05637,28000225,55686,45,Ecuador
45,#JUJ9UUY9,fabiopro,0xfff9c908,28000286,55622,46,<c2>RedStar</c>
46,#9Y9298U2C,Erick ϟ,0xffffffff,28000034,55598,47,Club  #QPLGPY8U
47,#YVJGUUPC2,Francis,0xffff9727,28000273,55543,48,ScarFace 3.0
48,#Y8V9RY8V,Mr. Bastian,0xfff9c908,28000291,55478,49,Father Time
49,#9VQQGYYVP,zeldris el pro,0xffcb5aff,28000150,55456,50,Tᴇɴᴏᴄʜᴛɪᴛʟᴀɴ
50,#2UYPVQ2U8,ElRube69,0xffff9727,28000280,55453,51,<c4>Hawks™</c>✨
51,#20UPRP8J9,♡pulblu_ZD♡,0xffcb5aff,28000125,55425,52,The Legendarios
52,#UVPL2JRJ,Gabriel Bajaña,0xffff9727,28000299,55356,53,los eco pro
53,#80UQL8J,弔 • Juan𝒁,0xffa8e132,28000348,55351,54,Father Time
54,#2YR0G28J2,KOLIBRO,0xfff9775d,28000000,55280,55,Chill Brawlers
55,#2RVL9V2VQ,SantiRV,0xffa2e3fe,28000261,55206,56,The<c7>moZ</c>
56,#9GV8P0CQ0,КАЛЯН🇷🇺,0xfff9c908,28000018,55023,57,Rejected Ones
57,#U0VVU2GL,ĐŞ|ALĘX⁰⁹🖤🥀,0xff4ddba2,28000123,54867,58,TP|Eternity°🪐☄
58,#8UQ08U0R9,✯|Iŋcσɢŋıt•♡,0xffffffff,28000305,54864,59,ᵀᵉᵃᵐ★IQ★
59,#QUQYUJ2,HOOK,0xff1ba5f5,28000323,54794,60,LEGENDARYS
60,#2LPRGRJRR,DMO|Marco,0xffffffff,28000272,54759,61,Demencial Mood
61,#CCU0CGPY,DA|Lal0Smith•⚖️,0xffff9727,28000233,54734,62,"""DA-MARRIOT"""
62,#8YC0LLR99,CARLOS,0xffa8e132,28000291,54667,63,BarbaFantastico
63,#98VGVCLG2,ThixAlexia🖤,0xffcb5aff,28000022,54648,64,
64,#8YQRC2QG,•ゑ ZaGreed 💙🌀,0xff1ba5f5,28000296,54607,65,GM | Alliance
65,#8QP92PCRQ,VLT|Dragoncito,0xffa2e3fe,28000175,54520,66,imperius nic
66,#8GVJ8VC82,Mr.Galaxius ;),0xfff9c908,28000348,54494,67,MercyGaming
67,#JY202G0V,ChristianP 🇪🇨,0xffa2e3fe,28000255,54488,68,
68,#99C9GL2J2,T̶E̶K̶K̶E̶N̶,0xfff05637,28000291,54351,69,Tiriwitsis
69,#990GV28G,Chief Kapro,0xff4ddba2,28000135,54312,70,Exile
70,#20JJ0L2UJ,JUAN 21,0xff1ba5f5,28000305,54305,71,Lions eSports™
71,#9JV8UPGY8,Kiss|Shot❤️‍🔥,0xfff9775d,28000086,54196,72,Ecu SPORT 200Cc
72,#8U9YJC0QG,FRAN_Y nivel 1,0xffffffff,28000330,54181,73,@Fran_Y
73,#80PL2LGPR,TC|☄MATE☄,0xffcb5aff,28000331,54156,74,MercyGaming
74,#GQ8RQUVY,⚡Noriel⚡,0xfff05637,28000305,54051,75,Élite Brawlers⭐
75,#8P0J0YJL,🌌🌌TZ|●Z€NO●🌌,0xff1ba5f5,28000041,54013,76,愛<c5>TZ</c>
76,#9PP8G9GRQ,JaimeGP,0xff1ba5f5,28000129,54000,77,Thunderbolts
77,#GCGJQQPY,Klever,0xfff9c908,28000267,53853,78,Diamante Elite
78,#28GVJ2RQ9,SF/Ariel,0xff4ddba2,28000137,53838,79,TK FORCE ⚜
79,#22JL92UVG,Chuyito 👾,0xffcb5aff,28000058,53830,80,Toxic Masters
80,#88Q8YPQ09,el lobo gd ツ,0xff4ddba2,28000272,53823,81,Lions eSports™
81,#8CLCQP02C,Lions|Alejandro,0xff1ba5f5,28000237,53743,82,Lions eSports™
82,#9RLQYQPGV,eliopate,0xffcb5aff,28000036,53693,83,Los Imperiales
83,#92VVPVG9P,𝔫𝔦𝔠𝔬𝔩𝔞𝔰❦,0xffcb5aff,28000135,53609,84,BLUE SKY©
84,#GPVJCJGQ,Byron,0xffa2e3fe,28000273,53595,85,ECUZ3X
85,#P2Q0GQ8VY,Skarface♡,0xffffffff,28000000,53415,86,
86,#8YCQP98UV,DMO|Daniel,0xffffffff,28000000,53272,87,Demencial Mood
87,#8999G0GR8,<DiamondRunner>,0xffffffff,28000193,53237,88,EcuCampeones
88,#22YV9Q9QR,Alexo,0xff1ba5f5,28000211,53172,89,Chile bStar
89,#9LPLL8YL,SF/♡Lalo♡,0xfff05637,28000299,53126,90,Guerreritos
90,#QJ9QU8P,🐰EduArt🐰,0xffff8afb,28000114,53108,91,La Radio 🐣
91,#28UGJ8YC,Carlos™,0xff4ddba2,28000021,53097,92,Ecuador
92,#98UY82UCV,TC/SEBASXD,0xffffffff,28000029,53055,93,愛<c5>TZ</c>
93,#P0JYJ2GU9,jerickBlady,0xffcb5aff,28000349,52908,94,G𝗿ơṿԑ₷𝚝𝗿ԑ𝖾t
94,#PC2CLRPV9,Lions | Omega,0xffa8e132,28000134,52890,95,Lions Academy™
95,#LCGCVVQQ8,♡K A T 👻👽,0xffa2e3fe,28000163,52854,96,LosMamiRicos
96,#J9QR2JP8,Deadlyz メ,0xff1ba5f5,28000085,52832,97,LOS TILINES 👻
97,#RJJCUYG,It's Josh 等,0xfff05637,28000097,52820,98,A Few Good Guys
98,#222YJ2ULJ,Sarkvy🐾,0xffa2e3fe,28000345,52811,99,-Star Game-
99,#LPQLCCP0,Cheo🪐,0xffffffff,28000044,52768,100,Élite Brawlers⭐
100,#8J9PCCL0,Felim384,0xffcb5aff,28000263,52676,101,NotCompetitive
101,#2CGQCQVVQ,炙|†Sergio³⁰ ♡,0xffff8afb,28000018,52640,102,Los pitoneros
102,#898CVVVY9,🇪🇨|TZ|Cesar🥀,0xffffffff,28000262,52558,103,愛<c5>TZ</c>
103,#8Y8L92UU,Chief JC,0xffffffff,28000284,52531,104,Exile
104,#8QCVYLCLR,Juanpi :v,0xffa8e132,28000185,52525,105,Team Pingü
105,#8PV8GVRY0,DIEGO.V XD🇪🇨,0xfff05637,28000320,52476,106,Secret ~ Club
106,#JULUQ022,ZI|MateoEtban07,0xffcb5aff,28000135,52448,107,ZoneOfInfinity
107,#80C9JRQ9J,Alex|BS,0xffcb5aff,28000207,52343,108,FRESNOS UNITED⚡
108,#YJ9GLR9,David.2,0xfff05637,28000290,52327,109,ᴰᵃʳˡⁱⁿᵍ |TeamHN
109,#2P8LLJG0,faze_tfue,0xffff9727,28000212,52309,110,STARS of BRAWL
110,#8Y08UPU00,ZDS|Adem,0xff1ba5f5,28000331,52295,111,Crown Clown
111,#28CLL90GU,Warrior,0xffa2e3fe,28000296,52270,112,<c9>TV-SCAA</c>
112,#2G9YRUQL0,Mattplank,0xffffce89,28000175,52267,113,Reyes Aztecas
113,#P8UURVC9U,𝓔𝓼𝓣𝓮𝓜𝓪𝓝❦,0xfff9c908,28000156,52189,114,•𝕱𝖎𝖌𝖍𝖙🇲🇽
114,#9LVY2GGRY,Marco :3,0xffcb5aff,28000305,52143,115,BrooklynBrawler
115,#8VQQV22Q0,Dieguin,0xffcb5aff,28000227,52097,116,ScarFace 3.0
116,#988P2QLYV,xLion🦁,0xffa8e132,28000023,52057,117,Spanish BS
117,#YGUVYPJY,MR.PATITO :v,0xffa8e132,28000294,51999,118,🇪🇨Ecuador🇪🇨
118,#92P0CLC2V,TH|DENIS,0xffff8afb,28000008,51994,119,King of Heroes
119,#U2CPJL2J,ᴄʀʏᴘᴛɪᴛᴏ,0xffa2e3fe,28000352,51928,120,Chapulines 🦗
120,#CPVCGPCL,Al3 PoLo,0xff1ba5f5,28000318,51916,121,●Los dinamitas●
121,#9RYG092V,ratman01,0xff4ddba2,28000349,51893,122,Sanfe Stars
122,#PVGRURRJ8,Melón :3,0xfff9c908,28000091,51873,123,
123,#90V9UJP9Y,elstalinpro12,0xffa2e3fe,28000280,51849,124,ScarFace 3.0
124,#Y02R2LGLV,Ъя|dяคgσห,0xffcb5aff,28000349,51748,125,LOS SPIDER MAN
125,#88RG982GG,⭐H A M I L⚡,0xfff9775d,28000332,51746,126,CrystalMagik
126,#2UR2Q289V,moisesmujica ❤,0xffa2e3fe,28000212,51741,127,los pibes 😎👌
127,#YJ8QG9PVR,TBW | JansPlex!,0xffa2e3fe,28000206,51736,128,Club Insano
128,#LLUVC2J0,Alakexira,0xffff8afb,28000318,51709,129,
129,#9RCPGQL9G,O S C A R,0xfff9c908,28000262,51690,130,OverComingUNV😈
130,#8VU2QV22J,Estark.katrin,0xffcb5aff,28000008,51665,131,Sarkimedes
131,#GC2L00L,jairo|TAJ|,0xffa8e132,28000345,51638,132,IMPERIALES 2
132,#9J2Q0GCRU,SBC|Sebas|SC🐉,0xffffffff,28000297,51625,133,Lions eSports™
133,#YVJG289P2,THORU OIKAWA,0xffcb5aff,28000273,51616,134,La Piraterie🏴‍
134,#VQLL8QQ2,jean,0xff1ba5f5,28000218,51583,135,BRAWL BALLS
135,#Q02C20PY,joseto,0xffff9727,28000295,51583,136,Los Imperiales
136,#VUYV9092,WAMD:-),0xffa2e3fe,28000197,51527,137,FWs Club 🌮
137,#RY2CPPVC,◆•ÇhärmåƤrØ•◆,0xffcb5aff,28000299,51508,138,Lions eSports™
138,#8VJ0RQRJG,Romeo._.,0xffffffff,28000281,51497,139,CandyLand
139,#CGVLU2QY,§ĐÉŚŤŘÚÇŤÓŘ§,0xffcb5aff,28000290,51448,140,🇪🇨Ecuador🇪🇨
140,#2PG9R2092,×°D🕸️𝓾ɢla𝔰°×,0xffcb5aff,28000166,51438,141,☠KillerMachines
141,#2LUYRYC82,🌶ají,0xfff05637,28000294,51409,142,Play.Z_BS
142,#990LVRQUG,ᵠˡ/ᴀɴᴅʀɪᴠ🌀,0xffff8afb,28000138,51381,143,愛<c5>TZ</c>
143,#2C8YVU9Y,忍者 • ҜΞVIИ,0xffa2e3fe,28000224,51380,144,LOS CRACKS BULL
144,#8C2LCLRR,XPaulX,0xfff05637,28000023,51372,145,Kleptomania
145,#2QJCJL2UP,ᴵᴬᴹ┋MordanZ⸸°∆°,0xfff9c908,28000237,51362,146,mikan
146,#8Y029YUU2,SF|Kenneth,0xffa2e3fe,28000333,51351,147,Lions Academy™
147,#2PPUJG08G,Smider3,0xffcb5aff,28000294,51347,148,1 DEATH NO GAME
148,#8YRR898CG,Sįř.MĮĞÛĘŁ💚⚡,0xff4ddba2,28000334,51346,149,Arg marpla
149,#9CC2G9JCV,☯➤𝗬𝗘𝗜𝗠𝗦➤❤☯,0xffa2e3fe,28000225,51324,150,Nuevas Leyendas
150,#2YJGGGL98,jorgev121,0xff1ba5f5,28000170,51296,151,Master Sport
151,#2CGCLVYL2,KJoanT❤️🐥,0xffff8afb,28000102,51237,152,Dioses Exiliado
152,#2GUY8RQUP,>jumbito<™,0xffa2e3fe,28000172,51228,153,B T H Gamma
153,#GQYGV9VG,TP|Juanca,0xffcb5aff,28000303,51178,154,The bosses
154,#Y9CYC8G9L,Tú macho,0xffa2e3fe,28000294,51131,155,Lions eSports™
155,#QRULRY2G,𝓐𝓷𝓭𝔂♞,0xffcb5aff,28000349,51125,156,A Few Good Guys
156,#L28YYYLG,nєxus💤,0xff1ba5f5,28000263,50990,157,Lions eSports™
157,#RYVYUQJR,PO̸F|Zhora🦈,0xffffce89,28000280,50983,158,Les Mimis
158,#802QR8PJY,cg10,0xfff9c908,28000086,50979,159,best brawlers
159,#80JJJJ2PQ,ϟＶａｓｈ,0xfff05637,28000294,50866,160,
160,#P8QVRC8,⚜️E. N. D⚜️,0xffa2e3fe,28000224,50864,161,Stranger Dins☆
161,#2CPCL88RU,TC|Kevin598,0xfff9c908,28000348,50859,162,El gallinero 🐓
162,#998C0RQV,TR|❄Jesús❄,0xff1ba5f5,28000110,50839,163,🏆Club Global🏆
163,#9Y298PGRR,🐦S.Wong🗯️,0xff1ba5f5,28000247,50813,164,KIM VOM
164,#PYQ9G9QR,EXL|WinnOuTT色,0xffffffff,28000097,50811,165,Texas
165,#90RUQ28R,LEON,0xffa2e3fe,28000014,50802,166,Real Lolicrapie
166,#9J89JYUJQ,DarkSoul‧울보,0xffcb5aff,28000173,50776,167,Family🖤Black
167,#GRLGLL2C,Matteo C,0xffcb5aff,28000014,50776,168,Circo De Jack🤡
168,#U2CCL2LC,xXSrJohnJairoXx,0xff1ba5f5,28000129,50722,169,IMPERIALES 2
169,#PRRQPC92,☣️|ᴛᴢ~ꜰᴇʀᴄʜØ|🔥,0xfff05637,28000247,50711,170,愛<c5>TZ</c>
170,#9GGVCJGCU,duver,0xffff8afb,28000348,50701,171,LTB|Esports
171,#R8QG2VVG,❤AdamKiller|👾❤,0xff1ba5f5,28000100,50701,172,The Galaxy 🌙
172,#90JYYYLCQ,CCA|Rª¥0,0xffcb5aff,28000077,50696,173,Bafurz😉
173,#9CYVR9RPV,ÇÄRLØ$ÇRÂK,0xffcb5aff,28000336,50692,174,ScarFace 3.0
174,#CPVC0RJ0,AndyIsm4,0xffff9727,28000305,50685,175,¿?
175,#8L98R08QR,Ariel 2906,0xff4ddba2,28000016,50679,176,Sarkimedes
176,#29G0R2RG,ECB|@br@h@m,0xff1ba5f5,28000225,50632,177,Team Queso🤪
177,#2JGPPJYYV,Pablo :v,0xfff9775d,28000314,50591,178,ScarFace 3.0
178,#Y9QC20V,Anthony Feli,0xffcb5aff,28000129,50588,179,⚔Bara Hunters⚔
179,#2GV8C082,☢Kuchi☢,0xfff9c908,28000048,50554,180,M.R.T.A
180,#9099Y0U8Y,4G,0xff4ddba2,28000294,50547,181,Hell King :)
181,#U9V9L992,🖤✝️R U B Y☯️❤️,0xffffffff,28000263,50504,182,Lions eSports™
182,#Q20QP89QP,STEVEN☆,0xfff05637,28000205,50487,183,UNIÓN SOLAR☀️
183,#R9UJR8VL,Junin,0xffcb5aff,28000180,50479,184,@Fran_Y
184,#Q20UY8Q9,Jay Weinberg,0xff1ba5f5,28000273,50476,185,Tem oasis
185,#98QJ088JQ,🀄️Martin🔝,0xffa8e132,28000341,50379,186,O<c5>P</c>
186,#90CQLR92R,pammm,0xffcb5aff,28000112,50361,187,J Mac gang
187,#P8YVJQGU2,593 en la casa,0xfff05637,28000085,50350,188,Calvos7
188,#8C9RC2GLR,Danilo,0xfff9c908,28000124,50334,189,TRAKWORTY ZERO
189,#2CUGVLC22,Moisesfcx🐝,0xffcb5aff,28000335,50295,190,The Legendarios
190,#UP0PG9VL,Nirvanaᴳᵒᵈ,0xfff9c908,28000018,50209,191,crisantemos!
191,#9VPLQ2RPR,Vorellei🎴,0xff1ba5f5,28000116,50197,192,DATE A LIVE
192,#8CCPJJJC,Paul,0xffa2e3fe,28000053,50184,193,OP|STARS
193,#8Y0YRQQ9J,☁♡⭒ᴹ٨匕𝒯⭒♡☁,0xffffffff,28000156,50155,194,♡| MB TOP | 🖇
194,#2PVCPPRP,joshpq,0xfff05637,28000221,50139,195,MexicanWarriors
195,#92C28ULJG,🌨️•Merni•恆,0xff4ddba2,28000302,50134,196,Chapulines 🦗
196,#VRR2YJ82,JASME,0xffff9727,28000333,50078,197,Sandstrom VS
197,#PQPCP09U,QLS|iMarXhaoss⚠,0xfff9c908,28000095,50077,198,Lions eSports™
198,#VU0QUYU2,calos,0xff4ddba2,28000337,50077,199,IRAK
199,#28GULLLL,Venedetti_ 🥀,0xffffffff,28000349,50070,200,愛<c5>TZ</c>
