,tag,name,nameColor,icon,trophies,rank,club
0,#GQVC2C0U,brandon,0xffcb5aff,28000015,59532,1,Dredd
1,#YY9PRQCR,Ленни💞Пол,0xffffffff,28000090,56555,2,ᴅᴀɪʟʏ
2,#98JCLQGLG,Лёша,0xffcb5aff,28000352,50539,3,[BLET]TIM🇺🇦❤️
3,#202VQR2UU,M҉R҉ F҉A҉N҉G҉,0xffff8afb,28000081,46310,4,Mashty Army
4,#2C80PV9G,THOT_SLAYER,0xfff05637,28000070,46221,5,
5,#PRR9RVCYG,Tony🕊,0xffcb5aff,28000290,46053,6,
6,#2VGG28CCL,Godfather,0xfff9c908,28000159,45886,7,CT Brawl Stars
7,#2QVU0L98V,SPIKE,0xffffce89,28000218,45429,8,starrkoff
8,#9RJCRLVV,$GTK$,0xffff9727,28000262,45294,9,KNIGHTSHADOW
9,#8GQJ9YQQQ,MrgSultan,0xffcb5aff,28000305,44535,10,
10,#22CRPLU9L,kndlk,0xffcb5aff,28000182,43379,11,sexy boy
11,#PLP2CYCG0,SKILL🦁,0xffcb5aff,28000349,43170,12,Dʀᴇᴀᴍᶠᵃᵐⁱˡʸ🐾
12,#Y9U0YPPPU,awetxxs,0xffcb5aff,28000262,42969,13,Popuski
13,#9RC080PR,фанат lora kiri,0xffcb5aff,28000189,42457,14,Дварфики
14,#929RCV9J0,Einheit|Losti,0xffffffff,28000168,42266,15,KILLERBOSS
15,#2LCVYLQL,I'm KILLER,0xfff05637,28000023,42264,16,
16,#2G2JJ00Q0,ALEX,0xffff9727,28000304,42184,17,brawlball fr
17,#8LVV02PUV,Simón Eyene Edú,0xffa8e132,28000238,42112,18,E.G gamers
18,#2089Q98VC,AVENGER,0xffcb5aff,28000112,42053,19,Майский фонк
19,#9JC9P8R2J,Vorov,0xffff8afb,28000128,42025,20,50.000🏆🎇
20,#2UP8GGLRP,⛩🥶Dynamike🥶⛩,0xffcb5aff,28000002,41729,21,Hayp|SHANG
21,#PG2UPPG0G,KolbaskinHvost,0xffa2e3fe,28000347,41418,22,Топові Українці
22,#Y988R8VLJ,محمد,0xffcb5aff,28000330,41367,23,فارطين الاجداد
23,#Y00UPCRJ,break my heart,0xffffffff,28000134,41237,24,
24,#Q8CCU8J2,baby on board,0xfff9775d,28000249,41173,25,Rogue Randoms
25,#PLCC0228C,alonekurt,0xff1ba5f5,28000064,41049,26,SATIR
26,#9GLG9R8YV,yoloman®️,0xffcb5aff,28000033,41012,27,zazabuurt
27,#PG0208G9,Enter|Kev bro,0xffcb5aff,28000222,40891,28,Singapore
28,#YQCP0GVJ2,Snizhanochka❄️,0xffa2e3fe,28000279,40779,29,volleyball
29,#2YRVJGQP0,🔱🦁RAJ🦁🔱,0xfff05637,28000023,40668,30,Joystick J!ts
30,#9JULL9JV,[NS] BANdit,0xffcb5aff,28000054,40433,31,SUUM CUIQUE
31,#LVCUUPVY,NHL|SHARKS 🦈,0xffcb5aff,28000276,40361,32,RovnoeTeam
32,#8QYUC8URC,Jordan2408🔥😎,0xffcb5aff,28000305,40284,33,E.G gamers
33,#2RY8C9CPC,Brawler,0xff1ba5f5,28000154,40260,34,Бoги
34,#P8GQPU,FreeUzi,0xffa8e132,28000345,40068,35,Billy Gang
35,#2V0URLP8Y,$$/JuaCo Cp/$$,0xffcb5aff,28000024,39908,36,SW|Happy
36,#2VU0LYC8J,RUNE/Emerson⚔️,0xfff05637,28000347,39721,37,mcArtur
37,#2YCYR2JGG,Es_Seffah,0xffffffff,28000175,39688,38,Brawl E-Spors
38,#2YUYGYV90,sucutum23chef🦁,0xfff05637,28000284,39574,39,Bat ramdom 😱
39,#P0CYVG2CR,☢noah☢,0xffcb5aff,28000305,38955,40,99boss99
40,#9J28GV09C,강형욱도 못말리는 슈퍼셀,0xff1ba5f5,28000000,38842,41,대현중 e스포츠 동아리
41,#PPU8QQCQQ,Snajka,0xffcb5aff,28000314,38780,42,Royal Tigers
42,#2YQRJP0Q0,즐겜러,0xffff8afb,28000233,38728,43,KANBU
43,#PQU990J0G,sbwj1ka🤔,0xffffffff,28000256,38572,44,Holy Trinity
44,#RPJ2CUU8,thor,0xfff9c908,28000175,38556,45,CZ Monstra
45,#92GQJC28V,timothy,0xff4ddba2,28000164,38534,46,Guerreros MCA.
46,#P29P8R0U0,SeyAdor 🐣,0xffa8e132,28000169,38266,47,Noob Elite🌌
47,#L22C88R,Bʀᴏᴄᴏʟɪ⋉⁶⁴⋊🐼💛,0xfff9c908,28000262,38204,48,都Sunset🌆
48,#J8V0U0J8,муж @Re$PecT@,0xfff9c908,28000170,38203,49,..::PABLO::..
49,#PVPV9C020,osama,0xff1ba5f5,28000062,38113,50,ℝank 𝔼mpire 🔥
50,#8RL28QY99,Kosta,0xffa8e132,28000185,38057,51,ПСИХА КИДС🏥🚑
51,#202J008GR,Brawler,0xff1ba5f5,28000167,37985,52,мм сбит? 😈
52,#LJR99QLQ0,skiller,0xffffce89,28000179,37700,53,ЧИПСЫ|RFK
53,#LV9C99UCV,DA JERRY,0xffff9727,28000310,37168,54,Invictus
54,#RU9RYCQ9,𝔽𝕣𝕒𝕟𝕔𝕠🍑シ,0xffa2e3fe,28000348,36788,55,polli del campo
55,#YQUUVYL0V,yousif,0xffa8e132,28000233,36737,56,Clan legends🏆
56,#9VQG9PL8Q,⚜️₽K¥🥀,0xfff05637,28000341,36710,57,starrkoff
57,#9CVYR2PJG,vagiz,0xfff05637,28000023,36354,58,
58,#20U880GY,Huehuebr,0xffa8e132,28000156,36313,59,🔥RED-BRAW🔥
59,#8C8099PU0,fluence🦋,0xffcb5aff,28000290,36290,60,FliCcpiz
60,#8QGRQ8UJG,Gx_fil,0xffcb5aff,28000276,36252,61,good_gamers
61,#88C0V9P,tomar753,0xffcb5aff,28000290,36247,62,🇹🇷TÜRKİYE🇹🇷
62,#89CPP8RUC,MM|Gustavo™BR ツ,0xffcb5aff,28000032,36209,63,Time MM
63,#P2J8VQPLJ,qwaquq,0xffa8e132,28000349,36099,64,wwwgiraffigde2
64,#2VLYPQGYG,[ПОТ] КЕКБОЙ,0xfff9c908,28000242,36033,65,Beholder
65,#YJR0GQ0PV,QUIENSABE,0xffa8e132,28000265,35955,66,familia estelar
66,#2C0VLVUL,Godja,0xff1ba5f5,28000311,35880,67,TENET✴️SUMUS
67,#GLVC02V9,я нуб ты труп,0xffcb5aff,28000272,35722,68,Халупа Некита
68,#LR9QQL28Q,willy😎⚽️,0xfff9c908,28000135,35712,69,E.G gamers
69,#8J0UQRC9J,YT:T!M_Brawl TT,0xffff9727,28000047,35671,70,
70,#8QJQRU898,FURKAN,0xfff9c908,28000297,35596,71,rzgar
71,#8R0LLU2RL,samuelthebot,0xff4ddba2,28000334,35557,72,The Gamers
72,#92P2JLVVG,читер кей 343,0xffa8e132,28000341,35553,73,чефир🏳️‍🌈🦇💥
73,#900UPL9U0,⚡TS|Gonic⚡,0xffa2e3fe,28000282,35469,74,Estamos al pedo
74,#JGQRGC9R,BeGas|Erifon🦋,0xffcb5aff,28000335,35444,75,
75,#9QLQG29LR,LEON,0xffa2e3fe,28000271,35420,76,<c4>NIGHT🌑</c>
76,#P8GJGL2UV,~°МаКсИк°~,0xffff9727,28000202,35415,77,Друзья Макс
77,#2P9JJJ9QU,🎋Alfred🎋,0xff1ba5f5,28000316,35380,78,ZabójczeKaktusy
78,#YLU2PYVR,¦aztecha,0xfff05637,28000332,35326,79,CHOCHONUT
79,#8Y0892Y22,"_/""KeY_pRo""\_",0xffcb5aff,28000305,35292,80,King#Winners
80,#9008LPR8Q,Tᴏx |Wᴀʟᴋᴇʀ♡︎,0xffffffff,28000000,35121,81,ХАКЕРЫ
81,#8LYUR9802,흰둥이,0xff4ddba2,28000206,35116,82,3040 엉망진창
82,#20U8C2GVV,ЯǤ|Scorpion-YT,0xffa8e132,28000016,35115,83,
83,#PPL8GJYYC,Naruto,0xfff9c908,28000312,35099,84,The Lou Crew
84,#L80YP8LQ8,9SerCkinceaSer9,0xfff9c908,28000146,35019,85,
85,#2UY80LL8C,BLM | MaXi,0xffcb5aff,28000224,35017,86,BN_BABA
86,#28L22082U,Маша 103,0xffffce89,28000226,34777,87,
87,#Q0CRP0JRU,ゴメス,0xffa2e3fe,28000138,34734,88,クルクル
88,#2VC9Y28P,Tramp,0xff1ba5f5,28000222,34715,89,
89,#LJ2ULQJ9V,ananasik,0xffff9727,28000273,34644,90,Petriki last🍺
90,#2RGRV0UU9,😃ти труп я тут,0xffcb5aff,28000332,34603,91,poweful forces☔
91,#9CJUQ80CL,YT|FLOXY🔥,0xfff9c908,28000347,34581,92,
92,#2QVUGCRGV,faze_espongebob,0xfff9c908,28000023,34528,93,patatas
93,#2GQYQCGGP,SD|🐢ARTEM🐢,0xffffffff,28000104,34478,94,
94,#JCC028G9,🔥ⅅɑ𝒌ί𝟎➑𝟎🔥,0xfff05637,28000294,34474,95,Camorra
95,#2JQV02P8Q,fairy tail,0xffff8afb,28000352,34386,96,sussybaca
96,#VVGQLYP,⚡LE | Maksik :),0xffff9727,28000170,34351,97,
97,#PUVP92VR0,Mister X.,0xffa8e132,28000115,34311,98,Leon ist OP
98,#8LG90CYCV,VSZ,0xffcb5aff,28000141,34285,99,
99,#YY29CRVJ8,Jo YT,0xffa8e132,28000179,34256,100,ClanWars🙂
100,#QRVRJ08R,Çheērfúl🥀,0xffffffff,28000308,34241,101,
101,#90PGYY088,〆|ζ͜Αɢ͢οϗ͜͡γ☇,0xffff8afb,28000305,34161,102,
102,#PJUQGGUJ0,Madalin,0xffffffff,28000000,34134,103,<c9>GØATS</c>|2
103,#9VP0PLY80,giovanni,0xffcb5aff,28000348,34104,104,Lollosi
104,#2UVCV2QPJ,💔Fashion💔,0xffffffff,28000004,34044,105,
105,#9LJCPLU8V,☔𝚌𝚞𝚛𝚜𝚎𝚍🥀,0xffff9727,28000348,34042,106,ЭЩКЕРЕ
106,#888G80Q0L,Qʟs| sɴᴏᴡ❄️,0xffcb5aff,28000228,34040,107,
107,#LVC0UPR,w1cked,0xffffffff,28000070,34038,108,Billy Gang
108,#Q22PGJVC,꧁ঔৣ☬✞KAEL✞☬ঔৣ꧂,0xff4ddba2,28000242,33983,109,
109,#V8Y8JQ28,TBR|Inazuma 🌸,0xffff9727,28000276,33959,110,Metheebesty
110,#2CGYQ8RQP,Боец,0xffffffff,28000139,33942,111,Brawl Kings
111,#P9GCP88V2,亗ᴍɪɴᴀ乡♥々,0xffffffff,28000207,33922,112,∞❤️
112,#PG80Q99CG,[LP] Михаил,0xffffffff,28000280,33875,113,<c9>друзья</c>
113,#22GQRGP0R,liam der macher,0xff1ba5f5,28000003,33826,114,FortnieBrawler
114,#9PGP22UJG,PRO DEI NABBI,0xffcb5aff,28000002,33755,115,
115,#8JR2CQYL9,Navi/Games☘️,0xffcb5aff,28000305,33703,116,
116,#LVLPRY20,NaVi|MMA,0xfff05637,28000023,33695,117,thePRO
117,#889PRJY9Q,leo.neymar,0xff1ba5f5,28000341,33684,118,kampioenen 2.0
118,#98LUVJR9L,💯BEST GAMER✔,0xff4ddba2,28000021,33478,119,
119,#LVLLU922U,Woj,0xffa2e3fe,28000138,33446,120,Melina
120,#PCRLJGUG0,Jibbo BBang!,0xffa2e3fe,28000112,33355,121,
121,#9R8VGG0Q0,LikeSpike,0xffffffff,28000000,33283,122,Soslix
122,#CGY9YJUG,Cloud9,0xfff9c908,28000274,33253,123,It Was Me
123,#YLPPCYPP9,KHD|kill you 🚫,0xffcb5aff,28000156,33249,124,🔥LA FLAMME🔥
124,#PG2QPPVJP,²Ď,0xff1ba5f5,28000130,33246,125,F.A.R.C
125,#8GC98R2YJ,АБУБАКРАБДУЛ,0xffffce89,28000020,33172,126,Dostluk
126,#8CULJRCVG,mrok,0xffff9727,28000259,33172,127,2lo poznań
127,#9U9JQYC2Q,The1ks,0xffcb5aff,28000008,33086,128,DOSYN
128,#2YRLLQ88R,IG|Otchim🦍💨,0xffff8afb,28000294,33028,129,
129,#2C9JRJLVC,imrane 34,0xffff9727,28000295,33026,130,immo
130,#YLPG800,new ever,0xff4ddba2,28000166,32959,131,Team Zboub
131,#8PJQ2VY8J,ツMøłđī_ÝŤツ,0xffffce89,28000273,32940,132,
132,#PGQ99VV9R,《BADAVSIN》,0xfff9c908,28000184,32930,133,EZENLER.56
133,#22LJPG2RR,noob teammates,0xff1ba5f5,28000271,32854,134,MALAYSIA N9
134,#9JCULR9UC,colonel burger,0xfff9c908,28000348,32851,135,les ombres
135,#YG00YRLU0,Exodus_Fake,0xffcb5aff,28000294,32826,136,⚔️RAGNARÖK⚔️
136,#2888GJ02C,BILLY CUCINATO,0xffff9727,28000262,32776,137,
137,#92L0PVRJ8,markusA4,0xffcb5aff,28000228,32769,138,Happy End🥷🏽
138,#PY200LL8,[БАН]Нани,0xfff05637,28000335,32760,139,
139,#8LR9L8PPV,JPASCU19,0xff4ddba2,28000231,32600,140,LOS PROS
140,#VGRG22UR,ṼÂḼỄŇǞҠ,0xfff9c908,28000170,32596,141,🍒Ягодка🍒
141,#2JYYCQL8L,King MAX,0xff1ba5f5,28000076,32573,142,
142,#U8QL9QJ9,GAGS UMUT,0xffcb5aff,28000014,32548,143,GAGS
143,#9RR9UJCPU,Alfe8,0xffcb5aff,28000207,32525,144,
144,#2R2QL0L92,Brawler,0xfff05637,28000226,32434,145,
145,#28YGC98QJ,𝕀𝑇ᗩ𝗦𝙃𝐼长乂🤍,0xffffffff,28000244,32331,146,<c5>CR7</c>|🐐
146,#UV90PJUG,QLS|Verónica,0xff4ddba2,28000284,32291,147,El Club Fénix
147,#9QU2JCYY2,макс,0xfff05637,28000273,32275,148,Brawl EAGLES
148,#8RLU8PVCG,muhamed fahs,0xfff05637,28000332,32247,149,E.G gamers
149,#P2GQU2QJY,°$üPR€M€•GoD•°™,0xffcb5aff,28000288,32245,150,Crazy team🍿
150,#J0L2G8QQ,Puuki,0xffa2e3fe,28000231,32235,151,the dark spike
151,#9UGGL90GJ,Спасиб,0xffa8e132,28000156,32226,152,TWMortis
152,#9LG8G9QPU,AT|Sanji❄,0xff1ba5f5,28000207,32220,153,
153,#9GUJLQVJ,kosta,0xffff9727,28000103,32181,154,
154,#2R2LJV2YU,Sasha,0xff1ba5f5,28000077,32117,155,Instinct
155,#P00RV090G,чпок пупок,0xfff9c908,28000014,32105,156,Klub/Prosy|PL
156,#9U9QJ2RJ,sarenss,0xffcb5aff,28000132,32071,157,Гей-Клуб
157,#YC2RRJ0CJ,саша а4 777,0xfff05637,28000332,32000,158,
158,#VJU0GQGJ,SPIKE,0xfff9775d,28000207,31999,159,ŞAPLAK CİTY
159,#9U8VP2YL9,Ã₱TÊM.√.2.∅.,0xfff05637,28000079,31971,160,
160,#Y92UUVJ2Y,ĶÁŔÍM,0xffcb5aff,28000272,31872,161,™Dårk♦
161,#98V8JJVPJ,❄afonso|2019|❄,0xff1ba5f5,28000335,31842,162,Top pt
162,#PUQJG9PP,Mr×Yutha,0xff1ba5f5,28000157,31810,163,KNIGHTSHADOW
163,#RU99YRYP,XXL Gamer,0xffa2e3fe,28000341,31784,164,lustiGHG
164,#89CQ8RV2Q,SK | Mandy 💗,0xffff8afb,28000352,31753,165,nYsus - Club
165,#2992U08CV,GLS|HoonGus♨️,0xff1ba5f5,28000271,31732,166,
166,#9Y8YQ8CL9,KINE,0xffa2e3fe,28000156,31664,167,resonance
167,#P9JYU8UY2,keks300,0xffa2e3fe,28000167,31603,168,
168,#9CRRCRLCU,yenibrawlcı,0xffff9727,28000053,31601,169,
169,#P9LV8JJV8,감자,0xffa2e3fe,28000020,31600,170,모찌클럽
170,#9P89PGCGY,Pupsikk,0xffcb5aff,28000041,31547,171,Нагибаторы 300$
171,#8YQUC999P,YUNUS EMRE,0xffffffff,28000075,31483,172,BAKACİAZ
172,#2RVV9LYJP,AU|_T_I_L_T_,0xfff05637,28000228,31423,173,БОЙЦЫ BRAWL
173,#9VU9GVLG8,читер777,0xfff05637,28000023,31418,174,Бычье братство
174,#9Q2V8L2U,🥀|GaLaKsY|🥀,0xffcb5aff,28000156,31388,175,
175,#9QYP28G8Y,rapunzel,0xffff8afb,28000170,31387,176,akrabalar aile
176,#8RLYQ0U0G,Supercel,0xffa8e132,28000037,31381,177,
177,#2J2LVULJ8,♠️RAPTOR♠️,0xfff9c908,28000061,31379,178,
178,#PG2J0QLGY,Fᴀɴᴄʏ 🦋,0xfff05637,28000078,31348,179,
179,#YL8LQ09RC,❄⚡yassinpro⚡❄,0xffcb5aff,28000017,31328,180,Der Nita König
180,#9YCL92L0P,XD,0xfff05637,28000231,31328,181,MikiHeroPL Team
181,#Y0U9GPJQR,PROYF🧩,0xffcb5aff,28000250,31296,182,Mening Erors
182,#8V20GLRU2,МиТёК,0xff1ba5f5,28000081,31251,183,Клан: #CCJ202P8
183,#8UL8VR0RR,cr¡santo$,0xffffce89,28000072,31229,184,⚔️RAGNARÖK⚔️
184,#92GRP02CR,ТТ|3лой Глент🃏,0xfff9c908,28000170,31149,185,
185,#PPLVRU9VY,Blek_Pro_Angel,0xffcb5aff,28000332,31129,186,
186,#QGQ2Q98L2,Dʀᴀɢᴏɴ Wᴀʀʀɪᴏʀ,0xff4ddba2,28000161,30941,187,Supreme Dragon
187,#2RPYJQRUR,PG|baterka⚡️⚡️,0xffcb5aff,28000138,30928,188,Czech Elite
188,#9VL9CQ9Q0,AYAZ K.,0xffcb5aff,28000156,30886,189,Ayistan
189,#Y08L2299Y,🚀KRACAB4IK|🪐,0xffcb5aff,28000141,30844,190,деп деп лаб лаб
190,#2LU89PRQP,Æ GHETTO,0xfff9c908,28000348,30837,191,😈l N X A N E😈
191,#2QV8YUVCR,BFS|ZONES,0xffcb5aff,28000156,30812,192,白金 | 𝐑𝐍𝐁
192,#9JULCY999,☔STK|STEN🕷️,0xffcb5aff,28000291,30742,193,
193,#2LV98VVV8,QLS|FEDEZZINO™,0xffcb5aff,28000156,30706,194,GILBERT NANA
194,#29C82LVUU,Arsentiy,0xfff9c908,28000147,30679,195,
195,#9UJ8CGC8,IG |Otchim🥵😈,0xffff8afb,28000170,30659,196,
196,#PY8GCY220,Curious🙉George,0xffff9727,28000210,30649,197,wyatt
197,#YVGYCY9JV,Rencraft,0xffa2e3fe,28000264,30589,198,VASCO DA GAMA
198,#92VC00QPU,?????,0xff4ddba2,28000280,30588,199,среншинфаги геи
199,#YQ8998GUC,FaZe_M4rcoº$,0xffffffff,28000265,30550,200,⚔️RAGNARÖK⚔️
