,tag,name,nameColor,icon,trophies,rank,club
0,#90RQRVGC9,NPC | Crox,0xffffffff,28000053,62709,1,🍌™️
1,#200P0J90P,走Storm🩸,0xffff8afb,28000279,61703,2,Estonian Kings
2,#2GG0JYLPQ,RY|Võitleja💫,0xff1ba5f5,28000300,61000,3,EstonianBadgers
3,#2GLY2RL00,Ģøďᴰᴬᴹᴺ🤙,0xffff9727,28000304,60145,4,<c4>Just</c>CL
4,#8VQGPLUV,Илудасик👅🥺,0xff1ba5f5,28000096,59939,5,FULL_CONTROL🎮
5,#P990GV9UP,🇪🇪𝙴𝑆₮|𝔽łķ☔,0xff4ddba2,28000136,59600,6,Hell Imperium
6,#P2PQVUY8Q,NeMo Nicolas,0xfff9c908,28000013,59525,7,Warriors Way
7,#J09RC002,xugooo,0xffffffff,28000345,58785,8,You can 🏆
8,#8PPQV2929,dybala inutil♡,0xffffffff,28000337,58642,9,Hell Imperium
9,#P8928Q0G,🎴Zen Oiam🀄️,0xff1ba5f5,28000078,57885,10,<c5>HOR</c>IZON
10,#PRY22Q0,suv1e🕷️,0xffff8afb,28000163,57356,11,★Art of War★
11,#P0UJ9YUYL,I'ᴍ ᴋʀɪᴘᴇʀ💘,0xffffce89,28000018,57301,12,The Last Way?
12,#U8C0C9UP,Recent,0xffffce89,28000262,57129,13,Nice for game
13,#Y9JGQY9VU,漢|𝕎𝕚𝕟𝕥𝕖𝕣,0xff1ba5f5,28000050,57072,14,EstonianBadgers
14,#2209QR8RV,nikito$13,0xffffce89,28000347,56960,15,Hate mortis
15,#2LP28290G,⛩(Art64)⛩,0xff1ba5f5,28000132,56713,16,Hell Imperium
16,#VQU29089,issi,0xffff8afb,28000297,56444,17,Välgud
17,#8PQ9C2LV0,flokusya❤‍🩹w🥺,0xfff9775d,28000196,56148,18,
18,#ULCLQQ8,Bio,0xffffffff,28000139,55784,19,🍌™️
19,#20VQYR8LR,ZETA | DevilGus,0xffa8e132,28000136,55766,20,Hell Imperium
20,#P99RJQP9V,窓 | stomby❤️‍🔥,0xffffffff,28000139,55417,21,Кᴩ¡ʍsᴏnᴇ.🕷
21,#LPLLY22V,ⁱ ᵏⁱˡˡ ʸᵒᵘ,0xff4ddba2,28000140,55371,22,Reply Totem
22,#YYPJ2RJ9,Leonardo,0xffffffff,28000293,55318,23,IMMORTAL SOULS
23,#8V2JGRPR8,ArtemLou51,0xffffffff,28000150,55039,24,Warriors Way
24,#299LL0G2,Stenukas,0xff1ba5f5,28000109,54802,25,EstonianBadgers
25,#R0R0UCCY,👹GeneralKozu👹,0xfff05637,28000340,54452,26,💠Frostmourne💠
26,#8JLV9CLGR,Спайк,0xff4ddba2,28000036,54444,27,СЕМЬЯ БРАВЛЕРОВ
27,#2YC2PVJUU,EO |Matthew,0xfff05637,28000182,54356,28,EstonianBadgers
28,#C0JR2Q9R,Vika,0xff4ddba2,28000113,54345,29,EstonianBadgers
29,#2CYYYG8,ʜʏᴘᴇʀᴍᴀꜱᴛᴇʀꜰɪʀᴇ,0xff1ba5f5,28000167,54091,30,EstonianBadgers
30,#2QQCQ9PJ0,Игорон,0xffa8e132,28000203,54033,31,Team Jani
31,#8QV29Q0P2,King 👑| Juss ❤,0xfff9c908,28000016,53831,32,King’s Legacy
32,#LULRJR8Y,RvN | Juggler,0xffcb5aff,28000139,53601,33,<c7>ボRAVENボ</c>
33,#8YL0GRV80,nekit_1234zet,0xfff9c908,28000132,53519,34,
34,#9PPLJUYUP,LS|𝐾𝑙𝑒𝑗𝑢❦︎,0xffffffff,28000174,53317,35,Polish Angless
35,#C8CJCGV8,Supermen,0xff1ba5f5,28000244,53290,36,Гей клуб
36,#9J0UULPQ9,Caligula,0xfff9c908,28000072,53272,37,House Bronn's
37,#JLGRV82R,lizzyazyzy#1🤍d,0xffffce89,28000207,53249,38,One • Time
38,#9QRR8JG,🗡️ㄒㄖひᄃん 爪乇🍷,0xffcb5aff,28000159,53146,39,<c6>Axolotl</c>
39,#8YRR0YLPU,zeus,0xff4ddba2,28000081,53085,40,EstonianBadgers
40,#209V8CPC,RAGNAR,0xffcb5aff,28000084,53003,41,Justice League
41,#CVG0JCCC,Serpantin,0xffffffff,28000063,52804,42,
42,#899JRJG8L,zannu|跑,0xffcb5aff,28000090,52774,43,EstonianBadgers
43,#YLQ0UC829,Marek OwO,0xff4ddba2,28000017,52680,44,map approvals
44,#P292J2GQV,[S7]FireDragon♨,0xfff05637,28000132,52565,45,RS07102019
45,#29LPJ82UY,•katanwq🦉🫀,0xffffffff,28000247,52387,46,Void?❤️‍🔥
46,#Q92R2V,pokemongoaaaas,0xffcb5aff,28000305,52366,47,SpenLC Youtube
47,#JCLJ98UC,realally,0xfff9c908,28000330,52134,48,Alpha Canada
48,#8Q9UVU8LR,🐝ÕmēgaBeã💛,0xffff8afb,28000188,52031,49,
49,#Y009GLPR8,YT|Sneperツ,0xffffce89,28000005,51964,50,Warriors Way
50,#UJ9QLRPL,Yeeter,0xfff05637,28000000,51892,51,EstonianBadgers
51,#20LQGUJCJ,Макс ТОП,0xfff9c908,28000175,51720,52,🍀AR❣️STM❣️YR✨
52,#Y02Q8R8R9,charlie,0xffff9727,28000185,51665,53,SCOTLAND
53,#8VPPPPJPP,пророк,0xffff9727,28000242,51641,54,<c8>Totem</c>
54,#2PCGRQVV9,Fountainhead,0xffff8afb,28000278,51468,55,♣️TryHarders🔴
55,#9088LLCCC,Alpha,0xff1ba5f5,28000182,51447,56,SCOTLAND
56,#YPU9VVLUR,Флэш,0xfff05637,28000244,51416,57,Hedgehog
57,#9UR22JVUR,Лавки Алёнку...,0xffff8afb,28000150,51292,58,Qianat is God
58,#PR9L0U282,TorQue🌀,0xffffffff,28000303,51195,59,
59,#28QR8VJYL,Spooky😘,0xffa2e3fe,28000002,50961,60,UAdragg🌾🍪
60,#JYJ8G2QQ,LUCA IL PRO,0xff4ddba2,28000140,50903,61,HouseeSport🇮🇹
61,#88LCCRUJ2,CHELIK,0xffffffff,28000112,50894,62,Hell Imperium
62,#2LQCVL2VJ,xKoashi🪐💘,0xffffffff,28000066,50874,63,💫Star♡Mᴀjin💞
63,#Q0R0UQUJ,ЧИТЕР777,0xffff9727,28000296,50872,64,Walther Smooth
64,#P8290Q08G,cononel Ruffs,0xffffffff,28000304,50732,65,
65,#90G80R9R9,YT ТОПОВЫЙ ДЖИН,0xffa8e132,28000118,50725,66,Hell Imperium
66,#9L0QCRGJV,денчик,0xff1ba5f5,28000341,50507,67,| NightKnights|
67,#PUCG8J9U9,⚓️STARMEH⚓️,0xff1ba5f5,28000095,50230,68,Mystic
68,#8QC9QLRGU,ДоБрО,0xffcb5aff,28000294,50218,69,La Flame 🔥
69,#2LPPVCQG2,《~Doge~》,0xffffffff,28000167,50096,70,
70,#P0J82PPVV,Master Chief,0xffcb5aff,28000293,50031,71,Gonmat):
71,#99PGRVC9C,❤♚𝓢𝓱𝓾𝓰𝓸♚❤,0xffffffff,28000023,49908,72,Dizzy💫😵‍💫
72,#2PLR2LU2C,♤Marlboro♤,0xffcb5aff,28000305,49579,73,Zarubiny
73,#8JYCYGP0V,cigorudika,0xff4ddba2,28000301,49536,74,"Easy win, noob"
74,#J2U99R2Q,❄️IceFox❄️,0xffff8afb,28000182,49483,75,Hell Imperium
75,#28V2U8URG,madara,0xff1ba5f5,28000151,49468,76,head sõbrad eee
76,#Y9Q92J9U8,ZETA | tt_†mo†₹,0xffcb5aff,28000141,49284,77,Upa söörikud
77,#208LCUY82,Dark_Phoenix,0xff1ba5f5,28000271,49225,78,DGY
78,#YV28UR2RC,inshallah,0xffffffff,28000084,49222,79,Scottish Esport
79,#9GPVUJJ0R,𝗤𝗦•Conqueror,0xfff05637,28000282,49185,80,тяжёлый люкс
80,#90UJ8VL9L,ㅊꪀﺃꪜꫀꪖ|ఌ,0xff1ba5f5,28000134,49179,81,Hell Imperium
81,#8YJ8PVJ29,Elsio,0xff1ba5f5,28000242,49140,82,☢️ТОП 1☣️
82,#Y200UJ9L9,Raivzz,0xffa8e132,28000199,48982,83,sharpshooters
83,#P0G2YYYQU,ĐɆ⅂ﾁ❂ツ,0xfff05637,28000023,48898,84,ɪɴᴠɪɴᴄɪʙʟᴇꜱ
84,#P0RLQJLY9,KokaLime😙💨,0xffcb5aff,28000129,48886,85,Estonia Lite
85,#8P9QYLGQY,JUUSTU TUUSTUD,0xffa8e132,28000316,48871,86,EstonianBadgers
86,#9YC2L0RC8,LeMoN,0xffa2e3fe,28000347,48676,87,SKELETON|TEAM☠️
87,#2JPRC20VR,KIXZ,0xffcb5aff,28000291,48652,88,Mini Crox's
88,#UJPP9PJQ,PrIzRaK777,0xfff05637,28000226,48489,89,Rosa's Club
89,#9U9LCJJGJ,Mattias,0xffcb5aff,28000038,48368,90,
90,#L2C29L2CU,领袖 | ᴅᴇᴀᴅlyᴳᵒᵈ,0xffffffff,28000139,48362,91,<c6>SALTY</c>
91,#PUYQUGJGG,☔️DeMoNᵍᵒᵈ🪐,0xffffffff,28000352,48204,92,3v3|Gods™
92,#PV00UJRVQ,☠️GUN☠️,0xfff05637,28000138,48168,93,
93,#R9U98GRC,HS | GafaR❤️,0xffcb5aff,28000159,48151,94,🎵Hidden Song🎵
94,#8RG2UL9Y8,эль примо,0xff4ddba2,28000136,48050,95,CoLD♡RoSE
95,#P2L0YJ9PP,🎭|POiiser♡,0xff1ba5f5,28000141,47924,96,
96,#2Y08P0QPR,Moki,0xffcb5aff,28000330,47880,97,võitjad
97,#80QQCY22U,Mancer,0xffa2e3fe,28000293,47870,98,Fırtına 🌪
98,#LRQ202JRG,dondecox,0xffffffff,28000000,47753,99,Estonia
99,#2YQ9RUR29,スラン♡Neismo,0xffcb5aff,28000281,47743,100,<c6>?</c>
100,#8QVGQVVJU,Martson🇪🇪,0xff1ba5f5,28000141,47723,101,võitjad
101,#22R8LGYJR,BNN_Darneck,0xffffffff,28000348,47707,102,EstonianBadgers
102,#LURQUP20,OpCactus,0xff4ddba2,28000077,47646,103,Ultimate Penny
103,#2YU09V8RY,ant🇪🇪,0xffa8e132,28000000,47607,104,AFFECTIVE
104,#22LRC9JU2,pahan,0xffffce89,28000156,47402,105,
105,#22QY9YC99,ОВОЩ,0xff1ba5f5,28000278,47301,106,sky player
106,#29CR89L20,ᴡʜɪᴛᴇ ɴɪɢʜᴛ,0xffffffff,28000130,47295,107,
107,#8829RC88U,🇪🇪Janek🇪🇪,0xffff9727,28000179,47267,108,Estonian Kings
108,#2PJG88V0Q,heartless...🦋,0xffffffff,28000000,47266,109,
109,#89QUV0YCG,ボットゲイ|Bot 1 Gay,0xff1ba5f5,28000144,47198,110,SKELETON|TEAM☠️
110,#88U0GGGUR,ㄚ卂 匚卂尺乃 ⅅ乇ㄒҠ卂,0xffa2e3fe,28000132,47172,111,TEAM ARG
111,#92QQVVQC,༄𝗣𝗪𝗡𝗭个,0xffcb5aff,28000067,47161,112,Estonian Kings
112,#QJU9L0Y,nqtos_o,0xffcb5aff,28000305,47147,113,
113,#PGJ2QYJ,Тутс,0xffa2e3fe,28000305,46753,114,
114,#9GCJ9Q0LG,joi77,0xffff9727,28000041,46708,115,Fabled Legends
115,#2UUP9Q8VJ,я allan_sneg🇪,0xffa2e3fe,28000301,46656,116,SKELETON|TEAM☠️
116,#8PYR8JQPY,kilosoffgames,0xfff9c908,28000299,46646,117,Mystic
117,#288QPJQJG,It's Floz💞,0xffffffff,28000234,46578,118,No more talk
118,#82PRPCQQ,матвейчик❤️‍🔥,0xff4ddba2,28000041,46479,119,wargaming
119,#GVYC9GGU,ARC|Mechaツ,0xffa8e132,28000115,46300,120,Estonian Kings
120,#PL2QLGQ9V,wr34,0xffcb5aff,28000294,46208,121,FriendShip
121,#LR90CG8J,⛩Art64⛩,0xffa2e3fe,28000139,46044,122,
122,#J9PLLYYC,ivigna,0xffa8e132,28000169,46013,123,
123,#2Y0808JUC,Golem23,0xffcb5aff,28000169,45980,124,💎Kristals💎
124,#8JJCUQP2U,Necklace🎀,0xffffffff,28000341,45899,125,Warriors Way
125,#8C9PJ2UVC,🎩𝐌𝐫.Kraken🎩,0xffff8afb,28000054,45878,126,Los Tigers
126,#2U9JULC0U,[БЛЕТ]ПОКАПО,0xff4ddba2,28000101,45851,127,клуб crow YT
127,#8Q980P8CL,🥀|vanakuuli=),0xffcb5aff,28000330,45838,128,The Last Way?
128,#222P80UR,vampyy,0xffffffff,28000224,45837,129,Circus
129,#YPJJLYQQC,слава,0xfff9c908,28000125,45809,130,God Squad
130,#YC2U9GY0U,pro noob,0xffa2e3fe,28000294,45800,131,Fabled Legends
131,#PGRY0JLCL,🥑🤡VAN4🤡🥑,0xffcb5aff,28000132,45689,132,
132,#2LLVVR28R,'_'Lop@to4k@:),0xffa8e132,28000256,45529,133,50ka
133,#22JJUJVQC,🌵ᴡɴ | Sᴘɪᴋᴇ)🌸,0xfff9c908,28000260,45494,134,кайфарик
134,#PLLQR8U9Q,zayborg,0xffff9727,28000079,45465,135,Dangerous Club
135,#8ULGPVV0Q,Илья,0xffcb5aff,28000278,45455,136,
136,#PGLVJPCPP,Matvey 🥀,0xffcb5aff,28000273,45430,137,
137,#CYQC8R8P,PIN9UIN,0xffff9727,28000262,45376,138,NerQ derim
138,#8YLRJYJY0,Леон,0xffcb5aff,28000310,45331,139,Led Zeppelin
139,#P9GLVCPR8,♤P-Prosto♧,0xffa2e3fe,28000305,45326,140,Noble Cast 1
140,#2J8LPQR8P,나쌉고수,0xffffce89,28000095,45315,141,
141,#9J02GUG,YTwendow,0xffa2e3fe,28000164,45287,142,BlackWidow
142,#2VL9U92VG,Mlg,0xffffffff,28000352,45247,143,[ПОТ]Bravlking
143,#8RU0C2LJ2,martenz,0xfff9c908,28000087,45214,144,Andromeeda
144,#PVC2PRYQR,SPIKE,0xffffffff,28000138,45204,145,EstonianBadgers
145,#2QVQ9RGLV,Ĝóóð ńíĝĥť🌃,0xff1ba5f5,28000135,45192,146,Mystic
146,#2GGGVGGQ8,King👑|Znow❄️,0xffa2e3fe,28000285,45166,147,King’s Legacy
147,#909LYQ0UV,Emerald_Kroonos,0xff1ba5f5,28000019,45164,148,Birdmaster
148,#99JQ009JV,☔Luckerᴷⁱˡˡᵧₒᵤツ,0xffa2e3fe,28000330,45105,149,PsychoKids
149,#VVR0CRCV,悪George,0xfff05637,28000262,45098,150,Hell Imperium
150,#P2Y9VVJ,_Енот_в_деле_,0xfff9c908,28000277,45051,151,
151,#2CR0YPYLY,SMP|Lodon,0xffff9727,28000337,45032,152,CzechKillerCrew
152,#9JCQCUJPY,ᶜᴿᴬᶻᵞkíllєr🥀⛩️,0xffcb5aff,28000023,45007,153,les 4 maîtres
153,#8JPVV09C9,Nero,0xffffce89,28000331,45003,154,🥈Second🥈
154,#89Y82099P,Super,0xff1ba5f5,28000282,44975,155,thenuts
155,#PVLUY0JJ0,GRL | mardax,0xffff9727,28000262,44969,156,✿✧✰Ʊℝⱥꫜűʂ✰✧✿
156,#VYYYU298,čýxåŕïk,0xfff05637,28000312,44936,157,Liquid666
157,#82UP9YJU2,brawl,0xfff9c908,28000095,44888,158,Kings of Speed
158,#LYP9UC0R,🎀Candy🎀,0xffa2e3fe,28000263,44857,159,Born⛩to☘️Win
159,#2PUJY0V2P,死神| Doom Guy,0xffffffff,28000086,44814,160,
160,#GRCRV8UU,TT/SUPER RISKY,0xff1ba5f5,28000019,44805,161,DragonZ🐲
161,#20Q8L2JVC,sad💔frosti🕊️,0xffff8afb,28000254,44800,162,Cactus Family
162,#8Y2G90R9V,_𝓔𝔂𝓫𝓴𝓪,0xffff9727,28000280,44774,163,SKELETON|TEAM☠️
163,#8L2JPYJR9,Shuuuky✨,0xffffce89,28000061,44760,164,EstonianBadgers
164,#9CQ28PUV2,EstHdXd,0xff1ba5f5,28000151,44748,165,TEAM OMEGA
165,#CQJLCGCL,KP|Kupayee🎋,0xfff05637,28000317,44719,166,SKELETON|TEAM☠️
166,#888JLU20L,QWE|Soroka🥀,0xffffce89,28000222,44694,167,
167,#PLL8R20RG,policenoir,0xffffffff,28000335,44691,168,La team Goat
168,#P89L2UVQ9,soopro,0xfff05637,28000330,44611,169,Weasels Kingdom
169,#92V9VRLVU,emilxxxwq,0xffcb5aff,28000045,44574,170,
170,#YCUPPC8QP,Ёжик,0xffa2e3fe,28000163,44525,171,WIP|°TOP°
171,#8VU9QYLPR,難Asᴛʀᴏɴᴀᴜᴛ💔,0xffcb5aff,28000023,44525,172,fateful❤️‍🔥
172,#Y0QQVGJ0,🇪🇪Ramm🇪🇪,0xffa8e132,28000060,44512,173,eesti
173,#J9VPYP0U,DM|Dreamer,0xffcb5aff,28000330,44471,174,DM Бубалех
174,#2VVCJV20,PAW1,0xffff8afb,28000349,44448,175,Cryo Blade
175,#9GJYR09Y0,ˢᶫᵉᵉᵖᵃ|ᵈᵃᶰᵍᵉ🥀,0xff1ba5f5,28000039,44437,176,Roptik Squad
176,#2QU8CGYJV,<*Volli*>,0xffff9727,28000072,44377,177,estonian club
177,#LC2V2VRCG,Данилаз,0xffffce89,28000129,44354,178,МИНЬОНЫ И ГРЮ
178,#PPQJGYQ8Q,rüzgar,0xfff9c908,28000277,44336,179,BEST CLUB
179,#PYJCY8899,Doggo,0xfff05637,28000073,44301,180,CarnageGame
180,#P0RGVL9QG,Юенюан🍓,0xffff8afb,28000182,44243,181,DTims Wars
181,#Q9L98Y2P,Solo,0xffffce89,28000182,44204,182,Titans Hera
182,#2299UG9LU,🇪🇪Emil🇪🇪,0xffff9727,28000294,44198,183,Estonian Kings
183,#LJP2JQ2VU,DevildarK,0xfff05637,28000226,44071,184,Russian Club
184,#PPL0PC98R,B Boy Repish,0xff1ba5f5,28000334,44055,185,real бравлеры
185,#8P80P9V99,🔥Aroxin☯️,0xffffce89,28000347,44012,186,
186,#29YRR0JPC,UKSI,0xffcb5aff,28000228,43996,187,Clemeti munad
187,#GCVCV28P,[LP]Wild,0xffffce89,28000330,43939,188,Estonian Lords
188,#L0RJ9ULCJ,əcəl,0xffa2e3fe,28000078,43908,189,
189,#QY8QPRL8,P̷Q̷™͓̽依₩₮₣ ₭ɆɎ,0xff1ba5f5,28000282,43899,190,Anime top
190,#98V9RGGUG,EstonianMaster6,0xffff9727,28000350,43847,191,META STU
191,#U9VYRRPG,A29|Pau4oK❤️‍🔥,0xffffffff,28000136,43840,192,
192,#8VP00YLQ2,kitchen gun,0xfff05637,28000245,43784,193,SCOTLAND
193,#98JQJ0CC,Hash ♡,0xfff9c908,28000198,43783,194,BTLN
194,#82RY0QQR8,xSqeeze🐬,0xffcb5aff,28000222,43781,195,EstonianBadgers
195,#8JPY8V08U,Mannu/Solberdis,0xffffffff,28000030,43770,196,AP Socialism
196,#P98UYQU00,rage wolf VvV,0xffa2e3fe,28000335,43767,197,🇨🇵Stars🇨🇵
197,#8PYGV2P90,EstNinjaPlayer,0xffffffff,28000330,43727,198,Estonian Kings
198,#9PU0R9VQU,Kirieshka,0xffcb5aff,28000248,43689,199,
199,#RQLUG9VR,MMA|MusXiz🌩,0xffffffff,28000168,43644,200,
