,tag,name,nameColor,icon,trophies,rank,club
0,#PPVU9LPUC,SPK | ꧁☬✞Nero✞☬,0xfff9c908,28000021,55786,1,🌔Last Wish🌔
1,#8C2VCLCGL,★彡[ɪᴢᴀɴᴀ 🎴]彡★,0xffffffff,28000333,55552,2,<c0>TOMAN🥋</c>
2,#999PYPCVP,𝓓𝓮𝓿𝓲𝓵❦,0xfff05637,28000273,51929,3,<c5>Night🌙</c>
3,#YL2QGY8G,supercel,0xfff05637,28000207,51430,4,AX|Esport🉐
4,#20PGQYR2C,SPK|CezarKuz,0xffcb5aff,28000305,51402,5,
5,#80R2C89GY,DETROIT.,0xfff9c908,28000137,50613,6,∆Omnipotent2∆
6,#2VYVQCRU0,adrián098:),0xffa2e3fe,28000280,50219,7,Team kosmos
7,#GRQYVCJY,Nahom,0xffffffff,28000020,50078,8,Code Tom
8,#8RJJLV9PG,SU|ReDiska😘,0xffffffff,28000000,49978,9,SkieUse
9,#920YUC99R,TQ/☆Rodri☆,0xff1ba5f5,28000305,49598,10,Escuadron Gamer
10,#92YCVR92Y,Robert,0xffcb5aff,28000029,49571,11,
11,#L980RQ99P,独孤求败,0xffffce89,28000335,49367,12,
12,#PYJVQ8UP,chytosse,0xffff8afb,28000018,49241,13,CRAZY MOON
13,#8VRV0C9UV,𝐡𝐚𝐦𝐨𝐱ス玉,0xffcb5aff,28000282,47938,14,MossTeam💟
14,#P9QPCUY88,Ms|Bodya💔⚡,0xff1ba5f5,28000168,47725,15,trASH SQUAD 🗑
15,#220PPPUUC,invicta66,0xffa2e3fe,28000341,47719,16,BD TITAN
16,#8Y2CVPJLQ,Ms|ddog,0xfff9c908,28000039,47488,17,trASH SQUAD 🗑
17,#Y2VUCLPUU,德|𝓕𝓮𝓵𝔂25🐍,0xffa2e3fe,28000025,47471,18,Hyper Ultimate
18,#J0UY9LGJ,DMA pro BR,0xff1ba5f5,28000265,47047,19,𝐒𝐡𝐢𝐛𝐮𝐲𝐚愛
19,#92LQ90GY,☔🔱Shiva✝️,0xfff9c908,28000180,47005,20,Ezko E-sport 💚
20,#LL992JJVL,TRIBE|♤§ŤĄBBĘŔ♤,0xffcb5aff,28000138,46653,21,Tribe Beta
21,#LR2QYGJGP,爱|Gamo🌔,0xffff8afb,28000341,46617,22,Ezhevika
22,#JQQ9UGYP,Tadaelʕ•ᴥ•ʔ☯︎,0xffff9727,28000322,45558,23,Empire Suisse 5
23,#8UU2UR8QP,Anikdote♡,0xffcb5aff,28000224,45318,24,TR|PROLAR🇹🇷
24,#2CQQJ292Q,B4H|RIP,0xffff9727,28000301,45275,25,Battle4Honor 2
25,#P2QQPPC2J,Robinmini,0xffa2e3fe,28000284,44666,26,Chlebáci Cz/Sk
26,#2RCYJ2YP9,Seiru🗿👎👎,0xfff05637,28000141,44023,27,Brawldogs
27,#8QQRY2QJP,YT_RIZVAN_SHARK,0xffa8e132,28000050,43913,28,⚔️ＭＯＴＲＡＳ⚔️
28,#2UY2J9YY2,mms,0xffffce89,28000212,43826,29,MechaMegArmy
29,#PP0Y8RLR2,chadri16,0xffcb5aff,28000350,43796,30,TheNewStart
30,#22LQJVCRP,Aman,0xfff9c908,28000352,43796,31,
31,#8JQCYQLVG,Mustafâ ♛,0xff4ddba2,28000135,43791,32,BrawlStarEsport
32,#L8QCJ8PJ8,mensur f,0xfff9c908,28000347,43757,33,Blue Stars
33,#8VYQVCGLU,stded,0xffff8afb,28000300,43750,34,кукумберы
34,#9898JGLC8,"MR,SWEATY",0xffffffff,28000139,43577,35,Cyprus Sleyers
35,#P2YLGLLCU,RL_zz,0xffa2e3fe,28000305,43443,36,Star Platinum
36,#2LG0Q2LPG,skull candy,0xffffffff,28000004,43231,37,FrenchKill
37,#2098PJJQU,Yasmin🌠,0xffffffff,28000139,42989,38,TeamQuesy
38,#Y8YLUG00Y,SM|MAGMA,0xffcb5aff,28000077,42989,39,HED
39,#8Q9VU9C8L,ñāšłøżę🥀:)€,0xff1ba5f5,28000218,42753,40,Gr Challengers
40,#YLQV2LVJQ,Санёк Горбунёк,0xff4ddba2,28000335,42612,41,<c4>BS|[YT]</c>
41,#YGQJQ0JQG,VoPz1S💜,0xffffce89,28000139,42396,42,
42,#2V0UQLG9Y,⛩|Itachi👀™,0xffcb5aff,28000139,42345,43,ＬＥＧＩＯＮ
43,#8V9RU0RYG,⛩️|Saven1.,0xffa2e3fe,28000319,42247,44,Supercall
44,#PURRV0P2G,skitls,0xff4ddba2,28000305,42160,45,KD_ARM
45,#P900VGLLV,☠️STICK☠️,0xffffffff,28000132,41977,46,
46,#28YJRVLRJ,jmznoh,0xffff9727,28000272,41873,47,серега пират <3
47,#8U0GPRGP0,бл*н,0xffff9727,28000228,41768,48,ТРРР ХАТЧАТА
48,#208RJRVJG,Gara💗,0xff4ddba2,28000294,41739,49,Chill Face💫
49,#Y2GLYUG9R,BRAWLER UH,0xfff05637,28000308,41515,50,UK’s Immortals
50,#P2C8VJR92,GxTrix,0xff4ddba2,28000335,41473,51,Sample Smiley
51,#2LR92JY2Y,Mr.Durp,0xffa2e3fe,28000301,41231,52,the brawl bro’s
52,#Y2029028,(⊙_◎),0xfff05637,28000233,41210,53,¥ PR¥M€>
53,#8GVLQCRY9,wizard,0xffff9727,28000095,41072,54,か|<c9>Yuk</c>i
54,#URVVYY8V,Royal Legend,0xffcb5aff,28000218,40835,55,MechaMegArmy II
55,#92CQ0RG8Y,Nether Sword,0xffa2e3fe,28000271,40833,56,Команда ATOMS
56,#PCPRQ20GV,billy,0xfff9c908,28000071,40677,57,Legiøn Legends
57,#9CULCLPP2,鹤辞,0xff1ba5f5,28000183,40615,58,
58,#98YQRGVQ9,☆BO$$~A$$~BAB€☆,0xfff05637,28000294,40583,59,Full Attack!
59,#2PQV9890G,MOHAMMED,0xff1ba5f5,28000255,40536,60,Indian Warriors
60,#JQRP9V2Q,STB/Franck Aimé,0xffa8e132,28000182,40421,61,Canadians
61,#2V88UCUGR,lord virus. cd1,0xff1ba5f5,28000096,40370,62,Distruttori
62,#8YPU88VRQ,~PupaCat12~,0xffcb5aff,28000276,40295,63,Escuadron Gamer
63,#YGY0CYPR2,❤люблю Кристину,0xffcb5aff,28000271,40007,64,alone kings
64,#9UQ8YVQR8,Levinho,0xffffffff,28000004,40005,65,
65,#8UPC0V9VV,kubem4🇵🇱,0xffcb5aff,28000173,39912,66,radzio1
66,#8R2P8C0VL,DAK|Daywi👎,0xffffffff,28000182,39502,67,Varen
67,#2G8QJJYVR,MCG |luisMG_YT,0xffffffff,28000323,39398,68,bored
68,#8Q22YP2G0,❄|Otiwolf™️⛩,0xffa8e132,28000073,39340,69,
69,#82L0C8UVG,Bas,0xffffce89,28000262,39222,70,Colombia Stars✨
70,#2J2P8LY2R,Predator,0xffffffff,28000000,39162,71,
71,#UYRJGPR8,baklajan,0xffcb5aff,28000033,39093,72,Brawl Stars
72,#8JR2VRUR2,《Учиха Мадара》,0xfff05637,28000138,39075,73,Nova Russia
73,#2VGLGUCVC,❄top Raxa top❄,0xff4ddba2,28000126,38937,74,
74,#9PVQ29Q2P,『þ4🐣』,0xffffffff,28000261,38867,75,yoyo
75,#VJ2LQPUQ,Symantec 🐣💛,0xfff9c908,28000096,38754,76,FC primos
76,#QVQR9GV0Q,Kingam,0xff4ddba2,28000341,38752,77,Aussie Alliance
77,#P9CLRVL0Y,ck amazing,0xff1ba5f5,28000303,38742,78,серега пират <3
78,#9RGYVL0J,화현찬)ķëëwį§ķæ부계정,0xff1ba5f5,28000185,38485,79,화현찬 3
79,#PR9QLPVRP,???,0xff1ba5f5,28000335,38349,80,3040클럽
80,#YJJVYCR28,Mathsᵗʷᵐ,0xffa2e3fe,28000054,38340,81,<c5>Banana</c>
81,#RCJJRLL8,Aman$,0xff1ba5f5,28000017,38327,82,Mecha Wizards
82,#CJJCUV00,Alpha,0xffff8afb,28000335,38082,83,Brawl Army
83,#8L8VVR8LY,(not) рогалик🥐,0xffcb5aff,28000287,37909,84,Черная метка
84,#YJJR2LYGQ,Clutcher69,0xfff9c908,28000233,37899,85,NC
85,#2CL8UV0P2,𝚂𝚝𝚊𝚛𝚂𝚎𝚝ツ,0xfff9c908,28000211,37887,86,кончелыги
86,#8G9VJGGLU,정윤프리모,0xffff8afb,28000229,37862,87,뿌링클마시쪄
87,#2CUGJ9UJJ,BO$$~K¥£€,0xffa8e132,28000352,37796,88,SWM Gang
88,#8PL0PVUVP,🥶QLS|Salva🥶,0xff1ba5f5,28000352,37743,89,BrawlJalapeño
89,#2J8J92J9Q,"No,L!",0xff1ba5f5,28000156,37712,90,Ukr|Team🇺🇦
90,#2UPRQ28RQ,Joker Ben,0xfff9c908,28000294,37696,91,Asian Avengers
91,#8VLRVQLUR,jo,0xfff9c908,28000294,37650,92,타마마중사
92,#99UCYQ0JC,zxc mar lav,0xffcb5aff,28000348,37517,93,POLSKA
93,#8CV9R0P82,ASU,0xffff9727,28000164,37479,94,Century Knight
94,#8QYJPURVJ,PIO(sore),0xffcb5aff,28000207,37211,95,Showdown Gamers
95,#892RVC2P,Qane,0xffa8e132,28000348,37198,96,The Warriors
96,#92CQGLLYL,/bro_pro,0xfff9c908,28000341,37147,97,
97,#2L08QGCV2,THE DESTROYER,0xffa2e3fe,28000225,37135,98,Firefly🔥
98,#9PYGYQGL8,clément,0xfff05637,28000073,37055,99,
99,#2CJ8UQ2VY,ER olciakh,0xffcb5aff,28000044,37020,100,ProTryHardTeam
100,#2R82U9JP,Мансур,0xffff8afb,28000014,36999,101,Silent Killers
101,#YJ0P8VP0P,ANT | Ruͥbiͣcͫk,0xffa8e132,28000332,36981,102,xbloom
102,#8Q29LQVL9,MIROTSU123,0xff1ba5f5,28000335,36963,103,LIPPIKSET
103,#GQC20UG2,kyk-göktuğ,0xffffce89,28000333,36957,104,Team Raptors
104,#9CPCYP9R9,nuggets,0xffffffff,28000279,36906,105,The Daddy’s
105,#RY0GL22,Nuk3,0xffff8afb,28000297,36807,106,Team Alvaricoke
106,#8LYRYV0YL,duyguxx25,0xffcb5aff,28000054,36576,107,RED PİACES
107,#P9JJ2UUQV,[ZEC]F1zly,0xffffffff,28000352,36547,108,lukasz godon
108,#LJRQL0YG2,ＫＵＲＯＮＡ🎴,0xfff9c908,28000132,36501,109,топ люди
109,#YJ0YQU822,ALIKU,0xfff05637,28000285,36288,110,
110,#92JPRPP0P,{БЛЕТ}Lol,0xffffffff,28000179,36165,111,
111,#Q2YPP9L,Ильяс,0xfff05637,28000222,36120,112,кто ты?
112,#9RY9JVJ0Y,Patryczek__,0xff1ba5f5,28000352,36068,113,pieczarki Marci
113,#PLCCL2ULV,JAZE,0xffa2e3fe,28000168,36026,114,🏤HOTEL🖤CECIL
114,#92YLLLRGJ,A Piczi,0xffa2e3fe,28000095,36025,115,Fani speeda
115,#PP0VG008V,King Bob👑,0xffff9727,28000207,36005,116,WürstchenTruppe
116,#9V98220P0,СдохОтец3мая,0xffcb5aff,28000228,35811,117,Day kings
117,#PLV092Y8,BABL GAM,0xffcb5aff,28000045,35680,118,A Few Bad Man
118,#RPQ0CQC,Gildardo,0xffffce89,28000332,35631,119,Latino
119,#28YJCPQ8P,⚡|Logan Jr™️⛩,0xff4ddba2,28000140,35618,120,Nikzebiclub
120,#PJJRY29LV,mami,0xffcb5aff,28000139,35563,121,TM🎮🎮
121,#LC0P2V0CG,zoro,0xff4ddba2,28000207,35559,122,
122,#9VCYVJPQY,Kai,0xfff9c908,28000278,35481,123,Elites
123,#8L8RGJY98,KIDUS,0xff1ba5f5,28000052,35433,124,!! LØSĆRĄK!!HŃ
124,#YP90GYVPU,●■《K€££¥》■●,0xff4ddba2,28000352,35426,125,Phœnix™ II
125,#P0RUJPY09,🔥ALi🔥,0xffffffff,28000319,35354,126,Zeitlos🪐DE
126,#8PJL20YLV,ATH |gogo,0xfff9775d,28000148,35189,127,rash poutine
127,#PY8G2CQG,_흰우유_,0xffffffff,28000134,35171,128,WRN
128,#8VPQ8CRGP,Brawler,0xffff9727,28000253,35170,129,RimastoCrew
129,#2G2RC9R99,Axel blue 07,0xff1ba5f5,28000152,35089,130,Colomins
130,#8VCVGJPUL,sosy_jopy//:,0xffcb5aff,28000335,35071,131,SK|sıralamaCLUB
131,#9G2G9QYVQ,Ł5/Ŋ3žvě,0xffcb5aff,28000156,35063,132,NR_UA
132,#28VQP9LUG,N͔͔̥̺̞̿͊̇o͙͙ͤͫ͞,0xfff9c908,28000141,35057,133,Brawl Dawgs
133,#8LRVQG8UC,Hoki,0xfff05637,28000224,34914,134,Luxury Squad
134,#LR0J92282,сосик,0xffcb5aff,28000333,34871,135,smerfy
135,#8R8LVLVUQ,Michał☔ᵍᵒᵈ シ︎™️,0xffcb5aff,28000207,34778,136,FireAmber™🔥
136,#PGU8CVG2J,Moni Moni 🐐,0xffff9727,28000139,34752,137,Sky Brawler
137,#PL8CQYLPU,SK|S𝐧I𝐩E𝐬🍻,0xffffffff,28000004,34730,138,Ghost fighter
138,#YRYR8CJ8,Myachick,0xfff9c908,28000267,34710,139,тащеры
139,#L9P0LJR28,S۝ℓoᴳᵒᵈ,0xffa2e3fe,28000262,34618,140,Лист Клевера
140,#8LY9UVQQ,Dgamer260,0xff1ba5f5,28000050,34615,141,Zapas⚡
141,#UQJG2909,danillohacker,0xffa8e132,28000164,34610,142,Team K@S
142,#YG98R20PY,Diiio 💤,0xff1ba5f5,28000139,34529,143,ACL|QuesoQuesin
143,#2PGJ82VRY,Alio,0xffffffff,28000185,34518,144,Sole Citadelle
144,#8P99LGRCG,DROCHER1337,0xffff8afb,28000129,34505,145,Team Brawl
145,#GL09V8RQ,Brüsk,0xffffffff,28000156,34370,146,Brothers
146,#8LR8YGR2L,beyene,0xffffffff,28000008,34370,147,
147,#8Q8PCY2J0,BBgs|NavI🙃,0xffcb5aff,28000286,34352,148,Spygliai
148,#8UCGQPR0V,kapi,0xffcb5aff,28000139,34336,149,
149,#RV20JUU,[F]_Пуфыстuk_,0xfff05637,28000331,34325,150,
150,#922GQ9PJV,David,0xfff9c908,28000067,34289,151,Zadroty
151,#2L0U0GQQU,FZ | FroZic,0xffffffff,28000062,34275,152,HorseMilkers
152,#2PGRRLU8V,Cold Assassin,0xff4ddba2,28000156,34230,153,The Brawlers😎
153,#9VUGCRJV9,Crow,0xfff05637,28000233,34222,154,panafresco🥵👌
154,#PYVR2JP2Y,destroyer,0xfff05637,28000305,34004,155,LEGENDARY
155,#2YQP889Q8,RAS🇷🇺,0xfff9c908,28000226,33981,156,
156,#LQQJ9CQCQ,⛩|Rzm64|🎋,0xffcb5aff,28000348,33900,157,QLF B.B
157,#G988UCJ,Nu',0xffcb5aff,28000305,33899,158,
158,#2R0PQY9V2,Herman nu,0xffa8e132,28000116,33837,159,webi wabo🐧
159,#29R8JUVLQ,Ṩสfͥสxͣxͫﾂᴳᵒᵈ🍹,0xffcb5aff,28000207,33709,160,
160,#289P9JRJY,Batmanpoiss,0xffff8afb,28000164,33695,161,Mecha Wizards
161,#220LP2LUV,Ñamañiña,0xff4ddba2,28000330,33668,162,UBA
162,#PPJ0GQ00C,🤙BEKSULTAN🤙,0xfff9c908,28000014,33655,163,все акки
163,#902UPRRCJ,The Bobër,0xfff05637,28000047,33644,164,Smurf Village🍄
164,#8L222JUGR,Uncle Samz,0xff1ba5f5,28000277,33640,165,NA Mex
165,#99YLLL88,IAIUIAI,0xfff9c908,28000132,33634,166,vamp
166,#8GRV2JVPV,КАКАШКА,0xffa2e3fe,28000146,33574,167,Cubersport
167,#JC0PUYJ9,spike,0xff4ddba2,28000335,33547,168,TEAM GHOST
168,#2UGCUYV2V,ｔｒｕｅ_y☯️sulata,0xffff9727,28000101,33483,169,kakaoschwänze
169,#LU2R2RU99,Hurricane,0xff4ddba2,28000156,33475,170,Schwarzes Blut
170,#8298PL990,Night walker,0xff1ba5f5,28000000,33471,171,MechaMegArmyIII
171,#2GJJYJRLU,Yimam,0xffa8e132,28000332,33434,172,1079152239!!€
172,#29GVU90YJ,👑G҉G҉|P҉R҉O҉🎭,0xffffffff,28000272,33422,173,
173,#YJ9YP9GLG,💥K¥£€💥,0xff4ddba2,28000247,33410,174,top4ik's club✨
174,#89CG8JRCV,メルクMercuri🪽,0xffa2e3fe,28000285,33377,175,Twin Cities Clb
175,#PCVJP2RUL,TRAINER 55,0xfff05637,28000350,33252,176,Legendz_Only😎
176,#8QQR0RPQU,KARDINAL,0xffffffff,28000168,33205,177,
177,#P8002L82C,동동이,0xffcb5aff,28000164,33193,178,성지키기 온라인 ㅇㅈㅎㅂㅂ
178,#2RYVCRJ2G,플랙스선우엄마,0xffffffff,28000032,33185,179,
179,#QC0Y0Q9L,Ela,0xffa8e132,28000037,33048,180,∞~YILDIZLAR~∞
180,#YR20R80L0,Meba,0xfff05637,28000330,32979,181,114
181,#PPJR2ULG8,РафикПудж2004,0xffff8afb,28000291,32954,182,Tofanet
182,#R022LU8C,🌴LeMon4ik🍋,0xffcb5aff,28000023,32911,183,
183,#VVYQ2UCJ,REVIVE┃れいす_MVP,0xffa8e132,28000009,32895,184,September!
184,#Y2C2Q0CG,🇺🇦профісонал✌,0xfff05637,28000164,32887,185,про читери
185,#PGJYJ02VQ,0-о,0xfff05637,28000284,32885,186,🔥S.T.B🔥
186,#8QGLYY90V,ETH|Ripper,0xfff05637,28000223,32885,187,lospekas999
187,#YR8V2YPY,SASUKE,0xffcb5aff,28000207,32848,188,Burger
188,#9QL2GGJPP,Morelᴳᵒᵒᵈ,0xffffffff,28000335,32828,189,🏆Pushing🏆
189,#8YPL9QQU,ND|fláwly,0xffffffff,28000332,32824,190,
190,#2QPGJC00G,Kiber_gey,0xffa2e3fe,28000205,32816,191,
191,#VUPRGJ0C,Iman,0xffa2e3fe,28000334,32799,192,Oreo Nation
192,#YQRPVVQY,Snoopy,0xfff05637,28000273,32776,193,BS group
193,#Y08GC2V8V,Читер 777,0xff1ba5f5,28000255,32766,194,OQX|NY
194,#29JCQRYU2,GX MAGNIFICO,0xffa2e3fe,28000253,32751,195,
195,#YPY0V99RR,la ponian,0xffcb5aff,28000278,32687,196,Team CTS | BS
196,#YGGQJLQCP,Soloniel,0xffff8afb,28000055,32671,197,
197,#YRCRP8P8C,xeldkor,0xffffffff,28000151,32577,198,WeSweatAtCR
198,#RYURU82C,bigbog123,0xffcb5aff,28000293,32544,199,Sigl Baule
199,#8RLL8LVGY,Amazeo13,0xff1ba5f5,28000333,32498,200,Brawlsileiros
