,tag,name,nameColor,icon,trophies,rank,club
0,#2UCC8202,guti 💙,0xff1ba5f5,28000101,73355,1,Emi's bar 🍻
1,#9RCGPQQ8R,吸|Blaze🦇✨,0xffa2e3fe,28000166,57782,2,The Helm
2,#P00LRPJU9,USSR | FLOK17,0xffcb5aff,28000041,57155,3,🌔Last Wish🌔
3,#CGLGCCG9,1ñak1_07,0xffffffff,28000348,53953,4,
4,#8U9LG00RQ,Mvrcosxt,0xffff9727,28000156,53655,5,Time Room⏳
5,#2YPVG0P9,Terpi402,0xff4ddba2,28000140,51807,6,Copito
6,#92VQRC88J,vosixo,0xffffce89,28000294,50573,7,Best♥️3v3
7,#8YUR0J8R,Crazy_なめとこなめこ,0xff1ba5f5,28000048,50360,8,むつすけを崇める会
8,#P8U82Y899,「𝓜𝓾𝓼𝓵𝓲𝓶」,0xff1ba5f5,28000167,49767,9,MāgīcEclipšīš🔮
9,#2PQURP88,nikssi,0xffa2e3fe,28000167,49673,10,nikssi’s server
10,#9JYLJVGR8,Aziz💞Solo,0xff1ba5f5,28000090,48892,11,Brawl Kings
11,#2L9VJQG8Y,salam isotoy,0xffcb5aff,28000080,47154,12,BraveAdventurer
12,#P8PR82J,TRB|TonyTendo,0xffffffff,28000138,46251,13,best of best
13,#PUC0V88R0,Schlurp,0xff4ddba2,28000348,45657,14,
14,#29RRCVPL8,ツSpuLaeツ,0xffcb5aff,28000330,45484,15,CGL
15,#2J0J2QJRQ,Grego/baby wang,0xffa2e3fe,28000016,45272,16,BABBALUCCHI
16,#PPY8GJJV9,tqmEVELYN💖,0xff1ba5f5,28000305,45092,17,P.E.K.K.A WAR
17,#VUY9URQC,金色の夜明け| DEBCAF,0xffff9727,28000170,44831,18,Team| Lost
18,#20GUC2YPV,RV|wowys,0xffcb5aff,28000232,44281,19,Короли
19,#2JL9GJYQV,Razai64ツ,0xffcb5aff,28000207,43972,20,NA*|Fortress
20,#8V899CU2C,N'w | 도깨비⚡,0xffa8e132,28000078,43283,21,자유를 찾아서!!
21,#28V0QL2PJ,I am a cheater,0xffffffff,28000139,43244,22,[FR] DISCORD
22,#9UU2UGVV2,༺Leͥgeͣnͫd༻ᴳᵒᵈ,0xfff9c908,28000272,43194,23,die profies
23,#8LQV9P9RJ,th|tutur,0xff4ddba2,28000013,42710,24,
24,#PQQ2P8UJ,MaxS,0xffff9727,28000159,42545,25,Безсмертні🇺🇦
25,#GJ9RGVCY,hum,0xffcb5aff,28000349,42316,26,Retrowave™
26,#PGRPYCR8J,B🅾SS H🅾SS,0xffffffff,28000322,42297,27,best of best
27,#P8UL2CPVG,❄️MC|MonClast🍃,0xff1ba5f5,28000341,41672,28,Hate mortis
28,#9J9CJ000Y,EDT|samuel,0xfff9775d,28000202,41452,29,los pros con p
29,#PPY0YJRQ2,QLS|DARK_DEMON,0xfff05637,28000271,41352,30,Fallen Demon🧸
30,#RY8VGR88,sosy_jopy//:,0xff1ba5f5,28000168,40966,31,Team|delisov👑
31,#2JY9YGJQU,Timojj,0xffff9727,28000073,40883,32,🥈Second🥈
32,#2LPL0QURV,bounty♡,0xffcb5aff,28000044,40827,33,World Elite 🌍
33,#28J2VVY,dkhd,0xff4ddba2,28000219,40693,34,Hell Raisers
34,#880V2C9LC,SLG fly away,0xff4ddba2,28000302,40640,35,Ananas
35,#YV8GJJ2GR,Sans Natorator,0xffff9727,28000207,40476,36,🌑moon hunter🌕
36,#Q0VPJ0889,lion,0xff1ba5f5,28000156,40381,37,Capsule Corp.
37,#29LQC8J8P,♡Maciel♡,0xffffffff,28000332,40346,38,StayNight
38,#2CGYVPVR9,GX|Lenny,0xffa2e3fe,28000164,40297,39,Les poulets
39,#9VQPG2P0R,tt|ttgamingfn,0xfff05637,28000142,40100,40,Nova Dragon De
40,#PQ0C2VPQL,PetuSHOK,0xfff9c908,28000023,40067,41,LRC|CHAMPION
41,#8RQLJVPRC,TTV.0oRps,0xff4ddba2,28000016,39748,42,De Gangsterzzz!
42,#8RULPYVRJ,Bot 7,0xff4ddba2,28000180,39473,43,Roar|Scary™️
43,#PQRYJCQ29,ℕ𝕀ℂO̸🥀,0xffff8afb,28000014,39386,44,TS|Thunders
44,#289QC9YRP,S-crow,0xfff9c908,28000014,39353,45,
45,#98LYQC8YC,колет и эдгар,0xffa2e3fe,28000146,39197,46,Roy is a boss
46,#C0QLRRUG,epicmatter boii,0xfff05637,28000300,39176,47,
47,#PG2RVVY9,〖ᴷⁱⁿᴳᴼˢⁱʳⁱˢ👑❤️,0xffcb5aff,28000349,39076,48,Die coolen Gang
48,#298PU9QPV,⛩️| Maͥttͣiͫz🥀,0xffcb5aff,28000288,39024,49,🇮🇹la patapata
49,#90RPUQPGJ,paulosouzajp,0xff1ba5f5,28000284,39020,50,Veios Do Brawl
50,#PGP9R09RJ,𝕋𝕋|ᵛᵉⁿᵈᵉᵗᵗ💞,0xffffce89,28000256,38587,51,ᴡᴡʀᴇᴇᴢ❤️‍🩹
51,#2RJYRV9GP,BE|《なると》,0xffa2e3fe,28000168,38310,52,MyS|Showdown
52,#90L0L9R2Q,⛩️|Nekroos 🥀,0xffcb5aff,28000314,38307,53,la lechuza
53,#2P9UCG9R,👹KOÇBAŞI🔥,0xffff8afb,28000161,38294,54,Ermeydanı
54,#YP2Q2LJU2,Kang Haerin,0xffa2e3fe,28000322,38261,55,倒讚愛好者
55,#2YPP9YRU,Alpha,0xffcb5aff,28000228,38082,56,TheGoopyNinjas
56,#YRVVCUQPY,Bot7,0xff1ba5f5,28000231,38053,57,
57,#8CJ9JR0L2,DR. BOKOR,0xff1ba5f5,28000334,37934,58,Team OÁG
58,#J9YYU2PR,chocopie,0xffcb5aff,28000294,37817,59,Volkihar Clan
59,#VUUCQPU,misterio🐣🧨,0xfff9c908,28000348,37529,60,SPORT MX
60,#J0GLGJV,Xerresito,0xfff9c908,28000225,37529,61,solo pros xdx
61,#88V22YP9P,RM|Gabxzz27,0xffcb5aff,28000335,37475,62,
62,#9UC29G2UC,我Micro |アニメシュ,0xff1ba5f5,28000072,37036,63,
63,#PVUJCR0CY,Artemka,0xffcb5aff,28000221,36953,64,MeatWagon
64,#20LCUG92Q,FEN1CKS,0xffcb5aff,28000290,36930,65,Volkihar Clan
65,#8U0Y829R8,𝕸𝖔𝖇𝖎𝖚𝖘,0xffa2e3fe,28000333,36881,66,United BLT
66,#8RLJLY0YR,NameSteeve,0xfff05637,28000182,36686,67,Hellsky
67,#Q0888J0GG,かぇ,0xffff9727,28000139,36535,68,🤙Brawl Amigos⚡
68,#Y2JV9C82J,I'm Jacket,0xff1ba5f5,28000348,36512,69,Brawl Kings
69,#2RRLR0Q8J,NB|Element,0xffcb5aff,28000132,36471,70,Carhartt
70,#PPJUCV8GU,Rodrigo359,0xffcb5aff,28000156,36435,71,DRAGON FIRE²
71,#P0L0GP8JU,🔱DREAMER🔱,0xffffce89,28000221,36177,72,
72,#GJYR0CP9,FraTr,0xffcb5aff,28000348,36018,73,AkunaMatata8382
73,#922QRPPUU,KOLAR628,0xffcb5aff,28000349,35983,74,
74,#28QYRU0UR,Hechgood,0xffa8e132,28000332,35948,75,
75,#8VGLV00GC,ZT/ATLETIKO,0xfff05637,28000310,35927,76,Н - нежданчик
76,#8PP8UVYLC,[БЛЕТ]ВОРОН,0xff1ba5f5,28000019,35914,77,Legendy Polska
77,#99999JUJG,MaS|Morientes😡,0xffffffff,28000349,35795,78,МЫ ЗА ПОБЕДУ
78,#20Q0GVUP2,Polyakzh,0xfff9c908,28000170,35790,79,Pablo|team🌵
79,#YQP09V2PV,Pluto,0xffff9727,28000263,35706,80,BurgerPommes
80,#GVVP0YLR,НаНи,0xffa2e3fe,28000305,35678,81,buzzdan
81,#LR9QJ2VC,☆sami1☆,0xffcb5aff,28000335,35662,82,SM | E-Sport
82,#2L0UYG0R9,DestroyerChris,0xff1ba5f5,28000305,35562,83,Pro Gamer ###
83,#LU2YC9UG,qwerty,0xfff9c908,28000305,35511,84,•VęarpõnşTeåm•
84,#8JQ888QJJ,tt:fiziks,0xff1ba5f5,28000019,35462,85,ШАЙЛУШАЙ🍀
85,#Y9VCUPR98,gero4ka 🇺🇦,0xffcb5aff,28000139,35413,86,Дети Донбасса
86,#QCC29Y2J,lor,0xffffce89,28000305,35361,87,Wolf_Alpha
87,#9CV2282L,you are dead,0xffa8e132,28000170,35316,88,Les olds
88,#8YJCUYCCQ,ᴴᴬᵀᴱˢᵧₒᵤ♡,0xff1ba5f5,28000311,35310,89,адские дрочилы
89,#80L2UJ89L,권나영,0xfff9c908,28000272,35255,90,FORCE
90,#P0PJL9L8J,▅▇█▓▒Ƥสบl▒▓█▇▅,0xff1ba5f5,28000135,35078,91,
91,#989PYL8C8,RB|Robert,0xffcb5aff,28000288,35064,92,🥊𝚙𝚞𝚜𝚑ᵘᵖ🥊
92,#PGVQL0JCG,『乂Benj2k10💛』,0xffcb5aff,28000224,35052,93,Tiktok: Tryyxou
93,#PJY09YCJP,spb|KSI,0xff4ddba2,28000294,34947,94,spb|DarkKing
94,#2GLVJY9CC,Størm⚡️||lūlū⚡️,0xff1ba5f5,28000067,34844,95,anthOOOny
95,#2Y82GYV2L,NiXi_Slayer,0xffcb5aff,28000283,34824,96,
96,#909GJUG,ELPROGAMER,0xfff9c908,28000023,34814,97,mucoros
97,#90GLY0Q8Q,Leonidbro1311,0xffcb5aff,28000125,34746,98,STL|🥀TiMaNN🥀
98,#LC9QC0Y8U,逍遥无痕,0xffcb5aff,28000125,34447,99,Klido App
99,#PRGYPUGP,blubberwasser=L,0xffa2e3fe,28000285,34366,100,BlubberWasser💧
100,#89VUVR8,ZF | Gellet🥀,0xffffffff,28000018,34292,101,
101,#LRL0808P,AQM|Lev4ik,0xff4ddba2,28000021,34204,102,team exotick
102,#PR0PJ2L2G,muik,0xffa2e3fe,28000345,34204,103,de brawlers
103,#9PVY22GR0,KingÇınar,0xff1ba5f5,28000189,34166,104,LEGENDS TÜRKİYE
104,#YV0GVCLP2,hileci 789 apk,0xfff9c908,28000159,34160,105,MamiCan02
105,#8GU82822Q,IcebroYT,0xff1ba5f5,28000253,34149,106,Arrowverse 2
106,#PUY2LPPJC,валфя нулифраер,0xffff8afb,28000182,34087,107,горелые петушки
107,#2JVGRPGP0,gold dog_YT,0xfff9c908,28000090,34077,108,under
108,#9PUPQU0G0,Sebastian 44,0xffcb5aff,28000294,34074,109,Die Rächer
109,#GLQQUU92,SHERLOCK,0xff1ba5f5,28000023,33995,110,Trap hata
110,#PQVLQYV2L,misterman,0xffa2e3fe,28000191,33897,111,G.O.A.T
111,#9RUVG8U20,ИнкСанс,0xff1ba5f5,28000305,33864,112,Maybe?
112,#2VQ92QQVQ,Vkx|Ghostkiller,0xffcb5aff,28000140,33858,113,Lakegnusse
113,#80Q9CCQUJ,felice67,0xffcb5aff,28000273,33827,114,Brawl 4 Life
114,#2P2L989JC,francisco gamer,0xfff05637,28000023,33680,115,𝐂𝐥𝐚𝐬𝐬𝐢𝐜
115,#2V2U9999L,SX|RUDACZ,0xffcb5aff,28000132,33625,116,BDětskýKlubíkS
116,#92VRVR2Q0,ЧИТЕР777,0xffffffff,28000169,33577,117,FC Bouniouls
117,#8QL9P9UR,kazul|luzak,0xffa2e3fe,28000330,33545,118,Poland Better
118,#2RYP8JQ82,ArD,0xffffffff,28000335,33493,119,ναѕιуєт ✵
119,#Q82CR28L2,cesar 2474,0xffff9727,28000053,33413,120,GATTITOS
120,#JGC2JLRJ,69_BOY,0xffcb5aff,28000280,33384,121,MX09
121,#2LP00GYGG,Данила хит,0xffffce89,28000294,33366,122,Д2Ж2 и его друз
122,#8RLYUURLC,Zoo|hippo🦛,0xffffffff,28000138,33364,123,Online Bandits
123,#YJGVJQ9VC,CW | FLOIM,0xfff9c908,28000218,33309,124,到最后一场电影
124,#800GGL2GP,×Arkangel×,0xffcb5aff,28000310,33304,125,
125,#LGJU9GP9,LAwinEsmia,0xff4ddba2,28000258,33206,126,🖤❤Anime❤🖤
126,#2V9J82VPR,DiegoYT_XD,0xffa2e3fe,28000305,33164,127,TeamBrawl
127,#9G9L2QY2C,WGF_re fuoco,0xffffffff,28000139,33153,128,REGNO OSCURO
128,#LCJLU9P8,☆sir_lasse☆,0xffa8e132,28000082,33090,129,greenhouse
129,#8V8C8L8QJ,samoht,0xfff05637,28000259,33034,130,air𝔽𝕠𝕣𝕔𝕖🦅
130,#L8CJJVRUL,owee|Hira,0xfff05637,28000282,32996,131,LE91
131,#2LVPLJGCC,바보,0xffa2e3fe,28000078,32979,132,즐겜러들
132,#28RG2VJVY,[LP] Тик тук,0xffcb5aff,28000314,32922,133,Regions Team 4
133,#2YYV2LQ90,Killer Virus,0xffff9727,28000173,32845,134,DaumrunterGang
134,#GYC08J82,ПИДР777,0xff4ddba2,28000335,32837,135,X TOTEM X
135,#YCQGC2RC,𝕫𝕖𝕣𝕠𝕣𝕚 🧊,0xffa2e3fe,28000136,32834,136,Made in Poland
136,#892GG22YR,nn|サドボーイ,0xffcb5aff,28000349,32829,137,absolute
137,#990GVR902,Chidori3.0_YT,0xffcb5aff,28000332,32792,138,člân Stęp Wîńs
138,#2GCVVUQ2Q,shadowraze,0xffffffff,28000335,32777,139,TheDutchKings
139,#2QVQLCPJ,[LU]SuzuniN[土木],0xffcb5aff,28000348,32760,140,Tops$_$
140,#Y2G8Y29GQ,😎misio koks♡!,0xffff8afb,28000139,32734,141,michałki
141,#82JQ8LVJ0,🐳LC✨FLYING☔,0xffa2e3fe,28000305,32715,142,CosaNostra
142,#8CLQL2L9G,KemalKaanTan,0xffcb5aff,28000335,32663,143,MEGA KUMBARA
143,#P2P89CVV0,YG|sqworex🐥,0xffcb5aff,28000348,32631,144,Xotimsk
144,#292PUGLUP,Арсен Сейтхожин,0xfff05637,28000202,32587,145,ттол
145,#JVPJ80PL,IF|ιиfιиιту🪐,0xfff9c908,28000024,32523,146,i malati
146,#LCLPUJPJ8,༺Anͥdrͣeͫplayร༻,0xfff05637,28000014,32513,147,Percy Mercy
147,#2R9G29Q9G,Maksuuu-PL,0xfff05637,28000297,32503,148,Stoned
148,#8YGJPVLJP,*Baby bro*,0xffffffff,28000352,32434,149,
149,#P82VLPU0L,auraX,0xfff9c908,28000007,32433,150,Onyx-auraX
150,#98U28CYYP,Devon Rex 🐱,0xffffffff,28000137,32423,151,CUTIE
151,#LVPRUV8J,R4L|:O fran,0xfff9c908,28000017,32419,152,
152,#882GL8QJJ,TT|BOWSY13YT🔥⚡,0xff1ba5f5,28000046,32388,153,CLUB D LA LUCHA
153,#2LGQC8UC0,fortniteopa,0xffa2e3fe,28000170,32369,154,HorseMilkers
154,#8GRP2LR,NVRxAron,0xffa2e3fe,28000188,32361,155,Pütürge
155,#2PL8YYLL2,Fest,0xffff9727,28000281,32332,156,Жидкие🪦
156,#YPV2L92JR,XxproXx18,0xffcb5aff,28000314,32314,157,PERU BS🇵🇪
157,#2JCULLRP9,Dani haker,0xfff9c908,28000309,32293,158,Pichi Brawl
158,#YLPQ0GG20,god speed,0xffa2e3fe,28000226,32242,159,pop big
159,#28808CYUP,♠️Black Jack♠️,0xffa8e132,28000037,32198,160,Phantom Troupe
160,#92YC2VLCU,Nathan22GOD,0xffa8e132,28000263,32159,161,EFSANELER☆
161,#VG2CQJY9,FD C.Ronaldo,0xffa2e3fe,28000037,32100,162,Club:  #2CGGU08PQ
162,#8RQG8CGCJ,ᴱᶜ|Luciツ💫✨,0xffffffff,28000301,32068,163,KingsCats
163,#90QRUJ0G9,잘생긴보녹스,0xfff05637,28000304,32065,164,Spc |OPEN Corps
164,#VV0Q2P29,Boss Jacky,0xff4ddba2,28000294,32059,165,Termosifoni
165,#U0PR2P9U,Álvaro12messi,0xfff05637,28000203,32001,166,los pibes😈
166,#2PUPU2RP9,Pro_Richter,0xff1ba5f5,28000225,31996,167,Brawl Masters
167,#YG9L08PRQ,𝕸𝖎𝖒𝖎,0xffff9727,28000247,31930,168,FIRE NAVY
168,#Q8QGYR99Y,ПУТЬ АНСКІЛА 🤙,0xffffffff,28000332,31900,169,Holb?
169,#8JYQGRQYR,Brawler,0xffcb5aff,28000037,31861,170,
170,#80C8V0PCV,Tribe/Alies🇹🇷,0xffffffff,28000265,31817,171,
171,#9QGQGCY9R,❀ ѕqυєαк ❀,0xff1ba5f5,28000201,31812,172,BESTOCLUB
172,#QQQ2L8VU,SpaikLega,0xffa8e132,28000352,31763,173,Laifoya.HS
173,#2L0LQV00G,tomar753,0xffffffff,28000278,31750,174,DÖVENLER
174,#P0CJQQCC8,🤮もみあげ2🤮,0xffa8e132,28000230,31744,175,常翔軍団
175,#P8P0VUC8R,☆BH☆VixhoKlo☆,0xffa8e132,28000259,31736,176,The MinFly
176,#8VY9PVLV,GOSHAN,0xffa8e132,28000016,31732,177,DEAD
177,#UQ882PCV,☂❄✦zenix☂❄✦,0xffcb5aff,28000129,31668,178,Joker 2
178,#PVG9QC829,knight (Raghav),0xffffffff,28000207,31666,179,⛈| IR Heroes |⚡
179,#8Q8YJG8VQ,지호게이밍,0xff1ba5f5,28000170,31646,180,
180,#P9LU9RCG0,легендарка,0xff1ba5f5,28000333,31644,181,Ecuador Brawls
181,#8QLVUG8C8,JAKE GRA XD,0xffcb5aff,28000297,31637,182,Football⚽️🏆
182,#2QPRCYVGL,彡exotix🥀,0xffa8e132,28000169,31622,183,UwU Clan
183,#99RVQQ0QL,wp me bartek,0xffffffff,28000139,31608,184,1B
184,#2R8JGLQ2G,❄️KR_snow_vely❄,0xfff9c908,28000349,31516,185,구산중 106
185,#80LYYY90R,lubię placki,0xfff9775d,28000072,31500,186,Koksy.Kokosika
186,#PVUG8GL0V,Grand-Master,0xff1ba5f5,28000132,31500,187,🔥ХАЙМАРС🔥
187,#9QVGP9UVG,НИКИША,0xfff9c908,28000017,31492,188,
188,#LY092VVJQ,Pham Hanni,0xffa2e3fe,28000297,31425,189,倒讚愛好者
189,#8CJUQ9R0J,Jamie,0xffa2e3fe,28000151,31421,190,
190,#P09Q09Y92,RY|trope,0xffa2e3fe,28000207,31407,191,Les Phoenix
191,#P0CC0JQ82,Timur,0xffcb5aff,28000280,31364,192,Motorkáry
192,#9VYJ09RGR,PIERRE9999nifo,0xfff9c908,28000061,31338,193,ZC | members
193,#88V2LQ9P0,JESUS EL PRO,0xfff9c908,28000341,31284,194,los pibes😈
194,#8LQJPLL2,mikefox34,0xffa2e3fe,28000006,31278,195,Falaz World
195,#2YQ928QYY,Дынысык,0xffcb5aff,28000141,31272,196,Citadel City 17
196,#LR8RLY2G9,Jeanluc🚭,0xffa2e3fe,28000278,31244,197,Schweiz
197,#9U28PJL0U,poco loco,0xffff9727,28000319,31170,198,SOMOS MELHORES
198,#90JUQ2Y8,100 СУНДУКОВ,0xffffffff,28000132,31137,199,TEAM|🕸️SQRT🕸️
199,#PJLRY2828,Mr.Panzerfahrer,0xfff05637,28000272,31112,200,Ping-Pong
