,tag,name,nameColor,icon,trophies,rank,club
0,#PJUJQV0GR,Lucas,0xff1ba5f5,28000000,54220,1,<c7>A J N</c>
1,#200GL0J0P,EC|Empty,0xffffffff,28000168,53520,2,Feeling Numb
2,#L9VLGVG0V,NCT|陰MoZz🤍,0xffff8afb,28000024,52293,3,Ténébreux
3,#PQCP89QUJ,Разрушитель,0xffcb5aff,28000174,51841,4,BEST FRIENDS
4,#PCCGYRV9,Die|Semmel™,0xff1ba5f5,28000156,49004,5,World🌎Legends
5,#8PPRPP00Y,jaames.00_,0xfff05637,28000116,47769,6,Mino is fat
6,#P0VJ28UL0,Justinhui0321,0xffffce89,28000328,47135,7,HK戰隊 🎗️🎗️
7,#YJUPUPY2J,Hallo,0xffcb5aff,28000321,45971,8,Gleaming Starr
8,#9JVLG9CR2,STR|waffles,0xffcb5aff,28000347,45599,9,Gleaming Starr
9,#G89LU8LQ,T0mTIx,0xffffffff,28000003,45501,10,rush FR monster
10,#98QR20RGY,𝘋𝘰𝘴𝘉𝘰𝘴𝘴,0xffff8afb,28000073,44444,11,Warriors Way
11,#99C8G0PG,✰Hyͥdrͣaͫ,0xffcb5aff,28000293,44164,12,Alpha
12,#2Q29PG88Q,~|Darkdrak3|~,0xffff8afb,28000135,43572,13,Clan Brawl
13,#PLV80GLUQ,Crazy the Vlad,0xffffffff,28000000,43469,14,домашка
14,#90V200Y28,GuiuGamer,0xfff9c908,28000347,43355,15,clateguitur
15,#20U28U92Q,Flagon,0xff1ba5f5,28000065,43177,16,True Gaming
16,#V2L9YG2C,DJ,0xffa2e3fe,28000170,43101,17,NA|Club
17,#9VV9R9QJG,✨MouseBit✨,0xffff9727,28000110,42852,18,C.JaliscoNuevaG
18,#RJJC0VU8,GG|NIGHT🌙,0xfff05637,28000053,42772,19,экшен клуб
19,#PQCPCCL89,SlAvaTion🦇,0xffffffff,28000296,42179,20,DreamTeam
20,#YR8UUVUPQ,Pavel Крут,0xfff9c908,28000023,41797,21,purka_ream
21,#LPUUVYG0G,Crow,0xfff9c908,28000132,41749,22,LiMoon ChoY
22,#80Q29Y82C,ᶠᵉʲˢʷⁱⁿ 🥀,0xffff8afb,28000130,41508,23,Clanos
23,#8JVG0V988,Veri,0xfff9c908,28000280,41459,24,Dark Night
24,#2RQY0UCLG,MiKo_KaiYu,0xffa2e3fe,28000211,41192,25,𑁍 パパイヤチーム！𑁍
25,#LUJRULQ9V,AER|Baleze|🌻,0xffcb5aff,28000195,40921,26,AE̷R̷ɪAʟ
26,#QG2V9QQ0,Mys|Ice Solo🍁,0xffa2e3fe,28000000,40416,27,ICE CREAM
27,#P0U2GPCLY,antonio,0xff1ba5f5,28000051,40217,28,BRAWLSTARS
28,#292L8CV0Q,ViTinSFC♡,0xffcb5aff,28000207,40187,29,Push StørmX
29,#LQU8LRQV,TM | Reivaj,0xfff05637,28000274,40173,30,PV PAVIER
30,#P00P2YCG8,aziz_derler_7,0xfff05637,28000273,39835,31,ADALET
31,#2288LR9C,JaviPandaXD,0xffa2e3fe,28000222,39792,32,(TM) TEM FORCE
32,#2VPPQ8,mr_pum6kin,0xfff9c908,28000184,39780,33,puk
33,#CV0YPLGJ,NUTELLA BRAWL,0xffff9727,28000170,39746,34,Push StørmX
34,#29RP9RV8V,Zurdo|リッカタカナシ,0xffcb5aff,28000200,39737,35,cocainapatumama
35,#89RLPCCGQ,Nicky,0xffa2e3fe,28000275,39150,36,В004КО
36,#PLQQCRY8C,MonsterMaster,0xff4ddba2,28000285,39137,37,
37,#UUJJGCGU,ItzJaSoN?🥀🇺🇦,0xffcb5aff,28000222,39017,38,<c8>Moon</c>
38,#2GGQRRJPQ,MA-L|>•< KILLER,0xffa2e3fe,28000255,38977,39,BrAwLerZ BroS ™
39,#9G29CGGJR,Salaito08,0xff1ba5f5,28000352,38974,40,guayana🇯🇲
40,#98RGYL8JU,❣KOSA❣,0xffffce89,28000310,38946,41,Wexstres the 🐐
41,#8LVQRJ8LC,Frox💘,0xffffffff,28000135,38772,42,aardappels
42,#9VYG29JQY,это твоя тёлка,0xffcb5aff,28000058,38736,43,
43,#PGG2LGJ9,Crazy boy🐺,0xff1ba5f5,28000073,38668,44,polish club
44,#PQU20UV8Q,lopie,0xff1ba5f5,28000048,38542,45,WITHOUT NAME
45,#8L9VV2Q0Y,1-й бот,0xffa2e3fe,28000305,38374,46,Bydgoszcz
46,#P80LYJYG0,AuRa|ВИННИ🎴,0xfff05637,28000305,38122,47,
47,#9C229GCP,FelixRS-YT,0xff4ddba2,28000341,38096,48,§×Blue Crown×§
48,#8C2J8GL88,Gamer xx,0xffcb5aff,28000277,37988,49,Dark Night
49,#80V992LCQ,ᴳᵒᵈ彡S̸Ħ₳D̸Ø₩ ᴷᶤ,0xffffffff,28000341,37901,50,DR. FEELGOOD
50,#YRLVRY0,Isildur,0xfff9c908,28000033,37869,51,Fr Team Adulte
51,#2VCVVQ9YU,GOAT|Maga42,0xffffffff,28000335,37794,52,YalancıDünya
52,#980GUVJPG,NARNİA,0xffcb5aff,28000252,37735,53,
53,#9J8C2JPL,rm cristian$,0xffff9727,28000347,37306,54,LUCIONE
54,#929JJL02V,джэй трэй,0xfff9c908,28000293,37251,55,Toduxe
55,#2JJUPQ9GG,óli mikk,0xff4ddba2,28000164,37161,56,"🐐GOAT, LAR🐐"
56,#9RCLCC28V,QTy|S.U.シ︎,0xffa2e3fe,28000280,37026,57,i polli
57,#9C2YYYQUP,BobRoss 47,0xff4ddba2,28000341,36847,58,The Cool Pros
58,#LY0JUQ9V,☃︎,0xffffffff,28000223,36796,59,ദ്ദി ˃ ᵕ ˂ )
59,#2CQYQYPL0,NaVi | Amir,0xffffffff,28000132,36796,60,navibebriki
60,#8PP0CYL8G,kebbab du 92,0xff1ba5f5,28000165,36748,61,gru
61,#P9GJ9U29P,💙😎santi😎💙,0xff1ba5f5,28000151,36734,62,L.M.G.A.
62,#9RC0GUL82,Monkeyboy,0xffff9727,28000156,36669,63,Nightmare
63,#GLLGJRUU,gunnar,0xff1ba5f5,28000242,36637,64,Goiabada
64,#VCYV92UG,POQUER,0xfff05637,28000107,36636,65,los machotes
65,#PGPQ9G9V8,samurai Master,0xfff05637,28000064,36616,66,Ping-Pong
66,#90GLG2C8Y,PREDLER,0xffcb5aff,28000129,36599,67,Mino is fat
67,#89CLQLQQQ,SezPlay,0xffcb5aff,28000294,36549,68,KaraSuna🖤
68,#8RPJYCL02,mario,0xffa2e3fe,28000033,36542,69,arzz
69,#22LL90RUG,Rolden🐣,0xffffffff,28000061,36509,70,37K
70,#22Y9PRV00,Turbo Splav💔,0xffffffff,28000226,36250,71,Пацаны 1337
71,#9V0CLRQUJ,ByJavi10,0xfff9c908,28000020,36217,72,los caganes
72,#82UG98JYP,leo,0xffa2e3fe,28000272,36189,73,lospanas😎
73,#9LJQ22VU8,ZI|ŁĔMØŅ,0xffffffff,28000139,36183,74,White SNAKE
74,#9VGGPGVV,XRAFAXK1,0xffff9727,28000267,36163,75,brawlsil
75,#2PCRY80CR,✨TQ|Ｂｅｎｉ🪐,0xffffce89,28000137,36151,76,Cult of Noobs 2
76,#8GVLY29PP,Brawl Stars fan,0xff4ddba2,28000037,36132,77,Small Storm
77,#LLL9UUYVU,please braw🧣🧣,0xffa2e3fe,28000305,36089,78,KEKS
78,#LR8UVJUQ8,El masry,0xffa8e132,28000348,35998,79,
79,#VC0YUQRV,💎brilliant💎,0xffff9727,28000274,35963,80,THS boys
80,#29VJ9829V,el más pro,0xffff9727,28000081,35928,81,Los Nachines
81,#9R9VLJLP8,jaydenG∆d😈,0xffcb5aff,28000254,35806,82,the goats🐏
82,#2GPQC0U0V,Holdik,0xffa8e132,28000284,35748,83,
83,#PCQCVQJU9,Леон,0xffcb5aff,28000262,35687,84,ВОЛГОГРАД
84,#9RQQ0ULQQ,ДаняМ,0xffff9727,28000222,35677,85,брат азиза чм
85,#88LUG8V88,Pan Ananas gra,0xffff8afb,28000352,35620,86,Teraz Polska
86,#PPUVCLGJ2,sus padres,0xfff05637,28000017,35467,87,
87,#9QLQLR9VQ,Bruce Waine,0xffffce89,28000161,35406,88,the psych ward
88,#PVQYV2PR,MARKEL PRO,0xfff05637,28000333,35404,89,LOS SUPER PROS
89,#98Q2J0U8,[ICE] -FRESH-,0xfff05637,28000132,35388,90,
90,#8VYVRL00Q,Shadow♾️,0xffff9727,28000334,35250,91,WaterpasLeggers
91,#8QV8G0R8C,레온,0xff1ba5f5,28000167,35229,92,노짱구
92,#P88J9YJL8,111,0xffcb5aff,28000014,35165,93,
93,#U0PR9LPL,Erikdu2,0xfff05637,28000175,35135,94,Eternal Souls
94,#9YG9URL80,ESQUELETOR_72,0xfff05637,28000352,35135,95,los simios🐒
95,#PYPPU0VYV,lozano07,0xffa8e132,28000288,35079,96,DG | Gaming😈
96,#9PUU9JGL,FraeR,0xffcb5aff,28000023,35042,97,
97,#GGQUGVQC,Xavier16974K,0xffa8e132,28000331,34965,98,SR UNITED
98,#PLRUCQRCJ,SF|Beny,0xffcb5aff,28000170,34908,99,1c
99,#2JYRQ8JLQ,ALEX2009ACN,0xffcb5aff,28000296,34816,100,VIVA las LATAS
100,#2YC8UP2CP,Ryan,0xffffffff,28000094,34809,101,大長腿🦵🦿
101,#YRGCPY08Y,Astro Erik 🪐,0xffcb5aff,28000230,34806,102,Fader Ols klub
102,#LR090GP80,légendaire,0xffcb5aff,28000290,34695,103,
103,#89CGJR2P,TheKevin_08⚠️,0xffcb5aff,28000335,34659,104,Los Panas
104,#8YC9CYUU2,Gradynator(vs),0xffff8afb,28000341,34574,105,🖤ToxicGang🖤
105,#UY9L8JU0,oogabooga,0xffa2e3fe,28000319,34504,106,
106,#9PC08LGVQ,adam 1234321,0xfff9c908,28000147,34468,107,januski
107,#299GG0JCL,shagrad,0xffa8e132,28000244,34448,108,MX MORELOS
108,#22PU2YGPU,david pro,0xffa2e3fe,28000271,34323,109,Los merceperros
109,#PR8U8098P,عراقي,0xffcb5aff,28000125,34303,110,
110,#80UG28809,MAO MAO,0xffffffff,28000002,34299,111,RANDOMS SUCK
111,#22G29J8VY,el chiflado,0xffcb5aff,28000228,34234,112,Snake Shadow
112,#9UJ0J0JL,B:OG:I,0xffcb5aff,28000033,34209,113,mrbeast
113,#CYRYUYU2,# СлавМедвед 🐻,0xff1ba5f5,28000305,34198,114,РИМАП [YT]
114,#20CQ2GYGV,Brawl 07,0xfff9c908,28000151,34192,115,I Campioni
115,#90JL889QC,Samuel,0xff1ba5f5,28000341,34125,116,clateguitur
116,#9RP9929UU,BP|Soya™,0xff1ba5f5,28000224,34084,117,
117,#CJGVY9LY,Дядя Фёдор,0xffa2e3fe,28000319,34079,118,ЭНБРАВЛО
118,#20QRL02PL,Xelta-Night,0xffcb5aff,28000315,34050,119,poulet rôti
119,#9GPC8J2LC,?? ?,0xffa2e3fe,28000037,34043,120,✭|͏'🍷
120,#9UYY089CU,хехе,0xffff9727,28000155,34026,121,
121,#29U8JUQPP,KOT[BS],0xffffffff,28000179,33827,122,Maine Coon
122,#V2R08CRG,tr Cris 1™,0xff1ba5f5,28000168,33813,123,tr Club 2
123,#YCGRPU8L,gx anxer,0xfff05637,28000348,33807,124,push 100k?
124,#9G028QR90,Банробзи бравл,0xffff9727,28000312,33707,125,CCCP❤️TEAM
125,#2YYCPYLYY,Frozzy.ru🦈,0xffffffff,28000023,33688,126,☕|Frendship💥|⚽
126,#2VRV8UJGR,Nova I kyra,0xfff9c908,28000226,33676,127,Starsx Academy
127,#89YCUP9VQ,Monsieur Mahé,0xff1ba5f5,28000211,33621,128,NM Tournai
128,#2YCRQQVGR,erikdan,0xffa2e3fe,28000037,33621,129,Las ŁĘYĘNĐĄ§
129,#8C2CJPJR2,!!!pro!!!,0xffcb5aff,28000037,33581,130,シ✞køsmøş✞シ
130,#9LLYPGVP2,[LP]PRO,0xffa2e3fe,28000171,33580,131,
131,#8QVCVLRCC,mavis,0xffcb5aff,28000196,33530,132,vecinos fc
132,#CRLY90CY,Schreken,0xfff9c908,28000176,33514,133,German Elite 🔥
133,#9GYJ9RQ0R,# the Best Xd,0xffcb5aff,28000280,33495,134,Caldo Riders
134,#8QRVQYCRQ,ツɢᴀᴍᴇ ᴏᴠᴇʀ🖤🥀,0xffffffff,28000167,33450,135,only Mort1s🇺🇦
135,#9RJJQCGY,CHICKEN,0xff1ba5f5,28000156,33407,136,Chickens United
136,#2R2ULUGVQ,minecraftlyruue,0xffcb5aff,28000222,33377,137,
137,#9VCY9PPYQ,Eddis Teddys🧸,0xfff05637,28000254,33336,138,Geier gebrüll
138,#82Q9UPVCG,TT_LITVA🌌,0xfff9c908,28000132,33272,139,BRAWL | LEGENDS
139,#QYGUY2R2Q,mrDoom 2,0xff4ddba2,28000207,33266,140,the grinders
140,#2QYLR8,MrBurton,0xffff9727,28000104,33258,141,StarSpirit
141,#9GPCUL8G,OXYDIOUS,0xffffffff,28000282,33186,142,joue ahmed
142,#8ULJGRGUG,bot 3,0xff1ba5f5,28000170,33185,143,The Best Fire
143,#8JYJUYGRU,「ᎠaͥℝoͣxͫŦoxin」,0xff1ba5f5,28000309,33144,144,
144,#2YL8PVUGG,JAVI(maiki),0xff1ba5f5,28000164,33129,145,
145,#PRJYQL9U0,😛xoelconde_4😛,0xff4ddba2,28000305,32942,146,4 Revolution
146,#P8QGYYVQL,Quadraxx,0xffa8e132,28000073,32939,147,ICE COC
147,#P98JQGV8Y,Zocker boy,0xffff9727,28000332,32914,148,Doomsday
148,#80RR009CY,trollibassin,0xfff05637,28000228,32812,149,부평고아원
149,#8G292L0VV,MaSoVeCa🐙,0xfff05637,28000271,32688,150,trescientos
150,#2JCQQUVQ,Pedro Bravo,0xffa8e132,28000107,32636,151,Malocs
151,#9C2Y9LGYV,PRAISE GOD 47,0xffcb5aff,28000076,32635,152,The Cool Pros
152,#VR2PVLY9,🥋𝖌𝖑𝖊𝖇🥋,0xff1ba5f5,28000151,32623,153,
153,#99JVJ9J9G,LASQ|ART🌌,0xfff9c908,28000132,32622,154,BRAWL | LEGENDS
154,#CP0RPQV8,JacobIsAwesome,0xfff05637,28000273,32614,155,
155,#8UY0JPLVY,JD|peace™,0xff1ba5f5,28000226,32603,156,BlackCloverBest
156,#8UJYYJ9LV,deivigamer 23,0xfff05637,28000284,32545,157,chile
157,#YRY0LGRY2,eliseo,0xffa2e3fe,28000280,32533,158,CODIGO GODEIK
158,#9UPC9LCR9,1-бот,0xffcb5aff,28000335,32529,159,BRAWL клуб
159,#QCYYC0P9,sandy,0xff1ba5f5,28000166,32468,160,j GEIMS
160,#9YUG20C0U,podre con todos,0xffff9727,28000332,32456,161,chop
161,#PVQLLYY,Meliodas,0xffa2e3fe,28000156,32441,162,
162,#PLL2YVY9V,𝕱𝖑𝖔𝖚𝖊𝕳𝕳,0xffcb5aff,28000132,32374,163,TT|el1as.snax
163,#PLGJUVRPU,😈Your_Mother😈,0xffa2e3fe,28000144,32345,164,Panda Army🐼
164,#YLLQURV9C,cristopher698,0xff1ba5f5,28000345,32335,165,Peruconmani²🇵
165,#2Y0U98JVG,ᴳᵒᵈ乡✰₷ƙƴ❄,0xfff9c908,28000142,32321,166,TEAM CHARLY⚡️
166,#9U2CJC9LP,MassY_Stars,0xffa2e3fe,28000134,32320,167,Un Club Serio
167,#8VL22P0YQ,superbrawlerf2p,0xff1ba5f5,28000332,32302,168,Atomschläuche
168,#PQ98YUVL,shadowdevil,0xfff05637,28000073,32296,169,
169,#8YQ20P2PL,QLS| FANTASY,0xfff9c908,28000341,32288,170,Mercury
170,#22JCL0RC,All Might,0xffff8afb,28000248,32279,171,Can Roca
171,#2JGQ2UVL,snorris,0xff1ba5f5,28000079,32265,172,
172,#8CLCQ2G90,PoohGamer1431,0xffcb5aff,28000323,32253,173,SUPER MATBET
173,#8QVVQ8V88,canche:),0xffcb5aff,28000331,32251,174,Triad
174,#P8PUPGPG9,будет ворон,0xffcb5aff,28000132,32158,175,
175,#QCL88V29,IceCrow🥀,0xffffffff,28000132,32104,176,
176,#8LUR2QJQQ,$gladys$,0xfff9c908,28000272,32095,177,les crampter
177,#Y8RQC8RV2,l RV l-Snorlax⚡,0xffffffff,28000284,32087,178,
178,#PR829QCRY,walys.,0xff1ba5f5,28000139,32075,179,
179,#80U8CPQL0,정데렐라,0xffa2e3fe,28000179,32075,180,MAGIC
180,#98GYPGQPV,pro ziom,0xff1ba5f5,28000352,32055,181,
181,#29G92Q9GV,camilo,0xffa8e132,28000305,31986,182,Los bichitos
182,#YQQ9RLQG,SN|Victolin™,0xffcb5aff,28000331,31984,183,CEU ELCHE
183,#2Y8JRRYQQ,CRZO:),0xfff9c908,28000242,31959,184,
184,#PGGG2CYPP,DJ ALEX,0xff4ddba2,28000207,31953,185,Dragon Brawl🐲
185,#PJJV220LR,Lory_Moon,0xffa8e132,28000169,31950,186,
186,#QJR9VL28,HS. {TAHA},0xff1ba5f5,28000060,31949,187,Team Sayan
187,#LYUYJUCL,rutor,0xff1ba5f5,28000273,31862,188,los tontainas
188,#9JQ0CUY8Q,PEPRO 28,0xffcb5aff,28000294,31862,189,Los HuMiLdEs
189,#Y2G0LLCQ9,YouTuber Brwl77,0xff1ba5f5,28000280,31861,190,Brawlencia🌹
190,#2YQLPYUJ0,danielvegetaYT,0xfff05637,28000293,31846,191,de chiling
191,#2L0CL8YVC,pjc,0xffffffff,28000000,31825,192,
192,#PCL0RPGGG,🍋Lemon🍋,0xffa2e3fe,28000175,31807,193,
193,#8RCR0GLCL,имран,0xfff05637,28000226,31804,194,
194,#2RUU0CU02,🧨Owee/Anto🧨,0xffcb5aff,28000220,31731,195,OSCIPIS
195,#Y0G080JP9,Diego,0xff4ddba2,28000129,31730,196,😈Los insanos🤑
196,#LL9U8CCYQ,Dani,0xff4ddba2,28000164,31719,197,como estamos :3
197,#Q0GVY0U9L,Гоша банда 20 к,0xffcb5aff,28000242,31718,198,Демони
198,#2UPV8202,Pelayo,0xffa8e132,28000017,31618,199,Hachís Stars
199,#YUJYG2QJL,hardcore,0xfff9c908,28000229,31587,200,
