,tag,name,nameColor,icon,trophies,rank,club
0,#9Y0QQCCUJ,𝑺𝑻𝑨𝑹ほし❦︎,0xffff9727,28000229,60838,1,♥Meow♥
1,#R2V08VRU,〤Zehir?🤍た炎え,0xff4ddba2,28000136,56913,2,The 1%
2,#YVQ9PGRPQ,⚔️₵Ɽ₳ⱫɎ JØ₭ɆⱤ⚔️,0xff1ba5f5,28000014,56611,3,👑ВS КRАLI🤙😎
3,#2LL8V2G82,bot 1,0xffa8e132,28000123,56561,4,ASTRON Perseus
4,#2LGUJP8R9,💜|XMenHero|🎶✨,0xffffffff,28000139,56309,5,<c0>Dark</c> UA
5,#GR02V0LV,TheBardChannel,0xffcb5aff,28000304,55162,6,baobab🌱
6,#VQ9QR2RP,LR|✨EXILE_X🎴,0xffff9727,28000348,53496,7,whyliebel🐣
7,#2LPYL2ULQ,69|Суетолог🥀,0xffffffff,28000111,52940,8,PLATINUM
8,#8PLLCV8VG,Andrew(pro)🥀,0xffcb5aff,28000022,52652,9,Bob RSboys
9,#2PG0Y09QY,hͭeͪrͤnͦández,0xffcb5aff,28000280,51216,10,FLR | CreW
10,#2CQV9PYRR,никита,0xffa8e132,28000302,51165,11,EU|eSport🏀
11,#2PV2U0RL2,YASİN 11,0xffff8afb,28000255,50696,12,❄️icewolves🐺
12,#8GQCG0P89,рустам,0xffcb5aff,28000330,50296,13,SK|GOAT 🐐
13,#GQQLVQ2Q,Fuji氏＊Bs⚡️,0xffffce89,28000058,50111,14,わんぱく広場
14,#2QVGR2U0,[WZ]WIZER,0xfff05637,28000279,49677,15,kokoski2137
15,#LGGYGCJJC,Sass,0xfff05637,28000286,49514,16,Fullclip Fam
16,#VGQULPPV,Vicente,0xffa8e132,28000231,49282,17,Equipo bueno
17,#Y9QCP9PVU,Bene,0xfff05637,28000247,49146,18,Los Hombres
18,#8RY9VGP0U,Lola Banny,0xfff9c908,28000336,48486,19,Patate|Esport
19,#GR99ULVQ,gāmē × ₱®ō,0xff1ba5f5,28000137,48400,20,Sand Village
20,#2C2Q8Q2P2,A.S.18,0xffff9727,28000331,47709,21,Kings of Brawl
21,#8Q0YCU20V,E𝚜𝚌𝚊𝚗𝚘𝚛🍉,0xff1ba5f5,28000135,47267,22,Warriors Way
22,#YLR8C908U,BaoiBaoBao,0xffff9727,28000211,47156,23,<c8>God</c>Like
23,#22LJQUP98,GX rezis,0xff1ba5f5,28000271,46541,24,PABLO BAND🌵
24,#L9LLUY,plazmus🥀(^_^),0xffff9727,28000336,46293,25,ЧГ TOWN
25,#LG2UQYVYU,LaWin23,0xff4ddba2,28000139,46238,26,AR |Family‼️
26,#8QYQ8QCJ8,|袖| ❄️IceColtツ,0xff4ddba2,28000297,45598,27,L YM
27,#2P0Y20R0,Sai,0xffff9727,28000218,45294,28,Hotbox
28,#PLV9CGL92,𝓈𝓀|𝒹𝒶𝓇𝓀🌌,0xffa2e3fe,28000259,45263,29,ℊℯ𝓇𝓂𝒶𝓃❦
29,#P2RVGJP92,𝒢odͥṨaͣmͫuraเ⚔,0xff1ba5f5,28000167,45245,30,LEGENDÄRE DUO
30,#9CPV002QL,ॐK꙰a꙰ͥℝm꙰ͣa꙰ͫᴶᴷ,0xffffffff,28000322,45164,31,ZETA|DIVIZION♥️
31,#Y8YJ9QPVR,مهدي الملك5558,0xffa2e3fe,28000207,45082,32,ʚ Iяαq ɞ✨🍧
32,#8C9YYPYQ0,IDarkQLS☔,0xff4ddba2,28000018,44992,33,Der blubberclub
33,#9PLJV9GV8,platina300,0xff1ba5f5,28000333,44877,34,🥀Topaz Team🥀
34,#UUVRUUPG,Shaun,0xffcb5aff,28000304,44412,35,CriminalsUnited
35,#9U8UULCRQ,COLONEL,0xfff9c908,28000061,44295,36,🪐SATURN🪐
36,#2Y0RY0PYG,js,0xffa2e3fe,28000347,44256,37,high QD
37,#9LUCJRVLQ,索|ZweDo4ka❤️,0xffcb5aff,28000207,44235,38,<c5>Ice</c>Gem
38,#8CQCCV2LQ,Mister Diegeku,0xffff9727,28000018,44160,39,Cancer Severo
39,#9RPGQUVRV,BL|Tom🐬⚡️,0xffffffff,28000011,43986,40,Tiriwitsis
40,#2YQU88G0,Maximus,0xfff05637,28000207,43926,41,AFGG
41,#9LVQ2LLUR,𓆩ȺӀҽղą𓆪🦋☽︎|忍,0xffff9727,28000310,43886,42,KZ|VIP
42,#9VGJ8UY9C,firepower,0xff1ba5f5,28000102,43812,43,
43,#PUGQGRQJY,альтушка никита,0xffcb5aff,28000305,43623,44,Армия
44,#YPUQGGRVR,TR | kraysel🥺,0xffcb5aff,28000290,43614,45,KING 👑
45,#PYPV8P2G8,👑davood👑,0xff1ba5f5,28000256,43340,46,CM TEAM
46,#2PPYUV0JQ,Nicolas,0xffff8afb,28000317,43204,47,racloland
47,#8U200UYL0,전설이랑 놀래,0xffff9727,28000288,43012,48,수지주니어
48,#P0LYYL2VU,RoULmEZ✨,0xfff9c908,28000031,42968,49,🏡of memories
49,#2LR0VQ28J,🔮BS_Support🎋,0xff1ba5f5,28000135,42902,50,OG's are back
50,#9V9U0V290,🥀QLS|Toxik 🥀,0xff4ddba2,28000003,42861,51,BoNgO KoNgO
51,#8V820RQYL,Ramos🩵Geilo,0xffa2e3fe,28000290,42659,52,BLUE BULLS
52,#2GLGR8Q9Y,⛩|Rzm64🎋,0xfff05637,28000014,42538,53,TR|PROLAR🇹🇷
53,#80P0UGGQ9,愛|ครՇ๏ภツ,0xfff9c908,28000348,42478,54,BX|blue 💙
54,#R99RGY0G,reid,0xffcb5aff,28000333,42477,55,
55,#PR29RU9P8,JD | Farror🦜,0xffffffff,28000101,42420,56,Ebangelion
56,#V98P90CR,海⛩️|𝔂𝓾𝓻𝓲|🍕,0xfff05637,28000170,42294,57,☣️Dz Legend☣️
57,#88VJ20R0V,High self,0xffa8e132,28000207,42102,58,•💗клуб пип💗•
58,#82P9CGRCR,👽|ALIEN∆👾,0xff1ba5f5,28000225,41990,59,SWAMP GANG
59,#8VY2RU8UJ,TorHaD0,0xfff9c908,28000273,41865,60,
60,#2RGL29P0Q,Kemari,0xffffffff,28000347,41851,61,rico and mortis
61,#2J8JCU0RY,Z.X-[Super]999,0xfff05637,28000024,41832,62,Про гравастарса
62,#PQGJQYL8P,BE|BOSSAK_PLAY™,0xffffffff,28000064,41755,63,
63,#LQQ28VGLL,ele não,0xffcb5aff,28000000,41740,64,Spk
64,#VLVG2988,molodoy,0xffcb5aff,28000304,41607,65,El dauni
65,#R2PL2J2J,LT | Dark Crow,0xff1ba5f5,28000271,41578,66,SK RUSSIA
66,#8VUQCPUUL,TBS/DESTRUCTOR,0xffffffff,28000156,41482,67,dreamers 2.0
67,#80PVQ8GCU,аль,0xfff05637,28000023,41419,68,Четкие пацаны!
68,#VJ0JLP0V,emino75,0xffa8e132,28000348,41419,69,FLOWERS🌸
69,#GJ08R8QY,killer007,0xfff05637,28000211,41404,70,TEAM OMEGA 2
70,#YY9YCVYJ9,Petr2.0gg77,0xffff8afb,28000297,41400,71,MaszewskaStreet
71,#29QJPCGVL,$|PREDATOR|$,0xffcb5aff,28000129,41340,72,<c6>РЕВНУЙ</c>™
72,#9Y9QJGRLG,СМЕРТЬ ☠️,0xffcb5aff,28000348,41339,73,<c2>bilyash</c>
73,#8CYGPCLJR,🤍ハント|𝕯乇几乙🤍,0xffa2e3fe,28000281,41335,74,гей пати
74,#9UUV8C9YV,ДОНАТЕР777,0xffa2e3fe,28000056,41236,75,
75,#8CYVP229Y,🍌BANANA BOY🍌,0xffa2e3fe,28000267,41129,76,L-Elektrik ✨🐢
76,#2PQRJY09V,BFF,0xffcb5aff,28000129,41073,77,A Few Crazy Men
77,#9QV02JV2Q,Bad Boy,0xfff9c908,28000170,40946,78,
78,#82C0GQJCY,暗 FlaKone🧸,0xffffffff,28000156,40910,79,
79,#L0JLYJUV,juegagerman,0xffff9727,28000084,40849,80,villa del prado
80,#PVV0VPRVP,ʀͥʏǟͣռͫռˢɛᵏˡ,0xffcb5aff,28000328,40838,81,Les Bimbeless🎣
81,#90QGRC28P,Cringe,0xfff9c908,28000000,40786,82,
82,#80Y2VCL,FAIRY,0xffa8e132,28000273,40717,83,Never Luck
83,#2GYU0PRR9,vovan2004,0xffa2e3fe,28000142,40655,84,WC$
84,#9VG002UCL,(Ꙭ),0xffff9727,28000155,40597,85,
85,#VPVR9C0L,zakaloua,0xff4ddba2,28000228,40582,86,Free|Darkness💞
86,#808LGQQG9,Aze⚡Ninja,0xff1ba5f5,28000179,40582,87,👑Lordlar👑
87,#8QPGYGC0,амир,0xfff05637,28000293,40558,88,Blunt Brawl💨
88,#8PGJ08QGY,💦⛩️世界最佳球員⛩️🔥,0xffff9727,28000132,40509,89,
89,#L0RC88VUJ,K.O,0xff4ddba2,28000156,40478,90,CR7
90,#2JRGY2PUJ,[GL]ViZa🥀,0xffffffff,28000000,40477,91,Tobbi Resort😊
91,#9RQ08V92P,NaVi|KoDaK⛩🌵,0xffcb5aff,28000023,40378,92,<c5>Genius</c>
92,#229J08PRP,𝑺𝒂𝒇𝒍𝒍𝒆𝒓❦,0xffff9727,28000062,40334,93,LimonS | Team
93,#CYYCQYU,Nunzio,0xff4ddba2,28000156,40188,94,I migliori
94,#2QGPJ29GP,ฅ^•ﻌ•^ฅWolfik,0xff1ba5f5,28000002,40154,95,👑kings👑
95,#2C0RRLJ80,永远隐形的里昂王,0xfff05637,28000172,40103,96,kokoski2137
96,#YUY9YCY2G,腌|Lyrex☔️🦊,0xffff8afb,28000221,40009,97,~KRALLAR~
97,#2GGQ8LYUP,joker,0xfff9775d,28000024,40001,98,Докелер
98,#8R28P0LUG,"⛩Boo,man🎋",0xff4ddba2,28000348,39983,99,DerR.M.
99,#8QUVR0VCY,DemermaX,0xfff05637,28000305,39933,100,Aktyvus
100,#2JPVL2CY,Nikitoosha1350,0xff4ddba2,28000016,39918,101,Cactus
101,#8C99PJQLG,лайк=гей,0xff4ddba2,28000330,39692,102,power333
102,#VJQPQLP,🌋|~CHUNAY~,0xffcb5aff,28000305,39629,103,Real Mambokings
103,#P0P2Y8JVU,bot 4,0xffcb5aff,28000290,39547,104,BujnyAllStars
104,#P0YGLU0VU,☽Rนb𝔦k☾🖤,0xff1ba5f5,28000102,39547,105,<c7>Hive 2</c>
105,#82CLG08J2,Mr_Mⱥrℚuͥΐtͣoͫs,0xff1ba5f5,28000349,39346,106,TexasStarz
106,#VRPV9220,BS │BerLand,0xffa8e132,28000179,39249,107,
107,#Y0GUPU9,4BRO🤛,0xffa2e3fe,28000305,39192,108,Chimera Gaming
108,#8P2LQRL0G,Korryamo|⛩,0xffff9727,28000223,39167,109,ДОНБАСС
109,#Y89G22PGJ,👊ATEŞGÜCÜ💪⚡,0xffcb5aff,28000161,39099,110,Ermeydanı
110,#2J0VYRJPL,ɢᴇɴᴇsɪs✨,0xffcb5aff,28000218,39060,111,♠️Soul Stealer♠
111,#UJR2VLU9,WIN|EGORIAN🎭,0xfff05637,28000135,39040,112,Flame Hurricane
112,#2LJ8PPQYY,BG®|CoWBoY,0xffffffff,28000060,38939,113,Donut Quest
113,#PQCQYQPJ,_mr_vlad,0xffcb5aff,28000170,38864,114,SEYA&PHÉNIX
114,#9PRCV0PYY,[FR]FireGames,0xff1ba5f5,28000135,38785,115,BodyParty ♪
115,#882JC9VPG,CROW,0xffcb5aff,28000310,38764,116,Абобусы
116,#2UQQLL0G9,🪐DeSs🕷,0xffcb5aff,28000305,38763,117,макакичи
117,#GGU9RR29,ок,0xff1ba5f5,28000226,38750,118,
118,#PY9GUCCVU,♡Sasha♡,0xffffce89,28000055,38562,119,победители
119,#2CU0LYQP9,RMA|Courtois⚽️,0xffffffff,28000132,38551,120,Hotbox
120,#2PCQJ8P20,Slime Aaron,0xffa8e132,28000248,38543,121,Club #2JYPUPGR8
121,#Y2YJUCQJQ,LEGION,0xffff8afb,28000335,38493,122,LEGIONUS
122,#GJLGRRQ9,Juan_soy,0xfff05637,28000019,38413,123,chimi changos
123,#2R29P0UPP,NaVi||MMA,0xffa2e3fe,28000305,38338,124,💪КИБОРГИ💪
124,#2YG2Q009R,麻麻说名字长更欧,0xffff8afb,28000000,38298,125,
125,#9PG9GYJU8,WONKYサンティアゴ,0xffcb5aff,28000305,38186,126,los pros
126,#PJUL2229J,Jungle↯#1,0xffffffff,28000029,38165,127,HH.1945
127,#98GG9UJJJ,👺pro100nekit👺,0xfff05637,28000246,38126,128,EtParMiniMenn
128,#88VV9R0VP,dobry😈,0xffcb5aff,28000132,38118,129,Клуб:  #2YPRJVCY9
129,#8PVUL9PUJ,Riesenlauch,0xfff9c908,28000196,38062,130,
130,#82LC80G8L,[BT]LUCK PLAY,0xffff9727,28000163,38000,131,BS forever
131,#2G9P8LPYJ,Chips-Wolfire,0xffcb5aff,28000224,37954,132,⭐GTBS⭐
132,#288U880GQ,BAKUGOU,0xffcb5aff,28000305,37902,133,CPK's Overworld
133,#P9QVVYJQY,⛩️sfinks⛩️🦞,0xffcb5aff,28000349,37860,134,Лучшие в аду
134,#YRUVRCUR0,馬婁|Malix🎋,0xffa2e3fe,28000151,37759,135,fan de freezie
135,#902J00LGG,ZeatHost🔥,0xffffffff,28000347,37736,136,
136,#999VYCJJL,JD|Nonscorp 🐙,0xffcb5aff,28000126,37707,137,Ebangelion
137,#PPP9YPUC,Лулу🐈✨,0xffa2e3fe,28000352,37660,138,Empire Français
138,#2L2Y0R28J,[Au]junyri227,0xffa8e132,28000175,37598,139,
139,#92L9LC2R,Mudota 22,0xffa8e132,28000294,37589,140,absolute
140,#8YQGUPLCY,IL|Ілюша_Laik|™,0xffcb5aff,28000179,37587,141,АТОМ
141,#8GYGJ80UR,ACE|FireFist,0xfff05637,28000132,37553,142,
142,#82QUGY2G0,хочу легу,0xffa8e132,28000023,37459,143,tosshers
143,#8CRYLLP8G,NaVi|Alyokhin,0xffffffff,28000000,37446,144,кэты
144,#JC8YYL08,Tiagopro,0xfff05637,28000249,37442,145,LOS PRO
145,#Q9R9VRRC,stor1zzz♡,0xffffffff,28000105,37435,146,
146,#LJGCPR22,EL PEPE,0xff1ba5f5,28000322,37414,147,<c9>Shi</c>Shiボ
147,#8P282CCCY,Awaken,0xffff8afb,28000163,37410,148,💜SD | aveeck💜
148,#PJ22Q8JLC,mattiz,0xffa8e132,28000041,37404,149,SPIKE E LEON
149,#VJPJJ9QV,Kor|Kevin,0xfff05637,28000207,37359,150,잼민이는 안됨
150,#9V00QQJG0,Barış,0xffa2e3fe,28000168,37318,151,sese gelenler
151,#U20YJPPL,alejandroelpro,0xfff9c908,28000255,37298,152,gato Otaku
152,#2UJCU8GCJ,Cristiano,0xffa2e3fe,28000101,37290,153,megaswinia farm
153,#PCYCPPGQJ,🌴Super|PRO🌴,0xfff9c908,28000164,37266,154,maksytka
154,#9Q2PQV2PP,❄Нolodok❄,0xff1ba5f5,28000273,37264,155,
155,#9VUL0R22L,☁✨爱Sηιρєz爱✨☁,0xff1ba5f5,28000254,37252,156,YAKIN DOST
156,#Y8PURGP8Y,Sontic🍇,0xfff05637,28000261,37187,157,
157,#R82P0R0P,🖤ʀσʀʀσˣƈαρρι🎴,0xfff9c908,28000139,37133,158,Instinct
158,#8Y8RQQUR9,Zach,0xff1ba5f5,28000018,37048,159,
159,#Q2RCV2P80,💙𝖀𝖈𝖚𝖆21💙,0xff1ba5f5,28000129,37006,160,Alpha Team
160,#9Q2VJV28V,wave♡︎kiluaシ︎,0xffffffff,28000341,36992,161,Weagles
161,#PLG209JLV,amber,0xff1ba5f5,28000249,36943,162,Путь КолЛеги🤘
162,#2GCRC980R,[М]Рома Мозайка,0xffcb5aff,28000170,36888,163,гей
163,#882PU8CU9,👻»ŃØØB«👻$$,0xffff8afb,28000255,36777,164,Кактусы
164,#C22PV222,kitaw,0xff1ba5f5,28000000,36755,165,ХОЧУ 30 РАНГ АЫ
165,#9QVGL2JRJ,getos🔥YT,0xff1ba5f5,28000137,36710,166,No|Skill⚔️
166,#P89YU9V0J,holdik,0xfff9c908,28000132,36699,167,Kings Family🔥
167,#8V8VJJQY,𝑨𝒗𝒊𝒄𝒊𝒊⚡️,0xff1ba5f5,28000228,36659,168,ape gang
168,#2R2VGQGYG,чихуа-хуа,0xffcb5aff,28000041,36585,169,gg_gay
169,#LCLV8LRYU,сярик,0xff1ba5f5,28000000,36556,170,РЫБА ПРОПОГАНДА
170,#8CV8PGRUC,MT66,0xffa2e3fe,28000018,36506,171,Reddit Alpha
171,#JURURY90,魂知氣咲||shota🍼,0xffa2e3fe,28000207,36482,172,ダリルレースの猛者
172,#PY20RCCQQ,Gş|Karpuz🍉,0xffffffff,28000335,36454,173,Güneeeeeş
173,#8Q9PGY09R,JP|TEJEDA,0xff4ddba2,28000248,36445,174,Ariana Grande
174,#82UU9PUVU,J꙰O꙰K꙰E꙰R꙰ツ,0xffcb5aff,28000305,36401,175,𝕽𝕒𝖓𝕕𝖔𝕞𝖘
175,#8UQLGVU2Q,hug me,0xffa2e3fe,28000254,36371,176,Маша няшка
176,#2JUQJV8QY,Birne🍐🍐🍐,0xff4ddba2,28000003,36371,177,HotFire🔥
177,#8VYPRVVG,MAX1_0_3,0xffffffff,28000000,36352,178,Adekvatni Klub⚰
178,#2VG8R0JJG,eaetq1eee | 吃雞,0xffffffff,28000081,36342,179,NV ETERNITY 2
179,#2GL9RPUL8,⛩|Zariks_YT,0xff4ddba2,28000136,36324,180,ZBOK’S
180,#P099V0QGQ,brawl matti,0xff1ba5f5,28000332,36314,181,THE DOORS
181,#2UQ2UQLV,R͜͡ᴀɪⁿ☔ᵇᵒʸ,0xffcb5aff,28000335,36189,182,Ratchet Gaming
182,#29VCRRVU0,xlGhozielx,0xffffce89,28000225,36114,183,Mystic Stars
183,#2RC8908YP,gukuu',0xffcb5aff,28000175,36089,184,
184,#9Q08988CQ,Dragonfighter,0xffcb5aff,28000335,36080,185,TT GGDRAXY
185,#Y829Q0QQR,만두,0xffff8afb,28000021,36065,186,하나콩
186,#VCV80U2V,el mimo,0xfff05637,28000016,36024,187,Only Goats
187,#LUYVRUU0R,Trololo,0xff4ddba2,28000076,36010,188,
188,#9UR98LGCV,LSK|Dora4ka,0xffa8e132,28000333,35953,189,везунчики1
189,#80YG8UJ2,cold❄️,0xffa8e132,28000169,35947,190,
190,#2Q8L0YYQ9,HDP|Akakuski,0xff4ddba2,28000211,35881,191,FANTASMITAS👻
191,#P2PJYGPCU,☔️KILLERMANGO🥭,0xfff05637,28000041,35837,192,
192,#2PLCUCYQC,QLS|Killer⚔️,0xfff05637,28000132,35816,193,Gilon4k
193,#YJ2C80R9P,Hasretimmm,0xffa2e3fe,28000224,35812,194,DragonSlayer
194,#8VJ9VR089,ɪᴹ᭄ØⱣ Snɨᵽɇɍ™,0xffcb5aff,28000014,35740,195,FC Kraby
195,#P8P8VL02,Grizzlix☔🔥,0xffffffff,28000132,35720,196,♡︎Ily♡︎
196,#8L2U2UQY8,BananVsupe,0xffa8e132,28000259,35674,197,😈RNA Gaming😈
197,#2UCUQU0UC,вовапро,0xffff9727,28000156,35641,198,
198,#PJ2JGU8L,Лев,0xffcb5aff,28000288,35629,199,<c5>Tempest</c>
199,#P0RC2G92Y,SAFA BERAT,0xffcb5aff,28000295,35599,200,TÜRK😎ÜZ
