,tag,name,nameColor,icon,trophies,rank,club
0,#C92YCJ2,☪︎Mumei🖤,0xffffffff,28000000,64276,1,
1,#9QC9UGCP8,ur my targett:,0xff1ba5f5,28000066,55601,2,ЛЮБИТЕЛИ СКУИКА
2,#828CGUG0,STM|Mustafa♕,0xffffffff,28000004,53128,3,<c0>ＬＯＮＥＬＹ★</c>
3,#902YUL98,HBS|HARUTO.YT,0xff1ba5f5,28000347,52223,4,チー牛雑談
4,#PRLGUJP0J,🥀ZØ|MUSTAFA✨🕊,0xffffffff,28000139,51072,5,✨Retired✨
5,#UYJPV0G9,ダリまる@猛者,0xfff9c908,28000272,50675,6,ダリルレースの猛者
6,#L2RYC9YPP,FATMA🥰😍BURAK,0xffffffff,28000003,50625,7,P.E.K.K.A
7,#PU89YUR2Y,CX|boss,0xffcb5aff,28000349,49234,8,Elite Squad
8,#P8JPRC9Y9,OP|Dovla,0xffcb5aff,28000314,48305,9,Immortal Souls
9,#YUQG9CLP,ART MEGRODAN 🦸,0xffcb5aff,28000335,48271,10,❄️ICE KOLT GANG
10,#9GP8VUUCG,gigi,0xff1ba5f5,28000305,47725,11,TeamFerre II
11,#8UR8QQUQP,么|𝐌𝐢𝐤𝐞🐉,0xffcb5aff,28000135,47524,12,LA MAMA DE ÁLVA
12,#2P9R9G808,👾インベーダー👾,0xffcb5aff,28000349,47467,13,かかってこいや
13,#2CV9C09UG,вιαcк~💙,0xff1ba5f5,28000010,47339,14,la ira dei déi
14,#LQGUJ2CG,lordtop1gg,0xffffffff,28000300,47075,15,One Man Army
15,#8P8R0UCJV,TT|yoshiSB84,0xff4ddba2,28000345,46495,16,🪐Supernova🪐
16,#92R2Y202,DERGUNCIK,0xfff9c908,28000061,46231,17,Axolotl empire
17,#2PP0CL2PP,暇|iPexuGa🔮,0xff4ddba2,28000136,46058,18,pucelawarriors
18,#2VJ0QJRJQ,топовая чикса,0xffffffff,28000094,45909,19,[QAZAQ]
19,#YGULY02G,⛩|🃏Jøkēr🃏,0xffffce89,28000339,45603,20,ᴡᴡʀᴇᴇᴢ❤️‍🩹
20,#PP02Q089L,50k|Better💞,0xffff9727,28000020,45556,21,push🖤bs
21,#Y080LVRQ,DioiD,0xffcb5aff,28000332,45355,22,Legendarni
22,#VQUCCQQ0,FS|Martanos,0xff4ddba2,28000129,45335,23,MIDESPORTS
23,#82RC8GJ8Q,pr|Ugmy,0xffff9727,28000179,45254,24,Клуб:  #2C88LQJ9Q
24,#8VYQPVL,GOD,0xff1ba5f5,28000125,44799,25,mauu ▼・ᴥ・▼
25,#2UQL9V9P8,💎✞︎𝓖𝓾𝓪✞︎💎,0xffcb5aff,28000335,44764,26,Brawl Champions
26,#2P9Q9PYL,🔥SIMAX🔥,0xfff9c908,28000132,44698,27,Дратисты
27,#P8GQP2QCY,PharaoN,0xff4ddba2,28000018,44504,28,fateful❤️‍🔥
28,#PYJUYL280,Lynx,0xffcb5aff,28000156,44303,29,MegaBob✨Crew
29,#8LQG9GRRY,KZ|Rasul 7,0xff4ddba2,28000140,44210,30,
30,#9VJ2QPY2Y,⛩️bℝαwɭシ⛩️,0xffffffff,28000275,44108,31,Les Tryhardass
31,#PYPLUPP9,pro gamer,0xfff05637,28000272,43810,32,
32,#YVY2P8G9,INF MANHOO,0xff1ba5f5,28000335,43733,33,The Legion
33,#PLLV0UL0P,Radface,0xff1ba5f5,28000081,43546,34,D-CITY-GANG
34,#P00YJ2PPR,ks1dex?😪,0xffffffff,28000284,43506,35,schoolshxxters
35,#R09RCQ2U,🌸TF|I❤️Liza🌸,0xffffffff,28000159,43439,36,Team MASKIM
36,#9PPJCVVYR,Иллка,0xff4ddba2,28000284,43257,37,PAPACLAN
37,#2U02Q2JQL,$$[С@ид]$$,0xffff9727,28000132,43092,38,BS Game
38,#89Q8LLYRC,Elmar The King,0xffcb5aff,28000282,42846,39,<c7>Flash</c>⚡
39,#8LLJY0YU8,lollpi33,0xff1ba5f5,28000095,42814,40,clip2math
40,#PQCVRLQ8G,tribe waterbold,0xff4ddba2,28000037,42718,41,Danish Minds
41,#9GYPL9UCP,Путь Радуги,0xffa2e3fe,28000168,42509,42,SG Team💚
42,#PLVJY28C,Allen,0xfff9c908,28000330,42436,43,CSHS Schmucks
43,#8929V0GVY,☆《ENES》☆,0xffa8e132,28000097,42402,44,Fearless
44,#8PQ8JQ8YC,❄️𝙲𝙱|᥇ꪶꪖᥴᛕ🐉,0xffcb5aff,28000336,42385,45,Old Skulls
45,#9YRCP2J2R,Marty10ten,0xff1ba5f5,28000000,42371,46,Germany Elite🏆
46,#9L0RUPQ8R,Kolones,0xffff9727,28000090,42318,47,Akademia XD
47,#Y9C2LVP8R,☬Wortex❦,0xffa8e132,28000021,42116,48,Young Army ❄️
48,#2JY8V900C,ｒｉｍｅｈｉｌｄ🥶,0xffcb5aff,28000198,42111,49,Just have fun
49,#298QQ8Y9C,🌴DeF>roT🗽,0xffa2e3fe,28000286,42084,50,EsssKiiiMooo
50,#80Y8PJC98,TooBee,0xfff05637,28000023,41842,51,RKS|KINGS
51,#2P09GL9YY,Mysterio King,0xfff9c908,28000020,41824,52,Österreich
52,#YVLJ00Q8,BF2 | Philipp,0xff1ba5f5,28000129,41795,53,Beste Freunde 2
53,#Y9YVY88JU,Легууу,0xfff9c908,28000273,41729,54,Top G
54,#8G9J9JYYJ,⛩|Boss64🎋,0xff1ba5f5,28000014,41674,55,New Era
55,#PRP09GRUP,KUKSZI_124(◐⊝◑),0xff1ba5f5,28000141,41581,56,Brawler Academy
56,#Y8PPY8GUU,ﾚｲﾓﾝﾄﾞ,0xffa2e3fe,28000100,41399,57,日本舐めんなよ
57,#2UJGRVL0R,ölümcül deney,0xff1ba5f5,28000207,41144,58,🇹🇷Old|Türkiye
58,#LC0PG0Q8C,Metan|Suwer🥀,0xffcb5aff,28000191,40946,59,FNG|TOPERES🏴‍☠
59,#22GCUV8LG,şef memo,0xffa2e3fe,28000156,40668,60,KANKAMATİK
60,#2JCV999PC,OG|Wry,0xffffffff,28000207,40610,61,Peaky Blinders
61,#P998RV2QP,♥M€LĮ$Á-17,0xffa2e3fe,28000225,40572,62,
62,#990RGY9YY,HARE RAM,0xfff05637,28000255,40528,63,뿌롤슷하쥬
63,#8GLLQ2LRG,kondrat44,0xffff9727,28000132,40512,64,cypersport bs
64,#8VGUQYR2G,İSMET,0xfff9c908,28000173,40458,65,
65,#8988G99YJ,Aruma,0xffff8afb,28000064,40448,66,TA|FAMILY
66,#8ULJC2GYY,Саша,0xfff9c908,28000176,40428,67,CMG Poland 2
67,#Y9R0LUU2R,The Splash King,0xffcb5aff,28000032,40406,68,
68,#2VLRRU8G8,Dunkelheit 14,0xffa2e3fe,28000170,40406,69,Zocker
69,#9UJUURPVV,GG|Snake🐍,0xffffce89,28000060,40233,70,💟Friendsy💟
70,#8GRRJUL2C,TT: SK|CRAZY,0xffcb5aff,28000350,40082,71,Top 200 DE
71,#22JGRV8CU,🖤ᴹⁱˢˢᴘᴀʏᴀʟ🕊️,0xffa2e3fe,28000207,40038,72,MoonLight|愛
72,#YGVJQP202,пон4ик,0xffa2e3fe,28000254,39901,73,как тусишь
73,#PY2R88QQ,Mr. Hatlir,0xffcb5aff,28000310,39875,74,NeMo_SqUaD
74,#P9U2PQPYG,joran bawz,0xffa8e132,28000156,39862,75,<c7>THUNDER</c>
75,#JGU2QRCY,55|yiğitBS❤️🤍,0xff4ddba2,28000281,39366,76,🌃LEGENDARY🌃3
76,#9PC2YGJVL,シSɪᴍᴘʟe҉ᵇˢ♡,0xffcb5aff,28000274,39340,77,Гремлины
77,#2CGJJCJ8,El gabo10,0xfff05637,28000233,39336,78,TEAM QLS🇲🇽
78,#8YCL9JRPY,MASTER DISASTER,0xfff9c908,28000274,39327,79,Gas
79,#89QRJJ8JP,og●xyilan💞,0xffff8afb,28000150,39249,80,Аноним алкаши
80,#90VVJRVLL,daddyleon💘,0xffffffff,28000218,39172,81,PayBack
81,#98RLRJUP,HokarTim,0xffff9727,28000170,39065,82,
82,#2QL290LGP,﷽M𝚊x⎋↯☬🔮,0xffa2e3fe,28000156,38981,83,Dark
83,#98VQVG2YC,GG |ГуБкА БоБ🏖,0xffffffff,28000218,38959,84,
84,#2RJJG9VVY,QLS|killer°✓✓,0xff1ba5f5,28000207,38762,85,LA TEAM STARS
85,#Y89JUC8LV,tik,0xfff9c908,28000004,38528,86,108К
86,#80CL22VY2,", 🌪₮ØɌ₦₳ƉØ🌪,",0xffcb5aff,28000290,38257,87,ImmortalSword⚔️
87,#8JRRGLV8G,OF|Ƒiͥreͣeͫ🇸🇰,0xffa8e132,28000352,38225,88,NEPTUN
88,#9JRU9VUJU,PRINCE ROCK,0xffff9727,28000297,38163,89,Los amigos
89,#9JPUCCY80,GX Polpetta,0xffcb5aff,28000305,38138,90,
90,#P2VCLQ2GV,🔱🥑AvOkAdIk🥑,0xffffffff,28000335,38000,91,Zsq skvad
91,#2YYYY8V9P,태영고수 찜,0xff1ba5f5,28000134,37963,92,브롤의 신들이여 모여라~~
92,#PR2P029VU,꧁☆☬κɪɴɢ☬☆꧂,0xffffffff,28000281,37932,93,Alfiki
93,#YV99LGP0Y,⛩️Qlash|Revali,0xff1ba5f5,28000271,37720,94,<c9>YT Club</c>
94,#PGQVPGLYL,Mateusz54,0xff4ddba2,28000341,37665,95,PERCHE TI AMO😻
95,#8Q02JCCUQ,RO|Niko♤🌒,0xfff05637,28000132,37446,96,Danut family
96,#9PC9RGJUV,☆ODO☆,0xffa2e3fe,28000317,37442,97,QLASH Storm GT3
97,#2G9P9GQ9,run Вася,0xffa2e3fe,28000000,37407,98,
98,#2L8VVYCLP,фара,0xffa2e3fe,28000061,37287,99,YT|TOP4IK 🍋4IK
99,#2RPLU9V,LªM|Antony,0xffffffff,28000004,37280,100,road to 50k
100,#2UL8UPLJG,QLS|diablo_r10,0xffcb5aff,28000132,37215,101,bs squad's
101,#82YCP98VQ,cano,0xffcb5aff,28000095,37180,102,TeamGMRW
102,#9R9RLCUQR,Louka,0xffff8afb,28000352,37159,103,✨Les fromages✨
103,#9QLJGP8Q9,ﾘﾑ ﾚﾘひ乃ﾚひ 丂ﾑ丂んひ,0xffcb5aff,28000228,37116,104,ラマワカタナ叉わ❗️❗️
104,#8G9299JG9,Имя Фамилие,0xffa2e3fe,28000310,37099,105,DerNita
105,#8QYJ29VL9,chai saian,0xffcb5aff,28000293,37072,106,ZSG
106,#2CCCVP2UV,Адали,0xffcb5aff,28000222,37031,107,
107,#8JPJGURY0,joke®️ ☯️,0xffcb5aff,28000018,37018,108,NaVi/Champion🏆
108,#2YPUJLQVQ,Ymnlp(준성),0xfff9c908,28000233,36987,109,
109,#90QUCRQLP,pr|Halec,0xfff05637,28000335,36808,110,Клуб:  #2C88LQJ9Q
110,#2GG2Q9GG8,RŁX|WêRttęX🥶,0xffff9727,28000165,36797,111,
111,#8V802VLG,ＳＥＩＤＲＥＺＡ,0xffffffff,28000305,36766,112,
112,#8GPVQ9LG8,Patbat2.0,0xffffffff,28000335,36743,113,God Army II
113,#PLGY9GCYQ,[GN]sacha0092,0xfff9c908,28000132,36736,114,LA Furia Roja🎈
114,#8UVLL9V0Y,Mads TV,0xffa2e3fe,28000156,36713,115,Lucky|BS
115,#9UYRPRYLR,LEHAO PRO,0xffcb5aff,28000349,36670,116,🔱🎗Jamais/Vu⚜☆
116,#PRUYQ8LUY,AgReSsOr,0xffcb5aff,28000079,36437,117,Squad Кириешков
117,#JYQRL9RL,viki,0xffcb5aff,28000330,36371,118,
118,#20J088JYL,[Блет] Санёк,0xffff8afb,28000330,36368,119,KOSTROMA
119,#8RPJPC0C8,⛩Dreemz🌈,0xffcb5aff,28000141,36319,120,Perfect world
120,#YY89UQL02,ALEXHACKER_XDYT,0xffcb5aff,28000294,36209,121,aitor tilla
121,#P00PCRQ0Y,[Блет] syxarik',0xffffffff,28000139,36151,122,ON🏆League
122,#YURRRPUYL,méga gamer,0xffcb5aff,28000332,36104,123,Les Amis
123,#82R98LYLV,⛩️| Nzm64 🎋,0xffa2e3fe,28000018,36103,124,clash stars m
124,#2C2L8QR00,hyra97,0xffcb5aff,28000156,36041,125,NORDICA
125,#2R0JLGURY,Wer,0xffcb5aff,28000156,36038,126,Wer Clan
126,#8G8VVCPQJ,sad♡radboy,0xffffffff,28000266,35970,127,Банда Fazbear's
127,#98CPQ0G9R,BASTIANSITO,0xffcb5aff,28000231,35956,128,Los insanos😃🤑
128,#C9GCG2J2,Haydayplayer,0xffa2e3fe,28000061,35815,129,LA FRUTERIA
129,#Y0CPLUGUV,أحمدمحمدليون💖,0xffcb5aff,28000207,35791,130,𝕻𝕳𝕬𝕹𝕿𝕺𝕸
130,#2RVPLGC9V,iamhackeř,0xffa2e3fe,28000221,35745,131,
131,#2L8GPCRGC,(MSF)Lindell,0xff4ddba2,28000031,35685,132,Dead eye’s
132,#2UUP8V00G,paraff1nX,0xfff9c908,28000156,35664,133,BGame
133,#PCQ8QLQ0,рizdа,0xff1ba5f5,28000262,35661,134,SUPER PRYNIK
134,#P0JLVRR89,AZE_Hezret,0xffa2e3fe,28000129,35567,135,AZE_KİNG👑🇦🇿
135,#98P2LPJYU,Stefan 17,0xffff8afb,28000053,35556,136,MagicWarriorsRO
136,#9CG02Q2CC,krisgg🇹🇹😈,0xffa8e132,28000129,35545,137,Rufus’s Clan
137,#89RQ9922L,🌪️Q̸L̸S̸ᵈᵃⁿⁱᵏ❄,0xffffffff,28000255,35542,138,Тая супер
138,#Y09R9QP8Y,амням,0xffff8afb,28000023,35484,139,🥀𝔅𝔩𝔬𝔬𝔡|🥀
139,#J8Y88C8V,B1T♥️,0xff1ba5f5,28000156,35469,140,Spike pro_army
140,#8P9U02P0C,乂❤Adͥusͣzͫzᴮᴼˢˢ,0xff1ba5f5,28000004,35437,141,❄️✨Ice Force✨❄️
141,#9UY92C8CG,#brawlstarsplay,0xffcb5aff,28000337,35433,142,<c0>Black🖤</c>
142,#RUYJYCRY,frere ours 66,0xffcb5aff,28000294,35428,143,Ennemis Publics
143,#PQR82VYY8,A.Utku 753,0xfff9c908,28000091,35382,144,
144,#P8PJP0CU9,zozo,0xfff05637,28000095,35355,145,Club Builders™
145,#8GQYYY9Y,Navi/Leo messi,0xffa2e3fe,28000132,35317,146,пепе
146,#22JUUC280,EFREEz,0xfff9c908,28000132,35305,147,
147,#9V09RQJU2,GE |Goldfisch⚡,0xfff9c908,28000253,35285,148,NewGermanElite
148,#2CVVJ9LRC,santos,0xffcb5aff,28000305,35281,149,apto todos
149,#2LLV9R0RY,antredis,0xffa8e132,28000280,35217,150,Salento
150,#8J0U9UGJJ,jony,0xff1ba5f5,28000305,35188,151,filho
151,#P29CY208Y,AQM|Marcosツ,0xffa8e132,28000248,35187,152,%The m3ga
152,#PGPC2829R,Blubbel64,0xffcb5aff,28000228,35099,153,
153,#PG808RCJP,رجل الضلام,0xff4ddba2,28000101,35063,154,🎖️STAR|PARK⭐
154,#8QRLGV2QU,☔︎ˢᵏʸᴇⁱxᵃᵐ ɢᴏᴅ☘,0xffcb5aff,28000141,35062,155,⛩️MiRaGe|TEAM🎍
155,#U9URRQLJ,FLAME|Kartik,0xfff9c908,28000164,35059,156,Stinky Rockets
156,#2JLUQRCVC,mül,0xfff9c908,28000233,35051,157,《☆SKL☆》
157,#22UY2UGLQ,про читер 777,0xffff9727,28000222,34945,158,
158,#Y0VYCV0R,RicOliv,0xff1ba5f5,28000347,34906,159,HIDROCALIDOS FC
159,#8GU9Q02P9,𝐱𝐫𝐳𝐞❦シᵗᵐ,0xffcb5aff,28000095,34888,160,《☆SKL☆》
160,#99YL9QJJ,BlueFalcon,0xff1ba5f5,28000168,34854,161,Terminator
161,#2QYVRYJ2Q,الربيسي,0xfff9c908,28000017,34830,162,الارباس
162,#8RG9VCU00,flomanders,0xfff9c908,28000267,34810,163,sterni
163,#8PCL2YJUU,WP ME PATRYKQ,0xffa2e3fe,28000335,34805,164,panowie 900
164,#PUJRQ8L9G,Mr.winner🥱,0xff1ba5f5,28000305,34765,165,Browl company
165,#8PCLCJU0R,paradox/☠️64,0xffcb5aff,28000014,34743,166,Scheißhausbrawl
166,#8J9098PJC,mking,0xfff9c908,28000107,34722,167,EL LUMPEN
167,#LGCGJL8V,shur1483,0xffa2e3fe,28000019,34711,168,✈BOEING✈
168,#88VQQVLPG,我要傳奇！不然會一直輸,0xff4ddba2,28000299,34634,169,支持自由
169,#PQ9V2Y0VQ,KiwiwoS,0xffcb5aff,28000305,34622,170,Clan Porrito
170,#2GJRGJJYY,무애,0xffa8e132,28000087,34621,171,클럽
171,#8QLV02LLC,Luis Pedro 2,0xffa2e3fe,28000156,34620,172,Tupinambas
172,#8CG2Y9YL0,GuilleVGX,0xfff9c908,28000218,34555,173,ириски и риски
173,#2LQL2UJU2,⚜ENGY⚜,0xfff9c908,28000061,34508,174,melba
174,#8Q8UJ8GL0,XD,0xffcb5aff,28000335,34502,175,Santuario
175,#P8PRUJJJ0,⚜️ᴛᴛᴍ|𝔽𝕣𝕖⚔️,0xffcb5aff,28000103,34498,176,AvvelenatiShip
176,#LJQYY9P2,Roman_Banan🇺🇦,0xff4ddba2,28000023,34482,177,дініси
177,#29P9G90PP,PETER_BSGAMING,0xffffce89,28000338,34471,178,Rumours69
178,#8LJCQVG02,QLS|Shadow,0xfff05637,28000331,34451,179,The Kool Kids
179,#LRR020PQ,YT/Leon.Légenda,0xffa2e3fe,28000139,34400,180,NB Team
180,#8UY8G0UYU,[MMA]FREE STILE,0xfff9c908,28000124,34371,181,Mercury
181,#29V9CVU,ivan10,0xffa8e132,28000016,34369,182,
182,#9CGYJVLV,TTM|orbluello🇮,0xffa8e132,28000140,34347,183,StarCommand
183,#PCLVQJQUR,Adam,0xffff9727,28000288,34304,184,
184,#J22U0JRG,⛩️|eureka|🍒,0xffffffff,28000008,34255,185,Cyberloo
185,#YP200VGLC,CATAHA,0xfff9775d,28000152,34200,186,ачо
186,#PPQRL80JJ,super pm,0xfff9775d,28000065,34148,187,
187,#9LPY0QL2G,mister pingwin,0xffffffff,28000348,34072,188,MiotaczeQ1
188,#PYL2LRYY,Pietro_729,0xffcb5aff,28000294,34062,189,Opera & teatro
189,#GCYY8JR8,GX PITTINO,0xffa2e3fe,28000158,34061,190,⛩|Team64🎋
190,#YRLVR08RJ,FİRe|Olcay,0xffcb5aff,28000207,34035,191,<c08e8de>³¹</c>
191,#20L9PRRPV,отчим эль примо,0xffcb5aff,28000349,34033,192,Evil Jikey
192,#2RG2VL2VV,KANTAMUZ,0xfff9c908,28000272,34000,193,ぴろかん
193,#YJVL0RJLV,DIMON,0xffcb5aff,28000305,33996,194,PewPew
194,#8CQ0PCL02,LA BESTIA,0xffff8afb,28000058,33963,195,BBB
195,#V8J8889P,kyli91700,0xff1ba5f5,28000248,33910,196,HARLEM
196,#Q0CGR9CY,LaLYou,0xfff05637,28000128,33895,197,
197,#8VCGC929Q,Kaz ali(gerçek),0xffa2e3fe,28000314,33814,198,kaz ali
198,#9009QJPV8,NN|alex8,0xff1ba5f5,28000019,33803,199,CLUB PANDA ROJO
199,#PVL8GP8QC,livai,0xfff05637,28000273,33738,200,Z7
