,tag,name,nameColor,icon,trophies,rank,club
0,#98UYL02RY,(Lynx)lolo,0xffffffff,28000272,54934,1,TeamStars
1,#9PC02CYGQ,Sir[🥜]Nowa,0xff4ddba2,28000336,54358,2,BlitzKrieg
2,#Y09CJLL82,CRD|Atͥlaͣzͫaan,0xffcb5aff,28000224,50500,3,CRD|division☔️
3,#9LRLU9CP0,[BR]/whitehouse,0xffff9727,28000348,49645,4,❤️ L’amore ❤️
4,#988YPV9G,Crypto_Gamer911,0xffcb5aff,28000297,49475,5,ErzaOwnsUs
5,#RL288PC2,[simon]•_• ^^,0xff1ba5f5,28000000,49224,6,DARKNESS
6,#R9CY2JGG,it's legends🌠,0xffffffff,28000135,48889,7,
7,#P0QJG0V8P,Друг Ярика,0xffa2e3fe,28000079,47772,8,клуб 1 места
8,#28CLCGVCY,Ƥhͥคrͣoͫsຮ987🕊,0xffa2e3fe,28000226,47597,9,LLK eSport
9,#298V8U8LR,ftbdswkk,0xffcb5aff,28000272,45569,10,30|Goats
10,#P90YU0RRG,𓆉︎,0xfff9775d,28000023,44777,11,Osmanlı
11,#9C20R890G,sᴀɴᴛɪᴀɢᴏ,0xff4ddba2,28000254,44209,12,MX|MexicanClub²
12,#PPVQUVUL,ROCKET,0xffcb5aff,28000022,43795,13,Tribe Beta
13,#UP0JGL20,容|⛩️𝓐𝓵𝓮𝔁²⁶⛩,0xffff9727,28000263,43760,14,mx team
14,#9Q82G8VYQ,Dolog-esquive,0xff4ddba2,28000044,43325,15,EZCW Corp.
15,#90C2G9UJQ,flash tahi 05,0xffcb5aff,28000280,43228,16,BlitzKrieg
16,#8VG88Q0C2,Doombeast,0xfff05637,28000296,43220,17,Ice Dragons
17,#YC0299G,With0ut|Skill🔥,0xffffffff,28000314,43215,18,Mõrtis'eSports
18,#P0VV829PP,ⱠɆ₲Ɇ₦Đᴷⁱˡˡᵧₒᵤツ,0xffa2e3fe,28000267,43167,19,
19,#8QQR2LRU2,αʅρԋα 𝟢𝟷,0xffffffff,28000341,43068,20,Activium Ligue
20,#9PLPLUJQV,чикивлюблёни,0xffffffff,28000044,42997,21,FertonS_FierY-✨
21,#2C0GJV9PY,☠w0.oT❓,0xffa8e132,28000262,42739,22,🇵🇫I_m_987🇵🇫
22,#28GLJUQ90,rudolfury,0xfff05637,28000226,42689,23,
23,#909QRRLRC,⚡️I_m_laser⚡️,0xfff05637,28000145,42670,24,🇵🇫I_m_987🇵🇫
24,#QP9GJ2G0,🥀Ka℘†ioŇ🗿,0xffa8e132,28000335,42616,25,Team legende
25,#2PP8QCQJ0,Afax987,0xffcb5aff,28000305,42606,26,🇵🇫I_m_987🇵🇫
26,#2V9GPVLJR,FrootyToots,0xfff9c908,28000333,42223,27,MAKEITAKE1432
27,#82LUQVPUP,LaChale,0xff4ddba2,28000147,42209,28,🇵🇫I_m_987🇵🇫
28,#9JGQGC9PG,زكرياء الاسطورة,0xffa2e3fe,28000104,41983,29,غزة العزة
29,#29CJRR9R,crazyOp 🥵🤡,0xffcb5aff,28000335,41795,30,Osmanlı
30,#29YG8QRP8,Judas le poto,0xffcb5aff,28000033,41744,31,FIXY
31,#UQGCQQPG,Kiͥriͣtͫo 987🕊,0xffffce89,28000017,41703,32,LLK eSport
32,#9JRL2V2C,p.ruz,0xff1ba5f5,28000294,41529,33,losduros
33,#LL0YRUJ8,Kovelei,0xffffffff,28000235,41367,34,PROツTEAM
34,#CQJPLPGC,dieu du feu,0xffff8afb,28000273,41295,35,CRD|division☔️
35,#22R9RPYLC,DKjuju888,0xffa8e132,28000276,41232,36,FR|Family
36,#288GGVQYR,Hyproy-007,0xffcb5aff,28000137,41055,37,Fonzies
37,#2UC28LV2P,toetuto,0xffffce89,28000052,41006,38,Legion Trueno
38,#20PLP92JU,Nathan976,0xfff9775d,28000262,40958,39,Tahiti Clan
39,#2Y0RGU9P9,wizard,0xffa2e3fe,28000301,40947,40,Latvia
40,#8CVCPYGU,👿Blood_JoKeS👿,0xffcb5aff,28000291,40834,41,🇵🇫I_m_987🇵🇫
41,#90RV0Q0LC,🖤|Massa64™,0xffffffff,28000139,40684,42,G-Force
42,#9GGJQLRU2,totosch,0xfff9775d,28000008,40000,43,
43,#89J8YU92J,明か|Storm_7.2,0xff4ddba2,28000053,39925,44,
44,#8RVL0CCVV,QLS| DARKPRINCE,0xffff8afb,28000226,39828,45,
45,#8LG9JQUCP,🔥🥀ȿěv@คꪦ🥀🔥,0xffffffff,28000265,39811,46,Venus
46,#8UUQUGPYV,ComboGamesYT,0xffcb5aff,28000349,39773,47,Brawl Empire
47,#YC2Q902PY,Lolapop,0xffa8e132,28000019,39181,48,
48,#PY8G2P2LJ,GasTer,0xffffffff,28000196,39102,49,365 days
49,#9JV0JPU2U,imaster2,0xff4ddba2,28000196,38893,50,team brawl
50,#888RJUPL0,Becalyee64,0xffffffff,28000000,38712,51,Aktyvus
51,#8QQY80PPP,SK|™MO,0xff4ddba2,28000067,38584,52,Nice Käse Sucuk
52,#YCP2CVRV8,TAHITI_987,0xfff9c908,28000298,38515,53,CRD|division☔️
53,#2Y9UUYQJQ,Marumana,0xff1ba5f5,28000141,38452,54,legendary stars
54,#CVP9U8GU,THS,0xffa2e3fe,28000280,38410,55,🇵🇫I_m_987🇵🇫
55,#PUVGP8028,✧GͥOͣDͫ⛩RyZe🎋✧,0xfff9c908,28000129,38332,56,FR|Family
56,#8UCUJUPR0,AeztheticX-,0xffcb5aff,28000262,38324,57,RPG Wolf
57,#9YVQJYGY,Phøenix|Liby21,0xffa2e3fe,28000273,38189,58,Phøenix|club
58,#Y0JLLYVL9,Cams02,0xfff9c908,28000341,38159,59,CC|CLUB
59,#2VPJC2GY2,X arck,0xff4ddba2,28000290,38076,60,FR|Family
60,#9C92J0VYV,VØ₮ɆⱤ฿₳₦,0xffff9727,28000170,38027,61,🤍Bianco&Nero🖤
61,#VGYLJPRG,Marksist,0xffffffff,28000108,37793,62,Men's hause
62,#L89UQR8YU,MoonDlt,0xffffce89,28000203,37741,63,🇵🇫I_m_987🇵🇫
63,#9LLJRPJV8,TTM|Nexus,0xffff9727,28000089,37603,64,LeagyLeonGang
64,#2GPQGCRJJ,Lopi,0xff1ba5f5,28000282,37284,65,Ultra gamer
65,#22928RPP,RJ,0xffcb5aff,28000305,37251,66,junker jukers
66,#Y2L9922,PatateDouce🥔,0xff1ba5f5,28000243,37148,67,Slay Club
67,#20888JVGU,ʟᴀᴘɪɴッ,0xff4ddba2,28000295,37113,68,ked
68,#80RC9YJV8,PikaHZK,0xfff9c908,28000017,37074,69,NevSurrend
69,#922Q9LVVG,4PDA●Evil✔️,0xffffce89,28000218,36982,70,🥵Эль Абобусы🥵
70,#8U0QG8Y9,Furyteek,0xff1ba5f5,28000033,36770,71,Fire Storm
71,#LUGCGUQ2,ernesto ramirez,0xfff05637,28000294,36401,72,costeñosMX
72,#8YVP8LGY0,MG|RoBeRtO🖤25,0xffffffff,28000284,36120,73,magos geniales
73,#8J2UQRVQL,MoonRed,0xffa2e3fe,28000225,36116,74,
74,#PLCPGUPJG,『💙ⁱʟᴜᴍͣᴀͫ🪐⭑』,0xffcb5aff,28000271,36004,75,<c2> :( </c>
75,#PYYR00RRV,Dima v3 | ×,0xffff8afb,28000156,36001,76,redGB
76,#VQUL8998,DARLAILAMA,0xff1ba5f5,28000271,35906,77,AKINCI
77,#9GYGQGL2Q,W.O.O.D.Z.z,0xffa2e3fe,28000341,35501,78,🇵🇫I_m_987🇵🇫
78,#2UU2J220V,keke,0xffff9727,28000078,35445,79,
79,#9L0GLQ0C8,bouh,0xfff9c908,28000205,35410,80,😎⚡👻35K😎⚡👻
80,#L8RY2P99Y,CRD|Corbac64🎋,0xffcb5aff,28000017,35247,81,CRD|division☔️
81,#P8JGY29,NtmSiTuGagne,0xffa2e3fe,28000225,35065,82,Club #LQCP89VJ
82,#YPUGJYUJU,⛩️|Rzm64|🥀,0xffa2e3fe,28000333,35057,83,Warce
83,#8G298CJGR,Nathan,0xffff9727,28000332,35028,84,Shadow Burst
84,#9JGR9URR9,MisatoSan,0xffffffff,28000245,34999,85,<c7>Gwiazdy</c>
85,#9UGYQ2Q99,RexiTwixi❄️,0xffa2e3fe,28000141,34998,86,ØP|⭕️RevTime⭕️
86,#28QGR2QC8,AxEl GX,0xffa2e3fe,28000348,34990,87,benberfast
87,#8LUP00YUY,DraveYT,0xffcb5aff,28000084,34965,88,🐶🐶🐶
88,#GGRG2JLR,•○●WĘiSs987●○•,0xff1ba5f5,28000141,34934,89,
89,#8YC9VQRQJ,Like this?,0xffffffff,28000095,34899,90,Versilia stars
90,#2V289JJR8,kekeman,0xff4ddba2,28000080,34782,91,Flux
91,#PGPGUC2JR,mayko XD,0xffffffff,28000002,34555,92,leyendas py
92,#2J08RPLC,Naruto Uzumaki,0xffcb5aff,28000234,34552,93,жапырақ
93,#2CLGYQGRV,L.N.C.H 987,0xfff9c908,28000017,34490,94,🇵🇫I_m_987🇵🇫
94,#2CUG0QVJL,легии круто?!!!,0xff1ba5f5,28000352,34466,95,Mr.Copitan
95,#PRGCQLRQ,abovin,0xffa2e3fe,28000228,34465,96,Месячные бабки
96,#YG9VQ29GL,Ｈｙｄｒａ,0xffcb5aff,28000129,34452,97,AE|JusT Play2
97,#8CV820VR0,Nuivai,0xffa8e132,28000009,34422,98,FafaruF3A
98,#9Y0GPPQ0R,|丂卄ㄖ山丂ㄒ尺乇几G͎卄ㄒシ,0xffcb5aff,28000305,34292,99,Cactus Accademy
99,#L8U2UPYP,†ОЛЕЖКА♪°^°,0xffa2e3fe,28000126,34275,100,Paprotniki🌿
100,#28CUQVR8G,♡ғᴏᴋᴇᴛ×͜×,0xffa8e132,28000101,34264,101,/FollowFreedom
101,#P9022JYJP,YT DIMA,0xffa8e132,28000132,34235,102,Clan Vaitsuzzz
102,#8QURYVQC8,⚔️LP|Nano2010⚔️,0xff4ddba2,28000037,34176,103,
103,#822JYQRY2,⛩ᶦ ᵃᵐ ZeDᴳᵒᵈ🎋,0xfff9c908,28000095,34138,104,CRD|division☔️
104,#9CYYJ88LQ,stas,0xfff05637,28000210,34133,105,CrOssFade
105,#QRY2U8VPV,Cloclo 🗡️,0xfff05637,28000138,34000,106,L’amitié++
106,#228UUURL0,Draqon,0xffffffff,28000150,33969,107,DARK|NİGHT🌃
107,#VQYC9PGC,Nexo_killeur,0xff1ba5f5,28000225,33915,108,le brawler star
108,#99R0L9GUQ,VIP_Shlepa,0xffa2e3fe,28000129,33829,109,Immortal Sword
109,#YGJG89RLY,☆SuperXed☆,0xfff9c908,28000165,33801,110,🇵🇫I_m_987🇵🇫
110,#9CLRU2UR0,Raishui,0xfff9c908,28000124,33782,111,🇵🇫987_THT🇵🇫
111,#P2CQ9809,babouc,0xffffffff,28000352,33736,112,Hokoriko
112,#908RJQCCY,Vaitea,0xffff9727,28000272,33705,113,LIGHTING
113,#208YCQRRQ,Lil pump,0xfff9c908,28000000,33701,114,Удачники
114,#U9YRJG02,♧ ♤ ☆ €,0xffcb5aff,28000228,33700,115,
115,#RYQ9QQJ,🇫🇷Thod🇫🇷,0xfff9c908,28000044,33696,116,T&C
116,#82P99U2L8,Mathmesboul,0xffcb5aff,28000332,33635,117,Wolf pack
117,#PLR88VQ98,🍉Ãřbũžіķ🍉,0xfff9c908,28000170,33503,118,
118,#89P0LYRCC,Детектив утка22,0xfff05637,28000312,33488,119,LA GANG
119,#20GYP2898,藕|Nคzeoᵒᵖ,0xffcb5aff,28000129,33454,120,Symbiose|Esport
120,#9899C880Q,palpatoche,0xffcb5aff,28000159,33351,121,Danger Poison
121,#8U02VJ2LC,N❤️D,0xff1ba5f5,28000248,33300,122,
122,#PLQQ2U98C,nickname_demarッ,0xffffffff,28000139,33226,123,IMMORTAL
123,#YLG0U980,Ostavljam raket,0xfff05637,28000151,33223,124,jebem ti family
124,#99QYJ0GCJ,B0T,0xfff05637,28000143,32981,125,Moon Legion
125,#2002P8VRL,⚡️Electrøの⚡️,0xffffffff,28000000,32915,126,
126,#290V00LRV,LW|ZeeFuz,0xffcb5aff,28000129,32899,127,DT | Météore
127,#80CYU008L,thomas,0xffa2e3fe,28000067,32885,128,YT | Team Volt
128,#98R2YJC0L,×VLT|QBS†,0xffa2e3fe,28000168,32867,129,🌵SPIKE🐍
129,#2PC20QRRL,XDeadYouX,0xffffce89,28000294,32860,130,
130,#PU0LQVV0V,⚽Leon4ik⚽,0xffa8e132,28000151,32859,131,топ паци
131,#9C0LYCJGL,n14,0xff1ba5f5,28000037,32812,132,FC|FIRE🔥
132,#LQL2RY00L,Chris,0xffffffff,28000157,32747,133,BRAWL FOR FUN
133,#8LYJ8Q8Q2,Ти лох ріальна,0xffcb5aff,28000228,32712,134,volleyball
134,#UYUJQ9LV,kelian,0xff4ddba2,28000228,32711,135,
135,#8PJCVGVQ8,Pawełeć_PLxD,0xffff9727,28000305,32678,136,😈Black Better
136,#8JYJR0YCP,Zahri,0xffa8e132,28000128,32666,137,gruzy
137,#20C820GYV,mat,0xfff05637,28000280,32637,138,On Toi/Jojo
138,#YG8JGQ20,𝖘𝖊𝖓𝖕𝖆𝖎✞☬,0xffcb5aff,28000079,32558,139,gruzy
139,#9YL9C2LLV,“𝒴𝒜𝒞ℐ𝒩ℰʲʳ⁷,0xfff05637,28000277,32439,140,SPE | Clan 👑
140,#2P00YJ9PL,melanxape🗽,0xffffffff,28000282,32361,141,
141,#YQJUU9J09,Мохно,0xfff9c908,28000065,32352,142,куськи
142,#82RRYYYVG,サーシャ,0xffcb5aff,28000310,32341,143,FR|Family
143,#228PVR8V0,Riri,0xffcb5aff,28000164,32272,144,
144,#8UUYUJCYP,Éliott2012,0xff4ddba2,28000203,32238,145,𒆜𝚋s Crown
145,#P0Y9GUCC9,✈SENSEI✈,0xfff9c908,28000167,32213,146,TURBOBENZINA
146,#9L9UPVJRL,yein,0xffff9727,28000135,32182,147,yourhell
147,#PPC08V2G,la rembouk,0xffcb5aff,28000219,32141,148,
148,#202U8VCLR,Suzran Jo 735,0xffff8afb,28000184,32128,149,
149,#LQPJPJCP,[NBS]Neosha,0xffa2e3fe,28000060,32093,150,ещкере хайп
150,#229VJPR0Y,꧁☆Aɪᴍᴀʀ☆꧂,0xffcb5aff,28000227,31949,151,Los insanos
151,#L02UCGLL,gogow,0xff1ba5f5,28000027,31886,152,ponpon's
152,#229VC8YQC,Cram,0xfff05637,28000125,31757,153,Poussette
153,#90LL2G22,PXU,0xfff9c908,28000163,31721,154,
154,#8VU8V0R0V,Team yy,0xff1ba5f5,28000275,31670,155,Les St Marie ✌
155,#PU9CPGGJR,FXGGYDAY,0xff1ba5f5,28000009,31668,156,Потрошители
156,#YGGYQLLYY,амогус,0xffcb5aff,28000139,31646,157,крутомания
157,#Q8J28LP0,Kanatea,0xffcb5aff,28000041,31646,158,CHILIPEPER
158,#YRPRJV0UC,◤✞𝕯𝖆𝖗𝖐 𝕬𝖓,0xffffffff,28000352,31638,159,Showdown
159,#YLGC289C9,vetkapro2009,0xffcb5aff,28000129,31603,160,
160,#98P92QRQR,€L PRÍNCIPE ♡,0xffff8afb,28000003,31577,161,CRD|division☔️
161,#222C9Q99P,SM |Saturn,0xff1ba5f5,28000073,31545,162,SM | Home❤
162,#P8YGQ0G9J,ProstoArtem,0xffff8afb,28000014,31533,163,
163,#92JUP88YP,DESTROYER VALEN,0xffff9727,28000128,31504,164,SERGIU BS (YT)
164,#PJUV8C0JU,TL|marquitos,0xffcb5aff,28000347,31453,165,LosPanitasGamer
165,#82UC22CVR,Muhammedzan,0xffcb5aff,28000000,31374,166,
166,#2R9GG98JV,€€€AMEga$$$,0xffcb5aff,28000271,31370,167,Black Dolphin
167,#82YYVQ08G,Anton|FR,0xfff9c908,28000046,31358,168,Le Monopole
168,#QLQRQG92,йцрдэхия,0xff4ddba2,28000352,31357,169,문영스타즈
169,#2JPY9LYYL,GUTO1,0xfff9c908,28000164,31325,170,Ratazanas
170,#2P9YJVUVU,БАКЛАЖАН,0xffa8e132,28000155,31314,171,ELIT RAN
171,#CCYL8UQ2,_TheotimE_,0xffcb5aff,28000017,31282,172,
172,#2J9J9UL8P,Xarteck,0xffff9727,28000262,31275,173,MAXEGNA 🇮🇹
173,#LPL2YJRY0,✨Ζωτική✨,0xffa2e3fe,28000226,31139,174,GCT
174,#YGVQQ9V8L,◇LEVI◇snk,0xffcb5aff,28000276,31129,175,BRAWL LEGENDS
175,#2YR98YJYY,RAWE,0xfff9c908,28000018,31104,176,
176,#8J280R809,OWEE|SEB,0xffa2e3fe,28000349,31094,177,Bonnet à Pompon
177,#2YVU02V92,bot 7,0xfff05637,28000219,31088,178,OG Drivers
178,#PYL0UC922,Bunker86,0xffa2e3fe,28000164,31043,179,<c6>SALTY</c>
179,#8RUJJQG0P,робзи,0xfff9c908,28000228,31032,180,
180,#980JYYVQ9,[LP]Макс Р,0xffcb5aff,28000004,31000,181,<c7>Gwiazdy</c>
181,#882GRV8YJ,Prone,0xff4ddba2,28000018,30983,182,
182,#L2LLQ9YQ2,Soltiss,0xfff05637,28000207,30972,183,L Pro_Gaming
183,#PUJVLQJ8C,(пот)Влад про,0xffcb5aff,28000294,30961,184,
184,#9Q98U2RCV,AQM|BoLoG|🥀✨,0xffff8afb,28000276,30942,185,
185,#8Y08RJCJU,Arès,0xff1ba5f5,28000182,30926,186,Royal Palms
186,#G8JLLG2G9,El sulfateuse,0xffa2e3fe,28000347,30921,187,CRD|division☔️
187,#PCJQQJ2RQ,あ | Iͥkaͣrͫi,0xff4ddba2,28000135,30900,188,🇵🇫I_m_987🇵🇫
188,#802PULU09,AA,0xffcb5aff,28000335,30846,189,
189,#8V0YYRVG2,PRO GAMER,0xfff05637,28000294,30831,190,крутомания
190,#V8U8R9CL,Thiboss07,0xfff05637,28000173,30823,191,
191,#CYP0R2C0,я крутой,0xff1ba5f5,28000044,30821,192,
192,#9CVG8PRQY,joker,0xff1ba5f5,28000175,30802,193,Games_Pro_Legen
193,#LLPUURVG,DARWIN,0xff1ba5f5,28000169,30746,194,happy smile
194,#LJUY8J92P,ML_BOSS_987,0xffff9727,28000091,30732,195,L Pro_Gaming
195,#9VGRP9RLJ,Злой_Байкер,0xff1ba5f5,28000176,30724,196,😃КиБеРбУлИкИ😃
196,#YLLYPP028,kirito987,0xff1ba5f5,28000267,30716,197,Exodus987
197,#2QURCURQU,GANSTER,0xfff9c908,28000132,30703,198,Dark Empire 🖤
198,#YP8UPRY2,{E@3Su@v3?®},0xff1ba5f5,28000348,30667,199,⚡THUNDER BR4WL
199,#P9VGPPRPY,хлыз бебrik,0xffa2e3fe,28000132,30661,200,
