,tag,name,nameColor,icon,trophies,rank,club
0,#8JU9PLCQC,βꜱ | ℑʊβɑ🐢,0xffa8e132,28000200,68908,1,Jubas Community
1,#PGGUYQP2V,[TOP] Andro,0xff4ddba2,28000297,66793,2,Rōninz Esports
2,#8VJ9UVRQV,∆ICE Spirit🌀,0xffcb5aff,28000122,64482,3,Beyond Alpha
3,#22C0LP99J,Qeis 🕊,0xffcb5aff,28000302,64393,4,geo kacebi
4,#82989RPYC,Tσѕнιяσ❥,0xfff05637,28000305,62236,5,P.E.K.K.A
5,#PVL82C90C,Rōninz|Ghost👻,0xffffffff,28000000,60633,6,Rōninz Esports
6,#P2LU9YQQC,漢|Hyōrinmaruᴳᵒᵈ,0xffcb5aff,28000196,60000,7,Jubas Community
7,#99RC8QVJQ,vakko,0xff1ba5f5,28000210,59666,8,Rōninz Esports
8,#9G8V9RC2Q,FOW|Kosmosa,0xfff05637,28000321,59416,9,walener
9,#8UPRVJLC0,Psychoゝ,0xfff9c908,28000123,59244,10,420 Brawl
10,#2YJV9U9JC,×I'm|mamba💕🛐™,0xffffffff,28000167,59127,11,Lonely🕊️
11,#Y00JYJGCQ,SANDY,0xffffce89,28000331,59114,12,Jubas Community
12,#9Q2QV0G9R,LS | 🖤Ɗⱥrkツ,0xffffffff,28000352,58263,13,ASTRON eSports
13,#89LGGG8P9,DatoBS,0xff1ba5f5,28000179,58255,14,Rōninz Esports
14,#8QC9VQVQ8,ALEKO TOP,0xfff05637,28000244,58219,15,Rōninz Esports
15,#PVL0JQJUC,TOP {LUKA},0xffa8e132,28000305,58053,16,Rōninz Esports
16,#2VJVCPQVV,まBones🎴,0xffff8afb,28000078,58008,17,Lonely🕊️
17,#8JGQYJPLV,ioane ♡,0xffffffff,28000196,57823,18,🕊️
18,#2G0U0P88U,Hoopy•さニヤ🧛‍♂️,0xffffffff,28000150,57715,19,geo kacebi
19,#2Y9GGY898,GEO Human♥️,0xffcb5aff,28000305,57701,20,P.E.K.K.A
20,#929GRVJ9J,〤Fadexx❦,0xfff9c908,28000278,57697,21,TL|Team Luzou
21,#9L0YLQ0PC,♤AMANATA♤,0xfff05637,28000129,57203,22,Rōninz Esports
22,#9CUQPQ2LY,ɴᴇɪs̷ᴇʀ🎭,0xffffffff,28000123,57146,23,
23,#2UU8QY0PG,Sikhless✯,0xffff8afb,28000333,57014,24,AllTimeMaster
24,#Y90G8QVGQ,漫.𝞢RIHA.❦︎,0xffffffff,28000100,56764,25,
25,#8L90208U8,SkyLine,0xff4ddba2,28000016,56678,26,Lines Squad
26,#9Q880QRLG,TSL_xgiorgitsx,0xff1ba5f5,28000167,56635,27,geo kacebi
27,#89880CPL8,ぎ•Nikko?💘,0xffffffff,28000000,56558,28,Sk_Elite
28,#YQCVC9Q,Ϯ ~ ȤყƝƬɨɨꊼ ~ Ϯ,0xffa8e132,28000291,56495,29,Eiseskälte™
29,#9LLGRUVQC,7シ︎𝑪𝑹7GøaT🐐,0xffffffff,28000014,56337,30,CuRy'
30,#PPCLPP92,ㄞ|Gᴀʙʙʏ❤️‍🔥,0xfff05637,28000263,56318,31,beyond mega
31,#8GVP902YJ,FOW|Luka,0xfff9c908,28000020,56226,32,THM|Georgia
32,#8Y9LG0CCY,客|Jackø🐣,0xffcb5aff,28000207,56225,33,Pitagyro
33,#PJ0YJ9VG,WILD,0xfff9c908,28000262,56166,34,GEORGIAN KINGS
34,#Y2RPR9YPP,Rōninz|Levani🔥,0xff1ba5f5,28000266,56131,35,Rōninz Esports
35,#YJ20RL2P,SETER,0xff1ba5f5,28000175,55923,36,Celestyn
36,#9LY090GRY,🖤爱SͥALTͣYͫ〆🐣,0xffa2e3fe,28000047,55835,37,EvilFreedom ™
37,#YGRJGVVY0,"Pistol:ducked""",0xfff05637,28000243,55578,38,Lines Squad
38,#2U8JCUPQV,√ect♡︎r™,0xffcb5aff,28000002,55446,39,Rōninz Esports
39,#292J9LRY,🇬🇪|TRIPLE|😈,0xffa8e132,28000128,55403,40,Nitty comittee
40,#VJLYGJ2G,berketa,0xff1ba5f5,28000123,55388,41,Rōninz Esports
41,#PPPUCCUVL,EL.MACHO,0xfff9c908,28000263,55116,42,GEORGIAN KINGS
42,#8JV2JR20V,INS|Dave™,0xff4ddba2,28000248,55098,43,AllTimeMaster
43,#YQLQVJCGP,FD|🖤PĀRÎZ WAŁŁ,0xfff9c908,28000204,55081,44,THM|Georgia
44,#YLUGJCRU0,🇬🇪|DATOgm14|⛩,0xffcb5aff,28000330,54731,45,Sleepy's Gang🌺
45,#LRUG8UCQ0,Nika,0xffffffff,28000002,54683,46,nopp
46,#L2RUVY00,GL | SenseBot,0xffcb5aff,28000135,54592,47,GEORGIAN KINGS
47,#2R982C8JJ,gͥiͣoͫrͭgͦiͯᶤᶜ,0xffa8e132,28000136,54492,48,Beyond Mecha
48,#GCLQ29C,LukeeperTECLASH,0xffa2e3fe,28000277,54399,49,geo kacebi
49,#YQ8R8GG90,ditoia12 pro,0xffa8e132,28000284,54367,50,P.E.K.K.A
50,#9V9YCUP0Y,mandarinka00x,0xffffffff,28000023,54231,51,Good|tea☂️
51,#PYG8VY0QL,mariami,0xffa2e3fe,28000151,54023,52,P.E.K.K.A
52,#9LVP9R9YQ,[PRIS] HukTo,0xffa2e3fe,28000271,53937,53,
53,#8R29L0RQJ,djjemala,0xffffffff,28000123,53705,54,Lonely🕊️
54,#9Y0JV0R8J,P.E.K.K.A|Giø🌹,0xffa8e132,28000276,53692,55,THM|Georgia
55,#90QL99J0R,Skillman 🕊️,0xffffffff,28000280,53691,56,LukClub
56,#988LJL2JV,Jacky.,0xffffffff,28000175,53668,57,ßs|Georgia🇬🇪
57,#CGQL9LYP,赛|mommy,0xffffffff,28000095,53638,58,Laughing Coffin
58,#YRYR9CJUY,gladiator 🇬🇪,0xffcb5aff,28000281,53259,59,THM|Georgia
59,#CQGV2RL,Rōninz|FRIENDS?,0xfff05637,28000222,53155,60,Rōninz Esports
60,#PLP2PVQ99,KHOSHTA,0xff1ba5f5,28000129,52964,61,Lonely🕊️
61,#PJG9JPR28,MøñâdîréGHm-1|★,0xffff9727,28000066,52817,62,Offensive|Force
62,#L889QYQRQ,tomar753,0xffff8afb,28000303,52798,63,Lonely🕊️
63,#U9GJPVQ,THM|nodo,0xffffffff,28000183,52788,64,THM|Georgia
64,#2CGQQL9Q8,I'm JEKO💙🐬,0xff1ba5f5,28000336,52731,65,Sk_Elite
65,#YJ98GPG0G,×Woℓℓy🧞,0xff1ba5f5,28000296,52708,66,
66,#9GVQYLV0U,Ʌ𝒉ɹ𝙞ꪔ𝙖ח🥀🧸,0xff1ba5f5,28000207,52659,67,Thunder⚡️
67,#PVLGVLQJV,GL |ZenseBot,0xfff9c908,28000066,52612,68,GEORGIAN KINGS
68,#Y9LPR8VJY,ILIA,0xffa2e3fe,28000064,52557,69,Lines Squad
69,#PPVPCLRG2,oneZZZANTmvpó💎,0xffa2e3fe,28000349,52448,70,Lonely🕊️
70,#99CU28J98,sory,0xffcb5aff,28000241,52415,71,Lonely🕊️
71,#9LJ9Y2JPP,ヅ𝐶𝑎𝑠𝑡𝑡𝑒𝑙,0xffff9727,28000349,52388,72,TM|WARRIORS
72,#2U8UCC0GC,brawl,0xffa8e132,28000294,52366,73,nopp
73,#PV0VJJG9C,įmm∆ĐęvįłBø¥,0xffa2e3fe,28000044,52351,74,KS_Georgia 🇬🇪
74,#PY2V29URC,Bs|spilexxx🐢,0xffffffff,28000226,52284,75,Lonely🕊️
75,#82GCQV8R,勝|Deszmon👑,0xfff9c908,28000165,52246,76,
76,#JPGRCGQV,Механик,0xfff05637,28000294,52232,77,Black Dolphin
77,#GQUV9J9V,Zakograf12,0xffffffff,28000134,52231,78,THM|Georgia
78,#Y2LGP22PV,BS | A多สຮhส🇬🇪,0xff4ddba2,28000000,52191,79,Lonely🕊️
79,#98VQ0LU8,Mr.Saba,0xfff9c908,28000293,52171,80,Jubas Community
80,#29VYLLU2L,gatutucebuli,0xffffffff,28000290,52141,81,Lonely🕊️
81,#PCQVG0290,THM | 𝙓𝙖𝙧𝙖,0xfff9c908,28000242,52139,82,THM|Georgia
82,#8UV2VURJV,LR|Aspect🌠,0xffffce89,28000340,52135,83,Lines Squad
83,#P9CL99VY2,NIKA🇬🇪,0xffff9727,28000305,52114,84,Lonely🕊️
84,#82CPPR9Y,ツ💎QôQà🇬🇪ツ,0xff1ba5f5,28000176,52101,85,💎Reapers🇬🇪™️
85,#8UVGL8R2J,Gugikkoo,0xffcb5aff,28000054,52063,86,Jubas Community
86,#9G2YJ0UJQ,ˣᵖ|𝐒𝐩𝐚𝐜𝐞🏹,0xffffffff,28000090,51966,87,JeTeMangeArmy
87,#YJ9UP0ULJ,dato08,0xfff9c908,28000295,51915,88,THM|Georgia
88,#2PL9CGGQQ,meg,0xfff05637,28000298,51899,89,Porchididio
89,#PJ9PCLGCG,熊|Leones🐼,0xffcb5aff,28000225,51822,90,Rōninz Esports
90,#9RGGQPYG0,SUP|🤠🗿,0xffffffff,28000056,51817,91,TM|WARRIORS
91,#CLRCC800,vova23432,0xffffce89,28000102,51798,92,HellsAngls
92,#PQRCJLPUU,Xelozee Gear 5,0xffffffff,28000218,51754,93,Whyy?💔
93,#PQUV2L8PP,-<DěmôňŠlaŷer>-,0xffa8e132,28000101,51750,94,P.E.K.K.A
94,#YQ2GVG8PQ,Смачная_Бебра🐋,0xffa8e132,28000196,51695,95,Rōninz Esports
95,#2VVGP08RR,⁶⁹$nika$,0xffcb5aff,28000349,51660,96,|🈴️TnH🥀⚡️|
96,#8J8P8VC98,SSTWL<3,0xff1ba5f5,28000217,51605,97,Sakurai|Team❤
97,#8CVJCLYUP,Rōninz|GaZZa🥷,0xfff05637,28000246,51569,98,CuRy'
98,#P0GVQ2VJV,zura777,0xffa2e3fe,28000300,51507,99,THM|Georgia
99,#CQVUC9GY,[XETA]-MASTER,0xffffffff,28000003,51493,100,THM|Georgia
100,#Y8V8CUCPV,프로|StupiD♡,0xffffffff,28000059,51463,101,нонстоп бомж
101,#9JPPGQQU9,FR | Skipped,0xfff9c908,28000132,51328,102,nopp
102,#9YPYQGLQP,alinka👅arik,0xff1ba5f5,28000243,51327,103,Legion Inferior
103,#8Y99CLRYG,🐊ᴄʀᴏᴄᴏᴍᴀɴ🐊,0xffcb5aff,28000294,51240,104,P.E.K.K.A
104,#P0JQ99LGJ,MDT |ζ͜͡Cesny♛,0xffffffff,28000007,51233,105,Only masters
105,#U2RP082U,Jeggett,0xffffffff,28000020,51174,106,Dutch Warclan
106,#2Y22JJL0Q,ubralod makaron,0xfff05637,28000004,51163,107,CuRy'
107,#PVQVGC8G9,🥀iͥmgͣoͫd|JaBa,0xffff9727,28000272,51156,108,P.E.K.K.A
108,#8J9CVPLQ8,nikaney10,0xff1ba5f5,28000047,51006,109,THM|Georgia
109,#PUC08YRUP,.愛Mani♡•🌸,0xff1ba5f5,28000018,51003,110,THM|Georgia
110,#LUULRQ099,GL|GeorgeBot,0xfff05637,28000135,51001,111,GEORGIAN KINGS
111,#8LGLQQJUP,FS|KaKtus 🕊,0xff1ba5f5,28000090,50996,112,Lonely🕊️
112,#92QLCJL0G,luka.z,0xffff9727,28000104,50942,113,Lonely🕊️
113,#PJGVUVUQP,BS|𝒏𝒊𝒌𝒂64⛩️,0xfff9c908,28000283,50931,114,
114,#PCRCR80UG,alkash :(,0xffffffff,28000348,50925,115,podpivmaxers
115,#2LP8GGYY9,愛•ZuhykaZzz🤍,0xffffffff,28000335,50743,116,THM|Georgia
116,#PR98QLP9U,Rōninz|Dito,0xff4ddba2,28000025,50701,117,Rōninz Esports
117,#PRCCUQC02,[TOP]ŝàñdřõ,0xffffffff,28000014,50642,118,TM|WARRIORS
118,#PPLRRYVJJ,tomar753,0xfff05637,28000211,50608,119,P.E.K.K.A
119,#YCR829909,Nıck優れている👅🤍,0xfff9c908,28000333,50579,120,
120,#8VQ8QUCJY,hajimе milly🖤,0xffff9727,28000018,50551,121,шашлык
121,#8P9U8Y8RY,☆nika☆,0xfff05637,28000226,50541,122,Jubas Community
122,#2Y0JGCRRV,黄|𝐂𝓪𝐬𝓉ϵɩ🤍,0xfff05637,28000334,50423,123,Greek warriors
123,#8VQQVPV0U,BS|☔️Killer,0xffff8afb,28000014,50415,124,Rōninz Esports
124,#8UVUPRQ98,乙丨ՄRᴜS᭄ꦿ ι ❥,0xffffffff,28000156,50404,125,Helados
125,#LUR9J8QV2,don’t nika,0xffa8e132,28000293,50360,126,la fine equipe
126,#8RRP80QYU,"""LN|Ĥасĸer🥺",0xffffffff,28000115,50335,127,PLATINUM
127,#2RJPLQCY,nika1ved,0xff1ba5f5,28000231,50280,128,😈DONTCRY😈
128,#2QL8UYLQY,SAMO PosinusGod,0xffa2e3fe,28000335,50265,129,P.E.K.K.A
129,#888UR8CUQ,nikosa. YT,0xfff9c908,28000211,50215,130,THM|Georgia
130,#8U0YG92PU,🥀历史×Lüçîfêr🌺,0xff1ba5f5,28000224,50184,131,Lonely🕊️
131,#800928R0L,Kyōraku🤍きニタ,0xffffffff,28000000,50162,132,geo kacebi
132,#9G9PGUQLQ,OG|IRAKLI👻,0xffcb5aff,28000003,50159,133,The Suave Moose
133,#9QVUP9RRC,MR.TAZO,0xffffffff,28000290,50135,134,ciyvi
134,#2CCYU2Y9P,ⒼⒾⓄ,0xff4ddba2,28000272,50104,135,P.E.K.K.A
135,#PP92UJYCL,😈sʜᴀᴅᴏᴡシ︎,0xffffffff,28000139,50049,136,geo kacebi
136,#2LCCC8GGQ,Ｋａｍｉｓａｍａᴳᵒᵈ 🈴,0xffffce89,28000306,50043,137,Lines Squad
137,#9L92RVUL0,[Ghost Rider],0xffcb5aff,28000280,50039,138,Karma my love🐙
138,#YQRJRVC98,🇬🇪|Mate|💎,0xffa8e132,28000336,50039,139,P.E.K.K.A
139,#P80GL88UY,⛩Łuᵏaˢ|ˢuˢ🌹,0xffa2e3fe,28000140,50024,140,Water🌊And❄Ice
140,#8CU88JPGV,𝕭𝖘 | 忍者🌔🥷,0xffa8e132,28000101,50004,141,Lonely🕊️
141,#8GGC2JLJL,𝙱𝚣𝚐𝚗,0xffffffff,28000218,50002,142,CuRy'
142,#2C0JLQYC0,[Lp]Smile,0xfff9c908,28000244,49960,143,GEORGIAN KINGS
143,#PRU8L800L,surge legenda🇬,0xff1ba5f5,28000230,49711,144,Jubas Community
144,#QCLRJ9RL,kukhala,0xff1ba5f5,28000228,49656,145,🇬🇪GEORGIA🇬🇪
145,#29JCUQQU,🌊S:TuRtLe#🐢,0xffa8e132,28000255,49626,146,winner forever
146,#8092GG8UJ,Princess 🇬🇪,0xfff9c908,28000137,49614,147,luffy🇬🇪☄️💫
147,#9Q9JL09C,Nova I Brawler™,0xffcb5aff,28000305,49519,148,🇬🇪Geo top 💥
148,#2PJL0VV0J,*_LÊGÊÑD_*,0xffa8e132,28000169,49448,149,P.E.K.K.A
149,#L9LGYU8J8,Mr.stuped ;D,0xff4ddba2,28000081,49406,150,Hydra.kumarGE
150,#2U0JYGG2R,Milion TO,0xffffffff,28000274,49386,151,THM|Georgia
151,#PR8J2UJ8,欏|JaVa|🃏,0xffffffff,28000156,49327,152,JAVAS COMMUNITY
152,#9RRC8C88P,Sprite440⚔️,0xff4ddba2,28000275,49295,153,
153,#9Q2YCJ2Y,SLP❦|Ｔｅｄｄｙ眠い🤍,0xffffffff,28000054,49278,154,Nova Ace ♠️
154,#92J0RCC99,bot 1,0xffcb5aff,28000003,49257,155,Lonely🕊️
155,#9VRRU29UR,GeGaX|🇬🇪,0xffff9727,28000077,49249,156,🇬🇪Geo top 💥
156,#90VPJY8JP,冬Joseph💙72シ︎,0xffffffff,28000279,49233,157,
157,#2PLV08QQ9,let*s go,0xfff05637,28000171,49154,158,Karachi Boys
158,#8PLVGV8VV,Ł ů Ķ â❣,0xffffffff,28000333,49127,159,Rōninz Esports
159,#PU282CQVP,dachi,0xffa8e132,28000333,49089,160,hello
160,#890RQPQ0J,𝖒𝖊𝖗𝖆𝖇𝖎🤠,0xffa2e3fe,28000347,49011,161,Lines Squad
161,#20CVL90G8,🐸IAMᴮUZZ,0xffa8e132,28000076,48986,162,THM|Georgia
162,#9VYLY09QV,gamer,0xff1ba5f5,28000066,48978,163,Turkish warrior
163,#YP8UUPPLJ,shotiko-12,0xfff05637,28000014,48976,164,P.E.K.K.A
164,#L8VCV9G20,cool lazo lazar,0xffcb5aff,28000137,48859,165,Level Geo
165,#P8Y8JRCJ8,NS|s̸ᴀɴᴅʀᴏs̸ᴇᴅ,0xffcb5aff,28000294,48817,166,Rōninz Esports
166,#2VCV98GUV,BRO|iCriistal,0xffcb5aff,28000207,48778,167,georgia
167,#L890JVJV9,βѕ | αԹσʆʆση 🐢,0xffffffff,28000233,48671,168,GEORGIAN KINGS
168,#Y22UPQGLR,17|Gocha🤍,0xffffffff,28000135,48623,169,
169,#PV20CGLP9,🌊|Nik|🔥,0xffffffff,28000000,48601,170,GE|Family
170,#2CLJQLVJQ,Idont Have Name,0xffff8afb,28000349,48569,171,geo kacebi
171,#998800YGU,HamBer_,0xff1ba5f5,28000034,48555,172,
172,#8U2PCQ82R,🎃Ilia09|🎋,0xffcb5aff,28000259,48542,173,<c2>GEO</c>RGIA
173,#9JGCRGYYL,🐍l4k_22🌵,0xfff9c908,28000333,48482,174,<c7> Limoni</c>
174,#L0PQ2YYQ9,narto,0xffcb5aff,28000022,48437,175,CuRy'
175,#8P02VPRJJ,TRB|Jotaro,0xff1ba5f5,28000240,48398,176,<c2>GEO</c>RGIA
176,#P2U28UQRL,.fleeg할 시간🤕,0xffffffff,28000335,48389,177,2018🖤
177,#2VVR9JR8V,S4ndr0Gi0,0xffa8e132,28000156,48378,178,ragacinebs yleo
178,#99YP0PUV9,TK|SleepyMan,0xffffffff,28000176,48338,179,D.M.Ts🖤TEAM
179,#8GYQL0LUU,•Floody❦,0xffffffff,28000024,48289,180,
180,#8RP0P88LJ,rati,0xffcb5aff,28000207,48280,181,Warriors☦️
181,#LJJC9P8L0,Lado pro,0xffcb5aff,28000014,48266,182,🇬🇪Geo top 💥
182,#LQY80GPV0,TnH | ŦØXÍĆ🌠,0xfff9c908,28000286,48258,183,|🈴️TnH🥀⚡️|
183,#809RRRVR9,loti_gio,0xfff05637,28000302,48244,184,THM|Georgia
184,#8J28VQY,🚩JJZ:)64🏴‍☠️,0xffffce89,28000226,48238,185,Rōninz Esports
185,#PV2UUVCYQ,Dever/TV,0xff1ba5f5,28000196,48223,186,Sk_Elite
186,#8LU9LVURU,AniLoveYou🥺❤️,0xfff9c908,28000163,48214,187,Wolf Knight
187,#L9C2P8YQQ,🇬🇪luka kiler☠,0xffcb5aff,28000352,48120,188,Lonely🕊️
188,#PQ829URRG,EL primo,0xffff8afb,28000130,48087,189,Nurado 2.0
189,#8U89CU9YG,°•°Hēmi°•°,0xffffffff,28000211,48078,190,Club League
190,#PVYY9Q88U,Dny|M•a•s•t•e•r,0xffa8e132,28000278,48076,191,😈DONTCRY😈
191,#QCP9JQC0,RolDX,0xff1ba5f5,28000207,48030,192,<c7>Lions</c>
192,#LCQUVQVP,motion↯,0xffff8afb,28000018,48004,193,P.E.K.K.A
193,#2V9RLJPYU,🔥KAXI🔥,0xffffffff,28000280,47989,194,
194,#2029Q90JJ,LNZ|🩸〖ᴷⁱⁿᴳ𝘚☔️,0xfff9c908,28000222,47981,195,
195,#Y29UQP9VY,Sad♡︎Rabbit🐰💞,0xff1ba5f5,28000011,47970,196,CuRy'
196,#8U0908V0C,I'm G4y,0xff1ba5f5,28000249,47914,197,
197,#2JR8CJCVJ,🇬🇪|luͥnaͣrͫ ⚔,0xffffffff,28000029,47842,198,Jubas Community
198,#20RGL9U2V,❤️NM|Giorgi🐢,0xffa8e132,28000017,47805,199,❤️‍🔥NO MERCY😈
199,#Y28LPCGRJ,MonadireS102,0xfff05637,28000262,47788,200,Offensive|Force
