,tag,name,nameColor,icon,trophies,rank,club
0,#90UGG8P08,ɎȾ ɃꞨ Łᵾꞥꞥīī,0xffffffff,28000332,65242,1,Revaible 💗
1,#2QC9GQ9L0,🌌Nightmare🌌,0xff1ba5f5,28000300,62971,2,LEGION🎴LEGEND
2,#U98V8LUR,chadow ★★,0xffffffff,28000341,57957,3,Galaxy Storm🌠
3,#8YPJ8YLC,我是菜不是演,0xff1ba5f5,28000252,55515,4,东山大佬🦅
4,#CVV8P8LC,sup,0xff1ba5f5,28000000,53362,5,서포터 Support
5,#8900L8URL,『 亲爱๛🥀ˢʀ>.<』☔,0xff4ddba2,28000014,51869,6,Warrior League
6,#2QQ8YVRJ9,あDaWizZ.🦋,0xffffffff,28000012,51661,7,We love play💙
7,#2L2CJQUYJ,Jojo,0xffffce89,28000139,51520,8,
8,#P00CV28L2,MaxeRabyx🐥,0xffffffff,28000332,51470,9,MB Legends
9,#8JLG2PPR9,puuki,0xfff9c908,28000332,51394,10,D P B|Esport II
10,#YU2QLJPY,hahahehe,0xffff8afb,28000228,51041,11,VIETNAM
11,#9R9P8RPUR,rzm64🥰💯📸,0xff1ba5f5,28000262,50353,12,Hamburger club
12,#PCCUL0LYP,えかき𓆪Ýขʂข𝒻𓆩🩸,0xffffffff,28000000,50124,13,FrauDuLeux
13,#9LJJCPRYG,димaСaвин,0xffffffff,28000121,49615,14,Prestige Centre
14,#YYL2QV0P,про изи,0xffffffff,28000139,49295,15,про изи легенда
15,#PLYY9YRVL,GASTER,0xffff9727,28000299,48678,16,Alpha Team
16,#2R08CRRV9,Yahiko,0xffcb5aff,28000291,48574,17,Короли
17,#8PP2RP88V,🖤-Galahad-🖤,0xfff9c908,28000101,48154,18,bs winters army
18,#98JVRY8G,928.,0xfff9c908,28000272,45853,19,PalermoIta🌪️
19,#9U9V8PQRU,💘几丨Ꮆ卄ㄒㄚ🖤,0xffffffff,28000263,45810,20,Carry|Family
20,#2LYL8UCV,Rhodney,0xffffffff,28000087,45765,21,♧Brawl Lodge♧
21,#9PPVRPJJJ,tybik321,0xffa8e132,28000272,45580,22,РОССИЯ🇷🇺
22,#YY99CQVGC,Джем,0xffa8e132,28000291,45318,23,🍷WineMakers🍇
23,#9UGRVUCY2,rare snake YT,0xfff05637,28000105,44941,24,Ggs💗
24,#U0LYRLQR,SK|Kazuha🥺,0xffffffff,28000315,44594,25,么Tђ૯ Kîℓℓ૯૨ઽ么
25,#LYLQ2GCUJ,dimalev,0xfff9c908,28000172,44569,26,Легенды
26,#82RUQJU0J,ZETA|IDarkYoshi,0xffa2e3fe,28000274,44555,27,Familien Clan
27,#PRUL8GUP8,АНДРЕЙ❤️КОЛЯ,0xffff9727,28000279,44442,28,ReastInPeace
28,#8QR2Q2G90,⛩️ICE|Niko🥀,0xff1ba5f5,28000333,44369,29,SF
29,#RPYUUUJR,Sammy,0xffffffff,28000060,44319,30,Tempest Rising
30,#2UG0CPC2G,h̶u̶n̶t̶e̶r̶,0xffff9727,28000213,44249,31,REZO
31,#28VUCQRUP,naryshka,0xffff8afb,28000182,44073,32,
32,#8989CUJQU,[Bro]Гамбол,0xffa8e132,28000330,43969,33,Belarus
33,#2UV8J8JY9,[LP]kost,0xfff9c908,28000280,43940,34,cucumber 🥒
34,#LYQVQCJQU,🔥XtrêmeYas™,0xffcb5aff,28000350,43934,35,Xtrême™
35,#9LRPY9J9J,GX JOHN,0xffff8afb,28000023,43837,36,ᴀʟʟɪᴀɴᴄᴇ ᵉˢᵖᵒʳᵗ
36,#2U90RR0P9,*NInj@ bl0x*,0xfff05637,28000161,43697,37,LBN|easport
37,#ULYVJJ,It's VarDok?☠️,0xffff8afb,28000000,43589,38,RGB KLA1N
38,#20GYR9R0Q,搞基大佬,0xff1ba5f5,28000290,43581,39,Mao der Schreck
39,#9LP28QJLP,GxMistermagma,0xffff9727,28000095,43544,40,I Griffin
40,#89LLCVUJY,lil_akim,0xffff9727,28000221,43182,41,Ukr|Team🇺🇦
41,#8C9JC8JJ,Nacho Talarga1,0xffffffff,28000173,43163,42,los-ositos-Gomb
42,#2YCUJL89,ICE❄Leon,0xffff9727,28000018,43126,43,Only ICE
43,#2L220P0Y,NoobMaster,0xffff9727,28000290,43046,44,Tribe Slick
44,#20JP09JP2,Titan|HAWK,0xffff9727,28000246,42825,45,
45,#2UGJULLCV,PapaMuda,0xff1ba5f5,28000196,42772,46,Biji Kadut
46,#29Q89PYC,Corvus♡Nold,0xffa2e3fe,28000168,42276,47,Просоленные
47,#YVUY9PJQC,пушка 🤡,0xffa2e3fe,28000337,42230,48, 𝓝𝓘𝓚𝓔
48,#899UQUVL,♡Smailing♡,0xffa2e3fe,28000347,42189,49,sacmadic
49,#CQL0UQRR,✨Mirconito✨,0xfff05637,28000098,42151,50,〜『ＲＨＣＰ』〜
50,#290VUQ0LU,ASBM,0xff4ddba2,28000320,42040,51,D.r gg
51,#9QQYP8VVU,ブドウジュース,0xffcb5aff,28000225,42036,52,いしがき
52,#U22U0P2L,Der boss,0xff1ba5f5,28000129,42033,53,geil
53,#9P80YGRJ8,NoName,0xfff05637,28000182,41923,54,NoName E-Sports
54,#YQ0YYYLV2,IxRaeL🐣,0xffff9727,28000341,41868,55,InterBoom
55,#8LCCVJQL8,SquareSky,0xffcb5aff,28000022,41600,56,Demon slayers
56,#2U022888Q,ÜŇ|WÅŇŤÉĐ|™️,0xffcb5aff,28000276,41569,57,Lake House
57,#2VLPURVLU,G!d!|_Pro,0xff4ddba2,28000140,41408,58,Munaciello
58,#9VPUUJ8C2,ао,0xffa2e3fe,28000168,41408,59,Команда СТИК3.0
59,#2YJCQ22R,2k20brawlstar,0xffa2e3fe,28000138,41285,60,The GOATS
60,#PY9GCLL9L,Арак,0xffa8e132,28000023,41191,61,Солянка
61,#9Y0VPVULL,Mambi,0xffcb5aff,28000207,41177,62,Schwoicha
62,#89R0CG8YP,°Đéɱǿή°,0xffcb5aff,28000261,41162,63,「NF」
63,#8JVRRUURQ,♊︎ am Bi𝚐𝚋en,0xff1ba5f5,28000258,41150,64,I‘m a Potato
64,#29YQ2PLC8,❤️Baaka💣,0xffffffff,28000163,41121,65,
65,#PUY2GJLCL,ali,0xffa8e132,28000141,41094,66,TM|Orgin
66,#2J9P0QL9R,ложка мёда,0xffa2e3fe,28000290,41039,67,Волжский 34rus
67,#8LP0QPCPU,Matti pyroman,0xff4ddba2,28000000,41029,68,TOXIC ☣️
68,#V9CJRCC9,JockY,0xffa8e132,28000021,40757,69,Jocky Gems
69,#PCYCQVJ9L,kakra,0xff4ddba2,28000169,40668,70,A Few Good Boys
70,#9YGVQVRY,URbani_The_Gr8,0xfff9c908,28000341,40396,71,dreamers
71,#29UPVLR29,pro,0xffff8afb,28000128,40329,72,Gaming#Master
72,#92UUG9VQU,🐙|gonillYT🇹🇷,0xfff05637,28000065,40222,73,gnmk
73,#2PPPRQCR9,c-take,0xff4ddba2,28000055,40214,74,
74,#9QG9PLQ0P,-good_with_me.,0xffcb5aff,28000151,40147,75,
75,#20YG8VPPU,Julia to debil,0xffffffff,28000219,40130,76,lv1 only
76,#LGQV0U2RC,глент,0xffffffff,28000352,40017,77,Дом Гнома
77,#209UR8UU2,LenientTundra40,0xffa8e132,28000305,39708,78,Brawl Stars
78,#8Q88RQURL,○●♡ismail♡●○,0xfff9c908,28000242,39668,79,Zencileri Sevin
79,#2RCLQ292R,Juli,0xffa8e132,28000016,39665,80,GangsterClan
80,#RYCLRCQQ,NAVI | Negotiv,0xffffffff,28000132,39513,81,Силачи
81,#2LJ9VQQ8,hitter97,0xff1ba5f5,28000060,39423,82,The Brawlers
82,#8JLPCVQUQ,{BS}макс,0xffcb5aff,28000132,39402,83,SS | SUICIDE
83,#PVQRP8RQ2,max,0xfff05637,28000226,39396,84,Lake House
84,#8CG809PRU,⚫Leandro⚫,0xffa2e3fe,28000322,39249,85,🔥🐑SHEEP🐑🔥
85,#8YYVPJPQ8,И. Н. М. Т,0xffffffff,28000077,39219,86,<c6>РЕВНУЙ</c>™
86,#PVGRYU89L,Let's Goooo,0xffff9727,28000305,39217,87,HÉMISPHÈRE
87,#PQGVYUP8V,TB|Soul魂,0xffffffff,28000259,39188,88,
88,#GLG8UJ2V,HADI,0xff1ba5f5,28000341,39175,89,Prankstars
89,#RLJRGY89,t$x,0xfff9c908,28000064,39060,90,Prankstars
90,#VQ8VGC29,Tjarvo,0xffa8e132,28000061,39011,91,Der Baum
91,#PU0V28YLG,×QLS|VavilonER×,0xffa2e3fe,28000332,38988,92,
92,#2R2ULG0V8,ProEy75,0xffcb5aff,28000233,38918,93,🇧🇩DARK KNIGHT
93,#YR8JQ8Q0C,THE KHAN666,0xffcb5aff,28000315,38871,94,MARVEL
94,#2PLV9L9LV,Mishima san,0xff1ba5f5,28000166,38840,95,Bidet Bastids
95,#209RJ2YPG,Pokémonchik123,0xffa2e3fe,28000279,38794,96,Імперія Добра X
96,#8LRQGPVLJ,_shqd0w2_,0xffcb5aff,28000132,38721,97,FEVER DREAMS
97,#2J8JY8RY,Rilla,0xffff8afb,28000156,38557,98,SUPER POWER
98,#8UJ80RG9C,Luca😎,0xffffce89,28000171,38381,99,JOIN OR U GAY
99,#YV9Q2GQY,Age Gone Wild,0xfff05637,28000034,38339,100,OctoPush 🐙💥☠️
100,#LJ9VV2YRV,shadow apple YT,0xff1ba5f5,28000206,38202,101,Tugas #LUX
101,#2P9QQLVGR,GE|1kek,0xffff8afb,28000276,38172,102,
102,#2QU2YGUG2,TrojanYT,0xffa2e3fe,28000156,38152,103,Y3 WO KROM
103,#YUVVGQUUR,FR|Daoud,0xffffffff,28000140,38105,104,M!STERY ✨
104,#9YQ0Y8QCJ,maxiknagib,0xffcb5aff,28000170,38104,105,
105,#P9YV0QJPR,одинокий,0xffa2e3fe,28000205,37947,106,PH | OnReaction
106,#Y9YRU2QV,Zenty,0xffcb5aff,28000156,37916,107,NUMBER ONE
107,#8C090LGRQ,Mina,0xffffffff,28000021,37862,108,
108,#8LU80Q8UJ,날아라슈팅맨,0xffa8e132,28000086,37853,109,도장깨는팀
109,#8LYRV2YC2,syrpr1se,0xff1ba5f5,28000222,37817,110,SEMERKA
110,#2YYVQYJP8,yasin,0xff1ba5f5,28000125,37734,111,BroCast
111,#LJ0UUVPR,anime❤,0xff1ba5f5,28000196,37658,112,🍌BANANA|TEAM🔥
112,#28GQLC82L,ᗪ卂尺工卂刀,0xfff05637,28000084,37605,113,
113,#2GC28CRGQ,>QBIT<,0xfff9c908,28000218,37548,114,3K FANTKI
114,#CJQGGJ22,SUPER BRAWLER,0xffff9727,28000132,37504,115,SUPER BRAWLERS
115,#22YPJ02Q0,Typou MasJlina,0xfff9c908,28000154,37490,116,
116,#9U2JPGP,Dimas TV,0xff4ddba2,28000228,37404,117,《High Skill》
117,#9RYYRCGLQ,𝕞𝕢|𝚐𝚘𝚐𝚊,0xffcb5aff,28000290,37399,118,NAVE RT TV
118,#202VL8PJU,Richy_Waski,0xfff9c908,28000159,37396,119,<c8>M1</c>
119,#9CJQGQGPG,ВОР КАКАШЕК,0xffcb5aff,28000107,37361,120,DIE ALLROUNDERS
120,#9LQR8LLQJ,Toxic ツ,0xffa2e3fe,28000335,37339,121,Glö Glö
121,#PLUJGGCC9,LdS]8,0xffcb5aff,28000103,37302,122,
122,#9LPYYYUCG,bot9,0xffff8afb,28000331,37278,123,DrachenLegion²
123,#9G98J9PVU,UnQ|Continuous♡,0xff4ddba2,28000136,37274,124,Flame Hurricane
124,#Q0V90YP,fatality,0xffffffff,28000047,37235,125,
125,#Y8R8Q2CGG,лега,0xffa2e3fe,28000078,37126,126,CM|НЕ КОНТРЯТСЯ
126,#PCYRQG98,slavabs,0xff1ba5f5,28000169,37065,127,
127,#2RJ92C,□●Gman☆○■,0xffa8e132,28000305,37035,128,Y3 WO KROM
128,#2UUGPVUG,blindinglight🖤,0xffff8afb,28000292,37029,129,Ocean
129,#8UGQVY0RV,☠☣KILLER☣☠,0xffff9727,28000305,37025,130,
130,#GR20Y0YV,БАН!,0xffcb5aff,28000139,37015,131,Unstated
131,#8G8CYY009,FRL|NEXY,0xffffffff,28000305,37005,132,хижина👅кентов
132,#2LRR982JY,Arthur4ik,0xffa8e132,28000125,37001,133,NaVi|ᶜʸᵇᵉʳVAN
133,#LQJUUCJPQ,Yahya,0xffa8e132,28000273,36982,134,YaKaMoZ
134,#2CL0P8U90,♡️|Ŧคrคꝋภ 🥀,0xffcb5aff,28000141,36973,135,miszcze
135,#9VQYG2RY0,Alex | CROW #YT,0xffcb5aff,28000335,36934,136,NaRcIsSiSt🌸
136,#PCPPL8V0,GOKU✊🫵,0xff1ba5f5,28000324,36896,137,Moldova prietin
137,#P9GLRV2JJ,✨zebeu ✨,0xff1ba5f5,28000129,36750,138,
138,#JVP28GU9,Zahar,0xfff9c908,28000060,36741,139,только крутые!!
139,#PGGC0Y229,неидеал,0xff1ba5f5,28000006,36740,140,‮ ⠀⠀
140,#9PQ2GGJJ2,JOKER,0xffcb5aff,28000242,36730,141,Україна топ
141,#LGR9R2QR9,whocares,0xffcb5aff,28000273,36729,142,Online Bros
142,#YUU92UQQY,blackbay,0xffcb5aff,28000341,36625,143,
143,#8QGQL2LVC,Sad☔︎Sanex☃︎,0xff1ba5f5,28000132,36588,144,
144,#YYQQG9LLV,...(*￣０￣)ノ[等等我…,0xfff9c908,28000332,36579,145,¡ARRIBA ESPAÑA!
145,#8G9RVG9C9,CuteGirl,0xffcb5aff,28000310,36539,146,KZ|VIP
146,#8GUVQLLL2,МистерХ,0xffcb5aff,28000095,36480,147,Клуб Mister X
147,#P98G92JGR,ツK_a_w_a_k_iツ,0xffcb5aff,28000014,36468,148,FOREX
148,#98GYPJLC9,コップ,0xfff9c908,28000225,36395,149,いしがき
149,#8L9CYRJP0,sam,0xffff8afb,28000050,36383,150,Brawl of Fame
150,#P09JJUP9U,GP|Elite⚡Raven⚡,0xfff9c908,28000226,36331,151,
151,#8Q9JG2GVQ,شبقله,0xffa2e3fe,28000164,36311,152,ghost
152,#2PV9YCY8R,NV | Falcon,0xfff05637,28000167,36299,153,les bebews
153,#2PRVG2U0Y,🔥ZM|ЖеkA😳,0xffffffff,28000218,36278,154,Top Ghost
154,#20V98GRQL,lowi🥷,0xffffffff,28000303,36238,155,heatłesss
155,#U0QRCC0V,💗snowllet💗,0xffffffff,28000240,36233,156,<c5>NABH</c> oN
156,#P2RRQ02PY,Borax,0xffcb5aff,28000084,36224,157,dr perky
157,#2PR09P89J,[ёж]говка кусок,0xffcb5aff,28000041,36178,158,ERSP
158,#9PPVPCULJ,ZETA|Malik😮‍💨,0xff4ddba2,28000226,36169,159,
159,#PRPQGQQJ0,🌷AdrianIsBad🌷,0xffffffff,28000139,36098,160,<c9>Lip</c>sia
160,#G20YLJRJ,Гужбан228,0xffffce89,28000320,36098,161,Strengthen_Boy❤
161,#28L2UJGP,凡尘,0xfff05637,28000088,35994,162,咸鱼
162,#9V8LQCV9,kaneki,0xff1ba5f5,28000272,35989,163,Sunset Ravens
163,#P82CPRC0Y,ˡᵒʷbaser〽️,0xffcb5aff,28000129,35941,164,
164,#8U0YLYUGG,Сладкий пирожок,0xffa8e132,28000333,35914,165,БаНдА ХоМиЧкОв
165,#2VJ0YY2QL,kostumer4ik,0xffa2e3fe,28000290,35849,166,🍷WineMakers🍇
166,#2R9L8GQYP,[LP]Стас556,0xffa8e132,28000101,35827,167,Ace Horizons
167,#P0C8L2PQ2,LLlKoLlbNik,0xffffffff,28000221,35818,168,LHS
168,#9UG0QP892,Werty♡,0xffa2e3fe,28000020,35690,169,повернення БС
169,#YRJ0QU9VG,GMKFRANKGMK,0xff4ddba2,28000091,35686,170,ALPHA
170,#20QYQ2QQG,Nazario,0xffcb5aff,28000033,35680,171,Zaza
171,#8LYGY0UPC,notweynt❦,0xffffffff,28000047,35661,172,KOPM
172,#PPLJG98V,@МАМБЛ#,0xfff9c908,28000044,35655,173,Daynu
173,#89QPRPUUL,Djefry,0xffcb5aff,28000083,35649,174,
174,#9P8PU0G9P,I'm,0xffff9727,28000348,35607,175,♥️Friends♥️
175,#8YQCGRVP2,구리구리통통,0xffa8e132,28000207,35605,176,한무리-LPLE
176,#P90VJRLGP,Vasya☘️,0xffcb5aff,28000002,35561,177,
177,#20290UPG0,[LP] Alex,0xffcb5aff,28000164,35518,178,
178,#9Y29RL8V,myxa,0xffcb5aff,28000003,35480,179,pipsik
179,#C2VLVLC0,Aya,0xffa2e3fe,28000311,35422,180,sudan kings
180,#PU9UVYGQ,Ci Pro YT,0xff1ba5f5,28000032,35363,181,
181,#Q828GRLV,Kobby,0xff4ddba2,28000173,35348,182,Zjem Ci Chleb
182,#9R098RVL8,𝐼𝓃𝓀👑𝕂𝕀ℕ𝔾,0xffcb5aff,28000139,35337,183,
183,#8V22PQYLQ,No Nime,0xffcb5aff,28000310,35336,184,Райан Гослинг
184,#U9UP9Q0R,Treeter,0xff1ba5f5,28000088,35248,185,⛩️Mercy💯🔥
185,#YQC0CP9R,papaolo,0xfff05637,28000249,35137,186,PO'POT
186,#9YV0JL98,BeST|gys,0xfff9c908,28000023,35093,187,морфики
187,#2998LVU2U,tsurugi,0xff1ba5f5,28000275,35022,188,Vasco da Gama
188,#PLGUV9YVG,MMA yarik,0xffcb5aff,28000129,35015,189,СУПЕР ТИМА
189,#8Q000L8UY,faroleo232,0xffff8afb,28000139,34988,190,MAMAX
190,#PPJLPP09L,Я люблю,0xfff05637,28000104,34910,191,
191,#9Y0YRCPCY,самуил,0xfff05637,28000273,34900,192,
192,#LUJ8JG982,BallenitaPablo,0xffcb5aff,28000332,34879,193,Qsung
193,#QVR9QLCJ,GROM|1000™,0xffa2e3fe,28000348,34872,194,L-D-N Club
194,#2J2VV9C20,kxllêr🌬️,0xff1ba5f5,28000135,34863,195,
195,#VQP92VQ8,⚡Hell'sAngel⚡,0xffcb5aff,28000271,34854,196,🔥Proffi's Team
196,#20YGQUQL0,ЧИТЕР777,0xffcb5aff,28000164,34849,197,AIM
197,#PYRC0V2RR,shisha,0xff1ba5f5,28000272,34782,198,Spitzenreiter
198,#2CCCYR0QJ,포켓몬스터,0xffa2e3fe,28000347,34735,199,머니!
199,#89JJ2L9,Cuty Wind🧸,0xff4ddba2,28000053,34717,200,OPPlayers🔥
