,tag,name,nameColor,icon,trophies,rank,club
0,#PLCJRLPJP,Silence|Bruno:),0xff1ba5f5,28000279,56354,1,-12SilenceGang!
1,#8QP8LVLC,муѕт 🍊,0xffff9727,28000323,53512,2,Peaky Blinders
2,#LCPG029RQ,Leandro🐣❤️‍🔥,0xffffffff,28000139,52475,3,SK|🪐Family🐣🔥
3,#PLLJJ8GCU,CūtēFınný🥀🧊,0xffff8afb,28000348,52136,4,BF|Germany❤️‍🔥
4,#2LLRPC0,Baskervil,0xffffffff,28000305,51620,5,lemon
5,#QU8LQRGR,MiniMessi10,0xff1ba5f5,28000225,50773,6,Spacco tutto
6,#902GV22GP,IVGod58(GD)YT,0xfff9c908,28000347,50478,7,SL|Legions 3.0
7,#RLP8YUUL,MBC|PHØENIX🦅🖤,0xffffffff,28000136,50401,8,bull universe
8,#9QG9LVJC0,-SANDY-,0xfff9c908,28000184,50214,9,Gravity🦋
9,#YU0G0CYPU,★Unknown★,0xffffffff,28000000,49054,10,szefy combata
10,#8VJR822J2,RomaBat,0xfff9c908,28000058,48614,11,8А
11,#22C0VVGJP,diz|ChEbYrKaツ,0xffffffff,28000000,48177,12,ZEUS YT
12,#UQPQLCJG,Zky☣️wideel☣️,0xffff9727,28000335,47623,13,Los negrito
13,#P8LU0RULY,אביקן,0xfff05637,28000017,46518,14,IL champions
14,#P8Q8YPPY0,Baguette,0xfff05637,28000037,45966,15,Bread Brothers
15,#2VQ0P0ULP,RB|HEFNER,0xffa2e3fe,28000148,45852,16,Red Wave
16,#9GPP02J8Q,Леон,0xffffce89,28000055,45740,17,Только Русские!
17,#2QPJPL09Q,GSX|Nolan,0xffa2e3fe,28000166,45099,18,Kitsune Family
18,#8G0CVQ0J2,вафля,0xffcb5aff,28000274,44615,19,
19,#2P92PCPPJ,kчау🤟🏿,0xff1ba5f5,28000341,44459,20,Dark♤Soul♤Gang
20,#R0Y0C2RC,puuki,0xff1ba5f5,28000016,44411,21,TheSurvivalGods
21,#8PPJ9QCCU,CM|MIHAI;€€€€€,0xffa2e3fe,28000259,44410,22,XSL MONDIALU
22,#2QG8G8G8,👑ANTEPLI👑,0xff1ba5f5,28000248,43919,23,
23,#LC9LPRPVQ,♡PyroͥMaͣnͫtle♡,0xffcb5aff,28000129,43860,24,<c8>Mantles</c>
24,#9YL2Y8UPQ,Kirito,0xffff8afb,28000347,43678,25,TheLink BS 2.0
25,#9P9LVURUQ,the killer ad,0xfff05637,28000146,43449,26,
26,#8JY9C9U8R,leonchik,0xfff9c908,28000176,43299,27,Егорлэнд
27,#28LJG2YV9,YJ,0xffffffff,28000291,42792,28,Destiny
28,#8JL99JYV0,AK-rodripro59,0xffffffff,28000123,42733,29,Élite Alcázar
29,#29QC0JJYV,James,0xff4ddba2,28000227,42580,30,nita joint ya
30,#CPRC9GUC,Chєчsíє🔮,0xfff9c908,28000018,42333,31,Vortex🔮
31,#QL0VPCY,💙L$|Lui$ 07💙,0xfff9c908,28000332,42096,32,ByEspizas Team
32,#8YGYYUU02,Chudovishe,0xfff9c908,28000132,40784,33,Кулаки ярости
33,#PPJU89GCQ,Malaquias,0xffa2e3fe,28000042,40518,34,Gnome Legends
34,#2QRCGGVGL,🥞| БЛИНЧИ₭Ъ_Б$,0xfff05637,28000130,40498,35,
35,#890R2Y8G2,QLS_Rompi⚡️,0xff4ddba2,28000341,40319,36,VICE🦊VERSA
36,#P0U9PYCR,Jack,0xfff05637,28000225,40177,37,nita joint ya
37,#2GUU0CJ0Q,葉|Gᴇᴏʀɢᴇᵍᵒᵈ🖤,0xffcb5aff,28000000,40162,38,FireStorm
38,#PP0YL2RCV,PAPU,0xff1ba5f5,28000201,40086,39,LOS PEÑATEROS49
39,#YLRQCYQ0G,MC|Ｌｅｘｙ💫,0xffa2e3fe,28000249,40014,40,ImPEKKAble
40,#UUUUV9G,GrayIceMaker,0xff4ddba2,28000294,39882,41,Sant Rafel😷😇
41,#2Y2R8RGV,English Muffin,0xffa2e3fe,28000007,39793,42,Bread Brothers
42,#8QG0YUPJC,⛩|Øp Ty0⁶⁴|🎋,0xffa2e3fe,28000305,39437,43,1거북이들4
43,#28G9QQUVY,BS|Luther,0xffcb5aff,28000295,39267,44,☆ Tomorrow ☆
44,#209CGYRCJ,ZV|Chujezemec👹,0xffa8e132,28000336,39265,45,Bad Luck Love
45,#8228QJLYG,BRAWLER LW,0xfff9c908,28000211,38957,46,German Ü20 Club
46,#PPULL8YG,<c8>nickos</c>,0xffa2e3fe,28000225,38901,47,DELTA-X
47,#28YYRLPGV,NaVi |Pharaon🤡,0xffffffff,28000132,38901,48,BRQ✨
48,#8JG9YRGRJ,LoboBlanco,0xffffffff,28000292,38746,49,Melcowe
49,#8LVR0G090,kozmik karınca,0xffff8afb,28000282,38678,50,
50,#2R02CJPV9,✔️БиДлО✔️,0xffff8afb,28000137,38667,51,
51,#LGQGURY9J,Jamus,0xff4ddba2,28000251,38576,52,Brawl Source
52,#99VGRC9RL,TʜᴇRᴇᴀʟ ʷᵃᶠᵉˡˡᵠ,0xffa2e3fe,28000330,38575,53,ECPU Raciąż
53,#829UR8VYU,~Byakuya~🌸,0xfff05637,28000335,38544,54,Contamina C
54,#8LQ29RPV2,8 BIT,0xffff8afb,28000299,38437,55,Für die Sieben
55,#9P02VYGCL,Rosky69,0xfff05637,28000037,38360,56,Los Gamers
56,#2V80J0VGY,★彡[ᴅᴇᴀᴅ ᴋɪʟʟᴇʀ],0xffcb5aff,28000290,38344,57,TÜRKİYE 🇹🇷
57,#P29CQ99PG,BS|̑̈⛩️killer⛩️,0xffcb5aff,28000330,38268,58,
58,#8PC8V09QC,CEIP la Cruz,0xffffffff,28000280,37785,59,Averdly
59,#P2RL2YPYR,✨𝕂𝕚𝕟𝕘💫,0xffcb5aff,28000305,37767,60,de masters
60,#2RRQRCCL9,蒙|⋆Sᴀᴍᴷᵒˢʰⁱᵃᵈᵒ⋆,0xffcb5aff,28000280,37732,61,CodeMagic|🇸🇻™
61,#299LJR0QL,ZENCİ ETİ🍆,0xffcb5aff,28000274,37659,62,Team:Enayi
62,#2U82JL0Y,SIN11,0xffffffff,28000065,37634,63,ClubLeague
63,#9JYVV8098,Óscar,0xffcb5aff,28000305,37569,64,Team Genesis✨
64,#9RVY8QPUU,octo pro x,0xffcb5aff,28000135,37248,65,Next Gen
65,#2YRJRG2QU,Bosco💛🐣,0xfff9c908,28000286,37194,66,Esparta-NoVa 👑
66,#90LGR2RQ8,joan mia,0xfff05637,28000254,37140,67,le goat 🌄
67,#2Q99L0UCL,狗狗一起玩,0xffcb5aff,28000290,37069,68,JUPITER☄️
68,#8Q92YUV0P,Tempo|Knight,0xfff9c908,28000023,37067,69,DamortyCLUB
69,#9V9PQR98C,TA|Magi7 • $tü,0xff1ba5f5,28000275,37015,70,Mega Brawl
70,#2YJ2LPJPY,Stefan,0xffff8afb,28000117,36796,71,nita joint ya
71,#Y0UQCU9LP,Fabian Drzyzga,0xfff05637,28000008,36709,72,dla sigmymarka
72,#9CJPLVJ8R,DNG| Frexy,0xffcb5aff,28000297,36644,73,Brawl Campeones
73,#890PLJGQP,the Heroes,0xffff9727,28000077,36602,74,TEAM FR 🇫🇷
74,#PYJUL9R92,ЭДГАР,0xffcb5aff,28000272,36308,75,
75,#PYRPJYGQQ,MadeInSpain_,0xfff05637,28000037,36301,76,LOS TIK TOK
76,#8RJVJ9CRP,Spidey,0xffa2e3fe,28000352,36275,77,Nasty brawlers
77,#8GUPCPQJC,Killer,0xffcb5aff,28000305,36209,78,♣️DARK™️♣️
78,#P98PV29L,Michał 55,0xff4ddba2,28000335,36021,79,
79,#9L2RC02QV,QLS|AND_RUHA,0xffffffff,28000001,36000,80,BZ Portugal
80,#YPVQYQ0YQ,NaVi | m0nEsY™,0xfff9c908,28000132,35956,81,𝐈𝐂𝐄𝐖
81,#P0YLG98L9,Dɪɴᴋᴇʟ Mᴇɴ?🕊️,0xff1ba5f5,28000150,35933,82,After dark🦇🌙
82,#Y8CUPJGYL,kuba2115,0xff4ddba2,28000231,35891,83,SIGMA KINGDOM
83,#2LYGQUPU8,JIuMoH🥀,0xffcb5aff,28000164,35848,84,
84,#88RJPJGGG,rokitzz,0xffcb5aff,28000273,35834,85,
85,#9UP00QY98,GSX|TITOUAN,0xffff9727,28000187,35655,86,royal poulet
86,#89LV02R0Y,ツMkÜltra,0xff4ddba2,28000146,35648,87,Los Wakandianos
87,#L20Y0LQRC,Golden guardian,0xffffffff,28000104,35594,88,Аноним алкаши
88,#8YV2LV28,Kûs|✈️B¥GēBū✈️,0xffa8e132,28000282,35562,89,A.P.O.L.O
89,#YLGQ2GCUY,sauron,0xffa2e3fe,28000318,35561,90,Buchonia
90,#PVPLYJ8YR,PP Patho,0xffa2e3fe,28000352,35528,91,Town Milzard
91,#L8P90220,⛩️|Đ𝓸𝔭𝑒ᵘʷᵘ🌊,0xffff8afb,28000129,35508,92,You should see
92,#PRYUCQY9C,☘︎𝚔𝚟𝚊𝚜シ︎,0xffa8e132,28000148,35430,93,big pencil
93,#80LGPPPLU,rémi,0xffa8e132,28000179,35421,94,CookieInsurgery
94,#9Q9Y28LYY,pet gnol,0xfff9c908,28000282,35413,95,BrawlKings🏹
95,#9QQ888J2,🦦,0xfff05637,28000151,35304,96,
96,#PUUQYRP0G,(LAL) Spike,0xffffffff,28000132,35203,97,🤡ШкОлЬнИкИ🤡
97,#9VQV02PUP,sonic,0xffffffff,28000282,35192,98,coole Spieler 2
98,#8J0CPY9PL,kitye,0xffa2e3fe,28000280,35172,99,EZRA IS BOSS
99,#989U2G9VY,artur,0xfff9c908,28000293,35096,100,RedFaer_YT
100,#2RU2CCYP0,macchina maranz,0xffa2e3fe,28000014,35073,101,DIO STRA PORCO
101,#P8LL9C09P,༒☬Ҡąղҽҟì☬༒,0xffcb5aff,28000276,35064,102,The Rage Kings
102,#20P2LG9VU,~/kristina\~,0xfff05637,28000245,35030,103,
103,#PRGCLQQ8G,🔥RaZorClaw🌠,0xffa2e3fe,28000322,35014,104,Blanquits Talk
104,#YCJ0V0LC9,El pro 😎,0xff1ba5f5,28000310,35009,105,THE WT YT ARMY
105,#G88V99JJ,Никита 228,0xffff9727,28000314,34989,106,Отчим's Club
106,#9YYGL2YQ,MAGHE,0xff1ba5f5,28000170,34951,107,cisigang
107,#PYLGLC0VC,발디나,0xffff8afb,28000266,34943,108,쫄보
108,#8J928J2YG,[QLS]☢️Forti☢️,0xfff9c908,28000132,34930,109,
109,#2GGGQLU2Y,MC Matteo,0xfff9c908,28000037,34916,110,cisigang
110,#YLYJ98PLU,Nefelibata,0xff4ddba2,28000290,34855,111,
111,#9UC9R928U,⚽DDnl⚽,0xffff8afb,28000332,34751,112,Woldworinea ZZZ
112,#8URGLJVYP,Rayan le bg,0xffa2e3fe,28000151,34723,113,les browide
113,#9J2PJ809U,Brawler,0xffffffff,28000170,34570,114,Me aburro
114,#90G88RVVY,YT|ABDULILAH|77,0xff1ba5f5,28000167,34481,115,SA🦇|NR*
115,#9Y9LCU09V,даниил,0xffa2e3fe,28000207,34457,116,Aventus 🦈
116,#LJ28YVGPR,💘DeathMFX💘,0xffcb5aff,28000333,34447,117,XQTEAM
117,#Y9LLPVL2,Lulohe,0xfff05637,28000014,34438,118,porta
118,#80P8L2YLP,ADIDAS,0xffcb5aff,28000170,34304,119,
119,#P8PU8VV89,💯LTKlANDY🤖⚡️,0xff1ba5f5,28000060,34282,120,rush fr 🇨🇵
120,#2GVG2JUL8,🌵| Ｆｕｒｙ,0xffff8afb,28000224,34254,121,💫DeC0dy Team💫
121,#9G0P0PRVL,👻|JO$£|,0xff1ba5f5,28000207,34175,122,pepeborrachin12
122,#CQJJYJ8U,CLT,0xffcb5aff,28000156,34109,123,戰隊 #22QJ0RC8
123,#8UV9PUYR0,KR|Cycløn🌩️,0xff1ba5f5,28000138,33995,124,Kings Royale
124,#8YQYLPCV2,-9 by smaily🗑,0xffcb5aff,28000023,33975,125,<c8>Skills</c>
125,#8299GVPP0,☆chopedJAKeR˙˚°,0xffcb5aff,28000302,33848,126,Karpita
126,#Y8U2PPYP8,ECU|Cristian,0xfff05637,28000095,33771,127,
127,#2QCUGU8JU,el peor,0xff1ba5f5,28000062,33759,128,Legendarios 2.0
128,#8ULJRPU8G,Ego,0xffa8e132,28000286,33693,129,TheWarriors⚔️😈
129,#YLP8CU299,v6a-_-natheo,0xffcb5aff,28000305,33666,130,
130,#9QG28CQPP,GARRAFAL 200,0xffcb5aff,28000336,33616,131,Los Insanos
131,#2J22J88YU,Addam's|ForBerS,0xfff9775d,28000073,33607,132,AZETÜRK🇦🇿🇹🇷
132,#P2L8YLGR8,panos,0xff1ba5f5,28000033,33606,133,οι 9 συγγενείς
133,#290Y8GRQ9,UT|valerian,0xffcb5aff,28000305,33600,134,otaku gang
134,#2UJ2L92G,Brian,0xffcb5aff,28000305,33556,135,
135,#2V22LURJR,Leo Cabeza🙂,0xffcb5aff,28000272,33488,136,F.V
136,#2JCPRV8L8,Clive20,0xffff9727,28000347,33465,137,DSV C2
137,#U98209P8,alezar2006,0xfff05637,28000156,33408,138,Blanquits Talk
138,#2U2R88LVR,toro😈😈😈,0xff4ddba2,28000060,33379,139,Nexus 237
139,#2VPP8JQQJ,ab,0xffff8afb,28000169,33266,140,
140,#92CLYCVLG,☔️ OP | ArTxy☔️,0xff1ba5f5,28000042,33223,141,BLACK WURST
141,#9J9PGJCUU,Sniper-Angel30,0xffcb5aff,28000294,33201,142,Browl Stars
142,#200PJLVCY,demon228,0xfff9c908,28000132,33155,143,ɴᴇʀɪᴏɴ ᴛᴇᴀᴍ
143,#CP8VJ222,maxwell :(,0xffffffff,28000218,33117,144,
144,#990LP9UV0,Фонкир333 не,0xffcb5aff,28000288,33085,145,
145,#LPGYV9J2Q,도르,0xffa8e132,28000322,33000,146,수지중 명예클럽
146,#2PCCYQJVP,₵₥:₱łⱠØ₮💔,0xff4ddba2,28000132,32954,147,Monster 🔴1337
147,#YRQPQVGLJ,2-бот,0xffa8e132,28000218,32932,148,『乙є|𝘾𝙡𝙖𝙣』🌹
148,#YJY888VJ2,Jose,0xffcb5aff,28000174,32894,149,TWGamingTwo
149,#2JP0YYYPV,☠️☠️and☠️☠️,0xffff8afb,28000335,32825,150,
150,#PPJ0GUYJ0,MELEK VE LEON,0xffffffff,28000054,32792,151,Hira❤
151,#LRGJ0RPU,Full,0xffa8e132,28000128,32784,152,
152,#2CPGRQ29Q,eternity_rolox,0xfff9775d,28000037,32647,153,clan huchiha💜
153,#82LL9YQC9,pablitross,0xffa2e3fe,28000084,32611,154,Anonymous
154,#2GPRLG2Y0,PG| PATÎS,0xffcb5aff,28000155,32607,155,
155,#8CR8YGRJ0,Emre TUZLA,0xff1ba5f5,28000126,32559,156,ASABİ CANAVAR
156,#8PJL9YUYG,jurgi,0xfff9c908,28000223,32542,157,jea
157,#YYYPG2PGR,ⁿ⁰Englishmanⁿ⁰,0xffffffff,28000018,32484,158,
158,#90QPG9G0C,pixou,0xffa2e3fe,28000284,32410,159,<c9>[@WTR]</c>
159,#22RLLG9C8,Troll,0xfff9c908,28000249,32327,160,
160,#9RG029YRR,axou pro,0xffa2e3fe,28000148,32321,161,talibans 👑
161,#9CR2PURCQ,GG,0xffff8afb,28000228,32307,162,чвк дотерши
162,#900YRCYLJ,BLACK_FOX,0xff4ddba2,28000016,32287,163,The Dark Team
163,#2UUPR8VJU,Torbacl Vegas👑,0xff4ddba2,28000294,32274,164,Ukraine
164,#PQRJ2JU2Y,KINGMAN¶,0xff4ddba2,28000167,32256,165,Los Kruspis
165,#PC8LV0CC0,어쩌라고 알빠야?,0xffa2e3fe,28000017,32172,166,KOREA
166,#9CQLG2U89,QLS|Adrigamer10,0xffffffff,28000341,32167,167,Legendarios 2.0
167,#R0GG8RUY,Javititi,0xffcb5aff,28000016,32144,168,Polar Gaming EU
168,#98RCGRRL9,Diamond knight,0xffff9727,28000315,32128,169,ByEspizas Team
169,#9GYG9RRYG,TO|DRAKEN,0xffa2e3fe,28000335,32102,170,Ectoplasma
170,#Y8C0C8LJ0,PASSTHELIGHTER,0xffcb5aff,28000101,32026,171,Los Porretas
171,#90YC9PCVQ,JA N+7,0xffa2e3fe,28000104,32012,172,kakanaty
172,#YLVY9UGR0,AZRAİL ALP😈😈,0xffa2e3fe,28000207,31987,173,comologgos
173,#20G28YQ0V,Dynamike,0xffa2e3fe,28000151,31892,174,İSKENDER abi
174,#298VLQU0U,Pymito,0xffa8e132,28000140,31870,175,Penya Toret
175,#9VJRU0YC9,パンダ | 𝕽𝕺𝖀𝖃⛩,0xffff9727,28000205,31823,176,time legendair
176,#YUGPJLUGQ,shupactu,0xffcb5aff,28000248,31809,177,nita joint ya
177,#2YGGVQVV8,diesocke,0xffa2e3fe,28000164,31710,178,[GG] Gold (GG)
178,#29PU9UU0P,CAMU❤™️,0xff1ba5f5,28000352,31696,179,
179,#L00PUYL2,snitch,0xffffffff,28000272,31684,180,Frostmourne
180,#G0QJCQ2P,solov4yk,0xffa2e3fe,28000167,31664,181,VIKTORIA
181,#9PC0CCUGG,flormeerite🐷,0xff1ba5f5,28000175,31635,182,undertakers fur
182,#909PUYUP2,💛Aleolyen🐣,0xfff9c908,28000205,31623,183,
183,#2Y2RPY80,Croissant,0xff1ba5f5,28000029,31615,184,Bread Brothers
184,#90YRRUQL9,ESPACIAL49,0xfff05637,28000138,31569,185,LOS PEÑATEROS49
185,#20LYYYRLY,jepevi,0xff1ba5f5,28000037,31565,186,
186,#8RG9Q2L8Q,BAYBIEL098⚽,0xff1ba5f5,28000180,31559,187,SPAINGG
187,#P8RVGP2PQ,chocoboy🌋,0xfff9c908,28000184,31513,188,
188,#PQGP89YP,♤ZuKy♤,0xfff05637,28000273,31468,189,⚡TEAM PUSH⚡👑
189,#82YP8R09C,L2R2-VICTOR,0xffa8e132,28000165,31448,190,Team Cogollito
190,#99CYQCRPG,IconCap77,0xff1ba5f5,28000274,31405,191,nita joint ya
191,#VYCGVJ8P,B_T_M,0xfff9c908,28000132,31389,192,
192,#8UG0QQPR9,It's woolf🐺,0xff4ddba2,28000170,31351,193,Revolution
193,#L29L9UQU,FLIKS,0xffcb5aff,28000189,31327,194,FOGEL HOUSE
194,#P0Q9JPU00,Scott|M,0xfff05637,28000054,31236,195,
195,#2P2CUL8JC,⚠️HARSH⚠️,0xff1ba5f5,28000030,31213,196,Pulp Fiction
196,#29JCLV2P,jairml_,0xffa8e132,28000173,31124,197,
197,#9L80JGG09,iҜr𐍉թ𝔰𝔲𝔭𝔢,0xffa2e3fe,28000228,31077,198,
198,#JP0VJ0L,TBF_CRM 10,0xff1ba5f5,28000229,31076,199,LOS ESCORPIONES
199,#20V89YG8G,Pan Peterka,0xffa2e3fe,28000294,31040,200,THE LEGENDS
