,tag,name,nameColor,icon,trophies,rank,club
0,#2UVUU28L8,Dede 最高の,0xffffffff,28000156,73682,1,Brawl King's
1,#P2RVQ90L9,🖤ŠįŁ3Ñt🥀,0xffcb5aff,28000183,73102,2,Invincible
2,#YP802RY8G,佥 Áℓєẋ ❤️‍🩹,0xffff8afb,28000336,72728,3,GTP Esports
3,#2LC0LQCRP,Evaツんﾌﾒ,0xff1ba5f5,28000241,70682,4,Brawl King's
4,#99JQUR88R,༄Kíller♕,0xfff05637,28000175,69902,5,Ash's Club
5,#PPUPGRC98,Theo 最高の,0xffffffff,28000175,69201,6,Pitagyro
6,#YR2GV88,縣|Teasey🥀,0xffa8e132,28000183,67603,7,Pitagyro
7,#2LRV8QJJR,PSQ_JudoJohn07,0xff1ba5f5,28000141,67334,8,EvilFreedom ™
8,#LCUURYVL,Bampis🎲,0xff1ba5f5,28000348,66993,9,ROAST POTATOES
9,#Y8Q9LPC0G,家|JohNNy🥀,0xffff9727,28000259,66370,10,MagicClub🧙✨
10,#2RU2CR2VG,☠️MASTER ARIS☠️,0xfff05637,28000321,66333,11,MagicClub🧙✨
11,#9PVCLG2,Vix,0xffffffff,28000219,65658,12,NHFFL
12,#289PPRQVC,CallMeStavkat ♟,0xff1ba5f5,28000063,65655,13,L'ÉTOILE ROUGE
13,#22CQPJYQR,Kala|OutplayedU,0xffff9727,28000018,65548,14,Silver Legion
14,#VJPV9L,༄Lapsa64⛩️,0xff1ba5f5,28000345,65025,15,Brawl Kings
15,#8V2PPLYQR,peperoni,0xfff05637,28000018,64289,16,FireStorm
16,#J8VJJU8P,Νεγρολής,0xfff9775d,28000212,64273,17,Pitagyro 2
17,#2V2YJ02RC,Panos088,0xffcb5aff,28000350,63829,18,Code: NOMERCY
18,#9R08YU8YG,❤️‍🔥𝖡𝖺𝗍ριχ❦,0xffffffff,28000335,63707,19,MagicClub🧙✨
19,#2JUG8YPP2,Panatha•🏀,0xfff9c908,28000305,63135,20,Pitagyro
20,#9L2C0J000,Mechano,0xffffffff,28000103,63011,21,MagicClub🧙✨
21,#PCPJGLV0C,Norm❦,0xff4ddba2,28000174,62304,22,GG <c7>Mech</c>
22,#822UCG80,Code: NOMERCY,0xffff9727,28000186,62097,23,Code: NOMERCY
23,#9LGUPRJ8C,Troxo57🖤,0xffffffff,28000023,61343,24,Pitagyro
24,#CRU8CPUJ,𝐻𝑜𝑙𝑙𝑌☬,0xffffffff,28000121,61319,25,MagicClub🧙✨
25,#2JQVRYJ8J,🍉|Hสℝℝ𝔂💙🍹,0xffcb5aff,28000280,60788,26,<c0>ＬＯＮＥＬＹ★</c>
26,#2JU8LUU2V,DUCK:)),0xffcb5aff,28000007,60632,27,Pitagyro
27,#9PPYVVPQQ,友|𝚁ᴏɢᴜᴇ ↯,0xffff9727,28000129,60552,28,SY Origin
28,#2QJUJ2LC0,PA|KONANVAS 💎,0xffcb5aff,28000126,60499,29,Pitagyro
29,#8UULY98VC,🤍|Ãggëløş🧸,0xffffffff,28000140,60301,30,MagicClub🧙✨
30,#90QG8CJJU,Strong🍉,0xffcb5aff,28000140,60293,31,2024 is ours
31,#2U2JCCQ2R,吾|Alex🀄,0xff1ba5f5,28000135,60292,32,MagicClub🧙✨
32,#UVR2G088,MC|ᴹᴿメ PRO,0xfff9c908,28000064,60138,33,MagicClub🧙✨
33,#9PPVPCUL9,mortadelas32,0xffffffff,28000321,59976,34,MagicClub🧙✨
34,#8899JQR2V,Cossmo〆,0xffffce89,28000348,59829,35,Pitagyro
35,#9RQ88PRL,✗|Thrxser❤️‍🔥,0xffffffff,28000198,59809,36,MagicClub🧙✨
36,#J9CPUPVJ,MikeV🐘🐘,0xff4ddba2,28000014,59793,37,Pitagyro
37,#P8YGL90P2,Dark lord,0xff1ba5f5,28000291,59693,38,Pitagyro
38,#PPGVVVU,El Panchito🐐🖤,0xffffffff,28000156,59660,39,
39,#9JGU8289G,𝓋𝒶𝓈🥀,0xfff9c908,28000123,59578,40,🇬🇷GREECE🇬🇷
40,#989QVCC20,悪|𝖙𝖔𝖓𝖎ヅ,0xff4ddba2,28000140,59542,41,MagicClub🧙✨
41,#2JY9GGQJP,ŁEWY,0xffa8e132,28000038,59460,42,Kamikaze
42,#2JU9JVQ0V,MC | BOSS,0xfff05637,28000321,59367,43,MagicClub🧙✨
43,#YCLGVUQ9J,佥Ŕâ𝓯ă𝓱𝓵❤️‍🩹,0xff1ba5f5,28000000,59277,44,GTP Esports
44,#YRJ8RY8G,SixHarispro YT,0xfff9c908,28000156,59252,45,MBC eSports GR
45,#8U889G22R,Pynt❤️‍🔥,0xffffffff,28000105,59134,46,MagicClub🧙✨
46,#2L9YU80Y,新|Andrew 🥀,0xffffffff,28000139,59096,47,MagicClub🧙✨
47,#2C2R9G0GC,爱TNF|MATZO♛,0xff4ddba2,28000016,58898,48,THE NEW FOODMAN
48,#9L82P8CJP,Ķvşŧâŧź❤️🩹sĥøŧ,0xffff9727,28000347,58835,49,✨Commonality ✨
49,#J22QLJGU,Nick,0xffcb5aff,28000294,58815,50,Pitagyro
50,#9CPPRJRLC,⛩ParisThe Pro🀄,0xfff9c908,28000018,58775,51,MBC eSports GR
51,#UU0UQ2J2,𝑱𝒐𝒋𝒊🦭,0xffffffff,28000239,58731,52,Paxoulopapakia
52,#GQCVRUP8,MICHAEL JORDAN,0xffff9727,28000299,58473,53,ROAST POTATOES
53,#PRYPQCYJJ,JV|Chͥriͣsͫ God,0xffff8afb,28000129,58266,54,Greek warriors
54,#YGCYUL8YL,Bogscam🃏,0xffff9727,28000242,58259,55,Pitagyro
55,#98P0VCPY9,✨RB|$uper $tar✨,0xfff05637,28000014,57923,56,
56,#28UL8YCCY,INF_SKYLAKI🐶,0xffffffff,28000132,57776,57,Paxoulopapakia
57,#8RYY9Q0UJ,Alpha|Helios,0xffa8e132,28000185,57688,58,MagicClub🧙✨
58,#PRV8PRJ9J,AnthonyPro_10,0xffff9727,28000091,57685,59,Pitagyro
59,#PLPQQ2GUL,橱|ᴘͥɪͣᴢᴢͫᴀ🐣,0xff1ba5f5,28000348,57596,60,Pitagyro
60,#PQ2R20JV9,FEEZ|Iceshot,0xfff9c908,28000064,57509,61,Les Laps
61,#9GLPJ8CRU,YT: Turboy BS,0xfff05637,28000000,57495,62,Pitagyro
62,#LYG20PU8,ツᴹʳ ᵖʳᵉᶜⁱᵒᵘς💎,0xffcb5aff,28000297,57458,63,Ad Finem
63,#PCYLVUGGJ,pro| orestis13,0xfff9c908,28000020,57435,64,MagicClub🧙✨
64,#8CU9PGCRL,Lukiebear个,0xffff8afb,28000184,57347,65,Die Tafelrunde2
65,#Q0YG80Y0,Saðness最高の,0xfff9c908,28000095,57308,66,MagicClub🧙✨
66,#RCYYPJJ2,KOBE;),0xffff9727,28000061,57305,67,Pitagyro
67,#P9QP80P2C,Vagdren88,0xff1ba5f5,28000017,57259,68,PHOENIX
68,#L22LPVUU,🐙|Al3x🎭,0xffffffff,28000297,57247,69,I LEGGENDARI
69,#2PG20L8L0,😈CryMan😈,0xffcb5aff,28000140,57220,70,Paxoulopapakia
70,#2P9GP2JUC,o_meme_tipos,0xfff9c908,28000335,57053,71,THE NEW FOODMAN
71,#8CRJ9YCYJ,𝐍𝐕_ＧℌＡƬＺシ,0xffcb5aff,28000332,56946,72,Greek warriors
72,#JQC90VRL,IMP | DJCOO,0xfff05637,28000310,56897,73,Pitagyro
73,#8C0QJV2VP,👑|Empire,0xffcb5aff,28000341,56872,74,Pitagyro
74,#2JVVL8L2Q,@SπiRoSss❤️‍🩹,0xff1ba5f5,28000243,56824,75,Pitagyro
75,#RQCPC00G,Gm24 YT,0xffffffff,28000135,56804,76,Pitagyro 2
76,#8URVPLY00,P a n🦋,0xffffffff,28000130,56753,77,Vincible:🌔
77,#9V9PC0GJ,BunniesAttack,0xffff9727,28000247,56635,78,FireStorm
78,#L99RQU9RQ,wertpaok88,0xffcb5aff,28000332,56624,79,Greek warriors
79,#L9JCGC9UG,🏆Marios2005🏆,0xfff9c908,28000294,56580,80,pro Greece
80,#2C0VU0RJY,JohnConstantine,0xfff9c908,28000223,56432,81,
81,#9LUJ8CJCQ,•°☆AK-47☆°•,0xffa8e132,28000298,56396,82,ROAST POTATOES
82,#Y9R2PR2Q,MasterGeorge,0xff4ddba2,28000305,56381,83,Greek warriors
83,#GQYJCGY8,Psycho🌖,0xff1ba5f5,28000333,56376,84,The Rhythms
84,#8PRQ9RLLU,Drxzłe🍉,0xffcb5aff,28000090,56233,85,YlFAN :)
85,#8QUC9VPYJ,Androxus,0xffcb5aff,28000285,56220,86,Ad Finem
86,#8LYPR8VLQ,🌴|Blaze🍉,0xff4ddba2,28000140,56170,87,
87,#2RJU2L08L,PTG|Sᴘɪʀɪᴛᵍᵒᵈ🍁,0xff4ddba2,28000336,56146,88,Pitagyro
88,#20RYLVCL8,Big Nicks,0xffcb5aff,28000129,56138,89,Pitagyro
89,#2V2RQRGQQ,2Face🌓,0xff4ddba2,28000136,56110,90,GTP Esports
90,#UG9UCQQP,Mr.Nightmare®,0xffff9727,28000346,56096,91,Ad Finem
91,#Y8CCG2YCL,mr p,0xfff05637,28000077,56001,92,La Goats 🍻
92,#2QQQ2C0VU,🎋TNF|Coral☦️,0xff4ddba2,28000000,55974,93,MagicClub🧙✨
93,#8LVCVPC2C,TNF|Jinx🥀,0xff4ddba2,28000233,55969,94,Pitagyro
94,#9YUJLPRU0,Xaris❦,0xffffffff,28000071,55898,95,Pitagyro
95,#290LQ8GPV,Lemon,0xfff9c908,28000179,55861,96,Pitagyro 2
96,#2Q00QYYCV,NEM | Vengeance,0xffff8afb,28000305,55814,97,
97,#9VQCUYPV8,🦁|BigBossツ,0xffa8e132,28000281,55788,98,Greek Community
98,#PLQVJ02RY,Giorgos2088🇬🇷,0xffcb5aff,28000286,55758,99,Elite|Power🇷🇴
99,#PLRLJJCLQ,chantaje,0xffff8afb,28000299,55727,100,Greek Community
100,#R8UY8L9P,Zaniakos,0xff1ba5f5,28000312,55666,101,TSOTSO CLUB
101,#8GVJQQV0,NMA_bro,0xffcb5aff,28000139,55636,102,ROAST POTATOES
102,#2Q2GQ0QGR,SantorKitsYT,0xffff9727,28000061,55624,103,Sticky Icky
103,#9L9U0VPLQ,delos,0xffffffff,28000330,55516,104,greek pro
104,#2U9CRVPUU,IK,0xffcb5aff,28000111,55467,105,Red Adulcs
105,#9VYLCVUR,Imp0x,0xffa2e3fe,28000175,55413,106,New Eden
106,#8C92YY9R,ninja_master,0xffa8e132,28000016,55356,107,THE NEW FOODMAN
107,#88PG280JY,⛩️Typsy🥀,0xff4ddba2,28000174,55303,108,Greek Community
108,#2LJ22PQJ,Mørtal,0xffa8e132,28000136,55230,109,Pitagyro
109,#Y92PQ9U20,𝙼𝚊nͥᴳͣᵒͫᵈ😈,0xffffffff,28000139,55172,110,GTP Esports
110,#2JUQQ9JCC,clapped by karm,0xffa2e3fe,28000156,55141,111,
111,#80RUPYUYY,kolilopo,0xffa2e3fe,28000304,55132,112,sweat team
112,#R9CVQLVC,🎲lets𝒕𝒓𝒚🧸,0xff1ba5f5,28000233,55129,113,Diamond Crew
113,#2QGYJ8R9L,Thani_Poui,0xffffce89,28000064,55100,114,
114,#8QYJ8JRQ0,❤️‍🔥Prômātt⚔️,0xff4ddba2,28000298,55047,115,Greek warriors
115,#JCG90G09,Christos555,0xff1ba5f5,28000352,55029,116,Pitagyro
116,#808GJQQGU,佥 Ṡtᴇḟ ❤️‍🩹,0xffffce89,28000068,55014,117,GTP Esports
117,#900GYQGRV,幸好有你--滑,0xffa2e3fe,28000148,54963,118,oj fans club
118,#2CGLG2LGQ,κουραμπιες,0xffffce89,28000156,54949,119,Pitagyro
119,#8Q9QCR0GR,your bro,0xffff8afb,28000017,54907,120,oj fans club
120,#2GRYV9UC,DA ONE,0xffa8e132,28000230,54830,121,Gaming patataki
121,#98CU2G9,♠️KingØfAces❤️,0xffffffff,28000138,54801,122,FireStorm II
122,#LJ8RUJPCU,HG|Wolfy🐺,0xffffffff,28000139,54767,123,THE NEW FOODMAN
123,#PGYLVPQRQ,🀄|ĵøĥŋ10☂️,0xff1ba5f5,28000305,54747,124,Pitagyro
124,#GG02Y2CC,🥀TASOS🥀,0xffcb5aff,28000018,54712,125,Icons
125,#20VQJY9P0,pizza,0xffcb5aff,28000335,54701,126,UNDERDOG 🇵🇱
126,#20CL29J8P,brawl drama 11,0xfff9c908,28000283,54696,127,Orange Tree
127,#89VJJ09CR,🍹|ʜᴀʀᴿᵞ̧🍥,0xffffffff,28000044,54684,128,MBC eSports GR
128,#2PLVPLUQJ,kdkdk126,0xffa2e3fe,28000176,54673,129,Pitagyro 2
129,#88QUJ2UY0,WHG|SHADOWOLF🐺,0xffffffff,28000243,54669,130,ClubHouse
130,#2QVQJ0GQ9,papach13,0xffcb5aff,28000066,54650,131,Hellasforce
131,#9YYGPV89U,PP$,0xffa2e3fe,28000305,54648,132,Pitagyro 2
132,#P9CJLRV9V,Mr.Epidoma®,0xffcb5aff,28000151,54630,133,Ad Finem
133,#L8U8LY922,AQM|IliasVG,0xffffffff,28000253,54612,134,Icons
134,#PGGCY9CRJ,Panangell🍉,0xffffffff,28000167,54554,135,GTP Esports
135,#P9VLCGC9L,🇬🇷Greece🇬🇷,0xffcb5aff,28000294,54447,136,Greek warriors
136,#L9LUYC0YC,⛩️Mr.Apostolis⛩,0xfff05637,28000179,54416,137,greek pro
137,#8C8YPP0JR,亗Alͥexͣiͫsᵍᵒᵈヅ,0xffa8e132,28000016,54407,138,THE NEW FOODMAN
138,#RJUUURV,RE|Good Morning,0xfff9c908,28000272,54401,139,ATM☔️|Team🔥⚡️
139,#9UQ99LG9,🚀|Dimitris R.,0xffff8afb,28000128,54388,140,SomethingHype
140,#9QG2UQCGJ,❄|јјјħ🦄,0xffffffff,28000081,54370,141,MBC eSports GR
141,#CJY2VRQG,jason 69,0xffff9727,28000333,54240,142,THE NEW FOODMAN
142,#82V80LJRJ,Blizz🌴,0xffffffff,28000335,54197,143,Pitagyro 2
143,#9Y8PJQ282,Pro,0xfff05637,28000139,54154,144,ABELOKIPI CITY
144,#9RVC89GPC,⚡ TEO,0xffffffff,28000281,54068,145,Paxoulopapakia
145,#9282V2GRR,༒ŁŦǤ-ŴĦƗŦ€ヅ,0xffffffff,28000196,54050,146,THE NEW FOODMAN
146,#P0PUR0QJG,⛩🎋Russki64🎋,0xffa8e132,28000163,54047,147,ROAST POTATOES
147,#98JGR89Y8,Chris6,0xff4ddba2,28000016,54035,148,THE NEW FOODMAN
148,#2V99P0R2L,MC|Dream1śţ 🀄,0xfff05637,28000236,54022,149,Greek Union
149,#PQ0L9Y9,.dr.micheal.,0xfff05637,28000247,53971,150,Paxoulopapakia
150,#J029U8P,gabriel❄ツ,0xffa2e3fe,28000192,53926,151,
151,#YYVJC92Q,alegolaspro1348,0xffcb5aff,28000292,53909,152,Deutsch|E-Sport
152,#2RP0VQCL0,drs,0xff4ddba2,28000016,53855,153,GTP Esports
153,#8V99URQCP,🥀⛩️Paruba64 :),0xffffffff,28000138,53825,154,Greek Community
154,#8GRRQL0J,crazymike,0xffff9727,28000152,53793,155,Pitagyro 2
155,#98Q8GQV22,HLS | george,0xfff9c908,28000156,53754,156,Greek Master v2
156,#2U9CVUJJQ,PANOS,0xffa2e3fe,28000118,53747,157,
157,#P0L09LY,El Primo,0xffff8afb,28000170,53709,158,Greek Master v2
158,#VQ0JYULJ,AF|Master21🐙,0xffff9727,28000170,53589,159,
159,#PQG8RJ8RR,ice piper,0xfff9c908,28000335,53548,160,RL|EsPorts.
160,#20U9UP0VC,master_poco_69,0xfff9c908,28000126,53543,161,Pitagyro 5
161,#9QVUVULV9,mega than,0xffff9727,28000096,53476,162,
162,#8UUVL0G9Q,zaxos,0xffa2e3fe,28000299,53471,163,Pitagyro 2
163,#8Q0P9Y8VY,Mpampe🪐,0xffffffff,28000065,53465,164,Last try
164,#G202LVGG,captenkoulis,0xffcb5aff,28000048,53436,165,ROAST POTATOES
165,#YGL8QJJ,$partan,0xff1ba5f5,28000219,53403,166,Pelagos
166,#YV9P2L92,戈Angel🥷🏻,0xff1ba5f5,28000175,53390,167,Vincible:🌔
167,#2GL80VYCR,❄️|ℭ𝔥𝔯𝔦𝔰🦄,0xff1ba5f5,28000102,53380,168,
168,#P08UUGVCL,Ross,0xffa8e132,28000101,53355,169,Most Wanted
169,#L08RJYUV,Balloony,0xff1ba5f5,28000150,53328,170,South Africa
170,#2U82QRLPP,GEROS,0xff1ba5f5,28000104,53305,171,Paxoulopapakia
171,#L2VRPYUQR,Dark Ninja,0xff1ba5f5,28000233,53295,172,SNKㅣFamily
172,#PLURU0JVQ,Erne_kotaidis,0xffcb5aff,28000335,53292,173,Greek warriors
173,#9JRR0VPJP,Katerina🖤,0xff1ba5f5,28000054,53279,174,TheGreek Legion
174,#9JRVYCYQL,Omega,0xffcb5aff,28000280,53278,175,Pitagyro 2
175,#990RJV0UY,xXNinjaHyperXx,0xffff8afb,28000223,53268,176,Greek warriors
176,#PLLGC8PLJ,alsm❤️‍🩹 Narce,0xff1ba5f5,28000172,53262,177,Greek warriors
177,#9RC89QY08,apas,0xffa8e132,28000004,53235,178,MBC eSports GR
178,#Y82PPQLG0,🍁•℟𝘦𝐯𝘦𝑛ĝё,0xffff9727,28000132,53130,179,Vincible:🌔
179,#QR28RCG0,jordan1234,0xffffffff,28000000,53090,180,Paxoulopapakia
180,#J8V2002J,LordZnake,0xffcb5aff,28000242,53071,181,Pitagyro 2
181,#2ULVL8GPJ,⚔️Ğîőŕğőšᴳᵒᵈ⚔️,0xff1ba5f5,28000290,53056,182,Ήβη go gang
182,#RGP88RV,Φωφώ,0xff4ddba2,28000002,52941,183,MBC eSports GR
183,#2CP8VJ20V,dimitris08,0xfff9c908,28000156,52914,184,LUKAS🐻
184,#L8LPYJ80P,Ďřøpźý🏛️☢️,0xff4ddba2,28000016,52890,185,THE NEW FOODMAN
185,#YYVUPVLJR,♕ʲᵒᵃⁿⁿᵉ␈,0xffa2e3fe,28000094,52882,186,Paxoulopapakia
186,#8UPR8PG2Q,Fanouris04👀,0xffffce89,28000337,52807,187,Greek warriors
187,#PVU2QYQYV,Assassin777🥀,0xff1ba5f5,28000154,52793,188,MBC eSports GR
188,#2V00G9QR9,ŢŅF|MÝŞ,0xff4ddba2,28000016,52786,189,THE NEW FOODMAN
189,#YGQG8P2RU,⛩️Mr.Nick⛩️,0xfff05637,28000179,52716,190,greek pro
190,#8YPPJQ982,Drippy🥶最高の,0xffffffff,28000200,52696,191,Washed
191,#9JQJPJV8Q,eM_IceCream,0xffffffff,28000321,52684,192,Pitagyro 2
192,#LCGJR9022,Sogeking 🎯,0xffa8e132,28000164,52676,193,GenHunters
193,#9VC92L8PR,hijuitypi21,0xffa2e3fe,28000023,52624,194,Pitagyro 2
194,#2LYQ2YCU,ReLeBoi🖤,0xffcb5aff,28000114,52580,195,Ad Finem
195,#V2GYGRL0,Kala|Ricoculous,0xffa2e3fe,28000291,52550,196,Silver Legion
196,#8VCUUCPRV,dionisis100,0xfff9c908,28000175,52524,197,Greek warriors
197,#89J9RJ0UC,°BrawlTom9🥸,0xffffffff,28000304,52468,198,Ultimate Club
198,#92UCPJYCQ,Astral|😍,0xffcb5aff,28000066,52398,199,GTP Esports
199,#9GY0C2GPV,5SM ΘΕΟΣ,0xfff05637,28000277,52376,200,Greek warriors
