,tag,name,nameColor,icon,trophies,rank,club
0,#9089YG28Y,🤍|UnıHørnZˣ₊✮,0xff1ba5f5,28000150,57150,1,Mystic Magic
1,#2GGG9UVPY,Nervox Night,0xff1ba5f5,28000352,56291,2,ACAD
2,#8YYYYC0UC,OS|ᶦ ᵃᵐ sʜᴀɴᴋs♡,0xffcb5aff,28000286,52401,3,ORDER OF STONE
3,#RP2U8PQC,Leon,0xffcb5aff,28000271,52043,4,🌔Last Wish🌔
4,#PJQGGG2PV,SK | ᵗʰᵉ lich,0xff1ba5f5,28000243,51734,5,ORDER OF STONE
5,#8YUYYRYRJ,SZWAGIER,0xffffffff,28000135,51136,6,Cynamonki
6,#PQ99RPJ28,🐣SK|Finja🥶シ︎,0xfff05637,28000175,50915,7,🇩🇪LEGENDS #3
7,#P2G2YG09,をLane🦋,0xffffffff,28000167,50307,8,Cora enjoyers ♡
8,#G22QRPR,MAX,0xffff9727,28000295,50223,9,WeDominate
9,#9JQGQQJ8Q,Lock🐼,0xffcb5aff,28000291,49642,10,<c6>Show™</c>♣️
10,#PPYQR2UP0,Assassin Linh,0xfff9c908,28000272,49526,11,BS | ADM Esport
11,#9GCGLJURG,Todd,0xfff05637,28000038,49268,12,Orange Tree
12,#2JYVRP008,cold,0xfff9c908,28000044,48271,13,❤Dziewczyny❤
13,#92GGUG2Y2,set |i♥️T@p@,0xfff05637,28000132,47595,14,Zero Balanced
14,#8GR0YULP2,proutausaure,0xfff9c908,28000207,47082,15,😋tyu😋
15,#8PCQYL9YY,Its Mot Gemer /,0xffa2e3fe,28000207,46410,16,ПчЁлЫ
16,#80YPP8GGQ,FF|k~CoolBoy•🛸,0xffffffff,28000109,45905,17,Crew X
17,#2P0YV28JY,ICE_Malte❄️,0xffa2e3fe,28000320,45569,18,Yalla
18,#2Y8CR9UJ2,😉Vlad😉,0xffcb5aff,28000139,45500,19,𝙸𝚗𝚜𝚊𝚗𝚎❤乂
19,#P8CCLYPU8,bl4z3,0xff1ba5f5,28000130,45276,20,Bl4z3 brothers
20,#2029GU8GG,PRO100___II,0xfff9c908,28000132,45005,21,
21,#L2VP2GV02,XEINECE💙💛💙,0xff1ba5f5,28000348,44162,22,Los Champions
22,#8LUGRP29,Kapoliar,0xfff05637,28000187,43990,23,DL|OVER
23,#8R9RULJ90,starblazer,0xfff05637,28000061,43878,24,
24,#PPVVY008G,XaRoN,0xffa2e3fe,28000023,43764,25,bubbleKvass
25,#PLU92PUYU,Declarant,0xfff05637,28000139,43381,26,Torvic
26,#YQL8R99PV,CoKKee,0xfff9c908,28000084,43284,27,<c0>ʟɪɢʜᴛ</c>🦋
27,#PGUR0LQP,🌕|ESTAᴷⁱˡˡᵧₒᵤ,0xffff9727,28000332,42953,28,DEVIL'S BLOOD
28,#YLRCUCGJ,🎴|Anmメ,0xffa2e3fe,28000225,42950,29,MOBS
29,#8Q9UU9PL2,steef milo,0xff4ddba2,28000011,42766,30,👻Dutch Clutch
30,#2RVV2Q9J8,scully,0xffa2e3fe,28000073,42611,31,krumme Gurken
31,#JQ99YY28,радостин,0xffff8afb,28000330,42521,32,СUММУНИЗМ
32,#YG0PCRRGL,SK|💠 Arthur 💠,0xffcb5aff,28000335,42503,33,AR|GhøsT PWR
33,#8P088RPCR,Никита 666,0xffa2e3fe,28000301,42291,34,МЕГА ПУПСИКИ
34,#9PCC8VP89,♥️Ardi GG♥️,0xfff9c908,28000024,42242,35,
35,#2RPP8RPLG,🌊Wave|Bot 7,0xff1ba5f5,28000253,42200,36,Celestis
36,#92PRR0QVU,IMT/Nana,0xffffce89,28000352,41983,37,Mission Victory
37,#82R2R99QR,🔝HACKER🔝,0xffcb5aff,28000041,41749,38,FRoSt1 Team
38,#PLYVPVL9V,Nero killer,0xffff9727,28000348,41741,39,Nowy Sącz
39,#Q2CVC9VCQ,NukaP,0xff1ba5f5,28000305,41575,40,😎13K😎😉
40,#YYYPQ890,TLD|彡Ａｎｄｒｅｓツ,0xffa2e3fe,28000200,41442,41,OverComingUNV😈
41,#9GJ2QJQUQ,💤NaNoNuNeNi💤,0xfff9c908,28000132,41347,42,ORDER
42,#8JU0R8QU0,ShadowFox_Fan,0xffffffff,28000211,41083,43,BG 24/7
43,#222CU9PU0,•Mhïøkt•,0xff4ddba2,28000021,41067,44,caca de caca
44,#2L0PQU9P0,🌕blood moon🌑,0xffa2e3fe,28000337,40935,45,Império Ômega🌳
45,#PVRUQ2R,[HP] Trystan.46,0xfff9c908,28000262,40928,46,joshmax
46,#8YV282RCC,Z0mbi4,0xffa8e132,28000170,40887,47,
47,#QYQR2QQGP,𝓙ꪖ𝓎𝓎❦,0xfff9c908,28000090,40863,48,Right Hand Men
48,#YYQGY8QV2,chepuha gear 5,0xff4ddba2,28000136,40675,49,анчоус
49,#Y8QLGPQLL,ᴀᴇ|ᴛʀɪᴅᴢɪᴋ✝️,0xffa2e3fe,28000262,40066,50,🇹🇷TR|E-sports
50,#Q8C2R9J8,POE,0xff4ddba2,28000341,39785,51,神奇俱樂部🤪
51,#P8202P9RG,ᴮ᭄ᏰᎥĸⒶ₰ꫝ࿐,0xffffffff,28000000,39571,52,Vincible:🌔
52,#8J80L2GYL,xevoos,0xfff05637,28000021,39344,53,
53,#GCPCQ9VG,Valire,0xff4ddba2,28000219,39335,54,Megapig
54,#PUVYLYUPL,§♣♪DANIL777♪♣§,0xfff9c908,28000093,39265,55,среншинфаги геи
55,#2290YQ2CJ,GokudiosA42,0xff1ba5f5,28000299,39094,56,Makanaki Legion
56,#Q9C00RPL,Frost Gamer,0xfff05637,28000352,39086,57,Qc|Delta
57,#9QLYG8VVR,MT | Ale Bizza,0xff4ddba2,28000285,39079,58,MT | Force one
58,#URGP8088,💥(•BÂĶÙĞÔ•)💥,0xfff05637,28000305,39071,59,KB_Gaming 2
59,#82JPVVJVL,TRT | shebby,0xffffffff,28000019,39036,60,РУССКИЕ В ТОП
60,#Q28LR2P,DavidRiosA...,0xffa2e3fe,28000305,38863,61,Latinos 2.0
61,#99PRJVL82,lennard,0xffa2e3fe,28000297,38636,62,Fire🔥Legend🇩
62,#29UJ080L0,BPMenu,0xffcb5aff,28000333,38621,63,Polish Knife
63,#JUVLGRUJ,有毒👎,0xff1ba5f5,28000132,38565,64,
64,#2GCGUL8VR,らいと,0xffcb5aff,28000077,38420,65,
65,#2PQ8PYUJQ,Rain,0xffcb5aff,28000352,38242,66,гули смерти
66,#VCV9YJ,Ghost,0xfff9c908,28000183,38198,67,
67,#PP80Q29,StarPxKeep,0xffcb5aff,28000289,37973,68,StarPepers
68,#YVL8PCJU,qwert,0xffa2e3fe,28000164,37834,69,春田花花同學會
69,#9GJ0YU9L9,🔥Wiktor445🔥,0xffffce89,28000341,37810,70,JW |Team
70,#P228GCLJP,ᴡʜʏ?Gᴇᴍᴀs😔,0xffffffff,28000218,37759,71,ЛИВНИ С АККА
71,#2L28GQUL8,Frost,0xffff9727,28000064,37730,72,
72,#PG822J2UQ,50K,0xff1ba5f5,28000132,37640,73,
73,#PP9CPLJGG,саша про,0xffa8e132,28000045,37597,74,PATACHELE
74,#20YQYYPU0,⛩Sрuky.cactus🎋,0xfff9c908,28000182,37530,75,Kool Kids club
75,#9RP222P8,Toxic Vector😈,0xffff9727,28000153,37520,76,Las Marsellas
76,#8LG28CLJP,jing rui,0xffa8e132,28000261,37475,77,橙子草莓比你甜
77,#8RG8URRUP,Hoodini,0xfff9c908,28000095,37359,78,yeyeye
78,#80V2VCYQ2,(Legend boy),0xffa2e3fe,28000165,37316,79,Hamburg
79,#8P0VJCRPC,Fikus=_=net_,0xffcb5aff,28000305,37297,80,いつか私たちは戻ってきます
80,#LJQU2CJ92,S Y ム工シ,0xffff9727,28000221,37209,81,
81,#PJJUQC9QR,Ervin.bik,0xffa2e3fe,28000280,37085,82,Дикорит
82,#PGVY0VQUG,ARDEN SDES|YT,0xffcb5aff,28000330,37002,83,🥀Diamond💔DG
83,#PJLCJ8J9Y,K7ller33,0xff4ddba2,28000272,36844,84,Universe
84,#889P28YGP,בארי המלך,0xffa8e132,28000156,36730,85,עלאגידיררר
85,#9RRCVP8G0,Laytツ,0xffcb5aff,28000335,36631,86,BN. ACE
86,#98LL0Y88L,⚡[БЛЭТ] Dr.Sem⚡,0xfff9c908,28000033,36616,87,мм сбит? 😈
87,#U8C89UGJ,هاكر,0xfff05637,28000282,36521,88,AR | FØRÇEᴷⁱˡˡ②
88,#8QLJPG2RP,עמית,0xff4ddba2,28000293,36476,89,עמית ומאור
89,#PGL2C2JC0,Tribe|Tom|SP,0xff4ddba2,28000284,36433,90,
90,#VLJLYG9G,💎ICE|GaMeR🔥,0xffff8afb,28000347,36367,91,ТТ_Хаус
91,#2C8PCRU9L,Reyf,0xffcb5aff,28000310,36350,92,brawl starts
92,#9LV9GJUYQ,Snowball ❄️,0xffcb5aff,28000044,36349,93,Tec Cem
93,#YY0UUY22,Brawl Buddy,0xffcb5aff,28000348,36313,94,Extra Sacred
94,#2PVRYYQCP,schnuckelkatze,0xffa2e3fe,28000226,36226,95,
95,#QPQRR8PL2,Mr.Leon,0xff4ddba2,28000284,36066,96,Delta_Division
96,#8GVCCV2LY,leonid,0xffa2e3fe,28000037,36031,97,
97,#YVYLQC88V,🇷🇺|☭PRAVDA☭,0xffffffff,28000222,36000,98,Пушистые котята
98,#8RCRQCYVY,ManhOzawa,0xffffffff,28000037,35990,99,Mãi Là Anh Em
99,#290GGU0G9,kim,0xffa2e3fe,28000179,35968,100,ChilenisBrawlBC
100,#28890JPU0,★𝙁𝙡𝙖𝙭,0xffffffff,28000348,35917,101,Makanaki Legion
101,#GU8CC89Q,MURADiK,0xff4ddba2,28000305,35679,102,LegendDragon
102,#99CYU8JCY,📸:yaniss_ftn,0xff1ba5f5,28000290,35670,103,MIRAL 1
103,#PJR9VYY8,solly,0xffcb5aff,28000294,35656,104,I Watussi
104,#2VYRQLCP9,Sr. Primo,0xffff8afb,28000156,35623,105,<c0>BÉLICA </c>
105,#9R22CLGPG,Poteletubbies,0xffa2e3fe,28000347,35608,106,Hunter_Forever
106,#JLJGPGYL,ヅШОКОЛАДНИЦА🍫,0xffff9727,28000132,35545,107,hop hop xd
107,#2LGJ88CYG,What?,0xfff05637,28000226,35495,108,фк крим
108,#9PPPRJGUY,РАЗРУШИТЕЛЬ,0xffcb5aff,28000294,35427,109,☕|Frendship💥|⚽
109,#8YUR8PQPU,Denis25,0xff1ba5f5,28000271,35421,110,
110,#QUQU9UQ9,☄️HowlClaw☄️,0xffffffff,28000024,35317,111,
111,#9U0C0VY9V,nilspferd,0xffa8e132,28000152,35304,112,NO SKILL
112,#8QR9R0VC,red head pro,0xffa8e132,28000094,35268,113,True Faithforce
113,#L8J89VU0U,TEAMPLE_Brawl,0xfff05637,28000151,35200,114,Black Sea🌊
114,#2V0PL9C82,女|Ninja🎐,0xff4ddba2,28000248,35096,115,The Unique team
115,#82PYPC9UU,BlazenBlazer,0xfff05637,28000347,35072,116,SouL Crushers
116,#PY90G2PR2,hamzapro,0xffcb5aff,28000305,35065,117,<c2>LEGION</c>
117,#LJUU2PGRQ,SN|hobin,0xffa2e3fe,28000224,35056,118,4402
118,#8YYQJ09PR,DimBoy,0xffff8afb,28000023,35046,119,Türkiyem
119,#8GQLPJC8G,minomlebda,0xffffffff,28000060,34890,120,RPG Ecco
120,#9PYYP8CPV,⚡《BOLD|WARRIOR》,0xffa2e3fe,28000134,34853,121,64 bit
121,#VQYC80Y9,ЛЮТЫЙ,0xfff9c908,28000156,34851,122,SuperStars
122,#JLU82LUP,<☆《seba》☆>,0xffa8e132,28000244,34835,123,Panas Team
123,#PRLQ89R,ronron31,0xfff05637,28000017,34736,124,amen la bouteil
124,#9YG8QV8GY,☆Denalyn Price☆,0xff1ba5f5,28000314,34686,125,KingdomOfMaster
125,#8QP2RL8P9,C∆|B£,0xffcb5aff,28000065,34682,126,Poisonous Fire
126,#8PCGLJCYP,BSSaVeLia,0xffa2e3fe,28000054,34666,127,Nederland🇳🇱
127,#29JYJVPC9,season🌊,0xffffffff,28000173,34639,128,М5 PaTsI
128,#2P82PGGRQ,SF|TONY,0xffcb5aff,28000330,34546,129,<c5>Glacial</c>
129,#8RCJP99YV,ISA JURALA,0xfff05637,28000335,34389,130,Vikings - Sport
130,#QPCRCVGR,❇️MA®️T‼️N❇️,0xffff8afb,28000221,34382,131,zxc community
131,#2982JPQYU,[PBM]St®Ong,0xffffffff,28000000,34377,132,Ордин-Parabelum
132,#RVY9RG99,✓✓✓,0xffffce89,28000156,34377,133,XYLINET?
133,#PYPC0YU8P,ПОЗЗИ,0xffffffff,28000000,34293,134,Ушёл из игры
134,#99YGG8YR0,[БЛЕТ]kirill,0xffcb5aff,28000331,34211,135,pankakes
135,#LQRY8P28J,HiMan ²²⁸,0xfff05637,28000347,34208,136,pupku
136,#88RJPUP2P,Rafer40,0xffa2e3fe,28000060,34175,137,ESPAÑOLESFC1
137,#V2QYYYQ8,zhandr,0xff1ba5f5,28000041,34129,138,
138,#2Y8VY8JG,THUNDERSTORM,0xffff9727,28000101,34121,139,MSubwayM
139,#98VPCVP8U,{Julio},0xfff9c908,28000188,34064,140,Liga | Ice ❄️
140,#8GVVCRU20,alex stars,0xfff9c908,28000248,34063,141,les buteurs
141,#88820UJLJ,Leonard,0xffa2e3fe,28000089,34053,142,aury_twitch
142,#8GLPCPPQR,A~Z|🃏♠️,0xfff9c908,28000132,34045,143,المجزرة
143,#2UV9UJ0PP,[БЛЕТ]CHERE,0xffff8afb,28000274,34022,144,FRoSt1 Team
144,#PGULU9P8,✨Tonuᴸᵒᵛᵉ yₒᵤ☔,0xff1ba5f5,28000345,34006,145,
145,#Y8PUUCY0G,♤◇♧|Alex|♧◇♤,0xffff8afb,28000348,33945,146,Best Team
146,#P082JU92L,leon,0xffa8e132,28000101,33893,147,
147,#2YC2C0U0C,(MMA)Aksyub,0xff1ba5f5,28000069,33892,148,
148,#98U2GQ82Y,FANG/팽（╹◡╹）,0xff1ba5f5,28000081,33742,149,-FRIEND-
149,#Y9C8UCVG2,MARVIN|WOZATEAM,0xfff05637,28000221,33725,150,
150,#8GJUGVRY9,Huiissa 最高の,0xffffffff,28000139,33696,151,
151,#PGGQGQGV,MiniKev,0xff4ddba2,28000168,33672,152,
152,#PYGJ9GJ98,СамогоныйАпарат,0xfff05637,28000023,33651,153,SEMETSRY
153,#PPY90GYCV,ZETA INSO COACH,0xffa2e3fe,28000352,33630,154,Клуб:  #2GL0YQYLL
154,#9CV2YVCLR,bomber_yt,0xfff05637,28000290,33603,155,Семейка Цу
155,#8GG2P2YC,ㅎㅎ,0xffffffff,28000000,33539,156,어쩌다보니성인
156,#82QYU80Y2,Alex 8,0xff1ba5f5,28000168,33518,157,Бычье братство
157,#8RJYQG0RP,andaleк🐊,0xffa8e132,28000164,33498,158,ToppersBS
158,#982PURQUU,⚡XAVIER⚡,0xff4ddba2,28000137,33411,159,Qc|Delta
159,#89P8LYY0J,#hot dog,0xfff05637,28000272,33409,160,fraise
160,#LR908PU0,KillerGamE,0xff1ba5f5,28000156,33339,161,
161,#QGYL0CQY2,🎋gãrmãdôn🎎,0xffcb5aff,28000139,33314,162,
162,#8RYRLCR9J,Alex Gamming YT,0xffcb5aff,28000332,33287,163,2ch/yoba
163,#920Y9QLQ0,Hi im Fabi 🥀✨☔,0xff1ba5f5,28000126,33279,164,Ohio Club House
164,#2GVCY2CV0,ASD,0xffcb5aff,28000135,33182,165,Danil4ik41
165,#YGVYGCQC9,DarkKnight,0xffcb5aff,28000147,33174,166,ЛЕОН.com
166,#99QULY2J0,LL★REZ★,0xfff9c908,28000132,33158,167,game over2002
167,#9LPCUC8PY,corona vairus,0xff4ddba2,28000314,33154,168,Los Tryhards
168,#C02PVYPR,[volk]love,0xffcb5aff,28000228,33147,169,
169,#2Q0VJPV9,Bennett,0xffff8afb,28000255,33137,170,TRq squad
170,#88902GVR9,🇷🇺|Meywos,0xff1ba5f5,28000294,33074,171,Пушистые котята
171,#89L8RG2PQ,hack,0xfff05637,28000070,33018,172,3 Dark Towers
172,#2GYYGP2YG,NaVi|GogoAy🤤,0xffffffff,28000057,32986,173,40к в теме🖤
173,#9CRLJJP8V,✅KaRaSiK ✅,0xffff8afb,28000333,32935,174,Шампиньоны♿😎
174,#9URCPU2R8,Superjumper,0xffcb5aff,28000229,32895,175,Dutch Error
175,#2U09QQR0P,QLS|👻,0xffcb5aff,28000164,32891,176,ONE PIECE
176,#YPCP92J9G,PRO,0xff4ddba2,28000185,32806,177,Kaktus Polska
177,#2LJQGGG0P,тимоха,0xffcb5aff,28000330,32798,178,Russia
178,#88CCUPLGL,wout,0xfff05637,28000241,32743,179,TG4Y
179,#9Y9CYUG2P,amnice,0xffa8e132,28000207,32733,180,Nie ma drogi
180,#2JCLJ9U8Q,КАП. РОС. ФЕДЕЇ,0xffcb5aff,28000317,32716,181,ppsichokiddss
181,#9PGGRPVUP,juANO🥵😎,0xff4ddba2,28000053,32715,182,New Phyrexia
182,#8UQ2U8G2P,ГЕРМАН🦂♏🇧🇾👻,0xffa8e132,28000019,32709,183,MROCZNY BS🥋
183,#8VGJGVJY0,boom blaze,0xff4ddba2,28000170,32684,184,ItalianWarriors
184,#2LGGUVLL8,Damian,0xffcb5aff,28000022,32625,185,OG|Squad
185,#9R28YJ0C,Couthino,0xffa2e3fe,28000284,32599,186,🔮DarkLord🃏
186,#29Y88PQ8U,L2_B.A,0xff4ddba2,28000061,32544,187,
187,#P099YRLY2,Влад 275,0xffcb5aff,28000185,32521,188,СПУЙКИ
188,#888CGRUVG,пор,0xfff9c908,28000095,32483,189,UKRAINE 🇺🇦
189,#PY8PVCCLV,Gama,0xffa2e3fe,28000060,32442,190,
190,#2CJVCUJUL,Its_DaNoMC,0xffcb5aff,28000061,32369,191,FRESCOS
191,#VG888RQ9,мирный огурец,0xffa8e132,28000207,32334,192,Bink Town 2
192,#8RY0LYRQY,Сириус Black,0xfff05637,28000305,32325,193,СТРОИТЕЛИ
193,#8YP0YVQJ9,чемпион%,0xffa2e3fe,28000014,32316,194,
194,#PYVCPJVYJ,Otto_car010,0xfff05637,28000155,32305,195,Poland gamers
195,#2Y8PQPLCY,Charl’aiclair,0xff1ba5f5,28000085,32283,196,Brawl Fr
196,#28L0LCU8L,лёха228,0xffff9727,28000298,32274,197,Armia Polska
197,#28YYQGYLG,¥∆∆D.K.™∆∆¥,0xffcb5aff,28000135,32255,198,LEYENDAS
198,#2LQ0C0GG0,Super Brawler,0xfff05637,28000146,32228,199,A Few Gold Men
199,#2GJPVJQUV,🇹🇷『KÜRDO』,0xfff9c908,28000039,32214,200,<c4>KBX</c>
