,tag,name,nameColor,icon,trophies,rank,club
0,#2PQL2CR8R,Sacha.lbf,0xffcb5aff,28000170,59282,1,NEMESICE
1,#P8UY2R02C,Finnᵍᵒᵈ👿,0xff1ba5f5,28000175,56722,2,🎆Galaxy CM🌌
2,#2U2UYL88R,Semino c,0xffcb5aff,28000099,55765,3,ＳＴ<c5>Ｏ</c>ＲＭ
3,#8UVLV8QQ,VT |Giant,0xffa8e132,28000139,53633,4,self made
4,#90RP8V00,Primos Papí,0xff4ddba2,28000220,53623,5,Free WiFi ⛩🥀
5,#GRY9Y0CQ,ЧПЕРМА,0xffcb5aff,28000182,52439,6,LightWork
6,#8QC9UQVQJ,Max💙Gamerrul,0xffa2e3fe,28000163,52437,7,𝒮𝓊𝓃𝓈ℯ𝓉💕
7,#PCUPCQYGP,rippeep,0xffcb5aff,28000225,52217,8,Polish Zone
8,#Q8U8GLUPV,🏆Best🏆,0xffff8afb,28000004,49576,9,Best
9,#2VPR80UYC,Ren🖤,0xffff8afb,28000185,48387,10,
10,#9JPQUV8Y8,ANTOINE,0xffffffff,28000198,48229,11,The Phœnix
11,#8CUGGCCVJ,delta😎,0xfff05637,28000341,44530,12,NEVER WIN
12,#98G0GPL89,Yarik Kushinov,0xff1ba5f5,28000304,44444,13,$(ukraine)$2007
13,#YYQYQJJ8Y,ViCtOr iS oP💣,0xff1ba5f5,28000175,44316,14,SpainArmy🇪🇸
14,#8PQP8ULG0,我爱|xlitexzz 💘,0xff4ddba2,28000204,43399,15,NoMercy Team's
15,#88CPV0R2R,[s7]ĞŲCCĮ_scul,0xff1ba5f5,28000349,43105,16,КАКАХИ👆😓
16,#CU0YYPC9,Sͥieͣbͫeᵍᵒᵈ,0xffcb5aff,28000064,43001,17,NL|GANG
17,#90JVJUCGC,CherryBlossom,0xffff8afb,28000101,42918,18,velha guarda
18,#P29C8UC09,¢αяяу|ℓσνє уσυ,0xffcb5aff,28000333,42460,19,⭐️NY|New York ⭐
19,#J2U8PU80,NAVI|Venom💛🖤,0xff4ddba2,28000332,42180,20,VERY GOOD💯😎
20,#YY0LVPPR9,DÀRK×DÉMØN☔,0xffcb5aff,28000164,42156,21,S|A team🫀
21,#JRY9LJR,Xenovo,0xffff9727,28000170,42090,22,BRAWL BLOODS
22,#2QGQVJJV8,🤡GorOweK🤡,0xfff9c908,28000271,41919,23,TopClub
23,#8G0PV2V20,vamp🧛🏾🦋++,0xffcb5aff,28000207,41274,24,YKX GAMING
24,#9G0RQCJ9C,🥀⚠️cookie:)🥀⚠,0xfff9775d,28000140,41141,25,HAHA:)
25,#L98UYPRQJ,Zeta|Tensai🦾,0xffa2e3fe,28000132,40610,26,ClanPL
26,#YQ2YV80VP,Jerry,0xfff9c908,28000341,40456,27,Eden's Gate
27,#LRUJ8G2R,ROMAN REINTS ™,0xffa2e3fe,28000023,40352,28,LES FORGERONS
28,#8U2JRG9G9,QLS | TOPER🔥,0xff4ddba2,28000155,40274,29,NoMercy Team's
29,#9UUG2VVCV,ᴛᴛ|ғʀᴇᴍᴢʏ♡︎,0xffa2e3fe,28000352,39978,30,SKA|♤DENGER♤
30,#228PVLU9U,légendary_shado,0xffcb5aff,28000170,39928,31,Nom du club
31,#CJV0R08V,IO |🔥Legend🔥,0xffa8e132,28000277,39893,32,Ｓｏｌｄａｔ 🪖
32,#9VR9GU802,Melwin,0xffcb5aff,28000044,39286,33,Built To Win
33,#9JL92JPCY,DJ🎶SABIR🎶,0xffffffff,28000139,39251,34,UNIQUE PAIN
34,#9YULJPLPY,獄サブぽよよ！,0xffcb5aff,28000053,39238,35,黒い天国
35,#822JJ8UYR,71ฬT| EvilDead²,0xffa2e3fe,28000139,39056,36,71 ฬeed Time
36,#8V90CUVRQ,႔႔႔,0xffcb5aff,28000335,38900,37,✨Machine Gun✨
37,#PLCJQ9V09,Miguelangelo,0xfff9c908,28000167,38824,38,
38,#YPQVUG2U2,明天离民,0xffcb5aff,28000352,38797,39,莫提斯公司
39,#2089L8YPG,jose2006777,0xff1ba5f5,28000139,38796,40,Dark kings
40,#29YGRUCU0,PunchMyBrawls,0xffff9727,28000273,38795,41,The Lads
41,#QPL28J82,LILU-BOSS,0xff1ba5f5,28000352,38688,42,xxHackxx
42,#JC2PLG8,🧊IcE_Phone 🧊,0xffcb5aff,28000341,38383,43,
43,#8R0U8P8RL,Tom: Tube!,0xffffffff,28000179,38272,44,Seeker Start
44,#GP0PJGRV,SUPER555,0xffcb5aff,28000165,38244,45,FFA|TEAM🌀⭐
45,#YYQRQG,Th3_SalTyGuY,0xfff05637,28000226,38183,46,Bande Organisée
46,#8QUQUYR8G,༄ℓꪮω︎Bѕє︎η⛩️,0xffffffff,28000322,38057,47,WizardS&CO
47,#8L0UPJCCU,diana,0xffcb5aff,28000333,38033,48,Österreich
48,#Y0U2VJ2QL,♂️Monster♂️,0xffffffff,28000257,37873,49,абаб 24837
49,#2QCRL82YG,🍭S̷ᵒҡⁱɳɠ,0xff4ddba2,28000258,37861,50,WizardS&CO
50,#2YP882V08,❄️ice_piper1_❄️,0xff1ba5f5,28000228,37811,51,2 сестры 1 брат
51,#2QR2P2UYY,recepbaba,0xffcb5aff,28000246,37771,52,Sucurtalı Yumuk
52,#9VCLRGYQ2,i_❤️_Rabesocke,0xffa2e3fe,28000310,37439,53,LegendsOfToday
53,#2UPYYGRUQ,aras,0xffa2e3fe,28000330,37350,54,POWER STARS
54,#PU02QP9RC,zxc соня,0xffffffff,28000322,37172,55,Hope dies last?
55,#CULL8JR,⛩gan⛩2.6,0xff4ddba2,28000110,36908,56,Dream team
56,#8982VGUG8,матвей казёл,0xffcb5aff,28000305,36760,57,NoMercy Team's
57,#80QYJ2GG8,PRO KEREM,0xffa2e3fe,28000333,36625,58,kedi😽
58,#YG8GU2JQP,Fifi3,0xffa2e3fe,28000023,36613,59,
59,#898Q028CL,dani miau,0xffa2e3fe,28000297,36548,60,LOS DE SIEMPRE
60,#P88JC0YYV,itzandrey,0xff1ba5f5,28000225,36512,61,Brz_142
61,#228RY8YCP,tan4ick🚍,0xffa8e132,28000271,36421,62,
62,#2JU0CL2PY,𝕯𝖊𝖅𝖊𝕽🐣,0xff4ddba2,28000175,36155,63,
63,#29RJVQ89U,fire boy 3456,0xffcb5aff,28000182,35951,64,Пелемеши
64,#28RU2JJGP,Sami,0xffa8e132,28000057,35832,65,The Straw Hats
65,#8JVY2V9UR,주님 어린 양 한마리 갑니다,0xffa2e3fe,28000233,35557,66,마스터 클럽
66,#9LQQCR2PG,ᑕᖇᗩᑕKᗴᖇ ᕼᗩᑕKᗴᖇ,0xffffffff,28000345,35449,67,Feuerimperium
67,#20U92V2P2,룡이님,0xff4ddba2,28000048,35268,68,캡틴
68,#9U9Y0LQPG,350 gems,0xff1ba5f5,28000225,35001,69,kastana
69,#2P88LYCQ9,javi0909,0xffcb5aff,28000002,34952,70,
70,#89JPJ0LY9,ㅁㅈㅇ,0xffa2e3fe,28000352,34744,71,숙팸
71,#8CVG820G2,#123654,0xffff9727,28000347,34571,72,FrenchFries
72,#2Q0V0GQ22,GG|Smoozy🪐🌪,0xfff9c908,28000242,34535,73,FR | BS🇨🇵ツ
73,#2JC2QQLLP,⛩️|Տᵉᵇʸʟᴏᴠᴇʏᴏᴜ☂,0xfff9c908,28000254,34504,74,Coelum
74,#PPVRJ0G8Y,жека баунти,0xffcb5aff,28000062,34473,75,
75,#20L28V8CQ,Арс,0xfff05637,28000285,34432,76,Ячмень
76,#YQPUCGR2,elnietodelapili,0xffa2e3fe,28000252,34279,77,
77,#8Y0QLJQGY,cosmoe,0xffff9727,28000136,34130,78,Ricochet
78,#989CV2CV0,<<^Nudel^>>,0xffff9727,28000052,34125,79,Austria United
79,#2YY9L8Y0Y,젤리맨,0xffffffff,28000335,34097,80,교향묘교
80,#9YQV8JP0U,𖣘ᴰᵃʳᴋ᭄ꮯꮎᏼꭱꭺ🐲࿐,0xffa8e132,28000003,34024,81,Try🐣Hard
81,#PL9QVYQQ0,MC | Slippy💗🐣,0xffffffff,28000139,33816,82,
82,#282GG00YQ,Святослав 005,0xffffffff,28000132,33792,83,Unlimited Force
83,#P2PRLGYUL,Мурзик scp,0xffcb5aff,28000294,33746,84,The Shotsize.
84,#C0CVPLUQ,🎭AD{Abda06}$😜,0xfff9c908,28000218,33656,85,Brescia Gigli
85,#8RUU0C2QP,serabbvb,0xffff9727,28000293,33383,86,LePallDeMeNon
86,#9QCUYC2YC,razorzsharp,0xff4ddba2,28000260,33268,87,WeLiWeLoWeiJie
87,#Y202JY9J,GX default,0xffa2e3fe,28000207,33167,88,THE BOSS
88,#2LQRRRLVU,_Poslov_206,0xffff9727,28000154,33145,89,
89,#8C2JP8228,_NIDIN_,0xffffffff,28000000,33104,90,S.W.I.X 舎
90,#8LRGV2LCJ,Miki,0xfff9c908,28000132,33099,91,Kolce Spajka
91,#9JVR828C8,c'est celui qui,0xfff05637,28000293,33073,92,animés for life
92,#2UC8GL8PG,Kretyn,0xff4ddba2,28000174,33067,93,3 ziomale
93,#9J28CQ92P,Человек паук🕷️,0xffffffff,28000352,33022,94,Агро пупсы
94,#2JQYVU0RG,LOPERA,0xfff9c908,28000278,32954,95,
95,#PRVQYQ08,Brawler,0xfff9c908,28000132,32913,96,🤡🤡🤡
96,#9P8J2CJ98,Finlay,0xfff9c908,28000156,32885,97,Die Bros
97,#L290P90J,BlaCkSqUaD(YT),0xffcb5aff,28000271,32785,98,Tic_Et_Tac
98,#9QPVJ9GYJ,_Драчомэн_,0xffa2e3fe,28000078,32753,99,wEEd friends
99,#98J0J09JR,Bot 7,0xff1ba5f5,28000209,32751,100,Rocket Stars🚀
100,#8GV0P8LRG,Slavko2012,0xffa2e3fe,28000163,32663,101,SniperPro™🦹
101,#PQP0C2JGQ,DuneZ,0xfff05637,28000140,32635,102,Gigaczady
102,#V8QPL89,Silver,0xffa2e3fe,28000322,32597,103,BBLs
103,#8QG9ULLYL,Night | Furry🌌,0xffffce89,28000175,32589,104,
104,#PURLRYJUU,GotNoBrawls,0xffa8e132,28000016,32583,105,
105,#92YPPYR0P,Шушарэ1️⃣,0xffcb5aff,28000335,32425,106,spocone małpki
106,#8JYGL9RLR,T_King424,0xff4ddba2,28000037,32272,107,Ghost Leons
107,#LVLJ8VLPR,mehdi,0xffa2e3fe,28000330,32251,108,LE LEGGENDE
108,#8CU2JLL2V,бублик,0xff4ddba2,28000332,32237,109,
109,#9YCP2LJPG,asaf,0xff4ddba2,28000058,32231,110,AFERİN
110,#9JL2YL9V2,Ігроман,0xffff8afb,28000170,32165,111,пруфы
111,#PGGUJ0QRC,ㄒ卂ㄚㄥㄖ尺,0xff4ddba2,28000091,32156,112,Inferno Dynasty
112,#YG8LPV0UG,DIYAS_008,0xffffffff,28000000,32090,113,Guardian Elite
113,#89YL98Q2P,victroller,0xffcb5aff,28000044,32058,114,Team troll evo
114,#8RV2QJCQ0,MİRAN,0xffcb5aff,28000352,32024,115,SPY|Club
115,#P02VC99PQ,мяч2,0xffcb5aff,28000132,31912,116,ТРУСЫ ГОДЗИЛЛЫ
116,#8UVRVYYUJ,леон,0xffcb5aff,28000141,31886,117,KRASNOYARSK
117,#20V2UPLUP,LickMyBrawls,0xffffffff,28000170,31876,118,CN Esports
118,#8Q22PYPJL,val,0xfff05637,28000330,31830,119,Amigos
119,#8G8J2229C,felipe_rm😡,0xff4ddba2,28000332,31809,120,LOS DE SIEMPRE
120,#Q98Y2QL0P,Бог,0xff4ddba2,28000182,31709,121,kebabik21
121,#Y0Q0Y9UUJ,TTM|KING.D🗿👑,0xffcb5aff,28000129,31644,122,
122,#8YLP8VJQ2,👑ᄃӨPPIƬ 👑,0xffa2e3fe,28000254,31509,123,RincónDeChori
123,#PRP89YY9U,robzi,0xffa2e3fe,28000175,31490,124,Eternal
124,#9PPUQYPR8,СПИДРАН 50К,0xffffffff,28000257,31485,125,абаб 24837
125,#8Y2VR0PLY,3bit,0xfff9c908,28000139,31459,126,the salut clan
126,#PJQ8J8RJ2,t1mka73 LDNN,0xffa2e3fe,28000223,31386,127,ГРЕМЛИНЫ
127,#80R2QCGRY,salih pıro,0xfff05637,28000320,31314,128,🌹{K+S=❤️}🌹💘
128,#J9RLYVRU,™°LORD|HASAN°™,0xffffffff,28000297,31305,129,Exercitus YTB
129,#9LQQJG9GV,(vr)verter,0xff1ba5f5,28000219,31277,130,Мишка Фреде
130,#2JVQJ929P,Asencio13🇬🇹😎,0xffa2e3fe,28000348,31224,131,Dark King
131,#PJ22Q0C0Q,⚔️やiͥzzͣaͫᴳᵒᵈ⚔️,0xffa2e3fe,28000225,31224,132,
132,#PQLPR0R2Q,☆𝕊𝕥𝕒𝕣☆,0xffff8afb,28000248,31204,133,proXWorld
133,#229LJ8C2G,spike,0xff4ddba2,28000132,31169,134,Sucurtalı Yumuk
134,#20GLLGUG2,Dog,0xff1ba5f5,28000226,31158,135,
135,#ULRRRL0C,☆anassbom☆,0xffa2e3fe,28000255,31137,136,Brescia Gigli
136,#2J9YUVR8,NinjaPro,0xff1ba5f5,28000229,31109,137,🔞🔞🔞
137,#YUR29RRV,SUPERSTAR,0xfff05637,28000023,31098,138,TURK<c2>ISH</c>
138,#JCPGQPPR,AQM|PROTIPS,0xffcb5aff,28000305,31081,139,Only Goats
139,#PPLGLJ8QU,саша,0xffcb5aff,28000264,31069,140,
140,#C92URPC0,🎮Asier🏅,0xff4ddba2,28000037,31042,141,
141,#9PP8PUQ2R,(бан) ярик,0xffa2e3fe,28000225,31035,142,12пр
142,#8Y90C2VQQ,Mini_Zlob@,0xffff8afb,28000070,30887,143,Royal Tigers 2
143,#8LU0LYLGV,Clem le pro,0xff1ba5f5,28000171,30845,144,
144,#YPYUQQJ8R,IceDream❄️,0xffffce89,28000280,30743,145,wallmart kkk
145,#2LL2UGVY2,⛩Rzm|64🥀,0xffa2e3fe,28000155,30743,146,чинчанчон
146,#Y9GVCJJCR,Bucketmilk,0xfff9c908,28000352,30689,147,jaja wurst
147,#2RP0R09UL,[AT]Tratatashka,0xff4ddba2,28000248,30688,148,
148,#9U0VCCQVJ,oliwier,0xffa2e3fe,28000064,30663,149,Polska Ekipa
149,#YV88LPV2J,@ölüm savaşçı!!,0xffffffff,28000000,30606,150,Soulflex❥
150,#Q0V2LUJYR,Ice🇺🇦angel,0xffff9727,28000278,30598,151,
151,#2VPPLRLR,⚽️CR7крутой⚽️,0xffffffff,28000023,30551,152,imperio de menz
152,#JCV80Y0Y,わお WoW 🌊,0xff1ba5f5,28000071,30531,153,The best team
153,#9CULPJ282,амбер пж,0xfff9c908,28000330,30519,154,Polska gurą
154,#L2P288PQ,~| Swoxy |~,0xfff05637,28000014,30509,155,CRAZY|TEAM
155,#8RP98YLJV,짱구,0xff4ddba2,28000149,30397,156,홍이방
156,#99V2RRU90,k❤šhąķ,0xffcb5aff,28000222,30349,157,
157,#2VP9P2CRY,아짱,0xffa2e3fe,28000341,30348,158,짱짱맨
158,#PJVYUP9GU,moi,0xff1ba5f5,28000262,30325,159,BIG Trini
159,#Y0R9YC9CL,GameEsistPlay,0xffcb5aff,28000165,30256,160,
160,#9RPU22U2V,tomar753,0xfff05637,28000273,30255,161,🔥ROCK STARS🔥
161,#8UQUY9PPL,vokdi,0xffcb5aff,28000175,30211,162,геи
162,#JCJLUPGY,RK |TIROPIJON!?,0xffffffff,28000279,30166,163,Les rats
163,#9099ULCP0,[ЖМЫХ]SOZDATELL,0xffa2e3fe,28000164,30080,164,
164,#YG9UQVPY,Antivirus,0xfff05637,28000063,30072,165,LOS PIERNAS
165,#CC9LQURV,Xenon,0xffa8e132,28000070,30046,166,
166,#P8VCJGCLL,Dikser,0xffa8e132,28000017,29963,167,
167,#YLU02YVQJ,солевая,0xffa2e3fe,28000016,29905,168,
168,#PLCLYP228,Navi/серый волк,0xffa2e3fe,28000132,29880,169,игроки в школе
169,#9202PR28U,marcelbro,0xffff9727,28000064,29755,170,
170,#Y0JQ2JP29,[БАН] Никита,0xffffffff,28000139,29738,171,Shootys gang
171,#QUVJLJJY,TQ|Mateopelu20,0xff1ba5f5,28000179,29704,172,Mutacion Global
172,#UG9GJ892,TT|PYPER.BS💔,0xffcb5aff,28000003,29669,173,Braweeel🥺🤙
173,#2G2PQ0Q2,eliesğer,0xfff9c908,28000170,29616,174,YAŞMA_999
174,#YRLQR2GR8,Mathéo,0xff4ddba2,28000180,29589,175,l'akatsuki
175,#LL929GUPJ,Der killer,0xffa2e3fe,28000347,29554,176,M5B
176,#YGGPC989R,####,0xffffffff,28000156,29545,177,Поносники
177,#U0VVQ228,Bot 9,0xffff9727,28000299,29543,178,Insanos
178,#L8JQ92PGL,eNot,0xfff9c908,28000169,29524,179,
179,#2LJYCVYYL,ICE|A L M₁₀₀,0xffa2e3fe,28000128,29499,180,ICE|BRAZIL
180,#RCUPUUPP,know you loser,0xffcb5aff,28000046,29468,181,три даунихи
181,#YG8V00RYG,🌪₮ØɌ₦₳ƉØ🌪,0xffa8e132,28000132,29444,182,
182,#2YJ9JU8CJ,killer,0xfff05637,28000352,29434,183,Армия Спайков🌵
183,#8V8RYQJ9L,você não,0xffa8e132,28000253,29426,184,
184,#9YUG8CQV,CROW,0xffcb5aff,28000014,29361,185,NoLiverZ
185,#LC00Y2J,mixa павук,0xfff05637,28000058,29313,186,🖤DARK|HOUSE🖤
186,#9YV8JCCJU,☽✞ɨʍʍօʀȶǟʟ✞⚕,0xffcb5aff,28000220,29304,187,лecбиянки
187,#YYPQCGLC,Matvey4ik,0xff1ba5f5,28000132,29226,188,ХАДИ ТАКТАШ
188,#8G8Q22CPL,LE PROFESSEUR,0xff1ba5f5,28000085,29223,189,Les Durs
189,#P29L98QC0,dragosx,0xfff9c908,28000332,29193,190,I 703
190,#VP90U0YQ,tomar753,0xff4ddba2,28000037,29182,191,MECUDE
191,#9QYUQLP0Q,urso polar,0xff4ddba2,28000059,29182,192,Forever Us💜
192,#80Q0PCC8,ZØ |MamBl,0xffcb5aff,28000179,29161,193,
193,#22VU0CUUR,PvP Azima,0xffff8afb,28000228,29138,194,Mystik of Gamer
194,#PVYL00LGL,qwer1111,0xffa8e132,28000164,29115,195,HARD DARK
195,#PGCRC9YV0,Cauã o good,0xffcb5aff,28000044,29107,196,emgal
196,#8UJV9UPPU,аsаsиnчuк,0xffa2e3fe,28000228,29087,197,
197,#P2JL0VVV,៊។ុំ,0xfff05637,28000154,29059,198,KiBeR Elita
198,#9Y2VYRP0C,dodolin,0xfff9c908,28000332,29041,199,Arya Wolf
199,#PYP0VCUU8,pro10rciro,0xffcb5aff,28000314,29016,200,ItalianLegends
