,tag,name,nameColor,icon,trophies,rank,club
0,#2PPYRG2JP,vsode🥱,0xffffffff,28000308,71340,1,Quant ESports🐾
1,#8CYRG0JU,SmOcKoOlabツ,0xff1ba5f5,28000243,70120,2,Moonlight 🧚🏻
2,#L8J9JJVC,Across🦭,0xfff9c908,28000338,69260,3,INVICTOS 2
3,#L28QCCPV,Sr.Goma,0xff4ddba2,28000333,69190,4,
4,#8LRGQ8QRQ,abc|Mr sergio🍉,0xffcb5aff,28000305,67600,5,RawrLovers
5,#9RJPPG800,¥El Sicario¥,0xffff8afb,28000244,66905,6,⚠️₣นєгʑαร єℓἷτє
6,#808V2PP8J,光|🔥HackSaw🔥🖤,0xffcb5aff,28000286,66186,7,☠KillerMachines
7,#P98LPG9GR,JESSI❤,0xffcb5aff,28000244,66173,8,☠KillerMachines
8,#LVPCYLQQ,™K~J™,0xff1ba5f5,28000303,66025,9,BICHOTAS :3
9,#2PJCVV89Q,LR|Jøhn▪︎¹³🌀,0xffa2e3fe,28000139,65085,10,AT|GALAXY XI
10,#J02Q0J0V,Marcozz ツ,0xffcb5aff,28000206,65020,11,MegaPigEnjoyers
11,#8CCRQ00GQ,⃟≛⃝Jaedry🗡️,0xffffffff,28000000,64657,12,Lasting Guard🎲
12,#GCV8YCVL,🌨️•Killer•恆,0xfff9c908,28000347,64491,13,Chapulines 🦗
13,#282V8C0LP,AℒℰX,0xffa2e3fe,28000349,64102,14,Moonlight 🧚🏻
14,#GV8YPJ8U,axel 999,0xff1ba5f5,28000292,63476,15,☣️STAR PLAY☣️
15,#GCGY0Y80,Diegooo.N🦁,0xffff8afb,28000098,63305,16,Moonlight 🧚🏻
16,#Y0R0Y8RY,Charlz🦝,0xffff9727,28000306,63137,17,Moonlight 🧚🏻
17,#J8LPCLR9,⚠Ramsey✊⚡,0xffffffff,28000179,62448,18,AT|GALAXY XI
18,#228GPRPU,HDF|Seebass,0xffa8e132,28000257,61891,19,RawrLovers
19,#8QJLYCC,J𝙲|Jeffersoɴ,0xffff8afb,28000225,61794,20,king Shango
20,#PGUU90C0,IK|!Alexis,0xffffffff,28000023,61757,21,Minecraft PE
21,#VVLQ88JU,Gary戦え,0xffffce89,28000348,61619,22,Unión Soviética
22,#80U2JJVLC,🔥Ëscanor🔥,0xffffce89,28000076,61383,23,OverComingUNV😈
23,#YLYVP0RPJ,el A supercell,0xfff9c908,28000293,60499,24,Bl4z3 brothers
24,#CV9YUJ0G,𝐎𝐒|Oliver9133,0xfff05637,28000061,60288,25,outcasts
25,#8Q2C00V2,Yansfer,0xffff9727,28000349,60257,26,Imperio LatamGG
26,#YLCLYJYUY,༺BS-Ǥeo༻,0xffffffff,28000196,60042,27,OG|UNITED
27,#YPUL09U,M⊕rph⊕šïš☯️,0xffff9727,28000224,59984,28,Chapulines 🦗
28,#8R0RP0U9V,ホᴘᴀɪɴ♡,0xffffffff,28000011,59944,29,家DarkMoon|🖤
29,#8GQQGUV2V,William🐼🖤,0xff1ba5f5,28000207,59716,30,❤Jass&Crispin❤
30,#8LUGL9UY9,Alkaあ👾,0xfff9c908,28000124,59474,31,Ash's Club
31,#RRCJLQR,Twiskieネ,0xffff9727,28000020,59474,32,Clan #2RJRLGQUY
32,#89YPL9RL0,Kevin🪐,0xfff9c908,28000159,59096,33,Vitrious Legacy
33,#YPGP0G8Q,AC|夜Xirúm ⚡™,0xffcb5aff,28000129,59077,34,家DarkMoon|🖤
34,#GJUULYQ,JuAnPa☢,0xfff9c908,28000228,59053,35,
35,#VYQU90R,🌟THE_FOR_KIL🌟,0xfff9c908,28000292,59037,36,Guatemala 502
36,#GUCCJPU,🐢JimCast🍃,0xffffce89,28000184,59011,37,MegaPigEnjoyers
37,#2YU2QJJQP,GX|Guaca 🜲,0xffa2e3fe,28000116,58840,38,DoomStars
38,#RRGGVUC,TG | Torkeneydo,0xffa8e132,28000348,58664,39,TEAM QLS🇲🇽
39,#GUYC9GU0,Luis gustavo,0xffa8e132,28000044,58561,40,AT|GALAXY XI
40,#L8YCQ2U8,✰ᴳᵒᵈ|Ian_Z.ツ✰,0xffff9727,28000213,58462,41,Moonlight 🧚🏻
41,#V28PRL9L,JRBM341,0xffa2e3fe,28000094,58373,42,LA Tikal
42,#GUQY9VGP,Joah 🍪,0xffffce89,28000108,58082,43,NA Friends
43,#2R2RVR2LL,藩主 | Sai 🎌,0xffa2e3fe,28000333,57876,44,BootyGang
44,#CY0L0JL,Jeff ☆,0xffcb5aff,28000279,57789,45,☠KillerMachines
45,#CYQ9YGL,Edwin6,0xff1ba5f5,28000305,57696,46,☠KillerMachines
46,#8RRURPC2,Javivi 2.0,0xff4ddba2,28000332,57565,47,Sanfe Stars
47,#2C0V8YUY,Andres,0xff4ddba2,28000138,57508,48,Black Obsidian
48,#90CR8PYJ9,♥️LETICIA♥️,0xfff05637,28000093,57479,49,CHAPIN GT
49,#8JUVVJ9QL,❥ ₣σrεvëɾ,0xffff9727,28000347,57404,50,Chapulines 🦗
50,#9UQP0JR9,BlackWizard,0xffff9727,28000352,57379,51,VLG Cursed🥀
51,#8UCJR99R0,✇|Trebor ❦,0xffcb5aff,28000302,57379,52,Fast Meteor
52,#898ULC0PP,Em@nuel,0xffa8e132,28000205,57350,53,☠KillerMachines
53,#P0JGGP8UL,PSG/FERNANDO,0xfff05637,28000130,57304,54,Rebuild Nature
54,#28GJGUV98,Estuardo,0xffff8afb,28000276,57294,55,Clarity Realms
55,#Y09QCUQGL,Simp de Bea🐝,0xffff9727,28000293,57249,56,SKELETON|TEAM☠️
56,#PCGUPY0PG,STMN|JOSE,0xffffffff,28000302,57093,57,anomaly
57,#2G8L9J288,JONATHAN 8_YT,0xff1ba5f5,28000095,57085,58,☠KillerMachines
58,#8RRUL22Q,CAZ|Gabriel BS⚡,0xffcb5aff,28000328,56853,59,Cruz azul
59,#P0JL20RYJ,Mario...xE,0xffffce89,28000279,56813,60,Most Wanted
60,#UYP8QCUC,GT|LuisMoran845,0xfff9c908,28000123,56765,61,Moonlight 🧚🏻
61,#LGQ9CRY,⚡MR.EDD⚡,0xffa2e3fe,28000349,56749,62,NC
62,#980RY9JC,Gudieltupapi,0xffff9727,28000348,56708,63,Guatemala 502
63,#RRUG9V8R,QLS|Tiberus GT,0xff1ba5f5,28000134,56601,64,gatinsanos
64,#8QPCC0P2,UC|Alejandra🃏,0xffff8afb,28000220,56600,65,Brawlsito
65,#922PCUYCG,着| Bxrrekzy•🦭,0xffcb5aff,28000135,56564,66,Mystic
66,#PYJJVCYVR,PT|฿ℝ๏gͥliͣnͫ🃏,0xff1ba5f5,28000014,56547,67,FuriaDeChester
67,#288JVG92,A21|Anthony🍥,0xffcb5aff,28000286,56378,68,🌵LX Team🌵
68,#PL82CQ8LU,AxE-_BUNY🥀,0xffffffff,28000096,56357,69,AxE Gaming
69,#8RJ8R0L99,INL|Zamas💥🗽,0xffffffff,28000347,56236,70,Types of steel
70,#PYRU809L2,SF/Ale YT 2210,0xffff9727,28000334,56234,71,☠KillerMachines
71,#8G0P0U2,DziTrz|Ibañez,0xff4ddba2,28000201,56123,72,Brawlsito
72,#2JJUGUR2P,César 🇬🇹,0xff1ba5f5,28000293,56075,73,<c4>OMEGA X</c>
73,#Y8UVUGJGV,",あS̸Ħ₳D̸Ø₩ᴷᶤ🦑",0xffff8afb,28000347,56039,74,☠KillerMachines
74,#28LCQR98,♠王⫷ʟeͥօnͣeͫl⫸様♠,0xff1ba5f5,28000352,56032,75,ElitePhoenix🔥
75,#8GLGRG2QJ,親|WaLteR 🐣💛,0xff4ddba2,28000122,56031,76,☠KillerMachines
76,#22P9VYYU2,⚡彡GSoℓαreร彡⚡,0xffcb5aff,28000291,56023,77,Sanfe Stars
77,#8VCV8PU9V,choco melvin,0xffcb5aff,28000305,55880,78,Hermanos Santiz
78,#L2J9YUQ2G,negrito mix 🍇,0xffffffff,28000322,55866,79,FireLight❤️‍🔥✨
79,#20UG0VJR,yo soy anyerlo,0xffa8e132,28000288,55827,80,Hydra Eternal
80,#9RQ90Y8V,Angel98,0xffff9727,28000262,55794,81,México Top♡
81,#GR0JC0P2,IK|Jҽϝƙα,0xffa8e132,28000305,55757,82,ᴄʜɪᴋᴏʀɪᴛᴀs🌱💚
82,#VVLVJ000,Andrew,0xff1ba5f5,28000335,55619,83,
83,#9VJPG9PP,Night,0xff1ba5f5,28000262,55568,84,Lunatic Team
84,#GJ09QRQ9,☆DIMAS☆,0xffffffff,28000262,55556,85,
85,#22J2YJQPV,♤SGT|Esdras♤🖤,0xffff8afb,28000207,55543,86,GＥＮＥＩRＹＯＤＡＮ🕷️
86,#8200RU2U,JDE|Alejandro™®,0xffff8afb,28000173,55491,87,☠KillerMachines
87,#PRQP8YG,Dark Calderón,0xfff05637,28000349,55478,88,＊ᴛᴇᴀᴍ⸙͎ᴇʟɪᴛᴇ＊
88,#PGUGCU9GQ,〖Ｇａｂｙ〗🌺,0xffffffff,28000188,55368,89,Black Hearts🖤
89,#20UVVRRGL,亀𝙊𝙢𝙖𝙧⚔️⚔️,0xffcb5aff,28000228,55333,90,<c9>TC</c>2|🦆
90,#2YQ98GG9P,Crispin🛸¹⁵,0xffa2e3fe,28000346,55244,91,❤Jass&Crispin❤
91,#229GRGVGV,RoGerciToow,0xffcb5aff,28000331,55144,92,Lasting Guard🎲
92,#80Q90809G,NC,0xffcb5aff,28000254,55132,93,Tabancurados
93,#YGLGCR08,Elpapileal,0xffcb5aff,28000002,55087,94,AW
94,#CUV0Y89,Dark S.,0xfff05637,28000156,55033,95,Demons Sikarius
95,#RGL9YVRR,AS✮Maribells,0xff4ddba2,28000163,54953,96,»✮«ALL STARS»✮«
96,#9GPG0CCUC,҂Badfacetoxic♛︎,0xffffffff,28000234,54899,97,
97,#YGUQ9UPY,Hunt£r_W0LF,0xffffffff,28000184,54870,98,Diamante Elite
98,#CJR09Y9Q,Super Goku,0xffcb5aff,28000224,54868,99,French Army
99,#2V8R2C2Q8,NS|🌻Sunflower⚜,0xffff9727,28000046,54855,100,BadboysCrew
100,#8G8G8PYUV,Edwin,0xff1ba5f5,28000168,54818,101,CRISTIANOS
101,#U20JV02,Flambeh,0xffff9727,28000109,54786,102,Clan #2RJRLGQUY
102,#8RYJ9RVP,⌁Mя.Sєвαѕ🥷¹³,0xff4ddba2,28000052,54761,103,🌵LX Team🌵
103,#29UU922LY,夜|💫Derierí💫🥀,0xffff8afb,28000095,54724,104,1st Generation
104,#UYVY2GJ,Nskq🪐,0xffffce89,28000298,54651,105,
105,#9LV2YCC,Edgar¶,0xff1ba5f5,28000339,54612,106,Guatemala 502
106,#2URGPRP02,MayCoL,0xffcb5aff,28000224,54571,107,<c9>TV-SCAA</c>
107,#JVJR8RP,Kurumi Tokisaki,0xffa8e132,28000140,54485,108,Brawl🔱Academy
108,#R80CC0QL,'ClanLord',0xff1ba5f5,28000335,54436,109,Dark Legend
109,#9L9YYUY8R,Crish,0xffcb5aff,28000125,54425,110,Kawtheros
110,#Y0CL9YVL0,SAMUEL,0xffa2e3fe,28000322,54420,111,☠KillerMachines
111,#8PPYPPY2,TWG|Alejo,0xff1ba5f5,28000203,54362,112,TWG|COMMUNITY
112,#GCUVVQPY,P.J.Greason,0xffcb5aff,28000101,54354,113,Team Canada
113,#CC8L8U02,El Nuevo Rey,0xffff8afb,28000305,54346,114,|GT|Dark|Slayer
114,#PUVRQQGYV,Karina :),0xff1ba5f5,28000201,54317,115,LIVE EN TWITCH
115,#GYVRQGUP,Tulio Triviño🌝,0xff1ba5f5,28000310,54311,116,BGamers
116,#290G0VU0L,McLovin,0xffa8e132,28000312,54307,117,SPTN;gaming
117,#P8UPPP92V,Alyson♡,0xffcb5aff,28000139,54304,118,My Little Pony
118,#2R2RL928J,Chino :v,0xfff9c908,28000095,54296,119,LEGENDARYS
119,#UVULP8R0,RQT,0xfff9c908,28000279,54271,120,☠KillerMachines
120,#UCP2U8J8,Espada4,0xffa2e3fe,28000272,54226,121,Hermanos Santiz
121,#LP2JVLR0R,😶‍🌫️GEO⚡️,0xffff8afb,28000037,54219,122,LosMamiRicos
122,#99RQPJPCR,IKafzyel,0xff1ba5f5,28000346,54189,123,Army Of 300 II
123,#L9VCG2UV,德|ᴸᵘᶜᵏʸAdrian,0xffffffff,28000140,54018,124,LA Instinct
124,#RQ9J8VY,adrian,0xffa2e3fe,28000279,53998,125,Demons Sikarius
125,#8YQ9JVU0L,Jejocruz,0xfff9c908,28000102,53965,126,☠KillerMachines
126,#89PRJQV0V,rjaviersbriones,0xfff05637,28000170,53944,127,bala de plata
127,#2P9VJ9JC,Sander|MercuryE,0xffff9727,28000341,53915,128,La Casa D Papel
128,#28YCJ8PL,unrealyeto,0xff1ba5f5,28000330,53896,129,★J.O.K.E.R.S★
129,#82GRYGRVU,Juanito🐢💚,0xffcb5aff,28000297,53845,130,Pollos Hermanos
130,#2PPV20GC,⭐IAN⭐,0xffffffff,28000060,53807,131,BluCrüe
131,#9P2QJY98Y,AQM|ᴅᴇɪᴅᴀʀᴀ 🐣♥,0xff1ba5f5,28000280,53803,132,Darkbrother ll
132,#GGUVJPU,𝕯𝖆𝖓𝖎🖤🐥,0xff4ddba2,28000206,53777,133,Team Elite 🥀
133,#8QPYR0C8R,™𝐈𝐯𝐚𝐧420,0xffffffff,28000278,53682,134,AX|ARMANIX⚡️
134,#2JCJP2GQU,⛩️ŁK¹๛ | ™Skull,0xff1ba5f5,28000078,53643,135,<c9>RedArmy</c>
135,#CYVURJQ,Nefstany,0xfff9775d,28000262,53643,136,~KuroNeko~
136,#2022JG2VJ,zorroGT19🇬🇹,0xfff9c908,28000332,53576,137,La Eagles
137,#GP9PV8PJ,⭐STS|Cry⭐,0xffffffff,28000273,53499,138,1st Generation
138,#82UJ02P0G,nullf2,0xffcb5aff,28000348,53484,139,<c7>EndGame</c>
139,#99RGYQQU,Frankusky,0xff1ba5f5,28000273,53464,140,Viciosquad
140,#29LUQ002G,Ema,0xffa2e3fe,28000147,53457,141,❤Jass&Crispin❤
141,#22Y0V9PJ,Itsvinicio,0xff1ba5f5,28000215,53402,142,「RealArmy」
142,#9VRUCUC22,SadBoyDiker:(,0xff1ba5f5,28000233,53400,143,T.Cyberneticos
143,#YV0QQJ8L,DziTrz|Josemher,0xfff9c908,28000256,53398,144,Brawlsito
144,#YR8UG9Y0U,(๑♡⌓♡๑)Jajaja,0xffa8e132,28000179,53398,145,huachicoleros
145,#22PJQ9JR9,AnDY🥞,0xffa8e132,28000150,53351,146,
146,#9URVC28C,garcia,0xffcb5aff,28000005,53326,147,Hermandad Starr
147,#8ULLC0RUY,BM,0xffff9727,28000348,53297,148,Nuevas Leyendas
148,#PPYG000VV,•GHØSTEMANE•,0xffcb5aff,28000262,53294,149,
149,#922U0V8,Manuel,0xffa8e132,28000267,53274,150,❤Jass&Crispin❤
150,#PURU0L9,Tricky,0xffcb5aff,28000226,53120,151,
151,#2080VUPY,弟|Nishinoya,0xfff9775d,28000123,53086,152,Manguitos
152,#UC999U2C,MataCR,0xffff9727,28000328,53074,153,CR Sports
153,#2922URYR,aGusst,0xff1ba5f5,28000352,53060,154,A # A PROS
154,#LVV2QJU2,♤мσυรє♤,0xffa2e3fe,28000092,53050,155,❤Jass&Crispin❤
155,#C99VQU2C,ᵃᵇᶜ|𝓕𝓻𝓪𝓷𝓴,0xffff9727,28000299,53050,156,☠KillerMachines
156,#9C8UQP9P,iEma😶‍🌫️,0xffffffff,28000095,52954,157,Chapulines 🦗
157,#YJ22C2QJ,=DEREK=,0xff4ddba2,28000179,52884,158,Bonnie's clubs
158,#8R8U0RLJ,FullLegendZ,0xffcb5aff,28000305,52883,159,Demons Sikarius
159,#P99YUVG9Q,ゲイ|Pøp🍁,0xffffffff,28000191,52868,160,podpivmaxers
160,#8J9GV0C29,Eliu 🐣❤️,0xffa8e132,28000335,52846,161,Ice Souls|☃️❄️
161,#2GCY92JQY,Crypi~sama,0xffcb5aff,28000095,52831,162,Poshos Dorados
162,#UCUG2RCC,ѵαɳεรรα🧸🖤,0xffffce89,28000095,52802,163,Patas de Nita
163,#JL8YC80R,˚ ๛*๑Mel🧊๑​•˖*,0xff1ba5f5,28000018,52756,164,Black Hearts🖤
164,#9GPQUJ298,⚘◦𝓵𝓮𝔁𝓸,0xffffffff,28000341,52744,165,Ecuador 🟡🔵🔴
165,#2YJYQRJ2P,JuanchoAG,0xffa2e3fe,28000222,52734,166,Destiny Gaming
166,#82VVYP899,Samuel🇬🇹,0xff1ba5f5,28000196,52722,167,
167,#GRJ8U0PR,DA|JefferYT🇬🇹,0xffcb5aff,28000002,52715,168,"""DA-MARRIOT"""
168,#2UJR89YJY,TAKIS,0xff1ba5f5,28000083,52679,169,|GT|Dark|Slayer
169,#P02P0LV2Y,jeshuita,0xfff9c908,28000176,52655,170,Real Lolicrapie
170,#8QRC9UQGJ,NovaPrime,0xffffce89,28000286,52617,171,GuatePros😎😪
171,#L8P0000J,MR|It's a Leon❤,0xff4ddba2,28000237,52613,172,✨Los Mains✨
172,#CGYQYV9J,Anibal YT,0xfff9c908,28000272,52565,173,
173,#2P8UQY2PY,juan vc,0xffff9727,28000137,52560,174,be active
174,#UUYR0VP,RichardMonroy,0xfff9c908,28000262,52556,175,CHAPIN GT
175,#22CYYP8UJ,angel,0xfff9c908,28000334,52525,176,(⌐■-■)🔪
176,#9RLLG8J9Q,NA|Dream,0xffff8afb,28000310,52512,177,Beyond Dogs
177,#PLQ2JLRC9,Elder-GT 🇬🇹,0xff1ba5f5,28000214,52474,178,Dark warriors⚔️
178,#Q2R9GVQGR,GuIlLeRmO,0xffa8e132,28000333,52472,179,pepe el pollo
179,#PU9Y2RGR,ALEX31,0xffcb5aff,28000207,52457,180,☠KillerMachines
180,#9RYYLRLRQ,DCM|▄︻デᴀɴɢᴇʟ══━,0xffff9727,28000221,52401,181,Uncertain Skill
181,#PYYPQL2YU,TIO KOSMICO|>:v,0xffffffff,28000295,52399,182,<c5>🌊 ZETA</c>
182,#YQCQGY8G,凸┤zkηєєя™├ッ,0xffa2e3fe,28000019,52381,183,
183,#82882P88,Waisper,0xffff8afb,28000123,52325,184,Demons Sikarius
184,#YLCUCP8UL,⌁Mя.TσχιcDan🥷,0xffffffff,28000135,52316,185,🌵LX Team🌵
185,#PVRUL8YV,ANAKIN,0xff1ba5f5,28000019,52244,186,A # A PROS
186,#QGQQYQ0P,QLS|~DavidR~,0xffffffff,28000273,52239,187,
187,#8GGVP0L8,Jack>:),0xffcb5aff,28000224,52230,188,Hadel•Va•
188,#PP0LGRQG9,José,0xff1ba5f5,28000044,52197,189,☠KillerMachines
189,#22Y2GV802,VϟCTOR²³⁹,0xff1ba5f5,28000262,52154,190,CGS
190,#LYURVJV9,VicTor 975,0xffff8afb,28000334,52153,191,Hermanos Santiz
191,#8YPYGLCL,✨職NØVÀツʸᵗ✨,0xffff9727,28000290,52099,192,PTYMaleante 2.0
192,#PCPR8J8Y,andrew):,0xff1ba5f5,28000305,52061,193,GodsOfTheWarMx❤
193,#8CVJJP8GR,DA|Jp95+502,0xffa8e132,28000196,52023,194,"""DA-MARRIOT"""
194,#2R92LLUY,SW|JAIRON,0xffffce89,28000262,52004,195,
195,#809PV2YR0,PUMA,0xff1ba5f5,28000211,51971,196,Élite Argentina
196,#9P9PPYY2R,666:],0xff1ba5f5,28000060,51950,197,TD | Canelitas★
197,#8800V8GCL,Williams,0xff4ddba2,28000303,51927,198,LA Tikal
198,#2RL9LQP0,Sal,0xfff9775d,28000188,51851,199,Guatemala 502
199,#J9R28Y8R,IvaNnia,0xff4ddba2,28000267,51824,200,INDESTRUCTIBLES
