,tag,name,nameColor,icon,trophies,rank,club
0,#GJRJ0Y98,The CrushMen,0xffff9727,28000132,62289,1,RofloSt4ck
1,#29LU9GULU,clw2k5,0xffff9727,28000272,54055,2,BroCast
2,#99YL88VRL,🦊_Tails_🦊,0xffa2e3fe,28000262,50712,3,вандал
3,#RY2LYGYJ,maxime91,0xfff05637,28000023,50034,4,LPBS
4,#9QRL9YLV8,♡Killer Ninja,0xffff9727,28000242,48531,5,Kinflak Empire
5,#PVGRJ002V,🍰🍓~>𝕝ₑ𝒚𝚔ℴ♡,0xfff05637,28000333,48270,6,legend magic🔮
6,#8PLVJYLLL,SK|Burger,0xffcb5aff,28000135,47394,7,TTV E~sport🐣💘
7,#LJ0LU9Y2,♣️ғʟᴇxʏ_ᵇˢ♣️,0xffcb5aff,28000014,46736,8,Feeling Numb
8,#9URGPQVJ8,FER. 008,0xff4ddba2,28000341,46212,9,Turtle🐢
9,#L98U8RR2R,"""/SL\"" Mendy""",0xfff9775d,28000222,46047,10,Sleepy Esports
10,#JUPGJGVQ,Waght♡︎Solo♕︎,0xffff8afb,28000138,45890,11,брошенные🤧
11,#2PUU9UCY8,???,0xffff9727,28000305,45792,12,TalMo
12,#P9YUUQ8GR,johnnyilbello,0xff1ba5f5,28000168,45790,13,GD_
13,#9UYUCVVY0,🥀メɢͥsͣᴍͫᵍᵒᵈ,0xffffffff,28000156,45405,14,Bananki BS
14,#RG0R9PVY,KazzaBrawler,0xffa2e3fe,28000080,44974,15,Shadow Strikes
15,#LQC08G89,Борис,0xff4ddba2,28000156,44881,16,олле оле оле
16,#LUG8LQPR,LPR|aranleo34,0xff4ddba2,28000136,44602,17,Clarity Realms
17,#8VPU89PV9,FT|psychGoody,0xffffce89,28000020,44385,18,
18,#28GQC80VJ,⭐PASGF⭐,0xff1ba5f5,28000185,44142,19,Manzanita ÙwÚ
19,#82GQR9GJL,Tsakuro💛Alena,0xffffffff,28000130,44085,20,Psychologists
20,#8C89Q0Y8C,RK| NO Luv💔,0xfff9775d,28000248,43192,21,
21,#PQCLJRC22,Perú no me mate,0xfff9c908,28000073,43128,22,Clan #28UPPQ8VV
22,#PP2ULJL8R,pro,0xffa2e3fe,28000074,42627,23,spoceńcy 🔥
23,#PGRR08GLL,kazuha),0xffcb5aff,28000192,41744,24,Dynasoczki
24,#Y0RG88RLP,GG | LORD😈,0xffcb5aff,28000023,41728,25,
25,#9QYYV8GR9,ᴮᴸᴬᶜᴷ•ᴸᴼᴿᴰツ♪,0xffa2e3fe,28000225,41725,26,HigH FirE🔥
26,#9YRJLLQRP,[QLS]To lose🥀,0xffa2e3fe,28000134,41430,27,Тройчане🌲
27,#PPYV22RVY,Vova,0xffff8afb,28000146,41429,28,xCollapse
28,#9QVJ9UPUR,IAMPROSPEED,0xff4ddba2,28000278,41154,29,THE HEADHUNTERS
29,#P8PG09LYJ,Zheka Pro TV,0xfff05637,28000038,41151,30,ВСЕЛЕНАЯ БРАВЛА
30,#PRCJQ0GR9,♡︎qls|gorden♡︎,0xffa2e3fe,28000314,41086,31,Прошки
31,#YVG0R28VQ,⚔️КИЛЛЕР⚔️,0xff4ddba2,28000021,40810,32,
32,#808V2YC2R,лоликии,0xffa2e3fe,28000005,40777,33,7 Dragons
33,#URJ8ULV9,ProDimon☢️,0xfff9c908,28000280,40687,34,bro
34,#PGVVCRVY2,UA|LEGA,0xffa2e3fe,28000310,40538,35,для подпищиков
35,#9LQQJQUL8,™😋ura_play😋™,0xff1ba5f5,28000179,40457,36,МЫ ИМБА
36,#9URYGJ0V8,⚡爱J̆̈ûą№🥀ᴳᵒᵈ☁️,0xfff05637,28000254,40433,37,Team Brawl
37,#Y9UQ02QLG,け Death Note BS,0xffff8afb,28000331,40203,38,Waffle House 🏠
38,#89JLVRPQR,Nikola,0xfff9c908,28000079,40167,39,black_team?
39,#88VP8GLR,💫{NIKOLAY}🦾🥶,0xffcb5aff,28000335,39970,40,TT|brawlikkk
40,#2CPRGJCJ9,𐌆|𝖆𝖑𝖊𝖃🐣,0xffffffff,28000352,39489,41,Hayp|SHANG
41,#YPYULLVC9,TESLA963,0xfff9c908,28000248,39485,42,Raged Mortis
42,#ULV90CRQ,Dzaba,0xffa2e3fe,28000317,39192,43,Poland Army
43,#PJPLCYQ8R,Kochesovd,0xfff05637,28000211,39161,44,ggs💔
44,#L9R9V0QRV,🇩🇴ASHER🇩🇴👽,0xffff8afb,28000196,39051,45,CMG Ravens
45,#8CYJVQ0VQ,Delldroy🥀,0xffa8e132,28000141,39041,46,взрослые дядьки
46,#P9GL22RU0,Hanoi Dragons❤️,0xffffffff,28000132,39040,47,for the gays
47,#8QPCLUCRR,супервалера,0xffffffff,28000132,38981,48,🌙MooN_Light🌙
48,#LRL0UR0Q,『Shadow武』,0xffcb5aff,28000352,38901,49,Rosołek Babci
49,#8RQ0JPG8J,『Paolo™』,0xffffffff,28000278,38766,50,ASTRON Taurus
50,#8J28QY00R,Yusuf Tekdağ,0xffa2e3fe,28000275,38763,51,KSL|Team
51,#L8P908YY,ॐ₹|Mégacrunch❦,0xffa2e3fe,28000219,38537,52,ASM
52,#8RRRUJPGL,puiexie💘,0xffffffff,28000337,38475,53,☣️Легенда☣️
53,#2RVY0QUUG,ㄥ丨卩乇 ㄖ卩🖤,0xffffffff,28000000,38455,54,RUNE | ™✨🌹
54,#9G9CYUGU,𝐇𝐞𝐫𝐦𝐢𝐭🎞勇,0xffa2e3fe,28000282,38396,55,StoneSide II
55,#8UVUYV880,🇺🇦ми🥇ра🇺🇦❤,0xff4ddba2,28000272,38351,56,BEKOM10
56,#9RJ0C0LV8,Lewizee,0xff1ba5f5,28000229,38350,57,
57,#PQ0RLJ2L2,RyzerX🥀ᴷⁱˡˡᵧₒᵤ,0xffcb5aff,28000165,38138,58,CB|Gaming™
58,#R2R02PCQ,Héctor888230,0xfff9c908,28000221,38046,59,HXJ
59,#2CYULLLRL,TBS|⛩Sweety🎋,0xffcb5aff,28000013,38044,60,
60,#PGJQ8P992,LazKopat,0xfff05637,28000330,38016,61,TR|Dragon🐉
61,#2YYU8G9U8,Qᴡɪᴢ|Dɪsʀᴀᴋ♡,0xffffffff,28000138,37916,62,ByczkiBiernata2
62,#88YGGJYYJ,Ивангай про 777,0xfff9c908,28000303,37822,63,GOLDEN STATE
63,#8JLR0J0RU,tolleranzug576,0xffff9727,28000207,37818,64,RED DRAGON UA
64,#8C0GGCU00,WoodenGearBox,0xffa2e3fe,28000053,37745,65,pillow people
65,#9GLJ9V0PG,fazegavino69,0xffa2e3fe,28000129,37402,66,coke lines
66,#PV82RULLR,La|jojo,0xfff05637,28000103,37357,67,Dinorex
67,#8QUCJQ8V8,ZHENIA228,0xff1ba5f5,28000228,37352,68,
68,#9VPJGVJYU,Tomodachi,0xffffffff,28000252,37330,69,my minis :)
69,#JR9CPVC8,Hectorafi,0xfff05637,28000332,37267,70,
70,#2P8UYYYL2,LR|Teddy🧸,0xfff9c908,28000132,37258,71,😎👑BMW👑😎
71,#CLY82PVQ,AQM|GuilleVGX,0xff1ba5f5,28000175,37153,72,Comando BR
72,#UCY22CUY,☠SAAD☠,0xfff05637,28000023,37105,73,╾━╤デ╦︻𝐓𝐊
73,#9298Q8YLL,°⊙•СОННЫЙ•⊙°,0xffffffff,28000054,37097,74,
74,#9L8JUYC20,matthew12,0xffa2e3fe,28000319,36960,75,
75,#8RVL2RGL,Zenit,0xffa2e3fe,28000335,36919,76,🥀Topaz Team🥀
76,#P2V0PPP8L,hurricane64,0xffa2e3fe,28000132,36911,77,Корона Империи
77,#99Q0QRVR,SK|Shadow-X🐼,0xffffffff,28000273,36903,78,
78,#2Y0LQV0GC,Dany,0xfff9c908,28000341,36900,79,Gaming boss gg
79,#P0V08G8LL,OGT | DJJP,0xffa8e132,28000341,36683,80,
80,#202VQ0LLJ,「款｜Ａｂｄｕｌａｔｉｆ」,0xffff9727,28000020,36677,81,
81,#2PYQGLLC,one,0xffcb5aff,28000151,36403,82,♞KoT♞
82,#PPV20GCV8,(топ) Артем,0xfff9c908,28000254,36297,83,АРМІЯ БЕНДЕРИ
83,#9UL2JVPJU,targhet/freeze,0xfff05637,28000273,36242,84,AMIAMO LE TORTE
84,#P022Q2GJV,RК|Pômқā↑ツ,0xffcb5aff,28000156,36240,85,кибер|play
85,#29U9QPYVG,도적쉘리☆,0xffffffff,28000065,36220,86,게임하는 펭귄
86,#2PQQ9URGU,10 бойцов,0xff4ddba2,28000175,36137,87,Bs|FlYeRs
87,#2QYUQJP2P,Zury🥀,0xfff9c908,28000245,36069,88,shinonon☆
88,#PJPRQUP00,я без леги :-(,0xfff05637,28000116,35881,89,Dark Ghost
89,#9R8R8CQVV,LaSt_RoManCe😈,0xffcb5aff,28000310,35683,90,Lost Location🌎
90,#PJPYYP0C,Hᵉisenbergʳⁱᵖ🥀,0xff1ba5f5,28000271,35674,91,Pe4nEg Academ🥀
91,#8CU2UJJ2V,isma_26,0xffa2e3fe,28000246,35602,92,оффблэктск
92,#22G98PCGP,雪男,0xffff8afb,28000300,35558,93,♞KoT♞
93,#8U98GQQCC,Moxiez⛩🌪,0xffff9727,28000181,35497,94,JUST ERROR 404
94,#9LLJJRQYQ,YT|Skolk™☔,0xffa8e132,28000253,35442,95,StarliteBrawlrs
95,#2LCQV9P80,VANYA,0xffcb5aff,28000330,35399,96,Birdmaster
96,#8YL0QUR0V,Afgan,0xff1ba5f5,28000000,35305,97,
97,#QCPV0GLG,barsa)nEkIt_tOp,0xfff9c908,28000132,35266,98,
98,#8C0UCPPQL,clrked,0xffcb5aff,28000255,35254,99,Deeno
99,#8YRLG2J92,OvaTsuG,0xfff05637,28000291,35101,100,caramelitos
100,#90V8VLUUC,[КИРИЛЛ],0xffff9727,28000164,35100,101,IX Oxygen
101,#YYQYPYC,bot 2,0xff1ba5f5,28000301,34671,102,莫提王的必胜战队
102,#22Q99L88Q,umashi-ca,0xffcb5aff,28000151,34649,103,モーリーズ
103,#PQQP8GVQU,Алиден про,0xfff9c908,28000305,34597,104,вольво
104,#8QLUV99YG,⛩⚡|elcocolôcø🌙,0xffff8afb,28000182,34589,105,*Team Tu mama*
105,#8228JRUU,Colui che,0xfff9c908,28000061,34550,106,𝑁𝑃𝑇
106,#2VLP9JG09,호호호호,0xffcb5aff,28000068,34462,107,정아우
107,#9822CJRP,CuTe💕QuaLLy=),0xff1ba5f5,28000175,34450,108,IGF | Nemesis
108,#2PCGC99G,AI4,0xfff05637,28000272,34210,109,
109,#L2V9PGQYY,🥀ṨtͥevͣeͫŇ♛,0xffffffff,28000004,34171,110,
110,#GJC9YCV,⚜️GREY⚜️,0xffcb5aff,28000064,34167,111,•~•Luna•~•
111,#2PL0RCJQJ,🐱|kintツ,0xffcb5aff,28000267,34159,112,Big Team
112,#9UP2UPPGG,♡ͥPoͣlͫo🦦,0xfff05637,28000289,34147,113,MI|☁️ғᴏʀᴇᴠᴇʀ
113,#Y2YCVCUVJ,Lo-K1 aka,0xffffffff,28000349,34108,114,Russian Dragons
114,#YPRJVJLG2,Aɴᴋᴜꜱʜㅤㅤ☄,0xffffffff,28000019,34033,115,TROPA MEC
115,#PPC98YCR9,z0mb1k0682,0xffa8e132,28000347,34032,116,Нижний Новгород
116,#PQQ2L9RRG,start17,0xffa2e3fe,28000140,33923,117,Brawl Kings One
117,#8UYPU0GLU,CyberXLEB,0xffcb5aff,28000014,33781,118,
118,#RQ9PGYLL,TS|Olevana☬︎,0xffffffff,28000274,33558,119,Spooky
119,#9PU8JRYL0,Леон,0xfff05637,28000170,33555,120,
120,#P9U8GYVVY,☠️DaRk AnGeL☠️,0xffff8afb,28000135,33504,121,haru
121,#PVRYYYR2Q,[ЖМЫХ] брат,0xffcb5aff,28000335,33458,122,McMeme Club
122,#PU2VGPV82,Юлия,0xff4ddba2,28000352,33375,123,GXR TeAm
123,#9Q0YJ9YRQ,???,0xfff9c908,28000255,33337,124,appels
124,#98ULQG0V,expeliarmus,0xfff9c908,28000032,33324,125,
125,#L9Y9U9GCC,la|koko tenebr,0xffa8e132,28000037,33281,126,Dinorex
126,#290JRGUPG,ToniX_X,0xffa2e3fe,28000272,33280,127,Украинцы
127,#800L0LQ2Q,♡|𝔇𝔬𝔭𝔭𝔬🎭,0xfff05637,28000226,33210,128,
128,#9GCY28L8,bot 4,0xffff8afb,28000207,33204,129,
129,#8P0QQY9J0,juan jordan 🏀,0xfff05637,28000023,33195,130,
130,#8UGG0PRY9,KosTa.AG,0xfff9c908,28000272,33191,131,Blazerout
131,#9J2JVQP2V,Боец,0xffffffff,28000156,33191,132,TheSavage!
132,#Y9YYLLG8Y,Honzas🥀|ᴷⁱˡˡᵧₒ,0xfff05637,28000332,33133,133,
133,#PPJ29GL80,Клубника бомба,0xfff9c908,28000165,33079,134,DENIALS TEAM
134,#90VYRRGP2,NGR | RacCOn4🦀,0xffcb5aff,28000292,33071,135,<c9>NGR</c>PLAY
135,#8L09J202P,gülveninja2,0xffcb5aff,28000156,33066,136,
136,#LLU9L9Y0Q,ВеЗуНчИк,0xffcb5aff,28000310,33063,137,LᴏL⌫
137,#8QQQJQ2PP,HB Yan2009,0xffa8e132,28000151,33052,138,[MM] CLAN
138,#P92VLPPU8,Haydex Gear 7🌖,0xff1ba5f5,28000305,33003,139,caramelitos
139,#PQLG88RCC,bread🍞,0xff1ba5f5,28000138,32987,140,pillow people
140,#9VYC29RRC,Żiniŧsů💰,0xfff9c908,28000132,32961,141,Shunik|Team😘
141,#9J99YJV9P,crazy monkey,0xffcb5aff,28000005,32843,142,01/01/2023
142,#2UUJLCV0U,Big Bo,0xffa2e3fe,28000013,32563,143,
143,#VC2UY0JR,♿| NBerr_,0xffcb5aff,28000259,32554,144,
144,#PG2GPUJP0,QBL|ŠŤÄ🌖,0xffffffff,28000352,32461,145,daumons
145,#2Q98GY9C8,GavM,0xffcb5aff,28000033,32422,146,Deeno
146,#8UJLYYPYL,[GGS]EGIREK,0xfff9c908,28000252,32391,147,banaani mania
147,#PLQG289GU,💥•{GG|ZEUS}•💥,0xffffffff,28000163,32390,148,
148,#28Y0U290J,ANDREY4Ik,0xffa8e132,28000245,32323,149,MicroMachines
149,#9P08PCYYG,K1rpiYT,0xfff05637,28000305,32318,150,Kirpi-community
150,#2V9CPRUPR,지후,0xffff8afb,28000054,32271,151,Korea협회
151,#29G9GQPYQ,ĴÂŗđøŋ,0xffcb5aff,28000225,32235,152,Все свои
152,#8LY9YCR2Y,макс,0xff1ba5f5,28000179,32187,153,White_Knight
153,#YY0LJ0QYY,МАМА,0xffff8afb,28000305,32134,154,FREEDOM Academy
154,#CVP9PVVQ,guillecastri,0xffcb5aff,28000164,32059,155,
155,#Q0PJ9UGLG,YT|God Hyra 🌑,0xff1ba5f5,28000335,32031,156,caramelitos
156,#PRLJU9PYP,X tymon,0xffff9727,28000214,31994,157,Pietruszki
157,#PP2RCJ2G,FSØツItachi🥀,0xffcb5aff,28000349,31973,158,lively squad💘
158,#8PYYRLPGQ,KapustKa,0xffcb5aff,28000156,31960,159,
159,#9YLG2Q9CL,•𝓝𝓞𝓞𝓑~♡,0xffcb5aff,28000002,31949,160,NOOB|TIM~
160,#2QU9PYJQP,⛩|Eth64🎋,0xffcb5aff,28000323,31941,161,Clan bruh
161,#PC9J2920P,путь боксов,0xffa2e3fe,28000168,31924,162,
162,#8JPVJ9Y0L,fantaser_137,0xffcb5aff,28000156,31882,163,GP|GoodPlayers
163,#2LGQVCG2Y,GG|TiRa🥀🐣,0xffffffff,28000128,31762,164,
164,#8RJJJCURJ,Snipee🥵,0xffa2e3fe,28000159,31680,165,⚔️TANI TRIBE⚔️
165,#9Y22C9820,imposible#mora,0xffcb5aff,28000164,31678,166,
166,#99GUPU8CL,ELDAR09,0xfff9c908,28000132,31656,167,Team|Poland🇵🇱
167,#8YVURV8YJ,Fire|Zone BS,0xfff9c908,28000170,31655,168,
168,#8P2PU8V88,🥀sᴀsᴜᴋᴇ🥀,0xffff8afb,28000330,31485,169,Україна
169,#2PPRPJURY,faze dawidowski,0xfff05637,28000023,31472,170,TPOx
170,#9QP820URC,麻花马丁牛肉,0xffa2e3fe,28000128,31445,171,apollo’s might
171,#8LL8P8G0Q,Bibi,0xffcb5aff,28000305,31438,172,Mortis Gang😎
172,#8CQRGRY2Q,It’s Voyage?🖤,0xfff9c908,28000272,31436,173,Россия
173,#209PRYL20,[Блет]лега,0xffa2e3fe,28000179,31380,174,Black Ravens 🦅
174,#9YJLCL8PQ,*Minty|Reza*,0xff4ddba2,28000335,31379,175,club coins
175,#LVYC9UR,Боец,0xffffffff,28000164,31285,176,8’yo talent
176,#CGCQLJRP,사벨리나,0xffa2e3fe,28000151,31272,177,오늘 아침에 애
177,#P9LQ0LVCC,🌠|bad_btm|🌌,0xffa2e3fe,28000014,31247,178,Phoenix
178,#LL8P9JJ0P,Killer⚔️exe,0xffcb5aff,28000347,31241,179,
179,#JJRR002V,ꨄ︎~𝓩𝓪𝓚𝓪♡𓆟,0xff1ba5f5,28000228,31192,180,NOOB|TIM~
180,#L9RL2C2YY,Big baby love🎅,0xffcb5aff,28000156,31187,181,Клуб: #2JCCCLL20
181,#2QQ8LRU08,Ðæveł☔,0xfff05637,28000023,31185,182,
182,#922VVL20G,TT | topix🦜,0xff1ba5f5,28000088,31160,183,🔥Hot|Bot🔥
183,#PC2UL9RLP,ＦｌｕｏｕＸ,0xfff9c908,28000156,31100,184,Nighthawks
184,#8RU0LY808,GOODGAME2k19[Т],0xffffffff,28000132,31064,185,КОРОЧЕ ЖЕСТЬ...
185,#V9Y9JQU8,bat9 yist,0xff1ba5f5,28000154,31050,186,ÖĞÒŃĚĶ
186,#820JLYL9C,Amigo,0xffffce89,28000332,31043,187,
187,#8PJ92G8JP,TJ/GABRIELLI,0xffcb5aff,28000160,31026,188,ITALIANI🟩⬜️🟥
188,#YU80PY0V9,дядя лена,0xffffffff,28000288,31017,189,STRENGTH
189,#YQPUYR2J,byrob mid,0xfff9c908,28000290,31016,190,2 juicy no.2
190,#LU0PL9P0,≤Skaider≥👎😡,0xffffffff,28000132,31002,191,TINDOWAR-SK
191,#9ULJV029R,жаксылык,0xff4ddba2,28000261,30994,192,мама
192,#8QLP9QLP,tomar754,0xffa2e3fe,28000177,30983,193,Sigma
193,#L9VJU0L90,我忍你忍超久了🐂,0xff1ba5f5,28000310,30943,194,絕對空間
194,#8VJLG29PL,Quazcap ん,0xffa2e3fe,28000275,30938,195,club coins
195,#UQC88P2J,бебраА4,0xffcb5aff,28000048,30878,196,Клуб античин
196,#P909U8URQ,дай легууу,0xffff8afb,28000138,30831,197,ты клоун
197,#9LYU9LJ2C,親|𝓩𝓪𝓻𝓴𝓸 ❦,0xffa2e3fe,28000259,30817,198,Brawl Kings One
198,#8888Y0PGV,6666,0xffffffff,28000255,30778,199,
199,#98C982LPG,Nikita777,0xfff9c908,28000029,30757,200,KingzBrawl
