,tag,name,nameColor,icon,trophies,rank,club
0,#2YQPCQRUC,FB|戈h1kato♡,0xffff8afb,28000349,59470,1,<c0>Shine</c>S
1,#9LVRJ2P,🦣✨,0xff4ddba2,28000186,53620,2,FC OWEE 🐐
2,#PQUJ8V0Y9,Mr Brawl,0xffcb5aff,28000280,52411,3,Ü30 Lounge
3,#200PGGQL,AT|Xαɾօժ Kɪɳɠ★,0xffa2e3fe,28000294,50470,4,Smurf Gaming
4,#8R299R8G8,B2K|Necroツ,0xfff9c908,28000349,49743,5,👑NIGHT⚜₩@LF$💎
5,#2LY8QLLU0,FLEX$$ER,0xffff9727,28000278,49582,6,
6,#CYGLV9Y2,处｜𝓑𝓪𝓱𝓶𝓪𝔁,0xff1ba5f5,28000150,49411,7,Whyy?💔
7,#J09VRRPP,IQ|𝒜ℳℐℛ,0xff1ba5f5,28000000,49121,8,<c5>HoT</c>➰♥️
8,#2QU2Y828L,𝑨𝒏𝒏𝒆🦋,0xffa2e3fe,28000293,48273,9,ResiXtance
9,#Y22G2V9J2,Boom_max Yt,0xffff9727,28000132,48188,10,Loliland💗
10,#LJCYCQRY8,👿I AM ENZO 👿,0xffcb5aff,28000139,47466,11,ENZO LE CON
11,#9GU209JYC,🥀BS✨SeziXx🥀,0xffffffff,28000139,46275,12,ÜNITÈD
12,#L92YYQQ,𝕋𝕙𝕖𝕂𝕚𝕟𝕘✯,0xffcb5aff,28000332,44182,13,COD|ClubeBRawl
13,#8RUYU2JL,@gabriel2,0xffff9727,28000349,43861,14,Akatsuki🥷🏻
14,#2YJJ8JY8J,Davex,0xffcb5aff,28000295,43519,15,Axolotl empire
15,#8P0V20C9G,илья и дима,0xff1ba5f5,28000132,43284,16,psycho dreams
16,#2YVRQ9GV0,fIre|Dra£on🐉,0xffcb5aff,28000207,43119,17,Legendary club
17,#200GV2G,✨TRB|ArchAngel✨,0xfff9775d,28000331,43062,18,дединсайды
18,#GCRVCGRV,Corentin yoyo 2,0xffa2e3fe,28000218,42553,19,FC ABERRANT 🐐
19,#Q9LVR9Y8Y,ᵍᵒᵈ | So tired个,0xfff05637,28000252,42449,20,34 SQUAD
20,#2GUG9JUU,OW|GALAX°,0xffffffff,28000241,41926,21,The Rangers
21,#L28CQL2,soki,0xffffffff,28000233,41924,22,Quality Poland
22,#2RYJR8UQ2,How d,0xffa8e132,28000156,41895,23,Ukrainians
23,#8JUPJGLJ9,GOD OF WAR,0xff1ba5f5,28000073,41396,24,FROST TEAM
24,#L0C2RYYQV,Кирилл,0xffa2e3fe,28000153,41350,25,ЛЕГЕНДЫ
25,#2RLRP0JY0,PRO346U,0xffcb5aff,28000280,41236,26,King James
26,#YJ09LQ9C,босс,0xffa2e3fe,28000332,41192,27,Тима раков
27,#98YRU2PQY,FazeGoqu,0xffffffff,28000311,41160,28,Solo putb
28,#Y0P2JQ0R2,Navi | Numfatim,0xffffffff,28000349,40882,29,Paprotniki🌿
29,#9UCCYVV0Q,САМСОШЕНЬКА,0xfff9c908,28000132,40842,30,TRIDZIK
30,#YY0CUVLY2,Sevol,0xff4ddba2,28000075,40696,31,
31,#88VVPYYV2,MyS|JeTeDodo🥀,0xffcb5aff,28000335,40477,32,Tribe|Gaming
32,#8Y0UQ0RV2,ZETA | smoky,0xffcb5aff,28000286,40163,33,der Chef
33,#8U0R9U8Y,$1.99,0xffa8e132,28000042,40147,34,La Jefacturas
34,#UU90PYV9,GaigKa YT🔥,0xffffffff,28000336,39837,35,BlockBasster
35,#PG998YQJG,Боец,0xffcb5aff,28000135,39672,36,
36,#Y9QGCVL8U,MYSTERY???,0xffffce89,28000003,39347,37,MysticLegends
37,#2RRGQLQ9C,Alex♡Amber,0xfff05637,28000208,39227,38,Мародёры
38,#2U2V82C9,гниющий труп,0xfff9c908,28000221,39151,39,ФОКС-ОФФЛАЙН
39,#29V2J08Q,DjRelmo,0xffcb5aff,28000089,38933,40,Elit Monopole
40,#PU0LVG09G,🔥Luisss🔥Love❤,0xffffffff,28000175,38878,41,
41,#Y2UVYPV28,༄AngelBoy64⛩️,0xffffffff,28000020,38872,42,64’s Empire 👑
42,#28G8GCLPV,Youcha974,0xfff05637,28000352,38785,43,RUSH FRANCE OFF
43,#9CYRC2LGP,Grudik,0xffffffff,28000352,38765,44,<c7>:)</c>
44,#PRCRVUGYJ,laps🤡,0xffa8e132,28000273,38756,45,Le bus magique
45,#9RQPU2CQP,moee♡⁠˖,0xffa8e132,28000341,38586,46,910goons
46,#9YQG0VVL,Spokoynich🇷🇺,0xffcb5aff,28000335,38268,47,Asteroid Hord💫
47,#LULJU2VLQ,𝕞𝕚𝕓𝟚𝟟𝟝个,0xffffffff,28000335,38124,48,Natsukashii
48,#2Y098VQ80,килька,0xfff05637,28000223,38100,49,♂️Gachi muchi♂️
49,#289Y0R2U9,Le Corbusier,0xffa8e132,28000084,38013,50,Methodology
50,#82R08P2JU,Rayan,0xfff05637,28000139,37846,51,les foufurieux
51,#C228V9U8,𝕾𝖆𝖓𝖈𝖍𝖊𝖟❣,0xfff9775d,28000023,37606,52,
52,#JR92CP8L,IZB | Hero,0xff1ba5f5,28000274,37265,53,Chag Lengends
53,#8YVL9V99C,임채민,0xff1ba5f5,28000290,37239,54,Busters
54,#YPU2UVYYL,Apex,0xffffffff,28000030,37188,55,Đ𝓮𝕤ⓣR҉ơץ𝕖Ɽร
55,#P9YPRRQLJ,oztheactivist,0xffffffff,28000341,37174,56,apple juice
56,#90QL9CY8R,сахоро4ек YT,0xfff05637,28000226,37088,57,
57,#8G0CRPLQY,Mahir🇦🇿🇦🇿,0xff1ba5f5,28000168,36951,58,Суета МГН[174]
58,#9JLGGY2U0,איגנת,0xffff8afb,28000207,36831,59,7487
59,#2RCY9UPRL,zi,0xffff8afb,28000054,36740,60,Quantum Muffins
60,#8RJ0JQU98,™M∆nu™√,0xffcb5aff,28000064,36726,61,ᵗᵐ 𝒛𝒆𝒕𝒂𝒔🍄
61,#89CL9V9V2,YT/ѕρяιηgтяαρ,0xff1ba5f5,28000331,36568,62,Λribane
62,#YGYRPJYUP,WRYYYY,0xffffffff,28000139,36324,63,
63,#2CQR9UQUU,Filippo,0xffa2e3fe,28000004,36253,64,mascione
64,#29VJU8JUP,:D,0xff1ba5f5,28000111,36018,65,센스지렸다
65,#2P2YQ22RL,『DS』LØήdoή🎋,0xffffffff,28000132,35813,66,CиmSHot
66,#2P29RYY8G,ivanis,0xfff05637,28000129,35737,67,les cobra
67,#2JLRRGU8C,👑STRIKE👑,0xffff9727,28000224,35647,68,
68,#20UVP90PU,GX|☣Pokiuh11☣,0xffffffff,28000033,35587,69,
69,#289UQ090R,PCK본열매,0xffcb5aff,28000305,34995,70,민트초코 동물원
70,#9VQJRV2L8,★ɢᴏᴅʏʏ★,0xfff9c908,28000156,34973,71,
71,#PVL0LY8JQ,⚡OLS|Edwak🦆⚡,0xffa8e132,28000319,34916,72,Армия Куктусов
72,#YY8RC2YQ,学者|GᴀBʀɪ ☔,0xffff8afb,28000141,34880,73,Zio Nunzio
73,#YQRYRV29J,Ler4iktop1gg,0xffffce89,28000156,34722,74,BĐ<c6>°LĄNĐ</c>
74,#292Y88Q09,MG |Soul,0xffa8e132,28000248,34686,75,Клуб: #2Q8V988RG
75,#9LCG9QR9U,Sͥtͫexͣpᵍeͦrͩt,0xff4ddba2,28000335,34500,76,HeizungAufFünf
76,#9GR9PGLJ9,Vɪᴛʏᴀᵈᵃʳᵏ✞︎,0xffa2e3fe,28000332,34499,77,
77,#L90GYLLYG,GH0ST K1LL3R,0xffff9727,28000129,34418,78,
78,#9U20L9YQL,(БЛЕД) лега,0xffa8e132,28000206,34323,79,BAYKYL
79,#P8V0VV9L8,sk_button,0xffa2e3fe,28000274,34229,80,ZUMER😎
80,#P9YGP2RQY,TT|Diamond_bs_,0xffff8afb,28000132,34164,81,МегаОмёба
81,#9C8GGGPUU,KASOP,0xffcb5aff,28000132,34023,82,csb gang
82,#VYRGGLRU,Warrior Ninja,0xffffce89,28000259,33926,83,🌙MooN_Light🌙
83,#QUVVQQ8QY,Ghost stars,0xffa2e3fe,28000206,33800,84,der Chef
84,#L2VQ2GGPU,???,0xffa2e3fe,28000272,33778,85,VaMPs++🦋🦋🧛🏽
85,#2C9PUQGLC,Treep,0xfff9c908,28000132,33769,86,КУКОЛДІУС
86,#98GQYGCG8,[БЛЕТ] Шушик111,0xffff8afb,28000261,33651,87,БрОк ТОП
87,#JC009VP0,BALCANKEBABI12,0xff1ba5f5,28000295,33643,88,🇺🇦GG|UA🇺🇦
88,#2VRCPRQJP,[DIS]Snime💔,0xffcb5aff,28000023,33610,89,
89,#98C0229PJ,Кирилл :),0xffffffff,28000132,33295,90,По фану клуб
90,#PR992YVRV,LaNFaS,0xffcb5aff,28000179,33260,91,Brawl Ekipa®
91,#8C9V8GRCR,CM/Tanou,0xffa2e3fe,28000090,33258,92,FR | BS🇨🇵ツ
92,#PLJ8GGPG2,ИЛЛКА ЖЛОБ,0xffffffff,28000165,33233,93,Теневой Легион
93,#2G9QV9LJY,BOT 2,0xfff9c908,28000341,33144,94,Meg's Club
94,#8LR829UUG,⭐️STARLIGHT⭐️,0xfff9c908,28000244,33126,95,爪ᵃd̺͆ⁱƬ𝕍:𝟚
95,#YQJ00YPLY,wursthuller123,0xffcb5aff,28000305,33071,96,Moinsen Club
96,#LRCVCJ9P2,King Maxim,0xff4ddba2,28000021,33033,97,Obamas Kopf
97,#9RQ0Q9P8V,VKozanchyn;),0xffcb5aff,28000014,32951,98,VKozanchyn
98,#UQY2GYLY,イスラム教,0xffcb5aff,28000184,32881,99,nugs
99,#2YGRGL22L,Fabs🎃,0xfff05637,28000151,32777,100,Os pross
100,#8UCUUYC0R,saturN,0xffff9727,28000347,32765,101,LUPPAS
101,#8PQCVRU99,NIKI MINAJ,0xff1ba5f5,28000229,32711,102,
102,#J8GYU0CY,⚡️xXLeg҉e҉nd҉Xx,0xff4ddba2,28000064,32686,103,Team Schneehase
103,#29QU2CVV,⚽_killer_⚽,0xffffffff,28000170,32675,104,<c4>Angels</c>
104,#2G0YP0GYG,TT|SoN4iKEpTa,0xffa2e3fe,28000156,32516,105,Eternal
105,#8R2J9G22,DEF|NBAROSGOP,0xffa2e3fe,28000164,32439,106,Мародёры
106,#YC8J9LCU,Zeka,0xfff9c908,28000275,32387,107,Bossy w brawla
107,#P2PQ2JRYQ,OWEE |SAAD2012,0xffa8e132,28000352,32223,108,AOTH❤️SK
108,#92Q8VYC9R,Daniel,0xffff9727,28000272,32219,109,F de Brawl
109,#9P0YY98V0,《Đangêr》Žøn,0xfff9c908,28000018,32049,110,X|77
110,#2VV9Y88LL,<c3>x1mMm1k</c>,0xffcb5aff,28000332,32006,111,п'яний тiхон😖
111,#9RPLU0UQC,Павло про,0xfff05637,28000203,31999,112,профі
112,#2VQP8VJ8Y,im.kykareky🃏,0xfff9c908,28000170,31985,113,brawlers
113,#PRLVVQLPQ,🇫🇷jwiking🇫🇷,0xfff9c908,28000037,31931,114,les 4 maîtres
114,#L00RQL0G8,Dark•|Sunex,0xfff05637,28000102,31830,115,Dark Family
115,#YG89C89C,АНДРОИД,0xffffffff,28000023,31748,116,LUPPAS
116,#PVYCLYGRJ,n0iraudes,0xffff8afb,28000182,31728,117,
117,#LCPR90GLR,Vl@d,0xffcb5aff,28000290,31728,118,Руфери
118,#PRVC00UG0,FeLpRo YT,0xffcb5aff,28000132,31711,119,Орда Гоблинов
119,#8VCYPYULV,El Primo,0xffcb5aff,28000294,31707,120,Kitties
120,#8QL0UUPCC,💩💩💩💩💩💩💩,0xffff8afb,28000272,31633,121,Kuzenler1928
121,#R2VRQ902,Hyper Eddy,0xff1ba5f5,28000245,31632,122,FireForces
122,#LRYRUG2J,FC5i,0xffff9727,28000156,31630,123,Top_Brawl
123,#Y2G2VPR2Q,ЛЕГА,0xfff9c908,28000332,31629,124,Бравл няшки
124,#8G2QC0Y8Q,Fabianix,0xffa2e3fe,28000298,31618,125,Boczek🥓
125,#PU98YGRC9,🍌🍌🍌🍌🍌🍌🍌,0xff4ddba2,28000335,31598,126,Opti_Brawling
126,#PQ8YYYQQ0,сош,0xfff9c908,28000008,31571,127,
127,#22PCGJLCC,ᵗᵗ|🍀𝙵𝚎𝚛𝕔ᵇˢ,0xffcb5aff,28000129,31571,128,Ｇｈｏｕｌ＇ｓ
128,#2VVP2R0YL,❤SunRaey❤,0xffffffff,28000335,31561,129,Дом Гнома
129,#8L22GJ0P2,Никита Леон,0xff1ba5f5,28000051,31556,130,Brawl kryt!!!
130,#82R98JU8V,עידו המלך,0xffff9727,28000017,31542,131,Club123456o4
131,#29GJGU0CJ,papelada,0xfff9c908,28000255,31536,132,cromático
132,#92Q9P28CC,𝕭𝖊𝖗𝖘𝖊𝖗𝖐,0xffa2e3fe,28000285,31535,133,
133,#YGUJP80L,Четер777,0xffcb5aff,28000246,31453,134,5а!!!!!!!!!
134,#88LGRQR2V,🇺🇦kiwaqq,0xffcb5aff,28000242,31440,135,malaya zemlya
135,#R0YYG8C0,spike,0xff4ddba2,28000129,31401,136,Grandes
136,#YYRG8C0Y0,⚡Elͥdeͣrͫ,0xfff05637,28000317,31388,137,VAKINES
137,#PQJYCYGPJ,ПУТИН,0xffa2e3fe,28000305,31212,138,Взрыв мозга
138,#8YVG9PU2,Kįñg,0xff1ba5f5,28000147,31184,139,
139,#2G0YGQP2R,BS/Dan_lev,0xfff05637,28000294,31123,140,
140,#2GYG9UQU9,🔱_JOKER_🔱,0xffcb5aff,28000185,31061,141,
141,#8C0RP9JL,GXPif2.0,0xffcb5aff,28000348,31031,142,
142,#PC9LJJPU0,ДимаМайк,0xffcb5aff,28000156,31005,143,Папы играков😉
143,#9P9Q0UUYC,UsTa,0xff1ba5f5,28000291,30982,144,X7 E- Sport
144,#8RVY29URG,БАРС,0xffffce89,28000023,30982,145,
145,#9URY8CYJC,RANGER X🇲🇱,0xffffce89,28000156,30907,146,Gunners United
146,#PGYYRJPY,Anдрей,0xffa2e3fe,28000156,30900,147,Индийский чай
147,#20LG8Q2C0,☢️☣️ralfek☣️☢️,0xffa8e132,28000253,30896,148,
148,#9V9LRJQR2,Lynel Slayer,0xffa2e3fe,28000147,30863,149,nub club
149,#2QULU0YUL,Ваня Ант,0xffcb5aff,28000014,30850,150,
150,#PV2VCG2UY,Cheeseburgerart,0xffcb5aff,28000248,30827,151,Emu clan
151,#802JVLQJL,Cap'nDavyJones,0xffff9727,28000072,30819,152,
152,#2PY2209C2,danonpk,0xfff9c908,28000185,30799,153,lllllllllllllll
153,#YQJ90UUY,[БЛЕТ]Копатыч,0xff1ba5f5,28000228,30799,154,Requiem of Soul
154,#9RCG2LJVU,Bahamut,0xff1ba5f5,28000288,30796,155,
155,#P29CLJGGL,Иконостас2006,0xffcb5aff,28000150,30754,156,lllllllllllllll
156,#82C28C8LU,Zx|Raptor,0xffffffff,28000102,30605,157,Old Hooks
157,#20C00PGLR,магамед,0xff1ba5f5,28000248,30584,158,
158,#YYQ08J89,🚧🚨🚷🚨🚧,0xff4ddba2,28000271,30553,159,
159,#90LQGCV0Q,SPIDERMAN,0xffcb5aff,28000142,30494,160,пупсики
160,#P9VPGQU0V,TT:@bull_228,0xff1ba5f5,28000000,30471,161,
161,#9LVYVYCJU,버즈,0xff4ddba2,28000265,30444,162,맨시티
162,#P0J9GPGQY,Pozzi,0xffff8afb,28000173,30397,163,
163,#9RP998G9J,BLACK PANTHER N,0xffff9727,28000156,30393,164,magical academy
164,#P2JV928Y0,landi,0xffcb5aff,28000022,30365,165,Promille Killer
165,#2QV08GQ0U,born to wait,0xffcb5aff,28000165,30315,166,ролыхат
166,#8GG0YVGYP,PRO GAMER,0xffffffff,28000014,30313,167,💛YUMMI🖤
167,#CLU9QRGL,Mike351,0xffcb5aff,28000017,30241,168,p1t0 dur9
168,#J0GQGLPV,кенгхуюпер,0xffa8e132,28000261,30228,169,BIG BRAIN
169,#YLQ0Q90U2,(бан) саша,0xffcb5aff,28000175,30192,170,
170,#P9JPJ99G0,[§ИГРОК××],0xffa2e3fe,28000229,30150,171,
171,#29QC9JGCU,человек,0xffa2e3fe,28000182,30139,172,Legalize Team
172,#QJQ2YJJU,GG228,0xffffffff,28000219,30131,173,
173,#P0GJ0RJ8C,легенда,0xff4ddba2,28000228,30131,174,MORTIS
174,#9LPG0LGCQ,cc: puuki,0xffa2e3fe,28000132,30117,175,
175,#9GVC9PJGU,БЕЛКА,0xffcb5aff,28000156,30098,176,Pastry Box
176,#P220UCUGQ,ЛМВ,0xffa2e3fe,28000023,30026,177,X3 запрещенка
177,#99VUUGG8P,Đ₲₳ⱤV_Ɏ₮,0xffffffff,28000156,30018,178,
178,#9QJLVCLRV,EVE,0xffcb5aff,28000242,30017,179,MEGA PIG | TR
179,#YU99RV8Y2,OMLET 🥞,0xff4ddba2,28000174,29908,180,<c0>Odium个</c>
180,#2YLCQPYPL,KomPot,0xffa2e3fe,28000167,29895,181,The World
181,#PU989CYCJ,А4 топчик,0xff4ddba2,28000044,29868,182,tim Barcelona
182,#80Q09Y99U,🐉kmsi86🇬🇳,0xffa2e3fe,28000044,29850,183,CLAN BYEBYE
183,#2CPQC290,DRAGON FORS HD,0xffcb5aff,28000166,29850,184,El primo
184,#88Y0U80C2,cinarbaba,0xffcb5aff,28000168,29823,185,HAYATSIZLAR
185,#YUQLC2PRV,Delete,0xfff9c908,28000132,29808,186,
186,#P28VQLUVC,MEZARCI,0xfff05637,28000347,29648,187,AGALAR 000
187,#9JYQLCGU,MonkeyDBinda,0xff1ba5f5,28000175,29591,188,
188,#LGL88CGC9,Kampf Melone,0xffcb5aff,28000125,29550,189,GC Gaming
189,#8PY2VVUJU,Леон,0xfff05637,28000098,29541,190,UWU Koksy
190,#YJQU0QJ2Y,<<EUZZE>>,0xffa2e3fe,28000016,29516,191,Hogwarts 🎑
191,#88CVG9P9Q,NaFF,0xffcb5aff,28000170,29513,192,
192,#9YQ22V0GJ,некит,0xffcb5aff,28000335,29488,193,
193,#2L8L8998,[БЛЕТ]Monlight?,0xfff9c908,28000151,29423,194,БрОк ТОП
194,#2VYULR9UG,😎Max ist cool,0xffcb5aff,28000276,29400,195,OG|Annimba❤️
195,#2P28RQC09,GX Alberto,0xfff9c908,28000170,29394,196,LAPIS
196,#909VJG0J2,GOSTMANE,0xff4ddba2,28000165,29391,197,
197,#L8JCY0QP2,Читер 777😎😎😎,0xffffffff,28000187,29385,198,
198,#YLCCJYL,☁️Шлёпа☁️,0xfff9775d,28000175,29374,199,
199,#PVC2U0VPQ,LIO❤,0xffa2e3fe,28000352,29373,200,GHG
