,tag,name,nameColor,icon,trophies,rank,club
0,#9JRP09C2,FrB|Brayce,0xffcb5aff,28000290,57146,1,Frenchbinks9
1,#22J0C98U8,samueltro,0xff4ddba2,28000349,52960,2,¥Dark¥
2,#LG9G0P2CJ,❄Brͥyaͣnͫᴳᵒᵈの死,0xffffffff,28000272,52140,3,Slt|la terre 🌍
3,#U9922UU9,Avi,0xff4ddba2,28000175,51367,4,Guyana BrosV2.0
4,#YVY9CQJYC,Wiτc𝖍єr℣,0xff1ba5f5,28000262,51123,5,Venom
5,#82UVUJYLV,♚𝓽𝓱𝓪𝓷𝓴𝓼.✨,0xffffffff,28000275,50775,6,✨要加友誼賽就說‼️
6,#2VL80Q90P,✨|Waͥsaͣbͫi™🪐,0xffcb5aff,28000156,50451,7,Ǥสl̸สאָs͢͢͢ψ
7,#9LPVYQG9Q,RC|yoshi2pro,0xff4ddba2,28000044,49170,8,<c5>Latinos</c>
8,#9Q8LRUC92,TTM|ѕє¢яєт🖤,0xffffffff,28000062,47757,9,Hard Win🤔
9,#89JP0UCJP,[ПОТ] ПУПОЗЗИ,0xffcb5aff,28000330,47262,10,Floylol family
10,#2Y82RLP9L,T.Scott🌼,0xffffffff,28000168,46054,11,Real Ones
11,#2UUGJ2L28,Meliodas,0xffff9727,28000116,45592,12,Tribe Slick
12,#28RQ0JUY8,𝙼𝚊𝚛𝚒𝚘⑳,0xff4ddba2,28000336,45189,13,THE WARRIORS_XD
13,#VP0UCY0C,☠☠☠☠WARLORD☠☠☠☠,0xff4ddba2,28000333,44936,14,Guyana BrosV2.0
14,#8U9RYC0P0,XT4NG,0xfff05637,28000254,44637,15,Team|officiel
15,#9UUJR09G9,Skylum☆,0xffffffff,28000202,44598,16,Team Oreo
16,#90C8G9QRJ,🎴|𝝶𝗶𝝶𝗷𝙖,0xffcb5aff,28000206,44597,17,Cactus House
17,#8UJUPPY2R,EDGAR,0xfff05637,28000352,44365,18,Os AtTaCkNoObS
18,#2UPPRQ28U,××DeathReaper××,0xffffffff,28000335,44105,19,Team Oreo
19,#CGY9UPY2,Mørtï$ kîll u,0xfff05637,28000223,43274,20,REPLY TOTEM
20,#YU9LC0VQ2,VɪͷcҽηƬrմᴄ™✨,0xffcb5aff,28000288,42701,21,Ǥสl̸สאָs͢͢͢ψ
21,#2LYLU9C9R,iam |Allmirinho,0xffa2e3fe,28000305,42669,22,IAM Esports
22,#98VR9JPC,Jackal,0xffa8e132,28000168,42156,23,Guyana BrosV2.0
23,#LJJVYC9CV,Bananix,0xffff9727,28000305,42150,24,Family覇Heengs
24,#289GLGJGG,Dwayne,0xffff9727,28000160,41596,25,Kush brawlers
25,#2UVGRURUU,Beastboy,0xff1ba5f5,28000096,41534,26,Guyana BrosV2.0
26,#2JQRCRVYV,bleh,0xffff9727,28000352,41316,27,Guyana BrosV2.0
27,#8R09U9Y98,Bøne,0xffffffff,28000255,41183,28,NTR
28,#228L80QPU,Réfléchis FDP,0xff1ba5f5,28000168,41015,29,
29,#PP9GQP8,PhantomXŁR,0xffcb5aff,28000230,40953,30,Brawl club
30,#9PJ0V2Y92,SWX|nightjumper,0xffa8e132,28000290,40825,31,<c6>SWX</c>Live
31,#2LG29CQV9,ÎŇŠ@Ň€ KÍ||€®,0xffff8afb,28000211,40609,32,ETERNAL BALENCE
32,#2UV292QCC,GX LORE 999,0xff1ba5f5,28000276,40554,33,vaccone
33,#2P89P9UYG,~^°JHONNY°^~,0xffff8afb,28000301,40233,34,>Seeking Fix<
34,#9QJYLGGG0,S I C K L E S,0xffffffff,28000151,40074,35,微辣DISCO
35,#LCP8VGVYR,itachi,0xffa2e3fe,28000305,40042,36,Dragon Clan
36,#PG2JLQL0G,макс,0xffffffff,28000000,40013,37,Batlwin
37,#PCYUYLVP0,AE|RONALD BS 🥋,0xffcb5aff,28000207,40010,38,<c7>bng</c>
38,#YYV98RQVU,ED NERD ROMEU,0xffffffff,28000332,39963,39,HeavenReachers
39,#2PCYQQYC0,Little Brawler,0xffcb5aff,28000330,39947,40,Kremen_UA
40,#2GC8R02PL,나 죽이면 바보임ㅋㅋ,0xffa2e3fe,28000290,39939,41,양파피디#3기
41,#2RGCRJGL,Joshua,0xfff9c908,28000255,39667,42,SuperStar2
42,#8P90PQLQC,Egor-Topor,0xffa8e132,28000151,39365,43,TITANE FOULE
43,#928992Q8R,FG|Miguel°,0xffcb5aff,28000228,39320,44,
44,#8JGY29PQP,NaVi|MMA,0xffcb5aff,28000132,39317,45,Спящие коты
45,#8QL9QQ9C8,VOVAH677,0xffcb5aff,28000305,39023,46,Ukraine Squad
46,#UCPPJ0YJ,あかさらな,0xffffce89,28000314,38892,47,<c5>Impact</c>
47,#9PPVJ22JJ,S L Ø X Y,0xfff9c908,28000156,38598,48,TÜRK GÜCÜ
48,#9VL9Q82VC,RYT 2.YT,0xffffffff,28000300,38596,49,NinjaCombo
49,#2JG8U0PRP,KnightOfBalance,0xfff9c908,28000233,38491,50,Hot Peppers
50,#8CG90LGGQ,COLT,0xffcb5aff,28000335,38413,51,ᵀᶜᴸ ᵗᵉᵃᵐ ᶜʰⁱˡᵉ
51,#UU9JGY9Q,Traπ,0xff4ddba2,28000066,38297,52,
52,#8Q9LJLC9P,dont stop me,0xffcb5aff,28000033,38118,53,<c7>Legends</c>
53,#2Y8GRJJCC,pedrinhoGD,0xffffffff,28000155,38097,54,
54,#2L0GC8Y2L,BORIS PRO,0xff4ddba2,28000335,38084,55,SK|Star King
55,#L2U0VJ0RQ,TheSilve,0xff1ba5f5,28000207,38050,56,LOS TITANES
56,#P2CJ82JR9,Stealthy Sloth,0xffffffff,28000225,37990,57,Volcanic heat
57,#JVQ90YCQ,¶ªb|o | gººd 💛,0xffff9727,28000170,37862,58,Centurión👾
58,#U0LYCRCC,Alex.lgns,0xffa2e3fe,28000253,37850,59,portal A
59,#L0VYV2P8,Noc,0xfff05637,28000023,37789,60,
60,#2GJUJVCUY,ehclove,0xfff05637,28000261,37491,61,MR. Türkler
61,#2UU2C0PQC,MKS|Nobily⚡️,0xfff9c908,28000183,37314,62,terroni
62,#2028C92Q8,BAD GUY EVER,0xffffffff,28000060,37299,63,
63,#YRVCVVQ99,Conta Pro,0xffffffff,28000332,37171,64,Gasparzinhos
64,#YPL9JU88R,XxgodkingxX,0xfff9c908,28000156,37105,65,phantom flames
65,#80UJR0202,𝔾𝕆𝔻|ⱠɄ₭₳₴ シ,0xffff8afb,28000023,37032,66,Never Give Up🐳
66,#22LCLGJJU,kinkaku,0xffcb5aff,28000228,36938,67,
67,#2UGC2YCLG,_IseRed_,0xffcb5aff,28000132,36848,68,DESTROYS
68,#PQPQJQPUL,あならはさ,0xfff9c908,28000164,36786,69,INDONESIA🌟🌟🌟
69,#ULC28UPG,RG MORTIS🖤,0xfff05637,28000305,36779,70,EXS SPORTS
70,#2QLQJJ2L0,엊절 ㅋㅋㅋㅋㅋㅋ,0xffff9727,28000348,36760,71,삼촌과 나는최고!!!!!!!
71,#2GVPYLGR9,Norigamin,0xff1ba5f5,28000154,36744,72,
72,#Q8QPL20VG,바닷말/ seahorse,0xff1ba5f5,28000207,36673,73,도끼로마빡까
73,#PYLVY2U,SOURCREAM,0xffcb5aff,28000132,36601,74,Full Attack!
74,#8P99CY0,klim_top,0xffff9727,28000132,36598,75,CLUB LEAGUE
75,#2JG8V9PPC,містер.П,0xfff9c908,28000244,36529,76,🍝МІВІНА КУРЯЧА
76,#2QC88VC8Q,PcC|Winter❄❤,0xfff9c908,28000194,36364,77,pablosky
77,#P99YYC8VP,🌙QLS|MOON🌙,0xffffce89,28000272,36194,78,7 E
78,#PPGCCLGY0,TQ| George,0xffcb5aff,28000255,36045,79,
79,#UJCCPRQJ,BuckBuckNg,0xffa2e3fe,28000138,35963,80,<c5>Impact</c>
80,#2QPYG28LV,[Rc]ŘŮĶØŽĤØP,0xff1ba5f5,28000019,35793,81,🌧Hidden Rain🌧
81,#8VRU2J80G,V | Rich25,0xffffffff,28000291,35631,82,| Royal Guard |
82,#LGR0Y9PPR,SK|DaNi¡El🥀,0xffa2e3fe,28000175,35570,83,Clubul King
83,#L2UPCPPLU,Navi|Dragon ❤,0xffff9727,28000132,35559,84,Dziubdziusie
84,#280QL9YJ2,Renaly✨TW,0xffffffff,28000314,35521,85,
85,#8R2CC9QGG,Tiger Eye,0xffcb5aff,28000332,35409,86,Best Friends
86,#PJCJJURQ8,Xx{Yacin. DZ}xX,0xff4ddba2,28000290,35397,87,SPARTA
87,#8VRYVURJ8,SLEEPY | 何故吐がな,0xffff8afb,28000305,35291,88,美喜仁館愛好会
88,#PJR9QY08R,Smoła🫡,0xffffce89,28000129,35124,89,PolskaZiomale👑
89,#PC9URR0YP,F4 SHANE,0xffcb5aff,28000125,35122,90,Clarity Realms
90,#88G29CV9P,Bedirhan dastan,0xfff05637,28000294,35092,91,DANGER|🔥|CLASS
91,#8C0PV8J8Q,мы все топ,0xffcb5aff,28000288,34830,92,ACTIVE KILLER
92,#8G8JLCPRY,king israel,0xffcb5aff,28000138,34827,93,Guyana BrosV2.0
93,#282PC2LYG,Леон,0xffffffff,28000335,34685,94,Мстители двора
94,#PQR0QVVRR,Просто_Лохматая,0xffcb5aff,28000002,34420,95,
95,#PY229L9C0,Mafyoz Fəzahir,0xff1ba5f5,28000084,34232,96,AZERBAİJAN🇦🇿
96,#JG8LV80V,frullil,0xffcb5aff,28000294,34224,97,Play 2 Give
97,#PGYRVYGQJ,☆●MarianBs☆●,0xffffffff,28000199,34187,98,Braulio😎👊
98,#QYU0RG9P,RainJohnin,0xffcb5aff,28000255,34137,99,RINA
99,#QLG9Q2Y,brawler,0xffa8e132,28000251,33981,100,S&B
100,#YGVVRYRL2,🌴Denker⛩️,0xffa8e132,28000332,33903,101,SK RUSSIA
101,#90C2LU2C9,ZØ | Bad💔,0xffff8afb,28000189,33887,102,GIGA bananas
102,#2YC9Q0QU,YT weber chiang,0xffa2e3fe,28000262,33887,103,無影寒冰軍
103,#829082LQL,LIKI,0xff1ba5f5,28000206,33838,104,TEam36
104,#9LJV9VUQR,Rémi le bg,0xff1ba5f5,28000273,33575,105,
105,#YJG22RVCC,никита хакер,0xffa2e3fe,28000054,33526,106,🖤Играем❤️
106,#20LQQCR8V,Impactking🏴💯,0xfff9775d,28000293,33521,107,jr club
107,#8PYQJ9LPG,Autro,0xff4ddba2,28000228,33491,108,Grishan's Squad
108,#YP0UL009Y,あなたの弱い,0xffcb5aff,28000314,33448,109,泡菜仔沒有一個是無辜的
109,#28JPR9G9Q,حلاب حمير,0xffcb5aff,28000173,33400,110,
110,#VJLVVUQQ,Kryouko,0xffffffff,28000054,33351,111,The Neighbour
111,#9PL8U8RV9,CM|Flehse😎,0xfff9775d,28000077,33134,112,Legendary Army
112,#2VJYCULVY,БИБИ,0xffa2e3fe,28000301,33078,113,
113,#P22JGVCPP,Errhena™,0xffffffff,28000265,33069,114,Luka TM
114,#JG0GC88G,nCovidChinese,0xfff9c908,28000226,33025,115,
115,#8V2PQP2V0,[Rc]Brawl Stars,0xffcb5aff,28000148,32907,116,
116,#89R8VQQL0,ZESSER⚜️,0xffa2e3fe,28000305,32874,117,
117,#8Q9LVYQVC,david yt,0xffff8afb,28000280,32874,118,ESPAÑA
118,#8UPCL98LG,артем,0xffcb5aff,28000135,32818,119,dd
119,#V09RLJ9,Egorik,0xffffffff,28000023,32591,120,Belarus🌆🇧🇾
120,#8CRJVQJ2L,ʟᴇɴɪɴ乡,0xffcb5aff,28000077,32523,121,
121,#222QRJGYP,Ďåŕķňèŝş|Ğøđ,0xffcb5aff,28000293,32472,122,ЗСУ 3.0🇺🇦
122,#YLVCRGUUR,Brawler,0xff1ba5f5,28000000,32462,123,PG |CLUB
123,#8PJC9PGVG,~ᶜᴬᵀ-Lzin★,0xff1ba5f5,28000282,32310,124,
124,#89Q8URPVL,Super Sajian 3,0xffcb5aff,28000104,32291,125,Best
125,#YCJJP2G9P,ŘØŇÄŇ,0xffcb5aff,28000336,32160,126,короли мини-игр
126,#PY0PPUP8G,Frankie,0xfff05637,28000085,32157,127,
127,#YL9UYP0L,G TMaga伝❤️‍🔥,0xffff8afb,28000047,32139,128,
128,#L9YJJ80GP,TTM|Łøřə,0xffa8e132,28000140,32093,129,marce's
129,#2YGQYV8P2,ligreen,0xffa8e132,28000174,32092,130,
130,#Y99YJYP2C,Jezo✓,0xffffffff,28000341,32088,131,footballer_7a
131,#2J8PR92JR,[ПОТ] sokol1239,0xffa8e132,28000087,32048,132,mordyNixtera
132,#2JJYQ8VLU,LEON,0xffcb5aff,28000151,32023,133,Elegance
133,#2QUJVGLUY,negrrrrr,0xffa2e3fe,28000281,32001,134,Team|SosnovkaRU
134,#LP9PU8ULV,RWK|KOLOBOK,0xffffffff,28000139,31994,135,PH | OnReaction
135,#PQ0JL9G80,💘DᴀᴍɴMᴏy𝖺𝗑❦︎,0xffa8e132,28000273,31959,136,
136,#9LJ0QU999,Decimator,0xff1ba5f5,28000341,31942,137,
137,#Y29L0CVV8,гусь,0xffffffff,28000022,31926,138,Qucumber squad
138,#99QJL8G8Q,?????,0xffa2e3fe,28000335,31902,139,
139,#8CJ2GULQR,GLHG inbatable,0xff1ba5f5,28000205,31888,140,Les Lannuster😁
140,#Y8JJCYVRQ,AQW|4iki,0xffff9727,28000078,31833,141,jr club
141,#R0GUV2U0,serega boss,0xff1ba5f5,28000348,31818,142,
142,#9JPP2QC22,TG | Akimbo♠️,0xffffffff,28000132,31759,143,
143,#9UUU09Q08,ツ | Rito🃏,0xfff05637,28000347,31619,144,Swiss 🧀
144,#PGJ8LQLVV,=platanito=,0xffff9727,28000297,31581,145,RoyalSingle_TMD
145,#YUUUL8J0C,джо собака,0xffcb5aff,28000310,31486,146,geje z 6a
146,#9JVYPLJP8,tomar753,0xffa2e3fe,28000014,31432,147,Патріот України
147,#RVURCG99,ñ¡¢€Ñð€€Þ,0xfff05637,28000332,31418,148,Stranger THANGZ
148,#GUPP8LYL,toby,0xffa2e3fe,28000157,31412,149,
149,#9V9VLRYVG,BIKERSOSO,0xffff8afb,28000289,31375,150,BIKER6TEAMS
150,#JCY9YRPJ,KwezZ🕊️,0xffffffff,28000322,31345,151,<c0>JwaR💘</c>
151,#880Y0RP8Q,Bliters,0xfff05637,28000280,31249,152,
152,#9LGCR0LYL,TR🐂DAMLA,0xfff05637,28000151,31245,153,Asık Zafer 20
153,#PR28G2YQ,Максим,0xffcb5aff,28000330,31093,154,Floylol family
154,#JC0QU8V2,Nathan@,0xfff05637,28000228,31065,155,19 Century....
155,#2PGLVQQCL,gusta_vo123,0xffcb5aff,28000207,31063,156,At The Abyss
156,#Y9JCL8ULV,Tom Riddle,0xff1ba5f5,28000207,31046,157,ᶜᴿᴬᶻᵞkíllєr🕊
157,#8RQGCRUQV,~Master~¥,0xffffffff,28000132,31011,158,UA_TOP
158,#80JLRQVV9,[DN]Kipper,0xffcb5aff,28000228,30970,159,
159,#Y9RU98JGU,r_o_m_a_102😈,0xffffffff,28000218,30968,160,
160,#98VC008CJ,NR|NinjaKK¥,0xff1ba5f5,28000273,30958,161,PRO CLAB
161,#8CLP9C2U0,War God ERA>.<,0xfff9c908,28000231,30904,162,
162,#9JL2V0Y0L,poncholero,0xff4ddba2,28000023,30829,163,POTATSIO
163,#9QL2JGPVL,Ronaldo_7,0xffa2e3fe,28000169,30808,164,Ğãň§ťəř
164,#P00UJ2P9G,Schokokuchen 1,0xffff8afb,28000348,30795,165,Speckgürtler
165,#YVCCC0998,Vincent mini,0xff1ba5f5,28000335,30761,166,
166,#9LQLJPPV,majdgota,0xffcb5aff,28000077,30759,167,
167,#2290RCJU9,Bazzi,0xffffffff,28000023,30739,168,Будильник
168,#8C8QVQ2LL,$MadMax18$,0xff1ba5f5,28000228,30727,169,Covid
169,#2JRPRYV8C,PsYchOoO,0xffffffff,28000349,30712,170,Blue Thunder
170,#8P0QP29CL,KING,0xffcb5aff,28000071,30693,171,
171,#J2PYRGQP,yellow_kay,0xffff8afb,28000335,30692,172,клуб везунчиков
172,#VRGQ0J9Q,yañez,0xffcb5aff,28000173,30678,173,gallegos
173,#L8820URJ,SD|GłФЯGłФ,0xffcb5aff,28000290,30597,174,POVN_HUB
174,#2V2CUY90J,MAX,0xffcb5aff,28000076,30572,175,gwada
175,#Q80PURPQ,3centurygmingYT,0xffcb5aff,28000255,30505,176,Galaxy⚽️
176,#PP2URGCJ0,wojtek.com,0xfff9c908,28000151,30443,177,Placuszki
177,#U0LVCQUQ,ULTRAPIR,0xffcb5aff,28000347,30418,178,QuiqeE TeaM
178,#8P2VJ2JQP,[Au] колян,0xff1ba5f5,28000276,30411,179,Сибоджарики
179,#899YQ80JL,Rzm|кот|64⛩,0xffa2e3fe,28000132,30405,180,РОССИЯ ТОП
180,#Y0UL9YCJC,ðarkpHøNkシ,0xffffffff,28000000,30402,181,✧千ㄥ卂爪乇 卄ㄖ丂ㄒ✧
181,#8LYVYVJ2G,[ЖМЫХ]SuperBO$$,0xff1ba5f5,28000228,30392,182,
182,#2R0VRQPRV,KOWAL4IK🇺🇦,0xfff9c908,28000132,30346,183,Wolves of Hell
183,#R88RJPGR,Волкодав,0xffcb5aff,28000349,30335,184,MINworld
184,#9URQVVPGQ,/STALKER/,0xffcb5aff,28000014,30306,185,SSF![
185,#YR22UCPVJ,SA|WARLORD,0xfff05637,28000168,30276,186,Squirrel’s Army
186,#82RQRCUR9,Rosa,0xff1ba5f5,28000132,30187,187,Light Elements
187,#92Q2PUJLR,꧁༺Øñ𝖊•Łøv𝖊༻꧂,0xffa8e132,28000341,30142,188,Totem>NAVI
188,#P82G2RRLL,低下_TILKS,0xfff9c908,28000017,30123,189,
189,#RRQJ2LY0,GM|toRRichO🐊,0xfff9c908,28000249,30118,190,
190,#VLJP922L,SousAge :D,0xffff8afb,28000228,30110,191,БУМБЫ🥭
191,#8P2PLQJYL,l1ner,0xffff8afb,28000163,30075,192,
192,#29VPL2GJQ,Maxi-pro,0xffa2e3fe,28000352,30031,193,♧GermanyGaming♧
193,#89PPLP9J8,никита тн’кин,0xffcb5aff,28000058,30007,194,TheBrosOfGlory
194,#8Y2LCGYVQ,HeXaGoNツ,0xffcb5aff,28000164,29969,195,
195,#2YQ980CUY,Vᵉʸⁿᵒʳ Lᵒⁿ,0xff1ba5f5,28000291,29955,196,Ворон Elite
196,#PQ9RUG92V,не3римый:),0xffcb5aff,28000175,29946,197,
197,#2CJL8UV,🍬màrmęłãdkā🍬,0xffff8afb,28000156,29944,198,
198,#2VU2YCUP0,ROG|K€V!N,0xffa2e3fe,28000128,29940,199,
199,#80PPG9Y82,ZERO,0xfff9c908,28000228,29923,200,
