,tag,name,nameColor,icon,trophies,rank,club
0,#PRPCY2Y0Q,iluhajoker,0xff1ba5f5,28000286,62363,1,🐬ice Moon🐬
1,#2RQYYURCQ,ʕ⁠·⁠ᴥ⁠·⁠ʔTokyo,0xffcb5aff,28000294,62133,2,TRD|TanaDiPingu
2,#9Q2G2YPRV,МегаАртём228🥶,0xffff9727,28000132,58936,3,Empire of Robot
3,#2QJU92PJG,Lukas Carry,0xff1ba5f5,28000256,58794,4,Vitrious Legacy
4,#2PPYVYVYQ,єрік👅かな,0xffff9727,28000242,57689,5,
5,#2CGQUU00P,xCheersMyHaters,0xffff8afb,28000332,55983,6,Dark Vendetta♱
6,#Y8CLC08L,愛~PiperZ❖,0xff1ba5f5,28000223,55495,7,TL|Team Luzou
7,#U0RV8R29,AdanFour,0xfff05637,28000272,54591,8,Hydronica
8,#20VR9JVC,🩸guzz™️,0xffffffff,28000225,52002,9,2018🖤
9,#2QGPVUGGP,Rado,0xffcb5aff,28000138,51891,10,BulgarianStars™
10,#YCPGJU0Y9,🔥⚡❤Andryxa❤⚡🔥,0xffa2e3fe,28000310,51454,11,StunSquad
11,#8UQ88PYUQ,чокдэнд,0xffffffff,28000078,51168,12,Великие Апперы
12,#20VLVLYJ0,AT|Ƭexᴛur¥🍀,0xffff8afb,28000256,50730,13,ASTRON eSports
13,#2PG0L0URC,eva,0xffcb5aff,28000110,50472,14,TT|bs:Army
14,#J9GGLYUR,OF|snow Beltr@n,0xfff05637,28000321,50387,15,I carry u
15,#9JR8C8CGU,tomorow🪐,0xffffffff,28000000,50343,16,Люtьle
16,#P02CY08YJ,Theddy 973,0xff1ba5f5,28000347,50226,17,POKÉMON FR 🇫🇷
17,#820JJCJU9,TR|Chazzu⚥︎,0xffffffff,28000047,50127,18,Experience IT
18,#L0CCC0JQ2,𝓡𝓮𝓭 𝓵𝓲𝓷𝓮,0xffffffff,28000293,50061,19,АНГЕЛЫ УДАЧИ
19,#899CGVYGV,L1e,0xfff9c908,28000273,48825,20,
20,#PJ8P9VYCJ,SANDY,0xffffffff,28000335,48751,21,BEST BRO EVER
21,#C2U28YGG,𝙸𝚇| Risus☕,0xffffffff,28000297,48576,22,
22,#PJ2Y0PYY,MisterIbrahim,0xffa8e132,28000349,48444,23,Loxl5 Elite
23,#P2GRCLCPY,GIUSEPPE EL 1°,0xfff05637,28000347,48413,24,JOKER OFFICIAL⛩
24,#8YV92JQ0J,TCD,0xffff9727,28000070,48328,25,TheLegendzdary
25,#2RP2PCRJR,𝖟𝖝𝖈|𝖆𝖘𝖙𝖆,0xffcb5aff,28000125,48321,26,Dark Souls II
26,#2QVUGU0UP,❤Laima❤,0xfff05637,28000129,48281,27,
27,#VJGGG20Q,richi026,0xffcb5aff,28000293,48179,28,OVER THE TOP
28,#PRVGU9U98,LC | Coldunchik,0xffa8e132,28000224,48036,29,МодныеСпайкучки
29,#8289R0LP8,서연준,0xffa2e3fe,28000211,48008,30,엄마하튜
30,#LU0GRU9RG,Opaxon,0xffffffff,28000183,47904,31,By<c4>Blue</c>☠
31,#P0J0GG90J,☔️ƑᎥﾒeRᶫᵒᵛᵉᵧₒᵤツ,0xffcb5aff,28000286,47784,32,HotDogs
32,#Q8PQYC2Q,컵케이크,0xffffffff,28000139,47776,33,율곡
33,#PRPUVJQU2,Light|Wortex🤑,0xffa2e3fe,28000319,47555,34,Mystery Killers
34,#PLRLGLCPU,9cm | minerrr,0xffffffff,28000038,47515,35,Mystic Energy
35,#PP9PY80G,QLS|P0SED™,0xffa2e3fe,28000303,47421,36,QLASH Italy 3
36,#Q8YRUJ8GL,Goku,0xff1ba5f5,28000348,47407,37,EU | Family🏔️
37,#8029RUCRQ,MORGENSHTERN,0xffcb5aff,28000337,46777,38,X-Moon
38,#8PPJP0CU0,Collin,0xffa2e3fe,28000106,46747,39,
39,#9RPQ0JG8V,𝕞𝕖𝕟𝟡𝟘𝕠,0xffffffff,28000278,46675,40,God Perfection
40,#2VCU2GYCC,Tijgerster,0xffa2e3fe,28000179,46510,41,Dutch Grinders
41,#P0RJ0JUUJ,/Jota-Horus/ YT,0xffffffff,28000175,46452,42,AIR-HORUS
42,#LLQPPUUUU,Buragoz,0xffffce89,28000223,46237,43,Laboratory
43,#YLJ99VGYR,Fireninja,0xfff05637,28000347,46223,44,RYX|Esports
44,#29JRJCPJQ,♤吉恩♤king,0xfff9c908,28000038,45810,45,真厲害
45,#9QP2Y8CGG,Soldado76,0xff1ba5f5,28000129,45786,46,2°F
46,#282YU8RYQ,Pro2007,0xffff8afb,28000017,45710,47,LA Champions
47,#QYJRGU0C,AI8,0xff4ddba2,28000016,45646,48,✨️Lovers✨️
48,#2JY88C8GU,𝖖𝖑𝖘|𝖗𝖚𝖘𝖍,0xffcb5aff,28000291,45602,49,Імперія Добра V
49,#2ULULJGLL,Qazaqmaster7002,0xffff8afb,28000196,45285,50,Кибер Котлеты
50,#P8V2QLGQ,𝐚𝐧𝐬𝐨𝐱❦,0xffcb5aff,28000120,45208,51,OF Bunnlly
51,#82QV0VCC9,BH | PluToN🪐,0xffff8afb,28000282,45167,52,lipton
52,#VL9LGYGQ,♡seesforiz♡,0xffcb5aff,28000175,45161,53,
53,#P0UJCLU2C,ZH|Breyvies,0xffffffff,28000218,45152,54,@top@fr@
54,#YP02PJ89Q,Colette,0xffa2e3fe,28000054,45109,55,
55,#VLYQQCVC,안녕비즈,0xffa2e3fe,28000290,45067,56,꼰머
56,#90UUGCJGP,X-MEN,0xfff9c908,28000211,44921,57,The Legends
57,#9VV0000YP,МАКС,0xff1ba5f5,28000271,44702,58,PRO[RUS]
58,#PURC8VJ0Y,люблю флойзичку,0xffa2e3fe,28000000,44617,59,The Buff Bunch
59,#PP02RLLV9,p4x|storm 😔💔,0xff1ba5f5,28000189,44490,60,крутоль
60,#9L2RLCQPL,fly | deq3z1🌌,0xffcb5aff,28000022,44481,61,Банда ТикТока✔️
61,#LCPYG8P0,羅|Laur🎋ᵏⁱˡˡu✨,0xff4ddba2,28000018,44442,62,HD|Power
62,#9RL0UL8G0,LORIS,0xff1ba5f5,28000207,44414,63,D P B|Esport II
63,#8VQGJ299Y,БАТЯ,0xffa8e132,28000267,44254,64,Eternity
64,#8RPCLYJYG,Tycie Mola🤍,0xffa2e3fe,28000332,44249,65,Slaves'
65,#22JGC9P82,CROW,0xffffffff,28000021,44234,66,MXM|WAOZERS
66,#2VQLPVQJR,🥀TT|Tishe4ka🥀,0xffcb5aff,28000218,44221,67,folga
67,#2YJ0YQJR,OmegaKiller,0xff4ddba2,28000061,44196,68,TSG.(Army)
68,#9YQ08R2G9,caan,0xffa2e3fe,28000163,44188,69,Sub Zero🥶💙
69,#YYGCCRGCG,𝒞𝓇𝒾𝓈🌱,0xff4ddba2,28000210,44057,70,latam|🌐🔰
70,#YGY0GJVY,חחח,0xfff05637,28000018,44012,71,🌊Niv🌋#2
71,#2LL82RU20,𝓝𝓝|𝓚𝓵𝓲𝓯🍀,0xffcb5aff,28000323,43897,72,трезвый фикус
72,#8YCLQRC9L,friction_AI2,0xffcb5aff,28000347,43853,73,ᶜˡᵃˢˢ
73,#PQU9UQCUQ,(:пердаклюй:),0xffcb5aff,28000286,43663,74,Крылья Советов
74,#9RL2GY9VJ,會🏴‍☠️ ｜Bot J🫡,0xfff05637,28000179,43606,75,<c5>Cold🥶</c>
75,#8PJU8CLQ8,ChorizoMimoso,0xfff05637,28000034,43500,76,Casa Mimosa
76,#2V9VU88U8,Quiqe22,0xffffffff,28000000,43474,77,Chupacabra
77,#LYPRQ2C88,🥀|RZM|🥀,0xffcb5aff,28000207,43473,78,DE|GoodPlayer
78,#UC20CUYL,sofi,0xfff9775d,28000035,43339,79,Casa Mimosa
79,#YYVGYGP9C,Navi|cubik,0xff1ba5f5,28000219,43254,80,CT
80,#PYLQCQLJG,JULIUS,0xffa2e3fe,28000135,43248,81,FC OHIO
81,#YLP2GC209,TDylan1 Bigboss,0xffa2e3fe,28000334,43228,82,dbz🙄
82,#9GYUJGCGP,Im WaSeRTy❤️‍🔥,0xff4ddba2,28000136,43184,83,The Hearth
83,#9PU0JV2YC,Ichigo Kurosaki,0xffa8e132,28000305,43124,84,El Princess
84,#9U8GC2CR,Black_Star,0xffcb5aff,28000349,43082,85,PALACE OF ORANG
85,#PQVYYLJUG,Adan4our,0xfff05637,28000305,42990,86,стальные яйца
86,#Y8L8GGC99,은신어쌔신,0xff4ddba2,28000352,42829,87,나통아리아
87,#RYL9R0R,[Бан]KoMpOt,0xffa2e3fe,28000159,42812,88,Legendary 輝煌時代
88,#9JRQJPGV,PETA PLAY,0xffffffff,28000000,42746,89,
89,#8P8RGURCJ,xsweeze,0xffcb5aff,28000207,42579,90,Rattrapage L2
90,#PQ88YY2C0,:D|CarYou☔シ︎🥀,0xffffffff,28000228,42509,91,Харьков
91,#20UVLV299,GODZILA,0xffcb5aff,28000000,42485,92,the BRAWLERZ™
92,#9P8CUPYQJ,DerEchteDumbo,0xffa2e3fe,28000151,42357,93,FAIRZockt
93,#8CJVQL8LY,☣☢NEON☢☣,0xff1ba5f5,28000102,42355,94,stinkvis
94,#8RY8GQ00Q,мин,0xfff9c908,28000129,42260,95,MG|MGans
95,#98LJ8PCLQ,leon,0xffff9727,28000168,42213,96,YouTube VanekBS
96,#CYL2LQPU,TT|terribleツ,0xffa2e3fe,28000290,42125,97,pif paf pouf
97,#Y88U8YVLP,анимешник,0xffff9727,28000207,42024,98,EliteQTeam
98,#P2GV2UVJU,exporter,0xff1ba5f5,28000151,41907,99,GermanRoadMen
99,#P0VQ98JV,~♡Karinka♡~,0xffffce89,28000235,41886,100,gym
100,#82YQ0YULC,King Krush,0xff4ddba2,28000291,41864,101,Deadeon 2.0?
101,#9YG8GGYVV,---,0xffcb5aff,28000194,41830,102,YoU_×|eSport
102,#2VG20UCCL,Ӽɢ | Ⱥcιd❦,0xff1ba5f5,28000222,41799,103,XpertGaming
103,#QCGL289P,⛩| Hyraᴳᵒᵈ64🎋,0xffcb5aff,28000293,41701,104,THE PULIPUT
104,#YUJ2GQP20,#error,0xffffffff,28000317,41677,105,Всичко е игра$
105,#8RVC82R2,たかお,0xffa8e132,28000017,41570,106,シェリーﾀﾋね
106,#PP9L2PJGV,🐈🔹️|alex 🏳🏴,0xff1ba5f5,28000096,41474,107,GOOFY AH CLUB 2
107,#PU8VGQPJL,Jekaaalle🦹👹,0xfff9c908,28000061,41439,108,Disruption
108,#8CJU8GPL,FasTic,0xffcb5aff,28000224,41231,109,YoU_×|eSport
109,#PY88YURQU,Brawlgems,0xffa2e3fe,28000228,41201,110,FireRider☆
110,#202LC2P0G,layssaga,0xffffce89,28000132,41166,111,NaVi младшие
111,#PP80YLQCQ,Alesalad,0xffa8e132,28000273,41127,112,team stecca 379
112,#V0JRURV9,tania,0xfff05637,28000182,40986,113,Mip POWER 💢
113,#C89YVCYG,Neso_Zeyrox,0xff1ba5f5,28000305,40979,114,les tranquilles
114,#9UC92QRUC,MACEr304,0xff1ba5f5,28000221,40977,115,The Royalties
115,#P0VU2P88,🃏 | Ryan’,0xff1ba5f5,28000305,40908,116,Allez Laaaaa
116,#G8JV20P9,Apfelsaft,0xfff9c908,28000104,40862,117,SIK_O❤️‍🔥
117,#89QY0V2PV,farid mandli,0xffcb5aff,28000297,40809,118,Club Gx
118,#9YRYGJYLG,Damianetto10,0xffff9727,28000352,40753,119,Siffrediaccadem
119,#YJ0Q9UL,S.T.A.L.K.E.R,0xffcb5aff,28000182,40745,120,
120,#8UQRL2G8V,GG,0xffa8e132,28000266,40613,121,원챔충
121,#2C89VVP8U,pim010,0xff1ba5f5,28000284,40554,122,mayonaise
122,#LGU8C8YLG,⛩️Mortis Pro 64,0xffcb5aff,28000140,40492,123,<c3>Slayer</c>D
123,#2UV2U98GU,Feͥrrͣaͫriₘₘ,0xfff05637,28000347,40480,124,* BC | team*
124,#PLVPJYLGG,[ПРИМОС] Вадим,0xfff9c908,28000260,40474,125,Rabenschädel
125,#Y88U9QCLR,SpartakEgor,0xff1ba5f5,28000225,40471,126,MMA RUSSIA
126,#PYYQGVU99,TW|DARK.CHAIDOL,0xffa2e3fe,28000322,40460,127,Банановые хрюши
127,#PL8VC0RJ8,David,0xff1ba5f5,28000341,40454,128,MysticGalaxyIII
128,#YYC9RLG9,ZT|Muslim🦆,0xffffffff,28000085,40374,129,Men of Brawl
129,#PRPPJRR2G,BRN08,0xffffffff,28000184,40366,130,☔️ƑᎥﾒeRᶫᵒᵛᵉᵧₒᵤツ
130,#880VJLVVV,골드메카크로우확인,0xfff9775d,28000341,40316,131,⭐스타
131,#9L9VC88J,lil_francio,0xff1ba5f5,28000055,40270,132,piedi di Folco
132,#Y8RQYLLGV,Enes Canbaz,0xffa2e3fe,28000305,40250,133,𝔇𝔯𝔞𝔠𝔲𝔩𝔞
133,#9J0P8U8PQ,JE | FOrmIX🖤,0xffcb5aff,28000156,40109,134,
134,#28J9UCYQU,вапро,0xffffffff,28000341,40105,135,Akatsuki
135,#JPQJP0QR,CF |ℝ𝕦𝕥𝕖𝕢ツ,0xffff9727,28000305,40085,136,Cooking Friends
136,#98Y08YV2J,Котенок,0xff1ba5f5,28000150,40077,137,LA VC
137,#22VY00JY,RV|Osho,0xffff9727,28000128,40052,138,CLUB AMICI
138,#8P8LVVJU,Edo3Mc6,0xfff9c908,28000043,40032,139,astr
139,#U0PJ2JJC,Nieltendo,0xfff05637,28000073,40018,140,de Vinnierakker
140,#8Q888UUL2,BayLune,0xffcb5aff,28000272,40004,141,BayLune Family
141,#8PP8G9GRY,zxcat,0xfff9c908,28000262,40002,142,Omega Stars
142,#8JUYQPYRP,🎋Paldovey🖤,0xffcb5aff,28000132,39989,143,Code: COSTIN
143,#PJ28RQC00,Sebastian playe,0xfff9c908,28000006,39825,144,🏝Playa Gaviota
144,#LUY8JU8C,Assasin,0xfff05637,28000273,39790,145,shotmonn
145,#8U9LRRR8L,💗|Pʀɪɴᴄᴇss|💗シ,0xfff05637,28000210,39750,146,Coldcurrents
146,#J9JPQU28,Lede der Echte,0xffcb5aff,28000294,39736,147,KA
147,#88QQ089QV,Alex BS,0xffffffff,28000341,39729,148,Oder Squad
148,#8J8UCJ2LC,NITRAM 007,0xffff9727,28000095,39716,149,Dïõ clûb
149,#898UG98L0,xvx,0xffcb5aff,28000332,39670,150,Brawlmacher
150,#22CJQ2LPJ,DansPro,0xff1ba5f5,28000073,39627,151,TheLegendzdary
151,#VLLVJGCL,BGS|ɢʀᴜꜰꜰ💔,0xffcb5aff,28000226,39619,152,gold on bro
152,#Y0PU8UCL9,ciao,0xff4ddba2,28000217,39600,153,CS |Esports
153,#V0QC2CU2,s k t,0xff1ba5f5,28000341,39557,154,Kings
154,#899RYGUCJ,Джин,0xffcb5aff,28000228,39530,155,love😍karna.val
155,#G80GRQ9V,MERO,0xff1ba5f5,28000156,39478,156,Street of Magic
156,#CC8Y0VVJ,JasonJohnson,0xfff05637,28000156,39465,157,Club Dub
157,#99GQ8U89Y,Armenia🇦🇲,0xffcb5aff,28000294,39398,158,ОДУВАНЧИКИ
158,#9C29Y2RV0,MZTopogigiopro,0xffa2e3fe,28000140,39384,159,brawletto star
159,#PCPRPJLCQ,{Пb(>-<)}Utka V,0xffcb5aff,28000335,39371,160,Wanted🔱🔥
160,#PCQYYRQU,Thiagotaquito,0xffa8e132,28000139,39364,161,Jungle stupide
161,#92LQLJVQR,BLACK CROW,0xffffffff,28000335,39319,162,MILIKOWICE
162,#8P8YJC82U,спанч Боб,0xff4ddba2,28000248,39303,163,
163,#9CLUJ9URV,nkt_7,0xff4ddba2,28000305,39300,164,волейболисты
164,#2Y22LQJLP,PINTAREY P YT,0xfff9775d,28000008,39254,165,ARABIA SAUDI
165,#P2GL09JGP,YT_Dark_Angel,0xffcb5aff,28000228,39230,166,Шмалярчики
166,#80JUVG2UR,ⁱ ᵃᵐ DeadPool⚡️,0xfff9c908,28000272,39205,167,WARANI
167,#PV8JC82G9,👑KING👑,0xffa8e132,28000284,39173,168,RanG 30
168,#229UVRR2Q,Mau DARKDAY ✔,0xffa8e132,28000139,39130,169,
169,#2GLPYYP89,BEARS🧸,0xff1ba5f5,28000291,39021,170,🌌JustPlayers🎮
170,#2CC8CLQCJ,Danstar,0xff4ddba2,28000021,39010,171,SAVAGE
171,#982JGPQPV,MARTIN VGX,0xffcb5aff,28000167,38982,172,no se tiren ctm
172,#8JUU9CVP,⚡✨LOXTRUM✨⚡,0xffcb5aff,28000001,38964,173,Poland Army
173,#Y92L22RQL,TR[sefa],0xffff9727,28000129,38953,174,A NEW EMPİRE🥀
174,#82G929PCY,🧠l skywayne1,0xffcb5aff,28000018,38953,175,сигмi
175,#8PQV20QGJ,HYUN,0xffa2e3fe,28000233,38948,176,✨MyName✨
176,#YLPRUG9LQ,murder,0xffff8afb,28000169,38931,177,stop femenism
177,#9UCR0800L,Super-Sisim.M,0xffa2e3fe,28000148,38908,178,Team Amerus
178,#PQ800C80,bot 1,0xfff9c908,28000244,38899,179,E.F.E
179,#9LJJ2VGPG,Mikrash(⊃｡•́‿•̀,0xff1ba5f5,28000220,38896,180,⚔️Legion🛡
180,#PQL9J08P0,le hackeur yt,0xffa2e3fe,28000139,38886,181,Occulte™
181,#82RJQ8CPJ,"""Вова-святой""",0xffa2e3fe,28000255,38884,182,Легенды
182,#9G2QQUCPP,Franchi SpaZ,0xff1ba5f5,28000168,38846,183,<c2>GLØRY</c>
183,#PQJR8GYGL,다온이,0xffff9727,28000289,38787,184,<c7>PONTAIN</c>
184,#L2L2YR2C8,BRAWL,0xffffffff,28000101,38768,185,Hahatooez
185,#PQURLRL9R,umut,0xffcb5aff,28000156,38768,186,BestPlayers
186,#9RR0LGG0Q,massimO,0xff1ba5f5,28000332,38764,187,Top ITALIAN Top
187,#2PU2YY2GR,Malawifreund,0xff1ba5f5,28000065,38671,188,Jannik
188,#PRUYVVY9Y,leon,0xffff8afb,28000014,38600,189,9999
189,#2Y0V0JJYV,Linda₩,0xffff8afb,28000075,38564,190,Crazy farma
190,#8LQJ9J09V,⁶⁹𝙵𝚘𝚛𝚣zex🎩,0xffffffff,28000136,38551,191,Brawl Kings
191,#P2UV0JCRR,luizYT,0xffff9727,28000301,38533,192,ALCATEIA
192,#9LPRYGRP8,мαятє_мαттι,0xffff9727,28000140,38523,193,LA GANG DEI PRO
193,#8R88QV999,EricOderSo,0xfff05637,28000271,38510,194,German-Champs👑
194,#9LRUQPLQ,Molly,0xffcb5aff,28000129,38437,195,ゲイリーズ
195,#PQCY0G9U,Боец,0xff1ba5f5,28000282,38434,196,солевые
196,#202GCLQQ9,Flying Miner,0xffcb5aff,28000156,38403,197,Varen
197,#9RVJLLJ98,🦀カニ🦀,0xfff9775d,28000085,38380,198,キューリのQちゃん
198,#8QCYG9CYR,GX GIULIO,0xff1ba5f5,28000037,38379,199,
199,#YPC9YJ098,Leon,0xffffce89,28000207,38377,200,Ciastka Pearla
