,tag,name,nameColor,icon,trophies,rank,club
0,#J2CR99J,✴JAIR✴,0xff4ddba2,28000106,63809,1,Zoológico NA
1,#2RR0UCRVC,关 | ZAiWeekᴳᵒᵈ,0xffcb5aff,28000159,63654,2,👹 infieles 👹
2,#99VR8Y9Q0,PB|carlos,0xfff9c908,28000058,63055,3,México Top♡
3,#J0RYJUJ,CMB|TwistiTwik,0xffffffff,28000221,62608,4,<c6>MONSTER</c>
4,#8JJPG0C90,☆JAHIR08☆🐣💛,0xff1ba5f5,28000187,62549,5,Beyond Reality
5,#8LVU98PJV,NL|JOMAツ🇭🇳❤️,0xff4ddba2,28000312,62443,6,Nuevas Leyendas
6,#2LGR90Y99,ʟᴜʀɪ ᴊᴏᴇꜱᴛᴀʀ✨,0xff1ba5f5,28000018,62006,7,Zoológico NA
7,#9JPRVC98,DDE|Guerrero🐙,0xffffffff,28000096,61936,8,Guerreritos
8,#9RPJVVVCV,桜†Dаiкч♡,0xffa8e132,28000253,61919,9,Guerreritos
9,#9VG29Y9CL,🧸|Peralta#10シ,0xffff9727,28000341,61337,10,Minecraft PE
10,#2YRV2VC2Q,◤Enͥriͣqͫue◢ツ✨,0xffffffff,28000112,61102,11,愛<c5>TZ</c>
11,#2YU9LY9CP,Juanecito,0xff1ba5f5,28000115,61031,12,octos
12,#QG2UQUUL,NL|Nesury⁠ツ❤️🐛,0xffcb5aff,28000207,61005,13,Nuevas Leyendas
13,#PRJJ2JR,Daos,0xffff8afb,28000078,60921,14,Bull Chiquito
14,#89YPRP2CG,🔥Dark Night🔥,0xff1ba5f5,28000187,60734,15,†Đємσи & αηgєł❦
15,#2RYJUR2RU,QLS|JOSHUA|HN,0xfff9c908,28000298,60599,16,ZETA|DIVIZION♥️
16,#98PVPRCR2,♞|JORGE❦,0xffffce89,28000057,60002,17,B T H Beta
17,#Y2PPCVCJL,Tumbado ☁👻,0xffa2e3fe,28000282,59670,18,🎴TENJIKU 🎴
18,#2UQJC989C,⛩|Jero_Oso|🎋,0xffffffff,28000175,59538,19,Kleptomania
19,#GP0QJ2CJ,Godly Colette~,0xffcb5aff,28000054,59414,20,Suli Lovers©®
20,#YJVLULPQ2,NORIEL,0xffa8e132,28000101,59348,21,Kleptomania
21,#8QR9QLQRV,KL|Gustavo,0xffff8afb,28000218,58866,22,Kleptomania
22,#R2RY89J,Maynor,0xffffffff,28000176,58748,23,CaféDeMañana
23,#29028V098,Gredy,0xffcb5aff,28000291,58613,24,Hermadad Oscura
24,#VQ029VJC,juliocesar,0xffffffff,28000266,58301,25,My Little Pony
25,#C0Y8VGJP,KAKASHI SENSEII,0xffa8e132,28000347,58177,26,愛<c5>TZ</c>
26,#8YJ9UGY2Q,𝗪𝗮𝗻𝗱𝗮❦,0xffffffff,28000341,58104,27,Kleptomania
27,#Y2YVU20QJ,FĘŘňĄňĐØ🖤,0xffcb5aff,28000310,58095,28,🫡🫡🫡🫡🫡🫡🫡
28,#22PQLQJLY,฿eͥℝsͣeͫℝk♛,0xffcb5aff,28000308,57947,29,<c2>Phoenix</c>
29,#228C2J2LG,STMN | Asriel,0xffa8e132,28000136,57554,30,ᴰᵃʳˡⁱⁿᵍ |TeamHN
30,#9L2Q2CL80,HN | Breslen🤍,0xffff9727,28000091,57432,31,Dark Assassins
31,#UC90U,RGL,0xff1ba5f5,28000196,57343,32,Los 5 Reinos
32,#98QLP90CC,mizumy,0xff1ba5f5,28000348,57121,33,THE BEST HN
33,#R09QQUP0,雲 | Cℓoudˢᵗᵃʳ🗡,0xfff05637,28000301,57058,34,Army Of 300 II
34,#CL2U0LY,Ortiz🐬,0xffffffff,28000201,57044,35,☠KillerMachines
35,#PUV0VU82,STyLES,0xff4ddba2,28000179,56820,36,My Little Pony
36,#98QRQGG80,EL CUBA HN,0xff1ba5f5,28000301,56720,37,Legends Stars
37,#8LU9PC0P8,𝐌𝐳|𝐂𝐫𝐮𝐳ˣ,0xffff9727,28000210,56661,38,Kleptomania
38,#8R9QQC0Y9,RR|Tribal Chief,0xffff9727,28000061,56457,39,My Little Pony
39,#2Y9PV0Q88,♡︎𝙱𝚊𝚍𝙲𝚊𝚝シ,0xffcb5aff,28000210,56375,40,†Đємσи & αηgєł❦
40,#992Q9GG29,NELSON S.A.M,0xffff9727,28000223,56246,41,Kleptomania
41,#98P9GPYPL,Nåhúń🇭🇳,0xff1ba5f5,28000019,55826,42,TEAM HN :V
42,#92L820U29,UD|Anaxime🌀,0xff1ba5f5,28000323,55763,43,UnitedDemons
43,#2RGVLCUV9,Tribe | Go ♤,0xff1ba5f5,28000234,55320,44,Last of a Kind
44,#29C99R2V2,cris,0xffcb5aff,28000207,55107,45,✨Los Mains✨
45,#2JPJLJL2C,Gabriel,0xff1ba5f5,28000308,55083,46,BIG SHOTS
46,#222GQRJUR,Rafa11XD,0xfff9c908,28000096,55052,47,Pollos Hermanos
47,#9C88GC8L8,Feelingた,0xffffffff,28000278,54812,48,<c5>Classic</c>
48,#P2YGCLYR8,NL|Zaid⁠ツ💙❄️,0xffffffff,28000018,54476,49,Nuevas Leyendas
49,#2U2GYJ0PJ,★ĘŃRÏQÜĘ★,0xfff9c908,28000348,54364,50,PTYMaleante 2.0
50,#20QYUG0QP,$@BILLON(-.+),0xfff9c908,28000137,54336,51,INTER DE MILAN
51,#YUJLVQ2,Mauri,0xffffffff,28000203,54326,52,Natsukashii
52,#28U9VJPLP,✞☬KIKA ✝♥☬✞,0xffffffff,28000000,54200,53,ETERNAL TOPS 🏅
53,#88L2JCJU,TB | Kaneki,0xfff05637,28000023,54178,54,Team Brother
54,#9QGP92P0R,×Gåßrï×(ง'̀-'́),0xff4ddba2,28000112,54142,55,My Little Pony
55,#PUGRQV0LP,Arbok,0xffcb5aff,28000110,53920,56,Danger Poison
56,#YRY9QL2Q,Fernando :),0xffff9727,28000123,53711,57,Tʀᴜᴇ ᴀɴᴅ Fᴀʟsᴇ
57,#GLVPQV8,DANII HN,0xffff9727,28000170,53684,58,Team Brother
58,#92RQV00L8,FidelP,0xffff8afb,28000130,53491,59,My Little Pony
59,#LL90LUJCP,✨️Lana del Rey✨,0xffcb5aff,28000349,53339,60,Guerreritos
60,#YUUR099J,ᴶᴮSofi ❦,0xffffffff,28000179,53230,61,My Little Pony
61,#P2C8QCQLY,『féℓιχ❦』,0xff4ddba2,28000140,53178,62,RosaDeGuadalupe
62,#8JU02U2CQ,VICENZO YT,0xffa2e3fe,28000019,53044,63,Gerusia
63,#2LPYJ8PJJ,CaTdraco_YT🔥,0xffcb5aff,28000207,52949,64,Los Puponios
64,#YYLLQC9C,TG | €รK€тIт ッ,0xffa2e3fe,28000262,52850,65,AEIS CLUB
65,#2JCPUUVR8,Zombieslayer77,0xffcb5aff,28000338,52828,66,Los Rico Ricos
66,#8LC9Y02V,JRobZC,0xffff9727,28000285,52808,67,<c7>EndGame</c>
67,#2R2JVQ0U0,ZETA|Rodríguez,0xffff9727,28000336,52807,68,Kleptomania
68,#GCQJJVLR,є҉Zeric͢͢͢k❦,0xffffce89,28000233,52802,69,Black Obsidian
69,#2RLCJVGY9,🐣LOSG🐣BLACK🐣,0xffff9727,28000016,52712,70,DeTranquis3
70,#VYJ02GU9,Mistake,0xff1ba5f5,28000012,52682,71,
71,#LRQPU9GU,Sombra ᴳᵒᵈ👾🥀,0xffff8afb,28000220,52570,72,SQLprestigio
72,#VJJ2J20,GIO,0xfff9775d,28000334,52516,73,Warrior Clash
73,#8J9JVGQJC,𝓇𝑜𝒷𝒾𝓃⚘,0xff1ba5f5,28000035,52487,74,Réquiem
74,#L9RPU99U,Leviathan,0xffcb5aff,28000233,52466,75,Astro-mini
75,#9VYP2G29U,HN|Croono 🐣💛,0xfff9c908,28000291,52434,76,NAMASAJU TEAM
76,#GCC0UY98,Marito09,0xff4ddba2,28000140,52398,77,Kleptomania
77,#PPPJLQGVJ,VNM|AllanKcrs,0xfff9c908,28000259,52393,78,Venom HN🕷️
78,#28RCJ0PJ,DaviDXD03|恐れ,0xffcb5aff,28000189,52312,79,Nuevas Leyendas
79,#GVRGLYPL,DxD|Hyodo Issei,0xfff05637,28000138,52203,80,ᴰᵃʳˡⁱⁿᵍ |TeamHN
80,#2U92QUYR9,KL|EscotoXz 🦖,0xffff8afb,28000321,52200,81,Kleptomania
81,#9VG0YRPU8,✧☽𝓑𝓮𝓮𝓷𝔂☾✧,0xfff05637,28000334,52162,82,愛<c5>TZ</c>
82,#GP2Q98Q,WL|Steven1661,0xffcb5aff,28000272,52112,83,Nakamas 🇭🇳
83,#2VYV8G000,~Lord Evans,0xfff9c908,28000235,52094,84,Golden Dawn
84,#VGC008LY,EMZ uwu,0xffff8afb,28000045,51939,85,Liga de Clubes
85,#VVGQJQYQ,Godly Colt~,0xffa8e132,28000096,51842,86,Suli Lovers©®
86,#GJYLQL8Y,🜲ωเιɱαɳ²³,0xffffffff,28000223,51737,87,La escaloneta
87,#GUCUJPQ8,Cristopher,0xffcb5aff,28000019,51730,88,Magic Team⚡
88,#22PCPRP89,BRYANX..,0xffa2e3fe,28000156,51683,89,Nuevas Leyendas
89,#20CJPRR8,☄Ӕ|Bayron☄,0xffcb5aff,28000139,51650,90,Bonnie's clubs
90,#20VG880Y2,✘𝓴𝓮𝓿𝓲𝓷♡.,0xffffffff,28000347,51649,91,FuriaDeChester
91,#URRYUCRU,ƘҽηηҽԵհ🐥,0xffff9727,28000225,51646,92,AEIS CLUB
92,#90JYPG08P,💊ViCtOR💉🩸,0xffa8e132,28000347,51559,93,My Little Pony
93,#PVVGJRJJR,NGR|TITO💤,0xff1ba5f5,28000138,51461,94,DeTranquis3
94,#GCGVGL2J,Javi Arca,0xffcb5aff,28000352,51382,95,AEIS CLUB
95,#98Q2LJLPP,Lord Skin🧛‍♂️,0xff1ba5f5,28000262,51293,96,Los Mancos
96,#2CY8VPQRQ,🇭🇳HN|ASHTON🐣,0xfff05637,28000175,51281,97,⚔️🐺KingWolf🐺⚔
97,#J80C8GPG,Jaggerjack,0xff1ba5f5,28000129,51256,98,AEIS CLUB
98,#888CQR98,Ángel H Carvaja,0xffffffff,28000023,51254,99,AEIS CLUB
99,#J8RJLCPV,✨KILLER CROC☯️,0xffa8e132,28000296,51218,100,AEIS CLUB
100,#98LPCUJ8Y,H@(K€R 1.9,0xffffffff,28000280,51201,101,都Sunset🌆
101,#C20RLLY,𝑺𝒉𝒊𝒎𝒖𝒓𝒂ホ,0xffff8afb,28000139,51169,102,Tem oasis
102,#29VG9QLC,MARTIN,0xff1ba5f5,28000016,51080,103,AEIS CLUB
103,#2PRLYJ00Y,°Mario°ᴮᴬᴰʙᴏʏツ,0xffffffff,28000138,50975,104,BAD BOYS
104,#2YJVR8UV,ᴿᴰᴹ|ᴊᴇꜰᴇʀꜱɪᴛᴏ🥀,0xffcb5aff,28000109,50892,105,DragonWarriors
105,#20JVJPUGL,afit,0xffffce89,28000262,50860,106,loleros
106,#9UQYJRQR9,munki,0xffcb5aff,28000291,50839,107,Gay Cdmx
107,#99GGLU0RR,ᵸᶰ°HeͥςtͣoͫR ツ,0xffcb5aff,28000349,50785,108,Ghost Souls V
108,#2UQ2JUG08,AC|JORGE LUIS,0xfff9c908,28000332,50775,109,AEIS CLUB
109,#28LQUVVU,TG|Hectorcriper,0xffcb5aff,28000352,50767,110,EXTERMINION
110,#P92QJU2,Dani,0xff1ba5f5,28000307,50726,111,3Crowns HN
111,#22ULJPPUR,j3z3r5an,0xffa8e132,28000276,50687,112,THE RAPTORS
112,#VUY99Y0J,CH|𝙰𝗹𝗲𝙟𝗼♡︎,0xffffffff,28000097,50686,113,LegensClub🥷🖤
113,#8RRVLRLG9,BS🐣|JonaToad🍄,0xfff9c908,28000216,50584,114,StarrOnichans🌟
114,#20QQP2RYQ,S@BILLON 🇭🇳,0xffa8e132,28000136,50546,115,INTER DE MILAN
115,#2YUP08Q9J,🦁|AleJo| ᴳᵒᵈ🥀,0xffcb5aff,28000000,50534,116,
116,#28V0PCLQ,kokushibo💜,0xffcb5aff,28000163,50531,117,Team Brother
117,#2J2UQ2RYY,lobo vengativo,0xffcb5aff,28000294,50517,118,club manito 2.0
118,#GRP89V0P,Danielich,0xff1ba5f5,28000285,50516,119,My Little Pony
119,#VU20RG0J,ⓁⓤⓕⓕⓨⒷⓐⓢⓘⓒ™,0xffcb5aff,28000272,50516,120,León
120,#8UJQP2VJ2,OLBAN,0xffa2e3fe,28000261,50485,121,Nuevas Leyendas
121,#2QULVCQ9P,jack,0xfff05637,28000331,50473,122,BS Prestige
122,#8PU9UUY9G,🔱♦Bendy ♦🔱,0xff4ddba2,28000258,50405,123,🔥TheFireClub🔥
123,#YPGUJPRL,NL|Crisツ💚,0xffffffff,28000136,50310,124,Nuevas Leyendas
124,#9920JU2YQ,Capi 🦆,0xffffffff,28000009,50270,125,<c2>Phoenix</c>
125,#PGVGGRJ8J,JM|🍥WERPY_DE'S,0xfff9c908,28000095,50231,126,The Cats
126,#220YQGR2Y,DaddyDrenN,0xffcb5aff,28000054,50141,127,
127,#JLYPP2PV,CARLOS,0xffa2e3fe,28000169,50128,128,INFIERNITO HN
128,#PJ0U0R022,Laycanrock,0xff1ba5f5,28000349,50102,129,GeneticBomb
129,#L9Q29VVGJ,Tanjiro 😎😎,0xffcb5aff,28000210,50075,130,Fuerza Hispana
130,#PJ2UG982R,ṨṨ・iWȺƦ🥋,0xffff9727,28000224,50047,131,Sofiaenunasilla
131,#PPVQV9J0Y,Fran :3,0xffff8afb,28000046,50026,132,
132,#2VPQPQP0C,Emi👾,0xff4ddba2,28000280,50022,133,StarrOnichans🌟
133,#GCLG2J8Y,Victhor69,0xfff05637,28000247,50011,134,BRAWL ESP
134,#Y89RYJJPC,Gabriel,0xffa8e132,28000293,50005,135,TʰᵉᴮᵒᵒᵏᴼᶠSʰᵃᵈᵒᵘ
135,#9RRG0GRCG,VNM|ElAndresR,0xffff8afb,28000097,50000,136,Venom HN🕷️
136,#YVUJ0LCP,seriel uwu,0xffffffff,28000129,49963,137,Team Brother
137,#GJ288028,M@U®¥,0xffcb5aff,28000019,49837,138,
138,#8UUQJQJ2,pınbsıм,0xfff9c908,28000348,49782,139,minutahumilde:3
139,#2G98UCY0V,DW|Kevin H.,0xff1ba5f5,28000349,49759,140,Kleptomania
140,#8U2VY20R,Rs|Daniel 😎,0xffa2e3fe,28000272,49722,141,🔥Turkclan🔥
141,#8L0VJ02PP,julioprofe,0xffff9727,28000290,49684,142,Imperio LatamGG
142,#2GC922Y0Y,•Darenʲᵉᶠᶠ,0xffff9727,28000300,49652,143,AEIS CLUB
143,#2P8GQ8VP,メ❄️Andromeda❄️メ,0xffff8afb,28000207,49593,144,Valhalla
144,#JV9CYCQJ,TC|mario,0xffcb5aff,28000333,49572,145,Kleptomania
145,#8C8VJC80,BIBI,0xfff05637,28000293,49534,146,AEIS CLUB
146,#8UV09G8YQ,HN.02|PawYamil,0xffffce89,28000244,49252,147,The LegendsHN
147,#YRPQGUQP,Akashi🩵Kathy,0xff1ba5f5,28000115,49229,148,UnitedDemons
148,#JJ0C0CQ9,♧JØRĞ€♧,0xfff9c908,28000226,49206,149,TEAM POWER 🇭🇳
149,#82YJ8G88J,tp|espaick,0xffffce89,28000028,49188,150,Meper donas?
150,#CYJ02PVJ,ςђгเรՇเคภ☢️™,0xfff05637,28000347,49180,151,AEIS CLUB
151,#RGLVJLU0,MNK | JorgeCruz,0xffffffff,28000002,49159,152,Aubs Crew
152,#8G02C0VJ8,✨EGO✨,0xffcb5aff,28000273,49144,153,Club  #LJGLV288
153,#99PVVLQV0,Cuñado🥺,0xffa8e132,28000196,49111,154,Team MD X Envy
154,#C2UVLUG2,🇭🇳|Syko,0xffa8e132,28000129,49040,155,⎊IRON HEART⎊
155,#2JCLY8RQ8,Rs | THE KING,0xffa2e3fe,28000032,48975,156,☢️⚡INFAMOUS⚡☢️
156,#CV2QL9L2,Ales64| ᶫᵒᵛᵉᵧₒᵤ,0xff1ba5f5,28000318,48962,157,Mega Honduras
157,#9YQQC0CJQ,Ilonqua,0xff4ddba2,28000284,48901,158,Infinity One
158,#2C28RG2R2,ggg5481,0xffa2e3fe,28000330,48901,159,DarkMastersHN
159,#9P09GPJLL,The Aleman,0xffa8e132,28000272,48871,160,Los Mancos
160,#PJCJ92C,Daniel,0xff4ddba2,28000072,48725,161,Dead Silence
161,#99JYJCP0V,EKB|SmallWhale™,0xffcb5aff,28000305,48717,162,Los Insanos 👻
162,#U2LQ8UR0,alex,0xff4ddba2,28000258,48674,163,Real Lolicrapie
163,#YJC22U200,JR15,0xfff9c908,28000137,48596,164,Nuevas Leyendas
164,#89CVCJQ8R,»山ム|Angel0_Jrツ,0xff1ba5f5,28000279,48547,165,Mega Honduras
165,#RUY8Q8GG,marqui2,0xfff05637,28000151,48545,166,TEAM POWER 🇭🇳
166,#9Y8U0QGG,CesarL213,0xfff05637,28000294,48474,167,TEAM POWER 🇭🇳
167,#YGYLQ89C,DeadlyFall,0xfff9c908,28000300,48474,168,MKS Gaming
168,#VQC9GLUV,Sergio Andres,0xff1ba5f5,28000201,48468,169,Legend2122
169,#8PRRQRY8R,Marco,0xffff8afb,28000304,48461,170,!! LØSĆRĄK!!HŃ
170,#CL20Y9PV,QLS|Marcos,0xffffffff,28000058,48404,171,Nice ESP🌀
171,#8C08PU2J,✨Yan✨,0xffff9727,28000263,48401,172,Hollownest
172,#QJGURRP,Nossilla9667 HN,0xff1ba5f5,28000291,48401,173,Gabino 2.0
173,#2Q998Q2P8,Escanor,0xffcb5aff,28000041,48297,174,CLAN VIGOTE BS
174,#290PGR9VJ,SF/KEXY/HN^_^⚡,0xffcb5aff,28000109,48293,175,NEW YORK ✨
175,#2208VRYCC,SEG|Brandsan,0xff4ddba2,28000277,48236,176,AEIS CLUB
176,#9VQPP9VY,Khaled,0xffcb5aff,28000170,48232,177,DIVANNA TEAM
177,#RPVQVGJ,javys,0xfff05637,28000156,48148,178,R.D Akatzuky
178,#2QU0G80JV,Faviieee...,0xfff9c908,28000352,48088,179,mexico rifa
179,#98QCRYQ8C,₳₦₮Ø₦ŀ,0xfff9c908,28000104,48084,180,Legends Stars
180,#PJGGUU9R,I🤎MORENAS🥥,0xffcb5aff,28000336,48042,181,Team Brother
181,#LVCV9YQP,Darquiel,0xff1ba5f5,28000229,48039,182,Brawl Stars Hn
182,#LL2LLYC,Mauricio,0xfff9c908,28000130,48032,183,
183,#9V2GRRG8Q,DANTE_04,0xffcb5aff,28000135,48000,184,ᴰᵃʳˡⁱⁿᵍ |TeamHN
184,#VYVGUGCV,Steeven❤️CP,0xff1ba5f5,28000335,47979,185,AllInAgreement
185,#9Y8Q02YR,OWEN :D,0xffff9727,28000352,47955,186,Kleptomania
186,#2Y89Y8GRY,Sr.𝓙𝓸𝓻𝓭𝓪𝓷,0xff1ba5f5,28000262,47902,187,TEAM HN :V
187,#U8VCYQRY,Cocal,0xffff9727,28000155,47895,188,Team Mancos
188,#2800CVR82,ZenlessGD㐱,0xffcb5aff,28000139,47886,189,AEIS CLUB
189,#YJVRV292U,Mr.PvpManco,0xffffffff,28000280,47855,190,Mistic EspanaFV
190,#229Y2QPU,NL|deku💕,0xffff9727,28000021,47829,191,Nuevas Leyendas
191,#9RJ28RC,AC | Bayron,0xfff9775d,28000156,47828,192,AEIS CLUB
192,#880Q9QUGG,😎CARLOS😎,0xfff9c908,28000210,47769,193,Empire
193,#22PGC0LC,βΗΝ|łȺnƶȺłłȺmȺ§,0xffff9727,28000272,47738,194,AEIS CLUB
194,#QRP0YL0,XxJhostynSGIxX,0xfff05637,28000173,47727,195,TEAM|VACLA
195,#2UCR0VJQV,BONILLA=GAMER,0xfff9c908,28000091,47658,196,TEAM HN :V
196,#9CGUY8YR9,пельмень,0xffff9727,28000070,47580,197,❤️LeDi_LoVe❤️2
197,#JR9PY2RR,Big Drew,0xffff8afb,28000073,47575,198,Sorrow
198,#28R0R0VPY,SEBASTIAN963,0xffffffff,28000196,47510,199,Fuerza Hispana
199,#9CPLRQCYQ,Sniper-Pro_1810,0xfff05637,28000077,47461,200,
