,tag,name,nameColor,icon,trophies,rank,club
0,#PJ0PJYYG,Saif Omar,0xffa2e3fe,28000057,57036,1,Soft Drinks
1,#VP98PUUR,CM|⚔️SMeRTь⚔️,0xff1ba5f5,28000285,56767,2,Unreal_Fate🥀
2,#YGJPPPJP0,食-𝑬𝚔a̷𝚕❤️‍🔥,0xffffffff,28000066,56344,3,LHS|E-SPORTS)
3,#28PQJ0LUP,Shelly,0xffcb5aff,28000244,55090,4,TheBlackWizards
4,#UQUU0RG,LuckyLuke,0xffff9727,28000297,54745,5,Karma
5,#8RCL02CLG,Nonsensus,0xffff8afb,28000297,54518,6,No t🦠xic ppl🖤
6,#90L2JJLQ,pttgoxx,0xffffce89,28000273,54502,7,佛系戰隊
7,#2VL8RRJL,SimplyIcyy,0xffcb5aff,28000335,54314,8,THE BOYS
8,#22QGR0P8Y,ImRobertoh,0xff4ddba2,28000096,54081,9,
9,#9JVUPJ222,Input your name,0xffff9727,28000232,53546,10,MM | On Top
10,#YQPLUUCGL,KOKO$IK,0xffa8e132,28000253,50861,11,
11,#8RRLYUJG2,R.K,0xff1ba5f5,28000290,50779,12,Avengers
12,#P08PJLU,Nitro❄️,0xffff8afb,28000312,50456,13,
13,#228G0JLY,Róbert Logi,0xffff9727,28000260,50373,14,BRAWL TIME
14,#QJ0YU02U,SW|Subjêct❦,0xffa2e3fe,28000321,49862,15,GOLD/TEAM🥇👑
15,#CV20VJLV,Phoenix.,0xffffffff,28000156,49235,16,Mini Me’s
16,#28QLCCVRG,💩Yeet scheet💩,0xffa2e3fe,28000223,48501,17,ᴍᴏᴅ| ᴇ’sᴘᴏʀᴛs🦇
17,#Y8U88GUPV,⛩MichalBS99⛩,0xffffffff,28000096,48322,18,
18,#YLG8PYJVJ,kaeden,0xff1ba5f5,28000330,48080,19,<c6>qt<c2>π</c>
19,#92VU2YRY9,Norbi_King22,0xffa2e3fe,28000020,47891,20,⚡️The OP kings⚡
20,#PPU8CRP2C,SPACE,0xffcb5aff,28000211,47381,21,클럽리그
21,#80JJY0UPV,BuiA,0xffff9727,28000139,46603,22,TBS|TheBOIS
22,#L2RGU2GV9,🍉|blábleija,0xffcb5aff,28000305,45441,23,Brekko
23,#PVRUG0LVU,<SSG|takerun>,0xff1ba5f5,28000175,45395,24,future
24,#RJL9V2GG,⭐️MauStar_DLR,0xffff9727,28000332,45036,25,DLRKillers
25,#PPJG2V8JR,😘$Ёжик$😘,0xffcb5aff,28000132,44754,26,DeTerkot 😼
26,#29JY8UQJU,King Julien,0xffa8e132,28000247,44746,27,king_kips
27,#P0YQYRQRU,Hyper23⚡,0xffff9727,28000205,44707,28,Dinosaurier xd
28,#R9U2G0G2,enoahmous,0xff1ba5f5,28000276,44647,29,Minitoons
29,#C2Q2C8CL,google,0xffff9727,28000252,44546,30,Hi You
30,#PR02PPYUQ,QLS|Top4ik|YT,0xff4ddba2,28000267,44520,31,Brawlteam 🇪🇺
31,#28V2G2L2G,LordDuck,0xffa2e3fe,28000136,44463,32,Buttered Bread
32,#8QG02ULP0,Агент Илки,0xff1ba5f5,28000036,43777,33,МЕДВЕДЬ-ШАЛУН
33,#G0J9YGG2,Leon (top8),0xfff9c908,28000023,43727,34,Les Tryhardeurs
34,#V0VRUY8R,佩𝓅𝑒𝒾,0xffcb5aff,28000305,43034,35,戰隊幣
35,#8PYVJJRUV,ꫝꪖꪀꪀꪮ ♈︎,0xff4ddba2,28000017,43027,36,Quit 💔
36,#L29JLUQCV,ICE❄️|ⱧɆⱠⱠØ฿☔🌊,0xff4ddba2,28000140,42781,37,Roar|Scary™️
37,#PVJ9LQLG9,Mecha Master,0xff4ddba2,28000168,42626,38,BABYpuder👶🏿💫
38,#90Q2PL22G,Иллка,0xffa2e3fe,28000345,42604,39,Love or friend?
39,#8UJGYC0LG,Quahtnm,0xfff05637,28000177,42531,40,AFKsheri
40,#VC89J82C,✞|𝖑𝖎𝖘𝖆𝖓␈🎭,0xffcb5aff,28000061,42511,41,ES | COMPETI
41,#CVR0U20Y,Царь,0xfff05637,28000073,42431,42,
42,#8YUVPQUVR,Murderis,0xffcb5aff,28000132,42387,43,E X T R E M E ⚔
43,#8YJRULP2,Rjómaormur,0xffa8e132,28000173,41998,44,Club #2J908CVY8
44,#289RPGUP0,🙃OdaicuDenis,0xffa8e132,28000139,41606,45,🌿Gina Comunity
45,#YYUCU80VQ,SR | alek,0xffcb5aff,28000009,41433,46,Stella Regum
46,#8J9G8V8YY,pesi,0xffcb5aff,28000079,41421,47,Bangladeshism™
47,#8CYUP8QVY,度|ᴘᴏʟʟᴏ🐥,0xfff9c908,28000091,41407,48,DRAGON🐉LEGEND
48,#YRC8JUGVY,Fiskur,0xffcb5aff,28000252,41142,49,Brekko
49,#80QRVP9G0,Shion🍁,0xffa2e3fe,28000284,40986,50,
50,#CQ2Y8CVC,"¤ИХМИ.,.ЛИОН¤",0xff1ba5f5,28000003,40820,51,kostucha
51,#2PGR98Q9Y,[БЛЭT]гопник,0xff1ba5f5,28000312,40718,52,Warm Mafia
52,#20UGYY8C0,leon4ik,0xffff8afb,28000331,40562,53,30k
53,#9QVJYYVUP,ワクサー❤️‍🩹,0xfff05637,28000255,40498,54,Violenchh❤️‍🔥t
54,#9YLPY2C0U,SD | iLaaas💘,0xfff05637,28000136,40464,55,Ach Team
55,#2Y2Q08PCU,Bearo,0xffa2e3fe,28000349,40237,56,SouL Crushers
56,#29VJLURCR,uwu☆,0xffff8afb,28000294,40147,57,Vɪɴʟᴀɴᴅ Sᴀɢᴀ 🌱
57,#9UYL9L2YQ,X e r k a!,0xffa8e132,28000284,40129,58,радфем
58,#88Y0CQYP9,ZyGarde,0xffa8e132,28000245,40060,59,C I P A C T L I
59,#9UQQQCL9J,pBL|Mr.SHToRa,0xffffffff,28000335,39893,60,
60,#8Q0RL0QJ,AlexB,0xfff05637,28000249,39879,61,Alin club.ro
61,#82VYGUPVU,NLT | 闇の領主,0xffffffff,28000000,39842,62,Spike's Club
62,#YRRCYG0JP,伯方のBOT❼💫,0xffcb5aff,28000319,39716,63,伯方の里
63,#880RGP9RJ,Ninja,0xffffffff,28000219,39576,64,
64,#L08PQ2PP,Wifibar,0xffcb5aff,28000129,39537,65,PCBrawlers
65,#PLY0QP2G,ValerikTop,0xffcb5aff,28000207,39423,66,
66,#8Q80Y09QU,DMK,0xffffffff,28000019,39284,67,KingKong
67,#YPVLGLQL8,szaros segg,0xffcb5aff,28000078,39194,68,cuppanós boyz
68,#2U0L0CQJL,Viktor,0xff1ba5f5,28000084,38985,69,viktor og noi
69,#28J09J8CG,♦️Hou♦️,0xffcb5aff,28000207,38844,70,
70,#228QCYL2,Skírnir Freyr,0xffff9727,28000077,38811,71,De|Starfight✨
71,#8082PCQ8R,OP|Tommis❄™️,0xffa8e132,28000272,38779,72,Beyond Talent
72,#PCQGP8YY2,EmiHeld,0xffa2e3fe,28000283,38610,73,Lesch0x Army II
73,#Y89VGJ2QV,Craps,0xffff9727,28000273,38581,74,
74,#22QLUPY8Q,NLT | Sandlog,0xffcb5aff,28000132,38448,75,Spike's Club
75,#9PJY2R828,Brawler,0xfff9c908,28000170,38417,76,BBGs|Brothers
76,#2R02V2U0P,Kingdom,0xffff8afb,28000341,38386,77,PlantBox
77,#JUJ2R20C,Tribe|Wayne,0xffff9727,28000138,38201,78,SupremeFTP
78,#22C0Q0UPY,JonBon,0xffff8afb,28000128,38199,79,Tempo
79,#2JRCY2P0J,Putin 369,0xfff9c908,28000262,38088,80,MJ Chosen
80,#80QLR8R80,TG|💃ErarH🥀,0xfff9c908,28000061,38086,81,
81,#2LPQGRLLQ,drumpkeukie,0xffa2e3fe,28000170,38062,82,<c0>Ghost</c>
82,#9Q2RQYQ0V,klono,0xffa2e3fe,28000139,38021,83,ZETA|( ﾟーﾟ)
83,#280CQYYRJ,Haffi,0xffff9727,28000099,38020,84,BIG 14
84,#8QGLLRYCR,🌈Rainbow🌈,0xffff8afb,28000025,37922,85,koll258
85,#2JVUJGUV2,✨️『S』Brin 『G』✨️,0xfff9c908,28000020,37772,86,✨️🌌Galaxy🌌✨️
86,#9JJ22LJUG,Inga,0xffcb5aff,28000221,37546,87,
87,#90JQU9Q8V,Lewy79,0xff1ba5f5,28000305,37527,88,CHOMIKOWNIA
88,#29CG08Q0G,Frank,0xfff05637,28000073,37509,89,
89,#20LUGULY9,tiptop,0xff4ddba2,28000072,37466,90,Fancy Boys
90,#99VG0UV0,Super Brawler,0xffcb5aff,28000038,37407,91,<c2>AGood</c>G
91,#VGPCGL0L,crow,0xffffffff,28000345,37361,92,Wild Wrecker ²
92,#C2020LJV,YT:Tivan-BS🍈,0xffff9727,28000226,37326,93,МЭЙБИ🙄☔️
93,#L9VUQRP0,fazro,0xffffce89,28000064,37157,94,
94,#RUUPL2Q,🇬🇷EXPERT🇬🇷,0xff1ba5f5,28000179,37109,95,Greek Union🇬🇷
95,#2QU0RPV92,⛩️|MRmax|🇧🇪,0xffa8e132,28000259,37018,96,Spartacus
96,#2VLJL8PLU,SR|Бяка$Яйцами,0xfff9c908,28000305,36959,97,Stella Regum
97,#2QVC9PRVL,friend 😂,0xffffffff,28000122,36900,98,Sapfire
98,#PY8LV2G98,OP|Réapér🥶,0xffa2e3fe,28000151,36702,99,Yârgıç〆
99,#8P2CGUC0,Karanlık Taraf,0xffff9727,28000311,36610,100,<c2>RedStar</c>
100,#RVRPCJV,(бан) PSG,0xffa2e3fe,28000297,36561,101,TTkubsonic1
101,#Y9LQRYQQG,georgefloony,0xffff9727,28000164,36471,102,Infallible³
102,#PVQ0RV8YJ,$Макс$,0xfff9c908,28000176,36422,103,ПРИВЕТ
103,#8Y28VL,💙☔stich☔💙,0xffa8e132,28000018,36302,104,Ｙｏｋａｎｉｙｍ ❃
104,#YLCR9JLGV,「𝔹𝕝𝕒𝕟𝕜𝕖」,0xfff9c908,28000221,36246,105,Boxing Legends
105,#98YG00PUU,Max,0xffffffff,28000321,36153,106,🇰🇿Снайпер👾
106,#UQYLVJRQ,#FANTA,0xffcb5aff,28000349,36114,107,Tosva_TEAM
107,#8CCQ882YG,FREESTYLE BOY,0xfff05637,28000223,36102,108,FireRider☆3
108,#L0J22GG0,☆xP|➹𝚂𝚕𝚎𝚁𝚃,0xffffffff,28000004,36088,109,
109,#8PLJ2P22R,frania,0xff4ddba2,28000046,36028,110,SMS 6B
110,#YUG88QV9U,turan,0xfff9c908,28000233,35992,111,шаровая молния
111,#RYG2URVV,GX Matteo nicor,0xffff8afb,28000335,35986,112,
112,#PLYUQYJC2,AddaÓsk,0xfff9c908,28000160,35931,113,Legendary Emos
113,#LP9GUJ2JL,hayato11,0xfff05637,28000273,35925,114,mörgæsir
114,#PJGJ9JR2P,BOT 6.9,0xffcb5aff,28000129,35902,115,The Ashwins
115,#8RYYJ9JC,Clam Juice,0xffff9727,28000173,35888,116,Funtown
116,#V080PY0V,✔️ZestKing✔️,0xff4ddba2,28000352,35806,117,FORES29🎯
117,#2VG2QYVCV,٤٨٥٦؟ااchi,0xffcb5aff,28000228,35802,118,
118,#YQQUU82YG,weruu,0xff1ba5f5,28000352,35736,119,Gubka Bob2
119,#PYUYQCLPU,BaldurThor09,0xffff8afb,28000104,35687,120,Brekko
120,#9YYL2GJRV,k0c,0xfff05637,28000163,35624,121,ziomki z topki
121,#8V88GJGR,VEG mastermind,0xffffce89,28000017,35528,122,FIRE-BRAWL 🔥
122,#8CVQ0PLV2,ayman,0xff4ddba2,28000164,35523,123,muñaño gang
123,#9U0R2U2UQ,謝囊泡,0xfff05637,28000271,35422,124,囊泡軍團
124,#P922GQP9,hervaltis,0xffcb5aff,28000305,35422,125,GXsosy753proYTB
125,#9GCJU82JU,Mr.Okurok,0xffff8afb,28000337,35415,126,Los mejores
126,#Y98PRQQCL,BC | L.W.D.,0xff4ddba2,28000335,35369,127,Bones Crasher's
127,#P9C2RCPLC,[АГАТ]СЕРЫЙ™,0xffffffff,28000294,35369,128,Sapfire
128,#UVQP2JR,_on_or,0xffff8afb,28000305,35328,129,Cyclex Team
129,#2GVURJPR0,LilBro,0xffff8afb,28000267,35308,130,Diogenes Club
130,#22GVYP9U2,Yuricorn,0xffa8e132,28000223,35294,131,倒讚幫
131,#URVPJJL8,fingfasz,0xffffce89,28000080,35294,132,cuppanós boyz
132,#L2RURV8QP,Inmortan Joe,0xff1ba5f5,28000341,35275,133,The Mayhem Crew
133,#L2UGUL99L,жека,0xfff9c908,28000255,35259,134,Команда А13
134,#Y0J090VLG,Мортис,0xffcb5aff,28000207,35236,135,NAVI |DRAGON|
135,#8PGGQLYG2,"hi,you",0xffa2e3fe,28000078,35215,136,OP Minty
136,#28LCGG9LV,Привет всем,0xffffffff,28000138,35207,137,Platinum's Team
137,#8G2L802CQ,Homie of HK,0xff4ddba2,28000210,35130,138,RSD BSC
138,#GC99PUQ0,Eиιgмα|OCTOPUS,0xff1ba5f5,28000315,35099,139,EL|Chronos🧭🕐2
139,#PLV9CR00Q,Silly Goose,0xfff9c908,28000105,35096,140,UCDUST
140,#8CRL9UU8,Doesn’t matter,0xffff8afb,28000008,35042,141,katómiki
141,#PR2QV02U2,Góður Giffill,0xffcb5aff,28000129,35020,142,Peselandia
142,#2CLG0JCG0,REDPULL ТВИНК,0xffcb5aff,28000336,34954,143,GG|aaqG👾
143,#80PUJQGVQ,jia,0xffa8e132,28000021,34912,144,Squad Fachera😎
144,#9V829U92V,thor legend,0xffcb5aff,28000272,34891,145,kingring
145,#LRPYC9JU2,YoMama,0xff4ddba2,28000032,34820,146,Tatakae
146,#20P8UC0C8,NC|Know?,0xfff05637,28000225,34785,147,Nc|team
147,#LGPGUQ8UU,Baldurboi348,0xfff05637,28000116,34697,148,bred👍
148,#2QVY2C9CU,Браулер,0xffff8afb,28000310,34637,149,
149,#8CL80GYVQ,🏅ВОРОН,0xfff05637,28000273,34598,150,KPYT1E_4El1k1
150,#8QJR8VJ,olafuro03,0xfff05637,28000129,34593,151,
151,#9QYQQJPR,ThórSI,0xffffffff,28000070,34581,152,🍭Acadele🍭
152,#9G0029GVQ,King 2009,0xffff9727,28000332,34547,153,🔥Fire🔥
153,#28JG2990P,Звездный игрок,0xfff9c908,28000298,34502,154,GLO GANG
154,#PQ92U0JR9,±электро кот±,0xffffffff,28000335,34492,155,
155,#28YVRJUGV,ιτ's Sυgαr? 💔,0xfff05637,28000157,34490,156,Oblivion⛓️
156,#9UVCY0CQU,cc player,0xffcb5aff,28000332,34487,157,Scythe Society
157,#YUPG0Q9V,HugoHestur,0xffff9727,28000070,34451,158,Mr.axolotl
158,#8G8JVC8R8,\Ali,0xffa8e132,28000170,34419,159,
159,#8PQ8Y29P0,BOSS,0xfff9c908,28000336,34411,160,QT
160,#9QGCCR0VJ,arashiaqqe,0xffffffff,28000267,34407,161,
161,#20VJLUQCJ,Leͥgeͣnͫd,0xffff8afb,28000085,34328,162,THE LEGENDS
162,#29V9Q902Q,Affe mit Waffe2,0xffcb5aff,28000332,34311,163,🏆Champions🏆
163,#8VJ8LVC8L,sufjan,0xffffffff,28000175,34279,164,PotatoGang
164,#8G2Q0J28,m★><,0xff4ddba2,28000352,34227,165,Ботсити
165,#8QQLGG8VJ,BIG|Breki🦆,0xff1ba5f5,28000182,34216,166,<c7>Toxic</c>
166,#Y28RYLVJU,beatr1x,0xffffce89,28000141,34106,167,Tempo
167,#8CGPYRRLY,wiciu,0xffa8e132,28000248,34085,168,OP|BRAWLERS
168,#28U0Q2JPY,NomiS,0xffff8afb,28000274,34070,169,Team Knuffi
169,#Y8RUCGCGL,путь чего-то,0xffcb5aff,28000156,34021,170,black clover
170,#PYU0Q8VUL,她說戴了不算給,0xffa8e132,28000167,34020,171,<c3>史派克公園</c>
171,#9P0JC9UPQ,León tiburon,0xffff9727,28000218,33975,172,La Manada
172,#2UYRL9GYG,izzi08,0xfff05637,28000177,33951,173,
173,#902YR0UCQ,Flygill,0xff1ba5f5,28000248,33910,174,☆Don't|Give|Up☆
174,#2GVPVLG2Y,💫milka_cat💫,0xff1ba5f5,28000041,33834,175,|🔥LEGENDY🔥|
175,#9RYJLR0VG,Breki,0xffcb5aff,28000073,33811,176,ísland
176,#8PL0YY9LC,gardareli,0xff1ba5f5,28000141,33804,177,
177,#QL0CPG0QJ,Ghost_of_Chaos,0xffcb5aff,28000294,33791,178,Félix Eboué
178,#82RCY8Y0U,BRPrOMasterYT:D,0xff1ba5f5,28000147,33741,179,
179,#9QP9CPG9V,🍄Yaguchi💢,0xffcb5aff,28000058,33640,180,Wind_Ru[🇷🇺]
180,#9C9V202J8,[БАН]федо38р,0xfff9c908,28000132,33581,181,Miracle
181,#PR2YQ8V8L,duckygamezz,0xff1ba5f5,28000000,33569,182,🌃End City🌙
182,#8YV8Y0G2R,глеб,0xffcb5aff,28000167,33566,183,Кривбасс2022
183,#R92PQRVJ,мëртв Middex🎭,0xfff05637,28000245,33551,184,
184,#YRGC9LYJ2,Kruk,0xff1ba5f5,28000207,33547,185,TWR POLAND
185,#9JUC8C2CQ,YT | Nitaa_BS,0xffff9727,28000020,33429,186,The🐻Kings
186,#PJLL8JY9V,ʜᴏᴍᴇ ʀᴇꜱᴏɴᴀɴᴄᴇ,0xffffffff,28000000,33409,187,Ашалеть
187,#29UP9Y8UG,hanımcıyılmaz,0xffcb5aff,28000352,33395,188,Tika fam
188,#9Q0JP9UP9,NOOB OZANAGA44,0xffa2e3fe,28000317,33306,189,30K
189,#829YYY2VJ,sᴀᴅ💔ǫ1ᴡᴇʀ,0xffcb5aff,28000135,33270,190,Yakuza
190,#G889YLQV,Jooblii,0xfff05637,28000000,33251,191,Family
191,#98PQ20J8V,Такимичи,0xffa2e3fe,28000253,33223,192,☔_rain_☔
192,#99YY0LQYY,⛩Flash Royale🍃,0xffa8e132,28000228,33208,193,
193,#20JLL898G,exatly,0xff4ddba2,28000259,33202,194,SF_FLOKER_RP
194,#9CJ8GV2V9,ZOOM,0xffa8e132,28000004,33169,195,made in kazan
195,#808UY28J,CREED,0xffff9727,28000304,33161,196,Honey Water
196,#9PLUPCPL,EOR | Sideswipe,0xffcb5aff,28000335,33152,197,Попал в вену
197,#2RUL0PGPU,LEON,0xffcb5aff,28000207,33075,198,XT|E-Sports🔥
198,#2P2PGGQUV,leon,0xfff05637,28000335,33071,199,Ice|Elite❄
199,#8CYJJ82UP,НЕУДАЧНИК228-_-,0xffcb5aff,28000290,33046,200,UŚW|Team
