,tag,name,nameColor,icon,trophies,rank,club
0,#U8P89PV,Anggi,0xffcb5aff,28000117,70963,1,Bandung Stars
1,#8GRLR2RG,Sienseka 🍉💚,0xffff8afb,28000215,70206,2,It's Champion
2,#2GPQGLP,兔 | bubby🐇,0xff1ba5f5,28000114,65246,3,Beyond Reality
3,#G8C0YU80,reva🥱,0xff1ba5f5,28000210,65114,4,cooking mama
4,#28LY9P02C,silver,0xfff05637,28000321,64851,5,Ocean Waves
5,#8RRY0R99Y,[FL] AdrianLiem,0xffcb5aff,28000299,64767,6,Bandung Stars
6,#22VG8QC2,IF | Alipmonc,0xffa8e132,28000272,62243,7,Mystic Forest
7,#9PV8JLPQ,しんご-くん,0xffff8afb,28000014,62072,8,Bandung Stars
8,#9VG0GUJVG,Zayan,0xff1ba5f5,28000335,60809,9,Brawl Imperium2
9,#8R80UYV,Celestial,0xff1ba5f5,28000284,59735,10,Fungi Bungi
10,#LRC28VUR,YOFAN,0xffcb5aff,28000159,59431,11,It's Champion
11,#9QYLPG9,DEBI ARIADI,0xfff9c908,28000305,59106,12,REVOLUTION Z
12,#20002PV8,かまど Nezuko,0xffff8afb,28000123,58870,13,Flower City
13,#22JQPVPG,[V].Begbeg,0xffffffff,28000272,58487,14,VOLT
14,#PCL8J8U08,Duc Volpe,0xffffffff,28000352,58172,15,RisVos
15,#JJ09YPU2,kazaki_en🥱,0xfff9c908,28000175,58077,16,cooking mama
16,#GJPY8U8Q,Zzz💤,0xfff9c908,28000139,57727,17,BandEl Rebahan
17,#PL99VYRC,JMC | MOXER,0xffa8e132,28000331,57703,18,INDO CORPS X
18,#VVUGVLYU,ABIMANYU,0xff1ba5f5,28000149,57595,19,Bandung Stars
19,#2PLLGJ0JP,Benaya 🦈,0xff1ba5f5,28000054,56886,20,Imperial
20,#V92PLCL,Haidar,0xffffffff,28000002,56843,21,Mystic Rising💫
21,#JCJQ2VG0,Kornely^.^,0xffffce89,28000259,56719,22,It's Champion
22,#PYUC8CLYU,holdik,0xffff9727,28000132,56600,23,melisssa!!👅
23,#2GYVLPLRC,Hazard | ハザード,0xffffce89,28000023,56179,24,It's Champion
24,#999LJRUPG,GO-FOOD,0xff4ddba2,28000010,56043,25,Nanaci
25,#20RGLYJ8P,Code: Stormm,0xffcb5aff,28000186,55864,26,Bandung Stars
26,#2L880YJRU,IMP | AldyXCX,0xffffffff,28000114,55668,27,CSM Eclipse
27,#92990Y9PQ,BE | Ferdians☁️,0xffa2e3fe,28000244,55480,28,Bandung Elite
28,#89LULUULY,PABON,0xffa2e3fe,28000305,55456,29,Mystic Aus
29,#VY8988LP,BK | StephenSen,0xff1ba5f5,28000170,55437,30,Biji Kadut
30,#YU88J990,RussellDash332,0xffa2e3fe,28000340,55414,31,Bandung Stars
31,#Y0LRL92V,abe_charming,0xffcb5aff,28000314,55208,32,INDO ARMY X
32,#2J9Q0U0R9,McFlarry,0xffcb5aff,28000348,55119,33,EXPERIENCE
33,#P90CU0YYR,meowlidays | YT,0xffffffff,28000000,54889,34,
34,#80P8R0QLY,RēlēntlēSs🥱,0xffcb5aff,28000303,54869,35,It's Champion
35,#2V2QP8C0R,Esor,0xffcb5aff,28000305,54790,36,It's Champion
36,#LV8J8V0P,🅻|DreadJoker,0xffff9727,28000170,54752,37,Legerdemain
37,#2RL2CLCV2,☯ℋ𝕌𝔾𝕆❦,0xff1ba5f5,28000000,54674,38,Ocean Waves
38,#PJJVJL8V2,⛩️™Animada.Exo㉨,0xfff9c908,28000023,54530,39,Death Force™
39,#2UJCLUJL,LWF | RBigual,0xff4ddba2,28000122,54427,40,INDONESIA [GM]
40,#UQ9VRRGY,Imron Syafii,0xffffce89,28000310,54414,41,WARGA +62
41,#98GGY9YV9,<X.P.D|A.D.K]엘피,0xfff05637,28000023,54359,42,eCOPOT
42,#Y2YL0Q8C,尼古丁大王,0xffffffff,28000339,54282,43,Trippy Trippers
43,#8JQ22908V,Rose,0xffcb5aff,28000305,54205,44,It's Champion 2
44,#9JVJ22JCQ,Mele,0xffcb5aff,28000305,54063,45,Indomie
45,#8P0GYGCRL,Ibdude,0xff1ba5f5,28000031,54055,46,Crooked Creek
46,#2JQLVRGCC,FK|°LEONz•,0xfff9775d,28000197,53983,47,Rising Corvus
47,#V0UVQ2QR,LockSoul,0xffffffff,28000288,53895,48,LockGang
48,#PRUQ2CV0,龙 | Zanity,0xffa2e3fe,28000323,53893,49,Rising Phoenix
49,#9RVPPLLU8,J.J.M,0xffcb5aff,28000272,53740,50,Indomie
50,#2GQC08G8Y,🥀|Chaitao13🌹,0xff4ddba2,28000031,53676,51,The Thinkers
51,#V9JJRQJP,[V]•Nightmare,0xfff05637,28000341,53676,52,VOLT
52,#89P89CL29,☣️killer☣️,0xffffce89,28000293,53592,53,ʜᴀᴜɴᴛ!🎀
53,#PGP9U82G8,SMKJC微微一笑很倾城,0xff1ba5f5,28000349,53380,54,BOBR gaming
54,#20JL8LLC,MinPot,0xffff9727,28000331,53317,55,eCOPOT
55,#2CULG2JG8,superheropapa,0xffa8e132,28000145,53304,56,kings area
56,#P8C8G8R2,jojo,0xfff9c908,28000129,53247,57,It's Champion
57,#20JQUVYGP,MZ|GeN,0xffcb5aff,28000349,53218,58,Myth Zenith
58,#2LPG82099,Veldoraz,0xffffffff,28000203,53144,59,
59,#22Y0J9RC0,34+35 | 지성✨,0xffcb5aff,28000305,52890,60,It's Champion
60,#2U8CQ2QQ8,Hysteria,0xffa2e3fe,28000226,52882,61,It's Champion 2
61,#J0VU8990,Hell,0xffff9727,28000273,52853,62,It's Champion
62,#8CUG8L2YV,Squeaky,0xffffffff,28000284,52717,63,Triple Kill
63,#C0U9LULY,CrossRille,0xffffffff,28000267,52523,64,Kayzr ©️
64,#P0Q8J2JJC,DF|Billy,0xff1ba5f5,28000271,52459,65,Death Force™
65,#2VG2JJ0,Delamtro➀,0xfff05637,28000222,52408,66,cooking mama
66,#209RJ90CU,Conesum,0xffffffff,28000305,52396,67,Mystic Rising💫
67,#YGG9YGG9Q,kang babi,0xffff9727,28000151,52312,68,Indomie
68,#8RP8C0RY8,Mahda,0xffa8e132,28000332,52211,69,Indonesia🇮🇩
69,#Y20Y2RG,canisFAMILIARis,0xffff9727,28000138,52082,70,Rising Phoenix
70,#G9VG90PV,Aptaec 💫,0xfff9c908,28000213,51951,71,INDO CORPS X
71,#20V9PPQCC,⛈️SkyWeather,0xffa8e132,28000164,51920,72,Mystic Rising💫
72,#8UP0CL,AYL TV - YT,0xffffffff,28000318,51866,73,INDONESIA [GM]
73,#2V9U0L29R,😵gladiator😵,0xffcb5aff,28000335,51849,74,REVOLUTION Z
74,#PQQLQLLP0,Rastafariana,0xff4ddba2,28000273,51827,75,Arab Z World
75,#2LGLVVR,Rise`EndGee💫,0xfff9c908,28000327,51815,76,Rising Phoenix
76,#9JU2QYLR9,初心者です,0xffa8e132,28000348,51810,77,ブロスタの戸締まり
77,#2LU8CULLP,``ROKUBO✨|🇮🇩,0xffff9727,28000284,51671,78,INDO E_ESPORT
78,#8Y22RRGJ,blue sky,0xfff05637,28000307,51660,79,Indomie
79,#VC2QL08P,Jamal,0xfff9c908,28000199,51580,80,FFGNation
80,#YCJ928LLR,JuG|JustGaming,0xffcb5aff,28000232,51474,81,Free_GamingYT
81,#9CGG2V2QR,Revs Redblack,0xfff05637,28000063,51438,82,INDONESIA XYZ
82,#UGV988GV,Cryptic,0xff4ddba2,28000197,51393,83,INDO FOREVER
83,#QQ0Y0PG2,SASI,0xffa8e132,28000101,51373,84,It's Champion
84,#22R8U2QUC,GhanyA7X,0xffcb5aff,28000014,51344,85,
85,#8YJ2J8V,Noob,0xff1ba5f5,28000350,51332,86,It's Champion 2
86,#URU20U02,Dewanggi,0xffcb5aff,28000315,51309,87,Bandung Stars
87,#800UVUJQU,brawlstars Rico,0xff1ba5f5,28000330,51247,88,SDH|Honour
88,#PVJLLLJR8,kachow,0xfff9c908,28000097,51240,89,Ruth
89,#29PVYUUR,Frisbee,0xffff9727,28000305,51097,90,INDEPENDENT
90,#2UJUC8JR,MichaelCS,0xffcb5aff,28000073,51076,91,INDO SQUAD
91,#8YQGJYC,Aderonius,0xff1ba5f5,28000280,51060,92,SG Brawlers
92,#PCGYCCCP,DarkDreame,0xff1ba5f5,28000071,51044,93,Mystic Rising💫
93,#8U8CYQCQ,[B⭐️]Ferdy,0xff1ba5f5,28000090,51013,94,Bandung Stars
94,#8QP9JYU,BK | PandaGanas,0xfff05637,28000339,50963,95,Biji Kadut
95,#2CUJ8VPU,Kasa,0xffffffff,28000150,50927,96,Bandung Stars
96,#QU8CYP,}[PHANTOMUSHA]{,0xff1ba5f5,28000000,50848,97,It's Champion
97,#2RU0PG2VQ,Gabho,0xfff9775d,28000282,50774,98,
98,#22G2P90J,Wa1do,0xffffffff,28000132,50748,99,Bandung Stars
99,#90CYRRCRJ,e s t e h,0xff1ba5f5,28000254,50707,100,It's Champion
100,#82QU2V9JG,🔥I am Lonely🔥,0xff4ddba2,28000237,50650,101,Rising Corvus
101,#Q2PVCCCR,KEV'CHEST,0xfff05637,28000302,50602,102,Bandung Stars 2
102,#Y2LJRR0Q,AnnieLeonhart,0xffff8afb,28000343,50404,103,Bandung Stars
103,#Y2UGRL82C,SBW|NasuV,0xff4ddba2,28000281,50385,104,Black Goat
104,#8CP8UL0UJ,CeOs🦐,0xff1ba5f5,28000236,50247,105,It's Champion
105,#R9CPVC8R,ㅤㅤ,0xfff9c908,28000267,50236,106,Bandung Elite
106,#92CP22PQR,Hell_Yeah,0xff4ddba2,28000294,50172,107,Real Lolicrapie
107,#2R0GRCV2L,mama,0xff4ddba2,28000092,50151,108,INDO ARMY X
108,#9VU92JPJP,Lim🗡️,0xffffffff,28000134,50088,109,IDN|Royale'Team
109,#9L8YVL9,ChaTwo214,0xffffce89,28000304,50060,110,Bandung Elite
110,#L9YG98UJ,★ʙᴀʙᴀᴢʜᴀɴɢ³¹★,0xffa8e132,28000141,50054,111,INDO ARMY X
111,#RC0GCVQR,Clouxx,0xffff9727,28000262,49949,112,It's Champion
112,#2CP8G8Y09,MarkClaude,0xff1ba5f5,28000291,49947,113,INDO CORPS X
113,#UJPU8GUG,Ꙭ|Ṃ̸͊̊̈́ᥴꪶꪮꪜﺃꪀ❦,0xffcb5aff,28000262,49863,114,TEMPEST STORM
114,#2GQ2G28UY,[¥Gilang_indo¥],0xfff9c908,28000262,49811,115,GAMER|PLACE
115,#2892LV29,Fraven,0xffff9727,28000102,49706,116,Bandung Stars
116,#2800GJPY2,SilverQueen,0xffcb5aff,28000135,49691,117,SILVER KINGDOM
117,#2G000UU9Q,Ｍｙ Ｈａｎｚツ,0xffcb5aff,28000290,49589,118,INDO CORPS X
118,#80RUPPU,TheMerlinOdius,0xffa8e132,28000240,49585,119,⬳⛥⊰ ON🇮🇩➊ ⊱⛦⟿
119,#28QVRVY99,maojedhong,0xff1ba5f5,28000129,49508,120,Indomie
120,#GQVUP902,hypochlorite,0xff4ddba2,28000136,49503,121,INDO CORPS X
121,#J90JY8RQ,freikugel,0xfff9c908,28000182,49473,122,Indo Army
122,#GPRQQJY,chocochipzilla,0xfff9c908,28000305,49461,123,Indonesia Aja
123,#2P0PQYUYG,Darryl,0xff4ddba2,28000170,49355,124,R7 Dark
124,#CCPYUU9R,Fearless,0xff1ba5f5,28000219,49343,125,Rising Phoenix
125,#P88QGPCC0,Cvstos,0xffffffff,28000337,49336,126,where u goin
126,#2RQR9RRR,the rock show,0xffcb5aff,28000305,49271,127,NKRI
127,#8JR9Q8P9L,purple_shadow,0xffcb5aff,28000286,49172,128,Death Force™ 2
128,#2VGY0YL,MeAnd5Trash,0xff1ba5f5,28000352,49157,129,IDN|Royale'Team
129,#YYRY02YU,💀JOHN WICK✏️✏️,0xffffffff,28000125,49041,130,INDO ARMY X
130,#P8U2LYG22,ZETA|Sasquatch,0xffcb5aff,28000064,48956,131,
131,#LRGPP0CC,DirtyGemmer,0xffff9727,28000222,48954,132,Bandung Stars
132,#Q8J9L8G,Star Lord,0xffffffff,28000151,48936,133,
133,#2292YRYPU,☬ 𝙊𝙆𝙍𝘼 ☬,0xff1ba5f5,28000296,48891,134,SDH|Fortitude
134,#P8J02RLQ9,Linjo✨,0xffff9727,28000272,48870,135,Mystic Rising💫
135,#9QU9YYY9V,XXDark✨DevilXX,0xffffffff,28000202,48864,136,Flower City
136,#20J9RCUP8,kent.jr,0xffcb5aff,28000000,48837,137,Bandung Stars
137,#8UVPJJVGU,๖ۣۜкιηg夔༻➜,0xffffffff,28000207,48827,138,INDONESIA XYZ
138,#9Q2G0PYJQ,OrangCirebon,0xff1ba5f5,28000291,48793,139,✨Infinity⚡
139,#P2YQC00U,Comporyou,0xffa2e3fe,28000290,48770,140,INDONESIA XYZ
140,#VUQPVUCY,EnZo,0xffff8afb,28000297,48766,141,클럽리그 할분만 오세요
141,#CUG8U8P9,SpiҜyͥรpͣiͫҜe,0xffffffff,28000333,48728,142,Frost Walker™
142,#2QG822CJ2,Vvrtex,0xffcb5aff,28000217,48702,143,INDONESIA
143,#2802VYUJ0,AKA-Shanks,0xffa8e132,28000332,48674,144,Bandung Stars
144,#220Q0R0L,*Pisang Goreng*,0xffa8e132,28000238,48666,145,
145,#LJLCP0V9,Müller,0xfff05637,28000000,48661,146,
146,#2YV8Q2PYP,Jerys,0xff1ba5f5,28000288,48620,147,⬳⛥⊰ ON🇮🇩➊ ⊱⛦⟿
147,#88YP8GYCY,FarawayNight,0xff4ddba2,28000155,48619,148,Tribe|HELL
148,#V28U8LVR,Dafi Brawl,0xfff05637,28000023,48602,149,+62 Genk Guys ~
149,#20CPG9YPV,ErwinTan👻,0xffff9727,28000139,48595,150,
150,#9UQ92QP,MarCoSinaGa,0xffff9727,28000175,48554,151,REVOLUTION Z
151,#P9JR20JGQ,TRIBE |AcerDJ,0xffa2e3fe,28000061,48504,152,HIMAL
152,#8YUPPG9,ILno,0xffffce89,28000085,48487,153,Variant
153,#VCLGGJU0,YAHER,0xffa2e3fe,28000146,48460,154,
154,#2JJ20V90R,SulivanStyle,0xffffce89,28000294,48426,155,REVOLUTION Z
155,#YGV8PJR2,OVERCLOCK,0xffffffff,28000226,48398,156,INDONESIA 2022
156,#9JQGQQGU8,🥀| Blablo♡︎,0xffcb5aff,28000139,48316,157,Polski_Dym
157,#90890828,Mic3dward,0xffff9727,28000305,48312,158,INDONESIA XYZ
158,#9VQGLGP9,ID | Rama,0xff1ba5f5,28000352,48297,159,ShooterFarm
159,#CJP29LVJ,Vh,0xff1ba5f5,28000160,48283,160,Mystic Forest
160,#20C90JC0P,#j0_j0,0xff1ba5f5,28000291,48277,161,FantasticFriend
161,#PJ8RVCR20,Lumos 🐢,0xffffffff,28000233,48270,162,VOLT
162,#29R2CR8UR,iky,0xffffffff,28000337,48242,163,Bandung Stars
163,#8U88C0Q,budakhokky,0xffffffff,28000163,48220,164,Get Off My Lawn
164,#PURQYPVR2,NUNUS BOSSERY,0xff1ba5f5,28000347,48166,165,LockGang
165,#2PGGP2LV,BK | superdoy,0xff1ba5f5,28000151,48154,166,Biji Kadut
166,#YVQJ9PJY9,Brutal,0xffa8e132,28000297,48151,167,BandEl Rebahan
167,#29J8L9Y9,Dino,0xffa8e132,28000142,48058,168,Fantasy Gaming
168,#P0UCJUG,Recca`LeventoR,0xffcb5aff,28000135,48025,169,INDONESIA [GM]
169,#2LQL0V88Q,.Delete,0xff1ba5f5,28000000,48020,170,Indonesia
170,#P9VGGC22J,©Mr. Ropli®,0xffa8e132,28000289,48018,171,IDN|Royale'Team
171,#VJJJYQUJ,Xirah,0xfff9c908,28000159,47862,172,INDONESIA 🌟
172,#RCYRJPC9,Korean Stupid,0xffa8e132,28000000,47833,173,Indomie
173,#9RQYJCR0Y,²ndDvd♂️,0xffff8afb,28000263,47802,174,INDO ARMY X
174,#2U8C9L92Q,aurel,0xff1ba5f5,28000331,47782,175,Free_GamingYT
175,#22YG9PYQ8,Evan S.,0xffffffff,28000000,47767,176,INDONESIA XYZ
176,#889Y8LJ9,Hombing,0xffa2e3fe,28000006,47748,177,It's Champion
177,#8QL20RVV9,J1,0xffcb5aff,28000090,47744,178,Jiks G6 Pro
178,#29YQLQYQ,Abang Blu,0xfff9c908,28000272,47686,179,Rising Corvus
179,#9QG0C8Q0Y,Cipank,0xffa2e3fe,28000253,47671,180,Flower City
180,#8Q2YY92CC,Barmin DiMinero,0xfff9c908,28000348,47629,181,BandEl Rebahan
181,#YLYVURRYY,Qayran,0xff1ba5f5,28000164,47538,182,IDN|Royale'Team
182,#PGRQLQVY9,Gin•Toki,0xffff9727,28000292,47518,183,REVOLUTION Z
183,#2UQQLGV0V,THORN,0xffff8afb,28000331,47516,184,The Icy Tribe
184,#VUUQUQJC,Maniac3d,0xff1ba5f5,28000103,47510,185,Indonesia Aja
185,#20RUPYJVJ,ひつじ隊長,0xff1ba5f5,28000348,47498,186,わくわくマントルズ
186,#RJLU8VCR,{^-^},0xffff8afb,28000294,47472,187,밀크
187,#C28P0LUG,Tenshi,0xffffce89,28000205,47441,188,Indonesia
188,#P8CLRU28Q,ISL💫|KFC,0xffcb5aff,28000129,47435,189,
189,#8URG0RVR,matt,0xff1ba5f5,28000271,47417,190,CODE : OG
190,#UURQJPGY,LightningSkyz10,0xffa8e132,28000019,47399,191,Indo Brawler
191,#2YYY9JYUY,El Cazador,0xffffffff,28000095,47398,192,club ing
192,#8Y9QUYU2J,Sephyx,0xffcb5aff,28000305,47388,193,ScarySquad
193,#V8UVLPLP,Nanacigalung🎀,0xffcb5aff,28000224,47247,194,Nanaci
194,#QRCQGRU,Rayray,0xffa2e3fe,28000170,47225,195,Cunnilinguists
195,#8L8CYRRPC,XS | Mystique,0xffa2e3fe,28000193,47213,196,Biji Kadut
196,#PPJ22CCPC,BAS|Diman_17,0xff1ba5f5,28000156,47169,197,Rising Corvus
197,#8QLVPJYG9,MZ|Weezly,0xffcb5aff,28000280,47115,198,Myth Zenith
198,#9Q9P22Q9L,@li c@niago🇮🇩,0xffa2e3fe,28000276,47083,199,
199,#2PRQ09VRR,bebek21,0xffcb5aff,28000291,47065,200,VOLT
