,tag,name,nameColor,icon,trophies,rank,club
0,#2RL8LGV9Q,🐼iBearQu❦︎,0xfff05637,28000352,80595,1,High Quality
1,#J0CJJPR9,MikuPiku,0xff4ddba2,28000018,72623,2,ひつじCLUB
2,#8VP882CR2,♡Mr_ido♡,0xffcb5aff,28000041,71501,3,Tribe Turkey
3,#J2G2CGU0,TW |Nadav,0xfff9c908,28000008,71020,4,Beyond Washed
4,#99YGG09GR,MyS | Efim👾,0xffa8e132,28000273,69204,5,A Few Super Boy
5,#PYGUQYCJ0,Taha♛,0xff4ddba2,28000136,67373,6,
6,#YCVJ2Q0,Bill◬cipher,0xfff9c908,28000205,66825,7,OLS|CLUB
7,#2RVPVPC,Eyalツ,0xffcb5aff,28000345,66087,8,Infected
8,#2JURUJG29,🀄|Đavid™️,0xffff9727,28000234,65518,9,Tribe Israel
9,#VG98C9JG,Mazor🐬,0xffffffff,28000112,65297,10,Infected
10,#29PLQ0GV9,GuyVisual,0xffffffff,28000002,64948,11,Tribe Israel
11,#YVP2Q22,Baͥdbͣoͫyninja⚔,0xffff9727,28000132,64479,12,A Few Super Boy
12,#C9P29R92,な | łīčhī❤️‍🔥,0xfff05637,28000347,64330,13,ᴅᴀɪʟʏ
13,#82YY2C8LU,🀄|¥osef™️,0xffff9727,28000345,63165,14,Tribe Israel
14,#88QGVRQC9,♛Ｅｌｉｒａｎ♛,0xffffce89,28000333,62815,15,A Few Super Boy
15,#8JV2Q0C0Q,Shalev❤️‍🔥,0xfff9c908,28000091,62756,16,The Crazy Time
16,#2VQVGRPLP,Hⱥrël♛ᴷⁱˡˡᵧₒᵤ🌹,0xffcb5aff,28000159,62721,17,Infected
17,#200VY9YL8,אוראל שולט,0xfff05637,28000117,62664,18,OLS|CLUB
18,#99VU82CJ9,ɢᴏ sʟᴇᴇᴘ ⁿᵒᵒᵇ☜︎,0xffff9727,28000014,62604,19,🌊Niv🌋
19,#YC892VYPL,提 𝑰𝑫𝑨𝑵 🥷,0xff1ba5f5,28000241,62063,20,✨Star Brawl✨
20,#8YJQLU2R,Adam,0xff4ddba2,28000206,62011,21,Goath Players
21,#9YYP8VJCG,Niv,0xffffce89,28000334,61882,22,🌊Niv🌋
22,#8V9LUJVC9,Splintメ,0xfff05637,28000026,61566,23,OLS|CLUB
23,#Q2R2V8GR,STK@*LonGShuT*,0xfff9c908,28000096,61077,24,Golden Boost
24,#PC8YGQJR0,恶 | DAVID ⚜️,0xffffffff,28000000,60665,25,
25,#2GJ822JL2,Liran 🩵,0xff1ba5f5,28000321,60660,26,Crystal
26,#8Q9R9QPC0,🥀𝕻єяяy™,0xffffffff,28000086,60647,27,Golden Boost
27,#2YG89QYVP,ZK|BadAxew愛,0xffffffff,28000278,60334,28,focus time
28,#2UYPPG2GV,Jeffrey🐍,0xffa8e132,28000197,60312,29,zxc
29,#80CYU2UPR,Warlock🐬Vin,0xffa2e3fe,28000128,60265,30,OLS|CLUB
30,#2JLGGCR9J,𝐌𝐞𝐧𝐢ᴷⁱˡˡᵧₒᵤ,0xff1ba5f5,28000058,59804,31,🌊Niv🌋
31,#922RG8UYV,〖ØP〗𝙂𝙪𝙮❦×͜×,0xffff9727,28000193,59662,32,✨Star Brawl✨
32,#2Q0YR222Q,☣️OP/SHNEOR☣️,0xfff9c908,28000349,59469,33,A Few Super Boy
33,#2YRR8R8PG,חביב התותח,0xffcb5aff,28000352,59200,34,OLS|CLUB
34,#PJLPRG,TheGhoster,0xffa2e3fe,28000259,59120,35,A Few Super Boy
35,#9PU9GUVL8,Serponge🍹,0xffffffff,28000254,59074,36,🥶Israel🇮🇱💙
36,#2GP2VP99P,あCrazyBen😡,0xff4ddba2,28000140,58932,37,A Few Super Boy
37,#9CVJPYL28,STAV,0xffffffff,28000156,58835,38,Brawl Stars 🎉
38,#PVQV2JP28,leon,0xffcb5aff,28000352,58650,39,𝐼𝑠𝑟𝑎𝑒𝑙❦︎
39,#RVG8YYV8,messi🌚,0xfff05637,28000317,58370,40,A Few Super Boy
40,#8C222PUYQ,🔥CG|Ĝũý❀,0xfff05637,28000064,58202,41,"ט'2 ישב""ק אדר""ת"
41,#9UP8QJCY2,🌻ⁱ ᵃᵐ | Sallyツ,0xffffffff,28000233,58137,42,The star falls✨
42,#Y9LJPVGC0,Master Ohad,0xfff05637,28000091,58082,43,avishai
43,#229R8RJCC,BLi|🦁Liran🤡,0xfff05637,28000349,58013,44,🌊Niv🌋
44,#2LGU8Y8PC,MREDKI,0xfff9775d,28000304,58011,45,AE|JusT Play
45,#Y2JUYP8U,gs⚡️⚡️,0xfff05637,28000331,58007,46,A Few Super Boy
46,#9L222URLP,אוריאל,0xff4ddba2,28000183,57802,47,
47,#2VQR0JURR,Noam❤🔥,0xffff8afb,28000196,57739,48,🌊Niv🌋
48,#8V0Q0U8PG,🇮🇱GILAD🇮🇱,0xff1ba5f5,28000295,57725,49,IL champions
49,#2Q08QLCJR,Tribe|elad,0xffff9727,28000138,57717,50,🌊Niv🌋
50,#Y8P8L02L,orel,0xfff9c908,28000272,57696,51,avishai
51,#2LVL2PQP9,like a boss,0xffcb5aff,28000305,57684,52,The star falls✨
52,#VQJQUR2P,🎭Dar₭Soul🎭,0xfff9c908,28000349,57590,53,Tribe Israel
53,#LC2UP2UCJ,♣︎【ØP | Ŋiŕeł】♧,0xffffffff,28000211,57553,54,✨Star Brawl✨
54,#2RCPGYYLY,Tribe|Avihoo,0xffffffff,28000319,57541,55,Players Bs
55,#2RLVYCPQG,Elad,0xff1ba5f5,28000016,57517,56,Tribe Israel
56,#8J90CP0VG,weeeka,0xfff05637,28000050,57511,57,Reply Totem DE
57,#PYQYYCYLJ,aviel,0xffcb5aff,28000273,57495,58,GameModeYT Club
58,#2QQCQUJQU,WLS|⚓MAESTRO⚓,0xffff9727,28000009,57360,59,Infected
59,#UPUYQ8CU,sub 2 pewde,0xfff9c908,28000318,57290,60,Beyond Washed
60,#2UGP2JYGY,SOI|_GALKERO_,0xff4ddba2,28000076,57204,61,OLS|CLUB
61,#9RCVQULVJ,🇮🇱idan🇮🇱,0xff4ddba2,28000244,57171,62,🇮🇱ישראל 🇮🇱
62,#YP9J82QYU,mi8|של,0xfff05637,28000161,57169,63,𝓰𝓸𝓼𝓽𝓹𝓻𝓸
63,#20UVRQQY,avycuriel,0xff1ba5f5,28000304,57048,64,
64,#8QLQRU89P,⛩️Bͥesͣtͫ ᵍᵒᵈ⚔️,0xffffffff,28000349,56972,65,A Few Super Boy
65,#YLGJU00JQ,I'm the killer,0xffcb5aff,28000336,56940,66,Players Bs
66,#82GCYYV0J,LKS|©FireBoy©,0xff4ddba2,28000296,56929,67,Friends
67,#2VP09L2P,matrix,0xffa2e3fe,28000335,56884,68,Singularity™️ 2
68,#2Y20C0YVL,m7md55gg,0xffffffff,28000044,56867,69,🍃H✨M❄️Y🔥
69,#Y9YG9PVPY,The King,0xff1ba5f5,28000170,56850,70,☠️ SOD ☠️
70,#20UGU2GQG,爪工匚卄丹乇ㄥ ツ,0xffffffff,28000184,56645,71,Dynas Diner
71,#2LQC9CGQG,Fixi~,0xfff05637,28000278,56612,72,𝐼𝑠𝑟𝑎𝑒𝑙❦︎
72,#2Q980J9RQ,🌹nêhørâyᴷᶤˡˡᵧₒ,0xfff9c908,28000061,56261,73,𝐼𝑠𝑟𝑎𝑒𝑙❦︎
73,#YV08G2RUP,YT | ElbaZone,0xffcb5aff,28000091,56140,74,YT | ElbaZone
74,#PQQL0R9VG,Uria;|被,0xffff9727,28000349,56087,75,Tribe Israel
75,#PC9CLLVRG,yoyo,0xff1ba5f5,28000017,55965,76,Goodbey❤️😫
76,#8LCLRJ8V9,♤JR|ÃřIéL♤,0xff4ddba2,28000021,55938,77,Players Bs
77,#L0992QL,sahar,0xffcb5aff,28000305,55897,78,IL champions
78,#9UULRURUC,s0ZNIz,0xfff05637,28000273,55861,79,FEVER DREAMS
79,#2L9JLLCGL,美家𝓃ℴ𝒶𝓂🥷事𐂃,0xffffffff,28000233,55829,80,נועם טיקטוק יאח
80,#2JCJC0J90,Eleanor rigby,0xff1ba5f5,28000281,55822,81,avishai
81,#298V9ULYQ,SђⱥkͥedͣoͫƤ×͜×,0xfff05637,28000349,55815,82,𝐼𝑠𝑟𝑎𝑒𝑙❦︎
82,#88RYRLPU,❄️lior❄️,0xff1ba5f5,28000294,55777,83,Tribe Israel
83,#L0Y9JP0U8,smileonYourface,0xffcb5aff,28000159,55683,84,🌊Niv🌋#2
84,#2UU90UCQ,Xorox❤️‍🩹Byrox,0xffcb5aff,28000273,55595,85,A Few Super Boy
85,#8P09UVPG,ofek,0xfff05637,28000170,55573,86,A Few Super Boy
86,#99GYCVLR9,Yoav_king,0xff1ba5f5,28000218,55469,87,יואב ברק ואבא
87,#YR8J2JQV0,悪|Crͥazͣyͫ TYM❦,0xfff05637,28000090,55453,88,🌊Niv🌋
88,#9QLGQQ0J9,YARDEN,0xffcb5aff,28000206,55453,89,✨Star Brawl✨
89,#G20QYPU9,♤Romang♤,0xff1ba5f5,28000011,55452,90,Tribe Israel
90,#98JYRJVQU,זוהר האח,0xffcb5aff,28000286,55441,91,✨Star Brawl✨
91,#2VQQQUQPL,Bobby🍉,0xffffffff,28000196,55392,92,🌊Niv🌋
92,#GJP8V0JP,🐣angry|boy☔,0xffa2e3fe,28000282,55360,93,focus time
93,#LP282LGRC,😘pro😍,0xffff9727,28000295,55341,94,𝓰𝓸𝓼𝓽𝓹𝓻𝓸
94,#QLVGYC8R,✨ItayBööm,0xfff9c908,28000037,55314,95,פרשתי
95,#PUQ2JPCGR,TikTok|ElbaZone,0xfff9c908,28000218,55277,96,YT | ElbaZone
96,#P0RGVVVCV,NISO,0xffa2e3fe,28000230,55247,97,A Few Super Boy
97,#RPPRULP2,𝕯𝖎𝖕𝖕𝖊𝖗◬,0xffffffff,28000138,55191,98,A Few Super Boy
98,#2V2JJQLPG,𒆜Ø₱|ᵧₒss𝐢🔥💘,0xfff9c908,28000020,55100,99,𝐼𝑠𝑟𝑎𝑒𝑙❦︎
99,#29C2UR9Q8,₹Nitaí🦜,0xffffffff,28000052,55089,100,Tribe Israel
100,#2U20QVR82,あ | 𝚂ɳσƙҽ ❦,0xffff9727,28000291,54970,101,𝓰𝓸𝓼𝓽𝓹𝓻𝓸
101,#2PLJ2YP0U,Bot 3,0xffff9727,28000221,54951,102,Golden Boost
102,#QGGPJ8JL,♚DKⅠHiroto♔,0xffa8e132,28000129,54848,103,G-boys
103,#20G0Q9,OmriTomVaknin,0xffff9727,28000173,54763,104,Green Leaf
104,#VVGLU0PC,pika,0xffffffff,28000256,54717,105,🌊Niv🌋
105,#8VQ920QV0,Storm🕊,0xffcb5aff,28000018,54684,106,Infected
106,#82LVPU8PG,あ|𝑴𝒂𝒐𝒓™️,0xffa8e132,28000299,54684,107,ISR GØDŠ🇮🇱👑
107,#80CPL8QC0,⚡SSG|JONTY >.<⚜,0xffffffff,28000137,54635,108,🌊Niv🌋
108,#Q9U80CV9,Boti-_-Exe,0xffff9727,28000305,54506,109,✨Star Brawl✨
109,#GRLV8RLR,Ilay oz,0xff1ba5f5,28000272,54479,110,Tribe Israel
110,#8JQYQ00GQ,HL|BORZ,0xffffffff,28000280,54472,111,Hell Life
111,#PU8YCC9YU,winer,0xff1ba5f5,28000159,54461,112,✨Star Brawl✨
112,#2R2VR2UQV,גבריאל האלוף,0xffcb5aff,28000286,54457,113,A Few Super Boy
113,#2222GYU2J,Aboff,0xffcb5aff,28000207,54452,114,ישראלים בדם
114,#90YC0Q8JJ,deri,0xff1ba5f5,28000225,54402,115,Green Leaf
115,#PV2YPLPL2,JσƘҽR,0xffa8e132,28000291,54387,116,☠️ SOD ☠️
116,#2VRGV0GYJ,FIRE BOY🔥,0xfff05637,28000156,54375,117,avishai
117,#8GY299C80,GT|imajuval,0xffcb5aff,28000148,54353,118,Players Bs
118,#R92PLRQC,Nivja Danger,0xff1ba5f5,28000159,54317,119,
119,#8YYRC8LU8,☆orel star☆,0xffcb5aff,28000281,54238,120,𝓰𝓸𝓼𝓽𝓹𝓻𝓸
120,#Y2VJ9C9,ŴÎČĶĖĐ♕¥ĀŘÎŊ™😈,0xffcb5aff,28000349,54228,121,IL|Kings🏆
121,#P09YG2GJ8,..Avͥenͣgͫer⚔ᴳᴼ,0xfff05637,28000315,54209,122,Mega Pig IL
122,#8QJJRGQJG,ghost,0xffa2e3fe,28000069,54202,123,✨Star Brawl✨
123,#8LPRVUJ29,Giladhey12,0xffffffff,28000349,54201,124,𝐼𝑠𝑟𝑎𝑒𝑙❦︎
124,#808G00C2J,🔥Ï§Ř|ËliõŘᵇᵈ💥,0xffffffff,28000058,54162,125,🌊Niv🌋
125,#Y8QP28Q8,Liad,0xffa2e3fe,28000125,54127,126,Golden Boost
126,#JP8VLCVY,gilazani,0xffff9727,28000170,54113,127,🌊Niv🌋
127,#9PPJ9RGRL,אביעד,0xffa2e3fe,28000061,54066,128,קלאן טיפולי 2
128,#8YVJJVVCP,QLS|MisTer⚽,0xffcb5aff,28000156,54047,129,✨Р А Д О С Т Ь✨
129,#Y9R9V22LP,♔︎|𝒐𝒇𝒊𝒓♕︎😪,0xffffce89,28000244,53958,130,OLS|CLUB
130,#8JVGJLQGR,[W/S]ovNEar,0xffff8afb,28000301,53915,131,⭐Star Gang⭐
131,#Q9Q9G0UV,$1$pro😎🇮🇱👑,0xffcb5aff,28000335,53900,132,🌊Niv🌋#2
132,#PCL9QQ9UG,坡|𝙿𝚒☔︎,0xff4ddba2,28000253,53885,133,NRW|Flay🔝
133,#8QRYU8VVR,Ĕ̈re̸z͎ᵏⁱˡˡYᵒU,0xffffffff,28000207,53880,134,avishai
134,#28LYLLUPG,Iđąń💥killęř👑,0xffa2e3fe,28000072,53878,135,avishai
135,#8VQUR2CV,venom1,0xffcb5aff,28000205,53840,136,Fuzz|Reborn
136,#UGJC0QP9,the ice knight,0xffcb5aff,28000225,53807,137,HOT= BOT
137,#8LYQ9JRG8,ASH|Portraitist,0xfff9c908,28000318,53790,138,Tribe Israel
138,#P2PUPR909,yanai,0xff1ba5f5,28000004,53769,139,OLS|CLUB
139,#2LGG9GYPV,悪 | ĀVłV™❤‍🔥,0xff1ba5f5,28000352,53763,140,IL|Kings🏆
140,#P0R2QPJ08,둘 | Code:Healer,0xffcb5aff,28000254,53742,141,✨Star Brawl✨
141,#89YRPV9GV,㉺LiamK ƬƝƬ✘,0xffffffff,28000175,53725,142,
142,#8QC9V00YU,*(JERMI)*,0xfff05637,28000218,53584,143,avishai
143,#CGC2R0LU,ηιυ♪,0xffffffff,28000096,53546,144,
144,#28CCPL02R,Mileti,0xffcb5aff,28000069,53537,145,
145,#2YV2Y0V,Agizod,0xfff05637,28000153,53536,146,🌀ELITES🌀
146,#PPR9QYJRY,TR | Ṧ𝒽ĺ𝚖õ𝗇❦,0xff4ddba2,28000148,53497,147,🔥בראול סטארס🔥
147,#ULQ20GP0,לני,0xffcb5aff,28000156,53496,148,IL champions
148,#2QRP2VYRR,ישראל בדם,0xff1ba5f5,28000337,53446,149,בואו נגיע לטופ
149,#2YP2PPYUL,⚡Yarinᴷⁱˡˡᵧₒᵤ🥀,0xffffffff,28000228,53444,150,avishai
150,#2VQQ22CGP,|•JöKęR~ñOaM☄️,0xffcb5aff,28000147,53408,151,Mega Pig IL
151,#P8VGCUUYJ,Itai,0xffff9727,28000272,53408,152,✨Star Brawl✨
152,#QLJJ9RCL,ToxicMeir ™,0xff1ba5f5,28000200,53342,153,Tribe Israel
153,#2U9QRQ9PG,SpinX🌒,0xffff9727,28000046,53310,154,𝐼𝑠𝑟𝑎𝑒𝑙❦︎
154,#UYPQRQ09,⚡SSG|Iopking>.<,0xffcb5aff,28000135,53306,155,Guillaume & Kim
155,#9YCU288YQ,〖ØP〗orian❦x‿x,0xff1ba5f5,28000098,53263,156,✨Star Brawl✨
156,#2YV298UJY,FRZ Apple,0xffff8afb,28000272,53252,157,Tribe Israel
157,#YY09PRYU,heroamit,0xff4ddba2,28000029,53223,158,Green Leaf
158,#8C9Q8LJJY,LUCA 19,0xff1ba5f5,28000037,53162,159,PRO YASAMAL🖤🔥
159,#8C09PRCVC,❄️ice ilay❄️,0xffffffff,28000207,53131,160,Last Order ♛
160,#9PRQCP08J,DV|Dvir v |IL,0xff4ddba2,28000000,53115,161,A Few Super Boy
161,#2GQURL28Q,🃏|Yarin™,0xfff9c908,28000187,53078,162,A Few Super Boy
162,#8R8V0YQ0,Dimitrius.®,0xffff8afb,28000203,53046,163,🌀Konoha🌀
163,#280GRV2L9,FoXwEz,0xffffffff,28000328,53032,164,🌊Niv🌋
164,#9GG82QYLV,1🥚|ACAC - OG,0xffff8afb,28000159,52999,165,MBC eSports GR
165,#2VLJ8VCQ8,deniska0408,0xffffffff,28000345,52962,166,butterfly🦋
166,#9UPYJ292P,[KING]Ďęмøņ^™,0xffa8e132,28000352,52943,167,<c5>TOXIC</c>™
167,#Q90RUYVR,ZL |sem =),0xff1ba5f5,28000210,52940,168,High Quality
168,#90JYLYRLP,༺Ve₦om༻,0xff1ba5f5,28000349,52900,169,Matkal
169,#L8CJJR9L,עידו המלך,0xffa2e3fe,28000175,52852,170,avishai
170,#902UU0GGL,Warrior👅だをえ,0xffa8e132,28000136,52822,171,geo kacebi
171,#98RG0P9C2,IDAN GG,0xfff05637,28000341,52770,172,The Israelis ⛩️
172,#PPJQCUYLY,Nuni⛱️,0xffcb5aff,28000352,52752,173,BRAWL KINGS
173,#P0CYVRL0V,Omer,0xff1ba5f5,28000304,52732,174,YlFAN :)
174,#2UGCLLGJC,Yoni,0xffff8afb,28000262,52695,175,
175,#2G2Y9VLL9,achri,0xffa2e3fe,28000175,52674,176,Tribe Israel #3
176,#2P9VLJRG8,leo habatlan,0xffcb5aff,28000139,52650,177,Players Bs
177,#20Q8CJ0CG,聽 |TOXIC IDO🫀™,0xffff8afb,28000321,52629,178,✨Star Brawl✨
178,#82QLGPLJQ,داعس البوتات❤,0xfff9775d,28000191,52583,179,جعويط
179,#PP0ULYQ9J,1🥚|EvilHaman,0xffa2e3fe,28000089,52558,180,MBC eSports GR
180,#J88LLCU8,❄️Icicle❄️,0xff1ba5f5,28000173,52530,181,Sage
181,#89UCG2C8,💓ishay💓,0xff1ba5f5,28000254,52515,182,𝐼𝑠𝑟𝑎𝑒𝑙❦︎
182,#8R0CV2LVC,DoGGo,0xffffffff,28000295,52462,183,Tribe Israel #3
183,#UG8G99YR,❄OMER❄,0xffcb5aff,28000323,52460,184,Havoc Renzo
184,#82GQYLJ8Q,Idan,0xfff9c908,28000272,52405,185,A Few Super Boy
185,#2VYPL2J2,Yonatan,0xff1ba5f5,28000198,52404,186,Tribe Israel
186,#99UYY0J99,RandomBrawl YT,0xffa2e3fe,28000305,52401,187,umnite
187,#8YQUPPCVQ,Mat the killer,0xffa2e3fe,28000305,52357,188,A Few Super Boy
188,#8PLCG8CRR,OrellG•D,0xffff9727,28000296,52336,189,Infected
189,#9PRUU0UL8,TRB_Yehonatan✌,0xff1ba5f5,28000170,52319,190,avishai
190,#LRLYC908,Avocato,0xfff9c908,28000198,52286,191,Green Leaf
191,#90UQL8LR2,שרה נתניהו,0xffff8afb,28000170,52275,192,Matkal
192,#2QPL02GGG,🦊iFoxyQu❦︎,0xffffffff,28000139,52262,193,🌊Niv🌋
193,#8QGY9C9VQ,༄ᵗʷⁿ̃ℛℴ𝓎ᵍᵍ♕,0xffff8afb,28000278,52254,194,Players BS 2
194,#8R2YPJUPC,XeNoN,0xfff9c908,28000294,52228,195,JeberS
195,#Q2G0LURCC,YëhüdäₖᵢₗₗYₒᵤ🌹,0xff1ba5f5,28000335,52225,196,𝓰𝓸𝓼𝓽𝓹𝓻𝓸
196,#88GLU2LV2,נועם,0xfff9c908,28000281,52198,197,OLS|CLUB
197,#22GV88UQL,sky ;),0xffcb5aff,28000175,52195,198,The Watch
198,#209JPU9G,BLÆT,0xfff05637,28000280,52194,199,Tribe Israel #3
199,#92UUQGGUV,Dor,0xffffffff,28000000,52145,200,
