,tag,name,nameColor,icon,trophies,rank,club
0,#GCVPVRQY,MyS|Goman,0xff4ddba2,28000137,78627,1,Tribe Turkey
1,#2GPV0LRQC,TTeJIbMeIIIka,0xffff8afb,28000347,75131,2,Quant ESports🐾
2,#82JGY0UC0,_D e n,0xffcb5aff,28000244,72445,3,Импрессив
3,#Y8YP0QLCQ,YT | Camelot 🍄,0xffffffff,28000095,70218,4,Quant ESports🐾
4,#89YRUQ9YC,✞SสID24♡,0xffcb5aff,28000291,70031,5,Lose?
5,#82JYRV9RQ,BABADOOK,0xffcb5aff,28000112,68260,6,Импрессив
6,#9Y00R2U0U,Melanc’holyy🍒,0xffcb5aff,28000333,66165,7,Импрессив
7,#PCG8PJGY0,miksik🃏,0xffff8afb,28000004,65182,8,
8,#208VGC9QJ,Jassye🖤,0xff1ba5f5,28000024,65035,9,KingdomRush
9,#VQ0Y9JCL,あなたを愛したい,0xfff9c908,28000349,64763,10,KingdomRush
10,#80PLVCYPY,Nova💔Star,0xffa8e132,28000122,64586,11,<c0>★DARK★</c>
11,#8G0PYV29L,AlohaJaySay,0xfff9c908,28000213,64577,12,ЖС CORPORATION
12,#8QJU09VQJ,Cu♡❄IceHot🔥♡ᵗᵐ,0xff1ba5f5,28000116,64390,13,кайфарик
13,#P0PR8QQCP,ʜᴇʟꜰɪᴋ,0xff1ba5f5,28000129,63979,14,Cryptic
14,#902YJYJJJ,blove🦆,0xff1ba5f5,28000285,63325,15,RCN|Esports X
15,#82RGL9PUR,~magzzz,0xffffffff,28000018,63208,16,Beautiful pain
16,#2VLYG8URU,VIP|BO$$👾,0xfff05637,28000256,62856,17,Quant ESports🐾
17,#9UPC8V290,SmailYou🐙,0xffff9727,28000033,62801,18,Exclusive
18,#89JVUJ0UG,A♡Lonupi 🦋,0xff1ba5f5,28000000,62727,19,Paraiso moon🦋
19,#LC9J928P,читер777,0xffa2e3fe,28000243,62509,20,LUXEMBURG
20,#CGLR90CP,QlsNOVI40K9L💎,0xfff05637,28000132,62366,21,ЖС CORPORATION
21,#9RQPVQ,рома,0xfff05637,28000023,62243,22,AFGMela
22,#22LPUP28P,Voo👻,0xffff8afb,28000226,62202,23,Woman Moment♿️
23,#8VPUQPL80,???,0xffcb5aff,28000023,62184,24,Tayron team
24,#8GUCR8982,т⃠а⃠к⃠с⃠и⃠𝟙.𝟘,0xffff9727,28000020,62016,25,BlockBasster
25,#9L2LV8JCV,MyS|Camon❤️Аnya,0xff1ba5f5,28000243,61796,26,
26,#2PLGLGJVQ,Miracle,0xffffffff,28000285,61524,27,House Greyjoy
27,#V00Y99VQ,Knayly YT🔥,0xff4ddba2,28000002,61391,28,Guster desant🪂
28,#YP0P8Y09,𝘿𝙪𝙤 ♡ | DOOM,0xff4ddba2,28000150,61387,29,
29,#20CQGGLY9,Fenix,0xffffffff,28000000,61367,30,<c3>ASF</c>
30,#P98GLJQ2R,Skeptical👎,0xffffffff,28000259,61340,31,Purple Wave
31,#UL9L2QQC,more sunlite💓,0xffff8afb,28000079,61247,32,Город Орёл
32,#P9GY0V22G,xBugs•B🤍✨,0xffff8afb,28000303,61054,33,Dove's Heart
33,#22C2G2PCY,Warrior Ninja,0xff1ba5f5,28000304,61033,34,Dove's Heart
34,#280U0PPJV,優勝Bagaa🐧💗,0xffcb5aff,28000315,61030,35,Vitrious Legacy
35,#28PG8RQ28,♡El Xomak♡,0xffcb5aff,28000290,60984,36,Дружная Гвардия
36,#9UVCLP9JJ,🌹zolotyepiki:D,0xffcb5aff,28000294,60758,37,BRAWL HOUSE
37,#P2P2RPG2R,しちしょうsenkuu🩸,0xffcb5aff,28000135,60713,38,
38,#2GPJPQ9UG,{🖤FORXY❤️},0xfff05637,28000262,60698,39,<c7>NeOnシ︎</c>
39,#PLUJJGUVC,Felix✨️,0xffffffff,28000300,60682,40,Forest
40,#29V2LC08G,友情 | gromon 🦚,0xffcb5aff,28000014,60446,41,Anteiku☕
41,#UPR2QR9P,TEMMY❤️‍🔥,0xffffffff,28000228,60366,42,whyliebel🐣
42,#CGQLUU9Q,LookAtThis,0xffff8afb,28000225,60332,43,AMG
43,#8YURUU0PG,BADBOI,0xfff05637,28000023,60203,44,World United
44,#PURLRJJ89,🏆🏆voron🏆🏆,0xfff9c908,28000332,60188,45,Destroyers
45,#99G0C9VVP,сдохла,0xffff9727,28000254,60187,46,ChillOut
46,#9CPUVGGYV,Alisher,0xfff05637,28000055,60132,47,Импрессив
47,#90L0YCLV9,Tobi,0xfff05637,28000000,60127,48,Trouble Maker
48,#2JL2Y0JU2,Forcé,0xffff8afb,28000081,60099,49,Celestyn
49,#Q0V82CYP2,MyS|Фан биста🐶,0xffcb5aff,28000322,60028,50,топовый клуб
50,#QG009GY2,RTS|Sour🐣,0xffff9727,28000110,60000,51,Escapism.
51,#PPG8RCGVG,Damir❤️Artem,0xffcb5aff,28000305,59799,52,
52,#20898UJRG,Jasonシ︎,0xffffffff,28000194,59638,53,DS | Dark Souls
53,#20PVGPVYQ,ᎯℵƊℜტᙢᗴᗪ,0xfff9775d,28000334,59604,54,LEGION🎴LEGEND
54,#Y0LC29QYQ,⚡Max⚡,0xffcb5aff,28000163,59467,55,Wendetta Sqd♿
55,#PRJLY9G92,CM|ˢᵏʸˡⁱⁿᵉP҉O҉P,0xffcb5aff,28000349,59347,56,★Art of War★
56,#8PP9PRL28,san☦︎sŧefan🇮🇹,0xffcb5aff,28000274,59321,57,Wendetta Sqd♿
57,#2GVVPQV9P,✅Lordシ︎ᵒᶠᶠⁱᶜⁱᵃˡ,0xffffffff,28000293,59310,58,
58,#8Q028C0C0,シ︎ˢᵗʳⁱᵏᵉʳ,0xff1ba5f5,28000294,59133,59,✨SYNDICATE✨
59,#Y2QGLR8QU,ニッキー | ᴰ¹ᵃˢ¹🐝,0xffff9727,28000188,59131,60,Legendary Brawl
60,#2JP0VLY29,RU | Музыкантツ,0xff1ba5f5,28000135,59090,61,Escapism.
61,#8QV09R0C8,Dzhig|YT,0xffff8afb,28000349,59057,62,Kotak Elite
62,#P8QQCG0V2,Дино|YT,0xffffffff,28000221,59019,63,
63,#Q8LRL8Q8,swixqw,0xffcb5aff,28000333,59011,64,Brawler•_•Team
64,#2GJLGJRUP,c'est gxckoャ,0xffffffff,28000135,58959,65,Lose?
65,#CGRJVJ0G,Wizar5d,0xffff9727,28000349,58952,66,<c7>РАССВЕТ</c>
66,#8CGL8Y0RJ,하느 ♡VerTuozxz.,0xfff9c908,28000184,58866,67,WeGamers
67,#8JR90YC9P,ツ『BaK』シ,0xffa2e3fe,28000281,58865,68,✨ Deaf Top BS ✨
68,#22Q0UURR8,Артём,0xff4ddba2,28000259,58845,69,☝️братья☝️💪😠
69,#9GQ29PRQJ,☔Bubbleツ,0xffffffff,28000150,58744,70,CT
70,#29PP2QR2Q,Артур,0xffcb5aff,28000271,58720,71,Little Sea 🌊
71,#Q2VRRQJ0,QLS|MASTER,0xffcb5aff,28000014,58594,72,Fiery ghosts🔥♥
72,#9CCV98UR,🧊MC|Tehn♡Cat🧊,0xff1ba5f5,28000271,58591,73,Mad Cats
73,#QY2UVYR2,MG | KuRuMi | 夢,0xffffffff,28000110,58547,74,6-bot
74,#2JRPCCVUU,Rengoku🔥,0xffcb5aff,28000262,58321,75,Дружная Гвардия
75,#9Y028UR02,Travka,0xffffffff,28000179,58249,76,<c7>РАССВЕТ</c>
76,#89C2CLCGR,ゼウスbounce?,0xffffffff,28000294,58245,77,New Grand
77,#YC8GL9GLU,kinzot,0xffff8afb,28000330,58232,78,☀︎TTF Club☀︎︎
78,#2LVJP00VC,DımWorldポリーナ🦋,0xff1ba5f5,28000123,58193,79,tilted masters
79,#PJQUJQV8G,Marco♡,0xffffffff,28000135,58070,80,Дружная Гвардия
80,#220YR0QPG,TipOK💚Saskey🥺,0xffff9727,28000132,58013,81,<c0>Shine</c>S
81,#YGGLPLYG8,ディアス | Nikyy❤️,0xff1ba5f5,28000046,57976,82,Legendary Brawl
82,#2Y0RL9YY8,the suspect🥷🏻,0xffffffff,28000130,57923,83,New Grand
83,#PY2C9RLGQ,БРАВЛ СТАРС|TY,0xffff9727,28000020,57899,84,🔥BaWoWna🧨
84,#P0JQUQ9YU,DV|💟Darinaa,0xffcb5aff,28000224,57888,85,🔥Swordsmen🧊
85,#YLGRQC0U,REeimond,0xff4ddba2,28000102,57836,86,ETERNAL FLAME
86,#YGP9P0CVP,Pipo🔱,0xffff9727,28000125,57754,87,nkB
87,#8Q2RJ9C99,iKaneo💘,0xffffffff,28000011,57745,88,WinnerTeam
88,#2QUYVR28V,It's OneTwo'z,0xffffffff,28000259,57695,89,Castle of Kings
89,#8RYJ02QG0,Holy man,0xffa8e132,28000303,57659,90,🍋Lemon Team🍋
90,#99JQYQC8L,MISHARKA 🧸,0xffcb5aff,28000175,57656,91,Dan Elite🦀
91,#9JQQ0VQQV,🖤LonelY RaV🖤,0xffcb5aff,28000125,57618,92,You can 🏆
92,#98882U029,Itz❦︎Leroyy,0xffffffff,28000271,57606,93,SHARK 🦈 TEAM
93,#292L8P8,✨T4WERKA✨|GG,0xffffffff,28000018,57464,94,Wild Heartz💔
94,#8GV9YUV9,⚡King ⚡,0xffffffff,28000272,57219,95,✨️PARADISE✨️
95,#QL0YPCG2,артём,0xffa8e132,28000011,57204,96,артём гром⚡
96,#2V2YJYQYR,Xastur,0xffffffff,28000023,57029,97,Wild Heartz💔
97,#Q0PVJ08,EM͛X|DaNiCiMo ♻,0xffffffff,28000122,57021,98,DaNiCiMo
98,#PR28R2RC,Ekosh🧸ラクミン🌴,0xff1ba5f5,28000333,57005,99,Nomad Empire🫀
99,#209CCY2JC,Артур,0xffffce89,28000279,56997,100,<c6>Axolotl</c>
100,#C2PL8CRQ,psiblades💔,0xffffffff,28000242,56994,101,Bad Randoms🦇
101,#2QY20288V,[LP] Crazy_Boy_,0xffffffff,28000023,56908,102,★Art of War★
102,#YG0CGP0Q,😻|KOTIK,0xffffffff,28000267,56834,103,беляшики
103,#PPJLYL82C,MG | Qwinsi💗,0xfff9c908,28000225,56824,104,NS Esports
104,#9JVQLL29Q,Все леги Амир $,0xffcb5aff,28000352,56809,105,dark knignts
105,#22PVGVPYJ,FH| Yanlix🍀,0xffa8e132,28000341,56712,106,🔥Swordsmen🧊
106,#PGJ80UYYV,雄度|BangGifAlok❦,0xffcb5aff,28000330,56648,107,ЮТУб РУЛИТ
107,#290GR2P9Y,DeProMaz,0xffffffff,28000150,56586,108,ETERNAL FLAME
108,#9JGR0RV,RAT | Hawk,0xfff9c908,28000165,56572,109,Ａｎｔｅｉｋｕ
109,#2QYVY2P8,Мамка,0xfff05637,28000182,56560,110,Mystery Killers
110,#GJCLQ99L,ChͥieͣfͫKeef©,0xfff05637,28000091,56528,111,The best clan
111,#202V8JP00,DarKat,0xffff8afb,28000130,56513,112,🔥Swordsmen🧊
112,#2RVPGU892,skat,0xffff8afb,28000352,56512,113,картошки
113,#82CUVLLRC,YT||K-P,0xfff05637,28000348,56435,114,𝐻𝑈𝐵|𝑁𝐴𝑉𝐼
114,#2PCLJRQJY,Sleepy♡,0xffffffff,28000286,56352,115,
115,#2GGQCPJU0,⛩️Mikro Chall🏆,0xffcb5aff,28000261,56352,116,Bad Сompany
116,#P88R8220P,ˢᵃᵈ♡︎ᴇʀɪᴄʟᴇ🏔️,0xffff8afb,28000333,56302,117,DragonArmy
117,#9QJP9UJ0J,BRAWL_BEKA,0xfff9c908,28000295,56258,118,
118,#U202RU20,ぎ×❤️‍🔥edenty``,0xffffffff,28000023,56257,119,Morning🌟Stars
119,#98JV0Y0JG,chs|Vanstime🔥,0xffa2e3fe,28000132,56192,120,🎆Galaxy CM🌌
120,#89LRVVY9Y,wonti2🤡,0xff1ba5f5,28000019,56050,121,No Name
121,#9U9L2CLGP,❄DIAS❄,0xffffffff,28000332,56043,122,Legendary Brawl
122,#9QLR9YPQ9,Nibiru✨,0xfff9c908,28000242,55989,123,kardiafc
123,#2LPVUQGVR,TDK|GoodMart,0xffffffff,28000156,55985,124,Warriors ™
124,#2CCUPQCCL,crazy,0xffa2e3fe,28000290,55982,125,Новая надежда
125,#2U8022UC8,G2 | henzz力,0xffffffff,28000033,55924,126,House Tarly
126,#80LULJC0Q,BL•DEMON,0xffffffff,28000349,55903,127,Deadly Squad
127,#2VV8VJQ9L,Leon,0xffffffff,28000140,55883,128,The Crows
128,#PG88G822Y,ZØ|⛩️Dámîş🌟,0xfff9c908,28000073,55873,129,Legendary Brawl
129,#2J0V9G9QP,Toshiro❤️‍🔥,0xfff05637,28000349,55868,130,insensetive
130,#P8PQVV0VC,🐬QLS|Dᴏʟғɪɴ,0xff1ba5f5,28000168,55862,131,Lord dragon
131,#8QGUJVCCL,ニャKum1rrr❤️‍🔥,0xffffffff,28000221,55832,132,
132,#88JGR9R8,Code:CoolKirály,0xff1ba5f5,28000168,55827,133,Halloween 🎃👻
133,#YYUGY0UY,WRD | Zhan 🦁,0xff4ddba2,28000021,55826,134,World
134,#89JVPPRC8,🐟Mys|max🥀,0xfff05637,28000023,55805,135,TTV|BEZSMERTNY
135,#2R8RUPY9,bunnyx❤️‍🔥クール,0xffff9727,28000039,55736,136,You can 🏆
136,#QP2G2VR0,STS | KRITIK🥀❤,0xffffffff,28000335,55652,137,House Baratheon
137,#92URUVVJR,GӨТ|Døñdâriøñ🔥,0xffff9727,28000333,55643,138,House Bulwer
138,#2UVJR00G0,FD|samuray🥀,0xffffffff,28000110,55639,139,A Few Киски 💖
139,#LQRRPY80R,GG|MaX1k🤤✨,0xfff9c908,28000260,55636,140,★Art of War★
140,#VVVPQ9LL,[Vinche],0xffffffff,28000304,55627,141,mlpzaq
141,#2RR8L2Q2Y,💞OP|Waii La💓,0xffa2e3fe,28000239,55625,142,🌔Last Wish🌔
142,#2URJUCGPR,QLS|Craig :D,0xffff9727,28000333,55585,143,⛩️Werh Clan⛩️
143,#GCGYYU9R,たてたMP5❤️А,0xffcb5aff,28000018,55579,144,ReVant♡︎
144,#22YRYV9QC,GØT | YøĞò,0xffcb5aff,28000207,55555,145,<c7>NeOnシ︎</c>
145,#22RGJVYGG,FE|r 1 s e 勇敢💔,0xff1ba5f5,28000167,55492,146,WinnerTeam
146,#PP2JY9GG0,ПЧЕЛОВЕК,0xffffce89,28000257,55476,147,Россия
147,#9VLJL02U,АртёмВарвор2005,0xffff8afb,28000348,55400,148,WpadekPrzypadek
148,#8U2028LUR,Fire Knight,0xffff8afb,28000079,55386,149,
149,#28CRQLL2C,🐬𝚂𝚘𝚔𝚛𝚊𝚖,0xff4ddba2,28000140,55384,150,DS | Dark Souls
150,#8J8CVV0VJ,AxE | Phara男个,0xffff8afb,28000207,55352,151,Unreal_Fate🥀
151,#8LJ8L2J0Y,renxchx❤️🔥あかさ,0xffff8afb,28000138,55351,152,меrzosть
152,#9Y0GUG20,𝐀𝐮𝐭𝐮𝐦𝐧🍂,0xffff8afb,28000097,55311,153,Upid0rs
153,#8P22UGYJP,QD|Lama 父,0xffcb5aff,28000291,55287,154,TTV|BEZSMERTNY
154,#9QU2LCPYY,I'𝚖𝚂𝚠𝚎𝚌𝚑♡,0xffa8e132,28000136,55245,155,Morning🌟Stars
155,#Y0CQ92PP9,✨XTO Я✨,0xffffce89,28000224,55227,156,Чай с Печеньем
156,#VCRPRG29,●Omarov Jr●,0xffffffff,28000305,55191,157,⭐Star Gang⭐
157,#9VYLR90YY,drafox,0xffa2e3fe,28000345,55147,158,KRUTS
158,#PQVYV99C8,ABL❤️🇰🇿,0xff1ba5f5,28000301,55136,159,World Elite 🌍
159,#LYP9R9LL,STL|Krinz🍀,0xffcb5aff,28000298,55117,160,SwiftFlow💞
160,#8CUQJL0J2,Matrix,0xffff9727,28000305,55082,161,The best clan
161,#YQY0QJJ0G,GojōSatoru,0xfff9c908,28000229,55080,162,LA Toxic
162,#2CLL9LQP,sani,0xffcb5aff,28000170,55079,163,👉👈ХЗ👉👈
163,#2VQ9G2GP,Night Stalker🖤,0xffcb5aff,28000207,55066,164,
164,#892Q0GQ28,𝐞𝐫𝐞𝐧,0xffffffff,28000247,55004,165,happiness club
165,#CCYYLCQG,🥀Sad Angeł🥀,0xffffffff,28000167,55003,166,mlpzaq
166,#92QLRYPYC,BeautyBLUMKV💘,0xffffffff,28000167,54941,167,TGE Esport
167,#8QRPJ008,[ЖМЫХ] КОРОВА,0xff1ba5f5,28000332,54873,168,No Name
168,#8YVLRC9PQ,Lex,0xffa2e3fe,28000259,54804,169,龙?<c5>zeNts</c>
169,#CJ09G2LQ,МУСОР|ДА,0xffcb5aff,28000336,54782,170,KD TEAM
170,#2L0CJQGC8,Red,0xffcb5aff,28000073,54777,171,Wickedly KZ
171,#PC2CYQRQP,⛩ QLS |TOPER ⛩,0xffcb5aff,28000014,54746,172,Legion Inferior
172,#8RV2CPY08,ヅ HUGEPLAY,0xffff9727,28000010,54742,173,KGС Elite
173,#8LRGCR0CJ,Forza|Aiker,0xffcb5aff,28000347,54727,174,Rat Hole
174,#988LQVVC9,Foxy,0xffcb5aff,28000291,54723,175,Youtube KINGS👑
175,#98QLQRV8G,Mega Primo,0xffcb5aff,28000280,54722,176,龙?<c5>zeNts</c>
176,#288JCL9R0,Solo♡Bolon4Ik憎,0xffffffff,28000281,54667,177,Woman Moment♿️
177,#QV8Y902C,BlooDeL,0xfff05637,28000224,54666,178,kz.шреки
178,#9Q9880LYQ,Chinaドニ・ケリット,0xffffffff,28000288,54642,179,Grizzly|Team♕
179,#YQ80G9RRJ,BS(DIMA),0xffffffff,28000284,54636,180,<c8>MiNi</c>
180,#Y2JGPYCVQ,☆ ★Jane★ ☆,0xffffce89,28000190,54615,181,кайфарик
181,#PUPVJYQ22,tikson💔,0xffff8afb,28000228,54604,182,One Question?
182,#2P09QYPYG,DmS|🌊ᴏᴄᴇᴀɴɪᴄ🌊,0xffcb5aff,28000342,54599,183,ботики
183,#92G2RJCGQ,Draken|🐉,0xffcb5aff,28000290,54578,184,LEGION🎴LEGEND
184,#292J9U0VC,AVG|gg Lacoste,0xff1ba5f5,28000294,54578,185,2nd period❤️‍🔥
185,#PPR9VL8RC,[RX]king👑,0xffff8afb,28000285,54518,186,World United
186,#98UJRCPVJ,Plagiat,0xffa8e132,28000023,54470,187,Galaxy🌌OfDeath
187,#UQPU0YY8,Dino,0xff1ba5f5,28000069,54452,188,ZivR CreW
188,#9QVRC90CP,elsi,0xffff8afb,28000082,54442,189,НИЖНИЙ НОВГОРОД
189,#2LVCU98VQ,dsa,0xffffce89,28000132,54441,190,KD TEAM
190,#9VLJP2JUV,𓅓|Cruella␈💋,0xff1ba5f5,28000112,54408,191,Free Win
191,#PRQGPYLL2,N0lik_T0p4ik,0xff1ba5f5,28000301,54362,192,<c0>★DARK★</c>
192,#P8V0J2Q20,Top1ess,0xffffffff,28000175,54306,193,Królewicze
193,#2GYR8J,Evilpampers,0xffcb5aff,28000305,54265,194,ninjas seven
194,#YYGUL0GJG,BS|Leonツ™,0xffffffff,28000076,54256,195,ORDER OF STONE
195,#PYPYCULPQ,Bruhchain,0xffcb5aff,28000247,54248,196,House Targaryen
196,#98J28RY9U,VP | madekich🍃,0xffff8afb,28000023,54232,197,Scarlet Agony
197,#LJQ2LCC8,цукат,0xffa8e132,28000029,54212,198,Зелибобка
198,#8PV892CV0,B£ZDUSHNII₂₂₄🥀,0xffffffff,28000273,54167,199,Imba House
199,#RVLCVR2Q,Aki 🍁,0xffcb5aff,28000220,54164,200,Planet
