,tag,name,nameColor,icon,trophies,rank,club
0,#UVQ9UJ9P,GoP|cyckis,0xfff9c908,28000090,59252,1,OG Poland ™
1,#9J2V22GGU,KDJ,0xffcb5aff,28000020,53225,2,성인 3040_ep.2
2,#8GJC90UJ0,kartalizma,0xffa2e3fe,28000253,51543,3,🦅Unforgiven🦅
3,#20PVJRPR8,bor,0xffcb5aff,28000332,50779,4,Damagerrij
4,#92G09PUYU,Cosmic Wolf,0xfff9c908,28000112,49510,5,§håÐðw χ
5,#C9Q82J8P,Adamj,0xffff8afb,28000306,48304,6,оупи челики
6,#9P9RGVRU0,'愛|matte🐔,0xffff8afb,28000081,48054,7,las Paras
7,#9YQ0CCG2Q,XD,0xffcb5aff,28000291,47052,8,Waterme1on
8,#Y0RPPPGU,✨zxc | Ghoul✨,0xff4ddba2,28000248,46795,9,Олды тут
9,#9QPRQGGLU,/Mafia schaf 🐑,0xffcb5aff,28000335,46697,10,
10,#2PGGY9VJG,😼MiMoSkiLLs🙀,0xffcb5aff,28000207,46122,11,Salmon mon mon
11,#Y0PVRY99G,🌈ᴍᴇʟᴋᴀʏᴀᴀ🌿,0xffffffff,28000038,46018,12,1-й ламповый
12,#Q290R2QY,Cookie,0xffff9727,28000305,45538,13,guerreros z
13,#9G8VJGUJ,🐼𝑷𝒂𝒏𝒅𝒂🐼,0xffa8e132,28000055,45387,14,Qwantum|VR
14,#P0LPJVCC8,noob 3000,0xffff9727,28000116,45343,15,German|Elite🕊️
15,#20RCLP282,Xyston,0xffff8afb,28000225,45209,16,Alpha Apex
16,#YYYJ28Y9G,Grochowka,0xffffce89,28000181,45208,17,GROCHOWKI
17,#UVV8PQ0J,Dant,0xffffffff,28000156,44915,18,
18,#PRJ9JLGLY,Вован,0xffa8e132,28000101,44833,19,Qwantum|VR
19,#2JPJC8C,手汗臭いね,0xff1ba5f5,28000281,44342,20,Ry＝family🇯🇵
20,#9YJVRQ8RY,Chilled my God©,0xffff8afb,28000349,44334,21,phoenix angels
21,#98JL2GPQ9,[ВП]hedgeʰᵒᵍ🦔,0xffff9727,28000175,44252,22,DELETED
22,#PV8QVGGPR,CMQ/⛩Kuashu🥀,0xfff9c908,28000348,44000,23,The CMQ/TEAM
23,#82RCVCGP,Charry13,0xfff05637,28000124,43822,24,Corvo
24,#2GVPC080U,tryanotherpls,0xff1ba5f5,28000225,43236,25,Ankerwoutjes
25,#V889U2VP,우준아빠,0xff1ba5f5,28000292,43192,26,가나다
26,#99LQ0JG8,허찌,0xffffce89,28000332,43017,27,미리리
27,#9JVP2UC8V,Leon,0xffa2e3fe,28000135,42999,28,узники Норди 😈
28,#2PG0QP89Y,FleX MashIna,0xfff9c908,28000200,42987,29,
29,#9VLYPGQYY,🥀ʀᴏᴅɪʟʟᴏ|ᵍᵒᵈ🖤,0xffcb5aff,28000041,42597,30,WENCESLAO pros
30,#8RC9GCGCL,super vlad YT,0xfff9c908,28000164,42287,31,ПЕЛЬМЕШКИ
31,#LC99G28QL,世界最強 anson,0xffff9727,28000341,42160,32,noob kids٩(ᐛ)و
32,#2C9CLJL0C,任Cris和🐣💛,0xffcb5aff,28000335,42144,33,club3443ñññ
33,#LU9JQCG82,GC |Matix,0xffcb5aff,28000299,41998,34,Union Française
34,#CV2Q2RL8,우노주무최현강,0xffffce89,28000210,41779,35,주주클럽
35,#8Q0LCGJ9V,𝑅𝐨𝐲🫂,0xffffffff,28000225,41668,36,💙UNTITLED💙
36,#GLPRCGGV,spinogamer,0xff4ddba2,28000087,41378,37,Totodu69 family
37,#82CG08VG2,TTM|COLE♧,0xffa2e3fe,28000140,41196,38,Elite Squad
38,#PY0Y2Q2Y9,SᴄʀᴇᴀM🌠,0xffffffff,28000135,41182,39,🎭FRENZY|TEAM🥀
39,#YYV20GJ0Q,ormey,0xffffffff,28000122,40895,40,The Red Carpet
40,#YJ99R2VQY,{Red} /Flov 🥀,0xfff9c908,28000132,40864,41,Marucraft YT
41,#V890PQ9Y,ROBBE,0xffcb5aff,28000276,40795,42,CMG Swiss
42,#UR8UVLL0,Weeeee.com,0xff1ba5f5,28000332,40782,43,Approve Maps 2!
43,#2GY8LY8RU,MMA Queen,0xffff9727,28000018,40730,44,
44,#22LC22GR2,bigboss,0xffa2e3fe,28000141,40484,45,🌀INFINITY🌀
45,#208YJPQYR,prostislavv,0xff1ba5f5,28000132,40352,46,⛩️BC/Family⛩️
46,#2RVV8VUP9,[БЛЕТ]Demon,0xfff9c908,28000036,40291,47,
47,#2CQ289C99,𝐴𝑐𝑒𝑜 ❄️,0xff1ba5f5,28000175,40010,48,bookake 42O
48,#Y00LL8R29,Blackpink,0xffa8e132,28000174,39920,49,Megahucha
49,#9RRG8Q2L2,esfddj sfy,0xffffffff,28000255,39884,50,Insomnia
50,#PQQ0LCGLY,банана_юзер_tv,0xfff9c908,28000175,39879,51,
51,#L2GGUVVC,ªEG|Pøps🥀,0xffcb5aff,28000262,39877,52,
52,#2UVVJYJRY,Tribe|Amurchik™,0xffa8e132,28000016,39379,53,Гусі Микити 123
53,#29CUVLRYP,NaVi |Remza,0xffffffff,28000081,39196,54,clip2math
54,#80P2VVJL8,LookAtThisDude,0xffa2e3fe,28000017,38862,55,
55,#2LYL0L8V9,⛩️Lzm64🎋,0xfff05637,28000303,38736,56,
56,#9YJ8VY9JQ,Kreš0 pro 4,0xffa8e132,28000073,38497,57,Brod
57,#9V8PQ0YP,★Andrzej★,0xfff9c908,28000331,38436,58,Idioci Z Wrocka
58,#98YR9L99Y,NAVI|VLADOSIK😎,0xfff05637,28000083,38419,59,megaświnka
59,#Q98QLJCU,123._.Sonya,0xffffffff,28000058,38339,60,
60,#2GPJ9Y2VV,ghato135,0xffff9727,28000077,38260,61,IndoorKingdom
61,#8LG9YGQ0G,cLimbatize,0xff1ba5f5,28000004,37828,62,No Cap 🚫🧢
62,#9LRQCV9LY,килл,0xffa8e132,28000101,37814,63,Qwantum|VR
63,#PJY2CYQL,☔️[BTD]☔️[40k☔️,0xffff9727,28000295,37802,64,béatitude2.0
64,#L9LR8PJRV,PARADISE,0xffff8afb,28000059,37502,65,Veta|⛩️
65,#8YQJJGGRL,маленький топик,0xffffffff,28000021,37327,66,Pablo
66,#9PPR2LJ80,🌟STAR🌟been,0xff1ba5f5,28000139,37243,67,CHUU
67,#PC80V2ULJ,🦈|ПОН|🦈,0xffa8e132,28000332,37023,68,УКРАИНА🇺🇦
68,#PYPY9YPLP,Tomar53,0xfff05637,28000249,36966,69,Osmanlı
69,#QGQRQ9R2,hugo,0xfff9c908,28000282,36866,70,SLN|YT
70,#9PJPVRQGL,⚔Joͥkeͣrͫᴳᵒᵈ🌪,0xffcb5aff,28000341,36811,71,Spiked Red
71,#PV9YJVUL,[AB]wester,0xffcb5aff,28000235,36730,72,skullboys
72,#909C2RJGP,crouton aïssa,0xfff05637,28000297,36629,73,lovkaclub
73,#99R9RGG9J,marcus13,0xffcb5aff,28000207,36608,74,TEAM|HARCORD
74,#YQQYJLRU,크파,0xfff9c908,28000233,36518,75,삼둥
75,#88PJ9QV8V,100年後に消えるマタタ（笑）,0xffcb5aff,28000283,36511,76,クラブリーグのために作ったクラ
76,#8YLCRLGQ0,슈퍼원숭이사나이,0xffa2e3fe,28000272,36397,77,응아니야
77,#2R0U2CJGY,Kirillick,0xffa2e3fe,28000271,36316,78,Fan Team
78,#20JJQV9VU,Ржавый,0xffa2e3fe,28000291,36316,79,ɴɪɢʜᴛsᴘᴀᴄᴇ✨
79,#8VVVYQCP,☔『ɀ乂oͥgͣuͫภ』ツ,0xffff8afb,28000221,36266,80,
80,#9CQ2VL8YP,😈🤑Bendy🤑😈,0xffcb5aff,28000033,35919,81,STAR POINT
81,#9LL2YUGJP,CROWNEPE,0xffff9727,28000272,35837,82,Cruz Roja TM❌
82,#89QYP2C28,MaShNeRkA,0xffff8afb,28000168,35716,83,
83,#9P2RQ02Y,mom left me,0xff1ba5f5,28000305,35677,84,SO Bulldozers
84,#9JLUR90YC,LEON,0xff4ddba2,28000254,35649,85,🍷WineMakers🍇
85,#P22L98Q0P,Skͥerͣrͫ☢x😇,0xffff9727,28000061,35606,86,<c5> NEROZ </c>
86,#P8QGJQPJ2,時間與和平,0xffa8e132,28000341,35597,87,MADNESS
87,#P0C2LGRQ9,DL |Bot22™是🥀,0xfff05637,28000347,35590,88,GlasscheibenGER
88,#90Y8JJPY,Кайф,0xff4ddba2,28000294,35405,89,
89,#8LQJ9JJJG,Nikk1.w$w,0xffffffff,28000290,35402,90,kitchen lords
90,#VUPCV8R2,崖っぷちのポニョα,0xffffce89,28000077,35174,91,Legend of 三重
91,#92L0U9R9V,lol4ik (:,0xffffffff,28000347,35141,92,ПЕЛЬМЕШКИ
92,#8GYJRULPR,AI10,0xffcb5aff,28000289,35078,93,박스 좋아하는 분(종이박스)
93,#2U88P0C2R,모자없는모티스,0xfff05637,28000143,35023,94,
94,#89CL2QYJR,Vep ☻︎,0xfff05637,28000341,35011,95,𝕽𝕒𝖓𝕕𝖔𝕞𝖘
95,#2VQJG2CQG,ƶӂȼЌℓ๏я€$ąɲ,0xffffffff,28000253,35007,96,
96,#8CGJ00GCR,ran,0xffa8e132,28000271,34986,97,YS
97,#9CQ9PRYCR,xcookie,0xfff9c908,28000145,34786,98,⚡️Lightning⚡️
98,#2VUCYQ828,(SP) SPIKE,0xff1ba5f5,28000352,34775,99,Papież 2137
99,#80YYLGYGU,TOMMER 753,0xfff05637,28000135,34705,100,star®️🌟progres
100,#20LGYR89L,Ɽ₳฿|ⱫӾ₵₭ⱠØⱤɆ₴₳₦,0xfff9c908,28000341,34650,101,zxckloresan
101,#8QC2LYV29,MyS|Alek$ei,0xff1ba5f5,28000352,34496,102,ZABAVNYE♡
102,#LUYU2CLVL,Stefi,0xffffffff,28000001,34460,103,Agapesmou
103,#URYQYJV0,▪️JORDAN▪️,0xff1ba5f5,28000139,34457,104,winter❄❄❄
104,#2VPGYJR8Q,gt,0xffa2e3fe,28000164,34312,105,축구클럽 ㅋㅋ
105,#8UJL8LLPL,NEXTAZ,0xfff05637,28000023,34305,106,
106,#VQUL828,AI,0xffff9727,28000305,34207,107,✨Mini Stars✨
107,#8Q2LCU0VV,YT | NaVi DENIS,0xffa2e3fe,28000262,34122,108,MK | Team💞
108,#9QY22YUC8,sokerone😴,0xfff9c908,28000228,34109,109,
109,#JR99YYJ8,Leon,0xff4ddba2,28000037,34069,110,ХАСАНИМ
110,#QQQY02U2,neutron,0xffff8afb,28000132,34023,111,Hallo
111,#YQ2JCG2LC,Jiji,0xffa8e132,28000352,34017,112,zero战队
112,#UU2LUP28,⚔️Женя⚔️,0xfff05637,28000293,34009,113,OG Players
113,#2PV9VG88Y,『〔DRAGON〕』,0xffcb5aff,28000135,33994,114,《♤Mafia♤》
114,#9PRRPQPRJ,nv|ғᴏʀᴇᴡᴇʀ☆ₗₒᵥₑ,0xff1ba5f5,28000023,33853,115,de killers
115,#8JUPY88P0,✨🗡️ᴇᴠᴇɴᴄɪᴛʏʏʏ♡,0xffff8afb,28000273,33831,116,OKTAEDER
116,#8ULL2PPYY,🥵|HUGODEIK🐣💛,0xffffffff,28000203,33806,117,Spishus
117,#Y2YV8QL8P,PG |Jakub. CZ,0xffcb5aff,28000335,33747,118,Shadow team
118,#Y2VY9V0LV,Art|Mortis,0xffff8afb,28000256,33723,119,Polish Energy
119,#90Q00L9UY,Ayar. Raoul,0xffcb5aff,28000160,33712,120,bau bau
120,#9V0PLLRGR,TT | Spaechkaa,0xff4ddba2,28000037,33676,121,Niki Fan TV
121,#9U2920QV8,Леон,0xffcb5aff,28000155,33608,122,World Team😔
122,#GYRUQQVC,⛩️HypeTimo⛩️,0xffa2e3fe,28000167,33569,123,LIL MEDZZO
123,#280QCPPPV,LemonART[UA],0xfff9c908,28000007,33554,124,Лимонка🍋
124,#8Y2QRUQUR,PX|n1mfyy🤬❤‍🔥,0xffcb5aff,28000228,33474,125,PlayXard|TM
125,#YPRCRPQLY,NinaSkills123,0xfff9c908,28000242,33398,126,WWW
126,#LRYQCRP0,mikka,0xff1ba5f5,28000171,33257,127,Ostdeutschland
127,#288UJJU00,⸸ScreenShot99⸸,0xffcb5aff,28000352,33205,128,ECLIPSE_Brawl
128,#PQVLYY2L0,Дэррил,0xfff9c908,28000132,33159,129,Ukr|Team🇺🇦
129,#PC09P0GRV,MᴀʀMᴇʟᴀᴅ♡︎,0xfff9c908,28000348,33123,130,Dark Ghost
130,#Q088PJ8J,ardaBff,0xfff9c908,28000132,33109,131,TRX|EsportS🦇
131,#8R9QUGV9C,speedRUNNER,0xfff9c908,28000347,33103,132,Doofus Clubbus
132,#Y9U8UY2CC,DK|SYAZ😴,0xff1ba5f5,28000139,33047,133,
133,#9RRLG2PV8,zloy cloyn,0xff1ba5f5,28000294,33027,134,VINDICTADM😈
134,#29R0YCCCC,creepss403,0xfff9c908,28000176,33004,135,SMC Club
135,#RRC2JPL8,H🇵🇱ME,0xffffffff,28000348,32906,136,
136,#VCQQJYP9,7777,0xffffffff,28000017,32903,137,ateş🔥
137,#2YJ89JCR0,Brawl (Dragon),0xffcb5aff,28000104,32823,138,Gep Rep Kingdom
138,#QJQ9YL02P,RİGBY,0xffffffff,28000182,32649,139,BlackSoviets
139,#P90C009JG,corbac du 92,0xfff9c908,28000259,32647,140,🇨🇵 français
140,#8L88R8UJP,GoP|PioCarry🍀,0xfff9c908,28000249,32639,141,OG Poland ™
141,#YLCVUUVJL,MAD| Tw1ks,0xffffffff,28000183,32634,142,Somelovely💞
142,#PG9UYCVCL,idil yıldız 😜,0xfff05637,28000055,32542,143,DZWL 🎮
143,#LLJJ28P9C,shusharina,0xffffffff,28000095,32526,144,
144,#8GJ299RQ8,JesúsXD,0xffcb5aff,28000348,32421,145,ABR moment
145,#20VCLL2V0,FAUTAZAR,0xfff05637,28000151,32420,146,кибер танк
146,#Y8R90RPU2,Ролтон,0xffa2e3fe,28000174,32381,147,对面4000+
147,#89VPGCPL0,la gormez☔️,0xffffce89,28000041,32356,148,
148,#8820QRUUG,태경,0xffffffff,28000170,32321,149,호박티비
149,#PPY9C9YGC,Mango,0xff4ddba2,28000116,32308,150,2학년3반밀성중오삼
150,#2L0RQVYRQ,teca,0xffff8afb,28000116,32247,151,Brod
151,#8PJ8GYJR,🇹🇷🌪|ÇaycıABİ,0xfff05637,28000315,32184,152,
152,#JCLRC80J,[БЛЕТ] Croywing,0xffff9727,28000061,32167,153,Ekipa Prosów:)
153,#8VY9PJYQL,T7,0xffff8afb,28000176,32131,154,BUZ~YK- ESPORTS
154,#89G28VP8L,krov,0xffcb5aff,28000274,32113,155,BS Doshik
155,#9JR889UC0,kuşçu,0xffffffff,28000053,32042,156,İrfan Stars
156,#PRQ8YP9RU,RT|PAPIK,0xfff05637,28000226,32028,157,
157,#828PYL9C0,$ MARIN $,0xffcb5aff,28000280,32017,158,Značka
158,#8G9RVYQUG,⭐Brooklyn ⭐,0xffcb5aff,28000294,31987,159,
159,#YPVJLJRC9,NİQO 🇹🇷,0xffffffff,28000004,31928,160,TEAM OF IMORTAL
160,#P9QPR8LUP,🇦🇲PAPA DOMA🦁,0xff1ba5f5,28000162,31872,161,ZXC|TEAM
161,#8YG08J2RP,yiğit pro,0xffffffff,28000023,31848,162,SPA|KULÜP
162,#88JCL88CR,CG | CuBe,0xffff8afb,28000014,31846,163,ботинки 2021 го
163,#9R8C28QRG,⭐️고수|지민⭐️,0xffcb5aff,28000271,31833,164,말랑프라우트
164,#P09Q89LPJ,bas de gamer,0xff1ba5f5,28000179,31823,165,Dutch Planet
165,#PLQGLLUQP,ГРОМ АКУЛЫ,0xffa2e3fe,28000184,31822,166,Кулаки ярости
166,#P2920PJLP,X |ᵍᵒᵒᵈNexo☔,0xff4ddba2,28000104,31782,167,tajni agenci
167,#20GYQPQ0J,『悪の子』Waruiᴮᵒᶤツ,0xffffffff,28000175,31764,168,FarmingPotatoes
168,#VCR28YJL,동당댕,0xfff05637,28000345,31681,169,브롤고수들
169,#Y0JVRYJYV,⚠︎𝙃𝙤𝙣𝙯𝙖ᶜᶻシ,0xff4ddba2,28000225,31680,170,Jája a Jonáš
170,#29JR0CU22,faygar,0xfff9c908,28000164,31660,171,Pro_Brawlers
171,#Y8YCP9J82,pro adam,0xffa2e3fe,28000132,31650,172,RAVENTS🇹🇷
172,#2RLPV8VYU,𝗘𝗟-𝗧𝗢𝗥𝗢,0xffff9727,28000341,31628,173,DC|el toro&Co
173,#90GJULG8G,KidsJackson,0xffffffff,28000249,31532,174,😇good|angry😈
174,#8PPR00G0J,Max habe ich,0xfff9c908,28000220,31525,175,BG CLAN
175,#YU0Y9JJUL,ALE EL KILLER,0xffcb5aff,28000295,31338,176,Mil Palmeras🌴⛱
176,#2R9LUUYLV,chelsea boy,0xff1ba5f5,28000168,31320,177,катък bg.
177,#9VCYGR8,Crystal|NB,0xffa2e3fe,28000347,31316,178,1 GB RAM
178,#L2UUPP28Q,Zenón,0xffff9727,28000310,31314,179,StInG
179,#8UJURPVCG,King of pro,0xfff9c908,28000103,31292,180,hak103
180,#P9LRP82G,Du Lauch,0xfff9c908,28000073,31268,181,BANANE11
181,#PLLVR2282,1 бот,0xffcb5aff,28000207,31228,182,Brawl Island🏝
182,#8PRGJ99VP,bobby nours,0xfff9c908,28000341,31212,183,Les Papys
183,#899UQ82CY,Tick Mine,0xff4ddba2,28000248,31202,184,Motivation
184,#2JRGJ9V0G,Артём queitov,0xfff05637,28000000,31191,185,OksSity
185,#9QV8PCGP0,Mlos17,0xff4ddba2,28000017,31177,186,IM A VIRGIIL
186,#89PGGV9QC,Читер777,0xffcb5aff,28000335,31165,187,Возвращение
187,#UVVVC9LG,savagealready12,0xffa2e3fe,28000112,31148,188,Fat Amish Men
188,#8890C9C00,Trickshot🖤B2M,0xffffffff,28000139,31130,189,UwU_Bs
189,#Y90QUGLYY,ас,0xffcb5aff,28000332,31114,190,Fresh Poland
190,#9QG982JLU,Scraggyシ︎,0xffff9727,28000023,31102,191,POTSDAM 🔛🔝
191,#PLPC29P8Y,супер флеш,0xffcb5aff,28000224,31092,192,GALAXY
192,#PCVCYGGG2,De baas lol,0xfff05637,28000288,31090,193,bot club
193,#QPPRV2C,Stary2T,0xfff05637,28000033,31089,194,
194,#80PGGV08U,moumou cia,0xffcb5aff,28000129,31043,195,TheBrousseJr
195,#2CYPQGYVR,ㅋㅋ로,0xff1ba5f5,28000352,31027,196,CHUU
196,#9GLLQRYRJ,Боярышник,0xffcb5aff,28000341,31022,197,Poland Team🇵🇱
197,#20V2GPQ8V,er caja,0xffcb5aff,28000170,30952,198,los pives😎😎😎
198,#P9LGY009,K|🇵🇱PatryQ🎮|,0xffffffff,28000139,30921,199,team_psy
199,#8QVPJUGLV,양승원,0xffa8e132,28000345,30909,200,쭈꾸미삼겹살
