,tag,name,nameColor,icon,trophies,rank,club
0,#2P88RVPR,RG ~ SKY,0xff4ddba2,28000254,70773,1,<c0>IMPACT</c>
1,#QJQGQ92P,몽글이,0xffcb5aff,28000196,62166,2,감귤공화국
2,#P2Y9VJJ00,버니🐰사랑 오션💞,0xff1ba5f5,28000275,60202,3,mango Korea
3,#2V99UR9CL,mafu,0xffffffff,28000000,58379,4,やるきなし
4,#P0GC0V8RR,찬이킬러,0xfff9c908,28000159,56748,5,Legend Corps
5,#20JULQL2,Tara-bull,0xffcb5aff,28000170,55614,6,Beyond Roses
6,#8GVCRYCV,황교안,0xffcb5aff,28000352,55007,7,☆KOREA☆
7,#890JGPQ0G,KeyBuddy,0xffa2e3fe,28000177,54696,8,CF TM
8,#8UV00QL8V,puli_ot_babuli,0xffff8afb,28000301,54122,9,Walther Smooth
9,#88CGVLYYC,✨babypig|아기돼지✨,0xffa2e3fe,28000167,53995,10,The champion🏆
10,#YCLJRYUQ,SR|Shu🍭,0xffffffff,28000139,53905,11,
11,#G8GP822L,전남광주진리녀미쓰권블리💣,0xffcb5aff,28000139,53757,12,조사병단
12,#2YJLJ9LG2,BS|☔LePtOn💔,0xffffffff,28000335,53573,13,Regions Team
13,#8LQJGRC88,taeka❤️ahyeon,0xffff8afb,28000331,52998,14,
14,#9GCP9Y2PL,hatemortis,0xffa8e132,28000014,52018,15,🦠🦠🦠
15,#P8YVQYYC2,natalk,0xffff8afb,28000188,51969,16,Великие Апперы
16,#V82VUURV,고마 쉐리 막 뜯어부까,0xfff9c908,28000297,51646,17,프로미스나인
17,#82PRRL0VU,Taffy✨ᵗᵒˣⁱᶜ,0xffffce89,28000263,51479,18,<c9>SPARTA</c>
18,#80JP9QL9V,브롤스타즈,0xffa2e3fe,28000128,51221,19,NOVA | 잡채
19,#2UVQV9CY9,symon❤️‍🔥force,0xffcb5aff,28000014,51197,20,Vikings II
20,#UPGVYPJ9,토막난연필반,0xfff9c908,28000348,50853,21,계란찜
21,#P0VQ2UJYG,⛩️|Shadow🖤,0xffffffff,28000183,50814,22,LoveBea🤍
22,#8PUYCLJ09,']['op_€•>☠️,0xfff05637,28000308,50721,23,<c5>REIGN</c>
23,#8C0JV90L,MoRgHiStOrY⚽,0xffcb5aff,28000129,50702,24,🖤Black Moon🖤
24,#YYVLV9CCY,🔥Chrono_크로노🔥,0xfff9775d,28000352,50534,25,LUNA_MOON🔥
25,#9J09908UG,개구쟁이 유준,0xffa8e132,28000053,50324,26,브롤매니아 모여라
26,#9GUQGVJLU,Hacker2.0,0xff4ddba2,28000335,50314,27,
27,#2PYLJGYYC,모티스고수,0xfff9c908,28000014,50255,28,24군단
28,#8GP0GPQYR,[Блет]gg1,0xffcb5aff,28000280,49908,29,
29,#GVP0V8Q8,러브은성,0xffcb5aff,28000333,49541,30,신비아파트
30,#2CQCG9C28,LZ | łēőŋ💫,0xff1ba5f5,28000139,49412,31,Legend _ ZETA
31,#90QL8L9LL,蒙ᴼᴾEnginᴴᴬᵀᴱᵧₒᵤ,0xfff9c908,28000221,48895,32,
32,#82QUR9L0U,OWEE|FROST,0xffffffff,28000020,48624,33,GANG 726
33,#8GPLPQYV2,써니,0xfff9c908,28000332,48351,34,마카롱
34,#8CL9VUV00,핸드폰을 던졌더니 들어간,0xffff9727,28000272,48229,35,삐학삐학
35,#P2PV0CLCQ,브롤 민,0xff1ba5f5,28000043,48212,36,Lupo
36,#2CYVQJG8L,j_ws♥,0xffff8afb,28000284,48168,37,
37,#8VCG890R0,HeiGui,0xffff8afb,28000262,47983,38,LightWork
38,#2LCLC9YLQ,S2young✨,0xfff05637,28000247,47579,39,🌞happy sun🌞
39,#2CPJCRGR0,❦︎𝓭𝖊𝓋𝖎𝓵❦︎,0xff1ba5f5,28000283,47457,40,🇰🇷대한민국/korea
40,#CP0P8PVU,해피딱깔쭌이❣,0xff1ba5f5,28000300,47441,41,𝙰𝚒𝚣𝚒𝚜🔍
41,#28Y0QVUY,문규범,0xffffffff,28000294,47315,42,설중1학년
42,#2CJJ0V2P0,RP|Clovis💀,0xff1ba5f5,28000219,47267,43,Disruption
43,#20JYRG9JR,브롤스타즈,0xffffffff,28000174,46898,44,
44,#8VG8CURJY,새하늘,0xff1ba5f5,28000061,46877,45,새하늘새땅
45,#LCPLQYJR,분수꼬쟁이 용용^^,0xff1ba5f5,28000333,46625,46,잠자는 침대
46,#89GGLPJC0,🌴🌵베헤못🌷🦛🪴🌹,0xff1ba5f5,28000170,46525,47,아리랑치기
47,#U998LJRJ,[MXX]Илюха,0xfff05637,28000332,46516,48,MEXAXツ
48,#9UUYJJ20U,...,0xffff8afb,28000170,46424,49,브롤천국
49,#Q22ULRG8,상우,0xffa2e3fe,28000233,46396,50,Legend Corps
50,#9U8P0R80J,전설,0xff1ba5f5,28000147,46312,51,마스터리 찍는곳
51,#PY998GQL,Psycho Mortis,0xffff8afb,28000042,46297,52,Korea Club
52,#909GYL0CU,Championㅣ준이,0xffcb5aff,28000014,46036,53,Acrosted💠
53,#2QYGCGCG2,Arslan,0xff1ba5f5,28000168,45832,54,어른놀이터
54,#PR902JVCJ,LUNA🌙,0xffa2e3fe,28000341,45828,55,곰새마리 2기
55,#828QPGQRV,1등은 나!!,0xffa2e3fe,28000161,45824,56,🏆PRO|WINER🏆
56,#QVQR9Q2U,DR|Ratcker,0xffcb5aff,28000336,45653,57,STB-TEAM
57,#P9G0UQYL,김선율 3크라운 뜽리,0xffa2e3fe,28000295,45620,58,
58,#299802JUL,쨔니니니,0xffff8afb,28000305,45588,59,FINAL
59,#9YYJCRGP0,나쁜악동,0xffa2e3fe,28000340,45588,60,클랜전 | Korea
60,#80GR98YUV,Harryシ,0xffa2e3fe,28000188,45528,61,⭐STAR⭐
61,#8GULR0LCP,못하면 나대지마,0xffa8e132,28000341,45310,62,step by step
62,#99LYVQQQC,KOREA클원모집중,0xffff9727,28000064,45011,63,KOREA
63,#98P8Q9899,1002,0xff1ba5f5,28000020,44887,64,재영사랑
64,#2YVLRVYY2,성군♠️다온하람,0xffff8afb,28000255,44790,65,한국클럽
65,#82GJP00RQ,해피야 사랑해 💕,0xffff9727,28000284,44775,66,
66,#20GV8V8CV,아니 나도 잡혔어🥐,0xffcb5aff,28000096,44737,67,선재교
67,#2J8JY9VLP,Maks,0xffff9727,28000347,44736,68,
68,#8PUJC8P2R,프로스타즈,0xffa2e3fe,28000256,44686,69,이카루스
69,#C2CQU80U,휴지통,0xffffffff,28000302,44686,70,🌞happy sun🌞
70,#9QPP9LVJY,M4RKTHESH4RKJR,0xfff05637,28000175,44643,71,SD GAMING
71,#2JU9UVRQV,IL | Jazë🎧,0xffffffff,28000259,44562,72,벌레 저격할게
72,#2QUPLL90Q,🧢낭만방망이ᴺᵒᵃʳ⚾️,0xfff05637,28000041,44530,73,NX엔엑스
73,#2QVGQUJJG,다크요마,0xffff8afb,28000267,44465,74,
74,#228PV9PGR,비라마,0xffffce89,28000291,44300,75,Underdog-Crew
75,#9C9RR9YL0,엄마,0xffffffff,28000330,44279,76,galaxy club
76,#9VVJ9QGP9,리언,0xffcb5aff,28000241,44252,77,Watch This
77,#9J8U8VQ98,가디언즈,0xffa2e3fe,28000314,44126,78,good타임
78,#2V9V992PV,애월,0xffffce89,28000107,44045,79,No more dreams
79,#P2QG0Q89J,건다리,0xffff8afb,28000032,43854,80,트롤러 제국 II
80,#PJCJRLGR9,은혁,0xfff9c908,28000063,43811,81,은혁
81,#9CQQRVL8R,Adrenaline24,0xffcb5aff,28000048,43722,82,랭커꿈나무
82,#8RCYQULVC,MTz࿓ルキ,0xff4ddba2,28000138,43672,83,握力3360㌧のフランケン一族
83,#802QLCQ0P,원샷,0xffff9727,28000305,43344,84,조아따
84,#8RPU9CQJP,트롤(kong),0xffa2e3fe,28000330,43314,85,급식초등학교
85,#29CJ28PG,決鬥大師捂疼油吸,0xffff9727,28000262,43308,86,U.T.Dynasty
86,#8G89C20RG,SLV l Fenrir,0xffff9727,28000132,43274,87,블루 빨강_1
87,#2RCGUQ29U,ᵍᵒᵈ𝐕𝐥𝐚𝐝🎭🧸,0xffffffff,28000000,43260,88,Romania
88,#20R2YJ92C,돼지T,0xff1ba5f5,28000305,43132,89,
89,#8LLYPYVQU,주리,0xff4ddba2,28000303,43097,90,🔥BLPA CITY🔥
90,#880U02LP2,Humor 🍃,0xffa2e3fe,28000130,43069,91,canadian MP
91,#9PUQJG2VJ,Изумруд,0xffa8e132,28000129,43003,92,Full Zero
92,#800JYCQUL,오겹살,0xffffffff,28000156,42921,93,꼼지락
93,#P8UJYPVR,KoDaRi,0xfff05637,28000102,42915,94,👒 Straw Hats
94,#880PG2G98,이안이엄마8i,0xffa2e3fe,28000303,42901,95,Ian
95,#2UC9RL9RJ,SK | Ari,0xffffffff,28000163,42878,96,Yoshi Fans
96,#9VL08VCR,You Tube 32대일,0xff1ba5f5,28000050,42828,97,양파피디#2기
97,#9UGVR0U,뿌따,0xfff9c908,28000208,42682,98,Sh£'s_ `뉸누난나`
98,#RR0PQLG8,Стрелок,0xffa2e3fe,28000156,42652,99,Nice Bit Club
99,#8YUV29JPR,PRO,0xffa2e3fe,28000087,42575,100,THE KINGS
100,#99JV0CPU0,배그총신지,0xffa2e3fe,28000271,42442,101,동무
101,#8GY8JP9P2,7sx9mn🌗,0xfff05637,28000273,42416,102,최고의 게임 브롤스타즈
102,#2VUPP2Y9J,고래밥,0xff1ba5f5,28000255,42402,103,KOREA
103,#8VRQQ0URJ,KLTㅣ왕자👑,0xffff8afb,28000021,42350,104,썩은콩
104,#2GV889L8L,석양동솜주먹,0xffff8afb,28000151,42332,105,메가저금통 클럽
105,#U8J8CUJ2,Yuki ᶠᵘʰʳᵉʳ🥀 愛,0xffcb5aff,28000301,42320,106,MX|Mexico 🇲🇽
106,#PCQGQ2VCJ,은빛섬광,0xfff05637,28000185,42302,107,
107,#PLCRP99Y,지존관식,0xffffffff,28000000,42285,108,외인클럽
108,#P8QPYRU8,youtuber 태윤,0xffff9727,28000104,42273,109,키아군단
109,#PVPJGVY2G,햄즈아빠,0xffffffff,28000271,42248,110,예람이엄마미숙띠
110,#92GPGJ2JQ,☣SanSes☣,0xffffffff,28000293,42208,111,MUSIC LOVERS
111,#8822PUQU9,[C]💫glass💫,0xffffce89,28000227,42153,112,축구
112,#2C0QYLCLR,재영이^^,0xffffce89,28000184,42090,113,VIPig🐷
113,#8UJCVVPUG,브롤러,0xff4ddba2,28000141,42050,114,브롤장인
114,#98G9LLJ0C,「C」크로와상,0xffff9727,28000333,42045,115,제이씨얼
115,#JJ0ULVR2,꧁바람|💨|𝕎𝕀ℕ𝔻꧂,0xffa2e3fe,28000265,42033,116,✨️블루빨강✨️_『︎2』︎
116,#2L9VYVJJJ,CHK_지우개|ᴱʳᵃˢᵉʳ,0xff1ba5f5,28000220,42032,117,moom
117,#2U8VC0RCL,LampChair,0xffa2e3fe,28000308,41960,118,Rivers
118,#9YPCJPPYC,범쿠링,0xffa2e3fe,28000163,41899,119,
119,#2C0JYLCVQ,니가알던내가아냐,0xffff8afb,28000305,41815,120,VILLIAN
120,#JJ2GURU8,신탱,0xff1ba5f5,28000224,41777,121,머꼬
121,#8UPV9VC2,허브투,0xffffffff,28000164,41700,122,나주연팬클럽
122,#2QP9CQJRQ,123,0xffcb5aff,28000271,41699,123,안산갱스터
123,#2JUYJ09,꿀개,0xffa2e3fe,28000165,41674,124,Chu 💋
124,#9LRU8GQ0L,킹왕짱홍현,0xffcb5aff,28000280,41663,125,호스텔
125,#U2LV28GY,towa🐣,0xffffce89,28000000,41604,126,
126,#8LQU8UR88,✨️×͜×부바×͜×✨️,0xfff9c908,28000139,41549,127,choa#2
127,#800PG9JPV,✨Crow✨,0xffa2e3fe,28000330,41534,128,레전드
128,#QPYUC9GYJ,@REC_BS,0xffffffff,28000139,41424,129,오티스 군단
129,#89PL9JCGY,𝓛𝓾𝓷𝓪𝓛𝓾𝓪❣,0xffff8afb,28000137,41344,130,
130,#LPU2PRVGP,ZXCursed,0xff1ba5f5,28000261,41342,131,бебра
131,#2Q8V8J2JP,충맨,0xffffffff,28000081,41340,132,이름없음
132,#80QJRY2JJ,갸머리,0xfff05637,28000233,41335,133,🏆PRO|WINER🏆
133,#PLG8R0QLQ,문경라이온즈짱,0xff1ba5f5,28000073,41324,134,브레드클럽🥇
134,#8QPQC29UJ,닌자레온,0xfff05637,28000330,41254,135,Cass!
135,#9PCC2CVVP,ʕ°•✮『ʗɧασʂ』✮•°ʔ,0xffcb5aff,28000305,41237,136,
136,#PQPYRVRLP,골드팡팡,0xffcb5aff,28000019,41195,137,아산파워 베이스볼
137,#2Q8CLCV8C,휴지,0xfff9775d,28000305,41101,138,루알라
138,#U0Y9Y298,응가쫑(진우),0xffa8e132,28000341,41028,139,클럽전 잘하자
139,#2G9VVL20Y,끙루이💩,0xffa2e3fe,28000179,41014,140,W.N.B.
140,#P0YRQ2YU,Die'jin,0xffffffff,28000139,40940,141,A Few Spirits
141,#8C0ULP8YP,이시다이,0xfff05637,28000273,40879,142,벚꽃반
142,#9Y28PUGR8,빼줘라 ~,0xffcb5aff,28000277,40867,143,Tourist
143,#2QUGCUU8,대패삼겹살비빔밥,0xffa2e3fe,28000299,40846,144,AF🥀
144,#8J2GPQ9P0,후경,0xffa8e132,28000032,40800,145,
145,#YGPV2GUUU,Brawler,0xffff9727,28000205,40795,146,wwe
146,#Y82RUUVV,HPS-마드,0xffcb5aff,28000081,40769,147,POSTICK
147,#2Q0GJUU2G,도마도재배자,0xffffffff,28000305,40734,148,맵 메이커 클럽
148,#2JL8C2Q02,AI10,0xffa8e132,28000335,40674,149,브으로오오스타알즈
149,#889J2RCJ2,에라이모지리,0xffa8e132,28000320,40652,150,월묘
150,#90RUGGJLU,썬더볼트,0xffffffff,28000139,40614,151,잎새2
151,#82JJVR9UL,김효제,0xffa8e132,28000305,40604,152,🇰🇷
152,#8CUV90CRQ,땅구땅구,0xff4ddba2,28000292,40591,153,봐니와아이들
153,#2LP22PJJP,띵까띵까,0xffcb5aff,28000151,40531,154,✨NTS✨
154,#L02VLY9J,BK|Mark_YT,0xffffffff,28000196,40426,155,林北這隊的人你惹不起
155,#292JUUJGC,PLN💫|새우튀김🍤,0xffcb5aff,28000336,40391,156,♕니얼굴♕
156,#9YLVYYPU9,⠀⠀,0xffcb5aff,28000255,40353,157,YuJuN
157,#9CC8LG9JC,holdenthedoor32,0xff4ddba2,28000159,40334,158,:)SmileyGang(:
158,#QVRLPG08,Imk,0xffff9727,28000165,40311,159,무자비
159,#2URQ2CQYV,ČH~Păbłø,0xff4ddba2,28000170,40307,160,
160,#R2PPP0CU,테미,0xffcb5aff,28000125,40268,161,발사
161,#PQ9822VY2,Рико,0xffa2e3fe,28000330,40251,162,Pro Colts
162,#2PRGQC98Y,쪼코바나나,0xffff9727,28000164,40249,163,
163,#YJQYGCQ8R,레오,0xffff8afb,28000132,40244,164,적이되길원하는가
164,#2UY9JC0CJ,_RICO_,0xffa2e3fe,28000000,40230,165,DOH
165,#P982G228J,Draer,0xffa2e3fe,28000336,40188,166,wazzzaaa
166,#9VQQGQ8JC,6a6Ka_B_KeDax,0xffcb5aff,28000094,40132,167,Винная Штопора
167,#898RRVG80,AQ|Gmario 3D,0xfff05637,28000044,40105,168,Reply Totem III
168,#8JRY089CJ,이정빈,0xfff9c908,28000020,40077,169,
169,#20JYGJC0P,멍멍이|ŁİĐ,0xffcb5aff,28000002,40061,170,밥머
170,#L9QJ88UPU,Z1 | Gastly,0xffff8afb,28000279,40040,171,Fire Tuga
171,#P8VP80G29,!!!!!,0xffffffff,28000295,40022,172,不不不不不不
172,#JGRGVLV2,T-ming,0xfff05637,28000326,39991,173,SCi eSports
173,#2V8RC8LG2,PVX|Spicy Alex,0xffa8e132,28000016,39984,174,
174,#YCGU00Y9V,TiVe|HiMan ♡,0xffcb5aff,28000332,39964,175,We'll be back?
175,#UU9J9VCV,태이러,0xff1ba5f5,28000290,39907,176,les legendaire
176,#8PYU9JUUJ,bbok,0xfff9c908,28000352,39876,177,
177,#28Q2RUG2G,AI 7,0xffff8afb,28000228,39847,178,SODA
178,#2QRY82CCG,GØD_PANDA,0xfff9c908,28000156,39836,179,<c3><편지></c>
179,#9CJVL8Y0G,안주루삥뽕,0xffff8afb,28000273,39822,180,Kossie
180,#L0JGUJR0,lovol,0xffffffff,28000079,39782,181,Пусюшички
181,#C8ULPVLR,Tyche's Crown👑,0xffff8afb,28000221,39710,182,amorium
182,#CGQC8JCQ,이서형,0xff1ba5f5,28000344,39707,183,Physical Club
183,#2UV09QPGJ,Yoon,0xff4ddba2,28000288,39695,184,
184,#VGLL8RCR,R.O.K.A.F,0xff1ba5f5,28000000,39688,185,🌟소수정예🌟
185,#988PGV090,𝑰𝒓𝒊𝒔🖤ˢᵗ,0xffcb5aff,28000175,39648,186,✨present🇰🇷
186,#Y08YVP0GG,jhjh,0xffffffff,28000037,39628,187,홀릿
187,#29RR9YLY,누네띠네,0xffcb5aff,28000125,39616,188,凸凸凸
188,#22GR02UV9,Safety Last,0xffcb5aff,28000298,39611,189,또또
189,#80RLJJ89J,|DL|뽁|,0xff1ba5f5,28000139,39530,190,델러맨 구독자만오셈
190,#P8LQ9V8YC,🇰🇷꽃가족_도도🇰🇷,0xfff9c908,28000227,39464,191,...
191,#20P288ULV,Sydjarmy,0xffffffff,28000010,39336,192,Toxic Liberty
192,#2VUJULVVC,좀 나대지 마라,0xfff05637,28000000,39303,193,<c5>WAVE🌊</c>
193,#P08YJR8RP,(고질라),0xffa2e3fe,28000282,39289,194,가족
194,#2UJ88CL99,🌊TOBIRAMA🌊,0xffffffff,28000139,39283,195,
195,#V029UGUC,해골의 친구는 유,0xffa2e3fe,28000305,39236,196,뿌롤쓰따쯔 끌러어어업
196,#PUC9QU0C0,(☆0☆),0xfff9c908,28000180,39220,197,전설
197,#8RQJ8J0UR,유니짱,0xffa2e3fe,28000163,39205,198,USA+한국
198,#Q8UYVR02,00,0xfff05637,28000305,39200,199,
199,#2Y08YGJ20,슬랜𝐬𝐥𝐚𝐧,0xffcb5aff,28000139,39200,200,LEAGUE-M
