,tag,name,nameColor,icon,trophies,rank,club
0,#2JG09CY80,AN | AZ,0xffff8afb,28000233,60562,1,Arab Nation™
1,#8Y2L0JQGU,《M☆O☆H☆A☆M☆E☆D》,0xffcb5aff,28000182,60540,2,BC*|Gaming GER
2,#9Y8LPJU8C,𝖇𝖆𝖗𝖍𝖔𝖔𝖒〆,0xff1ba5f5,28000129,60456,3,d_fox
3,#YC0YR0C92,᚛ ͣ ͫ乙אָcℝ ͭ ͪ᚛,0xfff05637,28000256,59912,4,Arab Nation™
4,#80LVU8LLY,TheDevilFTW,0xfff05637,28000272,59679,5,Arab Nation™️ 2
5,#P8P20GUY2,سلام,0xffcb5aff,28000263,58474,6,𝐒𝐊| 𝐋𝐈𝐆𝐇Ƭ
6,#8G289CY8L,SF|Limitless,0xffff9727,28000128,58142,7,Røckstars
7,#UQP89VRQ,꙰ꙮԘᏞᎥᎠꓰꙴᎡᎤ༄❦,0xffa2e3fe,28000291,57825,8,Al-Kanderi_Q8
8,#PVPCUQV90,1v3 | 7ō|_t 👑,0xff4ddba2,28000136,57147,9,Blazing Light⚡️
9,#QVCLVY88,💀DZ|🔮EDR_💔,0xffffffff,28000352,56429,10,アリーナ ♡︎ で
10,#20V0RC0YC,AN|SON GOKU 🦅,0xffcb5aff,28000065,55260,11,
11,#99Y2UCY8,Godzilla,0xff1ba5f5,28000228,55197,12,pro brawlers
12,#PYCCLC28U,العتيبي🇰🇼🥇,0xffffffff,28000224,55152,13,الناقة
13,#88LU9L9P9,女•𝑽𝒆𝒓𝒈𝒆𝒓☘,0xff1ba5f5,28000262,54860,14,ZOR
14,#8UR0YPC9U,愛 C H A N,0xffff9727,28000001,54427,15,Arab✨Otaku
15,#C8QQ080,pla1n ❤️‍🩹,0xfff05637,28000132,54386,16,I LEGGENDARI
16,#P8Q8PPC20,𝟏𝟒𝐇 | 𝐏𝐍𝐌,0xfff9c908,28000207,53609,17,14|Hollow
17,#2LYQ8GGUY,AN | CHELSAWI,0xff1ba5f5,28000288,53332,18,Arab Nation™
18,#PPJG0PPJQ,Aegis|Shark𖤐˒˒,0xff1ba5f5,28000278,53157,19,シュカちゃん
19,#90U92JR,𓆩𓆪 AN|Bo7sain,0xffcb5aff,28000129,53078,20,Arab Nation™
20,#PU2QQYPCQ,❄|szy5xd |❄,0xff4ddba2,28000140,52739,21,Skills4Life
21,#P292QP0C2,Mercy🖤,0xffcb5aff,28000176,52357,22,
22,#C8YQ2Q9,AW,0xffffce89,28000015,52311,23,<c2>Summer</c>
23,#QVVUCCVY9,Corn,0xffff9727,28000232,52030,24,Arab Nation™
24,#PLLPPVPLY,Beltran,0xffa2e3fe,28000017,51970,25,Beltran
25,#LQV8920C8,Carrots_2020,0xffcb5aff,28000333,51904,26,Arab Nation™️ 2
26,#PQY9PUUG,★BIG BOSS★,0xffcb5aff,28000160,51883,27,
27,#LU9R9CYGV,TTM|Monkey,0xff4ddba2,28000298,51830,28,Arab Nation™️ 2
28,#8U2J88C0R,道 | 𝐀𝐧𝐚𝐬 〆,0xffff8afb,28000349,51632,29,Arab Nation™️ 2
29,#CJ2L08P,MR.SABRA,0xffff9727,28000170,51579,30,ＴＡＲＮＩＳＨＥＤ
30,#99R8CLPG,DaddyMapleTree,0xfff05637,28000023,51574,31,YT Composure BS
31,#802YRR0LY,floki,0xffa8e132,28000280,51466,32,Arab Nation™️ 2
32,#YLCJRQ2P9,Jotaro,0xff4ddba2,28000259,51404,33,CLUB LASHAB
33,#QYQC9VQG,Жулька777,0xffff8afb,28000281,51316,34,Просоленные
34,#90CR2RLPJ,SAIBO ♡,0xffcb5aff,28000137,51304,35,القوات الخاصه
35,#2G0YUP9VC,JMH,0xffffffff,28000164,50922,36,2 Guns
36,#8J88VPP,zero,0xffff8afb,28000341,50824,37,Kuwait City
37,#LJLURLGY,Sorrow 愛,0xffa2e3fe,28000291,50568,38,🩶 …👨🏻‍🦯
38,#LLG8PRUC,Leigh kece,0xffa8e132,28000347,50493,39,CLUB LASHAB
39,#20LUQCVVY,Read,0xffff9727,28000072,50324,40,Al-Kanderi_Q8
40,#9C2Q8LQV,Dindo,0xff4ddba2,28000111,50315,41,Arab Nation™
41,#8UPY2QC8G,αႦԃͥυʅͣʅͫαԋツ,0xffcb5aff,28000011,50247,42,
42,#PJCRG9YY,WaDDaH🐣,0xffffffff,28000112,50000,43,Exams 😵‍💫
43,#82UJL092V,Aragorn,0xffff8afb,28000061,49974,44,Arab Nation™
44,#8RULYGYLG,ليفاي,0xff1ba5f5,28000157,49643,45,Skills4Life
45,#8PCP0VC29,⭐👑そうた👑⭐,0xff4ddba2,28000167,49531,46,キャラクター
46,#PGL9QVV9P,🌪 ToRnAdO🌪,0xffffffff,28000200,49423,47,‏☬_❂𝒯❂ℛ𝒩𝒜𝒟✰
47,#20PVUYVL,@genji@royal,0xffff9727,28000014,49147,48,<c2>Summer</c>
48,#P9PCP0C9J,꧁🅐🅝|𝓲🅜🅗🅓꧂,0xffa2e3fe,28000305,49104,49,Arab Nation™
49,#9289PJQCQ,Be_YOK,0xff1ba5f5,28000023,49020,50,Never Die 🪐
50,#JPU828G,ℳᎾℋᎯℳℳℰⅅ ♡,0xffa2e3fe,28000276,48829,51,QTR
51,#9JURJGGUR,آلم🌝علم🥀,0xfff9c908,28000346,48821,52,
52,#22PUL0UG0,il7o6y,0xffff9727,28000021,48744,53,Arab Nation™️ 2
53,#PRQQVLPJ,Latini,0xffff9727,28000299,48233,54,Arab Nation™️ 2
54,#90QVY0PR9,Powerfour,0xffa2e3fe,28000156,48232,55,Kuwait City
55,#22PQRUUY,AN|WASEEM,0xffcb5aff,28000305,48217,56,Arab Nation™
56,#UJ2JCJGG,AL3BDSH,0xff1ba5f5,28000064,47980,57,
57,#CP98QJ28,Lolcrazycat592,0xff1ba5f5,28000062,47898,58,Kuwait City
58,#PJ89J2CR,kwat,0xfff05637,28000061,47840,59,الكويت
59,#GC28CPY8,❄Basel❤PQ❤AK❄,0xffcb5aff,28000299,47814,60,Arab Nation™️ 2
60,#2L02RJPQ8,Sinky ϟ,0xffffffff,28000289,47716,61,CV|Daimond💎
61,#L2LRYYRLR,《Thunderstorm》,0xffa2e3fe,28000305,47503,62,dreamers
62,#9QVVQCPGV,fu,0xffcb5aff,28000207,47364,63,
63,#2URCGU02,AN | Dr. Salty,0xff1ba5f5,28000045,47151,64,Arab Nation™
64,#2GJC9LJVC,jrah,0xffffce89,28000259,47135,65,INDO ARMY X
65,#YJY0RC90V,𝟏𝟒𝐇 | 𝐒𝐘𝐑,0xffffffff,28000196,47117,66,14|Hollow
66,#Y9JRY2JR0,green,0xffa8e132,28000333,46466,67,The Mythics💜😈
67,#2R9J8JQQJ,LiterallySandee,0xffcb5aff,28000078,46332,68,
68,#U9PC0P0L,ابو عنزي,0xfff05637,28000167,46060,69,ابطال الكويت
69,#PQUVQ0GCC,محمد,0xffcb5aff,28000347,46000,70,Al-Kanderi_Q8
70,#2YQRCQ8U8,❄️Sᴀᴍɪʀ Bʀᴏ❄️|シ,0xff1ba5f5,28000051,45922,71,BRAWL OF CLAN
71,#G0P09Q2P,pro,0xffcb5aff,28000349,45920,72,QTR
72,#L892C0PCC,تانجيروا,0xffa2e3fe,28000211,45878,73,Arab Nation™️ 2
73,#88Y099VGJ,penncollege,0xff1ba5f5,28000279,45836,74,⛰⛰Urritzola⛰⛰
74,#2VQUGJ0Q,[Pong BS Fan],0xffcb5aff,28000348,45805,75,علوم الرياجيل
75,#8YPV20VG,tornado,0xffff8afb,28000341,45765,76,HS|Homiesapiens
76,#29U8CRGR8,DawFod,0xffa8e132,28000248,45708,77,MMDS
77,#PL8P8CLQC,Mohammed_q8,0xff1ba5f5,28000218,45679,78,Gamtes MC
78,#PUGQVQ8R8,PHYSIC GEAR 8,0xffffffff,28000156,45501,79,مسعري الحروب♙♟
79,#2L98PPPL8,a5mad,0xffcb5aff,28000291,45500,80,
80,#Y8QUQVQCG,ÇhûPêr,0xffffffff,28000014,45441,81,Blue Sniper
81,#22Q2P9UY9,F9ool,0xffff8afb,28000104,45312,82,Al-Kanderi_Q8
82,#2JYGRYQPJ,Dragonax,0xffff9727,28000211,45229,83,Arab Nation™
83,#2YQGU9Y0G,moonbeam,0xfff05637,28000349,45146,84,Arab Nation™️ 2
84,#99V2282C,The master€_€,0xff1ba5f5,28000233,45070,85,Spéconda|🐉
85,#9PPPJ80U,Tesla,0xffcb5aff,28000279,45065,86,Arab Nation™️ 2
86,#9P800PV9,Rambodo,0xffa2e3fe,28000291,44990,87,pro brawlers
87,#8YGUR2J2R,XZELEX,0xffff8afb,28000088,44950,88,PoorKids ☹
88,#8LRJY98L,34-Kilometers,0xffcb5aff,28000176,44697,89,Automa Tick
89,#22Y9YLRY,N.M.R,0xff1ba5f5,28000262,44655,90,Arab Nation™
90,#2JV9LY09L,RoLegend,0xff1ba5f5,28000277,44535,91,gob
91,#8P2GRU00,Druss,0xffa8e132,28000319,44462,92,Hutshaller
92,#UQUQ2L,Q8_Khaled,0xffa8e132,28000214,44408,93,
93,#C0QVLP9C,METAEB,0xffa2e3fe,28000146,44375,94,L Mortis Gang
94,#VGVYPUVC,bo3amra,0xff4ddba2,28000077,44188,95,
95,#8V2RG80C,alkanderi,0xff1ba5f5,28000294,44178,96,S_O_L
96,#UQCGLQGC,M|tranquilo も⛩️,0xff1ba5f5,28000339,44022,97,Mozampiqe
97,#9YGUY0CYG,Senior JellyPop,0xffa2e3fe,28000297,44003,98,🍿متفاعلين 👌
98,#9GLPRJ2GU,SF|HYDRO,0xffff9727,28000262,43979,99,Arab Nation™️ 2
99,#8QVU8L8U,F15 عبدالله🇰🇼,0xff1ba5f5,28000332,43971,100,🍿متفاعلين 👌
100,#GPQ8CLY9,Yousef,0xff1ba5f5,28000078,43904,101,vexus Emirates
101,#99YYG0992,V.E.R.S.A.C.E,0xfff05637,28000273,43898,102,ZOR
102,#9VQJ8U8VU,⚡️MORD🎋|YT,0xffff9727,28000261,43822,103,👑درع العرب👑
103,#2V2GLC8GQ,man of steel,0xff4ddba2,28000273,43803,104,Grit & Grind
104,#2GQ8QL8Y2,⛩abad64🎋,0xfff9775d,28000070,43725,105,Arab Nation™️ 2
105,#QPCQY9JR,Bofiras,0xff1ba5f5,28000294,43636,106,Praieiros
106,#29JG0L9QJ,ManBousher,0xffff8afb,28000242,43572,107,
107,#UQQV0PYP,AN|MrHappy,0xff1ba5f5,28000280,43542,108,Arab Nation™️ 2
108,#80GQGVLRV,Andrea,0xfff05637,28000167,43536,109,TEAM SANSON
109,#89G9VY0,ᗰOᕼᗩᗰᗴᗪ🖤,0xffff8afb,28000080,43447,110,Dark Reaperz
110,#29YJQ0VL,abdulrahman,0xfff9c908,28000168,43257,111,BAM BRO'S
111,#YLPYGYGQQ,ZOR|SALAH,0xff1ba5f5,28000330,43216,112,ZOR
112,#PJ9UG0RG9,⚡💣☠HERO🔥❄💣⚡,0xffcb5aff,28000332,43098,113,KW|TEAM
113,#9RCYQ9Y0J,1v3|Dark🩸?,0xfff05637,28000150,43057,114,The best🎻🖤
114,#2LQUGLR2C,69,0xffcb5aff,28000254,43041,115,Fantasy Gaming
115,#22C9QVRGY,COLT,0xff1ba5f5,28000156,43034,116,Kuwait
116,#2RRRJ80YJ,bob marley,0xffa2e3fe,28000170,43024,117,
117,#980RJLV,★HUSSAIN★,0xff1ba5f5,28000102,43000,118,
118,#LC8YCG92,준휘 바보,0xffff8afb,28000333,42954,119,motis
119,#PVPUJ0RRP,NØ🐙MêRčY🥀,0xffcb5aff,28000038,42774,120,
120,#LGCLGJG9V,Q8®|Yousef©🇰🇼,0xffff9727,28000341,42710,121,[DMR~TOB>
121,#8JJPYRYG0,noob like me,0xffff9727,28000279,42700,122,الكويت
122,#88Q9JP8UU,DR🦷LEFT🦷,0xffcb5aff,28000248,42657,123,Men are Kings
123,#C9JRUJ9G,محمد هاني,0xffa2e3fe,28000305,42582,124,KILLERS CLOWNS
124,#9RLVYGUQL,AQ|Le pro,0xfff9c908,28000211,42562,125,la cuadrilla
125,#Y82090QPU,あ|𝒜ℬℬ𝒪𝒰𝒟 🥀,0xffa2e3fe,28000230,42551,126,ꨄ رايقين ꨄ
126,#2V9JYUQV0,초보자ㅠㅠ,0xfff05637,28000023,42536,127,불닭볶음면
127,#20QP0RPJ,q8-_-3li-_-,0xfff9c908,28000305,42507,128,DaiYa
128,#PY2PQ0GPC,rawan,0xffffffff,28000000,42473,129,🤎َ
129,#L2QQQPGPY,Jassim 🇰🇼,0xff1ba5f5,28000273,42448,130,تحدي الملوك(👑)
130,#PJJUQVU2V,aaali31,0xffff9727,28000273,42385,131,ANIMEsports
131,#8VJRQ2U9,ahmed-ws6,0xfff05637,28000273,42335,132,one shot
132,#29PQYQ9VJ,مخ 🇰🇼,0xff1ba5f5,28000296,42302,133,مسحوق غسيل
133,#9LVPGL2UP,KWT|SlaYeR,0xff1ba5f5,28000042,42300,134,
134,#G0P9CRJ0,khalid,0xffff9727,28000332,42229,135,Banana Gang
135,#229QL28,TeenTiTanQ8🇵🇸,0xffcb5aff,28000275,42165,136,BOSS OMAN
136,#P0Q9CJGCJ,Tokyo|sora☁️,0xff1ba5f5,28000175,42144,137,колковции
137,#C0G98R00,❦𝓐𝓵𝓲 シ,0xfff9c908,28000263,42061,138,💎|Escobar|💎
138,#89UP0CLRL,tubtub,0xfff9c908,28000271,42059,139,فخر العرب
139,#9VPUJU9RL,ZOR | SHAYA,0xff1ba5f5,28000265,42025,140,ZOR
140,#PVL0GL2G0,se1katsu ❤️‍🩹,0xffffffff,28000222,41953,141,
141,#900QR0CQ,DynöQ8,0xfff9c908,28000170,41880,142,Arab Nation™️ 2
142,#8YUQYRPRV,𝐿𝑒𝑎🦋〆,0xffffffff,28000000,41879,143,..
143,#VGL0R22R,QDC(77),0xffcb5aff,28000090,41791,144,Fantasy Gaming
144,#8V88LP02G,PK|🐧NouR🍃,0xffffffff,28000347,41750,145,THE BEST
145,#YPVGQ9RYP,ألمويزري,0xffff8afb,28000349,41737,146,تحدي الملوك(👑)
146,#LQ92PGJG,zero,0xfff9c908,28000281,41723,147,ThunderBolt⚡️
147,#9QYY9JVJV,the queen,0xfff9c908,28000084,41698,148,
148,#PV8Q0PJQQ,Ali leon crow,0xff4ddba2,28000272,41693,149,ٰٰٰٰ
149,#8GYUC9PQU,⚔️Sniper⚔️,0xffa2e3fe,28000293,41626,150,
150,#RRLCQPY,Menace2Society,0xff1ba5f5,28000254,41613,151,Sand Souls💫
151,#8822PPU0,ALR.Q8,0xffa2e3fe,28000164,41613,152,Kuwaiti
152,#9UPRV8UP,1v3⚠️muneer⚠️,0xffa2e3fe,28000004,41592,153,彼|𝑭𝒂𝒎𝒊𝒍𝒚〆
153,#9UJL22RJC,العجمي,0xffcb5aff,28000315,41558,154,Kuwait City
154,#2U28JUCL2,Gunners,0xff4ddba2,28000000,41505,155,Kuwait City
155,#9VJQYQC,Otaku_Saladino,0xffa2e3fe,28000349,41501,156,Op|Team☔❄
156,#99RG0L2PL,PS|STANDOOF,0xffcb5aff,28000066,41464,157,⭐The Best Star⭐
157,#Q8PCPLCQG,xX511Xx,0xfff9c908,28000263,41409,158,EG|Galaxy III
158,#RJUY0JC9,HelloKWT,0xff4ddba2,28000320,41399,159,
159,#JYQQVLY9,乃ﾚﾑcズ 刀ﾉggﾑ,0xffff9727,28000348,41369,160,ʙʟᴀᴄᴋ ᴄʟᴏᴠᴇʀ|༄
160,#UVPVV2LG,kla,0xfff9c908,28000079,41221,161,z7azee7
161,#LLQ9RCL0,ms,0xffffce89,28000155,41181,162,The Pro Kings
162,#YQQQUGYLV,あ|𝓫𝓻𝓲𝓰𝓱𝓽,0xffa2e3fe,28000156,41176,163,호구동성
163,#QJQ0YU8R,tomar753,0xffffce89,28000151,41163,164,🏆VIKING🏆
164,#98JU0Q2Y2,HAO,0xff1ba5f5,28000294,41153,165,Team| Lost
165,#PYVQ9GU,abdulrhman,0xfff05637,28000185,41131,166,
166,#828VRQ00J,ηαѕѕєя,0xffff9727,28000347,41125,167,Kuwait City
167,#LV2CURQ89,GG-Tony,0xffa2e3fe,28000211,41081,168,
168,#RQ0RC8VJ,𝖂𝕽ℵ⋆,0xffa8e132,28000138,41058,169,<c6>GG 🐐 </c>
169,#88UPQPUJ,Fadiii,0xff4ddba2,28000231,41013,170,Arabian Knights
170,#8YQ8YYG29,meltt,0xfff05637,28000074,40938,171,Nuclear Rod
171,#8CP2UULU9,Conan 🇪🇬,0xfff05637,28000314,40911,172,Arabian Knights
172,#Y8U29RC8Y,MESSI 🐐,0xffa2e3fe,28000067,40890,173,Arab Nation™️ 3
173,#992090089,B_Finisher,0xff1ba5f5,28000184,40851,174,Lucino 🖤
174,#2G8QCLYCP,「♖ | 𝚁𝚎̈n」,0xffffffff,28000000,40798,175,🕷️🕸️
175,#LV2CRU0RP,ggmiko,0xffffffff,28000228,40788,176,
176,#2PP8YGG2U,MORTIS,0xffcb5aff,28000061,40703,177,winners
177,#Q8VR9Y9Y,احمد,0xffa2e3fe,28000081,40624,178,FRK Fang ✨
178,#8U8CLRJQ2,jawaheri,0xfff9c908,28000042,40586,179,Vile Reels GC🐵
179,#2LJ9VQJQU,⚰️DavyJones✨,0xfff05637,28000078,40584,180,
180,#8G00QYLQR,༄BeetRoot64⛩️,0xffff8afb,28000341,40548,181,Legends CLUB🌟
181,#PJUPLQ8R,werwolf🐺🐺🐺,0xff1ba5f5,28000279,40471,182,otaku kings 👑
182,#YGJC9R0YQ,H7_,0xffff9727,28000221,40449,183,BandGang.NA
183,#9YCVCJ9P9,XCrow,0xffffffff,28000156,40446,184,Good Warrior
184,#YVULJU2,the hunter,0xffffffff,28000170,40425,185,Arab Nation™️ 2
185,#VGG8CYCJ,Trxh,0xffffffff,28000247,40383,186,SPECIAL FORCES
186,#Q988RPUCL,DARK MEGA,0xffff9727,28000207,40362,187,🏆VIKING🏆
187,#80PC9RUJ8,Majed,0xffa2e3fe,28000258,40341,188,MMDS
188,#9GC8CC9UY,deepsleep🥱,0xff1ba5f5,28000175,40333,189,
189,#PLGRL9QPP,papa,0xffff9727,28000043,40303,190,busclub
190,#UPL08YRQ,jassim,0xffffce89,28000272,40236,191,Arab Nation™️ 3
191,#GGJL20P0,Dettol,0xffff8afb,28000079,40208,192,Kwt
192,#PGPJR2LQY,My father:),0xffa2e3fe,28000332,40188,193,KW|TEAM
193,#Y9UYGV2RV,h ١,0xff1ba5f5,28000063,40188,194,Heroes
194,#9VV9UYLV2,M3Tz,0xffa8e132,28000317,40149,195,draken
195,#8J8G2V2Q2,3ntr,0xffa2e3fe,28000151,40142,196,KW|TEAM
196,#8QRRV9C2Y,MAT,0xffcb5aff,28000156,40136,197,WhiteTigerS
197,#22VY22LRJ,Buredha3wi_Q8ツ,0xff1ba5f5,28000018,40132,198,
198,#2QRVY9VRR,ĄŽØŹ,0xfff9c908,28000272,40125,199,
199,#9LQ8V82J8,CRAZYTRAIN ⚡,0xffffffff,28000221,40113,200,⛩Bandits team🥱
