,tag,name,nameColor,icon,trophies,rank,club
0,#90YVPYCP,NICOLAS,0xffa2e3fe,28000345,69625,1,New Lebanon
1,#PUURRVU0G,evan,0xffff8afb,28000218,60896,2,New Lebanon
2,#2RRQLVYJV,LEB|SUPER PRO™️,0xffa2e3fe,28000349,60861,3,Barleys Brewery
3,#UVP28J89,Nicolas,0xffffffff,28000014,59821,4,New Lebanon
4,#28Q08VPV8,achyl,0xffcb5aff,28000075,58782,5,EZ<c2>KlLL</c>³
5,#2U8Y9RVRC,MARTIN 🪙,0xffcb5aff,28000279,58358,6,Beyond Swift
6,#8VU8YRQC9,LEB|THE PRO™️🔥,0xff4ddba2,28000017,57985,7,Barleys Brewery
7,#908YQ98L,•jeffry•,0xffffce89,28000018,56848,8,New Lebanon
8,#YPGJ22QL,Altronok,0xff1ba5f5,28000115,56669,9,The Black Order
9,#YCYJ0CU,kr8,0xffffffff,28000245,56541,10,LEB TV
10,#P2JYC9RJ,SGT-Adeeb,0xfff05637,28000182,56360,11,MAIDENLESS LLC
11,#8UPCULG9C,Jeanmain,0xffffffff,28000018,56334,12,The Black Order
12,#2LPP98UUU,Karlo,0xff1ba5f5,28000266,56282,13,Unima Gaming II
13,#9Y8V0URQ,NotGiok,0xffcb5aff,28000291,56181,14,New Lebanon
14,#PRQRYL2RQ,๓๏๏๔เ,0xffcb5aff,28000349,56009,15,MenAreUp
15,#8QUPYLC0L,神|𝔜𝔢𝔢𝔱💛🐣,0xffffce89,28000096,55840,16,New Lebanon
16,#2QGLJQ82R,Ali,0xffff8afb,28000173,55705,17,IX Nash
17,#PLGRY9J28,疲 | Revolt ✘,0xffcb5aff,28000310,55160,18,
18,#8P2VQ2VLL,7alib Nido,0xffcb5aff,28000336,55149,19,LEB TV
19,#P00PY2800,sans,0xff1ba5f5,28000013,54960,20,New Lebanon
20,#9QQ9CJRLR,JaDeF,0xff1ba5f5,28000000,54710,21,New Lebanon
21,#PRQJ2JQQ8,RYAN,0xfff05637,28000273,54622,22,💞ELENOR&C.O💝
22,#8VRPYJPPC,p҉h҈o҉e҈n҉i҈x҉,0xffcb5aff,28000207,54128,23,Ice Players
23,#8PPR2RGRG,Xd charbel,0xffffffff,28000285,54063,24,New Lebanon
24,#2JU2CUUCC,LEB|SG™️❤🔥,0xffa2e3fe,28000206,54004,25,New Lebanon
25,#P80209022,Jad,0xffff8afb,28000138,53964,26,The Black Order
26,#PJQ20PY0,I Don't Care 😒,0xffa8e132,28000156,53923,27,TwistedByDesign
27,#8JPJJYYP2,🖤|tdͥcøͣmͫᵒᵖ🥀,0xfff9c908,28000341,53687,28,Old Bloods
28,#8YYC29PQ9,Dolgrif,0xffffffff,28000008,53610,29,New Dawn IV
29,#9J02Q2JQ9,julian,0xffcb5aff,28000129,53531,30,HOG RIDERS
30,#YQPG99RL8,fuzzy,0xffa2e3fe,28000231,53436,31,Distant Legends
31,#90VGPUQJ0,LEB|❄️CROW™️❄️,0xffcb5aff,28000207,53371,32,Barleys Brewery
32,#YQ8VGQYPV,Sʟᴀʏᴇʀ ϟ,0xffcb5aff,28000096,53344,33,Kknokkers
33,#GQ2JPQRJ,kingslayer999,0xffff9727,28000000,53100,34,BOOM💥
34,#Q09P2G8,TOXIC-DØØM,0xffffffff,28000333,53026,35,New Lebanon
35,#9YYJV2CCR,ralph,0xffcb5aff,28000139,52735,36,AIR FØRCE ØNE
36,#2PRV989GG,SPIKE is OP,0xffcb5aff,28000286,52569,37,youhappyjiuok
37,#2QUPYRJC9,♕︎𝕎ɪᴘᴘ𝕪𝕪𝕪♕︎,0xffa2e3fe,28000164,52512,38,New Lebanon
38,#8U9CRPP9Y,Ali Kaimos_YT,0xffa2e3fe,28000263,52365,39,Youtebers Group
39,#2QURUGRYC,beast_ahmad,0xfff9c908,28000002,52299,40,New Lebanon
40,#8YYYYJPLU,mostafa,0xfff9c908,28000139,52265,41,New Lebanon
41,#89YRVVU22,CHARBEL,0xfff05637,28000052,52258,42,
42,#8PGQ2YG8Q,the crower,0xfff05637,28000157,52069,43,New Lebanon
43,#YC98VQ8VL,Termi,0xffcb5aff,28000091,51768,44,<8€ ~ <8€ ~ <8€
44,#GUCCLVGG,GRAND MASTER,0xffffffff,28000349,51605,45,New Lebanon
45,#Y0GQVU98R,Dream|Adam,0xffff9727,28000278,51560,46,Zeitlos⚡DE
46,#8C8QP2QJ9,bad,0xffcb5aff,28000159,51553,47,New Lebanon
47,#8GRG8QQYJ,Gurke❦,0xfff9c908,28000095,51439,48,The Crazy Time
48,#8028LCURJ,ALSAFA7_H,0xff1ba5f5,28000207,51365,49,LEB TV
49,#2GC29VQR2,RMKB,0xff1ba5f5,28000023,51348,50,kings
50,#YQJUV229U,:p,0xffffffff,28000090,51328,51,TFL
51,#8U9GL9Y2,Anƴmo,0xffff9727,28000328,51292,52,New Lebanon 2
52,#QVL9U92,jimmy daw,0xfff9c908,28000242,51289,53,New Lebanon
53,#LV89RRGQ,★GraήdͥƤiͣzͫza★,0xff1ba5f5,28000336,51211,54,New Lebanon
54,#2P8PJ0YJ,❄️ICY BUSH❄️,0xff1ba5f5,28000213,51159,55,New Lebanon
55,#202YVR2R,M.KING.47,0xff1ba5f5,28000279,51084,56,Red Storm
56,#8V0VGVL0,lil uzi,0xffffffff,28000018,50909,57,TEAM GHOST
57,#2Y9PJP8P8,➳♡FireFly●✤,0xffff9727,28000297,50826,58,adrean gamer
58,#9LUQ8RJVQ,SE|bleezy😈,0xffcb5aff,28000297,50736,59,mega pig
59,#2L28JGQYU,⚽Anthony⚽™,0xffa8e132,28000259,50592,60,New Lebanon
60,#92LVYYGC8,michokris 1,0xffcb5aff,28000227,50586,61,GHOSTZ
61,#9JJ9GUCL2,𝕆ℙ|𝕁𝔸𝔻𝕆シ︎,0xffffffff,28000207,50092,62,LEBANON🫀🇱🇧
62,#PLCLQQ9,CMG|Neon <3 R,0xfff9c908,28000221,50057,63,D P B|Esport II
63,#2LVJ9LPRR,abood12,0xff1ba5f5,28000234,50000,64,لوو الكوني
64,#PGVLJ2G29,~ÝĄŠŞĘËÑ ~ф,0xffff8afb,28000338,49892,65,EvilFreedom ™
65,#8098LRL2G,ziad,0xffffffff,28000263,49832,66,Gods
66,#PYGGYVUVY,Khaled,0xffff9727,28000272,49771,67,New Lebanon 2
67,#P9G9RL0R,Lust-Heaven,0xffa2e3fe,28000037,49731,68,New Lebanon
68,#9CJQJQRLQ,Nick710,0xfff9775d,28000247,49701,69,
69,#208U8YG90,RALPH_007,0xffff9727,28000272,49627,70,Manegel
70,#2URRY0882,SWEAT DONAT,0xffa2e3fe,28000076,49554,71,Emerald Crew
71,#8U2YJ890Q,✳•°•Totti•°•✳,0xffff9727,28000061,49482,72,F▪I▪E▪R▪Y
72,#22GPGV08V,Ali,0xff1ba5f5,28000061,49462,73,Ultra gamer
73,#YVQRJ98JJ,Ｓａｎｄｒｏ|ɪᴛᴀ,0xfff05637,28000321,49459,74,Revolution
74,#P9PCCRYY,010|• DA h Er •,0xfff9c908,28000170,49414,75,New Lebanon A
75,#2J0Y099P2,❄Slayox❄,0xff1ba5f5,28000156,49344,76,LEBANON BOYS
76,#88YPC9PLU,Elioking1 🦀,0xffcb5aff,28000349,49300,77,New Lebanon
77,#828UGUYJG,Optypack,0xffff9727,28000294,49087,78,💞ELENOR&C.O💝
78,#2YV0R9Q9Q,Oopsie,0xfff05637,28000247,49055,79,
79,#PYGJ2C9RV,finesse,0xffa2e3fe,28000291,49048,80,New Lebanon 2
80,#8L0CUYV92,𓂃𝙯ҽησx᠂♡,0xfff9775d,28000018,49007,81,Tozanis❤️‍🩹Bc
81,#988U0JLY8,💔Lebanone💔,0xffcb5aff,28000139,48972,82,New Lebanon
82,#LGL8VG0P9,Mr.Destroyer,0xff4ddba2,28000168,48752,83,K.F.C.
83,#LLL9R0CQ,The Master!!!!!,0xffa2e3fe,28000164,48735,84,Phenomenon
84,#8JPP8JPPP,Wicky,0xfff05637,28000180,48691,85,Fire eSports
85,#22PVJ998V,louis pro max,0xffffffff,28000242,48635,86,csg
86,#9VCYCJ0R9,leon,0xfff05637,28000182,48618,87,LEB TV
87,#Y0GRUQ0QP,فوق هام السحب,0xff1ba5f5,28000261,48591,88,Vancity Peasant
88,#282Y98P,Sami,0xfff05637,28000256,48533,89,TWD|REALM
89,#2L8YUPYUR,Charbel ZL,0xffffce89,28000333,48468,90,Me Elite
90,#9PYCLRJCL,ZETA|♡HK♡,0xffffffff,28000139,48395,91,Brawlencia🌹
91,#U9VQYQGV,ƊЄSƬɌOƳЄɌᴷᴵᴺᴳ,0xffff8afb,28000218,48280,92,🕷️Dark🍷™️
92,#2V2Q0YYVY,JP,0xffcb5aff,28000156,48241,93,Phenomenon
93,#9PC0G0J82,UCMASTER,0xff1ba5f5,28000332,48213,94,New Lebanon 2
94,#8LRVVUCJR,chnas,0xff4ddba2,28000248,48203,95,Manegel
95,#9YVCVG02C,chikenlegpiece,0xffcb5aff,28000347,48136,96,New Lebanon 2
96,#L82QJ09,XxGhOsTxX,0xffa8e132,28000281,48122,97,In 2 Reality
97,#289VVYPR2,EL FiRasooo,0xfff9c908,28000335,48007,98,
98,#YRJ0RC808,faze-_-pelly,0xfff9c908,28000016,47931,99,LEB TV
99,#YULVLC8L8,♣️|Omar.Jr🥀,0xffff9727,28000333,47927,100,Max is gone II
100,#80R0L8Y8Q,Nemz,0xffa8e132,28000023,47925,101,Vioditis
101,#Y9CGL9JJY,Ryan,0xffcb5aff,28000291,47910,102,☆Fatal Fury☆
102,#YG9QGJ2V9,🇱🇧Moudi🇱🇧,0xffffffff,28000317,47898,103,New Lebanon 2
103,#98QGYGVLY,mnseir,0xfff9c908,28000044,47826,104,Blue Academy💙
104,#88VP2RPV8,YGABBASS,0xffffce89,28000156,47825,105,Youtebers Group
105,#PQVV2UJJP,SE|DyDyy😴,0xffcb5aff,28000054,47789,106,mega pig
106,#L98R20JG2,...,0xfff9c908,28000265,47551,107,New Lebanon 2
107,#L2PQQLQYY,Anthony _P&P,0xff4ddba2,28000305,47410,108,StarsLegion
108,#929UP9GV9,7sein,0xffffffff,28000000,47404,109,Big Bosses
109,#9RQPGCJP8,꧁ঔৣ☬✞𝓓𝖔𝖓✞☬ঔৣ,0xff1ba5f5,28000207,47381,110,Free Plasteen~
110,#U0JPJ20U,叔|𝑨𝒍𝒊❦︎シ︎,0xff1ba5f5,28000096,47375,111,
111,#JLV9P8RJ,BasicallyDoWork,0xffffce89,28000242,47362,112,CPU |Gaming
112,#9V2CU0CGC,You big Loser,0xffff9727,28000061,47240,113,
113,#YCQU8GYV,mate,0xffff8afb,28000156,47239,114,Ancient Gods
114,#9VVLRR2Y0,⛩BS|Sasuke🎋,0xffcb5aff,28000294,47211,115,
115,#PG8C2CR2L,VAL | M11,0xffffffff,28000139,46981,116,CRANKY TANKS
116,#2PC2R2080,Kevinツ,0xff4ddba2,28000076,46810,117,New Lebanon
117,#2GP8PJQGV,Moe,0xffffce89,28000290,46677,118,Cryptic II
118,#Q0G0U9CQ,give me colt,0xffcb5aff,28000318,46652,119,LEBANON🫀🇱🇧
119,#9QY28JU,Frédérique,0xff4ddba2,28000266,46633,120,
120,#GGV0J2UY,Dreezy,0xffa2e3fe,28000273,46609,121,LastLegacy
121,#P8U9LYUV,S.A.M.,0xffffffff,28000000,46591,122,.YONKO.
122,#28QUCURJ9,Yametz,0xff4ddba2,28000016,46534,123,Billhões★
123,#8PVPLJ88V,Jad. f,0xffcb5aff,28000162,46521,124,BRAWLER KILLER
124,#P8CRQLPJP,karaoke,0xffff9727,28000348,46403,125,YT:L_L Grinder♡
125,#YYQPUCGRP,Eskimo-Man,0xff1ba5f5,28000219,46351,126,les Fréro
126,#CQPC2UU8,GeLo 種,0xff1ba5f5,28000175,46322,127,New Lebanon
127,#92LCYY80L,MOHAMAD,0xffcb5aff,28000335,46314,128,dutch-elites
128,#LY2JQU0GV,🎭ALi/64💘,0xffffffff,28000210,46293,129,<c8>God</c>Like
129,#9YP2LGGG8,~Mͥikͣeͫlᵍᵒᵈ√,0xff1ba5f5,28000262,46245,130,Only|Win Gaming
130,#2QLVR0P,zstar95,0xff1ba5f5,28000262,46244,131,New Lebanon 2
131,#G0JVJQQ,gozi,0xffa8e132,28000258,46175,132,Happy Guys
132,#9GYVVY9V8,nooj,0xffcb5aff,28000295,46082,133,nonol gaming
133,#R08QG822,Đëśțřøýęŕ🌪,0xffcb5aff,28000277,46064,134,Fan Club
134,#22892CGLL,mohamadcherry,0xffcb5aff,28000225,46058,135,New Lebanon 2
135,#2LUVPRLYV,vouvou,0xfff9c908,28000216,46057,136,Best Club Ever
136,#28202QPJU,مالك,0xfff05637,28000273,46048,137,
137,#2PLLJYQUC,free elo,0xffffffff,28000026,45981,138,Rabat branlers
138,#CY8G8QPP,Amir :),0xffffffff,28000002,45947,139,apprentis
139,#290Y0UQ8V,MS,0xffff9727,28000320,45846,140,יאללה ישראל
140,#CJ2PYLV8,HadiGamer125,0xffff9727,28000254,45821,141,
141,#8R9QUYVLL,☆TTB|LeFakeTiti,0xffa2e3fe,28000170,45809,142,
142,#LGJ9C0YLJ,Mr.savage,0xffa2e3fe,28000294,45756,143,New Lebanon 4
143,#8RQJ9JGJ8,XXI | ColdMF2🦄,0xffa2e3fe,28000179,45751,144,XXI | ColdMang
144,#8LPP08R,Shadowe,0xfff9c908,28000233,45714,145,LEB TV
145,#LRVCY29YL,¥zero_12499¥,0xfff05637,28000305,45699,146,Chimken🐔
146,#92RQV2RVG,LS1,0xff1ba5f5,28000018,45686,147,LEB TV
147,#9V0PVUGJ,TAREK,0xff1ba5f5,28000033,45684,148,LONE SOLDIER
148,#RLRJPUC,andrew,0xffff9727,28000005,45682,149,Phenomenon
149,#G228CCG8,Mr.brunos,0xffa2e3fe,28000151,45648,150,اتحادنا قوه❤
150,#QQRVJQRU,Rami,0xffff8afb,28000334,45615,151,New Lebanon 2
151,#2CG8YPUQ0,HackerJack_BB,0xffff9727,28000331,45607,152,GUFF GANG
152,#PVQVPUC8R,TRIBE|ThaNaToS,0xfff05637,28000138,45596,153,
153,#2GUY0U2PY,BRAWL ATTACK,0xff1ba5f5,28000271,45582,154,"I BOMBER 2,5"
154,#P8RVU99PQ,B𝓍tany|r𝓍wad,0xff4ddba2,28000021,45572,155,✨All Stars✨
155,#J8QPR88J,Marshmello.JJ,0xffa2e3fe,28000347,45530,156,New Lebanon A
156,#YP22P0UJ,AET Gaming,0xffa8e132,28000348,45520,157,Phenomenon
157,#LG8YGU9,AwesomeJocker,0xffa2e3fe,28000221,45498,158,💞ELENOR&C.O💝
158,#L9GRQQL2,~(HYAKKIMARU)~,0xfff9775d,28000064,45472,159,7 Kings
159,#QJ9V00L,Maͥstͣeͫr R๏yⱥl,0xfff05637,28000319,45464,160,One$quad ™
160,#9PRCCPQP9,THE BRAWLER PRO,0xffff9727,28000235,45462,161,New Lebanon 3
161,#2C8PJCR82,king,0xfff9c908,28000156,45416,162,Phenomenon
162,#8Y2UPJJUY,MajdM7,0xffff8afb,28000285,45401,163,Old Bloods
163,#8GVUYPP0,KING KARL 👑,0xffa2e3fe,28000305,45385,164,💞ELENOR&C.O💝
164,#2JQ2CRYGP,Mostafakh,0xfff05637,28000037,45315,165,Armia z Bambusa
165,#8Y8Y088UR,XMAN//MC963,0xffff9727,28000348,45277,166,A Few Good Man⛩
166,#GUVGV8PC,Maan,0xffa2e3fe,28000297,45254,167,Born2Brawl|EU
167,#PLRUQ90VR,🔥Y|H|K🔥,0xffa2e3fe,28000219,45239,168,Arab Nation™
168,#8Y2UGPYCJ,Loading...,0xfff9c908,28000294,45238,169,Phenomenon
169,#P9LP8L2Q2,UF|KingͥṨtͣaͫℝ✨,0xffffffff,28000335,45196,170,Xx|Squad⚕♂️
170,#Y2RLJL2YJ,RT KHÃLÏL,0xfff9c908,28000262,45196,171,RT CLAN
171,#GJC8C8YC,Virus,0xffa2e3fe,28000017,45177,172,lebanon
172,#LRCG2VPYG,taj rasak,0xffcb5aff,28000220,45164,173,
173,#2RLRVYL8U,faze antoine,0xffff9727,28000221,45134,174,LEB TV
174,#PQQY22LY,hada bado zatar,0xff4ddba2,28000091,45118,175,✡S AD杀ᴳᵃᶰᵍ༄
175,#2V28LL9RU,christar,0xff1ba5f5,28000170,44966,176,zevia
176,#2CG0YJR8R,Tom,0xffff9727,28000103,44960,177,ARGENTINA >c2
177,#PLQQ0QCUV,becharayyg,0xffff9727,28000205,44955,178,best friends :)
178,#P0Q9V9VV2,NAVI|Красавчик,0xfff9c908,28000169,44953,179,дикие
179,#R0Y22RGY,Abdaljaleel,0xff1ba5f5,28000028,44877,180,A Few Good Man⛩
180,#22JYCJPUR,Ali,0xff1ba5f5,28000347,44843,181,Ghost Syndicate
181,#99PJ99VJ8,𝕄ℝ.𝕁𝔸𝔻,0xffa8e132,28000232,44815,182,ToMaN |あ
182,#2V02CQJPC,$€rialKiller,0xfff9c908,28000297,44786,183,New Lebanon 2
183,#89VGQUVY8,|DARK|,0xffcb5aff,28000293,44757,184,Brawl kings
184,#9CVY9RG8Q,Leonardo,0xfff9c908,28000060,44748,185,زعماء العراق
185,#2222UPCL2,Maroun,0xfff05637,28000151,44717,186,New Lebanon 2
186,#JPYVV0RC,Nour Daouk,0xff1ba5f5,28000139,44698,187,LEB Masters
187,#92Y9G820Y,Miro,0xffff9727,28000281,44693,188,WolvesOfBrawlSt
188,#LC8PUUU,ＳＴＥＡＬＴＨ♕︎,0xffff9727,28000156,44689,189,.YONKO.
189,#8P08LG8U2,christ,0xffa2e3fe,28000207,44676,190,FTL | E-SPORT
190,#YLQ8PCGJ,Sacrefluge,0xff4ddba2,28000101,44637,191,LEB Masters
191,#PYPJRPJU2,baby now,0xffffffff,28000132,44635,192,Arab Nation™
192,#8LPC2QLUJ,surge surge,0xfff9c908,28000330,44623,193,team insanos 👻
193,#JR0V0LLR,Bombskull,0xfff05637,28000151,44605,194,New lebanon 7
194,#YQP02ULU,Ramez,0xffa2e3fe,28000305,44564,195,TwistedByDesign
195,#9P9UC89LY,💞BSB|physics�✨,0xffff9727,28000259,44524,196,LEB TV
196,#2R8Q9UQVY,Joudeh 🇵🇸,0xffcb5aff,28000022,44428,197,Me Elite II
197,#89LG809CG,jean-paul,0xffcb5aff,28000338,44414,198,Judakais Helfer
198,#8VJ8RJ0RP,⚔️Karimᵏⁱˡˡyₒᵤツ,0xffa2e3fe,28000341,44408,199,LEB TV
199,#LCG2JJLY0,💝HAMZA 💝,0xffcb5aff,28000141,44315,200,ابطال ستارز
