,tag,name,nameColor,icon,trophies,rank,club
0,#8R9VPLQRP,Xo|LeToroks🐼🌴,0xffcb5aff,28000135,60722,1,AMG
1,#VYPCJ280,fantomチェリー🔥❤️,0xffa8e132,28000243,56642,2,хз
2,#Y9V9VR92P,Priam,0xffa8e132,28000259,52199,3,Play league
3,#CRP0U8CY,MarcoTSG,0xff1ba5f5,28000332,51661,4,Thunderlight
4,#29QJLG8LQ,🎭HB|xDemonツ🥀,0xffcb5aff,28000188,51460,5,YoU_×|eSport
5,#8CV2GLPRC,ȺӀìէą,0xfff9c908,28000341,51103,6,Alita's Angels
6,#9RCPJVLUJ,❤️‍🔥Dopa|şpøøH,0xffcb5aff,28000085,49920,7,
7,#2LPLJQ09Y,amjad @,0xffcb5aff,28000293,49629,8,SYRAT N @
8,#892PRCJCL,⛩️|źXcᶫᵒᵛᵉᵧₒᵤ🥀,0xffcb5aff,28000347,48647,9,иллка топ
9,#GCLRL8C8,lamortquitebz,0xff1ba5f5,28000300,47980,10,3*15
10,#8Y0L8R0UC,ATOM_superсеll,0xffcb5aff,28000014,47333,11,MaFia
11,#Y0C0V8V,『M16』OldBoy,0xff1ba5f5,28000262,47131,12,Qora Qum
12,#YRCYYJCGY,JIEON,0xffff9727,28000044,46750,13,Grove st.
13,#9CUC8YG0V,turkey dinner,0xffffffff,28000035,46167,14,Bea's Club
14,#YV8JUG0VV,FT|Deimos,0xffffffff,28000254,46042,15,Sylvestre
15,#2UP8U8V92,SheogorathMora,0xffff8afb,28000195,45617,16,|D.K.|balumba
16,#2LGYGGC0J,D1EGO_25☣,0xfff05637,28000349,44779,17,<c7>EndGame</c>
17,#8JVJ9Y0PL,ICE COLD,0xff4ddba2,28000136,44633,18,FC Jankosie
18,#8LU092G0J,🐻NoNameᵇᵉᵃʳ🍫,0xffcb5aff,28000280,44067,19,Golden Crow
19,#2C082GUVU,liamos alaplaja,0xff4ddba2,28000174,43992,20,Les Campeurs
20,#LPLUV2RC8,•°♡DanFast♡°•,0xfff9c908,28000018,43916,21,
21,#PR0UP9UQR,🌳|ListiK|🌳,0xffcb5aff,28000164,43760,22,™™™
22,#8YGRLJP8,mdorgiure,0xffff8afb,28000066,43558,23,Cement Squeak
23,#92R2G82P,🍫Шоколадка🍫,0xffcb5aff,28000280,43410,24,PingWINy DaMian
24,#9V2U92GVC,//N0N0//,0xff4ddba2,28000163,43380,25,les champions
25,#98UY8YR22,[LP]DimaNAGIBAT,0xffff9727,28000132,43351,26,ГлАвА_МиРа
26,#YL2VGU0YP,⛩|S|A|L|L🎋,0xfff9775d,28000223,43278,27,Pupusabados SV
27,#9Y8G9Y8UC,OnurWick,0xff1ba5f5,28000262,43227,28,Kral Adamlar 😎
28,#99YCY9RY2,Rydla☠️,0xfff05637,28000271,42513,29,la team épique
29,#29UUJUQQY,Чёткий Спецназ,0xff1ba5f5,28000196,42012,30,⚡Stiver Team⚡
30,#CYUPVP82,spike,0xfff05637,28000349,42009,31,BC|ARMY 🌌
31,#208CJ0VLP,[20] sevora🧛‍♂,0xff1ba5f5,28000294,41891,32,UNION🤡
32,#99JLULGC,ShadowGamer,0xff1ba5f5,28000061,41607,33,
33,#LQ8RL9QPQ,IDH,0xff1ba5f5,28000233,40829,34,임준표 존잘
34,#2P9YRYL8Y,52|逢いたい🅱️,0xffcb5aff,28000023,40646,35,⚡Stiver Team⚡
35,#PQV8RPP0Q,🎭HB丨xGhostツ🎴,0xffa8e132,28000182,40480,36,YoU_×|eSport
36,#YP0L2980P,FaKe_JoNNy,0xffcb5aff,28000129,40261,37,Radical League
37,#2P0VQ900J,mafiozo TV,0xff1ba5f5,28000138,40052,38,GKS |e-sports
38,#YQ22GGU09,❄IceInte❄,0xff1ba5f5,28000053,40004,39,Sparecchiamo
39,#290JCJC9,AMÍN,0xfff9c908,28000277,39593,40,
40,#2C008GL0C,$mile|YT,0xffa8e132,28000314,39512,41,DieSpeedis
41,#2YJ2G9PGP,ダンヤ,0xffa2e3fe,28000297,39432,42,Never On Time
42,#PUJPJJ2GU,•fyrеn•,0xffcb5aff,28000267,39332,43,КамоСарк
43,#PPQQLRYGJ,[LP]Lexus Pro,0xfff9c908,28000244,39284,44,BreakingBad
44,#88U29YGPC,terror bat,0xffa2e3fe,28000151,39188,45,Les Tryhardeurs
45,#9RCGPVJRG,🍃LISTOCHEK🍃,0xff4ddba2,28000228,39108,46,
46,#L0L0L2V0,🎭HB|xMereXxツ🥀,0xffcb5aff,28000159,39043,47,YoU_×|eSport
47,#PRG2CRRC9,Боец,0xff1ba5f5,28000051,39001,48,🌹clean_Magic⛰️
48,#820CVQLRC,Volk,0xffcb5aff,28000335,38742,49,~Volki°bs{TT}~
49,#2GU22PG8G,Misha s 13,0xffa2e3fe,28000128,38428,50,❤BS❤
50,#PG9GJP9GC,☕|Holostik🥀,0xffff8afb,28000135,38393,51,
51,#LYGCQ8QVY,Ｖﾚﾑムの丂ｲ乇尺,0xffff8afb,28000138,38341,52,𝓢𝓸𝓵𝓸𝓠❦
52,#LVCRYYLQ2,TT3a4emmnekolt,0xffcb5aff,28000332,38329,53,DaViDgI
53,#9G0LVC00R,❄ACE❄,0xfff9c908,28000170,37909,54,Favorita
54,#8QPGVLGY8,|&Sensei&|,0xffff8afb,28000196,37871,55,солнце в Монако
55,#8GVPCGUCU,GG|SAD LEON,0xffcb5aff,28000003,37869,56,🔥Sad Legends🔥
56,#8L9YLPPCP,FX PRO,0xfff9c908,28000202,37855,57,Gänsgassen Gang
57,#290V98PG2,staffany,0xff1ba5f5,28000305,37837,58,Monke Empire
58,#9QYG8R9Q0,LaFlame,0xffa2e3fe,28000228,37578,59,De BrawlBro'S
59,#P00PCLRCV,Тигр,0xfff9c908,28000182,37459,60,тигрёнок+лев
60,#2UU09GJQC,38代目石造り職人,0xff1ba5f5,28000079,37402,61,珍珍さん
61,#8UG9RYLV2,SOPA ÇEKEN AYI,0xff1ba5f5,28000004,37321,62,SOPA ÇEKEN AYI
62,#9RJYYC2VR,★、qtwwgia |汰、,0xffcb5aff,28000125,37313,63,Кристаллиус
63,#2YC08U8GR,GX Valerio,0xff1ba5f5,28000041,37279,64,ItalianStar🔥
64,#9JCP0Q8P2,KAMICADZE,0xfff05637,28000273,37130,65,que pro.?
65,#9992QGCPV,ahmet,0xff1ba5f5,28000000,37070,66,Qütb quşu
66,#9GRVLQCC8,YT ZAPAI,0xffa2e3fe,28000229,37014,67,
67,#202R0QVY,Edu,0xffa2e3fe,28000352,36844,68,Jugadores Virtu
68,#YPLYL890,Sup2 | SQ gamer,0xffa8e132,28000156,36768,69,лига теней
69,#2VR22GJP,memejuli,0xffa2e3fe,28000060,36631,70,BC*Storm 🪐
70,#9RL90CQP,❄️™I©E ®ubble❄️,0xffa2e3fe,28000043,36562,71,308
71,#PY2QCU9RR,🌸ゴッド・オブ・ウォー🌸,0xffcb5aff,28000129,36490,72,АУЕ
72,#9QJRPY0YJ,TT|ilveex🌪️,0xffcb5aff,28000135,36415,73,Baumkatzen
73,#89YYLYQJP,Ekinox_erza,0xffff9727,28000014,36396,74,Dark Infinity
74,#V2GR8U8L,💖BRAWL_SIPLE💖,0xffffffff,28000121,36390,75,
75,#802LULVRJ,tt|spike_350❤️,0xffffffff,28000276,36327,76,dungeon master
76,#9UVPL2VY8,EU0102,0xffcb5aff,28000160,36159,77,
77,#92Y0CU9,Witheriel,0xffcb5aff,28000305,35931,78,Internat Janeti
78,#9UQY2LGG2,Stony,0xffff8afb,28000023,35769,79,TMKSB|Family ❤️
79,#UU9RGYY9,МАКС,0xff1ba5f5,28000305,35736,80,
80,#29GQQPJG9,🤑BOUSCLER🤑,0xffffffff,28000291,35726,81,100k
81,#PJLYV2C9P,aidbrawler,0xff1ba5f5,28000175,35598,82,😈DEMONS👿
82,#9P0CLYUPR,S҉k҉y҉ᵏⁱˡˡ ʸᵒᵘ,0xfff05637,28000135,35405,83,
83,#JQY99RUU,AMBER,0xfff9c908,28000156,35328,84,pupsclub
84,#2J89JRUJV,<~RUVM|TT~>,0xffcb5aff,28000057,35310,85,Regions Team X
85,#YUJQU2Y80,Стас,0xfff05637,28000036,35202,86,Kloc 💩
86,#80QYY0PRJ,Manupro10,0xffffffff,28000332,35077,87,
87,#YYRLJPPG2,Dennis,0xffcb5aff,28000228,35040,88,
88,#LUCP2GR2Y,CRY|💘DEMON🦆🔱,0xffa2e3fe,28000297,35005,89,les champions
89,#9LC88Y8Y9,бравл старс,0xffa2e3fe,28000128,34933,90,
90,#8P9VCQVP0,SuperMan,0xffa2e3fe,28000328,34894,91,Injectix
91,#LLVC8JCQQ,💯LEGEND,0xfff9775d,28000348,34821,92,RS Gaming
92,#2V220RCRR,🥀GGalone❤,0xffa8e132,28000140,34665,93,LORD CLUB😎😎
93,#JCQQGUVJ,IjlalHaziq,0xff1ba5f5,28000332,34651,94,Brawl Royal
94,#92LUC0Y09,prosisoyyo,0xfff05637,28000288,34551,95,Canadian Blood
95,#Y2C8CJP2Q,Geople,0xffffffff,28000151,34425,96,Κύπρος
96,#9LG9VY9VL,⁶₆⁷|𝖳𝑎ìќóʘʷ,0xff1ba5f5,28000352,34388,97,『乙є|𝘾𝙡𝙖𝙣』🌹
97,#2R02LVCJY,TRW|BS,0xffa2e3fe,28000321,34359,98,TRW
98,#JGQY09LR,Code:Eqwaak,0xff1ba5f5,28000175,34342,99,<c0>ГОПАРИ</c>
99,#YG2QQ92PU,Боец,0xfff9c908,28000274,34307,100,Эстетика
100,#Y0JPQ09L2,[PN] prorok,0xffcb5aff,28000228,34268,101,
101,#2VJ9YR9YJ,я ayтиcт,0xffff8afb,28000337,34253,102,SKTteam
102,#20YUYULVJ,Płonący,0xffff9727,28000311,34250,103,🥀Poland_Power
103,#Y8Q98LU09,F_O_M_Y_A_K,0xffff8afb,28000228,34219,104,FG Team Capybar
104,#8G8PQVG82,linus der pro,0xff1ba5f5,28000352,34215,105,🇬🇪BS|CLUB🐢
105,#2P009RQ22,[БАН] ДАНИЛ,0xffa2e3fe,28000312,34173,106,клуб везунчекоф
106,#292G2J2PL,leleleleon,0xffa2e3fe,28000073,34172,107,WESH
107,#LYLL0R2RU,NoN's|VeRbA4,0xffffffff,28000025,34128,108,
108,#QG2YQCYPP,Re6erth🖤|HaNa,0xffffce89,28000218,34089,109,FallenS
109,#22URQQP99,Zombie,0xfff05637,28000314,34078,110,Sith Imperium
110,#2VUC0GU00,Emirhan,0xffcb5aff,28000156,34008,111,[DERNITA🐻]
111,#LR8RPQPC,HAKAN YTB,0xffffce89,28000014,34004,112,<c6>DREAM</c>
112,#9J98PLCJ8,꧁༺J꙰O꙰K꙰E꙰R꙰༻꧂,0xfff9c908,28000247,33979,113,pwp_geyming
113,#9YYJYU82G,гидрожаба,0xffcb5aff,28000049,33922,114,Artem Graf❤️
114,#90QJ2ULP9,Hubi.1.0,0xff1ba5f5,28000310,33853,115,Serkolandia
115,#GVRR8QJP,otl,0xffff9727,28000290,33830,116,
116,#PRPQLR80V,Noise•W🕊️,0xffa2e3fe,28000305,33739,117,Nobody💓Else
117,#8JR98YPQP,Aaron gaming,0xffffffff,28000262,33681,118,
118,#8YC999UUP,Drago,0xfff05637,28000226,33628,119,СНГ ТИПЫ
119,#CR028UJV,griezmann,0xffa2e3fe,28000061,33605,120,חתולים
120,#UPQUCVLC,Brawl stars,0xffffffff,28000135,33580,121,Mixter
121,#90QLCCV8,Кокёин,0xff4ddba2,28000223,33556,122,сроджо
122,#9JG9CGJLG,[БАН] КИРИЛЛ,0xffa2e3fe,28000276,33551,123,клуб везунчекоф
123,#22Q8QJPLR,🌠SAMURAI🥀|YT,0xffcb5aff,28000352,33545,124,S1
124,#2QVPQYCYG,Lucas clash on,0xfff05637,28000311,33545,125,
125,#2LC0V00J,BST_SUINO,0xfff9c908,28000170,33488,126,COW
126,#8U8V0LJ9L,Вольт,0xffffffff,28000151,33456,127,casandra
127,#2G00U0YRG,killer,0xffff9727,28000273,33455,128,🔮Cᴜʀsᴇᴅ Lᴇɢɪᴏɴ
128,#8YYUUYYC8,It's Flakeeyyy?,0xffffffff,28000139,33419,129,
129,#PQ222QRQU,der,0xff4ddba2,28000221,33395,130,Дрим тим
130,#89QQVC8GU,viveklegend,0xffa2e3fe,28000293,33362,131,Trophy Racers
131,#20V0QGC98,Bowser YT,0xffcb5aff,28000018,33288,132,DUDADAUE
132,#8UG9CL2CP,ⱠɆɎ₦ⱤɆ₳Ⱡ,0xffa2e3fe,28000294,33281,133,Tapki
133,#PGCJQ9R0Y,лев кароль,0xfff9c908,28000348,33257,134,
134,#8YPCL2PVG,fabricio_567,0xffcb5aff,28000207,33216,135,<c0>Ｒｏｙａｌｔｙ</c>
135,#2VR9R8VUR,시윤이,0xffa2e3fe,28000102,33214,136,학성화이팅
136,#L98QQ20VQ,Death Frog🐸,0xffffffff,28000068,33212,137,
137,#P00CVVG99,COF,0xffffffff,28000023,33196,138,ᴛʜᴇ ᴛᴜʀᴀɴ🇹🇷
138,#9ULVQ9802,lélé le s,0xffff9727,28000033,33156,139,roro
139,#P2YQUVQVV,meliodas,0xffcb5aff,28000335,33120,140,Code Sports
140,#9QYYRU88U,Whiskas | ❄️,0xfff9c908,28000018,33109,141,🖤Dark Team🖤
141,#P20289U9V,☁✨爱Sηιρєz爱✨,0xff1ba5f5,28000187,33011,142,TDR_CRAZY✨🌪️
142,#2QQGQLJLV,Kᴇʙᴀʙᴷⁱˡˡᵧₒᵤツ❤️,0xffcb5aff,28000041,32962,143,Les amigos
143,#9UQ8JC9UY,_⚽️Ga3ikFan⚽️_,0xffcb5aff,28000132,32951,144,
144,#JL29P29,spark,0xfff05637,28000223,32936,145,ФИСТАШКИ
145,#8J2VGVRVL,ابو الشعرات,0xffffce89,28000218,32907,146,
146,#9L8UP8VLJ,ромашка,0xfff9c908,28000132,32907,147,
147,#PVCGVPU,JgR|⚡Flash⚡,0xffcb5aff,28000014,32905,148,macher
148,#YRVVR9JJP,GrapeFruit|♧,0xff4ddba2,28000136,32811,149,Sworn_Dominion
149,#20808YJ9P,SD|CLOU=D☁️,0xfff05637,28000023,32784,150,
150,#PUP0UV29J,Neymar.o11,0xffa2e3fe,28000203,32771,151,TÜRK MİLLETİ
151,#2U0VYY0VY,.:(DyDyťķľ÷)?¿,0xffcb5aff,28000005,32762,152,Les frite c bon
152,#29PYGP209,Блет серый,0xfff9c908,28000132,32752,153,N1ghto
153,#2UGCJVC0Q,niquer vos mere,0xffa2e3fe,28000077,32730,154,
154,#8CVC89RY,odaly,0xff1ba5f5,28000290,32703,155,Суета14RUS
155,#8UJCG8299,Петрович,0xffa8e132,28000156,32679,156,Showdown🖤Kings
156,#8G9PU8GRY,wer mag pizza,0xffa8e132,28000168,32673,157,750 🏆
157,#8VP92PV0R,ВесёлыйКотЮТУБ,0xfff9c908,28000132,32671,158,ПУТЬ 500 К
158,#Y2JRY920,S21,0xff4ddba2,28000245,32668,159,
159,#PQJQ0LRUV,Убийца,0xffa2e3fe,28000018,32649,160,wiśnie
160,#8UPPUYLJR,🎋БАМБУК💚,0xffa8e132,28000156,32598,161,good geame
161,#PL2JCJ08V,__ArtCon__,0xfff9c908,28000132,32580,162,Last Star Soul
162,#JPQLCPJL,влад губко,0xff1ba5f5,28000332,32576,163,🇺🇦😎ЗСУ😎🇺🇦
163,#PR2V8020C,Xlegends,0xfff9c908,28000288,32572,164,🔮Cᴜʀsᴇᴅ Lᴇɢɪᴏɴ
164,#98PR80Y9G,Emerson,0xfff9c908,28000295,32567,165,Guatemala
165,#28URCP82Q,⛩Cm|you💔,0xff1ba5f5,28000151,32534,166,Servato Toxic🦠
166,#2U2RGJ0Y0,idalgo,0xfff9c908,28000181,32491,167,Brawl & Bill
167,#8GV9QLGYR,Байрон,0xffa2e3fe,28000132,32440,168,Brawl bazen
168,#80QJ2Y9CV,Fang,0xff4ddba2,28000297,32411,169,&lue Sock$
169,#YY9P9CJJY,папм,0xff1ba5f5,28000175,32401,170,𝓷𝔂𝓪𝓼𝓱𝓲✨️
170,#8GU8L8PQL,Tryx,0xfff9c908,28000087,32374,171,los papus
171,#9CPYJQVJ0,Forever💗linzzz,0xffffffff,28000320,32346,172,4 просто 4
172,#P922VQC8G,мимозыря,0xffffce89,28000267,32344,173,Ping Zone
173,#2YGU8RRJR,Warriors,0xffa2e3fe,28000156,32284,174,i centiols
174,#8LC8J08Q0,[MMA]Furus,0xffcb5aff,28000305,32247,175,РеалКактус🥶
175,#C8CYCJJR,Kirito,0xffffffff,28000139,32221,176,TheDutchKings
176,#8UGC8UUGL,Predator,0xff4ddba2,28000248,32143,177,
177,#8Y90YG89C,N1|Yokaru⛓️,0xffffce89,28000044,32072,178,
178,#9GL9GJP98,читер 000,0xfff05637,28000004,32046,179,🔥фарм хрюшек🔥
179,#9J28QJPL0,SРМ|VLAD10RW,0xfff9c908,28000156,32027,180,пуш кубков
180,#9UY29GCJR,BTT|Neit,0xffcb5aff,28000023,31986,181,
181,#Y8YUPRPR9,Mrk,0xfff9c908,28000168,31984,182,que pro.?
182,#9VR2LRL0Q,SSSR,0xfff9c908,28000154,31916,183,
183,#2RLQUC0Y0,nickvw,0xffffce89,28000166,31905,184,CHÁBŘY
184,#PLYQY8QC0,MoacirRaboGordo,0xffcb5aff,28000290,31879,185,Kiss of Death💋
185,#8QGUYG8QU,efimov10,0xffcb5aff,28000023,31851,186,psychokids
186,#2C8QR0JV9,DereVo,0xffffce89,28000335,31738,187,
187,#2CCRUVLPY,lilproff💮,0xffcb5aff,28000058,31694,188,king nino
188,#2QPL9GC2,lamasticot,0xffa2e3fe,28000053,31674,189,Les Boss du 33
189,#P8RQUU902,werti[ELITE],0xfff9c908,28000277,31658,190,ShenLand
190,#80C9GR9LJ,MASTER PLAYER,0xffff9727,28000305,31656,191,
191,#PPJC0UG9Q,"""R>""Егор",0xffff9727,28000158,31639,192,Hunters
192,#JRJYRC0,⚡𝕂𝕚𝕝𝕝𝕖𝕣⚡,0xffcb5aff,28000297,31634,193,КИБЕР- CAT
193,#220LQUVY0,Ислам,0xffa8e132,28000222,31629,194,Navi/Undergrond
194,#Y2Q2UJ9UQ,нагито,0xffa2e3fe,28000341,31624,195,броуул старс
195,#YUQY2CLYJ,Bot3,0xff1ba5f5,28000352,31624,196,CP|Club👑
196,#G2LJ209P,Código199,0xff1ba5f5,28000164,31575,197,LA ÑEM
197,#9CUL2VQRL,faze pepinito,0xffcb5aff,28000203,31573,198,Team Chuchin
198,#990L29JQ8,LAZ KOPAT,0xffcb5aff,28000352,31518,199,
199,#R0UPLYU2,ИОСИФ228{BLAT},0xffff8afb,28000156,31503,200,
