,tag,name,nameColor,icon,trophies,rank,club
0,#2RU0JLVCY,Abacaxi💘,0xffffffff,28000000,72227,1,★the Players★
1,#9CCRUQJC,CROÛTON BG,0xff1ba5f5,28000019,61190,2,Tocxa
2,#Q0902092,KR|Rxyns,0xff1ba5f5,28000095,58352,3,Fullclip Fam
3,#9JUGJVCC9,PaiPalMe:6Lukas,0xffffffff,28000224,57692,4,Brawl Imperium3
4,#28GG09LYR,TTM|🥀JULIEN🥀❤,0xffff8afb,28000023,52930,5,HMY |clan🥀
5,#8PRCRP9GJ,TES|RUHU HANÇER,0xfff9c908,28000205,51888,6,TURKEY ESPORTS
6,#YVVPCCLC9,羅| Pʜᴏᴇɴɪx,0xff4ddba2,28000218,51624,7,The Irrationals
7,#990Q00C02,Rrrd¥👑,0xfff05637,28000052,50070,8,§håÐðw χ
8,#2Y8RGU0U,Джон псина,0xffa2e3fe,28000272,50016,9,KATHARSYS
9,#2LJYLGJ0,Pjey Brawler,0xffffffff,28000139,49270,10,Schwarzes Blut
10,#998YJCP0V,ĢØŢ|PĄÑĐĄ,0xff4ddba2,28000140,48703,11,demonic team
11,#R2U9LG8V,FLEXY,0xffffffff,28000149,48274,12,Namekians
12,#P88UCG9LQ,Pörtzy,0xff1ba5f5,28000125,47376,13,Namekians
13,#2JU8V8JLL,PAUL,0xffff8afb,28000227,47243,14,Fearless
14,#9YUPQ8G09,KAOS HYDRA YT,0xff1ba5f5,28000317,47075,15,~Endless Power~
15,#282UG2P0L,ㄥ乇ㄖ几 ˡⁱᵏᵉ ʸᵒᵘ🥀,0xff4ddba2,28000338,47004,16,iMos
16,#809QGLPYL,GErmeS,0xfff9775d,28000103,46535,17,⭐Star Gang⭐
17,#88G288GGQ,Watzefeuq,0xffff9727,28000305,46136,18,LightHouse II
18,#Y989LV89Y,🔥🥀𝙉е𝚢ᵏŏ🥀🔥,0xffa2e3fe,28000333,45854,19,Pasteurland
19,#9209C090,「ᴛᴛ|Lᴀᴠᴀ」,0xffff8afb,28000349,45665,20,МЕДВЕДЬ-ШАЛУН
20,#980LQQRQJ,AdikNik,0xfff05637,28000291,45616,21,
21,#8QVCLVQCQ,ťôxiśćhTICK🥶,0xffa8e132,28000042,45301,22,ARENA AWP
22,#8QVYUQLR8,brobus3,0xffcb5aff,28000135,44965,23,Balzner freunde
23,#9GJCCYQYJ,꧁༺₦Ї₦ℑ₳༻꧂,0xffcb5aff,28000228,44830,24,❄️Ice team❄️
24,#9VR8JG09P,Yum~Yum🍜🍜,0xfff9775d,28000187,44730,25,Cool brawler
25,#28C8UL0G9,QLS|BabyNakata,0xffa2e3fe,28000284,44643,26,Stud.unifi
26,#YV8U0CRVU,SKLIN|SHOT™,0xffcb5aff,28000297,44612,27,kings area
27,#LJPGJPPV,G2|CREAVIUDAS,0xffffffff,28000044,43895,28,zc brawl
28,#PU8CCVJPG,OP|Lenny :),0xff4ddba2,28000077,43792,29,𝕙𝕒𝕝𝕝𝕠
29,#2QC092Y0L,Benn,0xfff9c908,28000170,43399,30,𝑫𝑬|𝑺𝑲𝒀
30,#P9R9LPQ2G,Cm|Daniel 785,0xffcb5aff,28000148,43289,31,Call us LEGENDS
31,#UGLUUQ2G,Dave the brave,0xffffffff,28000259,43182,32,Vinci3.0
32,#9PCJ9C8,ruby⛧,0xffffffff,28000304,42748,33,Feast or Famine
33,#P0JGJC9UG,[AU] $KING$™,0xffffffff,28000000,42497,34,Heilin Empire🌹
34,#Y890RJULC,ˡᵉᵍᵉⁿᵈᵃʳʸ ᵐᵒⁿᵗⁱ,0xff1ba5f5,28000042,42456,35,GN|Legends
35,#8PJYRCUJL,🌸ᴵᴬᴹ❀𝑀𝐢𝐨❀🌸,0xffff9727,28000348,42451,36,Mio Gm | Army
36,#CV2UCUC9,AM | TReADMill⚡,0xfff9c908,28000132,42334,37,Veterans
37,#9JJPLUJC,He Is Gay ==>,0xffffffff,28000226,42144,38,
38,#8YPJ2JGQR,C.O.R.T.E.X,0xffff9727,28000271,42036,39,Call us LEGENDS
39,#JCV0G02,Vincent,0xffff9727,28000280,41984,40,DADDYS 7e
40,#PURGPCPJP,dhd,0xffcb5aff,28000341,41955,41,I MOGLIANI
41,#89QV88Y0Y,Hi,0xffa2e3fe,28000161,41584,42,Blub Club
42,#88LLPU92V,Lord_Primo,0xffa2e3fe,28000231,41463,43,Digital Death
43,#82YP9QCG,SN8WMAN,0xffffffff,28000305,41402,44,Davids Hive
44,#8L82JQJQ8,niewiny,0xff4ddba2,28000019,41193,45,PG Academy
45,#Y2VG82GYP,BD|FLATEX,0xffcb5aff,28000288,41152,46,Les Archers
46,#9CQCVY89G,VTLR|Ex3zerO,0xffa2e3fe,28000156,41083,47,Dragonika
47,#P98VGL9C2,TTM|𝑀𝒶𝓊𝓇𝓎,0xfff9c908,28000096,41058,48,Fury Gaming
48,#9YYVUQ2LR,fgh,0xff1ba5f5,28000126,41007,49,ZoneFighterSS
49,#80Q2PY0J8,jep,0xff4ddba2,28000272,40704,50,jep jep
50,#8YP2PJ2QU,cheese pro,0xffffffff,28000207,40518,51,eennzzoo
51,#8L8V2PPL,Player:09,0xff1ba5f5,28000227,40499,52,DieSpeedis
52,#8G88RCJUJ,❄️Kater😾3ds❄️,0xffcb5aff,28000163,40495,53,TeamYY
53,#C0PRPL0C,King,0xffff8afb,28000281,40362,54,deutschkatoffel
54,#8QV9QJQU8,"Spleͥtteͣrͫ2,Cw",0xffcb5aff,28000132,40229,55,Balzner freunde
55,#QYUC8PJU,[ПЕМПУШ]JAKMAN,0xffcb5aff,28000349,40222,56,СИГМАЧКИ
56,#P09PCC8CG,Christoph,0xff4ddba2,28000170,40172,57,Christoph
57,#28J0R2PP0,🥊•M͢ɑy͠kだ,0xfff05637,28000029,40148,58,OTF_NO MERCY
58,#2Y0L9CRY9,#RAPHI😎,0xff1ba5f5,28000352,40053,59,Bots only
59,#8ULJLQPYC,Der Nita,0xffffffff,28000041,40017,60,Real Austria
60,#YL00VYQYL,паркур,0xffffffff,28000174,39941,61,CLUB LEON
61,#9J8CYQYVJ,Ваня👾🥇🥈🥉,0xff4ddba2,28000155,39795,62,ZERO ZONE
62,#88CQGJC0G,🖤|ĶĂŘĤĂŘŤ|🖤,0xffffce89,28000132,39711,63,⛩️BC/Family⛩️
63,#89QRPQPC8,Tomer753,0xfff05637,28000095,39600,64,عرب متحدين
64,#YCJYCCY9C,azerty,0xfff05637,28000203,39269,65,LES GOAT DES TR
65,#2RPRP8Y9L,eliklo,0xffa8e132,28000254,39201,66,Tacticanz
66,#9YY9R888J,(⁠｡⁠•̀⁠ᴗ⁠-⁠)⁠✧,0xff1ba5f5,28000334,39158,67,Mortis🖤🌛
67,#YGQ80PPQ,Mat12,0xffff9727,28000202,39065,68,NOWZARADAN CLUB
68,#PL8GJUJUR,Bob,0xffff9727,28000093,38814,69,three star bros
69,#2QLYY092Y,Артем3487 2.0,0xfff9c908,28000023,38763,70,
70,#PGGLJRJ22,Кокосовый кот,0xffff8afb,28000330,38756,71,GeGas
71,#8G8L89JYC,Disavish play,0xffa8e132,28000228,38739,72,
72,#Y92VY2JP0,RJK|Lexus,0xffffffff,28000031,38725,73,Adulte
73,#88JJJG0Q0,CleverBlubb,0xffcb5aff,28000297,38670,74,Jonny-Clan
74,#JYY2LCCJ,Şerif & Mert,0xfff9c908,28000037,38521,75,enesa pro
75,#2UCV8P29L,sebek🐕🐶,0xffa2e3fe,28000330,38506,76,Titans League
76,#Y08JCJCGJ,Mikasa,0xffff8afb,28000060,38494,77,🖤ᴅᴀ𝐫ʞῥ𝚞ꜱ𝘩🥀
77,#YRQJLJPQ9,Tomas753,0xffcb5aff,28000207,38478,78,Soziale Socken
78,#92JU0U8QV,alexandros,0xff1ba5f5,28000059,38444,79,Sturmclan
79,#8JV0VQ9UC,Bricciola,0xffa2e3fe,28000156,38331,80,LegendaryPlayer
80,#2GU200LC8,бог усопп,0xffff9727,28000225,38171,81,the God players
81,#8QCY9R9R2,tomar753,0xffa8e132,28000288,38100,82,Die Pros
82,#V0PYCY0R,QLS | 𝙵₰ąσ𝕤☔️,0xffcb5aff,28000003,38060,83,Patate|Esport
83,#8G9RLL89J,Tom ist schwul,0xffffce89,28000342,37815,84,DARKNESS
84,#RRYVPP8G,نيكو كروز1234,0xffff9727,28000066,37762,85,NEW PAPA
85,#RYPCRRVQ,mentalkiller,0xff1ba5f5,28000170,37747,86,SourSoup
86,#8VCQRCG0R,Entertaste,0xffffffff,28000278,37682,87,DiValchschreiba
87,#9JGQY2Y2Y,YT:Noelvitrine,0xffff9727,28000151,37623,88,
88,#80JYP8VJL,TTD|Markus🥀,0xffffffff,28000135,37567,89,
89,#RYQR0GGG,★Foͥreͣsͫtdevil,0xffa2e3fe,28000348,37517,90,Aktive club
90,#2VY9R99CJ,QLS|SuperAlbert,0xffcb5aff,28000291,37505,91,Obex
91,#2G922VYP2,NaVi|Tobirama,0xffa2e3fe,28000349,37489,92,
92,#YCQVCQQL2,dilmun,0xff4ddba2,28000267,37350,93,NAVi/MMA
93,#98Y2YLJU0,banana king,0xffa2e3fe,28000305,37319,94,<c2>Beasts</c>
94,#PLR2LRYPV,Tic Tac Tobi,0xffcb5aff,28000347,37241,95,Call us LEGENDS
95,#80VLUC9JV,⚡️DANT£⚡️,0xffff9727,28000321,37213,96,
96,#9CQC2U0J,Tim and Den,0xff4ddba2,28000023,37140,97,гинщин топ🥵
97,#2P2GUJUUC,maël,0xfff9c908,28000060,36712,98,Boxing Hamsters
98,#PR89YV9G8,BT7СВЯТ,0xfff9c908,28000341,36703,99,Ukraine🇺🇦
99,#J2RCP0LL,Killer 2.0,0xffcb5aff,28000141,36675,100,
100,#YQV829YR8,GK|GābrīK🥇,0xffcb5aff,28000280,36632,101,GK| Team🇮🇹
101,#2V2CR22JG,Brawler,0xff1ba5f5,28000305,36479,102,AFGM Juniorss
102,#PRJQ2JVUV,ᴅᴀʀᴋ|JakaMaka🥡,0xfff9c908,28000182,36471,103,Club #LV0RYCY9
103,#2JYJVYL28,IB|zxcursed♕︎,0xffffffff,28000051,36439,104,
104,#89QRY2CQV,⛩️Tᴇᴀᶫᵒᵛᵉᵧₒᵤ☄️⛩,0xff1ba5f5,28000259,36271,105,Mortuary'🧛
105,#2RGQ9Q2QR,Brunolol,0xff4ddba2,28000069,36266,106,Hobbygärtner
106,#2CRPYRQUL,LeonF2P,0xff1ba5f5,28000341,36236,107,Royal Guardians
107,#YY2JV0PUY,killer Pokemon,0xffcb5aff,28000335,36166,108,»Toxic|Gamer«
108,#J8UY99YY,Elias,0xff1ba5f5,28000292,36126,109,Mega club
109,#9RLV2JUP9,轻微 |Dionyo❤️‍🩹,0xffff9727,28000349,36101,110,Toastbrot Gang
110,#YY8PYU0JY,<-=Problem=->,0xffa2e3fe,28000255,36100,111,-PL-SONIK
111,#92GUYCQG0,Viggo Grimborn,0xffa2e3fe,28000317,36051,112,
112,#2RV2JG020,flowrencyy —🪐,0xffffffff,28000136,36022,113,Kokichi|TM
113,#LYLYQPRGY,💛Tom🐣,0xffcb5aff,28000345,35969,114,Minecraft GANG
114,#9JLUCPC0Q,sosy_jopy//:,0xffa2e3fe,28000225,35726,115,Valar Morghulis
115,#GCRGJVVC,Spocky SC,0xffcb5aff,28000224,35679,116,Nova Expert
116,#VJR0QV9P,ibo paşa yt,0xffa2e3fe,28000016,35667,117,beren bulut
117,#9UGCPR0U2,𝕋𝕠𝕞𝕞𝕪𝔹𝕠©,0xffcb5aff,28000139,35659,118,Moon In Fire🔥
118,#208QVJJV9,El HalDerico,0xffff9727,28000061,35571,119,PAMUK
119,#2028VVY0V,<{T O X I C O}>,0xffa2e3fe,28000185,35539,120,
120,#880U8GQYU,lalaste64🇧🇪,0xffa2e3fe,28000007,35517,121,TrueLegends🔥❤
121,#PLCYYJRJ9,McPinzsky,0xff1ba5f5,28000164,35459,122,B N BM💪!!!
122,#9VL289292,bennett,0xffa8e132,28000175,35401,123,MG Club
123,#8YQ88VQPC,DARK SOULS,0xff1ba5f5,28000175,35350,124,Warlocks
124,#VVQVGRV9,owee | ryan,0xff4ddba2,28000017,35336,125,Solo Dude
125,#2G9LPCCGR,thepusidestroye,0xffa2e3fe,28000272,35335,126,киберспорт
126,#82Q988UGY,rantanplan,0xff4ddba2,28000282,35289,127,fuffigratis
127,#9JJR9RV0C,Chaos_ManYT,0xffcb5aff,28000352,35235,128,ГАНДЖИБАШКИ#2
128,#8PUUQ8GR8,Brawler,0xffcb5aff,28000228,35178,129,GayClubElOtchim
129,#2880PCU8V,dito,0xff4ddba2,28000228,35173,130,DARK Angels
130,#82VQQP9RV,канал Барсик,0xffcb5aff,28000141,35131,131,канал Барсик YT
131,#GYCRGQQ02,aineja,0xffffffff,28000224,35042,132,Neues Zeitalter
132,#2VGLJ2LLL,xmine228,0xffa2e3fe,28000150,35019,133,sopadumakako
133,#JCQJPQYL,9 9 9|Juice,0xffa8e132,28000299,35001,134,Leftovers
134,#2J9P8QVUQ,pester 7,0xffcb5aff,28000224,34940,135,🔪SUS🔪
135,#282GJJY8R,LUCKICRAFT92,0xff4ddba2,28000248,34890,136,Impero ITA
136,#20G2VLYPC,Bot 6,0xff1ba5f5,28000285,34862,137,galaxy2.0
137,#LC8L2C28,jelonek,0xff1ba5f5,28000023,34829,138,KLUB MINIONKÓW
138,#2V2VVLCR,C̵̥͋l̸̜͌ỏ̴̪d̵͊,0xffcb5aff,28000006,34729,139,
139,#8R9GJUGQR,R.Göklerde,0xff4ddba2,28000184,34687,140,
140,#PL2Q2UL0,Darth Vader,0xff1ba5f5,28000170,34673,141,Athletik Champs
141,#8LVLJV9Y0,[чит] jolboy,0xffffffff,28000156,34670,142,ZXC МАШИНЫ
142,#PYC0YCC88,Wurst im Brot🌭,0xffcb5aff,28000222,34639,143,Neuhofner Club
143,#2JCYVRPCP,AA | HahaduBot,0xffa2e3fe,28000135,34550,144,FresherThanYou
144,#9QUV0YGGY,леон,0xffa2e3fe,28000330,34536,145,снайперы
145,#802PLQJ9J,Griezmann,0xff1ba5f5,28000151,34469,146,9c
146,#9RC8CUGCR,romi free2play,0xffa2e3fe,28000271,34444,147,Fang Pokémon
147,#292VCL9C0,私 | 三百二十♡³²⁰,0xffa2e3fe,28000129,34413,148,
148,#YVG2V0QGQ,Be,0xff4ddba2,28000341,34387,149,Die mega coolen
149,#9QJ99P0Q9,tiko_Dnepr,0xff1ba5f5,28000175,34380,150,huy negra
150,#2J9GQVRCR,вовчик,0xffcb5aff,28000294,34366,151,Легенды
151,#PYQJQ9992,Crow,0xffffffff,28000319,34320,152,ICE|❄️Elite❄️
152,#YRRJCJL0J,Mika 3000,0xfff05637,28000314,34297,153,⛩️ABA | BS⛩️
153,#2GJ88VJUC,SK |Philippo,0xffa2e3fe,28000335,34284,154,ネ |Nightɴ͢͢ʀʏ🌒
154,#UQ0Y9J8J,FLiX,0xffa8e132,28000290,34198,155,KRM club S
155,#QJPYPCY,WAHRHEIT,0xffffffff,28000008,34138,156,🇩🇪GERMANY🇩🇪
156,#8QQJVLJP2,Mooos,0xffa2e3fe,28000298,34133,157,4402
157,#PCUCCRYR,🔫LiFeKiL🔪,0xffcb5aff,28000280,34002,158,Invisible Squad
158,#829Q2C88C,Twój Ofi💜,0xffff8afb,28000179,33881,159,try ofi
159,#89RLC0U8L,vaniageum,0xffff9727,28000228,33804,160,!!!UA!!!
160,#YVL0QCL28,zorrito,0xffcb5aff,28000349,33766,161,StayNight
161,#8LL2CLUR0,OP|raͥfioͣuͫl♨️,0xffcb5aff,28000340,33645,162,YT|CODE:MDA
162,#P0GRJCPJ0,CM|LEON?¿,0xffa2e3fe,28000151,33631,163,Kings1
163,#9YRLPGQV9,GX LOLLO,0xffffffff,28000081,33625,164,marco hai fatto
164,#2Q8LRP8J,Turrican🕹📺,0xffa8e132,28000008,33614,165,
165,#VVGJ29U8,(БЛЕТ)КОСТЯ,0xffcb5aff,28000305,33601,166,Mystic Lynx
166,#9CY8V28C,🔮| Makor☂️,0xffcb5aff,28000173,33599,167,sigmy bawola
167,#9YRJCLPRQ,CAMÉLÉON ⁶⁴☆X🐷,0xffcb5aff,28000076,33566,168,JTC|⚡STORM🌪️
168,#QQ8PUVY8,احمد,0xfff05637,28000233,33469,169,<c8>EG|BEST</c>
169,#89YV9YV8V,🥀niki_top🌴,0xffff8afb,28000331,33398,170,Nether Ukrenian
170,#9P2R20R08,呢独立时,0xffff9727,28000132,33333,171,
171,#P0CYJRJ8R,Master 1.0,0xffff9727,28000175,33325,172,MK&MX|BS
172,#P98C9UPJQ,Julian#13,0xfff9c908,28000017,33316,173,
173,#LLCLR90Y8,Raphael,0xffff9727,28000140,33298,174,CROW E-SPORT🦅
174,#8VV8VQ88R,도원이,0xfff9c908,28000185,33259,175,시옷비읍
175,#29JCVUJLQ,YT Roter Rubin,0xfff05637,28000332,33239,176,The Guardians
176,#8C82R228J,CrazyBull,0xffcb5aff,28000297,33180,177,lietuva gang
177,#YYPJRP90V,ヅKirillKost,0xff1ba5f5,28000206,33137,178,Road 50k 1lvl
178,#9290QPYUG,PKI|PPEGOTX,0xffa8e132,28000021,33087,179,PKI team
179,#90YQJVJ0G,[DS]DemS58,0xfff9c908,28000061,33062,180,
180,#PCG8Q08J,Bu Ilya,0xffff9727,28000116,33054,181,миру-мир
181,#9V92YQ9Y2,Cookie the cat,0xffff9727,28000272,33031,182,⏱️الوقت time⏱️
182,#PC2GP2LV8,ELECTRIK KuLiK1,0xff1ba5f5,28000271,33029,183,chicken wings🍗
183,#9UUVJQQUR,tu dignidad,0xfff9c908,28000301,33023,184,Team Tacos
184,#YGJCGGCPC,the boss,0xff1ba5f5,28000141,32983,185,~VSS
185,#9RVYPCJ8L,tomar753,0xffa2e3fe,28000282,32974,186,Minecraft GANG
186,#LLPLYUCQ8,Limsawulf,0xffa8e132,28000130,32940,187,
187,#2RLL2G298,OWEE|NANITOX,0xff4ddba2,28000219,32903,188,
188,#2C22RC28V,mafin man 4,0xff1ba5f5,28000067,32876,189,GreekLegends
189,#80C0CCGJQ,banana boy,0xffcb5aff,28000161,32862,190,S #red Stadin
190,#8JP098RRG,дмитрий путин,0xffa2e3fe,28000294,32818,191,teamghost
191,#9Q9ULYG8U,Ворон,0xfff05637,28000255,32700,192,ПОНОСИКИ
192,#8YUC9JRCG,《Mario》,0xffcb5aff,28000253,32661,193,Hustters☆
193,#8LGR0RL2G,Poco,0xffa2e3fe,28000103,32644,194,proski kutaski
194,#2VGU9VGV,li2Shot,0xffa2e3fe,28000218,32639,195,
195,#9UR2LRJQ8,franekx,0xfff05637,28000225,32638,196,EkipaZadymiarzy
196,#P9YPJU9PY,adit-yt,0xffcb5aff,28000291,32622,197,F.R.I.E.N.D.S⚡️
197,#PJPP89G82,karina,0xffa2e3fe,28000036,32585,198,scheetjes
198,#8JPQ9QQYJ,Brawler,0xfff9c908,28000222,32527,199,mahraton
199,#92QCGY2LU,BenisstKeckse,0xffa2e3fe,28000187,32499,200,Shadow
