,tag,name,nameColor,icon,trophies,rank,club
0,#LR08G9C8,BC*| Kubaba♡,0xffff8afb,28000008,72734,1,BC*|Family*
1,#UL8QC98,Rolex,0xfff9c908,28000340,61359,2,Brawl Kings
2,#2VG0Q0P8,Zeusゼウス,0xffff9727,28000262,60544,3,Holy Utopia
3,#2LLPGU28C,Superce11,0xffffffff,28000332,59434,4,EntenandieMacht
4,#8GRQ8QYUQ,Grizzly,0xfff9775d,28000092,58560,5,LUXEMBURG
5,#PU2JL09R,Luisdracorex👙,0xffff8afb,28000080,57931,6,🌀ELITES🌀
6,#LCQYUUY,ʟɪᴛᴛʟᴇꜱᴛʀᴀᴡʜᴀᴛシ,0xffff9727,28000348,57649,7,LUXEMBURG
7,#8L0LV2U20,FD_Ariana,0xffa2e3fe,28000303,57630,8,LUXEMBURG
8,#2CU2LRUCU,Loïc 938,0xffa2e3fe,28000210,57432,9,Eiseskälte™
9,#P28L2PLYY,Icecat_🍄,0xffa2e3fe,28000267,57371,10,youhappyjiuok
10,#20LG20UPG,Takashi🔪,0xffff9727,28000018,56616,11,Beyond Swift
11,#9Y80RVRPY,TW|Habibi,0xffcb5aff,28000041,56418,12,TW |Gaming♡
12,#2P08GRVC,⛩Team ?⛩,0xfff05637,28000272,55490,13,Adulte France B
13,#98G0U98JP,𝔁𝓢𝓲𝓲𝓾𝓼𓂉,0xffa8e132,28000110,55246,14,United Empire
14,#8Q0809QPC,Samurai X,0xffff9727,28000116,55034,15,30|Sigmas
15,#2RUJR2Q80,스타,0xffa2e3fe,28000218,54959,16,Wolf Legend
16,#89JLJUULJ,💫𝑺𝑨𝑽𝑽𝒀⚡️,0xffcb5aff,28000299,54586,17,Azadian
17,#P2PQVVJJQ,力|Sumūzu,0xffffffff,28000345,54081,18,King
18,#GCVVUGYU,TM |EDENSZERO,0xffa8e132,28000206,54005,19,ATM☔️|Team🔥⚡️
19,#R99PVQ9J,chatteépatté,0xfff05637,28000285,53779,20,chibraltar
20,#J0LUC8CG,s k t,0xffcb5aff,28000020,53754,21,Castle of Kings
21,#Y8R90URUR,OWEE |Timcool😎,0xffa2e3fe,28000310,53402,22,
22,#LGY92CRYY,BOT丨人机,0xffffffff,28000156,53315,23,China中国
23,#2U88V8GGQ,FD_Amir,0xffffffff,28000207,53016,24,xBears🐻
24,#9JCQLUGQ,Yassan,0xffcb5aff,28000077,53002,25,Die OG‘s
25,#V9GJUY0,locco,0xffa2e3fe,28000225,52972,26,Locco Bloods
26,#8GCRRYPPY,BC*|Lara🥀,0xff1ba5f5,28000018,52938,27,
27,#80UG0VJ02,Chicharro,0xffa2e3fe,28000020,52909,28,The Irrationals
28,#29JG98VQU,Fatality clém,0xffcb5aff,28000305,52612,29,🈵|€spoRt❤️‍🩹
29,#2U09VG8YP,gollo7643,0xffa2e3fe,28000272,52592,30,❄ICE GHOST❄
30,#PC8RYGQUU,Nico,0xff1ba5f5,28000349,52017,31,❄ICE GHOST❄
31,#8VG9C98JJ,ахахахахахахаха,0xffcb5aff,28000301,51892,32,MāgīcEclipšīš🔮
32,#8JGJVJU8U,Tu madre,0xffff8afb,28000328,51823,33,FairyTeam
33,#80RRJJP2R,↯Dɾαȥσx,0xffffffff,28000008,51428,34,Ice eSports 🧊
34,#LU2CG0VL,NS|Sηøoppy🥀☔,0xffffffff,28000221,51382,35,Only friends🔥
35,#LLQ290P0,FUT |『ꪚꙶꫀꪦⷶꪉⷨꪔ』,0xffff8afb,28000321,51111,36,❤️COLT|1000🏆
36,#90URQ22P2,noctalyspace,0xff1ba5f5,28000218,51074,37,Bralw stars
37,#RQCQJ0JY,UFO,0xffff9727,28000349,51044,38,United Empire
38,#VJJGQGC8,ᴸᵀLuna💕,0xffcb5aff,28000301,50911,39,United Empire
39,#LRUJ0UG,<~~he gay,0xffcb5aff,28000221,50888,40,Pyna Diper
40,#PYGQUUQCV,あ|𝙺𝚛𝚒𝚜シ,0xffcb5aff,28000135,50767,41,Time Trap
41,#9LV0PGCU,MTZ | Lucianø,0xff4ddba2,28000275,50668,42,MTZ
42,#820CVCU0L,Lucien le boss,0xffcb5aff,28000225,50592,43,yolu
43,#Y0LPU0RQ9,🏆Poco is hoe🏆,0xff4ddba2,28000335,50505,44,De patatjes
44,#8VY2YRRVU,⛩|Legend64🎋,0xff4ddba2,28000044,50473,45,Op|Team☔❄
45,#C2U8J99P,Demil,0xffcb5aff,28000291,50464,46,Etti💫EmzBS
46,#2CGCULCR8,泽仔,0xfff9c908,28000317,50376,47,China中国
47,#YPLRQ2Y,Salutilouis,0xffff9727,28000229,50339,48,Spikombre
48,#CQ29LQ88,SubtoJetbtw 777,0xfff05637,28000291,50339,49,WWW
49,#L888YLU,Ａｋｌｏｖｅ ：３,0xfff9c908,28000237,50327,50,Hugo_Dees_TV
50,#Y9PQ999VQ,Gamemylose,0xffa2e3fe,28000044,50311,51,Potatoes
51,#8PGJ92GPR,㐅Ｓのｂi㐅,0xffa2e3fe,28000221,50259,52,
52,#GJLQ2089,ᴵ ᵃᵐ 千卂乃|ㄖ🥀,0xffa8e132,28000140,50257,53,
53,#29RP9QVC2,TW|Luc,0xff4ddba2,28000140,50012,54,TW |Gaming♡
54,#2JJRUVQ9C,MTZ | Pøînss,0xffa2e3fe,28000053,49969,55,MTZ
55,#Y8RVLL9QR,ᴸ ᵀ Theo💕,0xffffffff,28000341,49846,56,social anxiety
56,#2CQCUYGU8,kevin,0xffcb5aff,28000330,49616,57,Magnifico
57,#8LJLRYLJ0,Dorian,0xffa2e3fe,28000310,49471,58,Brawl Poland
58,#29P0P9LR8,x l a z y💞,0xffffffff,28000267,49315,59,
59,#9YR2U8VPP,Michel,0xffff9727,28000061,49183,60,LUXEMBURG
60,#9RC8PJL0L,Leͥgeͣnͫdツ,0xffcb5aff,28000129,49146,61,
61,#8G0VYRCGG,꧁ᴋɪʟʟᴇʀᴷᴵᴸᴸᵧₒᵤ꧂,0xff1ba5f5,28000163,49057,62,EntenandieMacht
62,#9QC20R9U,Bzz❄|FNAFDOIDãO,0xfff05637,28000184,49029,63,⚡THUNDER BR4WL⚡
63,#LJ99UYYGY,KhoDis,0xff4ddba2,28000050,49003,64,Yamal
64,#908LUU9C0,PapitoJunilson,0xffcb5aff,28000086,48886,65,walfisch
65,#2R9C29Y82,Farfán,0xfff9c908,28000262,48701,66,Locco Bloods
66,#9PV2YPJ80,GHOST94,0xffa2e3fe,28000272,48670,67,The Irrationals
67,#899ULG8C8,Der Namenlose,0xffcb5aff,28000017,48301,68,S4W|🧿
68,#PCC9JPY9,Pit_372,0xfff9c908,28000183,48033,69,Chimaera
69,#PJG0GL9Y,Mandala,0xff1ba5f5,28000206,47442,70,Twisted OG
70,#8VVYLPQY2,Pag,0xffa2e3fe,28000170,47347,71,❄ICE GHOST❄
71,#82LU88JL9,QLS GuilleVGX,0xffff8afb,28000207,47098,72,Karma
72,#PLCQQYQVL,666Error404,0xffa2e3fe,28000211,47019,73,EvilDemon™️
73,#UV8R8Y9R,Taco The Best,0xffffce89,28000221,46882,74,Taco Stars
74,#PVVPGGC2V,SS|tzzzz,0xfff05637,28000273,46822,75,The2Brothers
75,#89Y0JURL,solala,0xff1ba5f5,28000084,46746,76,❄ICE GHOST❄
76,#922LVUYVC,Only_Rafael,0xfff9c908,28000292,46643,77,EntenandieMacht
77,#PCLJ2LLY9,hhhhhh,0xffa2e3fe,28000297,46628,78,Bralw stars
78,#2PRGR9LRJ,David Bro,0xffa2e3fe,28000256,46562,79,la team x
79,#2Q2P28QJ,МК|𝚂𝚒𝚖𝚙𝚊𝚢,0xffcb5aff,28000175,46529,80,Averdly
80,#P890CGJ9P,TW|Edui,0xffcb5aff,28000051,46522,81,LUXEMBOURG
81,#9YPR9Y9U,NNwood,0xff1ba5f5,28000004,46452,82,❄ICE GHOST❄
82,#20L9VLUJP,Karlsburg,0xffa2e3fe,28000188,46402,83,Denza
83,#GCP0JUQL,_ScF_Night_,0xffff9727,28000170,46352,84,Etti💫EmzBS
84,#L8PGCCGL0,p¡Zz@b0y,0xff1ba5f5,28000322,46303,85,Ѕℓυѕнιє
85,#20Y2G0LL,XAXAXAXAXAXAXAX,0xffcb5aff,28000156,45970,86,
86,#8GPUJRQ20,Ben,0xff1ba5f5,28000301,45925,87,T.O.M.D.E.K
87,#VJ8JPPUU,It's Venedik 💞,0xffffffff,28000112,45514,88,
88,#9G929R9GY,⚡Lightning⚡,0xfff9c908,28000249,45478,89,КиБеР УтОчКи🦆
89,#2UUGRLLRC,Josef,0xff4ddba2,28000021,45466,90,leemoldohinner
90,#20VRPU8GG,Epicplayer,0xffa8e132,28000078,45456,91,The Pros
91,#2Y92V2VGJ,最 | м𝓲𝘬є🐣🖤,0xffffffff,28000056,45300,92,Brawl🌟sForever
92,#Q08LCJVG2,Nick,0xffa2e3fe,28000163,45259,93,❄ICE GHOST❄
93,#2YC8LU8RV,profikicker ys,0xfff9c908,28000196,45258,94,CACTUS JACK INC
94,#2VLC0RCRG,『ғᴸ』メʜuԍᴏ ツ™,0xffcb5aff,28000308,45247,95,
95,#GRGQV2Y0,fakarak,0xffa2e3fe,28000249,45238,96,
96,#89PJYJG8P,CrafterDragonHD,0xffa2e3fe,28000225,45016,97,Die Brudies
97,#L2QYP9V0P,SuperPapa,0xffa8e132,28000024,45013,98,6A ARIZONA
98,#9RQRYJL2,Alex.9669,0xffa2e3fe,28000279,44900,99,
99,#LL2YYLQG0,千ㄥ乃乇乙乂ﾌ,0xffffffff,28000274,44852,100,
100,#22QYRPCRG,天空复仇者小弟,0xffa2e3fe,28000156,44848,101,online
101,#982V2V9V8,𝚂𝙺|𝕲𝖔𝖘𝖙❦,0xffff8afb,28000135,44728,102,Lunar club
102,#YYYPQJ08L,『₮Ꮵͥ𝓮Đͣ℮ͫ₳₸ᚻ』,0xffcb5aff,28000129,44664,103,fiy Randoms 😈
103,#Q0VQG2P8,✰Lø͢͢͢u✰,0xff4ddba2,28000129,44605,104,The Irrationals
104,#299982VL0,🌟🌟Chaos🌟🌟,0xfff9c908,28000128,44475,105,WWW
105,#2YPLYGP8C,DDiniz,0xffff8afb,28000273,44465,106,
106,#9QR0LCQCJ,c o m e t 🥀🎋,0xffa2e3fe,28000274,44445,107,The Irrationals
107,#2QY8CJCP0,cute Max,0xffffffff,28000284,44438,108,Sentinels♡
108,#PUPGGU29G,strijament,0xfff9775d,28000317,44245,109,Legendarix
109,#89VYY809R,Rs|Juͥℓiͣaͫn╰‿╯,0xff1ba5f5,28000135,44211,110,🔥The Titans🔥
110,#PCLCPYPRU,IDarkLenni😈,0xffffffff,28000305,44204,111,crow y.l
111,#90CL9JCYY,SerJaime,0xffff8afb,28000317,44151,112,Nova Luxembourg
112,#PJQV8YRPV,jokerman,0xffcb5aff,28000331,44069,113,GOATS🐐™
113,#82R8JQY0L,🐉Acnologia🐉,0xfff9c908,28000226,43982,114,84
114,#2YLPUVJVU,P47ange,0xfff05637,28000126,43972,115,Nova Luxembourg
115,#9JG0QR2U,MTZ | $kãnd,0xff1ba5f5,28000049,43947,116,MTZ
116,#8VUQP8PCV,Coolkinglouis01,0xffff9727,28000225,43881,117,Taco Stars
117,#P2PL90JG2,Mortis :D,0xff1ba5f5,28000305,43673,118,LUXEMBOURG
118,#2G8GYJ8GV,nini,0xff1ba5f5,28000064,43640,119,les balèzes
119,#QPVGJJJYG,queenTina,0xffff8afb,28000046,43360,120,PAK TIGERS
120,#28CL8UP9J,PurpleGem,0xffffffff,28000236,43339,121,Army of Penny
121,#2R0V99J9Q,ZeStan Ytb,0xffa2e3fe,28000242,43287,122,ZS
122,#P0VQLV08,M la menace 🥱,0xffffffff,28000129,43202,123,🌀ELITES🌀
123,#22UPY8G8Y,succ,0xffffce89,28000072,43123,124,Club
124,#899PGUGL,Ghost,0xffa2e3fe,28000345,43117,125,-Elite Team CH-
125,#Y8RRQ9Y0,raptor,0xffa2e3fe,28000019,43107,126,SoloPlayers
126,#8QC8VY82J,Katerbie,0xffff8afb,28000078,43087,127,<c9>POL</c>SKA
127,#GR2GJ2QV,Brawler,0xffffffff,28000132,43044,128,Never Luck
128,#9PV80QR8P,Ice Phoenix,0xffff9727,28000061,42983,129,The Pros
129,#92QU90PG,MG | cryptun☔️,0xffff9727,28000349,42971,130,❄ICE GHOST❄
130,#8V22C0J2R,Ringo,0xffa2e3fe,28000085,42965,131,
131,#YRLV902UP,MTZ | LePõlø,0xffa8e132,28000107,42857,132,MTZ
132,#9LQ8LVJPP,☔️GD|Lucas;)☔️,0xffff8afb,28000212,42780,133,Nova Luxembourg
133,#20CGJY2LG,OWEE|Boy4,0xffa2e3fe,28000314,42649,134,blablabla
134,#8R88R9GQQ,Lolipoper,0xff4ddba2,28000101,42646,135,Trophäenkiller
135,#89GCLQULL,Flashback,0xff1ba5f5,28000037,42608,136,Doudouman
136,#9CCV2V2PP,ForeverMe,0xffff9727,28000042,42564,137,
137,#28Q00LYJ,Herzensbrecher,0xffcb5aff,28000003,42552,138,SmokingVikings
138,#JLP0P090,MeͥisͣtͫerҜⱥtze,0xfff05637,28000256,42402,139,❄ICE GHOST❄
139,#2QJCL0V2V,JOHN TICK,0xff1ba5f5,28000042,42312,140,
140,#9UQJ8829Y,rototo,0xff1ba5f5,28000134,42299,141,tryhards/amis
141,#20UVJJ20U,BattleFreak02,0xffa8e132,28000305,42249,142,Cous-Clan
142,#2QY8UGCJR,神|❄AʅƬƦѻƝ⚜ᵢₛᵇᵃᵈ,0xffcb5aff,28000335,42144,143,Black Sheeps
143,#YY88U208,kingpong,0xfff05637,28000079,42124,144,All killer
144,#PYJR0GQ0P,🐉QLS |Life☔,0xffffffff,28000170,42069,145,
145,#YQ0UGPL29,Undertaker,0xffffffff,28000139,42055,146,Les rats I
146,#2JGJC00CQ,lulu patacru,0xff1ba5f5,28000085,42023,147,Team sandwich
147,#88UGYPQRV,valon_matrix,0xfff9c908,28000129,42020,148,The Irrationals
148,#9RP9QVJU,Brawl Star,0xfff9c908,28000073,42004,149,BBG Brawlers
149,#2GQG89V0Q,PipersS,0xffff8afb,28000233,41973,150,Team Brawl
150,#29YQLGQU9,king die katze,0xffa2e3fe,28000345,41927,151,Chimaera
151,#22U2GUYVR,Chiara,0xffff8afb,28000044,41920,152,Quitt 😮‍💨
152,#98QC09RC0,AT|🗿WHY not?🍷,0xfff9c908,28000170,41919,153,APX|💥EASPORT💥
153,#P20U2YVGQ,PRO,0xff1ba5f5,28000284,41917,154,RPG Nation
154,#Y0GPV90RC,Prime,0xfff05637,28000000,41907,155,11eme etage
155,#R00LPQU,MTZ | Dlerã,0xffcb5aff,28000170,41890,156,MTZ
156,#L0PYU9J8J,懒得取名,0xff1ba5f5,28000150,41885,157,China中国
157,#82PJLP800,In Flames,0xffa8e132,28000328,41834,158,Famille AcTiVe
158,#YG98LV9JV,mouhamed,0xff1ba5f5,28000124,41830,159,FR|GAMING🇫🇷✨
159,#2PQY0JL80,DYLAN,0xfff05637,28000295,41829,160,les dieus
160,#P990R0LJV,perso1,0xffcb5aff,28000001,41721,161,Metro-Metroïque
161,#2P9VU0YLY,борза свиня,0xff4ddba2,28000262,41699,162,pon and ne pon
162,#Y8JV00R2,Diͥssͣtͫer,0xff4ddba2,28000272,41682,163,
163,#YJJG9JVPG,1981.Sven,0xff1ba5f5,28000168,41679,164,rap deads
164,#CYGL9L8U,😻GaLaXy😻,0xff4ddba2,28000042,41673,165,xHaPPy-PlaN3Tx
165,#L2JRPUYG8,Dragon |YTB,0xffa2e3fe,28000349,41640,166,LA TEAM DRAGON
166,#8R2GUVG2Y,JustGod,0xffa8e132,28000051,41637,167,
167,#J29Q00UC,QLS|Loris,0xff1ba5f5,28000182,41435,168,
168,#8PUYPPPV,God !!!,0xffa8e132,28000224,41335,169,Relics Royale
169,#R9GR0YLJ,MTZ | Pippot,0xffcb5aff,28000352,41279,170,MTZ
170,#8RCQ08U2R,力|Sumūzu2,0xffcb5aff,28000076,41266,171,
171,#RC9PY0Y8,SuEsCuN,0xfff9c908,28000281,41238,172,
172,#VQ22VC8P,BIG|Eqwaak,0xffa2e3fe,28000014,41207,173,
173,#PJ02800G,PapaJ,0xff4ddba2,28000000,41203,174,PapaJ Club
174,#2Y9C8PG2,丂卂|,0xff4ddba2,28000286,41170,175,
175,#PQRR8CYCL,GGs|ALEX|WIN,0xff1ba5f5,28000275,41163,176,deutsch? Hier!
176,#8LCUCVYU,brawlpozzi,0xffcb5aff,28000014,41153,177,<c5>Fall🐳</c>
177,#YP28R2YQ,SEN|Vitus♡,0xffa2e3fe,28000018,41138,178,Sentinels♡
178,#LR829QY8C,Instant Karma,0xffffffff,28000205,41097,179,Los Criters
179,#PC2CJVJ80,Tornade,0xfff9c908,28000211,41097,180,TLM brawlers
180,#2PLV99CLJ,シ|𝖓𝖔𝖔𝖇✌︎︎,0xffa2e3fe,28000290,41072,181,Azadian
181,#PC80JRR2U,18hunna,0xfff9c908,28000347,41055,182,The Pros
182,#LG80JVQ,Filipekinglux,0xff4ddba2,28000305,40988,183,best skiller
183,#YRL8J9GQP,🎋Z|Nostam⚡️🔥,0xff1ba5f5,28000249,40867,184,Les Piquant
184,#V8Q82CCL,Bouneschlupp,0xffcb5aff,28000175,40850,185,
185,#890RUP00Q,mixanik,0xff1ba5f5,28000330,40838,186,<c5>NLoo</c>
186,#2VYJ0RQV9,нанасм,0xff1ba5f5,28000179,40825,187,elo ziomy
187,#Q99JPL0RQ,Mathias,0xffcb5aff,28000262,40803,188,LesPinesàColada
188,#PGYVR208Y,matheo,0xffffffff,28000091,40715,189,⚡Beta Brawl⚡
189,#YQJQCPCQ,Jaks7,0xffffffff,28000059,40677,190,Vioditis
190,#P99P8J9UY,lebeaugosse,0xffa2e3fe,28000008,40656,191,Barbarians
191,#9R00RVVUY,MꨄSɬⁱꫀrᵃᵐꪗ❦ᦔꪖ シ,0xffffffff,28000349,40607,192,DE | E–Sports
192,#99LJJJ0R,bpotb,0xffcb5aff,28000247,40606,193,Nova Luxembourg
193,#Y02YV9GLU,Yannisnam,0xffa8e132,28000305,40592,194,les français BS
194,#809LJUCQR,ПУТЬ ШЕЛЛИ,0xffffffff,28000132,40370,195,Missis Smart
195,#82RY2URLR,moontime,0xffa2e3fe,28000233,40360,196,TR4SH | 🇨🇵
196,#9YUYC9PYJ,Petit-lill,0xffa8e132,28000341,40339,197,LamaPorc
197,#J22URURY,>wasted<,0xffff8afb,28000233,40332,198,Weißbrot
198,#8VY8YJ,InSertS,0xffa8e132,28000315,40326,199,VuffGang
199,#9P8YQ9YUV,\GARNINDUS/,0xfff9c908,28000347,40318,200,[DUNGEON]
