,tag,name,nameColor,icon,trophies,rank,club
0,#LPVGGRPVV,вя𝔞ｗℓ๓𝔞ˢ𝔱𝓔г,0xfff9c908,28000089,53958,1,Good Guys
1,#2GCCL0JUQ,ᎬメƬᏒ|✰WØrͥteX🌀,0xffff9727,28000349,53358,2,
2,#8YU890GGY,Pro Vanya,0xffff9727,28000263,52805,3,Legion I Flavia
3,#P82LYQVPU,Unreal Anastpal,0xffffffff,28000182,52783,4,f*cκ
4,#2Y89RLYUY,Rosé,0xff1ba5f5,28000273,52713,5,Ndao Ary
5,#2VVG8VPVR,乙ᥱℝ𝗸ί🤍🧸,0xffffce89,28000348,52340,6,DeadTribe_😎
6,#LV9PUYG8,Artur_3coroas♦,0xfff05637,28000023,52090,7,Space Monkeys
7,#20RPYULVL,LCK | Ulric 🤗,0xff1ba5f5,28000331,51683,8,Whyy?💔
8,#8LLRGVUCL,sosy_jopy//:,0xfff9c908,28000277,51607,9,Армия спайков.
9,#8C0R0JVRP,EX'i|`~wolter♡~,0xffcb5aff,28000254,50627,10,Hurricana gang
10,#8LR0Q8R2Q,[FS]Nexus🎉,0xffffffff,28000332,50550,11,Bibi Elite💜
11,#YU829Q9G,N i x 🍁🍉,0xffcb5aff,28000022,50329,12,Madagasy War
12,#YPVGL0L2,PROXY |❄️Yanis❄,0xffcb5aff,28000090,50162,13,bs winters army
13,#8LGGPY2QR,𝐓𝐨𝐦𝐢𝐤ϟ,0xffffffff,28000046,48588,14,
14,#9GRG9002,Tex,0xffff8afb,28000064,48361,15,🎑블러드문🎑
15,#8QGVQ99PQ,GG|🦎G4(K0🦎,0xffffffff,28000347,48360,16,Good Guys
16,#PQYGP8PC0,今 |𝑇ℎ𝑒𝑜💦,0xff1ba5f5,28000299,48171,17,Fury Gaming
17,#L9YRPVQG2,Kiady❤Z,0xffffffff,28000349,47398,18,
18,#98J9PGCGY,Blue_Chaflic,0xff1ba5f5,28000019,47011,19,Madagasy War
19,#PJVR8QGCQ,QLS |☔MeRcY☔,0xffff8afb,28000207,46592,20,FullWin🔮
20,#82LJYPQV0,bot 1,0xffff8afb,28000282,46536,21,Brawl|United👑
21,#8VJYRGPY9,⛩️|Scammers🖤,0xffcb5aff,28000350,46371,22,gay club
22,#JRGURGGL,Manu-Chan,0xff1ba5f5,28000286,45871,23,Pumas MX🇲🇽
23,#PQURCVL0P,Feysayn,0xffa2e3fe,28000228,45543,24,
24,#8P9R88GV2,ravil 09,0xffcb5aff,28000181,45108,25,SoLo ShOwDoWn
25,#2RPJPJVQL,Jeremy Pro 64,0xffffffff,28000247,44165,26,Team Ghost 👻
26,#P22JPJCVY,Pro 09,0xff4ddba2,28000212,44103,27,Toxic Squad 💣
27,#99888UVC2,Toky🧞‍♂️,0xffffffff,28000348,43843,28,<c5>Waves🌊</c>
28,#PR9RV8VP,§kinder?,0xffcb5aff,28000283,43821,29,Booty Munchers
29,#8LVQ80GG0,HEITECKNINJAS F,0xffa2e3fe,28000156,43813,30,Das Team
30,#8J088C8UJ,ACE|UNEES,0xfff9775d,28000332,43712,31,INVASION FAMILY
31,#PYQVPJ29Q,🇲🇬Astra,0xfff05637,28000024,43666,32,Team|officiel
32,#8U8GLUQ9J,Spike,0xff4ddba2,28000206,43609,33,la_face_mystere
33,#98QL9CY8Y,dedpool1008149,0xffcb5aff,28000348,43594,34,FR CLAN 🇫🇷
34,#9JGYYCC0J,LIL|VIC_BS🥀,0xfff9c908,28000348,43536,35,ELICOP’TER XD
35,#992QUY22,cyborg10,0xffa2e3fe,28000156,43463,36,Zürich_14
36,#2L2Y8V8LV,IceCalma,0xff1ba5f5,28000141,43288,37,Grind Warriors
37,#9PLR2QGG8,Death Shadow,0xffa2e3fe,28000347,43072,38,Madagasy War
38,#9JLRVJCPJ,Micka🇲🇬,0xffa2e3fe,28000285,43061,39,Team VA-NOOB
39,#9RVJ2V8C9,Мяу,0xff1ba5f5,28000352,43001,40,META
40,#8UV2RG80J,[OsA]TASHER_RUS,0xff1ba5f5,28000228,42976,41,Vitality Bivio
41,#LCYYYJL9,[LP]FrYtIii,0xffa2e3fe,28000170,42708,42,
42,#UUY08JRC,Giovanni,0xffcb5aff,28000219,42673,43,Break System 2
43,#9URJLQGGV,★彡 Ｄａｄｏ 彡★,0xffffffff,28000290,42463,44,The Gods
44,#20UU00C8R,MG|Eternatos|🌀,0xffcb5aff,28000314,42442,45,Active Myths
45,#JCY8L0R2,Kiliu,0xfff9c908,28000305,42439,46,Gasy tafaray💥
46,#8VYC0CYY,Beautybeast,0xff1ba5f5,28000291,42420,47,Ndao Ary
47,#9828RQC0Y,Чёрный_нига_чай,0xffa2e3fe,28000132,42247,48,Онли_КВ!
48,#9G9Q2JJPQ,Adam Groboved,0xffffffff,28000139,42114,49,TOP
49,#2QVLJC809,KEN 🇲🇬,0xfff05637,28000152,41731,50,MADA BRAWL STAR
50,#GV08RG2Y,Bebrik,0xffa2e3fe,28000085,41618,51,TOTAL
51,#8L89999Y0,jmnikʕ⁠·⁠ᴥ⁠·⁠ʔ,0xff4ddba2,28000285,41540,52,-6е3_п0нт08-
52,#8V0PULCRV,денис стрит,0xfff05637,28000102,41471,53,NO SKILL
53,#Y9RC28LRU,♤|LuCk¥LuC|♤,0xfff9c908,28000156,41351,54,Dream Team
54,#PL0Y0JYCV,griff,0xffa2e3fe,28000305,41262,55,het knokteam
55,#8G990P9GC,종건이,0xffcb5aff,28000289,41093,56,ㅅㅅㅅㅅ
56,#PCPQQGP9Q,am nyam,0xffff8afb,28000146,41062,57,TOTAL
57,#9900U982G,Qinsiao Cusia,0xff1ba5f5,28000314,40950,58,los hormigas
58,#C9P9PRLY,WB | maxim,0xffa8e132,28000228,40945,59,WhiteBlood
59,#V98R0PQ8,Maë,0xfff05637,28000144,40891,60,BS Kings
60,#YVVL9RJ2,zac,0xffa2e3fe,28000332,40854,61,Shadow|Snipe🥀
61,#PCUJGQ8UR,OSVALDINO ||,0xff4ddba2,28000231,40759,62,I SURGELATI🧊😎
62,#9CV89LLGL,DG|ILIA ™ ❤️,0xffcb5aff,28000156,40650,63,HVH DEADCODE
63,#PV8QJUYQ,aze,0xff1ba5f5,28000261,40516,64,les potes
64,#YP0PRURGC,♠️𝕯𝖆𝖗𝖐♠️,0xffcb5aff,28000177,40509,65,ON TOP Communit
65,#2GCJ20PG2,⛩|Eric 64🐰,0xff4ddba2,28000076,40468,66,
66,#PRCJ9V0GC,[FS]Wizard👻,0xffffffff,28000290,40412,67,
67,#JY90LUUC,друккнедуракк,0xffff8afb,28000330,40384,68,да9
68,#8U2RUR9GY,LUCAS,0xffa8e132,28000139,40369,69,Les Doberman
69,#82GGC9GRV,It's🖤Gus1kガチョウ,0xffcb5aff,28000139,40357,70,Rekep.nn
70,#9UC92J0LU,NY ENJANA,0xffff8afb,28000219,40321,71,Aquablue
71,#2RQ2PUQUQ,ryu,0xfff05637,28000233,40287,72,DANGER SQUAD🖤
72,#9G9VRCUP9,маквин,0xffff8afb,28000349,40259,73,Legends Of IG
73,#8LCUGJV8J,レオンネル,0xffcb5aff,28000044,40115,74,De|Starfight✨
74,#LRPG8VLJ,AkiraSagashi,0xfff05637,28000060,39756,75,Madagasy War
75,#29Q98QQC9,mightyMAH,0xff1ba5f5,28000019,39712,76,Ndao Ary
76,#2CPU0PJRQ,son goku,0xff4ddba2,28000332,39704,77,French Squad
77,#P9CYQU2CY,⭐BS|TeeJay⭐,0xffa8e132,28000333,39587,78,СМЕТАНА
78,#92LR9U8L,B star7,0xffcb5aff,28000295,39535,79,Dream Team
79,#99QPQ0R,NIRINA,0xff1ba5f5,28000189,39501,80,MADA BRAWL STAR
80,#99RPLUPV9,{gens:27},0xff4ddba2,28000129,39468,81,Young Talents⁹
81,#LPQUGLR29,The challenger,0xffffce89,28000330,39398,82,
82,#2R8088RCR,🕊𝙵𝚁𝙸𝙳𝙴𝚁,0xff1ba5f5,28000168,39361,83,Five|Good Day🥵
83,#8PR08JVRQ,Nygma,0xfff05637,28000349,39298,84,ВЗДОХ СОМОВ
84,#RQLR8RC8,Aly,0xfff9c908,28000345,39239,85,
85,#YPRV9J2G,Gaaragamer24,0xfff05637,28000335,39161,86,Los Masca
86,#CVLVUPR8,Kamelo,0xffa8e132,28000254,39034,87,
87,#P82LUULJ0,aticanga,0xffffffff,28000004,39022,88,CANGALAR
88,#2U09CPCGJ,Miaro 2000🇲🇬,0xfff05637,28000272,39019,89,Malagasy aho
89,#JPCRCV22,бабка008,0xff1ba5f5,28000249,38943,90,Sleepies☃️
90,#2L292CU22,🇲🇬RAf'ita,0xffcb5aff,28000138,38934,91,
91,#Y9U8PCGR2,Mys|wintreiZz,0xffcb5aff,28000261,38892,92,🌿.
92,#2L9PP0GGL,ARK|VEGETAL,0xfff05637,28000347,38738,93,KAISER😍😍😍😍
93,#8908YQ98,Quak|FerFut🇸🇻,0xff1ba5f5,28000349,38725,94,Sin Estrada 🤠
94,#YCLGVVCR8,El Cid,0xffffffff,28000223,38687,95,BLACK BRIGADE
95,#8JQJR2RR,Anakin,0xffa2e3fe,28000278,38671,96,DragoDingos
96,#9CCV9009C,TinDO@Best,0xff1ba5f5,28000048,38662,97,братва
97,#9220RP9RR,Mah,0xffff8afb,28000170,38571,98,Gasy tafaray💥
98,#YCRLUVR2G,💜SUZUYAA|KEN💜,0xffcb5aff,28000224,38401,99,Gasy tafaray💥
99,#9P0GRRV0C,кекующий,0xffff8afb,28000196,38329,100,ВЗДОХ СОМОВ
100,#9GP8UPPU2,绍晖｜快手,0xffcb5aff,28000293,38214,101,SZD
101,#8LQ28L29L,GX|鳩heaven🌴,0xffa8e132,28000174,38090,102,😎essa😎
102,#2YQGPRCCP,대한민국,0xfff05637,28000000,38034,103,👑KINGS👑™
103,#28Q8YG0G9,HOS,0xfff05637,28000001,38014,104,
104,#9RP08Q2JC,BeastNinjin,0xfff9775d,28000281,38012,105,LayanYT
105,#2R2UJUPGG,MiKiPoL,0xfff05637,28000292,37925,106,да9
106,#2PRV88UCC,LIRIK,0xffcb5aff,28000294,37924,107,ISP 1488 IR
107,#8RUUVRPUV,Belzy|BRAVEczEK,0xff1ba5f5,28000094,37899,108,Overkill Gaming
108,#PGR2JCYJP,Steve,0xfff9c908,28000229,37771,109,DT Crew FR 🇨🇵
109,#UG28YQ20,King Ced,0xff1ba5f5,28000285,37725,110,nikolale
110,#LL2V2UQLR,LivaT 🇲🇬🇲🇬,0xffcb5aff,28000305,37698,111,Madagasy War
111,#Y908JQ2LY,QLS|MoonLight🖤,0xffcb5aff,28000314,37644,112,Saint Hero
112,#2CQ0LU8PJ,฿Ş|☄฿Ɇ₦☄️,0xff1ba5f5,28000170,37547,113,Legenderi
113,#22CVJRVLG,Primorium,0xffcb5aff,28000170,37540,114,Sᴇᴀɢᴜʟʟ🐣🐥🐤
114,#LL9C22CG8,francky,0xffa2e3fe,28000124,37514,115,le brawler
115,#P890PVCPR,kuleks yt,0xfff05637,28000008,37406,116,
116,#8R2YRCQ2C,PouPr0_2,0xff1ba5f5,28000348,37346,117,chiquito :D
117,#C8889UU,👹👹AINA👹👹,0xff4ddba2,28000148,37305,118,MADA BRAWL STAR
118,#9QU2GPU2P,Harvey,0xffffffff,28000294,37264,119,RTFbrawl
119,#2JUPRYVQP,Black Hole,0xffff9727,28000349,37259,120,ℙeep's𝔾ang🐣⭐
120,#9U9YVY2V8,zxc | alta🏆,0xffcb5aff,28000293,37218,121,Born⛩to☘️Win
121,#CL2LQGUJ,Bernt das Brot,0xfff05637,28000000,37090,122,les belges
122,#2CC2PJPQQ,OCEAN💦⛲,0xff4ddba2,28000011,36987,123,GalaxyFighters
123,#YL2C0LQGG,qq666qp,0xffffce89,28000151,36884,124,
124,#UJCQCGGQ,Tombontsoa,0xff1ba5f5,28000225,36843,125,호랑나비
125,#RCUPQY9Y,FlyTyTi |Top2,0xffff8afb,28000042,36796,126,
126,#9Y2PPYG2,8-bit,0xffcb5aff,28000023,36783,127,GOLD™
127,#LRVJY9CUQ,Doudou,0xffff9727,28000272,36750,128,Happy&Co
128,#QP9GL82VV,NAVI | Vladosik,0xffffffff,28000175,36729,129,fans pairs
129,#9RY2QLP9,UP🔝/control🥀,0xffcb5aff,28000221,36714,130,CLOVER☘️
130,#8RPVL9RVQ,Maharitsoa,0xffffffff,28000081,36712,131,Ndao Ary
131,#8GLPVJCU2,⛩toper64🎋,0xffcb5aff,28000332,36665,132,Artem4ik Room ☀
132,#P0CP89Q9P,Z𝚎𝚝♡︎𝚛𝚒,0xffffffff,28000018,36648,133,ebem sd za bib
133,#RC0RJQU2,zIpo,0xffffffff,28000332,36641,134,пон...
134,#2PJ80UYQ2,MiniBanane,0xffff9727,28000347,36614,135,les potes
135,#PCQCQUP2G,bob,0xfff05637,28000225,36457,136,Gasy tafaray💥
136,#L8P2RYQCL,🇲🇬saro2🎆,0xffcb5aff,28000125,36440,137,Madagasy War
137,#PGG0922QJ,🍪Mr Coockies🍪,0xffa8e132,28000254,36365,138,BZH
138,#90PL80VV2,⛩️| Lil Fox_ilo,0xff1ba5f5,28000285,36339,139,MADAGASCAR
139,#920R229J0,star,0xfff9c908,28000091,36327,140,
140,#2YGGCGR9R,✨❤️IceCream❤️✨,0xffcb5aff,28000333,36252,141,🔥Hot|Bot🔥
141,#PP8L8GLR,olek_L337,0xffff8afb,28000175,36231,142,POLSKA ARMIA ❤️
142,#Q0ULPR020,SirWiffALot,0xff1ba5f5,28000261,36169,143,GODS own WAR
143,#LRYRC2V0L,Roi-Vautour,0xffa2e3fe,28000078,36168,144,КОЛЯ Х ПРО
144,#2ULJ9G8Y9,-_CkPO_HUK_-,0xff4ddba2,28000140,36157,145,POLSKA TEAM
145,#PC8RYP8R0,ReeYee,0xffa8e132,28000041,36120,146,MADAGASCAR
146,#88L8YGGP,HENRYX,0xff1ba5f5,28000156,36077,147,Los Ggs
147,#JCQCJ2JV,бімба🐖🥀🖤,0xffcb5aff,28000352,36059,148,poco x3 pro
148,#8V8CYYQ89,QLS|♧●Tip●♧,0xffcb5aff,28000305,36059,149,BrawlUnite
149,#8VQYC0GCP,Logic _Jeff,0xff1ba5f5,28000041,36045,150,
150,#89GRYQ0Y9,BAE,0xffff9727,28000290,35986,151,Gasy tafaray💥
151,#2GRRRGQ9J,Agust_D,0xffa2e3fe,28000352,35974,152,Dinorex
152,#RVCLVY80,DeManguin✌,0xffa8e132,28000138,35900,153,Darkstaclub
153,#P90UU9RPU,71satt🥀,0xffffce89,28000225,35863,154,
154,#89VLCUQQ8,ç'est SY🤡👺😛,0xffcb5aff,28000128,35851,155,TANA Brawlers
155,#8RUYYQCQ2,🥀Ptl|Hiper🥀,0xffffffff,28000132,35837,156,
156,#88VPJQL0L,David PC,0xffa8e132,28000305,35837,157,Rimuro-Sama
157,#2Y2092VQR,ASSASSIN 🇪🇦,0xffff9727,28000184,35828,158,PROPLAY
158,#G8Q2G9YR,⭐لہوسہٰيٰفہٰر⭐,0xfff9c908,28000332,35799,159,Einfachbesser
159,#P0V82JPP,🏆زياد المحترف,0xff1ba5f5,28000273,35759,160,لعيب/Laeb
160,#9R8V8JYJ9,QLS|Alvaro😕,0xffff9727,28000152,35740,161,iluminatiA
161,#Y20J90C9J,its'heuyling:),0xfff9c908,28000352,35733,162,Saint Hero
162,#2LQ92G9J8,MIO,0xff1ba5f5,28000078,35641,163,cloud9
163,#9GQV0UVL9,✨Ox|π☔,0xffcb5aff,28000135,35587,164,⛩️| Lrst79
164,#QP8J0G9UV,Littleboy🇲🇬,0xff1ba5f5,28000124,35579,165,BZH
165,#Q08P0YL,Боец,0xff4ddba2,28000155,35513,166,
166,#P9P0LJJL8,привет 2,0xffcb5aff,28000023,35484,167,GO PISUNCHIKI
167,#290L0VUVU,go 1vs1 noob,0xffffffff,28000170,35377,168,Бударино
168,#PQ8GPRRGP,LORD#WalkERROR,0xfff05637,28000196,35356,169,🇲🇬Boutary🇲🇬
169,#PJYU0C90U,куриллка,0xffff8afb,28000332,35252,170,Meg's Club
170,#9G8V0889Y,SD|MI_SHAツ,0xffcb5aff,28000002,35249,171,
171,#PLR928Y2,gassimo✨,0xffcb5aff,28000135,35242,172,
172,#LRJ08R0QJ,Zaharchik,0xffff8afb,28000139,35240,173,TybeFace
173,#8VQY0L2LL,Logic_bubbleply,0xfff9775d,28000017,35234,174,VG|Holy Order
174,#8VGL0QG8G,leon,0xffa8e132,28000262,35218,175,
175,#9RRJJRPQL,ADGAMES_YT,0xffff9727,28000156,35177,176,DESPERATION N
176,#PGLYPQUU0,♡♢ Ꭱ𝒾c𝒽ꭿ尺𝓭 ♤,0xff1ba5f5,28000347,35166,177,Bounty Hunter
177,#2RRLR9RQU,SKH sangliéglis,0xff1ba5f5,28000226,35012,178,TGETJOUE
178,#82GQRVC0U,[ЖМЫХ]FartyZeus,0xffcb5aff,28000228,34946,179,AZOV🇺🇦❤️
179,#9GGY0JJ0,N.O.V.A/E.N.Z.O,0xffff8afb,28000290,34924,180,le brawler
180,#2009UCY0,LAWG,0xff1ba5f5,28000305,34894,181,Madagasy War
181,#22LV2JRR9,Exalty Pyton,0xffa8e132,28000273,34893,182,les.fulls
182,#P88G28CJU,QLS|Rodi Yt,0xffff8afb,28000331,34877,183,ESR
183,#9LV2JG82L,[😵isma🌚],0xffcb5aff,28000000,34868,184,❄IceViking❄
184,#9P0LGU9LG,NG|Z3us,0xffff9727,28000271,34799,185,
185,#YVCQJ80JC,Shadoow,0xfff05637,28000317,34773,186,Crying Man
186,#2UUUQPPP,кирилл васильев,0xffffffff,28000228,34763,187,Бударино
187,#222RPLCGG,kiramada,0xffcb5aff,28000291,34734,188,BC|ARMY 🌌
188,#202GVCLG2,BlueRec,0xffcb5aff,28000227,34732,189,ROMAPOPEEK
189,#P9G9PRU0Y,Darker,0xffa8e132,28000294,34689,190,Thunder Boys!!
190,#9C8CP20GV,Никита,0xfff05637,28000059,34686,191,
191,#2QYV8P9CQ,Spegi mampfton,0xff4ddba2,28000003,34676,192,EUROPE 🇪🇺💯
192,#8JVP9L9R9,Eg_v@ron97-363,0xfff9c908,28000061,34650,193,Dark Paradise
193,#PYQ9QQJ08,аид кубок,0xffff8afb,28000317,34635,194,Five|Good Day🥵
194,#P80UV2R2L,Vitor hugo,0xffcb5aff,28000004,34605,195,SoulSociety
195,#98LVY0LP2,Ny Aina,0xff1ba5f5,28000352,34584,196,LE SUD OUEST
196,#P208RC0LL,zeyzey02,0xfff9775d,28000295,34555,197,<c3>Totem</c>
197,#PCPRJRULU,[PEACE DEATH],0xffa2e3fe,28000254,34518,198,Dark Angels🖤
198,#9GYJ9VC0U,(+_+),0xff4ddba2,28000285,34504,199,GKS |e-sports
199,#8CLPVCCQ8,TOM frei 2 plai,0xffcb5aff,28000303,34476,200,
