,tag,name,nameColor,icon,trophies,rank,club
0,#88RG0U08U,hern,0xffa8e132,28000139,69571,1,魔教🐉青龍門🐉
1,#V28LPJJV,NPAO,0xfff9c908,28000348,68493,2,UTOPIA
2,#V2QQUR98,Lthiam|無謂™丶®,0xfff9c908,28000155,67111,3,老司機
3,#U9P2CUJU,IE|Secondary,0xffffffff,28000030,66076,4,Mini Me’s
4,#VQULV800,ISG | G`ᴏ´D🐐,0xffcb5aff,28000175,65206,5,worthwhile
5,#CQLQUYC8,LSJ|IKUN🇲🇾,0xfff9c908,28000348,65000,6,老司機
6,#CCJ2YJUR,кø|Zen Tan-YT🐣,0xffa2e3fe,28000304,64950,7,友誼賽熱愛者
7,#YRQ9QY080,Iassignmentfail,0xfff05637,28000194,64170,8,魔教🐉青龍門🐉
8,#URRRPC0P,diuleiloumou,0xffcb5aff,28000106,63954,9,Mini Me’s
9,#P2YCYVLLU,古雷goolay,0xffcb5aff,28000110,63725,10,天路引歸🐙
10,#8QC29JVJ,Sirius♪,0xfff9c908,28000020,62669,11,Mini Me’s
11,#RR2P98G0,CZK,0xfff05637,28000279,62192,12,Imperial
12,#UULUV9LR,❄️andrew 私はプロです,0xffa8e132,28000038,62065,13,we love rabbits
13,#JPG2JL8V,TE|𝓓𝓪𝓲𝓼𝔂☄️,0xffa2e3fe,28000112,61974,14,Toilet Empire
14,#CY2L0QCC,YouTube_JK,0xff1ba5f5,28000063,61606,15,MK|Ghost™️
15,#GJRLYVUV,LSJ|SimLife,0xfff9c908,28000305,61574,16,老司機
16,#GUCQR0GG,OwlLusion,0xfff05637,28000073,60931,17,MK|Ghost™️
17,#RGJUCYPV,my game life,0xffa8e132,28000156,60764,18,MK|Ghost™️
18,#VGJVPCCJ,FaZe Chow,0xfff05637,28000347,60505,19,Liquid Diamond
19,#JCJUYJR8,II |ASSASSIN,0xffcb5aff,28000305,59978,20,we love rabbits
20,#8QUURULP2,在沙中睡的沙迪王,0xffffce89,28000212,59920,21,大寶企鵝戰隊
21,#2JCYJCPYY,Dumb Dumb,0xfff05637,28000349,59889,22,TEMPEST STORM
22,#8Y9PPPP2P,VGE | Ice 👑,0xffa2e3fe,28000129,59717,23,<c5>REIGN</c>
23,#GJRYQVL0,CC|Bamboo,0xfff9c908,28000188,59377,24,Mystic Rising💫
24,#CR8RVL02,BLF|Jeremyoung☄,0xffff9727,28000347,59343,25,BLF|Aurora☄️
25,#880QYQ9PR,LSJ|FakePurple,0xfff9c908,28000077,59188,26,老司機
26,#CV0P0002,WZX,0xffff9727,28000297,58704,27,VS Asia
27,#CQ0UP8U0,LSJ|Tempest,0xfff9c908,28000242,58632,28,老司機
28,#GGV2JU9L,Glęnn🦉,0xff1ba5f5,28000224,58612,29,yingtoumao
29,#PQP9RRUVQ,Death Boi,0xffa2e3fe,28000294,58596,30,OneManArmy
30,#9YPGP2C9,OCD | segton,0xffff8afb,28000340,58577,31,<c5>Aura✨</c>
31,#8C0CCLCGQ,原力丨LUCAS💙,0xffffffff,28000349,58520,32,Shelly’s Target
32,#CRG2YRUV,Peacock33,0xfff9c908,28000220,58394,33,GG <c7>Mech</c>
33,#VJJCQC80,jig,0xfff05637,28000290,57917,34,甲蛙懶叫
34,#L90JPQG2,SNP,0xff1ba5f5,28000012,57708,35,VS Paradise
35,#8Q9UL9GU2,流星💫｜ぶでturbo🌊,0xffa2e3fe,28000271,57656,36,REVOLUTION
36,#2888U0QUV,流星💫|吉恩ジャン🔥,0xfff9c908,28000348,57644,37,CSM Celestial
37,#V2RVPGJP,LSJ|CuteSmiley,0xfff9c908,28000191,57641,38,老司機
38,#8Q00UVGL0,superstar,0xffa2e3fe,28000310,57244,39,Dovahkiins
39,#20Y99GU02,fireman,0xffff9727,28000255,56865,40,Coup D'État
40,#292LY0QQP,ʚCoffee|咖啡不加糖ɞ,0xff1ba5f5,28000333,56863,41,難民收容所
41,#9QC82VRVU,🍀ホタル縁桜❄️,0xfff9775d,28000284,56632,42,星恋之魂梦想之地
42,#2GJ8LQYRQ,LSJ|Adrian,0xfff9c908,28000114,56400,43,老司機
43,#R08Y92RR,SoumaLai,0xffa2e3fe,28000112,56340,44,VS Asia
44,#QGYPCR8U,King Ghidorah,0xfff05637,28000067,56321,45,Clan Brawl
45,#P8V8GL09U,流星💫|小忍者🈷ほし🈷,0xfff9c908,28000290,56186,46,MechaMegArmy
46,#82RVCUC9V,Jolty🧃💚,0xffa8e132,28000113,56118,47,
47,#V900VVGY,NotMirage,0xfff9c908,28000335,56057,48,Rampage
48,#2RYRGQLPU,KS|DeMas65,0xffcb5aff,28000332,56011,49,SpikE~Sports
49,#2QUQJGRC,🌍阿华⚽_荒野乱杀,0xffffce89,28000298,55892,50,荒野学院
50,#9PGG0L9QU,MR.KILLER,0xffa2e3fe,28000156,55697,51,MR 87太可爱
51,#CUPR0Q2Q,clarence 🧩,0xffa8e132,28000150,55666,52,<c5>Aura✨</c>
52,#8Y2JRCYY8,𝓜𝓪𝓷𝓰𝓸🥭,0xfff9c908,28000139,55346,53,爱奖励的少年
53,#8C9YJ988C,MA丨Federer♥,0xfff9c908,28000277,55341,54,👼👼caelum🌈🌈
54,#U9UCQ9VL,YIKAITHEHERO,0xffa2e3fe,28000261,55233,55,LUXEMBURG
55,#98L8Y92C2,隐形刺客,0xff1ba5f5,28000273,55165,56,
56,#2L0GLPPVG,Smor,0xffcb5aff,28000345,55157,57,Brawlerz
57,#GC0LLYVL,☠️EDDY☠️,0xfff9c908,28000139,55150,58,
58,#GGG9J82J,MK|LUQS™️⛩️,0xfff9c908,28000156,55095,59,MK|Ghost™️
59,#9QLGYC8L2,Jayden,0xffa8e132,28000224,55024,60,Toilet Empire
60,#CR8U8U8Y,PTW_1234,0xffffffff,28000090,55000,61,1234可愛的人
61,#Y82G0UYYQ,糖果屋🇰🇷👎,0xffcb5aff,28000263,54877,62,至尊荣耀
62,#RYJGVL8L,Darkrai¥,0xff1ba5f5,28000167,54870,63,CSM Celestial
63,#R82QLVQJ,TRIBELHC64,0xffffce89,28000303,54869,64,<c9>Aura✨</c>
64,#C28JQY0Y,Ijats,0xffa2e3fe,28000347,54729,65,Malaysia No1
65,#929YG9CLY,阿拉蕾,0xffcb5aff,28000328,54579,66,⚡Like❤️|uu❤️
66,#8G0PPUUR0,乱斗之王，圣尧,0xffa2e3fe,28000330,54522,67,魔教🐉青龍門🐉
67,#28JYJC0CQ,JK的小可爱,0xffff8afb,28000234,54454,68,老司機
68,#LYRJJ0LLR,PP|•Bzzz•,0xffff8afb,28000002,54419,69,the flash
69,#PRQUJCL8Q,DM|ØⱤØ₵Ⱨłツ☄️,0xffff9727,28000226,54285,70,RPY
70,#JU099L28,my name is..,0xffa2e3fe,28000326,54248,71,TSM
71,#C80PRVL0,God of Gamer,0xffff9727,28000112,54197,72,Mini Me’s
72,#2RYJQU99V,Now,0xff1ba5f5,28000291,54036,73,闪电之光
73,#JC0LGYYL,HowDoIPlay,0xffa2e3fe,28000182,54005,74,春田花花同學分會
74,#RR90YR8R,Damn,0xffcb5aff,28000304,53910,75,SDH|Fortitude
75,#8R908JRJ0,FST|Mortal,0xffa2e3fe,28000135,53855,76,老司機
76,#PRJ88G0QY,黑暗之王莫提斯,0xffcb5aff,28000330,53843,77,難民收容所
77,#RJJJ8G29,Ambigiousy,0xff1ba5f5,28000253,53808,78,Trillionaire
78,#2LV9CPC8C,YoshioFm,0xfff05637,28000263,53797,79,<c7>Legends</c>
79,#2LCYPYCCJ,Redamancy彗星❄️🥀,0xff1ba5f5,28000335,53761,80,SHADOW WALKER
80,#2PQQU0VG2,QH,0xffff8afb,28000285,53709,81,老司機
81,#V8Q20QGY,Reyleigh,0xffcb5aff,28000014,53707,82,UmaIsTheBEST
82,#UP82900R,zack lee,0xffff9727,28000116,53690,83,VS Asia
83,#90UUGC2L8,柘轩,0xffa2e3fe,28000335,53595,84,RUSTY ™️
84,#PYV29UVCJ,your daddy,0xffa2e3fe,28000170,53582,85,地中海
85,#LGQCYLCJG,J1 | Inferno,0xff1ba5f5,28000349,53571,86,Singapore
86,#CCQ0C9QJ,曜 cynical 💫,0xff1ba5f5,28000219,53497,87,Mini Me’s
87,#28PLYVCUR,mk,0xffffffff,28000267,53402,88,Octavious
88,#29U8V9UCJ,吾乃祖谚 ||凸^-^凸,0xffff8afb,28000348,53306,89,PK瘋
89,#2YYUPPVUQ,野うさぎ|エビコヴ,0xffff9727,28000348,53239,90,<c5>The O.G</c>
90,#Q2UU8QCG2,daddy🔪,0xffff8afb,28000334,53233,91,Trillionaire
91,#2LPRL982C,Un sospíro,0xffffce89,28000139,53201,92,老濕姬
92,#PJQGY2YGR,Light|光✨,0xfff9c908,28000061,53192,93,鬼魂
93,#9VQUPR802,DPS|比翼鸟,0xffffffff,28000352,53190,94,Company Z
94,#PY8VJ20YQ,帅哥,0xff1ba5f5,28000349,53014,95,老司機
95,#CRUP82YQ,VS|HeLix,0xfff9c908,28000163,52968,96,VS Asia
96,#2QP82PLPU,Robert B. Weide,0xffffffff,28000118,52931,97,老濕姬
97,#UL8Y8LQL,xen 🥱,0xffcb5aff,28000044,52898,98,cooking mama
98,#VUJLJG28,VS | PO1S0N,0xff1ba5f5,28000224,52881,99,<c5>Aura✨</c>
99,#U9JC08Y8,D3ZAZTARZ,0xfff9c908,28000140,52863,100,we love rabbits
100,#9QRLLVU82,chenenchan7,0xffcb5aff,28000349,52833,101,Terror Squad
101,#8GULLR9C9,uwu,0xffffffff,28000054,52820,102,上帝领域
102,#V2G2PRQC,MC|Lee_YT,0xffcb5aff,28000335,52721,103,撸人高手
103,#JUVQQ8CQ,aldana,0xffa8e132,28000054,52715,104,Liquid Diamond
104,#R8PPP92L,zeeann el pro,0xfff9c908,28000297,52624,105,大寶企鵝戰隊
105,#2RCRQ0RJ2,RayneDeer,0xffcb5aff,28000224,52600,106,
106,#RCRGLCCJ,Apple Pie,0xff4ddba2,28000020,52557,107,Darryl’s Ship
107,#PYYR09JJ,老卢,0xff1ba5f5,28000104,52549,108,
108,#C0R992RQ,dirtytee,0xffffce89,28000341,52501,109,VS Meows
109,#80GQLRV8Y,Noobdog,0xfff05637,28000044,52491,110,
110,#JG9Y89L2,Isee,0xffa2e3fe,28000224,52441,111,老濕姬
111,#P9LQUR,TMC|Buttler,0xffffffff,28000218,52440,112,LOST LEGION
112,#Q228GULC,瑟蕾娜(≧ω≦),0xffa2e3fe,28000176,52269,113,Reverse Galaxy
113,#UCGG8PPG,Zero-X,0xffa2e3fe,28000164,52263,114,
114,#CQVY8UG2,Aladdin,0xff4ddba2,28000352,52076,115,我嘅訴求就係想返工
115,#CJLR9QUP,ABC,0xfff9c908,28000314,52070,116,<c5>REIGN</c>
116,#2YQ2L8CUR,Mas,0xffa2e3fe,28000273,52070,117,il Club della G
117,#V08VPJG0,I Suck,0xffcb5aff,28000290,52052,118,<c8>venom🐍</c>
118,#9J8CPLVLJ,I hate Mortis🤮,0xffa2e3fe,28000305,52029,119,RCN Unity
119,#2CJVRG0L2,Aaron,0xffa2e3fe,28000224,52026,120,SDH|Fortitude
120,#V8999JLU,Creo🃏,0xffcb5aff,28000125,52001,121,<c5>REIGN</c>
121,#20UVV9PUU,kiyoko,0xffff8afb,28000222,51938,122,
122,#28G9JPJPG,soggy kukubird,0xffffce89,28000273,51900,123,BS 211112
123,#UQJ2QGLY,[666],0xffff9727,28000081,51775,124,Musang Ace™
124,#GQYG9LV0,unicorn0508,0xffffffff,28000285,51693,125,ĐÅẄĢŜ☣️ŘĒVÌVÁŁ
125,#CGVR2GVU,lapis lazuli,0xffa2e3fe,28000305,51685,126,Rao | Darkness
126,#29CG00QQ9,橘子的力量,0xffa2e3fe,28000290,51631,127,VS Asia
127,#CLR0YC80,soggy cow,0xffffffff,28000020,51578,128,The Soggy
128,#YYCVQCJQC,oknotok,0xffff8afb,28000224,51562,129,Brawlfist
129,#28JRU8PQY,Kx_Scholar,0xffff9727,28000331,51483,130,VS Paradise
130,#90CQP8YU8,super,0xffa2e3fe,28000278,51447,131,<c3>Ei</c>
131,#V88GCCQC,☠♠JOE♠☠,0xfff9775d,28000280,51442,132,REVOLUTION
132,#JV9PGCUV,VS|NINJA[¥T],0xffff9727,28000272,51430,133,<c9>Aura✨</c>
133,#P2LVRJUVQ,流星💫|破罪クレーン烈鹤🔥,0xff1ba5f5,28000261,51419,134,看我射你滿臉
134,#PGQ2YLPV0,竈門 禰豆子,0xffa8e132,28000305,51395,135,wwe
135,#92JRLGJLQ,YQ,0xffa2e3fe,28000237,51374,136,RUSTY ™️
136,#2QULC8G2,𝕺𝖇𝖊𝖞❦,0xfff9c908,28000347,51356,137,BlueBeyry
137,#9LC829LUU,過江龍,0xffcb5aff,28000308,51353,138,荒野死鱼
138,#CL2CY8YC,❄️𝓛𝔂𝓻𝓲𝓬❄️,0xffa2e3fe,28000014,51353,139,KNG
139,#CR9YQJCQ,🔥HOT POTATO 🥔,0xffff9727,28000196,51333,140,A Few Old Men
140,#RQJ8U8V9,Caleb,0xff4ddba2,28000170,51326,141,WeBoonBoon
141,#9VGLV0PQY,FavouriteBooks,0xff1ba5f5,28000061,51320,142,Dovahkiins
142,#P2URP2CYR,#Legend_YT,0xff4ddba2,28000019,51208,143,Elevate
143,#28VYLG2GU,洗白白☞,0xffffce89,28000314,51134,144,CleanWhiteWhite
144,#PC08PRP0V,♚Winter._.💤,0xffffffff,28000044,51118,145,嘿！兄弟
145,#RYP2JC2Q,OGBRAWLER,0xfff9c908,28000272,51099,146,Own Boss
146,#YVP88LCC,Guppy0685,0xffa2e3fe,28000044,51091,147,VS Paradise
147,#2CQ2Q0998,爺太可愛,0xfff05637,28000156,51077,148,MR 87太可爱
148,#29P8LPGQ2,Vxderz✦,0xffffffff,28000018,51023,149,<c1>Minji </c>
149,#YRUVL889,坑队友之王,0xffa2e3fe,28000350,51005,150,叔叔們
150,#PCGLJVVQY,EtͥΣrͣnͫity,0xffffffff,28000290,50980,151,魔教🐉青龍門🐉
151,#9GLQVQQ9P,Bot 6,0xffff8afb,28000175,50939,152,les bambi
152,#RCCU8V0J,流星💫|ッサムBlossom,0xffa2e3fe,28000244,50933,153,Shelly’s Target
153,#CL2V0YGV,yang,0xfff05637,28000089,50928,154,TEMPEST STORM
154,#JJ2CC00G,VS | Pyon Pyon,0xffcb5aff,28000348,50910,155,Liquid Diamond
155,#GUC8LUVJ,VOLTRIC,0xffff9727,28000000,50908,156,老司機
156,#22UPYRVY0,郭境沦,0xffa2e3fe,28000175,50881,157,離離原上鋪的家
157,#V8YRU2UY,SugarDuck,0xff1ba5f5,28000115,50876,158,SugarBuddy
158,#YRC9V9G0G,𝒥𝒾𝓂浚仁,0xffffffff,28000294,50872,159,swag empire
159,#PP9CU8GLC,乱斗明星,0xffcb5aff,28000297,50867,160,荒野死鱼
160,#RRQRQPGG,GameMaster,0xff4ddba2,28000242,50832,161,Liquid Diamond
161,#CY0VCRCC,tebuanbukit,0xffcb5aff,28000228,50811,162,Pendekar Malaya
162,#GGU0YY2L,cy goh,0xffffce89,28000156,50764,163,Afterlife
163,#RLCU9PQQ,L.E.E.,0xffff9727,28000164,50760,164,ilnight💒
164,#9VPV88PJG,vainslayer,0xfff9c908,28000175,50704,165,Heang Stars
165,#R8VC8C2L,CeeWeeChan,0xffcb5aff,28000182,50703,166,RANDOMS SUCK
166,#Y8J8VPV9L,月光下与你の相遇,0xffcb5aff,28000151,50692,167,嘿，王者！！！
167,#29CJJRQJG,barbarian king,0xfff9c908,28000352,50689,168,RANDOMS SUCK
168,#2PG8V0Q2L,장미|ɃⱠƗ₲Ħ₮,0xffa8e132,28000136,50670,169,Da Bombz
169,#8UJLJCCYG,千の軍隊を掃引|Withen✨,0xffcb5aff,28000139,50627,170,Mini Me’s
170,#88P9UL0Q0,迅雷鹰龙,0xfff05637,28000348,50590,171,老司機
171,#2Y0LC9GLJ,Haerin🐰,0xfff9c908,28000247,50547,172,一万又一万
172,#PL0GR8R,Ri Shen,0xffff9727,28000242,50518,173,<c5>Aura✨</c>
173,#U82RVCYQ,lychee,0xffcb5aff,28000317,50497,174,The Jade Bullet
174,#GC0YY0LY,Yong.z.z,0xff1ba5f5,28000272,50491,175,Brawlerz
175,#88VGCQ00R,Chow,0xffffffff,28000255,50441,176,The King‘s
176,#U8LP8VC9,ᴸᵉᵃᶠᴮˡᵃᵈᵉ☘,0xffa8e132,28000221,50432,177,死亡之罪
177,#8GC0UL8UY,locky,0xfff9775d,28000228,50357,178,Gosu Esports
178,#V0G2J8V8,Elvin...,0xffff9727,28000300,50336,179,老司機
179,#CJQU9LQR,Nova_Matt,0xffa2e3fe,28000109,50281,180,OC|Sky
180,#8QJC8RPVU,WhiteHat,0xffffffff,28000276,50251,181,Sxw
181,#JVUGYU0Q,unicorns,0xfff05637,28000013,50237,182,Invictus Beta
182,#R90YYJ9L,Someone,0xff1ba5f5,28000244,50229,183,VS Meows
183,#CYQ2P2QJ,VS | Athena✨,0xffa2e3fe,28000112,50216,184,PEEKABOO
184,#928289LY9,我是菜鳥,0xffff9727,28000284,50204,185,無影軍團-3
185,#VCY9YUQQ,Ash,0xffa2e3fe,28000073,50133,186,super duper
186,#VLGVRPU0,Comic Sans,0xffcb5aff,28000068,50131,187,Blítz
187,#CCG0R2RL,ccc,0xffa2e3fe,28000305,50128,188,Liquid Diamond
188,#2QYP2LVGC,大坏猫,0xffa2e3fe,28000348,50090,189,老司機
189,#CCVRPJY8,Brawlcookie,0xffa2e3fe,28000219,50077,190,Boom Bandits
190,#CLR99L9L,PFCXF,0xffffffff,28000059,50000,191,Code: Pan
191,#8QUUUV8QY,"请叫我 ""神""",0xffff9727,28000075,49964,192,Brawlerz
192,#9880JJL8C,LennySC,0xff1ba5f5,28000060,49962,193,黃金鼠大隊
193,#RRYGCUYJ,●KC●,0xff1ba5f5,28000322,49962,194,swag empire
194,#209CV9VVU,杰杰,0xffffffff,28000206,49954,195,嘿！兄弟
195,#UL8LVCC8,Andrew,0xffcb5aff,28000132,49941,196,GODKING
196,#RQ92LCL0,妈妈说名字长长玩game厉害,0xffa2e3fe,28000205,49908,197,小龜龜俱樂部
197,#Y2C808VC9,姚爷,0xffcb5aff,28000135,49863,198,老司機
198,#8P2YUYYPP,S̶u̶p̶e̶r̶,0xffffffff,28000000,49846,199,
199,#9QCPJ2QC0,Nic,0xfff9c908,28000038,49825,200,BLF|Bloom🥀
