,tag,name,nameColor,icon,trophies,rank,club
0,#82R098VV0,ilam,0xffffffff,28000000,63996,1,TOXIC HEROES
1,#2QQUGV0G0,Kagenay,0xffcb5aff,28000251,52560,2,MALDIVES
2,#JJULLJV0,Santy💸🍾,0xff4ddba2,28000018,51419,3,
3,#229VRCY2L,유승범,0xff4ddba2,28000020,50853,4,찌개
4,#GJQG8C29,hsajidh,0xffffffff,28000000,50331,5,dragon’s den
5,#820VUGPC0,stupid kaden,0xfff05637,28000303,49296,6,Mugiwara
6,#LVQ2V2VQV,❦︎𝔇𝔶𝔷𝔦𝔬シ︎,0xffcb5aff,28000135,49234,7,Hounters Hour™
7,#YJCRJUGG,水|HISSE,0xffffce89,28000175,49228,8,MALDIVES
8,#CQ280CR,nanna099,0xffff8afb,28000349,49021,9,MALDIVES
9,#VGU98989,🇺🇿ZEUS🇺🇿🇺,0xfff05637,28000000,47928,10,
10,#L22CYLJLV,永恒 | ŚHÄRĶ☘,0xffffffff,28000000,46683,11,
11,#PQG2VL2VV,🔥Alex👑2017💞,0xfff9c908,28000175,45449,12,BS Kings
12,#889CR9Y2L,Michael2003,0xffffffff,28000312,45248,13,Stroopwafel nr2
13,#YVGQCVGYG,зилибоба,0xff1ba5f5,28000352,45185,14,"""BRAWL-WORLDS"""
14,#2QPP98L8,Starlight,0xffcb5aff,28000125,45062,15,MALDIVES
15,#P88GG89Y9,AARONDERFUL,0xffcb5aff,28000148,45034,16,MEGA koreask
16,#2CYJYUQPY,玄┃𝙎𝙖𝙢𝙪𝙧𝙖i,0xffff9727,28000347,44742,17,
17,#CJYVULUL,Azяо🌙,0xffcb5aff,28000129,44301,18,Tempest Rising
18,#2J0C8RQGL,グールVampire🧛🩸,0xffffffff,28000284,44086,19,
19,#YPCRCY2LL,Red Reaper,0xffff9727,28000254,43869,20,Shockworld|NOVA
20,#88CPP2GU2,Uway🌠,0xff4ddba2,28000169,43517,21,MALDIVES
21,#9LJUVL9CQ,•☆》Stranger《☆•,0xffff9727,28000347,43429,22,MALDIVES
22,#2Y0P008GU,❄️Įšę Ęłįtā❄️,0xff1ba5f5,28000333,43397,23,VivaCuba🎸
23,#8YG2J9Y8,BGH😃,0xffa2e3fe,28000352,43171,24,Sunspire
24,#9GRUQJPJP,☆Athena☆,0xffff9727,28000093,43116,25,알파AP 2기
25,#82JL0GV0V,[WP] FeNiX,0xfff9c908,28000132,43055,26,ДРУЗЬЯ BRAWLERS
26,#V8RU229,Bebe,0xff4ddba2,28000078,43018,27,SSS AKATSUKI
27,#22CRQY280,IXAAN🌗,0xffcb5aff,28000297,42921,28,
28,#28JCC2UYJ,MATINY,0xff1ba5f5,28000156,42919,29,MALDIVES
29,#208JP88RC,ZEUS,0xfff05637,28000348,42827,30,ChampionsPL
30,#9Q092LUL8,MEGA-__-KING,0xffa2e3fe,28000272,42505,31,Імперія Добра V
31,#PC88UQ998,PharaoN,0xfff9c908,28000132,42432,32,Army of Noise
32,#98JY9L0UV,Monkey.D.Luffy,0xffcb5aff,28000305,42340,33,
33,#YJQ2PVQGR,CHAI,0xfff05637,28000333,42086,34,MALDIVES
34,#8LCYVLQQY,Doctor Stanley,0xfff9c908,28000072,41973,35,Таверна Фриков
35,#8289JYCVQ,♥ӾӾӾRØ₭₴₮₳Ɽ⚠,0xffffffff,28000141,41888,36,
36,#820G0GCL8,꧁✞✰ᗪ乇爪ㄖ几✰✞꧂,0xffcb5aff,28000346,41414,37,
37,#2UUL8J2UJ,DH,0xffcb5aff,28000125,41266,38,MALDIVES
38,#80UVGLJ,𝔇𝔯𝔞𝔤𝔬𝔫,0xffa8e132,28000341,41218,39,
39,#98LR9Y9J8,ØutLaw々AIMAN,0xfff05637,28000023,41014,40,dragon’s den
40,#89QLQC2QQ,QLS|iVinas,0xff4ddba2,28000207,40785,41,ByEspizas Team
41,#Q892UGU2,oof/ERROR,0xff1ba5f5,28000090,40633,42,MALDIVES
42,#82PGRC08P,Т҉О҉К҉С҉И҉К҉,0xffcb5aff,28000280,40264,43,Байрактар
43,#LQYU0LRC0,BARNEY,0xfff9c908,28000130,40110,44,Mugiwara
44,#89PCJUJ02,Yoosuf8041,0xffa2e3fe,28000230,39937,45,
45,#PYVCRPJJL,Русский дух,0xffcb5aff,28000228,39912,46,
46,#2PGR9Q8QL,TLR|𝓓𝓮𝓿𝓲𝓵␈,0xfff9c908,28000272,39680,47,
47,#990Q0GPQ,$Crow$,0xffcb5aff,28000132,39629,48,Пекарня
48,#2QUQJ88P,AnasBrawlStarYT,0xffcb5aff,28000293,39565,49,PsychoKids
49,#LYLRC00C,Ph@ntom 13,0xffcb5aff,28000023,39538,50,Clash
50,#QG8GJVC,✓✓✓✓✓✓,0xfff05637,28000305,39498,51,
51,#9V00PV9U0,I.M.SPOOKY,0xffcb5aff,28000317,39487,52,The Chosen Ones
52,#2VR098UJ,ShokY,0xff1ba5f5,28000352,39459,53,MALDIVES
53,#Y2RQYJGRR,⚡misha⚡,0xffffffff,28000132,39412,54,
54,#8J2JRLJRG,HLz | EsPiN,0xff4ddba2,28000136,39400,55,Kotak Elite
55,#U82GVGVG,CoolName,0xffa2e3fe,28000064,39390,56,Mugiwara
56,#8R0C2YP9Y,Aku_,0xffa8e132,28000128,39322,57,Mugiwara
57,#P8UGCRVL,neejtenn,0xffffce89,28000156,39002,58,la royal team
58,#8YC9VGL0R,⚡GON FREECS🎣,0xffff8afb,28000352,38962,59,SnowAngels❄
59,#PYJP929LR,"shere,you☠☠",0xfff9775d,28000203,38813,60,Sharingagan:v
60,#90JVGU2YY,БОЛЬШИЕ ЯЙЦА,0xfff05637,28000317,38780,61,SN|CLAN
61,#Y2LR0RCPJ,⚔️VNA❤️TOXIC⛩🗡,0xffa8e132,28000272,38673,62,MALDIVES
62,#2RG2GCVY9,똥차,0xffcb5aff,28000019,38672,63,<c2>Fire</c>
63,#V922Y8VY,𝓟𝓪𝓬𝓲𝓯𝓲,0xff1ba5f5,28000322,38643,64,TOXIC ONES
64,#2R9QQJ2L9,cherkris 🎐,0xffffffff,28000258,38637,65,☄️☄️☄️
65,#C800R0RC,zhentutu,0xffa8e132,28000061,38544,66,The Avengers
66,#PU8YUY8PR,LARA,0xffcb5aff,28000228,38443,67,South Tribe MX
67,#2P9C200CP,NIKITA_yt[NFG],0xffff9727,28000165,38098,68,Ciastka Pearla
68,#22QU8RL8Y,Rayan-Oficial,0xff1ba5f5,28000062,37997,69,AZUR AIR
69,#8VVLRCYV9,MC l€oN,0xffff8afb,28000267,37997,70,
70,#RU902JR8,♧Forfy♤,0xffcb5aff,28000061,37924,71,💥Crazy Stars💥
71,#PPCC29PLC,GLOBI,0xffcb5aff,28000102,37913,72,SwissAlpine
72,#YP99VQ8PV,🦇Morto Combo🦇,0xff1ba5f5,28000058,37793,73,НАТУРАЛЫ
73,#J899CJ8J,HD|ALCI™️,0xffcb5aff,28000275,37695,74,
74,#80C009VPY,《QIZIL》ADEM,0xffcb5aff,28000254,37673,75,《QIZIL》GAMING
75,#99LCLGJJV,rodired,0xffffffff,28000170,37570,76,ТошичYT
76,#LGLU2G8U2,бебрик,0xffff8afb,28000147,37523,77,ДетиИндиго
77,#Q28YLY20,ILAN,0xfff9c908,28000170,37414,78,MALDIVES
78,#9YQUPVL2Q,Я шо там втащил,0xff1ba5f5,28000276,37267,79,DeyuSxz
79,#9U98CGCCU,Sal2361,0xffa8e132,28000332,36924,80,FISH N CHIPS
80,#90YG0VUY9,Navi|Drax,0xfff9c908,28000294,36837,81,Blood Dance🩸
81,#9YPY8JY0P,Fernando 21,0xffff9727,28000074,36832,82,Família Vassalo
82,#PGCUURGQQ,lol1236,0xff1ba5f5,28000136,36779,83,Bears With Me
83,#PCYLPJ829,морковка,0xfff9c908,28000277,36746,84,хайпикицб
84,#P80882980,Katsuobushi,0xfff9c908,28000222,36730,85,MALDIVES
85,#8800VG2VV,☆SV☆,0xffa2e3fe,28000225,36697,86,Бойцовский клуб
86,#Y9PC809GR,わしち,0xffcb5aff,28000309,36638,87,Assassin eterni
87,#PLUCUCCYC,🔥[NN]ZaRDi🔥,0xffcb5aff,28000125,36622,88,NV ACADEMY
88,#20GLJQ2L2,❄️champusse❄️,0xff1ba5f5,28000073,36487,89,аогири?
89,#2QVU09QYP,RogerFederer,0xffff9727,28000314,36481,90,RC4BRAWL
90,#LQQYC90JV,🇺🇦Rain🇺🇦,0xfff9c908,28000290,36375,91,FeintClub
91,#8V8CYGYGV,•☆》Scam《☆•,0xffff9727,28000009,36363,92,
92,#2QPP2LCYJ,Peach Wayne,0xff1ba5f5,28000165,36342,93,Nutty Alliance
93,#9CLRPJPCC,НИКИТА fun game,0xffa2e3fe,28000347,36203,94,
94,#LQJYV9CYY,GS73,0xffa8e132,28000115,36121,95,Piper’s Dungeon
95,#2QU9R0VQR,hayyan,0xfff05637,28000282,36108,96,MALDIVES 2
96,#9VGLPLGG,👻👻👻,0xfff9c908,28000136,35964,97,Hexlone|B2P
97,#89P0PCYC0,ÎûFâÂf,0xffa8e132,28000253,35903,98,MALDIVES
98,#Y9VVQU20U,sinkay,0xff1ba5f5,28000273,35839,99,
99,#L9J0YPCQR,Ἷ Ʀøll Ҭhε Ɖιcε,0xffcb5aff,28000285,35778,100,MALDIVES
100,#R929UYPG,TB |ZAYAN,0xffa8e132,28000258,35696,101,Team Knuffi
101,#98JJC02QY,°×VR|ＣＺＥＲ×°,0xfff9c908,28000136,35661,102,𝙑𝙍𝙚𝙖𝙡𝙢
102,#Y9Q9RQGR8,Ruaandu just,0xffa8e132,28000037,35536,103,🖤TITANS🖤
103,#PVCGVLQL8,🔥|YuraKent|🔥,0xff1ba5f5,28000175,35522,104,Hevoc
104,#2PLGCRJUU,ice-ле́д,0xfff05637,28000187,35511,105,🇷🇺РОССИЯ🇷🇺
105,#8UPRC2PUP,Mr.turtle,0xffcb5aff,28000332,35398,106,
106,#JQQR28LV,[ICE]LEMON4ik,0xff1ba5f5,28000139,35382,107,eeeee
107,#CGYY08YR,Simon,0xfff05637,28000273,35351,108,les etoils
108,#2PCPQQVQP,AAKIL,0xffcb5aff,28000333,35308,109,MALDIVES
109,#9YRGV2QG9,YT|El Mister F,0xfff05637,28000172,35307,110,Bolivia
110,#8CV2RRRR2,бабка,0xffff8afb,28000119,35294,111,
111,#92YGG0PUR,BrสωlStͥสrͣsͫ,0xffffffff,28000175,35263,112,_OLYMPIA RUVO_
112,#R0J8RJRL,dad,0xfff05637,28000014,35240,113,SINGAPORE LEH
113,#YP8L9CVY2,sebix,0xffa2e3fe,28000330,35231,114,stare kury
114,#8JL0U8YGV,FreeHand,0xffa8e132,28000341,35048,115,party gang
115,#P002Q99PU,fifou,0xffff9727,28000155,34978,116,Team Stars
116,#YPQJ2YY2Q,🥶pugboydan🥶,0xff1ba5f5,28000347,34917,117,edgaar pro
117,#2LP9VPGCR,Истребитель,0xffa8e132,28000273,34823,118,
118,#UJVGRG0U,Skray Pixel|YT❤,0xffa8e132,28000132,34691,119,RLT_SP_CLAN
119,#9V2VQQUP2,Gri$,0xffcb5aff,28000061,34587,120,ВОЛГОГРАД
120,#PRYUGJPV,Мифический Джин,0xffa2e3fe,28000168,34536,121,семья
121,#9J20VPQVC,[Noob]NoWifiLol,0xffff9727,28000077,34489,122,Heart Broken 💔
122,#2CQQ8VCVV,Absam,0xff1ba5f5,28000024,34403,123,
123,#8Y2GP2Q08,KD|Tomato Sauce,0xffcb5aff,28000280,34395,124,MALDIVES
124,#8JJ80P9C8,[БЛЭТ]★$¶★,0xfff05637,28000081,34338,125,byki14
125,#8Y99JU9U0,Italy scored 3,0xffffffff,28000273,34289,126,GOAT
126,#8JGRYURLP,⚡MAGNES_64,0xffffffff,28000231,34258,127,Unknown1
127,#YVRLRVRY0,Double,0xfff9c908,28000221,34256,128,QPI
128,#PVL09PR0V,БУРАТИНА🤟,0xffcb5aff,28000156,34092,129,MEEP
129,#8JCVVPUJ,Amaan,0xffff9727,28000314,34039,130,
130,#80PJUPUGL,тем с кисточкой,0xffff9727,28000091,34000,131,Сад Мортисов
131,#YPYRLUCGP,☔Navi/Brous🔥,0xffcb5aff,28000161,33958,132,
132,#8RQQJVJ02,Zim,0xfff05637,28000291,33958,133,
133,#2GQGU92CL,Темычпопыч,0xffa8e132,28000249,33908,134,
134,#8UG8UL09V,Yusufootickle,0xff1ba5f5,28000037,33870,135,
135,#9C9V9YG0,Star Tref,0xfff9c908,28000294,33826,136,Pega
136,#9C8PRU90Q,Couzy_Healer™,0xfff05637,28000331,33780,137,El Primo's Club
137,#2LPGY29UC,BSMVC|XeroX™,0xffcb5aff,28000280,33770,138,MALDIVES
138,#PGLC9PY29,KOST,0xfff9c908,28000009,33747,139,Бавовна
139,#9GGPCGJQJ,MVNA | MVL,0xffcb5aff,28000019,33670,140,MVNA
140,#UVC0UL0P,Sushi,0xff4ddba2,28000297,33617,141,FAM CLUB
141,#L0PVCPYY0,новый облик 😪,0xfff9c908,28000159,33606,142,BRAWL FOR FUN
142,#20VQYUURU,САСКЕ ВАЛЯСКЕ,0xffcb5aff,28000132,33547,143,Rushing Storm🍥
143,#QG99GY9V,"Максим про,🇺🇦",0xff1ba5f5,28000156,33469,144,клас бебриків
144,#9898VY2C,Dencazor,0xffcb5aff,28000330,33349,145,superbaby
145,#80J9C2RCC,TOXIC RUSH,0xfff05637,28000088,33343,146,ROMÂNIA
146,#QR99VYYC,its Markys🥀,0xffcb5aff,28000184,33328,147,BS|☔ᴋɪʟʟᴇʀ👑
147,#VP92C28G,KEKZz,0xff4ddba2,28000253,33327,148,
148,#99RGR9PJ8,чунга чанга🇺🇸,0xff1ba5f5,28000228,33317,149,
149,#J088VQQV,KapiNapi,0xff1ba5f5,28000175,33289,150,Вата
150,#9G0CYCU2L,zxcursed,0xfff9c908,28000132,33240,151,QPI
151,#PP9PPCPC9,KAIFZKOOL,0xffff8afb,28000228,33240,152,FAM CLUB
152,#YRUU2VGR8,кальмарчик,0xff1ba5f5,28000168,33234,153,
153,#9GL9UVJP9,бсдалыжалад,0xff4ddba2,28000236,33153,154,
154,#9R8YUGV9G,stalker,0xfff9c908,28000141,33145,155,мы любим Россию
155,#P8VRGY0R,◇♤《MI$H-@L》♤◇,0xffffffff,28000139,33116,156,MALDIVES
156,#8928LY82V,Haath,0xffff8afb,28000280,32979,157,The Losers
157,#9UC2PR88U,LIN,0xffa2e3fe,28000280,32978,158,TEAM YONGANISA
158,#GR09J992,Inservio2,0xfff9c908,28000139,32963,159,Real Stars
159,#PVQCPRPQ,Blood Hound,0xff4ddba2,28000347,32890,160,MALDIVES 2
160,#9QY2Y8RVQ,спраут,0xff4ddba2,28000050,32803,161,PRIDE🦁
161,#2QJQGGJ0J,KING|AkmaLᵖʳᵒ♕︎,0xfff9c908,28000347,32782,162,
162,#2J92JJC8C,☆Limbo☆,0xff1ba5f5,28000156,32772,163,FireTeam🥶
163,#LCLY88QVY,°×VR|Pıxıє×°,0xffcb5aff,28000189,32685,164,𝙑𝙍𝙚𝙖𝙡𝙢
164,#L02VLPCV8,はbury me aliveは,0xfff9c908,28000215,32642,165,☄️☄️☄️
165,#LCC2VRVUR,😈AYDHIN😈,0xffcb5aff,28000305,32596,166,BRAWL BOTS
166,#PYR0CLYR9,benja,0xff4ddba2,28000305,32595,167,Semens insanos
167,#JP9PQU0,⭐Rizan⭐,0xffa2e3fe,28000348,32580,168,Far Fall
168,#YCQJGYLQQ,xHiro7,0xff4ddba2,28000173,32527,169,Mini Crox's
169,#28PRYRVQR,Tribe | hussain,0xfff05637,28000138,32466,170,dead bunny
170,#8Q2CL02RP,『Apeek』,0xffcb5aff,28000203,32399,171,Vic le Best
171,#9Q08YPYVU,Mortis,0xffa2e3fe,28000082,32367,172,UA family
172,#8YGR02LQ0,Machael,0xff4ddba2,28000207,32357,173,Brawl Gamers
173,#Q9VVVJJQ,notpsytrax,0xfff05637,28000273,32349,174,Nutty Alliance
174,#YYGYP2G2J,💫|GaLe🔥❄,0xffff8afb,28000163,32325,175,
175,#YP0JVL8UL,魂|Nightcøre,0xffa2e3fe,28000175,32319,176,MALDIVES
176,#R8Y9099L,☔️ᶫᵒᵛᵉᵧₒᵤツ™〽️,0xffa2e3fe,28000305,32309,177,<c5>EZ</c> TEAM
177,#GC8QVCYL,Shamah,0xffffffff,28000139,32301,178,Team Triton
178,#Y9G09CUYL,匚卄モ乃∪尺モＫ😈,0xffa2e3fe,28000293,32214,179,Remnant
179,#PGJCP0VUL,леон,0xffcb5aff,28000332,32213,180,Добрые люди
180,#20JJL9C9,данил,0xffa2e3fe,28000349,32202,181,Gaming Legends
181,#9QVLVCVLQ,丂ㄖㄒㄖ匚卄I,0xffffffff,28000345,32163,182,🦖Базз🦖
182,#20RYV9VGP,★Đɇмøņᶫᵒᵛᵉᵧₒᵤツ☄,0xffa2e3fe,28000294,32094,183,Legion of Death
183,#2Y2L8LL09,hyrayee,0xffa8e132,28000255,32081,184,
184,#YRGYLJ0C9,sd pixel,0xffffffff,28000288,32080,185,kong man
185,#8292PP20P,danis,0xffff9727,28000033,32080,186,Пробки
186,#2C80PG0V,LdS^^ | dan3y♤→,0xffa2e3fe,28000063,32074,187,Best Buds
187,#Y2YVCCRQR,🖤Asasen🖤,0xffffce89,28000349,32037,188,boys
188,#2PR08JUPR,Dan,0xfff9c908,28000132,32019,189,⚡️ Too Godly ⚡️
189,#8URYPGRGV,AIK,0xffcb5aff,28000305,31966,190,
190,#8PJYLCUVQ,⚔️Amͥmaͣrͫ⚔️,0xfff9c908,28000341,31938,191,MALDIVES 2
191,#PCUGY8PUR,sUvnS🧣,0xffcb5aff,28000222,31905,192,Клуб: #C0LG2P0C
192,#PPRGVJJ2U,νєи•вσт,0xffffce89,28000280,31880,193,Far Fall
193,#PGRVCULR9,Майк с плесенью,0xfff05637,28000335,31869,194,Sʜᴏᴡᴅᴏᴡɴᵏⁱⁿᵍˢ⛩️
194,#9882VR90V,Hasan,0xffff8afb,28000149,31862,195,Breakfast Club
195,#YGRRJPUPY,수호자,0xffcb5aff,28000014,31859,196,브롤 마스터
196,#8RJ8LRV0,хто я?,0xffa2e3fe,28000228,31810,197,pierogi ruskie
197,#2CVQ0GYJJ,FEARLESS,0xff4ddba2,28000070,31765,198,YENİlMEZLER
198,#P2YQCLV9Y,B°a°r°b°a°r°i°k,0xfff9c908,28000273,31751,199,
199,#8YJGLQ9YG,⚡ʝaɨʀ⚡,0xffcb5aff,28000332,31739,200,
