,tag,name,nameColor,icon,trophies,rank,club
0,#JYYPU82P,次|🥀༄𝓜7̶m͠𝓓⸅✨,0xffcb5aff,28000054,59903,1,memoş
1,#8Y9CYVUYR,𝙻𝚘𝚕𝚢✨,0xffcb5aff,28000210,58427,2,𖤐.
2,#9JY2LGUJU,zalım,0xffff9727,28000224,57000,3,
3,#2YRUQL0L,tuonrn,0xff1ba5f5,28000020,56951,4,Broxe
4,#982J9PYQ,Holy_Sakibara💥,0xffcb5aff,28000166,53340,5,unisson
5,#9JLQPQYYQ,TM|SnowMan⛄,0xffff9727,28000129,52060,6,Hydronica
6,#8GCLURLP9,SK|Döül_Chë,0xffcb5aff,28000335,51555,7,
7,#9J0JG9UGR,👑Ķinğ Ĺèòñ👑™️,0xffcb5aff,28000330,51497,8,baobab🌱
8,#89VLRGL8J,Martin|Carry🐬,0xffffffff,28000348,51400,9,Serinity Esport
9,#9J9L0Q9UJ,☔ﾟᎡ𝚎ᵃ𝚎ᶩ𝐦ǿʱ☔️,0xff4ddba2,28000254,51398,10,REA|Esport
10,#2CYP8J0G,MEMENTO :p,0xffa2e3fe,28000173,51068,11,Club #JPLRG998
11,#P9GVVV9VV,Sari.,0xffcb5aff,28000212,50636,12,The Kings
12,#29QJLRLJU,制复Knjaz❤️‍🔥,0xff4ddba2,28000174,49948,13,⭐Star Squad⭐
13,#2GVPQL2VJ,VGS|IceStorm,0xffcb5aff,28000305,49897,14,KD TEAM
14,#CRYPPPV9,ich noop,0xffcb5aff,28000290,49239,15,
15,#8CLJUVJRR,RUSSIA 🇷🇺,0xffcb5aff,28000294,47491,16,LZ | Les ZérØs
16,#PL29L2QV,🔥RW|私が信頼する唯🔥,0xffffffff,28000196,46827,17,CR7/SUCUK EKİBI
17,#8YCCC0GLP,GG bence🐠,0xffa8e132,28000305,46821,18,Nova Ace ♠️
18,#9PRV2VCJC,IɴᴛᴇɢɢRᴀ🖤🥺,0xffffffff,28000135,46798,19,Забросил Игру
19,#GCJP8UU0,Ouͥtlͣâwͫᴳᵒᵈ ツ,0xffffffff,28000010,46521,20,彡𝐸𝑛𝑑†
20,#UVPCGGUJ,Daniyyel,0xff4ddba2,28000352,46321,21,guatemaltecos
21,#PR8YLY899,TSN|乃สℓ͢͢͢ℓค,0xffcb5aff,28000333,45944,22,
22,#9G2U2YQ0,Legendary,0xffcb5aff,28000050,45824,23,IcE TeaM🥶
23,#P9G9Y2Y29,悪|𝑲𝒆𝒗𝒊𝒏𝑿ヅ,0xffcb5aff,28000291,45432,24,𝐍𝐈𝐆𝐇𝐓ᵐᵃᶠⁱᵃ
24,#8V2JY0VG,хочу леона,0xff1ba5f5,28000333,45101,25,Cloud|☁️😶‍🌫️
25,#GL9GQPLY,TT|NataGoogle💫,0xfff9c908,28000156,44566,26,Monkeys Squad
26,#2RJ988CQL,[L~F] WeaCh,0xfff05637,28000023,44340,27,
27,#C0RL89CP,𝕰𝖆𝖌𝖑𝖊🦅,0xffffce89,28000062,44284,28,
28,#LCYR22CPC,💎ঔৣ۝Ðį₥įTℜį💎,0xff1ba5f5,28000134,44267,29,Katze 🐱🐈
29,#2U9LPUCVQ,독쫑,0xfff05637,28000277,44156,30,성인돌
30,#8LP02QR8P,👿Diablo😈,0xffcb5aff,28000274,43886,31,
31,#9QPCPULGC,SPACE,0xff1ba5f5,28000348,43454,32,z7azee7
32,#9GQRCY80,logesh lesnar,0xff4ddba2,28000295,43451,33,Mafia Elite
33,#UU0CCPLY,🧟‍♂️|💔FasDer❣,0xffffffff,28000139,43384,34,BRAWL WORLD🌎
34,#20PC8YCPP,I'm God,0xffffce89,28000272,43265,35,LES FORGERONS
35,#Q99PRC0J,говноакула,0xffa8e132,28000332,42999,36,Chinese Sage 🐉
36,#9RYRVQC8L,⛩️|Bwee 💫,0xff1ba5f5,28000217,42666,37,Toad's Empire
37,#82PCPPGCG,эх эх ах,0xffcb5aff,28000164,42636,38,
38,#2GY8LC0V8,乃|ⁱ ᵃᵐʀᴀʏᴀɴᴇᵒᵖ☄,0xffcb5aff,28000104,42630,39,
39,#YULJVRQQ,Cairne,0xffcb5aff,28000228,42517,40,
40,#8902JRL0Y,꧁Ꝁɨnǥ ฿ØⱤ₳₦,0xff1ba5f5,28000317,42514,41,NeverLand🥀
41,#CYPG2RCC,6ix,0xff1ba5f5,28000019,42495,42,L’empire du s10
42,#2GQ0C9Q2J,[БАН] Breik558™,0xfff9c908,28000139,42417,43,elizzi team 🥀
43,#P998JQYJU,幸福|foxy💞,0xffa2e3fe,28000341,42366,44,Forever💞
44,#YPGYQ2C2U,DT|s͎ᴄor͎pax̶ᴇ❄,0xff1ba5f5,28000148,42154,45,
45,#Y98QGLPV,𝚣𝚎𝚗♡𝚗ミャー,0xff1ba5f5,28000175,42003,46,theharewice🩵
46,#9YPPGP0UC,丅ⓗ𝔯|Ŵέภ𝐎м,0xffa2e3fe,28000090,41996,47,CODEMAGİC TR
47,#9PRQULRVJ,WeS|Pirat,0xffffffff,28000339,41755,48,Ambitious Gods
48,#PRY0V8Y9G,SMK|Kreysbar🌌,0xffffffff,28000304,41539,49,BRAWL WARIOR🏆
49,#88UU8PRCL,⛩❥︎ᴅʏʟᴀɴᴳᵒᵈ🌵,0xffa8e132,28000348,41322,50,<c4>Us</c>AsOne
50,#8V22RGPG,ツ ᴷⁱˡˡᵧₒᵤ,0xffcb5aff,28000151,41229,51,Der alten Säcke
51,#PQLG92QVR,_Ďęмøņ_,0xffcb5aff,28000220,41225,52,BATTLE🎴LEGION⚔
52,#9PQ82YQRP,Золотой кость,0xffffffff,28000170,41199,53,
53,#8UQQV0JV9,𝔊𝔞𝔫𝔤𝔯𝔢𝔳,0xfff05637,28000226,40970,54,
54,#PJYLLCVYV,🇲🇱Ousby🇲🇱,0xfff05637,28000164,40936,55,LDM
55,#220Y9V0JU,Killercasters💀,0xffcb5aff,28000078,40704,56,бравлеры
56,#9RQCQUYYR,Лев Тр0янец,0xffcb5aff,28000222,40496,57,
57,#9C9Q2GJP9,Luis🐻,0xffffffff,28000317,40447,58,Superbrawll
58,#2L8QLJ9RU,ziyad,0xffa8e132,28000286,40364,59,Union Française
59,#908Y9P8RC,Mircothebeast,0xffa8e132,28000033,40334,60,LE BEBE
60,#9G8U28PGG,CROW,0xffa2e3fe,28000334,40227,61,║︎UP║︎
61,#8UQJRQJPG,YT ArtemEg🧸,0xffff8afb,28000000,40208,62,
62,#2LJY2JLY9,🥀|delusion|メ ダ,0xffffffff,28000335,40080,63,Stone❄️Killers
63,#QVP0RLL8Q,Mohamed,0xff1ba5f5,28000229,40056,64,zendex
64,#V92P8VY,Dark Leader,0xffa8e132,28000125,40018,65,The North Cry
65,#YPV208Q2Q,геил,0xff1ba5f5,28000151,40001,66,
66,#20YYVRC0,倒懸,0xffffffff,28000291,39996,67,Jai Shree Ram
67,#8RV9RQR9P,Berserker,0xffffffff,28000020,39891,68,
68,#2UG8GR8VC,alpha<<jack>>,0xffff8afb,28000196,39889,69,Les Conquérants
69,#88QYVUYCJ,T҉w҉i҉S҉T҉w҉i҉G,0xfff05637,28000267,39738,70,
70,#9VQCUY9JC,BØŰBÄ😩,0xff1ba5f5,28000019,39724,71,Top FR 2.0
71,#PVU228U0L,[YT] АрТёМ4иК,0xffffffff,28000305,39708,72,🍜AKATSKI☁
72,#9PJQ092GJ,Вольт,0xfff05637,28000132,39673,73,Армяне
73,#9L0CUQLY,HackerHamadi,0xfff9c908,28000348,39633,74,AIR|ForceTeam™
74,#CG0CGL,Frozzy⭐,0xffcb5aff,28000118,39352,75,
75,#J2YUYCCR,Kal,0xffffffff,28000055,39332,76,FC 1664
76,#280L9JQ0U,lolipop,0xff4ddba2,28000345,38953,77,
77,#28YP8Q2QY,~∆[LP]∆~,0xfff05637,28000132,38858,78,Emerald world
78,#P9QJPUVP9,_ТЕНЬ(:,0xffcb5aff,28000228,38735,79,Unstated
79,#8RVL0RPJ9,holdik,0xff4ddba2,28000151,38692,80,бэбрик
80,#UCRY0P20,fouss,0xfff05637,28000173,38586,81,
81,#PPJ2YYCYR,Ибра-Калибра,0xffff8afb,28000023,38562,82,pon🦈
82,#9UP02J0VU,TIMchick,0xff1ba5f5,28000281,38320,83,Polish Army
83,#8RQ9Q2V0J,pro biker,0xffcb5aff,28000335,38279,84,WidowMaker LLC
84,#2CVLL9Q8,Doflamingo,0xffcb5aff,28000305,38273,85,Club #JPLRG998
85,#2LQGRJYUU,달콤새콤,0xfff05637,28000275,38248,86,달콤군단
86,#9PG2RLPY2,Leon m5,0xffff8afb,28000132,38113,87,SYG | RC ꧁꧂
87,#Y22CP8LLY,фортнайт топ,0xffffffff,28000175,38107,88,<c8>PhaZu🌌</c>
88,#Y28RUUCLJ,SD|kumisz✨,0xfff05637,28000335,38078,89,
89,#9UQLRYGVU,slowyz,0xffa2e3fe,28000315,38037,90,team ez gang
90,#8GL2VC28J,v Aid,0xffff9727,28000332,38036,91,Club League
91,#Y9VGVUQ9,EMİR KRAL,0xffcb5aff,28000156,38027,92,
92,#LYQQYPJQ,LPG,0xffffffff,28000003,38013,93,THIALÉS GANG
93,#PG8JPCR,kavi anand vj,0xfff05637,28000341,37983,94,JOZET GROUP
94,#LYUU8PG,SPIDERB,0xfff05637,28000222,37944,95,Team Zen💥
95,#2YLCRJPCG,rekill UwU,0xffcb5aff,28000045,37943,96,I’m tired
96,#QR0298RU,уф Л[ёня,0xffff9727,28000183,37939,97,
97,#LJCVPPJ8Y,ᴮᴳ|ᴮᴸᴬᶜᴷ ᴳᴬᴹᴱᴿ,0xffcb5aff,28000079,37853,98,La 7eme Cie
98,#LVRQPU2R9,Penguin Loyce,0xffff9727,28000262,37833,99,
99,#9GPY8GL9Y,☄xoskix☄,0xff1ba5f5,28000207,37804,100,Toxic Fiasco
100,#22CRUVUCP,까만토종닭,0xffff9727,28000293,37644,101,Pro Drillers YT
101,#8VP9LQVJ0,Боец,0xffffffff,28000000,37644,102,для проверки
102,#8URRU2PLC,el mito,0xff1ba5f5,28000135,37591,103,
103,#LLJCUJQCQ,Modibo du 93,0xffa2e3fe,28000222,37471,104,la mif
104,#LC9VL99JY,Ibrahima,0xfff05637,28000341,37407,105,BB|BakedBeans™
105,#8GQRQ9LPR,NARKOTYZATOR,0xffcb5aff,28000132,37345,106,Украина
106,#2PUC0PC8J,NÏKsóÑª,0xff4ddba2,28000317,37219,107,LKM64 N1 TOP
107,#289VVR0C9,KAYRO,0xffffffff,28000173,37151,108,EşmeliFanclub
108,#2PR8208QQ,Andréspro_MA,0xffa2e3fe,28000228,37123,109,Dream Team
109,#2J288YG9L,Ouolos,0xffa8e132,28000151,37118,110,Mega Impero
110,#PGC8QR9L2,ДимДимыч,0xfff05637,28000002,37093,111,Bad Randoms
111,#8LYV8YCYU,shyrox🇲🇫,0xff4ddba2,28000164,37078,112,⚡Flash Elite ⚡™
112,#LVQ98CLRU,ворон,0xfff9c908,28000273,37029,113,Old Team|AM🇦🇲
113,#9P90GQL8J,ТИХАН 757,0xffcb5aff,28000336,37007,114,We R The Worst
114,#8J20R2VJC,⋇Kotik⋇,0xffff9727,28000267,36999,115,⋇|Infinity|⋇
115,#YLCR9V9CQ,joy boy,0xffa2e3fe,28000130,36856,116,KS FRENCH
116,#Q0CCGPLUG,Louchamaru |Lv1,0xff1ba5f5,28000345,36791,117,SeaWolfs
117,#PRV002RU9,ПутьМёртвойМамы,0xff1ba5f5,28000221,36769,118,russia
118,#PQRRVL,ШТ|MiniRolton,0xfff05637,28000242,36670,119,штурма команда
119,#8C0G29Q0L,Inson Golle,0xff4ddba2,28000255,36504,120,GORİLLA CITY🦍
120,#Y9L2VG0CJ,Пацан,0xffa2e3fe,28000237,36495,121,Вай голубки😘😍
121,#8JQC2RRP9,MR.STARKILLER01,0xff1ba5f5,28000129,36432,122,Jspwlh
122,#2CLL2C9R2,Baba Haïdara 🙂,0xff4ddba2,28000207,36431,123,negros no
123,#P8V2282CU,🌪₮ØɌ₦₳ƉØ🌪,0xffcb5aff,28000286,36422,124,Reign Team
124,#YCCCP0JU,HYDRA |ARYAN™,0xff1ba5f5,28000023,36294,125,
125,#QVCQ9P0C,MAZLUM REĞİZ,0xffcb5aff,28000047,36219,126,
126,#9Y9VRCV0J,99XL,0xffcb5aff,28000102,36194,127,LoveAmongUs💖
127,#2CUPJRY8Q,𝐠Ж 𝔣𝓐𝓑𝓑𝕆™,0xffcb5aff,28000305,36174,128,
128,#299PQC9V9,Leecale,0xfff9c908,28000184,36098,129,Türkish 🌟🌙
129,#UG9RGCUR,Doggity,0xffcb5aff,28000228,36055,130,⛩️╚>[MML]<╝⛩️
130,#9PY28UJRP,holdik ☝️,0xff1ba5f5,28000141,35995,131,
131,#2CQYPY9PR,Wseem-_-maali,0xffa2e3fe,28000042,35955,132,<c5> Hello </c>
132,#YRJCY8VL,M1sn0,0xffa2e3fe,28000267,35904,133,Family💘
133,#82JP29U8R,Боец,0xffcb5aff,28000305,35831,134,Folgarial
134,#G0UJCPUR9,Michael After,0xff1ba5f5,28000150,35827,135,íQ TŐXíĆ 🔥🇮🇶
135,#88JRUQJ9U,kassogue,0xffffffff,28000155,35808,136,FR|Family
136,#9LLGC9VVJ,Даниил чемпион,0xff1ba5f5,28000330,35805,137,все про 3
137,#8CG8G9YY9,ta mère,0xffcb5aff,28000099,35804,138,
138,#YRG0VCR02,☆✞ZEYROX✞☆,0xffff9727,28000203,35794,139,R☠️K
139,#PPG9G0LYQ,Brawler,0xffcb5aff,28000305,35789,140,(brawl_stars)
140,#PG2L82VV8,Busy😞💔,0xffcb5aff,28000288,35765,141,WinFrends
141,#2UUV99U2U,니가 못생겨서 넣은,0xffa2e3fe,28000341,35586,142,K_SINSOK
142,#8GQ0QLVJP,M.A.D.A.R.A,0xffff8afb,28000303,35579,143,ODPCA
143,#2L289LQ8J,fors Youtube,0xffa8e132,28000341,35467,144,JD
144,#9CCPRPQGQ,Felix Bruder YT,0xffcb5aff,28000335,35427,145,Die rizzler
145,#P0VJYVPL0,FAFNIR S5,0xffff8afb,28000135,35375,146,Neverland
146,#8VP29Y9C2,-=НЕКТО=-,0xffa2e3fe,28000229,35342,147,Чипсы булба
147,#89LJ9YC29,Paupa Chocky56,0xffcb5aff,28000178,35251,148,gostosos
148,#CCYVPJ2Q,ツ⛩️No Trust⛩️シ,0xffa2e3fe,28000151,35239,149,элитный гейклуб
149,#L2UVCYGVR,t mort,0xffcb5aff,28000273,35216,150,C. S. L. R
150,#YCGULP8YL,Asta😈,0xffffffff,28000228,35126,151,god
151,#Q298PRVJ,✨Brawl|보리차✨,0xff1ba5f5,28000020,35063,152,GLAXY CITY
152,#PQLUY9QUQ,OWEE_NONO,0xffa2e3fe,28000328,34913,153,ex pro
153,#9RQ89CR8Y,$Bengalystone¥,0xff1ba5f5,28000019,34852,154,Les mergu'ezz
154,#9YYP9RRPU,King Ghost,0xffffffff,28000129,34842,155,Мішка фредес
155,#QY2JUPY22,abdou,0xffffffff,28000140,34722,156,FR club
156,#8VGQJVRRU,¥ALPHA¥,0xff4ddba2,28000305,34666,157,WizardS&CO
157,#9GQYQLLRJ,люблю Катеньку,0xffcb5aff,28000228,34660,158,Devstveniki
158,#CPGYGYU9,Amiral🇲🇱,0xffffffff,28000162,34646,159,JUSTICE CELESTE
159,#YVQLVGCRR,D🅰️n𝔦a🐝🍈,0xffcb5aff,28000332,34619,160,Complexity™️
160,#Q2VUQ828R,cw/BAN,0xff1ba5f5,28000168,34616,161,COMTEAM
161,#8CY2L0R8U,MR. iq,0xff1ba5f5,28000305,34612,162,
162,#80VLCLUYV,Rock Lee,0xffa8e132,28000279,34580,163,EvO|CorporaTion
163,#PJ90VR,§ky2egen6;),0xff1ba5f5,28000090,34479,164,Goats Duszka
164,#90QG0QU29,max,0xffa2e3fe,28000298,34468,165,Суета МГН[174]
165,#8C8P9R22L,MegaBrawler,0xffa2e3fe,28000347,34433,166,🖤Deside Team🖤
166,#2RJRJGJ2C,$andryha_top_07,0xff4ddba2,28000207,34424,167,Киберспортики
167,#988JQCUPG,LEON,0xff4ddba2,28000305,34417,168,Brawl team
168,#LR998PLCY,(🤑THE RICH🤑),0xffa8e132,28000196,34286,169,Brothers🇰🇿
169,#2CQ8QYV28,Sanex,0xff4ddba2,28000352,34237,170,Банда Azmoni
170,#YL2RJ92LY,🇷🇺Kinder🇷🇺,0xff1ba5f5,28000078,34201,171,Братья
171,#Y8CYRC9P,DEBASISH,0xff1ba5f5,28000129,34200,172,memoş
172,#P898V99PL,꧁ᴢᴀx꧂,0xfff05637,28000170,34198,173,Speed2TheMax
173,#PCJPUPUV8,QLS | TUYOP,0xffcb5aff,28000014,34197,174,Aslan Gan
174,#802C9Q8Q0,ikbensupergoed,0xffcb5aff,28000112,34105,175,turkey 🇹🇷
175,#GJGRYRR9,ferrari,0xffa2e3fe,28000331,34103,176,РЕВОЛЮЦИЯ♡50к
176,#PR88YP8J9,Mario,0xff1ba5f5,28000020,34066,177,9000000
177,#PRJ9GCR80,Грозный глаз,0xfff9775d,28000305,34060,178,флэшпоинт
178,#9VCV08QU0,ibrahim,0xffa8e132,28000228,34053,179,<c5>EMZ</c>
179,#Y8VR8YP8J,Punisher,0xfff05637,28000317,34030,180,DARKINFINITY
180,#8JLYUPULP,brawl Imad,0xffff8afb,28000233,33990,181,imds😻🔥
181,#2U2RUPQP,Ibra,0xffffce89,28000170,33980,182,les rescapés
182,#PCP2YCVGY,Meliodas,0xffcb5aff,28000297,33939,183,Juju kaizen
183,#GGRYQQRR,༺Ҏᵅ𝓅Ᏻǟ𝗺𝗲𝚛༻,0xff1ba5f5,28000156,33923,184,Frank's Cave
184,#9V2J0YY8G,@Asy1b€¢],0xfff9c908,28000018,33912,185,🇷🇺ŘøfłŽøñē🔞
185,#QJV0P8YL,⛩❄IčēMøŕțiร❤,0xff1ba5f5,28000280,33804,186,ICE|ZAZERSKI
186,#9LJ9LGV2,EL_CUBITO123,0xfff05637,28000095,33796,187,Carrù Tryhard
187,#28C2U088V,süleyman pro,0xffcb5aff,28000333,33664,188,
188,#28P0U908Q,V𝚘RT𝚎X🥀,0xffff8afb,28000314,33650,189,biały murzyn
189,#22GYLL98J,레온스타즈,0xffa8e132,28000271,33634,190,감따러출발
190,#PGQUV8YVQ,Леон,0xffff8afb,28000277,33546,191,клуб Леона 777
191,#PL0RCGPU9,нуб,0xff1ba5f5,28000175,33491,192,Терті пляцки
192,#PPCR2P8P,讓Leonardo🥹,0xffffffff,28000056,33465,193,World the start
193,#9LG98R20P,TT|Kose4ka,0xfff9c908,28000061,33460,194,футбол!
194,#P9LG8CU0,карась,0xff1ba5f5,28000182,33427,195,
195,#CL8RRVYV,Матюха,0xffa2e3fe,28000274,33419,196,Immortal Dynast
196,#9L8900R0R,Кавказец,0xffcb5aff,28000084,33417,197,MEMBER
197,#YY9PG8G9V,ES SPORT,0xfff9775d,28000156,33398,198,Działkowcy
198,#80LRGU9YR,KillonOne,0xffcb5aff,28000156,33349,199,
199,#2VG0CVC8J,FX,0xffa8e132,28000125,33311,200,POTATO'S FRIEND
