,tag,name,nameColor,icon,trophies,rank,club
0,#9UCJG9GV9,『Pan♡Przemsonツ』,0xffcb5aff,28000349,56821,1,robaki marmurka
1,#9PGP09YRU,DILAN,0xfff9c908,28000242,54549,2,la 18 Gamer
2,#PQC0J0G29,BE/gabjuju,0xffffffff,28000000,53775,3,TheFirstOne
3,#9QVGL8PG9,ᴬᶠ͢ᴷSΔИTY⁰⁸🖤,0xffffffff,28000122,51575,4,MBRAWL ESTRELLA
4,#P0QGLG08G,Marshal❄️,0xffffce89,28000059,51066,5,𝓥𝓩ճշճ
5,#8QYUGR9JG,パンダ,0xff4ddba2,28000182,49613,6,✭𝕋_𝕄•*¨*•.¸¸☆
6,#822PJLLY2,Kriska☙,0xffcb5aff,28000256,49164,7,<c3>Forest↟</c>
7,#2V0Y2VJ2P,MarCo:v⚡,0xfff9c908,28000095,48615,8,Agencias ʍʊʀʀ
8,#R2VUQG2L,🍁𝓤𝓻𝑖🧸✨🎃,0xff1ba5f5,28000254,48141,9,ȴ𝓪𝓽𝓪𝓶🧸✨
9,#89PURQ2UY,PB|TEAM,0xfff05637,28000273,48012,10,Fire Bobs Posse
10,#8QLGLJRU,Kk321,0xff4ddba2,28000301,47016,11,∆Omnipotent1∆
11,#8899VYYQV,ВОЛК👆👆,0xffcb5aff,28000305,46455,12,пиVoкратия 🍻
12,#8QJUVVVG0,rec,0xff1ba5f5,28000271,46343,13,SYP4ik Team's
13,#QRRP889G,SK|tormenta f🥀,0xffff8afb,28000321,45700,14,The Legends
14,#80289RLVJ,⚡|Dark|🎋™,0xffff9727,28000202,45515,15,i Tortelli
15,#2CPG8UCLR,[Ev] Vector 1,0xfff9c908,28000061,45413,16,GreenGo
16,#2VVJPVV22,🥶joker|Ua🔱⚜️,0xfff9c908,28000132,45319,17,
17,#2CGLC92CC,mikimsowy,0xff1ba5f5,28000230,45017,18,jeszcze polska
18,#990Q0JG2J,fox🦊,0xffa2e3fe,28000018,45007,19,OLG
19,#2LYGLCVRG,michupro,0xffffffff,28000262,45000,20,Muy tranquilos
20,#P90YLQ9G2,BRnual,0xffffffff,28000321,44519,21,Game Øver
21,#2G2PC28L9,ДаниИлка,0xffa2e3fe,28000064,44281,22,💥{SHOW|DOWN}💥
22,#9G2VY298G,Forex467🐺,0xffff9727,28000297,44135,23,LOS CALVOS 👴👴
23,#Y282UPPRR,Krake™️,0xffcb5aff,28000125,44122,24,Vikings VII
24,#JQJJCJQP,AnteQ,0xfff05637,28000263,43807,25,robaki marmurka
25,#82UR9GL8V,DJ,0xffa2e3fe,28000294,43331,26,BRAWL ME
26,#2QCUYRUYY,Asperor,0xffcb5aff,28000305,43109,27,Latinos_Stars⭐
27,#89LP2JYGC,matej pro,0xffff8afb,28000339,43047,28,IKEA WARRIORS 2
28,#9CCQPU20Y,Don,0xffa2e3fe,28000125,43026,29,BrawlConTrebor
29,#P999J9C02,RC|Lolipop™,0xfff9c908,28000226,42429,30,WinCity
30,#8R2CGRCYP,裸 | 𝑲𝒂𝒓𝒎𝒂❦,0xffcb5aff,28000280,42319,31,
31,#2RJPQU98J,⛩️Ｘｑｚｍｅ🥀,0xffcb5aff,28000280,42002,32,The AutoAimers2
32,#89JVVY0PL,PB|TEAM,0xffa2e3fe,28000303,41923,33,Fire Bobs Posse
33,#2GQQUP80R,꧁卂Ҝ卂ㄒ丂ㄩҜ|꧂,0xffff8afb,28000139,41905,34,𝚁𝚎𝚕𝚊𝚡🦇
34,#YL0YCUVLC,Always Number_1,0xfff9c908,28000132,41904,35,LiMoon ChoY
35,#9LQ9YYQQG,YuMoR_iSt,0xffcb5aff,28000347,41524,36,Tokyo nollan
36,#U220LC9G,ɪ ᴀᴍ Ñαҡαᴳᵒᵈ ツ,0xffa8e132,28000156,41041,37,F4|CLUB
37,#2YRU2UVV,It's Another?💔,0xffcb5aff,28000156,40890,38,TARTIM YT
38,#PPJ8UQ9U,SD|Thorlino 3.0,0xff1ba5f5,28000294,40709,39,I Will
39,#9RYJ9C0,xXANGELXxYt,0xfff9c908,28000267,40596,40,MysticGalaxyV
40,#982CGJC2R,Kutuli11,0xffcb5aff,28000332,40579,41,XETRaM
41,#920U9JUG9,leon,0xff1ba5f5,28000352,40569,42,morenda
42,#8VJU89G2C,FS|Starman,0xfff05637,28000322,40504,43,грейт квинтет I
43,#8QRVGQLVU,☁️ᴡɪɴᴅʏᵍᵒᵈ🌪,0xffcb5aff,28000294,40422,44,ТЫ ТОЖЕ
44,#P0CY990J8,Yicust,0xff1ba5f5,28000148,40374,45,GL Gang
45,#2PYPR0QJ,ToxicMokey🖤🥀,0xffcb5aff,28000090,40195,46,"""Los Kangris"""
46,#92QUG0UJL,Markel,0xffcb5aff,28000077,39795,47,LyokFox🦊
47,#LU9Q9GJRU,Jhonier◉⁠‿⁠◉,0xff4ddba2,28000298,39652,48,<c3>Héroes</c>⚔
48,#82CRLVYL8,-yºnu³⁴⁸⁹🐥🤍-,0xfff9c908,28000123,39649,49,TEAM|HARCORD
49,#QU2PRCJ2,Matiaz,0xff1ba5f5,28000139,39609,50,Team Canelita
50,#8QLVVURYG,GT|NINJA,0xffcb5aff,28000135,39598,51,GT|TEAM2
51,#QQ22PYP,♦️maru♦️,0xffcb5aff,28000272,39560,52,MegahuchA
52,#9QUPC0U9L,[LP]🔥Fire🔥,0xffffffff,28000180,39450,53,
53,#8G8G8LR9V,TwistiTwik,0xffffffff,28000166,39395,54,
54,#P0Y2YP8PP,suse.pl,0xff4ddba2,28000281,39266,55,Poland Masters
55,#2G0VR0JRQ,X i n F l y🥀,0xffcb5aff,28000014,39006,56,YT:HannesBS
56,#PQJVL8UCQ,Lurry,0xfff9c908,28000132,38945,57,8XL7XN
57,#9GQC0G9CP,❤️‍🔥~oksi~⛩,0xffffffff,28000014,38907,58,
58,#9VQQ2J0Q0,🌪️Sandstorm 🌪,0xffcb5aff,28000228,38595,59,
59,#P8U8VU9J2,(Mich) _-_☯️,0xffcb5aff,28000138,38589,60,Club foot
60,#2G9L9VGP,dawaj mi chipsy,0xffa2e3fe,28000156,38545,61,PoznanDoznan
61,#RU9J8CG8,🙂Bruno🙂,0xfff05637,28000349,38449,62,The Best
62,#8RCJPJUQQ,新|Arien19🔮,0xffcb5aff,28000228,38404,63,/ToXiC/IO/
63,#2UVR0YU2U,It's diamond?💔,0xff4ddba2,28000016,38360,64,
64,#P8Q0L8C2Q,rodrigogg,0xfff9c908,28000206,38351,65,传奇战队
65,#8JYQRU2VY,Carlos|040209,0xff1ba5f5,28000046,38286,66,FC barcelona👻❤
66,#2C98PGLGG,Jben play,0xffff9727,28000073,38198,67,Lyghten Legion
67,#YRUR90RJ0,KRAL OSMAN,0xfff05637,28000317,37956,68,FP|HOWLERS
68,#Q2YYQQQ2L,Tank79🦈,0xffa8e132,28000224,37953,69,YT:HannesBS
69,#C2UL2L2R,soy batmandavid,0xffa2e3fe,28000170,37943,70,LOS CHIDOS
70,#89YRU0QYV,❄️IceStorm ❄️,0xffa2e3fe,28000267,37759,71,SUPER KILLERS⚡
71,#R0JLUCG,Joseph Bleyter,0xfff05637,28000077,37497,72,Fans de Mr P
72,#2PJUQJU9R,brother🐣💛,0xffff9727,28000014,37347,73,
73,#PYPGGVPU0,⛩|pͥatͣrͫyk🐣,0xfff9c908,28000095,37291,74,🥀Omega|Pump🔥⚡
74,#9VCQY9U00,staxx,0xffff9727,28000164,37252,75,Makhnovschina
75,#LLPUJCV9,Leon,0xffffce89,28000267,37251,76,Comando 0 | CCZ
76,#92UC8UV9Y,[KING]Lite,0xffcb5aff,28000278,37226,77,DaddyStan
77,#P2QJC0G9C,леон,0xffa2e3fe,28000276,37045,78,МАСТЕР В КВ
78,#2P0LP9U9Q,Noah Reppert,0xffff8afb,28000341,37000,79,DarkPlay🌌
79,#9YJUJYU9Y,rayito,0xffcb5aff,28000348,36910,80,Insomnio
80,#8QRPL0GPC,Adaś Haker/Leon,0xff1ba5f5,28000078,36883,81,Fire Bobs Posse
81,#8PJ8VQ9CP,TQ|¥●ůňg spiřit,0xffcb5aff,28000345,36832,82,Xirtam Brawl YT
82,#RYRGGRPJ,daniiii_123,0xffa2e3fe,28000128,36805,83,Treborsitos🥵
83,#PYJU0G0VC,Bombardinho,0xfff9c908,28000170,36747,84,Poland gamers
84,#PY82LGJLV,♡︎sᴛᴀɴʟᴏx|ᴍᴇʀᴄʏ,0xffcb5aff,28000334,36596,85,Элита Эль Ниньо
85,#YY2Q2RJ0P,MCLOVIN,0xffffce89,28000300,36563,86,villanos🎩☠️
86,#J8VUV028,ƝŁ❄️ⁱᶜᵉﾑﾚ乇ズ🌴,0xffa8e132,28000333,36313,87,💔NIGHT ANGEL💔
87,#82UQP2PC,Yt:Crow-BS,0xffa2e3fe,28000335,36310,88,World Finals🏅
88,#2V22RGYYV,"""c̶h̶e̶v̶i̶n̶>",0xffff9727,28000347,36230,89,Darkness™
89,#2CULP0QCU,ICE|Leandro🥶🥶,0xffcb5aff,28000207,36219,90,<c5>施瓦齊斯</c>
90,#C902P8YC,TJ |JESÚS,0xfff9c908,28000348,36192,91,Élite Alcázar
91,#Y98UY0JJ9,PBS|Flow❄️💙🥀,0xff1ba5f5,28000129,36189,92,Legendarni
92,#8YGJGQRLY,rico chet,0xfff05637,28000279,36157,93,LATINOS BRAWL
93,#YP989QRQ8,LuCastor,0xffffffff,28000335,36140,94,Xdex🎊™
94,#80Y89Q9JU,suka tvoy,0xfff05637,28000129,36044,95,Alians_Venom
95,#2QJQGRUV8,Bot 2,0xffff9727,28000169,35995,96,Romania
96,#9PJYYJUGL,FX| Albe火,0xffff9727,28000037,35926,97,ASTRON Lupus
97,#PPJG2LYL2,B4sti_09L,0xffa2e3fe,28000349,35808,98,Moppler 2.87
98,#9Q8CYURC,bot 1,0xffff9727,28000255,35804,99,Dark Deities
99,#8C9JCJ08J,Ismael el pro#,0xffcb5aff,28000224,35758,100,
100,#22UUYJYV2,Котяра,0xffa2e3fe,28000067,35701,101,СиГМА
101,#2RPVYP29C,🌀Frigorifero🌀,0xffcb5aff,28000258,35697,102,THE DARK ARMY
102,#P0902JCC9,Тёмный ниндзя,0xff4ddba2,28000140,35691,103,
103,#8PYUQJJ02,레고상세 짱💸,0xfff9c908,28000033,35651,104,3BRAWLER
104,#PJPJ0Y0UR,julio pas,0xff1ba5f5,28000156,35469,105,Miralvent mega
105,#2UGYGP0Y0,marat,0xff4ddba2,28000073,35457,106,MOLLY ACADEMY
106,#R8CQYRGP,ЎỖǗŜŜẸƑ ⛩️ 64,0xffa2e3fe,28000305,35405,107,❤️❤️❤️❤️
107,#9CJLPCC9Q,АЛЬФА PVP 2,0xfff05637,28000225,35404,108,Lemon/крутой😎
108,#9Y8CCQL2V,$¥$|Lokis,0xffcb5aff,28000014,35271,109,
109,#8G2LQ22CQ,Killua ⌁ San ツ♡,0xfff05637,28000252,35167,110,BusGang
110,#YVUQPPQL,AQM|Gri$on🥀,0xffff9727,28000275,35136,111,
111,#Y0CYU8J0J,TLS•SILVERDOG🌟,0xffcb5aff,28000129,35134,112,RoyalesVandalos
112,#L2Q0QRQRY,zeus,0xff4ddba2,28000259,35087,113,Super doidos
113,#29U202CR9,『来｜𝖣𝗈𝖼ッ♡｜丯』,0xfff9c908,28000272,35074,114,⚡️PUSH TEAM🔥
114,#288UP2V9L,Я горю как 🔥🔥,0xfff05637,28000175,35006,115,lolSta
115,#9PVJCVV0C,☣️DANGER☣️,0xffffffff,28000139,34990,116,Пушеры в законе
116,#9Y8YPV022,soso_ytb,0xffcb5aff,28000135,34759,117,ℤ𝔼𝕋𝔸
117,#99YCGUGQ0,Qls|Kill Bo¥,0xfff9c908,28000085,34755,118,Saturn🪐
118,#28YVPYGQL,ion,0xfff9c908,28000017,34703,119,DANGER |🇷🇴🇷
119,#P90LPJR08,頭 | Tensai🌇,0xffffffff,28000352,34691,120,RO | Nemesis
120,#9UCJ2CULY,rudolf,0xffa2e3fe,28000139,34671,121,Byle Do Piątku
121,#9PLJYY8LU,Артур,0xffcb5aff,28000135,34631,122,Клуб:  #29Q0022YV
122,#29V0RJYUY,Chainsaw♡,0xfff9c908,28000341,34629,123,Союз Пте
123,#JU8RQVV2,ruben:),0xffcb5aff,28000033,34623,124,r26 shelly
124,#8GVGGYCP,leon,0xff4ddba2,28000037,34603,125,EVERTON=)
125,#Y8RRQVYPU,ᴍᴡ|ƚɛɾռօw🌪️,0xffff9727,28000013,34596,126,
126,#22QUUQG9,NV|⛩️ĮnHªø🥀,0xffcb5aff,28000132,34586,127,FR| Empire⚜️
127,#8YY0UGJ8U,Dark|BlackNight,0xfff9c908,28000352,34549,128,PATATAS. MC
128,#Y08U9L809,FAK|NURA,0xfff05637,28000138,34548,129,UA|TOPERS
129,#P2QJV9P0C,👉pablox👈💚,0xffa8e132,28000129,34465,130,FlamenFreeWin
130,#Y0R0QP999,Parzival,0xff1ba5f5,28000025,34404,131,The Best
131,#PVYL2U2V,sfortunato,0xfff05637,28000023,34400,132,Club foot
132,#82Q0U8RUL,iSlepy💞,0xffff8afb,28000274,34319,133,Gold 1 Brock
133,#2LVC0LJ9Y,octa,0xfff9c908,28000132,34306,134,
134,#9RUJ2Y8JG,Alex,0xffcb5aff,28000135,34290,135,Brawler
135,#8VGVY8GY8,Drakula,0xffcb5aff,28000303,34284,136,Saggi★Enjoyer
136,#8PR88YRG2,Mistic dude MAP,0xffff8afb,28000300,34280,137,LosPetasChill
137,#UUJC0RUY,Magno Rufus,0xfff05637,28000299,34273,138,104 jammabbel
138,#LP9JV98L,atomick,0xffcb5aff,28000206,34196,139,pesc@truch@s
139,#Y8CCQQ8UC,👉ᴄᴏᴘɪᴛᴀ☺︎︎👈,0xfff05637,28000303,34070,140,Club  #2GVGYGCPU
140,#LUV0YCC8J,Guatemala,0xff1ba5f5,28000000,34014,141,United Warriors
141,#9UGV8LUU,щу,0xffff8afb,28000167,34011,142,банана пенсил🥵
142,#2QJJ28UC9,Laki LU,0xffa2e3fe,28000047,33927,143,⚡️
143,#8LJJU02PQ,BS|£uderwig|08,0xffff8afb,28000273,33832,144,Epic gang
144,#8J90RRG2V,Laght Games,0xfff9c908,28000228,33814,145,
145,#2002LPY0U,GF|PL4Y GOD1E👻,0xffff8afb,28000218,33814,146,Line friends
146,#9YRR2GYVV,Vlad pro,0xffa8e132,28000132,33796,147,VesiBS™
147,#2RLYVLPGP,The Best!,0xffa2e3fe,28000156,33790,148,Potęga
148,#80QP82UVY,maya,0xffa8e132,28000223,33741,149,€uRo
149,#8PLRY8LY8,YoshiGomis & co,0xffcb5aff,28000060,33673,150,brawlos
150,#99G2JL0V8,defi08⚽,0xffa8e132,28000258,33631,151,
151,#2Y8V8RQUG,maik°🈴ninja,0xffa8e132,28000312,33616,152,
152,#9LJJYYQJP,monkey bra,0xffa2e3fe,28000058,33613,153,KillerPoco
153,#9PRUJPY0Q,Kronew,0xfff05637,28000025,33611,154,APELA FRACO👿
154,#29RJGRPR9,Golden Bleyter,0xfff9775d,28000333,33548,155,Fans de Mr P
155,#80009JGJY,Big M,0xffff9727,28000156,33379,156,Fire Bobs Posse
156,#2RURPLR9Q,xdxnac+1=pr,0xffcb5aff,28000010,33353,157,imperio chino
157,#2JLJQGYVG,🐉|fREMORO|🐉,0xfff9c908,28000170,33255,158,MentalityProbl
158,#82Y00RUCY,$ANL_Games$,0xffa2e3fe,28000164,33234,159,Qwwenki Team
159,#PUJQ80QC,Cool_George,0xffa2e3fe,28000147,33227,160,СиГМА
160,#8L0P0GCL0,Carlos_VR,0xff1ba5f5,28000349,33225,161,
161,#9PJLLC29U,MQ |ScorpioN,0xff1ba5f5,28000319,33162,162,Mythic Qlash
162,#2G99080P2,Pam strażak,0xffffffff,28000139,33144,163,SPICY MOD
163,#82VLC9098,Tim,0xffcb5aff,28000015,33131,164,
164,#2UR9GR8U9,Lol...,0xff1ba5f5,28000011,33075,165,Rico's Club
165,#LJ2PG09GU,⛩️🥀𝙳𝓪ₒᶶժ🥀⛩️,0xff1ba5f5,28000295,33067,166,50k
166,#9Y2VJQG88,GLINOSOS,0xffff9727,28000272,33031,167,Phoenix
167,#28Y99Q9U8,gx rosario,0xff1ba5f5,28000332,33015,168,rosalvo1112
168,#L9C8R2YR,MarcosYT,0xffa2e3fe,28000347,32991,169,Messi
169,#P8QPLUJ2C,Legendary,0xffcb5aff,28000137,32982,170,🔰STAR FORCE🔰
170,#JGUL89QU,bryan.¿,0xffa2e3fe,28000294,32913,171,Donquin's Crew
171,#8GU2PGJRR,Rune|Tiago|19,0xfff9c908,28000053,32899,172,Tugas/19
172,#9Y8LY2GCQ,Lilardon,0xff4ddba2,28000147,32879,173,
173,#QVR090PU,путь к успеху,0xffff8afb,28000180,32876,174,майнеры в бс🥵
174,#2U2J09LYR,Cool,0xff4ddba2,28000218,32872,175,
175,#2C2JP2CR,☕珈琲☕,0xfff9775d,28000142,32829,176,雑魚ダウン
176,#P8P98VJY8,Atomix Atalay,0xff1ba5f5,28000156,32752,177,COLONY
177,#JY9ULJGU,Basti|bs,0xff1ba5f5,28000255,32693,178,Indischer_Jamal
178,#2CPVPLYVU,NONAME,0xfff9c908,28000158,32690,179,Źabśky Popłatrz
179,#2VLYLRPVV,☠️NATE☠️,0xffffce89,28000149,32625,180,OP Gaming
180,#2R2V2J9QP,🥀badsayn🥀,0xffcb5aff,28000207,32616,181,Deadly Legends
181,#9GU9V9UP0,BOT 1,0xfff05637,28000332,32573,182,Borjarrivenses
182,#8Y82C9VV,🐍[Toxic] zxc🐉,0xffcb5aff,28000280,32546,183,
183,#P0PVLC2CJ,SFK52,0xfff05637,28000006,32479,184,
184,#8PU8J0J0G,Вапер,0xffcb5aff,28000332,32459,185,Dutch XXL🔥
185,#8LL92898U,Flexx|Crow⛩️ᵍᵒᵈ,0xfff05637,28000070,32448,186,White|Angels🤍
186,#Y2C8RPVCY,I am Speed,0xffff9727,28000310,32338,187,Fairy Tail
187,#PUPPVCGUG,Draptinto 2,0xffa2e3fe,28000013,32283,188,LOS MONGOLITOS
188,#Y0YQY92QJ,tomar753,0xffcb5aff,28000125,32271,189,🐣MrCivCiv🐤
189,#2Y0PLLJUJ,Дикая коробка,0xffcb5aff,28000228,32253,190,WP ME POLAND*
190,#9UV2LU28P,🔱mell🔱,0xff4ddba2,28000021,32205,191,F2P bandits
191,#9Y2GJGJPC,Hallo,0xffff8afb,28000337,32162,192,MH Crackers
192,#PGP8PPRPY,Cezar2445,0xfff9c908,28000280,32103,193,DE|Dragonelite
193,#8LLC0RC0R,SIDD From cz,0xff1ba5f5,28000081,32095,194,KABRŇÁCI
194,#URQGCJCJ,Aɪʀ | Hᴀᴏs✔︎,0xffcb5aff,28000280,32088,195,19127
195,#YGR0GUURY,AimedCarp479739,0xfff9c908,28000221,32087,196,Patuanchos
196,#8U0UQ2VG9,TIZE,0xfff9c908,28000031,32069,197,
197,#PLUL20URG,RuSl888An,0xffcb5aff,28000168,32023,198,Legacy kings
198,#2QCCRP89Q,möńśtėr,0xfff05637,28000091,32002,199,Korea
199,#YPG22C2R8,KAI,0xffff9727,28000205,31980,200,siamo noi :)
