,tag,name,nameColor,icon,trophies,rank,club
0,#890RGGPL0,Jéryan972,0xffcb5aff,28000242,59788,1,Beyond Swift
1,#YCPYQCRU,Экономист,0xffa8e132,28000261,58820,2,Unreal_Fate🥀
2,#2Q8PYVGVR,π l Cérès 🌌,0xffcb5aff,28000112,56372,3,π/2
3,#YL0QVCVY2,⚡FlashMcqueen⚡,0xff1ba5f5,28000096,54537,4,Duo Showdown🌟
4,#LG8VQ98Y,〽️W|T🅰️ŸRΘχ⚜️,0xffff8afb,28000301,53904,5,A-Square
5,#8L2L0VCVL,𝕊kͥ𝘺_tͣiͫge🆁,0xff1ba5f5,28000211,53321,6,Zodiac's Law
6,#8LLVVP2V8,⛩|Wêntëëd🎋|⛩,0xffcb5aff,28000305,52561,7,Just <c8>NA</c>
7,#Y2VVRYQLV,🇧🇷|Lucas♋ㄥᵍᵒᵈ,0xffffffff,28000135,51822,8,LA Instinct
8,#PUQQ8PRPC,NV|Rocket 🚀,0xfff9775d,28000006,51731,9,trASH SQUAD 🗑
9,#P8LL222UV,tt manigance,0xfff05637,28000151,51371,10,Just <c8>NA</c>
10,#PYGVJL9G,Wolf-fire,0xff1ba5f5,28000285,51222,11,Banga
11,#8JYV9R9RG,⚡️FREENOX ⚡️,0xff1ba5f5,28000341,48646,12,Raisin Esport
12,#9V2PQLYY8,WESBLOOD,0xffffffff,28000091,48158,13,Team|sword
13,#9PYQVVQ9,Karma972🇲🇶🏝,0xff1ba5f5,28000134,47502,14,CRAZY MOON
14,#8GQR8902V,⛩Bryaou_972♨️,0xffffce89,28000151,47221,15,empire of elite
15,#PQUY89Y80,Teddy🔥,0xffff8afb,28000244,46775,16,Banga
16,#9YP928YU,HXNJV 혼자,0xfff05637,28000339,46414,17,Zodiac's Law
17,#80QLC9P8Y,D̸R∆GO̸NB∆LL™,0xff1ba5f5,28000009,45701,18,Just <c8>NA</c>
18,#8QY8CLYUP,SK|Nezix_1st,0xffffffff,28000019,45493,19,Enzo et Luka II
19,#98CY20CGC,๓คh๓oud¹⁷⁰,0xffcb5aff,28000305,45381,20,Dom Juan
20,#2QCYRU2GP,开小差的叶凯,0xffa2e3fe,28000295,45067,21,FACHEROSXD
21,#29YU8P8V,poow,0xff1ba5f5,28000151,45019,22,BFland
22,#Y82V9RCLQ,marc,0xffffffff,28000139,44979,23,Zodiac's Law
23,#PLJLUJ2C2,⚡zeus⚡,0xffffffff,28000335,44461,24,Future Talents
24,#22RQV909L,爱|ᴹᴿɢᴏᴀᴛシ,0xffffffff,28000062,44231,25,
25,#889P0RRQL,CapraBroccolosa,0xffff9727,28000335,44198,26,Chill Italy🇮🇹
26,#Y98UU2JGP,💫bountibg🌾,0xffffffff,28000259,44005,27,Showdown🤍
27,#GGVC0LLY,Ztorm,0xffa8e132,28000207,43877,28,Zodiac's Law
28,#LCQJVPG9Q,tiboscho,0xffffce89,28000305,43833,29,Zodiac's Law
29,#9Q082CR9,⛩GS|PANDA⛩,0xffff8afb,28000247,43814,30,Zodiac's Law
30,#8YG2P0982,saniok1999,0xffff8afb,28000333,43786,31,●Beyond🔥●
31,#8L9URGUY8,Jeaneudes14,0xffffffff,28000001,43782,32,Club #2UYQGP
32,#9JPCCVQ0P,DC_FOR_DC,0xfff9c908,28000228,43647,33,Tenshae🪐
33,#229JLUQUP,genesis,0xffcb5aff,28000226,43510,34,
34,#QUR9PUQ8,M.D.LOUFY,0xff1ba5f5,28000203,43483,35,
35,#9RVU8PCR,☠Death 5Tex☠,0xffa8e132,28000253,42967,36,Ruthless972
36,#82YVJVGQ,Zuxe,0xffff8afb,28000233,42946,37,Fr West Indies☀
37,#8CJ8GRYRQ,♕⚘𝑮lɗn🐺➈𝟕2⚘♕,0xfff9c908,28000104,42932,38,Grenouilland
38,#802U2VQRR,BİBİ,0xffa2e3fe,28000207,42794,39,Galatasaray
39,#98Y2Q9U9C,kreedy🕊,0xff1ba5f5,28000225,42627,40,Escapism.
40,#C802QG2,Nicko,0xffcb5aff,28000274,42485,41,mack 972
41,#YUCV0UVL0,Kαɾʂԋι❦,0xfff9c908,28000174,42446,42,Jujutsu Gang 🥷
42,#8GPYQ29P0,m1xxx,0xffcb5aff,28000125,42443,43,Medieval Towels
43,#2YUJYC0J8,Imbrifer,0xffff8afb,28000179,42238,44,Zodiac's Law
44,#898VQ9V2U,b☠️binia🎃,0xffffce89,28000341,42189,45,Fr |GANG
45,#9URU22YCJ,DE | 🐺 garou,0xffcb5aff,28000229,42005,46,SLG
46,#80P2Y8JVC,صاحق الجماجم,0xffa8e132,28000297,41998,47,
47,#8VU9LU8QR,goûtant slash 3,0xfff9c908,28000135,41861,48,
48,#222VQUUCL,ChatN01r,0xffff8afb,28000332,41850,49,<c6>BLITZ</c>
49,#UGV092VY,⚜️Noct_urNe⚜️,0xff4ddba2,28000332,41848,50,Akz Klan
50,#82J8YJ200,Damieeeen,0xfff05637,28000173,41763,51,MegaPig
51,#8R9VCCGUQ,BFA,0xffa2e3fe,28000305,41745,52,Fr |GANG
52,#PGQ89LQU9,choukinho,0xff1ba5f5,28000030,41669,53,les cro ardent
53,#PGVGUPGY,Wiskoga,0xffa2e3fe,28000017,41509,54,Fr West Indies⛱
54,#90P909P9Q,♾️TL|Lilian♾️,0xff1ba5f5,28000075,41413,55,Serenityy💘
55,#20CJ0C0JU,BrawlSlo,0xff1ba5f5,28000352,41306,56,Zodiac's Law
56,#8GG0VQJJY,Brawl Pro,0xffa2e3fe,28000332,41212,57,Sparta
57,#2GLVYQCLC,🪓NoͥfeͣeͫℓᎥภg™,0xffcb5aff,28000326,41169,58,Just <c8>NA</c>
58,#GJ8JYJ,☠Tackoš☠,0xffcb5aff,28000272,41126,59,
59,#2PL9GVLV,hectorx.07 YT,0xff1ba5f5,28000156,41035,60,Legione Gemina
60,#20YR9UPL,NM✳️Leumas972✳️,0xfff9c908,28000077,41033,61,
61,#2YQGVYUPJ,CR|WEST ᴷⁱˡˡᵧₒᵤ,0xff1ba5f5,28000135,40995,62,𝘾𝙃𝙊𝙕𝙀𝙉
62,#LJ0GL0L20,ya2nou_215,0xff4ddba2,28000330,40885,63,BecomeLegends
63,#9PVY0G899,𝕵ø𝕵ø𝕲❦,0xffffffff,28000193,40849,64,Jujutsu Gang 🥷
64,#YG8YYR0Y,✰xᴇɴᴛʜᴇʙᴏ✰,0xffcb5aff,28000291,40846,65,Лига Клубов
65,#CJP2GJ2V,Mal4ik_BeS_HoG,0xffcb5aff,28000176,40823,66,Нypyreon
66,#899VP2UP2,монтер,0xffcb5aff,28000254,40790,67,🌪️TORNADO🌪️
67,#YJYQLUL8R,Brou,0xffcb5aff,28000089,40747,68,French Kiss
68,#L2LC9CU2V,del972,0xffa2e3fe,28000231,40724,69,STAR|LIBYA🍷🙂
69,#C98LRYLY,TrewKNP🧿🔱💸,0xff1ba5f5,28000322,40590,70,Los Matuersos
70,#2JYYU9VJP,noob.fr,0xffa2e3fe,28000290,40590,71,CLOVER| ♣️
71,#9LGYRQP2P,Toriyou,0xfff9c908,28000272,40345,72,Titanium
72,#20L2RPP8J,𝙋𝖊𝗮𝙠シ,0xffff8afb,28000337,40339,73,CNT | Century
73,#2GJ228RJ,~SapNap~,0xfff05637,28000298,40219,74,Fresh Breads
74,#2VC228VGL,lenny,0xff4ddba2,28000348,40209,75,dbz🙄
75,#YP2GL0GPC,Ryzor,0xffffffff,28000332,40181,76,
76,#2RQCY8YU,🦅weedlife972🦅,0xfff9c908,28000205,40038,77,🗡️bankai🗡️
77,#92J9RV0J8,[BARJACK]Paolo,0xffa8e132,28000308,40018,78,Unterstrichclub
78,#8GRGC9Y2L,MarnyMada,0xff4ddba2,28000273,39943,79,Top Sky Stars
79,#G2G9JRJP,J-HOOOOOOOOOOPE,0xffffce89,28000319,39866,80,PL Warriors
80,#2Q8PYCVQY,🖤🥀Stitch🥀🖤,0xffcb5aff,28000349,39828,81,United Champs
81,#882UUG9GJ,奇偶实施97,0xffffffff,28000023,39537,82,adultes sympas
82,#YJLJ029VR,hassann972,0xfff05637,28000233,39517,83,Les bo horus
83,#Y9YQG2LQ8,kingfamousgold,0xfff9c908,28000286,39510,84,snowy
84,#9YYQ8C8UP,†Hiro†,0xffffce89,28000272,39458,85,NK|Ɖiviniτy
85,#9P8U0C089,EDEN le BG,0xffcb5aff,28000349,39319,86,SPIKO STARS
86,#28YJV9LJ,Shadow,0xff4ddba2,28000176,39296,87,mack 972
87,#8YCQ8VLJY,aopimaニャー☆,0xffffffff,28000210,39235,88,I love you so🤍
88,#P8YRYCCYC,Philibo,0xffff8afb,28000253,39199,89,Akz Klan
89,#2CJUCPYL,Daddy,0xffcb5aff,28000084,39028,90,Roaring Plebs
90,#2LUR82VG0,Le kid du 2.13,0xffa2e3fe,28000279,38834,91,EA|Sport
91,#2L008UJU9,Void|W1LoR,0xffa2e3fe,28000217,38778,92,One-piece
92,#P80V9YV0,⚡️UMUTTHEBEST⚡️,0xff1ba5f5,28000170,38745,93,MVP
93,#8QU9GV02Q,Kandice 🇫🇷,0xffcb5aff,28000310,38606,94,Animal's Force
94,#YV999U82,RB/SagarX,0xfff05637,28000167,38599,95,RUBISH
95,#8PVV88QGU,nikoss le boss,0xfff9c908,28000341,38512,96,Akz Klan
96,#802JPG8JY,Shymoki,0xffff8afb,28000297,38459,97,Jujutsu Gang 🥷
97,#2G0UQRJ0J,VereX,0xffffffff,28000163,38352,98,ддр
98,#8YLGLQQPJ,kékéo72,0xfff9c908,28000016,38333,99,Fr West Indies☀
99,#LYQC0JLQR,Nix,0xffcb5aff,28000264,38167,100,BS|ELITE
100,#PLPY9RCU,🥀Destro🥀,0xffcb5aff,28000291,38163,101,Лига Клубов
101,#PV8PYLJPG,Bondamanmw972👽,0xffff9727,28000060,38145,102,WINTERFELL
102,#22R8GJJ9L,andrew972,0xffcb5aff,28000265,38074,103,paradox
103,#2YQGG9YYP,QLS|Ivicluyo25,0xffff9727,28000262,37916,104,🔥Be Reborn🔥
104,#8G9C2VLV8,gus,0xffa8e132,28000305,37790,105,MWAKABRAWL
105,#PLR9Q988,Le_Dam🚭,0xfff05637,28000277,37656,106,O.T.F
106,#2R2LPYRYP,CRÉMATORIUM 🔥,0xfff9c908,28000079,37566,107,Fc Daronne
107,#LYCG2R2RR,Viperion💜,0xffff8afb,28000065,37565,108,
108,#2GP0J20V,NM✳️Ãläñ972✳️,0xffff8afb,28000272,37533,109,Club Stars
109,#2RGP8GG0,✪Genoriv✪,0xffff9727,28000291,37500,110,Akz Klan
110,#JYLUJVCL,ANDER,0xff1ba5f5,28000151,37466,111,地DarkLegends|🖤
111,#9RYQ92LCL,GS|⛩UniCrow⛩,0xffff8afb,28000016,37336,112,La Bro Companie
112,#JYJ9QUUL,⛩ TX|TIM 🎋,0xffcb5aff,28000222,37270,113,TROPICAL|FR
113,#20RCC00GU,issaissa,0xffa8e132,28000305,37267,114,abdul and issa
114,#9V20JGGVJ,DeepShadow22222,0xffcb5aff,28000286,37251,115,
115,#PGJYYY0PG,❤️‍🔥ᵉˣᵒᵗⁱᶜ✨,0xffa2e3fe,28000282,37213,116,
116,#2PCLY09QY,FAZE NITRØ💤,0xff1ba5f5,28000014,37182,117,rush fr 🇨🇵
117,#LGRUCULU,snoopy,0xfff05637,28000275,37172,118,pif paf pouf
118,#GRP0LLLP,dragos972,0xffa2e3fe,28000304,37170,119,paradox
119,#80QRY0V8L,OFF-max,0xfff05637,28000347,37148,120,BS | ADM Esport
120,#P988V9G98,Samuel,0xff4ddba2,28000318,37083,121,LOVKALVICIE
121,#P0VLLYYV0,埉 | ψex,0xff1ba5f5,28000019,37067,122,
122,#9QUCU2PP,[RZ]REPAZIRYA,0xff1ba5f5,28000136,37034,123,⭐star|players🖤
123,#8J9PR9V8P,•Kacchan•,0xfff9c908,28000285,37026,124,
124,#9V2C8CQPY,Clemi_Lapix,0xffff9727,28000223,37017,125,Old |Family
125,#PVGJURU2,ChaosBorn,0xff1ba5f5,28000345,36992,126,Serinity Lvl2
126,#9Q82920Y,6Tro113r,0xffa2e3fe,28000294,36968,127,ᗷᗩᗰᗷ🌳🌳ᘔᒪᗴᗪ
127,#28J00PPCR,ᴛɪᴍᴏɴ|␈,0xffffce89,28000156,36923,128,
128,#99V99GPCJ,твоя тянка🥵,0xffffffff,28000291,36811,129,Brawler team
129,#PLYGQQLP,☆hey_dydy☆,0xfff05637,28000323,36744,130,MWAKABRAWL
130,#2VGURVLRQ,❄️Oración❄️,0xff1ba5f5,28000033,36734,131,Gang
131,#9VRU8QPC0,Crow Mode On,0xffa8e132,28000009,36702,132,<c5>AXE</c>
132,#PVQVR2P8Y,lulu29720,0xffffffff,28000305,36632,133,QL |Esport
133,#9P89QVJGR,DGS|LEW4RNS,0xff1ba5f5,28000224,36622,134,
134,#88LVG229J,ELT |ShadXx,0xffff8afb,28000138,36560,135,Jujutsu Gang 🥷
135,#8UG2QPCG8,Я Р О П Е Л Ь🦋,0xffffffff,28000352,36527,136,(UA)|League
136,#28L9L0Q8J,deïmoss,0xffa2e3fe,28000061,36511,137,Green Gold Kush
137,#L2UQYJY0V,KAO,0xffffffff,28000099,36484,138,mada
138,#92YU00GCV,DelFlo☆,0xffff9727,28000248,36449,139,Gang
139,#80QJJURQ8,MorningStar972,0xff1ba5f5,28000274,36388,140,D’Corp
140,#G8PVP920,nickelodeon,0xffff9727,28000040,36359,141,Les nAmber Ouan
141,#8QRG9Q2YQ,Jéhiel972,0xffffffff,28000044,36346,142,
142,#8YRYCL282,détermination,0xfff05637,28000124,36336,143,Good Vibes
143,#PYRRQU9Y,tomar753,0xfff9c908,28000105,36293,144,İsteyen katılır
144,#8UYPVQGQ0,Allan972,0xffcb5aff,28000294,36251,145,VX|Family*
145,#8PRV9VPQ,Jxte03,0xffa2e3fe,28000061,36125,146,
146,#8P0Q9088V,NM✳largen✳,0xff1ba5f5,28000262,36108,147,Zodiac's Law
147,#PUCR02J0C,OWEE/KIRBY,0xfff9c908,28000282,36091,148,Les grand G
148,#9V08QP2Y,Supermario,0xffa2e3fe,28000272,36056,149,Bs-Lol
149,#20Q9RGLVP,Maniac972,0xfff9c908,28000305,36055,150,Zodiac's Law
150,#29RU2VGPQ,azkaban,0xffa2e3fe,28000014,36040,151,FELM E-Sport
151,#PYVG8URU8,PQ|astronaut,0xffff9727,28000232,36002,152,Снюсоеды
152,#PV9GGC92V,OWEE |MADIOUX9,0xffff9727,28000104,36001,153,Mystic Army
153,#UQ9LJ08C,Spyfer,0xffcb5aff,28000045,35943,154,Family’s PoWeR
154,#GC8V80YJ,⛩️|Faͥτiͣhͫ🥀🔥,0xffa2e3fe,28000129,35904,155,❌Wintrade❌
155,#9GVV9PVLR,喔美|❄️IceBrock❄️,0xff4ddba2,28000136,35850,156,PL Warriors
156,#PJYP8LY0Q,Fantastique,0xffa8e132,28000273,35848,157,😜Brawlclub🏆
157,#2QUURCYVJ,curgël,0xfff9c908,28000314,35839,158,
158,#8V8QPGGVJ,chabinlefeu 972,0xff1ba5f5,28000276,35832,159,LOLABLES
159,#28L9UY9PV,Brawl Buddy,0xff1ba5f5,28000016,35792,160,les champions
160,#VY80L8U8,Dimi97212,0xffa2e3fe,28000081,35787,161,DUHCI👻
161,#P2PRPLR9V,EQS|P3GASUS,0xffa8e132,28000273,35741,162,💫✨STARLIGHT✨💫
162,#YYYCPRR2Y,pro 25,0xffa2e3fe,28000290,35706,163,paradox
163,#22UV2V89C,tmx_barbarq,0xffff9727,28000343,35643,164,Élite proplayer
164,#2GUPCQ9R0,ikonik,0xff1ba5f5,28000156,35607,165,La team fire
165,#2PU99GC0L,#The boss,0xfff9c908,28000224,35522,166,SWEP
166,#2V8C829YL,[DBZ]Ethanou,0xffcb5aff,28000218,35441,167,S.G.T |Empire
167,#2VGJPC82Y,paulo_hrs,0xff4ddba2,28000053,35363,168,pif paf pouf
168,#GC8G09VL,ARD777,0xffa2e3fe,28000225,35340,169,Nirox
169,#LYRRUJ2VQ,theOOFmanGY,0xff1ba5f5,28000298,35338,170,Legends CLUB🌟
170,#2QJUV0QLJ,Dokanuz cz Maty,0xffcb5aff,28000275,35298,171,theGhouls
171,#P889CL2Q,ʀʙʜ|tinQuZ☘️,0xffffffff,28000341,35283,172,ITALIA🇮🇹🇮🇹
172,#VVYLRQUR,ʝօʝօֆʊƈʀɛ972,0xffa2e3fe,28000330,35281,173,Zehef
173,#8JY22U2QV,Gaby,0xffcb5aff,28000258,35213,174,Le Collectif
174,#Y20G9J2LG,Roi des flammes,0xffff9727,28000242,35212,175,RTX for ever
175,#90J9GLJQL,Near_Peak,0xffffce89,28000044,35211,176,FR
176,#2CYCQQYJ,Богдан,0xff4ddba2,28000258,35192,177,
177,#2RUP28UYV,Wenwen,0xfff05637,28000305,35179,178,<c9>Esport</c>
178,#80Q8GJGP,Dedialga,0xffffffff,28000295,35139,179,Rosa's Club
179,#2GUP8YL9U,PW|REALM-0,0xff1ba5f5,28000278,35112,180,Power Gaming
180,#L00J8C2J0,AQM/Hira,0xffcb5aff,28000297,35080,181,brandpd
181,#P0R29QGJQ,KirBy,0xffcb5aff,28000310,35072,182,Toxic|Burger
182,#9J0YGYUQJ,IQ |YASSEN🇮🇶,0xffcb5aff,28000349,35008,183,جعويط2
183,#YJC2RVRC2,Piotrek,0xffff9727,28000139,35001,184,maciusie team
184,#9VCLVJVCJ,LUCAS🏴‍☠️,0xffff9727,28000272,34990,185,
185,#22CYR2P0C,ITL_IGR YT,0xffff9727,28000104,34964,186,OP|Figther
186,#2JG9RUU0L,✨Mimicky972✨,0xfff9c908,28000262,34962,187,Good Vibes
187,#U822UY8P,tichan,0xffff8afb,28000170,34953,188,
188,#PPV0L9RLP,lylou,0xfff05637,28000226,34919,189,MWAKABRAWL
189,#P89JL8J0G,apple wezer,0xffff8afb,28000000,34901,190,A•O•T ➳ᵀᴵᴹᴱ
190,#PYGRG9QUR,🥀TSM\toto🥀,0xff1ba5f5,28000219,34872,191,
191,#P2VL98YJL,RC/⛩tsumiroshi,0xfff9c908,28000352,34845,192,Shodow 火☂️
192,#22JQLJG9Q,BF❗️☠️KrVrT☠️,0xff1ba5f5,28000168,34833,193,
193,#9LRQL92LV,winner 2,0xffa2e3fe,28000253,34786,194,PRO CLUB😎
194,#P2VUG8CG0,Vitality.YLN,0xfff05637,28000160,34770,195,OSIEDLOWY KLUB
195,#GYR9G2PP,♥️♥️♥️🇫🇷,0xff1ba5f5,28000295,34655,196,...❤️❤️❤️🇨🇵
196,#P8LCCRJ2C,ͲͲ|chιταvα,0xffff8afb,28000337,34616,197,Farm^q skvad
197,#PL8LLC2Y0,Aqua,0xffcb5aff,28000141,34596,198,Pig breaker
198,#8G922L2Y2,Emmanu 623,0xffa8e132,28000284,34573,199,Improve
199,#L92LRGGC2,free ¦yamaha ™️,0xff1ba5f5,28000090,34570,200,⚡ᒎ𝚞𝔰|₂₂₀⚡
