,tag,name,nameColor,icon,trophies,rank,club
0,#9RGV2RL02,😏PL|osaツ✨™,0xffffffff,28000139,55100,1,PERŁA
1,#9PYC80P,Златовласка,0xfff9c908,28000167,54708,2,Euphoria
2,#9UGYGRC0,SorryO_o💞,0xfff9c908,28000132,54481,3,<c6>PO3A</c>
3,#2VUVULV8Q,medg8,0xffff8afb,28000023,54046,4,Aphelion UK
4,#PL9UL2J02,Lyrøx🩸,0xffffffff,28000244,53860,5,❤️‍🩹
5,#9RJPLR88Y,MRG/FIRE Crow,0xff1ba5f5,28000259,53355,6,
6,#2RPQ08CC0,ArtemBrawler,0xff1ba5f5,28000335,53201,7,
7,#2U8UU29YJ,kaos|berkesolo,0xffcb5aff,28000167,51033,8,Ķâøs|EsPoRTS
8,#2RJJPUU9L,DIKTATOR,0xff4ddba2,28000296,48672,9,<c5>Troteek</c>
9,#PQGPCCC0L,🖤END🖤,0xffffffff,28000004,46888,10,Gang Smerfów
10,#8UJVVPUL9,🥀墨冉💦,0xfff9c908,28000081,46802,11,TheGrandOrder 2
11,#2U0G9GR98,hwart,0xffffffff,28000322,46212,12,PastPower💙
12,#98LGPQVY8,dab 2,0xff1ba5f5,28000314,46162,13,Twisted Legends
13,#92CPYRC8Q,Love Gene+Primo,0xffa2e3fe,28000041,44834,14,Vikings III
14,#Y2V902CGU,❤️카리나눈나사랑해❤️,0xffa8e132,28000169,44444,15,CR
15,#8QG8LCVRJ,BAKA,0xfff05637,28000348,44171,16,NRW|Flay🔝2
16,#YRGRR0Q,Marchella,0xffff8afb,28000276,44026,17,LIFESTYLE
17,#809QJVJJ2,『Player❦ˢᵒˡᵒ』,0xffa2e3fe,28000262,43606,18,OneSecond Club
18,#9JQ908JRC,matix,0xffa2e3fe,28000332,43352,19,<c2>Legendy</c>
19,#LU9LU8J9Q,PMD|dream🌱🌿🌴,0xff4ddba2,28000138,43231,20,🍉PestkiArbuza
20,#PVLQ8PLYP,Denis♧☆,0xffa2e3fe,28000280,42602,21,RED TEAM
21,#8CUUYRU28,일렉트릭시티,0xffffffff,28000310,42332,22,206메이드
22,#VUPP200C,Mauritanianboy,0xff4ddba2,28000352,42030,23,Loyål Blood
23,#8C0J2L0Q9,STM|Alan są,0xffcb5aff,28000139,41683,24,Pałki Bibi
24,#8PLYGCPU9,MRG|Thierno sey,0xff1ba5f5,28000305,41677,25,Romania eSports
25,#CPLGYJJ9,Tika,0xffa8e132,28000330,41566,26,D.O.L.L.A.
26,#2U8J9UQCL,İNooQu❥,0xffffffff,28000341,41452,27,KingOfHeavenᴳᵒᵈ
27,#8PGJLY90J,ded inside228,0xff1ba5f5,28000085,41439,28,Diogenes Club
28,#LQR9Q9JQC,klol23🇵🇱™,0xff4ddba2,28000332,41067,29,VAN
29,#9PYGC98LU,⭐daniador⭐,0xffa2e3fe,28000332,40807,30,T.O.X.E.M
30,#PG2PRJULY,Lorenzo,0xffa8e132,28000141,40445,31,NoChoise
31,#YQLQPLU99,DRVsmerch,0xffa8e132,28000221,40192,32,Code:Hyra 100k
32,#PQ8J9GCG,🥀|Karimcio™PL,0xffcb5aff,28000207,40008,33,Gang Ziemnorów
33,#80RJP9QPL,alban,0xffffffff,28000138,40003,34,MenaceGang°2
34,#P09Q9PCU0,AY|Gâlipᵏⁱˡˡᵧₒᵤ,0xffffffff,28000321,39432,35,Turkish Demon
35,#902J8YYR2,Xomyk ga ga,0xffa2e3fe,28000314,39294,36,INTERES
36,#2VLCPLY0G,ПИМПОЧКА,0xffffffff,28000279,39287,37,$парта
37,#8P8U0GRQ2,sad•Fren4ik,0xff1ba5f5,28000170,38932,38,
38,#8JP0Y2LGL,XD,0xffa2e3fe,28000348,38584,39,
39,#2222PLQGQ,NE MOLOKO,0xffff8afb,28000267,38554,40,
40,#PQCLYGPGP,tomar 753,0xfff9c908,28000330,38526,41,Enigmaxd21
41,#LGVGU2PYL,соня,0xfff9c908,28000221,38451,42,The Lion's Den
42,#Y8YRQRQC8,[чай] gems of,0xffa8e132,28000305,38321,43,Akatsuki
43,#88990G282,Nabbie_,0xffa8e132,28000150,38106,44,
44,#PR082Y2LU,丂𝘯❍ʷ𝕀'❄️,0xffcb5aff,28000180,38101,45,SniperPro™🦹
45,#8PL8VQQC8,✞| 𝒜𝓁𝓍™,0xfff9c908,28000272,37941,46,Ktk_Zgueg
46,#8299UCRJV,AK|FtoaN_GG☄🛒,0xffffffff,28000291,37686,47,Arlanzonicos
47,#28LVC90L0,AnDexster,0xfff05637,28000301,37580,48,Dark♤Soul♤Gang
48,#8VG2U9CYG,TOBIASZ GAME,0xfff9c908,28000061,37555,49,Onlý Fąn’s
49,#PCY0CGUU2,RV|Smetanka🩸🤡,0xffffffff,28000175,37512,50,
50,#Q299UCG9,LUKAS,0xfff9c908,28000181,37487,51,LES RIGOLOS
51,#LGJGRQQCR,Solo♡Axksi,0xffffffff,28000100,37475,52,
52,#2JCGVV09L,lahini .777,0xffa8e132,28000352,37371,53,
53,#P2YQYRVQ8,Atuba,0xfff05637,28000330,37289,54,Świnia Pasztet
54,#9999LG00G,QLS|☣GoldShark☔,0xffffffff,28000219,37250,55,
55,#2P8RUL822,Seriously Soapy,0xffff8afb,28000348,37146,56,Hidden Cloud
56,#9QCLQV9QJ,🦈Shark,0xfff05637,28000317,37077,57,CandyClub🍭
57,#22GCVC8CC,Леон,0xffcb5aff,28000247,37059,58,sss
58,#29JRPVGG8,tritsus,0xffa8e132,28000335,36932,59,Polish🇵🇱Fame⚔
59,#2CVUCGPLQ,🍍🍍,0xffa2e3fe,28000077,36607,60,
60,#9V8JUYY2L,BAKA_RGT🥇🔫,0xffff9727,28000154,36571,61,La référence
61,#8RRGG2V89,Leon,0xffcb5aff,28000175,36546,62,gurkenpuller
62,#9RPJP2UC0,ℝy𝕫eシ︎,0xffff9727,28000132,36394,63,Hauswürste TT
63,#2UUQ2Q8YJ,_WaRrIoR_,0xffcb5aff,28000298,36379,64,Клуб: #8PJQRRJ9
64,#9LPG8GP2Q,Hasker,0xffcb5aff,28000163,36347,65,whyS0strong
65,#9J8L9GPY8,TQ|Kamil,0xffa2e3fe,28000335,36172,66,
66,#V809GJGR,Mefi💞,0xfff9c908,28000278,36148,67,YZ Esport
67,#8PGGGCPJR,псих-больной,0xffa8e132,28000155,36075,68,beast
68,#PQCPPVL2Q,Thais,0xffa8e132,28000219,35970,69,PerúStars
69,#8CPP0VUJR,Milis,0xffffffff,28000106,35755,70,
70,#8QJUP9P0U,🔥TÊRMÏÑÄTØR🔥,0xfff05637,28000277,35741,71,GALATASARAY
71,#9V0GC8YU,ARMA,0xffa2e3fe,28000352,35625,72,solo noi😬🥶🗿
72,#JC0UG8PQ,Unlucky-_-gamer,0xfff9c908,28000012,35613,73,
73,#2Q2YL0PRV,◇§kıñømân◇,0xffff9727,28000023,35512,74,ACE|Team🪐☄️
74,#8Y9PRVJUR,후마더,0xffff8afb,28000045,35349,75,BASIS
75,#9QC8RLRPY,vubec,0xffa2e3fe,28000031,35328,76,👑KINGS👑
76,#82URPLRY0,leon,0xffa8e132,28000078,35247,77,ByczkiBiernata2
77,#8QY899YQ,The Cripper,0xfff05637,28000170,35240,78,
78,#L8LYY8RJQ,|Kuba|,0xffa2e3fe,28000095,35200,79,SIGMY_PL
79,#9PPUCUP92,~☢️}{ОТ@БЬ!Ч☢️~,0xffffffff,28000132,35183,80,argentina
80,#80VGG2CL,haropiter,0xffffffff,28000345,35143,81,brawlsil
81,#2L09U9Q9V,NINO,0xff1ba5f5,28000352,35137,82,Triple K
82,#92PUP2LRR,Szymonix,0xff1ba5f5,28000305,34901,83,PingWINy SzyMon
83,#9GP2LG8R0,𝒕𝒊𝒏𝒚ʳᵒᶻᵉᵏ,0xff1ba5f5,28000282,34864,84,stara elita🖤
84,#8PVLG9CG2,brawl talk,0xffa2e3fe,28000168,34852,85,шкідібі туалети
85,#2LUCJGCCG,헬로우주,0xffa8e132,28000335,34746,86,bq
86,#PR9C2C099,🌈🎮|SanDik|🪁☄,0xffffffff,28000102,34722,87,SALOMON TEAM
87,#LC9UJYJQL,mynoo,0xffa2e3fe,28000347,34706,88,GO 3 gold maste
88,#80L8UR828,Боец,0xff1ba5f5,28000013,34683,89,tut toko pazani
89,#90C8VQGJY,OP|Mateja,0xffffffff,28000335,34668,90,Lions Den
90,#8GL20GY2R,valeria,0xffcb5aff,28000267,34586,91,LOS LOCOTITOS
91,#8C2L8RRRJ,MRG|Mr Ibrahim,0xff1ba5f5,28000322,34481,92,TEAM VENOM
92,#YGRYU0PCG,lenio,0xffffffff,28000352,34460,93,Treebro
93,#82RQVYCQL,🥶🥶🤑,0xfff9775d,28000072,34440,94,คนไทยอิอิ
94,#CL0G82LL,HAKEREK,0xff1ba5f5,28000348,34413,95,GooD Esports
95,#YCQVPLQRP,BOBE,0xff4ddba2,28000352,34325,96,Triple K
96,#90J229PG9,Tobiasz game,0xffa2e3fe,28000335,34256,97,Kubuś
97,#YLJV00YLL,YPG,0xffa2e3fe,28000341,34227,98,✌️KÜRTLER HAT✌️
98,#8C9U0QLCC,vkilly,0xfff9c908,28000333,34211,99,Black_doves🖤
99,#JLPQG8LV,ля ты крыса,0xffffffff,28000000,34141,100,Babyin
100,#P2GP08PR9,YT:NajzZiom,0xffcb5aff,28000158,34115,101,ClubLeague
101,#PYYC90UPG,Alan 2,0xfff9c908,28000170,34050,102,Fani speeda
102,#90UP2P888,(БАН) MIX FIX,0xffffffff,28000023,34027,103,Gamerrrrы
103,#9V8U2UPVU,{Ex} XilPit,0xffffffff,28000293,33795,104,максим дави
104,#8PY9LYJRL,ZETA |PawloX,0xff1ba5f5,28000008,33768,105,Pro polacy
105,#RRPGJLGV,NP|Héctor el,0xff1ba5f5,28000282,33760,106,BRAWL ESPAÑA
106,#99U0P8GV2,MinePlastic,0xffcb5aff,28000330,33750,107,
107,#P2JLYU8YJ,Tribe|Wojtek,0xfff05637,28000215,33657,108,Akademia Grzyba
108,#8JU8JJYU2,🌫™LostSoul™🌫,0xffffffff,28000294,33653,109,Karma
109,#8YQPQ92U,МС топ,0xffcb5aff,28000023,33607,110,Ukrainians
110,#2UCR200YC,Owen,0xfff05637,28000077,33582,111,Bad randoms
111,#LL9VJ9YYQ,TT|Lopeace7,0xfff9c908,28000147,33580,112,🖤DarkProject🖤
112,#2YQ9U8JYC,RulingBrawler,0xfff05637,28000044,33569,113,Dark Knaves
113,#P9JJLYVR,W1nty🥶❤️‍🔥,0xffcb5aff,28000135,33435,114,PG8GVNG
114,#9PCUCG0LP,1000 сундуков,0xffcb5aff,28000305,33406,115,ЯЙЦО
115,#8QJJQJ88J,ninja,0xff1ba5f5,28000141,33380,116,
116,#2C8G0JGUJ,뜨거운 만두,0xffa2e3fe,28000033,33294,117,하남중 1-1반
117,#PPP9U88V8,EL PRIMO,0xffcb5aff,28000207,33254,118,Vikings VII
118,#YLLJ2VJ8,17wer,0xfff9775d,28000276,33211,119,2789
119,#2YQ9Y22L2,동재맘의정석,0xffff8afb,28000126,33206,120,히히오줌발사
120,#PQU2228QJ,GLXY|Clovis,0xfff9c908,28000164,33130,121,
121,#8QGLUQC2C,Szymuśᵗᵐシ︎,0xffff8afb,28000110,33122,122,Polacy rodacy
122,#R9VPUYUJ,Live_ga3lichu,0xff1ba5f5,28000272,33048,123,BRAWL ESPAÑA
123,#2Y2GVPYVQ,kubaxd,0xff1ba5f5,28000000,33025,124,Kuba i prosy
124,#29GLPYY,RAFFY,0xfff9c908,28000053,33009,125,ITALY TEAM
125,#GQ9JU2U2,lime|Daf1x,0xffffffff,28000175,33006,126,Family Lime
126,#PGQ0RVY,KA|RubinchikYT,0xffcb5aff,28000228,33001,127,KaAndLine
127,#9YQJYVPYQ,KolegaEsiegoᵘⁿᵒ,0xfff9c908,28000254,32917,128,THE WARIORS PL™
128,#YG2VCJYV2,¤/tQ\JaNe/¤\,0xffcb5aff,28000335,32844,129,Morticlub
129,#P0YQ92GC2,Додо пиза,0xffcb5aff,28000077,32815,130,
130,#9UPQPLVQ0,Ahmet,0xfff9c908,28000173,32750,131,PEYNİR EKMEK
131,#8R9RVPJJR,TT lolo,0xffa8e132,28000022,32736,132,les BG du 58
132,#L0YULPR82,TALHA PRO,0xffff8afb,28000163,32723,133,TÜRKİYE
133,#20LJQL9UU,NR | Helios,0xffffce89,28000017,32607,134,NOCHKA
134,#9Q29QLCR2,Ŀıbėrtÿ,0xff4ddba2,28000155,32570,135,🖤DarkProject🖤
135,#8L098UCPP,⛩️nie_advi🥀,0xff1ba5f5,28000139,32560,136,pierożki radka
136,#VLR9GJJY,TMG|MATEO789XD,0xffcb5aff,28000305,32550,137,BRALW_THE_full
137,#P2QPV2L8J,leon,0xffff9727,28000061,32516,138,топ ЛЕГИ
138,#Y98PVVYC9,piter,0xff1ba5f5,28000162,32431,139,klub pitera
139,#PRRRUJQ8R,BŁAŻEJ,0xffff8afb,28000159,32363,140,Władcy pucharów
140,#2CCCGU8RL,my_mom🐏🐐,0xff1ba5f5,28000170,32333,141,I SUPER MAESTRI
141,#LYJ2JYLLQ,феня бро,0xffcb5aff,28000125,32326,142,....
142,#P9PR20QY8,BAŁWANEK,0xffffffff,28000139,32234,143,Kostki Kostka
143,#PGCYJJQV8,AsSaSiN,0xffffffff,28000132,32191,144,OOFcrew
144,#L0Y9PCQC8,mosebuy,0xfff05637,28000084,32188,145,fr club🇫🇷
145,#P9JJC8JRV,Лунтик топ,0xffcb5aff,28000305,32178,146,🇦🇺 AU ACES 🦘
146,#VQ00CJ9Q,epsilon,0xfff9c908,28000225,32173,147,VFDL
147,#8V9C2GYGV,Brawler,0xffffffff,28000168,32170,148,
148,#2RJ9C9C98,🌴|Ame2Owe|🥏,0xffa8e132,28000023,32150,149,
149,#29QLCVGQP,No Warbarbi,0xffffffff,28000139,31962,150,same koksy
150,#9GU0PRRQQ,⚠️Night Phoenix,0xffcb5aff,28000341,31932,151,Mystic Army
151,#GU9V88U2,🔥|Grland|64,0xffcb5aff,28000297,31928,152,GÜVELİOĞLUcocuk
152,#9PUJLVULL,R.į.P|⚔{ķhøûñę},0xffffffff,28000345,31851,153,
153,#82QUVYQJQ,женя,0xffff8afb,28000156,31844,154,Барудины
154,#YCRYJLY8C,klever🥀|dead,0xffff9727,28000079,31821,155,ᴠɢx|ㄒ乇卂爪
155,#VUPYQ9QC,tomar753,0xffff9727,28000207,31796,156,<c000000>AY</c>
156,#9YJJQQQGC,Mewtwo,0xffcb5aff,28000335,31723,157,Polskie Sigmy😎
157,#Y2LGP08YQ,🌀Skiller™️,0xff1ba5f5,28000168,31679,158,
158,#PPC9JCV8U,Lega,0xffa8e132,28000017,31655,159,
159,#90PV8LYLR,_⚡CoLa⚡_,0xffff9727,28000126,31518,160,
160,#8J99PLJ,Diegoro,0xff1ba5f5,28000170,31485,161,Brawl Killers
161,#PVVVCC8VJ,KNOPwiss,0xffcb5aff,28000280,31437,162,BadBoys
162,#2JVQRY99Q,ЧЁРНЫЙ КОТЁНОК,0xffff8afb,28000253,31417,163,Семья X
163,#PRV0QLQP2,TomekYoutube,0xffa2e3fe,28000333,31417,164,Team Polska
164,#Q8YJP8Q0G,●المخضرم●,0xffcb5aff,28000207,31406,165,نقابة العالم
165,#9UVCVG0JR,xxMaster,0xffa2e3fe,28000033,31293,166,
166,#JRPYJJ8V,Miguelito,0xff1ba5f5,28000228,31219,167,Jajaja
167,#99CCVQJU9,GX| ⁿᵒᵗ MⱥττᎥⱥ❅,0xff1ba5f5,28000151,31197,168,Brawl Best(ie)
168,#PLYQVVPQQ,solo1979,0xffffffff,28000139,31191,169,Polish Masters
169,#9P0YQ2Q9U,/ YT_RAHUL_BOY/,0xffa8e132,28000330,31189,170,CRAZY🇮🇳ARMY
170,#9CCLQPRYL,ᴇᴠɪʟ♡,0xffffffff,28000003,31184,171,Squad Legends🎭
171,#288L299VU,QLS|❄CREAM❄,0xffa2e3fe,28000109,31168,172,IKA | LEB
172,#Q2LPP8P,Coca play,0xfff05637,28000181,31142,173,
173,#9PGPL9QCL,Shark_Moctar,0xffcb5aff,28000305,31135,174,Misi&Dababy
174,#Y08PVGQ88,awrsml,0xffffce89,28000267,31127,175,Black Crow
175,#Y8R9P8UPV,DAS|SlokBot,0xffcb5aff,28000077,31120,176,
176,#98QGRUYPL,monimax,0xfff9c908,28000061,31119,177,Battle Saiyan
177,#PRYJQG0LV,waorani 2.o,0xff1ba5f5,28000078,31077,178,MX|innvictus
178,#LJY9GJC9,[GG] Flame,0xffff9727,28000267,31041,179,KING OF UNITY
179,#888G0G9GP,fue y te mato,0xfff05637,28000218,31011,180,somos los e
180,#8RG0VQQYJ,esrrodinger,0xff4ddba2,28000151,31000,181,Bandidos
181,#YG009RJV0,🕋Tural._.313🕋,0xff4ddba2,28000095,30947,182,LERİKDEN SALAM
182,#88RVVGJ9P,🐐AnT3k20,0xff4ddba2,28000305,30939,183,Gruba Pijesz
183,#2J9820PGP,Манулы Наглядно,0xfff05637,28000054,30902,184,WhiteClub
184,#9GL8PL8U2,lampard,0xffffffff,28000044,30897,185,Lampard
185,#9LLYJRR9U,Gamerboypz,0xfff05637,28000321,30857,186,Peace & Silence
186,#2JLY0QG08,n̆̈ĕ̈m̆̈ŏ̈,0xffff8afb,28000284,30827,187,ukrtop100
187,#8C2VYQGR2,Dominik,0xfff9c908,28000305,30794,188,UPOLANDIA 2
188,#929PP89YL,ᴅᴇᴠɪʟ_ᴠᴢx ツᵗᵒᵖ,0xffcb5aff,28000310,30783,189,Dominatorzy3K
189,#82Y80GQQ8,🖤Ŝ1MPĿÊ💛,0xffcb5aff,28000228,30716,190,Kipcie
190,#J08RQC0,oz,0xff1ba5f5,28000173,30692,191,cz
191,#QLVQJLGJY,wp me wojtek,0xffcb5aff,28000347,30566,192,polski chleb 🍞
192,#22G00V0P0,ADMIRAL ГОРА,0xffa8e132,28000285,30562,193,Tribe Impulse
193,#9YUQVGUCJ,Oliwiergugupro%,0xfff9c908,28000182,30547,194,Żuławy BS
194,#P08UJPUL0,BS/😈TrEvAr_07,0xffcb5aff,28000169,30532,195,
195,#2C0YL8U98,¡RọGo🎭!,0xff4ddba2,28000347,30530,196,Gigachad brawl
196,#P9UL8CG82,R.į.p|⚔{zizø},0xfff9c908,28000288,30420,197,
197,#9CJL0YVY9,☆ĐƏMØŇ☆,0xffa2e3fe,28000347,30411,198,Pandasy
198,#L2GRY2GGR,☁Т у ч к а☁,0xffa2e3fe,28000168,30410,199,🌿АрбузерСквад☘
199,#Y82YPCVPV,pro haydar,0xff1ba5f5,28000295,30404,200,
