,tag,name,nameColor,icon,trophies,rank,club
0,#9RVL002PJ,Maestro 🍀,0xffffffff,28000196,57215,1,SoW
1,#P0CJULC2C,kiyan is cool,0xffff9727,28000073,54555,2,PURE ONES
2,#8YJVJCLRG,FUT|Star🈶🌠,0xfff9c908,28000219,53019,3,ApproveAllMaps✅
3,#2PC082PLQ,★Toͥmmͣyͫ★,0xfff05637,28000325,52525,4,Elite Gamer (3)
4,#LVJ9G0JPJ,ануака🤍leroyyy,0xffff8afb,28000112,52080,5,House Bronn's
5,#P2QJ0VL2P,ᴹᴿSnake🥀,0xffff8afb,28000321,52077,6,ᴹᴿLegends🥀
6,#YGLGYJJQR,NAVI|AKTIV,0xffff8afb,28000302,51282,7,Zakarpatta|🇺🇦
7,#2P0LPRJQV,Alxᴷⁱˡˡᵧₒᵤツ,0xfff9c908,28000091,50762,8,Empire Français
8,#RJGLVPPL,アンニョン！,0xffffffff,28000018,48903,9,30RankCLass
9,#9C80R0UPU,PK|Whale 🐳,0xff1ba5f5,28000164,48732,10,PoorKids ☹
10,#29UPPR0YQ,GX Giuribubi,0xffa2e3fe,28000284,48731,11,SF
11,#8G9LLPL90,w0k,0xff1ba5f5,28000284,48283,12,✨SYNDICATE✨
12,#2VG0QG89,haydar,0xffff8afb,28000085,47011,13,
13,#P8JLCP8P9,PG | ARIA🌦,0xfff9c908,28000263,46629,14,PG | Family🌦
14,#8L8PULQJC,ℵ♠『DW』대왕ᴷᶧⁿᵍ🖤ℵ,0xff4ddba2,28000139,46201,15,헤라 palace
15,#2YQQQL2R,BT | Froyˡⁱᵏᵉ ᵘ,0xffff9727,28000338,45890,16,Black team
16,#208Q98L9L,yt|dirk64🌴,0xffa2e3fe,28000225,45440,17,de strijders (:
17,#8ULQGGYL2,CX|FUILIⁱᵛ,0xfff9c908,28000176,45217,18,TSQ CLUB
18,#Y00QC0JC8,Please BUZZ,0xff1ba5f5,28000273,45200,19,Furious Kats
19,#8RU2RL0VU,yasha lava,0xffffffff,28000069,45102,20,
20,#8P2P2U9YY,🖤|ˢᵃᵈᵖi̶p̶e̶ʀ™,0xffffffff,28000224,44517,21,Impero ITA
21,#28QLUR8Y0,🥀QLS|toper⛩,0xffffffff,28000183,44466,22,DieDmasters🌹
22,#YVRQ2UUYJ,😎_Mitani_😎,0xffa2e3fe,28000128,44321,23,Nani's Club
23,#Y0LYJ220Q,IMPOSTOR,0xffcb5aff,28000330,43935,24,Acheron™
24,#YP088PYGL,yori,0xff4ddba2,28000315,43534,25,07|Hawk‘s
25,#LV2GV8V29,PG|Amirali sory,0xffa2e3fe,28000299,43286,26,PG | Family🌦
26,#QRR2VC9QQ,chvk♡DeduGun个,0xffff8afb,28000252,43235,27,GG|aaqG👾
27,#2VQ89VVRU,VD | Rohan,0xfff05637,28000242,43061,28,Legend
28,#9UY8VRQQU,Hakancan2151,0xffcb5aff,28000335,42996,29,彡[ᴅᴇᴀᴅ ᴋɪʟʟᴇʀ]彡
29,#20UQ2988P,MORTAL,0xfff05637,28000283,42902,30,G.R.A.R.K.A.D.ⓞ
30,#LPY8CL9UV,Mchamba#002,0xffff9727,28000262,42893,31,Dark Tsunami YT
31,#2R8G8PRC,Jkpeon,0xffcb5aff,28000200,42656,32,BS Zollikon
32,#9R2UGPGYQ,CM YT SHOHKING,0xffffce89,28000275,42578,33,Богати швидены
33,#YPYV90JCY,ĶÏŇĢ ØF ĐÆŔĶŃĘ§,0xffa8e132,28000341,42515,34,PLAY HERO
34,#8L2PJ80PJ,PotoKツ,0xffcb5aff,28000347,42414,35,Golden Crow 2
35,#209LP2R8G,;),0xffcb5aff,28000222,42386,36,
36,#LYULLULUV,FFC|veheio۞,0xffffffff,28000175,42324,37,𝖉𝖆𝖗𝖐𝖍𝖆𝖉
37,#8LQJ9JCVG,Fatih,0xff1ba5f5,28000284,42308,38,THE FLASH
38,#PPVVYGQ0C,m. Lecners,0xff4ddba2,28000018,42293,39,HEASRFD
39,#8QPCJGRCQ,Ⱡ𝖊𝚘ᶯฅ^•ﻌ•^ฅ,0xffcb5aff,28000095,42251,40,LC|Midleton
40,#9JQY9YRPU,Juan YT🐣💛,0xffffffff,28000205,42243,41,los picantes🌶️
41,#89ULC0R2,Kido,0xffcb5aff,28000348,42200,42,Azules E-Sports
42,#PUQ9PQLVU,Jirkos,0xff4ddba2,28000033,42112,43,burkay
43,#LLRYU8P8Y,*/erick♧🌒,0xffcb5aff,28000227,42070,44,
44,#89G9R88QQ,Popy-Bryant,0xffcb5aff,28000182,42044,45,🔥kankalar🔥
45,#RLLCG2CG,Wᴇɴxsʏᴜ?💘,0xffcb5aff,28000184,41824,46,Pain4Win
46,#PVCPJJQ2R,Gipsy,0xff4ddba2,28000152,41809,47,💞ELENOR&C.O💝
47,#Y2VC2PCPU,⚡️F̴a̴t̴i̴h🇹🇷,0xffffffff,28000262,41798,48,
48,#8GY9R8YYQ,N1ksim🐊,0xffffffff,28000320,41587,49,POLSKA GUROM
49,#2JQV8VUPR,『Sℬ|Dⅈℵe976🐢』,0xffcb5aff,28000280,41563,50,Legends-Esports
50,#2PVRY9UP9,ᴍᴏʀᴛɪsⁱˢ ᵃ ᵍᵒᵒᵈ,0xffff9727,28000132,41546,51,<c9>YT Club</c>
51,#2V0JURVCC,JESÚS🐣💛,0xfff9c908,28000207,41420,52,L-G4AN
52,#CY9J2U92,穿心高手,0xffcb5aff,28000141,41401,53,下饭菜庄
53,#GQPLR9UY,VLAD,0xffcb5aff,28000294,41250,54,Ananásy
54,#98QUP9GYQ,Davi Undertaker,0xff4ddba2,28000064,41130,55,wwwa
55,#CJYP0PQ2,locao,0xfff9775d,28000016,40989,56,leleonardozzzzz
56,#8PCRYRQY9,Jack-o-clown,0xffffffff,28000310,40946,57,XXXTENTACION
57,#L2PVJLG29,Hoki🐊,0xffffffff,28000167,40879,58,ДЕТИ ДОНБАСА
58,#LGQGRCRJ,𝒾сℯ❄️𝐒н𝒾ша🥀,0xffa8e132,28000254,40802,59,Ice|Og
59,#80P8RPJ9U,🦋CᴜᴛᴇSᴀɴᴡǫ♡,0xffffffff,28000018,40632,60,
60,#2892CVQ2J,dAn0n,0xffffffff,28000183,40513,61,GG|aaqG👾
61,#L8YVV8YYC,Asya,0xff1ba5f5,28000288,40418,62,amber
62,#J0RC2L8V,Tazix,0xff1ba5f5,28000335,40334,63,Les Cités de Fr
63,#8JV0C0QVL,Bilbo,0xffcb5aff,28000294,40289,64,Brawl/Old
64,#YVGYLGQUG,bağlı star,0xfff9c908,28000348,40205,65,⭐yıldız takımı⭐
65,#QY9Q8CLU,⚽MORMOK⚽,0xfff9c908,28000273,40189,66,
66,#LP08GUV9U,mini bebe,0xfff05637,28000330,40156,67,50g dudu hr
67,#80PVY0PY2,PS мар мар,0xffcb5aff,28000170,40126,68,Три член
68,#2RYGYLPY,coooooooooooool,0xffa8e132,28000271,40123,69,Team fun
69,#8L9R20YJJ,cabbage星人,0xff1ba5f5,28000175,40120,70,伝説の始まり
70,#Y28JJ29CR,DB|William_GG🦋,0xffcb5aff,28000125,40058,71,GooD Gaming
71,#8G8JL0VGL,brawl talk,0xffa2e3fe,28000207,40017,72,AUT
72,#8YV229YR,.Jopaaまみむめ,0xffffffff,28000138,39980,73,
73,#YUCRVG8YR,про,0xffa2e3fe,28000156,39882,74,чемпионы
74,#9RVPURPGU,oğuz,0xffa8e132,28000128,39761,75,EYM🇹🇷TÜRK
75,#YL829JLU2,VOLOZHIN,0xfff9c908,28000182,39731,76,EDM|Team
76,#PYVJ90YJJ,ZENGİN P*Ç,0xffcb5aff,28000291,39605,77,HEK
77,#YRCLR28VG,ваня,0xff1ba5f5,28000037,39429,78,Дружная банда
78,#8J8JJQCUL,iX|frosty🥺,0xffffffff,28000335,39407,79,
79,#9PRQL8CG0,⛩️|Zockerbit.8亗,0xffff9727,28000156,39381,80,Remus Lupin
80,#PJUCLYYJU,ˢᵃᵈ♡ᴀʟᴍᴀᴢɪᴋ💎,0xfff05637,28000164,39309,81,Notorious Gang
81,#9LUJRUG02,Felix✓,0xffffffff,28000263,39292,82,
82,#Y2VU0ULJG,sumgodya,0xffa8e132,28000248,39255,83,Professıonal
83,#9UQG2RPUR,QLS | Mounir,0xffa2e3fe,28000273,39068,84,BAL BALA
84,#9QYJG2JUL,RS|Itz_Vip,0xffff9727,28000225,39059,85,BrawlBros™️
85,#P2JCLLPCG,убийца,0xffff9727,28000267,39059,86,Топові Українці
86,#29PCG2GJG,sheluvq6ddi,0xffcb5aff,28000228,39054,87,SN| ZERO
87,#9R0QYCP88,Спайк,0xfff05637,28000223,39045,88,miracle|team🌴
88,#2GJVVLYPQ,⭐XYX⭐,0xff1ba5f5,28000349,39040,89,⛵the pirates⚓
89,#UP09GR9Q,kody,0xffcb5aff,28000061,38946,90,Taco Place
90,#2LCPCGPY9,Super Star,0xffcb5aff,28000022,38904,91,Dutch warior2.0
91,#PQGQY9R89,4.6,0xffa2e3fe,28000302,38789,92,-Elite Team CH-
92,#2JLPP9QY0,给Wαιᴅʏ♡🎩,0xffffffff,28000221,38664,93,
93,#P8JJJCJ9,NаVi | Ner0yN🥀,0xffcb5aff,28000231,38194,94,🎴|FlameOfChaos
94,#2U0UPUURY,julper.X,0xfff05637,28000077,38192,95,Mr.GalaxyYT
95,#LVP0UJ0JC,sonsuzluk,0xff1ba5f5,28000272,38185,96,gece partisi
96,#JP00JGVG,GRIZZLY,0xffa8e132,28000294,38059,97,Клуб:  #2YPRJVCY9
97,#P0PRLJ822,kostyA_YT,0xffff9727,28000272,37978,98,
98,#9V89VL8VL,elmastaflinx,0xfff9c908,28000273,37957,99,LA TEAM DES 87
99,#2V9GJQJC,bad boy,0xfff05637,28000130,37943,100,OP|BRAWLERS
100,#PUL9R9U0J,Pugolos,0xffa2e3fe,28000073,37942,101,Lucky Charm
101,#LYQQ9RJLV,BIBI 💜,0xff1ba5f5,28000081,37905,102,⚘•♡•⚘
102,#UPY0YQG,Artemus,0xffcb5aff,28000294,37881,103,240km/h PEEK
103,#P880RJGU2,LaLYoU,0xffffffff,28000321,37873,104,Pawns Squad
104,#9UQLCQ2C9,Elite_surclassé,0xffa8e132,28000151,37841,105,LA M.S
105,#YQ9UYLC9C,ExoTiicXs,0xff1ba5f5,28000128,37821,106,Jungs
106,#P9Q22PV08,sleazyplayzz,0xfff9c908,28000205,37762,107,Mayhem
107,#29UY8QV0V,делавая катлета,0xfff9c908,28000017,37722,108,Братство 2023г.
108,#P08GG000Q,⚽️ни кто не⚽️,0xffcb5aff,28000332,37721,109,Wielka świnia
109,#2J0V2VLUU,༺Leͥgeͣnͫd༻ᴳᵒᵈ,0xffa8e132,28000305,37665,110,THE WIHZ
110,#908QCVJV9,BS|Crow Stars™,0xffff8afb,28000272,37664,111,
111,#82QLRJPUC,Ｃｈｅｒｎｉｓｈ ツ,0xffcb5aff,28000002,37615,112,
112,#99QV0P822,skil4ik,0xffcb5aff,28000125,37496,113,Oskar i Łukasz
113,#889PCRQPJ,QLS|mirondab,0xffffffff,28000044,37453,114,
114,#P9QLPVCR9,Nathan vomito🤮,0xff1ba5f5,28000229,37414,115,Brawl style 2.0
115,#8RVYLUQJJ,🇹🇷yenilmez😂,0xffffffff,28000266,37391,116,fener bahçe güc
116,#LY90C2PYC,Cloud?...💔,0xffcb5aff,28000290,37337,117,Morning🌟Stars
117,#9C9Y8L8G2,Yusuf,0xffff9727,28000341,37221,118,¯_(ツ)𝓷𝓲𝓰𝓱𝓽
118,#2CG90GG0V,читер777,0xffff8afb,28000255,37217,119,Dingo
119,#PYGLYGP8J,aswentyy💞,0xffffffff,28000018,37157,120,Psychology
120,#8VY0UUCC,Жорик,0xffa2e3fe,28000175,37124,121,Клубик бебриков
121,#GQ0YRR2,Илья 0_0,0xfff05637,28000128,37119,122,7я
122,#YPVU2L29L,✨ALİ✨,0xffffce89,28000129,37110,123,Carl E~SportS
123,#YU9UPGUJY,леон,0xff1ba5f5,28000203,37106,124,BBG
124,#22GVP28UY,[БАН] ВЕЗУНЧИК,0xffcb5aff,28000060,37060,125,GRT1
125,#G0RR90G9,Сополь,0xff1ba5f5,28000103,36981,126,АЛМАЗНЫЕ ТИТАНЫ
126,#8GGU8CQ88,FaNtOm2,0xfff05637,28000304,36903,127,Thunder Rebels™
127,#989LQULLU,Rikofair,0xfff9c908,28000169,36822,128,
128,#28G0Y2R80,HE IS GAY->,0xffff9727,28000312,36764,129,The Outsider
129,#2P9LGJVLR,[BGD]iMetry,0xffcb5aff,28000041,36749,130,КАКШЕТАО
130,#PPJGG922U,kaanoyunda,0xffffffff,28000023,36733,131,affliction
131,#8JUQYYQU9,aslan yusuf,0xffa2e3fe,28000333,36711,132,
132,#LJJ08VQL,🌸 xFran 🌸,0xffff9727,28000334,36589,133,Pandora
133,#YG089URJQ,R2D.KOBRA,0xffffffff,28000060,36574,134,UAER
134,#99Q9L80YV,影龙,0xffcb5aff,28000224,36504,135,CatCrew
135,#LPU89YYV0,şampiyon,0xff4ddba2,28000242,36476,136,StarDust🌟
136,#2Y8Q0J209,Alp🦁,0xff4ddba2,28000151,36404,137,GALATASARAY 2
137,#2UGG2Y2U8,toxicfabri07,0xfff9c908,28000095,36238,138,LC|Quiet Man
138,#Y29U22QC,GX Pezzugamer54,0xff1ba5f5,28000290,36168,139,Ave_Ita
139,#Y9J2QYCVQ,TM/VLADOS,0xfff05637,28000321,36158,140,Ушастики
140,#82CGRYR,[LP]✨Я ПЫЛЬ✨,0xffff9727,28000064,36155,141,Sile BS
141,#20UV9VV9U,Gaffur,0xff4ddba2,28000016,36149,142,Babaprotakımı😎
142,#YLJV208J8,МИХА УБИЙЦА,0xfff05637,28000290,36077,143,путь нового жет
143,#PQG0JQ9CP,АЛЕКСЕЙ КОБЗАРЬ,0xffcb5aff,28000138,36036,144,гейклуб РОМАШКА
144,#8L9G8UGQR,Batu🧸,0xff1ba5f5,28000322,36036,145,Ueckstücke
145,#YYCU09090,Dervişoğlu77Z,0xffa2e3fe,28000273,36029,146,Yenilmezler🌶️
146,#LQ2U9ULY,☪MC_もッち-|Piえん丸☪,0xffffffff,28000314,36021,147,The One
147,#PR2PV920P,BARAN BEY,0xfff9c908,28000265,35973,148,LosT On You🍁
148,#P8V80R8Q,herm1t_esports,0xffffce89,28000231,35926,149,
149,#P0CVP0PCY,PiChEnKa,0xffcb5aff,28000349,35918,150,Snake Tails
150,#8GJ8R0YQY,SANCAK,0xff4ddba2,28000281,35845,151,ATATÜRKSLM
151,#RVYUJ0,DARK_SOUL,0xff1ba5f5,28000173,35825,152,
152,#G9CP0C0Y,Миша,0xffcb5aff,28000332,35815,153,BS CHAT
153,#99YJCL2VG,zero,0xff4ddba2,28000273,35777,154,miracle|team🌴
154,#PC2PRYRVU,[БАН]РОБЗИ,0xffffffff,28000139,35749,155,Батин Диван :D
155,#89PYQ2JLP,martin,0xff1ba5f5,28000170,35732,156,
156,#88V28GLGJ,|¯|идр малолетн,0xfff05637,28000132,35728,157,DIAMOND|E-SPORT
157,#R00QGRR8,SE| Rity,0xffffffff,28000184,35723,158,РИТИЛЯНДИЯ
158,#2C22YL8PG,Dlore,0xff4ddba2,28000348,35652,159,NøM|NøMercy
159,#P9PRP0Q0V,[БАН]$$$$$,0xffcb5aff,28000156,35626,160,S<c0>himmer</c>
160,#99VUL2CP,Hk | Akeer🕊️,0xffffffff,28000016,35623,161,Hk
161,#Y2C2PGCL,Noah,0xffffffff,28000156,35618,162,tschinyere
162,#P82CVVQU2,CM//cesar,0xffa8e132,28000288,35562,163,LES POULETS
163,#92QP2RQG8,NIGERANDAYOOO!,0xfff9c908,28000132,35537,164,KiwiLegends
164,#Y9YPR9QY,КЕРМИТ,0xffcb5aff,28000314,35526,165,<c1>Why?</c>
165,#PPUQJJ2YC,NaVi |PETR,0xffffce89,28000132,35512,166,Египетская сила
166,#PL0VQLLYR,MTF |Crazyboy,0xffcb5aff,28000129,35495,167,🌪PRoFeSYoNeL🌪
167,#2GP2JRJQ9,SlyFox,0xfff05637,28000023,35466,168,Seymour
168,#88QVC8PV8,Bot 1,0xff1ba5f5,28000171,35462,169,Muerte a massi
169,#L292LL9Y,Kleftest,0xfff05637,28000150,35453,170,PERIFAMILY 6
170,#9CQYRPR2Y,SXSBQQ,0xfff05637,28000348,35388,171,Golden triggers
171,#22RUY92JL,⛩️優點|☠️$kᵏᶦⁿᵍツ☔,0xff4ddba2,28000136,35384,172,чушки
172,#82200CJV9,azerboy,0xffcb5aff,28000154,35381,173,
173,#29Y2RCR0Q,io sono Groot,0xffa2e3fe,28000192,35331,174,I Cioppoli
174,#988RL0G0,🇦🇲LevonA🇦🇲,0xffff8afb,28000303,35310,175,
175,#2VQ22RJVY,Art|Cool,0xffcb5aff,28000222,35266,176,596🦇🩸homixide
176,#9P8JL88GU,Domi,0xffffffff,28000194,35152,177,Liście Mocy
177,#29C8UQG8Q,⛩️BOBᶫᵒᵛᵉᵧₒᵤ🎋,0xff1ba5f5,28000259,34974,178,Fake Esports
178,#2LYQ2GCQQ,adeloff🤍🥺,0xffff8afb,28000228,34971,179,Team Tribunal
179,#P0PJL9GC8,Брат utenkova,0xffa2e3fe,28000228,34949,180,The Last Drop
180,#QCJVPCU,VladYT,0xffa8e132,28000218,34945,181,Maractus Lords
181,#92JYYYCLC,злой воробушек,0xff4ddba2,28000335,34936,182,
182,#9G8PC2RVQ,Bop esponja,0xffff8afb,28000352,34901,183,ADHD Power
183,#PJV9PRVRY,SX|Stachu🌔❤️,0xffcb5aff,28000305,34888,184,team ruffs
184,#PJUJ8VGVQ,CROW,0xffcb5aff,28000065,34884,185,Süleyman YTB 2
185,#8QJUCR0Y,xEscaa🤍,0xfff05637,28000222,34873,186,
186,#8PU2V089,Mons,0xff1ba5f5,28000006,34869,187,Showdown✘
187,#9UQ8LCJC,Rdrgo16y,0xffff9727,28000233,34848,188,los insanos 👻
188,#89RGYUPL8,Miraç pro,0xffa2e3fe,28000284,34832,189,TÜRKİYEM
189,#RJGVUVUC,VI€IOU$|B€A$T,0xfff9c908,28000154,34803,190,Giant Knights
190,#8289LUYC8,Уничтожитель,0xffa2e3fe,28000164,34787,191,Супербанда
191,#9LGLUVL8C,je boy,0xfff05637,28000290,34763,192,les pâte au Suc
192,#90PUVGJYC,|CGR|(^*^),0xff4ddba2,28000203,34760,193,Hamburg
193,#8JLPJ0U9G,US|YOUG,0xfff9c908,28000132,34707,194,GRT1
194,#9CJGGJ90G,злой хлебушек,0xffcb5aff,28000211,34642,195,VINGET MONSTER
195,#8P0L8Q0CQ,cherepobitka,0xff1ba5f5,28000348,34625,196,КАКШЕТАО
196,#9QYLC9CVR,saizo,0xffa2e3fe,28000212,34619,197,BAL BALA
197,#29L22CJR9,♡[БЛЭД]SAMAT_YT,0xffcb5aff,28000294,34614,198,
198,#PYJVRJLYU,osman,0xffa2e3fe,28000279,34611,199,AKINCI
199,#LCV20V9VQ,🌑DarkMoon🌑,0xffa2e3fe,28000023,34554,200,Пупс
