,tag,name,nameColor,icon,trophies,rank,club
0,#PR9U2JL,Juan Carlos,0xffffffff,28000119,84139,1,Humble Grinders
1,#GRCYVRJG,Edgar🤍æ,0xffff9727,28000176,82895,2,7 Dwarves
2,#PGY9ULY,PollitoMan,0xffffffff,28000348,81484,3,7 Dwarves
3,#220PGLU02,家|𝑴𝒆𝒎𝒆𝒏ϟ,0xffa8e132,28000163,81336,4,You and me 💜
4,#GV9GRLJJ,Counter,0xffff9727,28000265,78660,5,NA Friends
5,#QLCJGQUP,BOH|Diego💚Wolf,0xff4ddba2,28000320,78027,6,7 Dwarves
6,#9P98UCUV,Eydan,0xffff8afb,28000247,77628,7,Beyond Champs
7,#88QCRPLJV,Togi☁️,0xffff8afb,28000303,76544,8,7 Dwarves
8,#2LGRP0UUG,Hawks🎴,0xffa8e132,28000136,75577,9,7 Dwarves
9,#UJ9QQUU,Ojita🍃,0xfff9c908,28000176,74882,10,Moonlight 🧚🏻
10,#QRPUYVGJ,•ChRiStOpHeR•™,0xffff9727,28000297,74854,11,Brawl Con Limón
11,#99GP0Y2,Werys2JZ❤️‍🩹,0xffff8afb,28000018,73997,12,WOLFMX
12,#9RV0LQ8L2,Alisonn ✯,0xfff9c908,28000176,73867,13,Moonlight 🧚🏻
13,#28C9LCPY8,DaigoMR,0xff4ddba2,28000052,73396,14,Perro salchicha
14,#9YCVC8RQL,Hahn🧸❤️‍🔥,0xffffce89,28000272,73228,15,Dog Walkers
15,#8CJJCUY,Awa De Piña ツ,0xffa2e3fe,28000046,73062,16,WOLFMX
16,#VRRPQ2J,ᴩᴀʙʟᴏˢᵃᵈ:'),0xffa8e132,28000018,72990,17,WOLFMX
17,#200VLU82U,FWs|Barney F1🦖,0xffcb5aff,28000136,72796,18,FWs Club 🌮
18,#8U0CQY0LY,ʏʙ ッ,0xffff9727,28000212,72593,19,WOLFMX
19,#222V29JG,xXCharlyXx,0xffcb5aff,28000333,72549,20,7 Dwarves
20,#CJ9R020V,Cairo,0xffffffff,28000093,72321,21,Perro salchicha
21,#2QJGRQUJ,davidlion,0xfff9c908,28000078,72284,22,WOLFMX
22,#20PVVPQJJ,Raphael☯️,0xffa2e3fe,28000136,71764,23,WOLFMX
23,#U9GC8G02,CMG | R B M,0xffffffff,28000058,71447,24,ChasmacGaming
24,#R902Y02J,Oscarreno11 ↯,0xfff9c908,28000123,71433,25,Chapulines 🦗
25,#289RGJJ0R,ƖιƖιɱ13🍁,0xffffffff,28000110,71419,26,7 Dwarves
26,#80CUGJYPG,Caroline🖤Exter,0xffff8afb,28000167,71306,27,❥Caroline&Exter
27,#9228QQ9VU,Exter🖤Caroline,0xffff8afb,28000167,71220,28,❥Caroline&Exter
28,#YQUQUUG,Ferlol,0xff1ba5f5,28000294,70957,29,minuta:3
29,#2UQPRU0JP,OSL|diegoRwR🎨,0xffffffff,28000013,70920,30,Aubs Crew
30,#2L9R0G0CQ,MikeHa🪐,0xffff9727,28000109,70750,31,Perro salchicha
31,#8QJU2CCY,Fearless,0xffff9727,28000017,70341,32,WOLFMX
32,#Y9QRR9VP9,Chumacero,0xff1ba5f5,28000011,69891,33,Army Of 300 II
33,#8CLQ0URG2,STMN|Mxndy🦔💜,0xffcb5aff,28000303,69874,34,Phoenix Coffee
34,#YLU9YQQ2,WMX|MOON🌸🧸,0xff4ddba2,28000163,69812,35,WOLFMX
35,#9VY8LJLLQ,samuel :),0xffff8afb,28000156,69672,36,
36,#9VGL80GY,Chopper!,0xffa2e3fe,28000084,69241,37,Army Of 300 II
37,#PUYC899U,ZM | yerico,0xff1ba5f5,28000271,68807,38,Beyond Champs
38,#8V0JGUVUV,Samantha,0xff1ba5f5,28000024,68743,39,家DarkMoon|🖤
39,#8CG0RLUG9,간 ReyLzKaa🖤,0xff1ba5f5,28000305,68680,40,Zoológico NA
40,#2RP0UGV2P,Tempoyafet:(,0xff1ba5f5,28000123,68489,41,家DarkMoon|🖤
41,#UG9YRLP,Zuko🩵Y,0xff4ddba2,28000237,68333,42,WOLFMX
42,#22990LPVJ,Taquito,0xfff9c908,28000348,68296,43,WOLFMX
43,#JV9LRVG,RamBoidee ッ,0xffff8afb,28000098,68267,44,STMN Esports
44,#QRVV2GJ,!!JAVI!!,0xffff9727,28000129,68201,45,MX|LegendsCrew
45,#80YLUGRL,ɢʀ|Cordovita🥀,0xff4ddba2,28000337,68145,46,GＥＮＥＩRＹＯＤＡＮ🕷️
46,#2PUC9CU8Y,Jeͥtxͣrͫay ϟ,0xffffffff,28000334,68110,47,anomaly
47,#UJ0CGPP,Hades⛄🖤,0xff1ba5f5,28000302,68062,48,WOLFMX
48,#22G02GURR,友รɳɛɛʀY♛🦉,0xfff9c908,28000095,67895,49,WOLFMX
49,#9CV2QQ8Q9,GR|puas 🔥😈,0xfff9c908,28000341,67814,50,GＥＮＥＩRＹＯＤＡＮ🕷️
50,#2UJC99GQC,Carlos🇲🇽£¥™,0xffa8e132,28000136,67607,51,Moonlight 🧚🏻
51,#PQCCPPL,KM|PAPI,0xffcb5aff,28000305,67509,52,LEGENDARYS
52,#Q000VYV,⭐️Μr_XροριχX⭐️,0xff4ddba2,28000234,67503,53,Unión Soviética
53,#8JCCUUQ2,家|𝑷𝒆𝒓𝒄𝒚➶,0xff4ddba2,28000136,67468,54,Ghost's Juice
54,#8J0P282,Silver Fang X,0xffcb5aff,28000294,67339,55,Beyond Champs
55,#8GGQC0UP,SHW|Tattier,0xff1ba5f5,28000138,67288,56,MegaPigEnjoyers
56,#PUUJRRRG,Rauw Alejandro,0xffffffff,28000300,67273,57,爱STARLIGHT|🌒
57,#288QR929,•Mixcóatl•,0xffffffff,28000279,67152,58,Zoológico NA
58,#JR90GQ0G,ㅹ|ᴜɴɪᴄᴏʀɴ🖤,0xff1ba5f5,28000333,66980,59,AxE Gaming
59,#82JPG02,Sebas49,0xff1ba5f5,28000122,66921,60,Tribe Gaming NA
60,#2CR0C8YYU,⚡Goĸu 悟,0xff4ddba2,28000196,66727,61,NA Friends
61,#2JJCGLY,..LaCruz ✰..,0xfff9c908,28000272,66574,62,F/A 🐝
62,#RC28RJCL,BLACKHAZOOX5332,0xff1ba5f5,28000217,66542,63,Tᴇᴏᴛɪʜᴜᴀᴄᴀɴ
63,#GVLRUG9Q,•PaiN🍌,0xfff9c908,28000272,66374,64,Humble Grinders
64,#L9VGJUG,❀MikiGod👑,0xffff9727,28000290,66233,65,Zoológico NA
65,#PL0Q09J2G,希•Josue🐉,0xffffffff,28000215,66162,66,NA Friends
66,#Y22QYYRR,IMT Kiwi,0xffa2e3fe,28000322,66039,67,Minecraft PE
67,#JR0LY9RY,ᴊᴀʀᴇᴅꜱɪᴛᴏ🦦🤎,0xffa2e3fe,28000175,66032,68,México Top♡
68,#CY2PLLP2,!bY WitZaD-❌,0xffcb5aff,28000041,65932,69,GＥＮＥＩRＹＯＤＡＮ🕷️
69,#LQVV929Q,SD|Cynᶫᵒᵛᵉ,0xffcb5aff,28000196,65751,70,Showdown✘
70,#RGJUY0QL,XA | Angel,0xffcb5aff,28000280,65741,71,Zoológico NA
71,#GCJCRVQ8,tacos ☍,0xffff8afb,28000177,65709,72,NA Friends
72,#CYQQLU9J,claudia⋆☽✩,0xffa8e132,28000210,65585,73,You and me 💜
73,#8Y09Q9YGY,WMX|DEME☠️,0xfff9c908,28000256,65564,74,WOLFMX
74,#99QV280,TheFerRP2,0xff1ba5f5,28000284,65508,75,PDF Team
75,#GC9VVGQR,Meowstic,0xff1ba5f5,28000297,65493,76,ＡＫＡＴＳＵＫＩ
76,#2L28022J2,小心｜Roel✨,0xffff9727,28000150,65439,77,
77,#220QV2UU2,x treme,0xffff9727,28000018,65422,78,
78,#9JCGYQR0G,Usuario⸙,0xffcb5aff,28000014,65299,79,家DarkMoon|🖤
79,#98QQCUQRJ,Kevin🌿,0xffffffff,28000257,65291,80,Beyond Reality
80,#YG99CGYQ0,I am Suck,0xffff9727,28000336,65214,81,Ash's Club
81,#GLRV8L8,🍁ᴋιʀιᴛᴏ☬,0xff1ba5f5,28000175,65183,82,7 Dwarves
82,#82Q89U2QJ,U̷l̷t̷r̷a̷x̷👾,0xffff9727,28000339,65141,83,MexicanWarriors
83,#2LYYQQY2J,Baldr 👾,0xffff8afb,28000041,65012,84,Ash's Club
84,#J98JPLR2,LS|Lucho🐧,0xff1ba5f5,28000291,64976,85,LEGENDARYS
85,#9P2PQYU29,QLS|DANIEL☢️☢️,0xffcb5aff,28000125,64971,86,HeadShoterZ💣
86,#2J0U90JU2,Marco23,0xfff05637,28000151,64879,87,México Top♡
87,#U9CGLJ99,々𝔾𝕒𝕓𝕠❤️💙🌻,0xff1ba5f5,28000328,64859,88,ÑañisLovers
88,#2C2CVCG0,•Adriel🪬,0xfff9775d,28000302,64711,89,Elite Latina
89,#2CRY9989,Vagabundo🍭,0xff1ba5f5,28000167,64531,90,Magic Gaming 🎱
90,#PRQQ029CQ,⚡Richard🐣💛⚡,0xffff9727,28000286,64478,91,Beyond Kratos
91,#9P0UPGVJQ,RA|Pensador,0xffffffff,28000203,64426,92,Banda Nocturna
92,#9P8L2L8LG,YT: RAZIEL BS,0xffa2e3fe,28000096,64303,93,Moonlight 🧚🏻
93,#8CQPU2UC2,WMX|Santiag0Ban,0xffcb5aff,28000129,64208,94,WOLFMX
94,#20UGJRG9,Ray⚡️,0xfff05637,28000298,64172,95,Paradise🎭
95,#PG8PQ8G9,Trevi❤️Camy,0xffff8afb,28000244,64169,96,Far Far Away💭
96,#2QPGUUP2Y,Fernan YT,0xfff9c908,28000218,64131,97,Moonlight 🧚🏻
97,#292QR29C,あ☆ ≈αι๑я๑હ≈ ☆あ,0xffff8afb,28000349,64091,98,Brawl Con Limón
98,#2R092J9L2,𝙼𝚇|EdyZon¾,0xffff9727,28000163,63981,99,Showdown💔Kings
99,#QCQ0UV8P,DHpascui死,0xff1ba5f5,28000175,63973,100,AT|GALAXY XI
100,#L2UVGURC,Matius117,0xffffffff,28000125,63871,101,家DarkMoon|🖤
101,#8Q20UCLQ,⭐M4u3lN1u⭐,0xffffffff,28000020,63840,102,AT|GALAXY XI
102,#GV8VVLY9,D'abord🐉,0xffff9727,28000338,63817,103,家DarkMoon|🖤
103,#RUPPYL2,あ𝒀𝒂𝒓𝒆𝒕𝒉🖤,0xffa2e3fe,28000090,63749,104,家DarkMoon|🖤
104,#PQPQRY0G,Julio🤍Gabolb,0xffcb5aff,28000352,63736,105,Magic Gaming 🎱
105,#GRVCYJG0,TM|THE COOLER,0xffa8e132,28000210,63721,106,ᵀʰᵉᴹᵉˣᶦᶜᵃⁿ
106,#VJC0RG8,Zaa,0xfff9c908,28000006,63693,107,Chapulines 🦗
107,#RVV8P282,Ivan Trujillo¹⁶,0xffff8afb,28000340,63682,108,T.Cyberneticos
108,#CP02LG,Barajasf,0xff1ba5f5,28000195,63637,109,Brawl Masters✨️
109,#LCJGRC8L,🜌𝐒ᴛσυᴄӄ𝐬 ♛,0xffffffff,28000073,63613,110,Minecraft PE
110,#GYPGPY2Q,DarGODchi🤓,0xffff9727,28000137,63579,111,FuriaDeChester
111,#8RRUUPGP,Glexnor,0xffff9727,28000197,63561,112,Brawl Con Limón
112,#2G9C29VGP,AriAbdul <3,0xffcb5aff,28000041,63553,113,Perro salchicha
113,#2VQYL99JL,NA|Diego 🖤,0xffffffff,28000014,63489,114,HeadShoterZ💣
114,#8Y8PGPV9J,AKT | AngelRH🔥,0xff4ddba2,28000349,63409,115,ＡＫＡＴＳＵＫＩ
115,#PQ9PGGY9Q,WMX|LALO☠️,0xffffffff,28000167,63308,116,WOLFMX
116,#PGPQ09L8P,watson,0xffffce89,28000338,63271,117,T.Cyberneticos
117,#28V88V9PV,David-sraam,0xffa8e132,28000335,63262,118,Clan #2RJRLGQUY
118,#VR20GUJ,BranPeubipi,0xfff9c908,28000214,63202,119,7 Angels
119,#VCPG0UCQ,ﾒ𝑨𝒏𝒅𝒓𝒆𝒂🖤,0xffffffff,28000030,63202,120,WOLFMX
120,#RPYLL0U,⛩️Wolɟᴳᵒᵈ🍃,0xffff9727,28000348,63198,121,Ghost Souls II
121,#29YJJY2J0,QLS| Imperiumッ,0xffffffff,28000046,63162,122,家DarkMoon|🖤
122,#JVRCL2R,kikin,0xff1ba5f5,28000337,63119,123,🂱𝒮ℋℐℱ𝒯ℰℛ𝒮🂱
123,#8LGQ0JQC,killer queen,0xff1ba5f5,28000018,63076,124,Los Rico Ricos
124,#2P8GPV8LU,Halmilton,0xff1ba5f5,28000225,63063,125,
125,#JUQ2PQJR,Late🖤Lara,0xffffce89,28000095,63051,126,MegaLate 4T 🐷
126,#28URPLR8,SeeLヅ,0xffff9727,28000346,63044,127,AE Cosmic
127,#908YCV08U,MENDOZA,0xffcb5aff,28000333,63033,128,⚠️₣นєгʑαร єℓἷτє
128,#RP0QJQJJ,⚛ Ariii 🎴,0xffffffff,28000348,63005,129,WOLFMX
129,#8CYJQVYP,Ernesto,0xffff9727,28000071,63002,130,Ghøst Søuls I
130,#92QY9QLY,ÑE,0xffcb5aff,28000156,62976,131,AT|GALAXY XI
131,#9JJCJL8,☆☠️DRAIGON21☠️☆,0xffff9727,28000104,62930,132,WOLFMX
132,#29LVVL2VQ,•Diego🦑,0xff1ba5f5,28000018,62913,133,❤Jass&Crispin❤
133,#9P2CCCC9P,𝕯𝖆𝖗𝖐𝕮𝖆𝖙,0xff1ba5f5,28000322,62872,134,家DarkMoon|🖤
134,#Y8CR9JL,Bad Paulo🐰,0xffffffff,28000335,62830,135,Beyond Champs
135,#2JLVRQ9,STMN | Zhar,0xffa8e132,28000347,62750,136,STMN Esports
136,#8J9PCQQ2,⭐️Dε_CηαCηαCη⭐️,0xff4ddba2,28000136,62740,137,Unión Soviética
137,#2QRRQ99R8,TC|ManuMX,0xffffffff,28000065,62712,138,ᴹʸˢᵗᶦᶜᵀᵒᵖ~ᵀᶠ
138,#P8YV0QPLQ,┊Iván🐬,0xffffffff,28000194,62710,139,Moonlight 🧚🏻
139,#YVYQGGJV,choppp,0xffcb5aff,28000294,62699,140,CORONA
140,#8QC00V2,»DP ° Yoshi~🥀,0xff1ba5f5,28000294,62636,141,PDF Team
141,#GRPPVGRJ,Gabolb ☁︎︎,0xfff9c908,28000138,62623,142,MegaLate 4T 🐷
142,#8UPJRR2GV,彡•ᴋɪɴɢ ᴄʀ•彡,0xfff9c908,28000316,62574,143,
143,#PRVR282,Jxhany 집에,0xff1ba5f5,28000100,62487,144,Far Far Away💭
144,#YLURVQPC,🍒Elchiz₪,0xffff8afb,28000303,62475,145,ᴘᴜꜱʜ|ᴛᴇᴀᴍ🔥
145,#P0VLRQR2C,⚡D I T E R ⚡,0xfff9c908,28000242,62454,146,⚠️₣นєгʑαร єℓἷτє
146,#298VYPQ89,dani,0xff4ddba2,28000216,62442,147,SQLprestigio
147,#2CCCRQULJ,AKT|Ol1v3r‎٩⍢⃝˵,0xff1ba5f5,28000175,62410,148,ＡＫＡＴＳＵＫＩ
148,#L9YUCU0C,ErickS,0xff1ba5f5,28000345,62405,149,Brawl Con Limón
149,#2QL0CRJ9L,Darkylex🌙,0xfff05637,28000348,62401,150,Dark King Night
150,#2PGPVQUJ9,Manku💙Sopita,0xffffffff,28000047,62388,151,Gus Ghost👻
151,#2LPJYPPR,𝐀𝐍𝐓𝐇𝐎𝐍𝐘,0xff1ba5f5,28000185,62376,152,Tᴇᴏᴛɪʜᴜᴀᴄᴀɴ
152,#PJP8VQC02,TQ|FABRIXX,0xff1ba5f5,28000072,62353,153,Night Players
153,#29YL8GGQ,Lil》NestorONE《⚡,0xffa8e132,28000170,62350,154,Mex Sports
154,#P0GR2RC98,Keath,0xffcb5aff,28000305,62319,155,家DarkMoon|🖤
155,#82Y890GPY,KoReXx,0xffcb5aff,28000318,62314,156,🐔KoReX Family♥
156,#UG0UGQ8C,YhWh Grogu.,0xff1ba5f5,28000295,62300,157,家DarkMoon|🖤
157,#R9RJGC2Q,RF,0xffcb5aff,28000303,62300,158,家DarkMoon|🖤
158,#8Q2YURQYV,HermosoCaos🌙,0xfff9c908,28000230,62260,159,Morning Crew🔆
159,#YY8YJ0G,Twich_FuriousLo,0xffcb5aff,28000225,62216,160,Tobbah1 Twitch
160,#209GRY2V,Pzyduckx,0xffff9727,28000225,62157,161,TEAM DARKNESS
161,#8LQJ2JVYL,ciberpunk2099,0xff1ba5f5,28000348,62134,162,Black Hearts🖤
162,#Y200RPVY,SrCriso™🎩💙,0xff1ba5f5,28000150,62110,163,The Underground
163,#228J8G0G2,Fito🦆🖤,0xffffffff,28000352,62102,164,Ghost Souls IV
164,#YGYLUQGCJ,AMG|Tacos🌵,0xffa2e3fe,28000229,62015,165,AxE Gaming
165,#UVYGRYJU,Resicstine,0xffffffff,28000058,62002,166,TEAM DARKNESS
166,#PLG28YRJ2,Oscar,0xfff9c908,28000081,62002,167,Family Barza
167,#20UY2Y8GV,CMV|Pachecool,0xffff8afb,28000334,62001,168,Tᴇᴏᴛɪʜᴜᴀᴄᴀɴ
168,#2QJ0CYPU,Tadeoツ,0xffa2e3fe,28000349,61987,169,Magic Gaming 🎱
169,#CLCQ90P,Darkuss Master,0xffa2e3fe,28000244,61980,170,T.Cyberneticos
170,#2PLP0RPR2,AxE-_Legend🌹,0xfff9c908,28000213,61901,171,AxE Gaming
171,#9VC9LG02L,𝕬𝖒𝖔 𝖚𝖜𝖚,0xfff05637,28000348,61896,172,⚠️₣นєгʑαร єℓἷτє
172,#9GGRG2R2U,OG |IVAN MEX♥️,0xffff8afb,28000065,61890,173,HeadShoterZ💣
173,#20U29Q8QY,BO|JeanproUwU🍃,0xffff9727,28000018,61875,174,家DarkMoon|🖤
174,#CR0QRGC,XICO,0xff1ba5f5,28000233,61858,175,⚠️Chile Play⚠️
175,#RJ89YYCC,ultraeoNfire,0xffa8e132,28000002,61806,176,Black Hearts🖤
176,#CY99ULC,Oshawott🐚,0xffff9727,28000237,61784,177,FuriaDeChester
177,#8C89C9VC2,DPB|Karel,0xfff9c908,28000163,61727,178,DPB | ⚡Esport⚡
178,#PJVVGGG28,potatos,0xffff9727,28000332,61701,179,D Y P♈☯️
179,#Q02290QV,Malair,0xfff05637,28000352,61698,180,TeamMéxico
180,#YG2C920U,♥️愛Shalltear,0xffcb5aff,28000046,61686,181,México Top♡
181,#GR89PLLP,MdeMıke=),0xffa8e132,28000175,61671,182,M 🏠
182,#JLRYJGR,饿 | ʜᴀᴍʙᴀʟ 🀄️,0xffcb5aff,28000207,61628,183,Perro salchicha
183,#2PJGYGPLU,SiiLeNTz 🐻,0xffff9727,28000135,61604,184,<c6>MONSTER</c>
184,#2GC9RYRC9,TM|Moyy Crack🖤,0xffffffff,28000215,61477,185,ᵀʰᵉᴹᵉˣᶦᶜᵃⁿ
185,#99U2JL208,HN|Antonio ®,0xffffffff,28000123,61450,186,Guerreritos
186,#PC2C0G0,xtrax,0xfff9c908,28000199,61408,187,MX | SSJ 🦇
187,#JUQ2JVV8,Orlando◢◤,0xff1ba5f5,28000241,61407,188,7 Dwarves
188,#QRYJLYQ,˚｡⋆Ɓσɳɳιҽ🦋｡˚,0xffff9727,28000111,61405,189,MegaPigEnjoyers
189,#90YR2UVYC,𝓓𝓐𝓝𝓘𝓔𝓛🪐,0xffffffff,28000096,61393,190,los jose
190,#R80QRP0G,Squeezyϟ︎,0xffff8afb,28000333,61372,191,STMN Esports
191,#2Q98C828P,天|Cris ✯,0xffffffff,28000148,61331,192,Moonlight 🧚🏻
192,#JGLJJYC,Golden <3,0xffff9727,28000061,61316,193,Perro salchicha
193,#9VJ8RCCLV,Koke,0xff1ba5f5,28000335,61313,194,BarbaFantastico
194,#8R0QJ0PV0,draxel,0xffa2e3fe,28000179,61278,195,los hormigas
195,#2QR2V8P8L,ʳᵉˢ┃𝔸𝕀ℝ┃👑,0xff1ba5f5,28000259,61278,196,AT|GALAXY XI
196,#8LY0VC8R8,Alfredo 卡马乔,0xffff8afb,28000044,61250,197,México Top♡
197,#CLUUR2RQ,danny phantom,0xff1ba5f5,28000300,61219,198,Moonlight 🧚🏻
198,#2PP2CJQ8,⚘𝐷𝑎𝑑𝑑𝑦🤍,0xffffffff,28000197,61212,199,ETERNAL TOPS 🏅
199,#VUL09V92,MC | Derek,0xffffffff,28000136,61186,200,Vitrious Legacy
