,tag,name,nameColor,icon,trophies,rank,club
0,#YCGG2UQC,♡Larisa.,0xffcb5aff,28000018,75180,1,RoStars Academy
1,#2228CRPY9,CSV|Forgotten🎈,0xff1ba5f5,28000060,70094,2,BC*|Family*
2,#2YC9RVYQC,NAVI | Cube,0xffa2e3fe,28000132,69428,3,topi
3,#92P92C9CR,NS|xNitroo🖤,0xffffffff,28000122,68372,4,Ex0tic-E-Sport
4,#8CUGG9CG2,GreamReaper,0xffffffff,28000150,66823,5,Anteiku☕
5,#8VVRGYLV9,Wørry❤️Rødi,0xfff9c908,28000156,66329,6,NHY E-SporTS
6,#20YGLGCP9,Ghost.🖤😕,0xffffffff,28000000,64841,7,Paradise🎭
7,#VU2RGYRR,LⱥuRT.7🕷,0xfff9c908,28000341,64613,8,Lost Baby Girls
8,#82U0Q0QVG,𝚂𝚑𝚊𝚛𝕗𝚒𝚔♡,0xffa8e132,28000228,61451,9,🥀 ПИПЕСЯНЫ 🥀
9,#8GQ0C2R02,♉⚡ALI⚡♉,0xfff9c908,28000349,61292,10,Seva's family
10,#9QQL0U2G,𝚂𝚃𝚆|𝚉𝙾𝙾𝙼,0xffff8afb,28000349,61142,11,TRIBUNVL
11,#8Y0JYCULG,CSV|Nelu💦Big90,0xff1ba5f5,28000060,60624,12,RofloSt4ck
12,#8UPYL00PJ,NeRo|Fester,0xffcb5aff,28000300,60292,13,DS | Dark Souls
13,#8QCGPRP0C,BANZAI |YT,0xffa8e132,28000132,60164,14,CF TM
14,#2UY8J88R2,[LP]Persive,0xffffffff,28000181,60119,15,Импрессив
15,#2GPVJLPCL,Mr. Squirrel 🐿,0xffffffff,28000018,59542,16,Tribe Moldova
16,#2PGQQLCV2,Tot samyy ya,0xffffffff,28000000,59406,17,
17,#8VRUPQ0GG,Moriarty❤️‍🔥,0xffff8afb,28000173,59254,18,Tribe Moldova
18,#L082CG2QJ,SanveL,0xffffffff,28000019,59196,19,Beyond Alpha
19,#PQR0C9UP8,SoloLxst,0xffffffff,28000014,59152,20,Kremenets City
20,#22982V882,Читер777,0xffa2e3fe,28000139,59081,21,⚔️Legion🛡
21,#8QVC29VR8,➳ᴹᴿ✿࿐ĐJ₳V1Đ*●,0xffffffff,28000280,59063,22,LUXEMBURG
22,#9C292V29,SorryI’mWin♨️,0xffcb5aff,28000305,58916,23,Elite|Power🇷🇴
23,#9LUVCLPCL,ソローcrístxxl🩸,0xffffffff,28000150,58045,24,
24,#2CQQYPJP,AoR|imbanub,0xff1ba5f5,28000009,58009,25,IMBA | SQUAD
25,#RQC9Q8LV,PFE | oNLy,0xff1ba5f5,28000349,57714,26,Talents
26,#29R0C92UP,YT • M1FEX🦇,0xffcb5aff,28000207,57428,27,Tribe°AlexRo
27,#Q9CLRLQYL,Cu6ickk,0xffa2e3fe,28000132,57270,28,topi
28,#PR2VJVJY8,_Morgart_,0xff1ba5f5,28000062,57145,29,Extra Mystics
29,#22JVLQJJY,🎋Uragan㊗️,0xfff05637,28000317,57004,30,TOP LEGEND
30,#2J0YC9CQ0,Sandu,0xffcb5aff,28000280,56989,31,<c2>RoArmy</c>
31,#8RVR0JVPQ,THIEF#+#$,0xffffce89,28000023,56915,32,Legio X Victrix
32,#9PQL220P2,✯︎GL|KataliN|✯︎,0xffa8e132,28000101,56639,33,Wild Fear
33,#8Y9PCGCQU,乇ㄥ乇Ꞇ〒尺の,0xff1ba5f5,28000305,56444,34,Tribe Moldova
34,#VGRQP0QG,Grayds,0xff4ddba2,28000330,56363,35,<c9>ᴀʙsᴜʀᴅ</c>
35,#92JJLL0L,🌋ZG|Boom💥,0xffa2e3fe,28000132,56212,36,EU | Family🏔️
36,#8UQC0YYPC,LOVE YOU,0xffff9727,28000020,56189,37,Wintrade Moment
37,#88VUU9RGR,ZXC|Sai🖤,0xffffce89,28000018,55966,38,
38,#8G0JQVRCY,⛩ZZ|zzandrei🎋,0xffcb5aff,28000333,55637,39,DSL Esports
39,#LLPPCY0Q,Maximus,0xffcb5aff,28000291,55571,40,⚔️Legion🛡
40,#8Y9GL0GYG,Sasuke∆©®™,0xffcb5aff,28000297,55426,41,Legio X Victrix
41,#9Y0LLU8VC,Leon,0xffffffff,28000096,55371,42,RageGaming
42,#809C0L92G,Zack.🖤😟,0xff4ddba2,28000016,55347,43,
43,#YR0GRPYY8,愛 | 𝐸𝓇𝒾𝒸♡,0xffff8afb,28000138,55316,44,❄️IᴄᴇSᴘᴀɪɴX
44,#8CY8YPJUY,ȘtefanINFINITE,0xffa8e132,28000170,55191,45,Tribe Moldova
45,#89LPQ2PYG,🂱𝕄𝕒𝕩𝕪𝕞シ,0xffffffff,28000139,54882,46,
46,#980CQVL0R,aomine daiki,0xff1ba5f5,28000141,54764,47,⚔️Legion🛡
47,#292Y9QVUV,SadMystical;(,0xffff8afb,28000286,54662,48,RoStars Academy
48,#J9JRYVQL,Boogeyman,0xffcb5aff,28000292,54654,49,пися
49,#YYYJJQCG8,穆•Daryusˡʸ⚔,0xfff9c908,28000073,54636,50,Tribe|Moldova
50,#J8JPJC2,Brawlson,0xffa2e3fe,28000280,54630,51,🔥BaWoWna🧨
51,#8YCPLPR89,๒๏є۷999,0xffa2e3fe,28000225,54564,52,Moldova £lite™️
52,#C9GQVR2R,☄️Not☄️,0xffffffff,28000242,54550,53,Tribe Moldova
53,#LPJCR08L,Rodrick❤️,0xffcb5aff,28000332,54532,54,ASTRON Pegasus
54,#2VGQV8P2J,.ᴛᴇᴏ|SᴄᴏᴏᴘᴇD|ᴜ.,0xffa2e3fe,28000347,54419,55,Tribe Moldova
55,#8VJYCUYJP,it's reyzz💞💤,0xffffffff,28000132,54274,56,🕷 let me die.
56,#LLLJGUGRL,FMM|BlackГена,0xffff9727,28000073,54256,57,FMM | Clubs
57,#89JLQRY0R,какканука,0xffcb5aff,28000294,54130,58,whyliebel🐣
58,#2LPP2VP89,karman,0xffcb5aff,28000290,54079,59,<c5>HOR</c>IZON
59,#P9PQUL80,qvaiis💘,0xffffffff,28000000,54022,60,gromovoybs
60,#29U2LP99P,🎶|MeLoMaN|🎶,0xffffffff,28000267,53879,61,Hydronica
61,#LQPCPYR8C,serjjj,0xffffce89,28000242,53629,62,Frost Cave
62,#2CQUCQ80U,xImDodicat貓,0xffff8afb,28000138,53395,63,опасный
63,#89R2JYL9,💔|Gicuᵗʳᵃˢʰ,0xff1ba5f5,28000175,53373,64,Perd<c8>u</c>
64,#2UCY9J2VJ,NaVi|FX💘,0xffcb5aff,28000305,53340,65,
65,#PL22V9Y2V,✨Laur™,0xff1ba5f5,28000004,53312,66,Elite Ladders
66,#8P09QQGP,🦊❤️‍🔥🐧,0xffffffff,28000110,53267,67,Green Go Jr
67,#PUQQJ2RU,Нагибатор,0xffcb5aff,28000125,53232,68,ETOJECLUB
68,#P08JVYGPG,Леон,0xfff9c908,28000132,53179,69,🌔Last Wish🌔
69,#2YY2UL92U,Mommy🔥|Alina,0xffff9727,28000274,53012,70,Mothers’ family
70,#2PJYV88QU,STARM😝,0xffa8e132,28000301,52888,71,⚡Paradise Club⚡
71,#8UJUY9VC8,꧁MѧɢıSѧṅıѧ,0xffcb5aff,28000305,52825,72,TOP LEGEND
72,#P8RUP20YG,BrozzekBrock🚀,0xfff05637,28000349,52739,73,I Feel Like God
73,#82PRJV0UQ,Brawler,0xff4ddba2,28000021,52636,74,Daun Elite
74,#ULLULG28,Джин,0xffff9727,28000020,52609,75,CityJuveLegiaPL
75,#9JY2VGJU8,БЕЗУМНЫЙ МАКС,0xfff05637,28000061,52606,76,RYBANEWS
76,#288P208G2,神 | SkyForce🀄,0xffffffff,28000139,52577,77,Tribe Moldova
77,#222LLUCCP,L.Drago,0xffcb5aff,28000305,52544,78,LA FAMILLE❤️‍🔥
78,#22L99V8LR,ghospYT,0xffcb5aff,28000294,52528,79,Bronze Legion
79,#2P9CRGU9Y,𝒩𝒾𝒸𝓀❦,0xffff9727,28000132,52481,80,Tribe Dynasty
80,#229CGVPP9,:(Hell):Ghost,0xffff9727,28000335,52481,81,乙'
81,#P2RCYLR88,ᴹᴿȤƖƊƊ乇Ʀ💔,0xffffffff,28000136,52471,82,Хижина Минди❤
82,#VPU8LGJ,чи или не чи,0xffa2e3fe,28000023,52416,83,WILD BOARS💜
83,#JRUCUJQ0,spray♡,0xffffffff,28000058,52383,84,Legion Inferior
84,#L00J0L9,BaW|Zak?,0xffffffff,28000321,52354,85,Едгарстан💜
85,#LC2CJ2VV,dark assassin,0xffcb5aff,28000006,52322,86,CarnageGame
86,#YVYJ0VLQ,Papa John's,0xff1ba5f5,28000063,52283,87,30+
87,#28CJGUPL2,ℭ𝔞𝔦𝔫| ❦,0xff4ddba2,28000095,52269,88,
88,#9YVYP09LY,FoTeR,0xffffffff,28000254,52195,89,LanVin squad
89,#GGCPGGPG,Pasker🎭,0xffff8afb,28000014,52156,90,topi
90,#YLRGQ02J2,ᴘᴀɪɴ|🏏⚾,0xffff8afb,28000041,52132,91,Firing Power
91,#282VVUCRU,HarambeXD,0xffa2e3fe,28000066,52051,92,Legio X Gemina
92,#V9GYCULP,¤Beast¤,0xff4ddba2,28000345,51969,93,Tribe Moldova
93,#PCU0JGCUU,NAVI|IIsix,0xffffffff,28000132,51911,94,topi
94,#2029GPQQ9,PozitivMc,0xffffffff,28000262,51877,95,マールボロ ゴールド
95,#8UPRUVLU,roller_3_1,0xffff8afb,28000038,51812,96,TABULA RASA
96,#9PJ2GRUGG,Megalix,0xffcb5aff,28000333,51808,97,Ninja-X
97,#CGP2JCLL,VasileYT,0xffff9727,28000009,51764,98,Bogdan Brawl
98,#GCYUPG8P,Ninja☔ᶫᵒᵛᵉᵧₒᵤ,0xff1ba5f5,28000228,51761,99,Tribe Moldova
99,#29UCY2GVU,🔥QLS/MIRKA🔥,0xffffffff,28000296,51743,100,TOP LEGEND
100,#9RRQ8J28Q,A.J.,0xff4ddba2,28000297,51659,101,НИКАКОЙ!!!
101,#PU2UYVCPV,Эдгар555,0xffa2e3fe,28000250,51576,102,Barley's Club
102,#2CG0Q9R0Y,TM | Tryhard,0xffa2e3fe,28000187,51572,103,Pasker s’Gang
103,#9VP2JPRPY,[жмих]влад про,0xff4ddba2,28000021,51568,104,World
104,#V0GJQCR2,McQueen 💔,0xffcb5aff,28000056,51564,105,<c7>NeOnシ︎</c>
105,#9PJYY0GUU,Reiko,0xffffffff,28000291,51554,106,GeT OvEr HeRe
106,#9JQQ0GU9G,IRicky :),0xffcb5aff,28000125,51553,107,
107,#Y8RUGUU0P,SWin|YT,0xffffffff,28000291,51537,108,Green Day
108,#22QUPVJ,Jason=),0xffffffff,28000217,51528,109,マリJOA🏯
109,#9GJ9QG9QP,WaWaKeR,0xffff9727,28000132,51460,110,Unreal_Fate🥀
110,#20Y29Y08J,ktxxxk♕︎,0xffcb5aff,28000156,51429,111,The Reactor
111,#PY99QJC88,Sayzzer🔱,0xffcb5aff,28000333,51388,112,Star Kingdom ✨
112,#8VQ299L0Q,Satoru Nekroz♡,0xff4ddba2,28000136,51380,113,You can 🏆
113,#98LV0LCQL,♡Ｃｈａｐｐｙ♡,0xff1ba5f5,28000207,51373,114,Fear Greatness
114,#2P98JYG9J,☻︎PROᵍᵒᵈ☻︎,0xffa2e3fe,28000290,51346,115,ᵒᵖELïᵗᵉ
115,#GJ2RJ2G,DX | D3nÝs😡,0xffffffff,28000138,51326,116,RomaniaWarlords
116,#2Q02Q9RP9,『🩸ṼåḿҏĚηď₁₃↑』,0xffa2e3fe,28000164,51325,117,Sharers Club🌖
117,#PJ8UGUY8Q,Nikitos boss,0xfff05637,28000333,51236,118,RO|Push
118,#220GUYVPV,KiyatøFS,0xffffffff,28000279,51188,119,
119,#PV08LLYPG,FKX|SEBI PRO,0xff1ba5f5,28000060,51162,120,JustPlayRO☔️
120,#89GQQPYY8,✴️ŁēġēŋÐā✴️,0xff4ddba2,28000207,51124,121,🇷🇴|Elite
121,#8UULG9P28,T4W| Hleb41k800,0xfff05637,28000085,51099,122,Merciless Axxe
122,#8G9LP80LY,Байрон,0xffffffff,28000154,51087,123,NinTo
123,#2J0C8V9CC,🎭𝒮𝓊𝒷𝒶𝓇𝓊☔,0xffa2e3fe,28000219,51074,124,<c9>Ex</c>otic✨
124,#P0UVY20JU,『武•𝙰ɾα͢ꜱн🪐』,0xff4ddba2,28000347,50837,125,Tribe°AlexRo
125,#PJ0JLRUR,VANYA,0xfff9c908,28000304,50834,126,Adorable angels
126,#28PV9PC8J,Ден,0xff1ba5f5,28000156,50778,127,Moldova £lite™️
127,#P92VURCPU,ウラジーミル-クドリン,0xffffffff,28000000,50746,128,BrawlStars Пока
128,#QLYYUL89,🥶Painsyyy🥶,0xffff8afb,28000031,50737,129,Moldova
129,#PQ8LJVUC9,Elite |S͢͢͢tΛc₭,0xfff05637,28000273,50678,130,TOP LEGEND
130,#2V8PY8UJR,$KekYou$,0xfff9775d,28000281,50672,131,TOP LEGEND
131,#8GVLJPLQL,ㄤㄣㄢㄧsub1n,0xffffffff,28000018,50619,132,<c0>Last</c>Wis
132,#9JCQCLV9R,Kirill_Krig,0xfff05637,28000062,50602,133,DeTerkot 😼
133,#8GRV2G9YY,♠QLS|DAMIAN♥,0xffcb5aff,28000336,50583,134,
134,#P8R9G9GLQ,➳ᴹᴿ᭄ᴄʀɪꜱᴛɪメ,0xffffffff,28000282,50528,135,Tribe Juice
135,#P2GYYLGQQ,вова,0xfff9c908,28000310,50459,136,НИЖНИЙ НОВГОРОД
136,#8U8L8RUJR,ADRIAN,0xff4ddba2,28000305,50456,137,Vlad & Teo
137,#P298JLLRQ,❦California❦,0xffcb5aff,28000228,50425,138,CLASS|TEAM|
138,#2QGVJV2G0,(LP) Andreygg1,0xfff9c908,28000008,50422,139,🥀Topaz Team🥀
139,#P0J98YJRL,INT|×Calin×™,0xff1ba5f5,28000347,50384,140,
140,#VUYJCCPL,MaximXD,0xffffffff,28000247,50367,141,Lonely🕊️
141,#Y88GJJ9GJ,kitty🧸,0xffa2e3fe,28000132,50365,142,AMG
142,#9V99R2QR0,Icͥeyͣeͫrᴷⁱˡˡ🕷,0xff1ba5f5,28000286,50359,143,Bogdan Brawl
143,#YQ9CCU8YQ,MaxiPandyYT,0xffff9727,28000341,50320,144,8 STAGIONI
144,#9QPR9QC08,Waifay,0xfff05637,28000016,50280,145,ZZ | Power
145,#YVCJVGRJG,Даня,0xfff9c908,28000341,50252,146,Крутые бобры
146,#8V9G02V9Y,IFG|GodIlie♈,0xff1ba5f5,28000176,50249,147,Hexlone III
147,#QRGGP2Q,criskill007,0xfff05637,28000304,50229,148,OVER Planets
148,#2PJYCCP,Seastax,0xffffffff,28000003,50156,149,Free Win
149,#8YY90V2JR,❖ƬʜᴇVlad^_^,0xffcb5aff,28000231,50113,150,Elite|Legion♧
150,#YPU02YVG0,😂🆎o$$ivateli,0xff4ddba2,28000332,50110,151,DEMONandANGEL😈
151,#PRLJYL0CU,⛩️|Aqua64|💦,0xff1ba5f5,28000132,50104,152,Euphoria💋
152,#8RP8YY9JP,ST |manavrat,0xffa2e3fe,28000023,50084,153,W i h u s c a t
153,#2028V8J2J,treymi17,0xffcb5aff,28000336,50054,154,Code: Teddie
154,#8LY0CY0R2,Sr.|GodFleks💘,0xffffffff,28000156,50054,155,
155,#LR00G9CQC,Dolbaeb001,0xfff05637,28000273,50030,156,Нарьян-Марцы
156,#9RR0VYY0J,Nativ🐬,0xff1ba5f5,28000046,50004,157,
157,#CPC8VUQ,MakShott_,0xffa8e132,28000122,50004,158,Базару нет
158,#2PVVC2VY,❦︎𝕯𝖆𝖓𝖓𝖊𝖑❦,0xffa2e3fe,28000336,49950,159,МАСТЕР В КВ
159,#9GLLJGQJL,ты кто?,0xfff9c908,28000010,49949,160,пабло
160,#L9PYJCRV9,🔥DANIIL🔥,0xff1ba5f5,28000168,49931,161,TOP LEGEND
161,#9GL0YU9PU,🍊kot baks,0xff1ba5f5,28000264,49882,162,
162,#P28U89J8,Portlan,0xffcb5aff,28000054,49867,163,No Name
163,#Y89URYR,ressemple,0xffffffff,28000165,49827,164,
164,#P00Q0U0Y9,makzzz❤️‍🔥私は若い,0xff1ba5f5,28000057,49770,165,
165,#92V8VP8LC,SAD|Nightmare,0xffcb5aff,28000136,49754,166,Hope dies last?
166,#PQJLC9LYC,Xx-ruslan-xX,0xffa8e132,28000294,49750,167,tha police
167,#PPLQ2PGYV,爱|Ǥнσsτᴮᴬᴰ💫🔞♉,0xfff9c908,28000314,49714,168,Family II
168,#9P288Q8LP,℟฿|Shaggy,0xffcb5aff,28000335,49674,169,<c6>Red</c>Bull
169,#89GCCC0L8,A Yuri,0xffffffff,28000349,49646,170,
170,#2VLCP2982,° ๛DSL | Mihai❦,0xfff05637,28000023,49632,171,
171,#8RLYJ89YQ,Zamazenta,0xffcb5aff,28000261,49541,172,Insurgent sq
172,#9QUGUYVPC,[LP]NEKIT,0xffcb5aff,28000163,49482,173,MaksGo Team
173,#P99UCUCRG,"""Toxi_tema",0xffffffff,28000132,49456,174,whyS0strong
174,#9CQRP92UV,DaddyDark💗.,0xff4ddba2,28000148,49426,175,
175,#9VQV29LU,IFG | IceMax❦,0xffffffff,28000167,49424,176,3v3 💔
176,#288VU2PCC,HarHi 🐔,0xffff9727,28000150,49364,177,🕷 let me die.
177,#PCV8C892C,лизпро,0xffcb5aff,28000228,49338,178,OneUp
178,#8RR2998C8,Ion:Volit,0xffcb5aff,28000335,49313,179,Crying Crowd
179,#82C9RRYLL,Алексей,0xffa8e132,28000305,49291,180,TOP LEGEND
180,#2UL98CCQC,MAXMD,0xfff05637,28000170,49279,181,
181,#29GVU9P99,President Brawl,0xffff9727,28000226,49279,182,Moldova £lite™️
182,#80PYR9Y82,Buzicel69,0xff4ddba2,28000176,49122,183,Boosted
183,#RCLYPLVU,Leon-among,0xffa2e3fe,28000175,49048,184,マールボロ ゴールド
184,#PRCVR2CVP,★彡ᴘᴀᴘɪʀᴜꜱ彡★,0xffffffff,28000060,49031,185,⛩️OurFamily⛩️
185,#VR9QGUYP,Sandy,0xfff05637,28000044,49012,186,Thessaloniki
186,#L2QL29PL,Whyᵍ͢͢͢ᵒᵈ⚡,0xff1ba5f5,28000272,49000,187,DarkTeam
187,#8LUVPPUYC,CRYSOUL,0xffcb5aff,28000156,48895,188,
188,#L8V2VYU,☢️Chopper☢️,0xffcb5aff,28000330,48873,189,折り紙のように - 🤓
189,#90LQJQYG,WikssKerly 🍭¹⁶,0xffcb5aff,28000330,48837,190,TTV | n1ch_bs
190,#PU9LL2CR9,Annihilator,0xfff9c908,28000132,48827,191,кыся
191,#8QPY8L9QC,CROW,0xffffffff,28000023,48788,192,⛩️OurFamily⛩️
192,#2PG9JCLYL,GX Alex,0xff1ba5f5,28000284,48750,193,Haunted Garden
193,#8VRUVPLR9,☘️Gm|Brawler☔,0xffcb5aff,28000305,48734,194,🏡of memories
194,#89JYL0U8Y,Nik,0xffa8e132,28000330,48690,195,dom77
195,#9GY98RVJG,Dark_Side,0xfff9c908,28000218,48646,196,🔥Swordsmen🧊
196,#YYGC0R0QL,OnePunch-Men🦇,0xffcb5aff,28000014,48602,197,TOP LEGEND
197,#LVGJ2L2CQ,lilMishKcursed,0xffff8afb,28000002,48582,198,stray wolves
198,#LYPC22LJ2,xxxtentacion,0xffffffff,28000262,48574,199,RO|Push
199,#2GGYPC9P0,[Бан] леон,0xfff05637,28000207,48537,200,Клуб: [#2QPQJ8Q02]
