,tag,name,nameColor,icon,trophies,rank,club
0,#P8C9GQG0P,clash,0xffffce89,28000139,53262,1,LightHouse
1,#P0U9VGLP9,⛩️ᵍᵒᵈᴋᴀʟʟɪᴀɴ🥀,0xffffffff,28000247,51220,2,YT:Bilek Gücü
2,#8Q9JCQ0L0,❄️Lil peach❄️,0xff1ba5f5,28000294,50278,3,★Art of War★
3,#98Y9VVR8Q,Mister plop,0xffa2e3fe,28000335,50140,4,∆Omnipotent2∆
4,#90JLG2028,EDGRIZZY,0xfff05637,28000013,50059,5,🇲🇿
5,#YR8CGLC9J,ILNinjadiBari,0xffcb5aff,28000262,48914,6,Belli
6,#CGQ0JRQY,Wayne=),0xffff9727,28000259,48810,7,Jurassic
7,#98YV2JG2Y,[БАН]VOLOGYA,0xffff9727,28000241,47780,8,KB presents
8,#P289LRC80,BYSH|SanL Ϟ,0xff1ba5f5,28000229,47655,9,Supernova
9,#8QJVQQJJ0,ATZ|TsuKuyomi,0xffffffff,28000213,47560,10,PRIME|MZ
10,#QPUJUVQ,ale,0xffcb5aff,28000107,47490,11,Sk|SkeletonArmy
11,#PRU8JQYYP,спейзикс,0xffa8e132,28000294,47478,12,Wintrade Moment
12,#L809Y89LJ,⚽️lele⚽️,0xffa2e3fe,28000140,47425,13,Chimaera
13,#8R2QYYYGJ,SHOOZER DANY,0xffa2e3fe,28000298,47205,14,Bangers
14,#9L8GVYLRY,PD|waitluf,0xff1ba5f5,28000249,47069,15,Gerberius
15,#P2J9PV9R0,𝙼𝚊𝚡𝚡❦︎,0xffffffff,28000014,47013,16,Hell wish
16,#2RGV2RUGP,perunio yt,0xffcb5aff,28000263,46896,17,Polska Armia
17,#8JR9QQGRV,愛|Kyami,0xff1ba5f5,28000352,46402,18,Ape Storm
18,#888YGQCP2,Spykonator,0xfff05637,28000037,45607,19,187 Gang
19,#8QCCUQYC9,DTG|§ TIPA✓🇨🇵,0xff4ddba2,28000271,45603,20,LES GOAT DES TR
20,#9LUY9G89R,🕊️|MaZz,0xffcb5aff,28000305,45552,21,FR_GRIND
21,#PLGPR8YUR,sethiram,0xffffffff,28000000,45536,22,Kerala-w
22,#Y9G8PJ2CR,ZO|Giͣnͫo🖤,0xfff05637,28000347,45116,23,guerre de clans
23,#Y0CGUV8UQ,ultra legenda,0xffff8afb,28000229,45036,24,Tylko🇵🇱ekipa
24,#808J00PV9,강준혁,0xffff8afb,28000273,45009,25,🥝키위🥝
25,#9JJR92GUY,pixnite13,0xffffffff,28000139,44796,26,
26,#88Y809Y0J,👑NAVARRITO👑,0xffffffff,28000170,44789,27,Real Mambokings
27,#2GP8VUUUU,●《LUISYT》●,0xff4ddba2,28000248,44016,28,Pollitos
28,#PYGJ028RC,Kolya|콜리안 😎,0xffffffff,28000175,43767,29,RisingStars 💫
29,#2RPQLRC88,ᴳᵒᵈ|𝕸𝖚𝖘𝖍ℽ🖤,0xffffffff,28000085,43703,30,Orange Juice
30,#PPYV22GRC,icymachinegun,0xff1ba5f5,28000171,43702,31,✌Ultimate Team✌
31,#RVGYLC9J,Mahomed Akil,0xffa2e3fe,28000175,43490,32,PRIME|MZ
32,#LQQ890GUU,rafa w7w,0xfff05637,28000206,43104,33,Top Brawl✌️
33,#LJ2JVL8Q,J. F. PAPEL,0xffcb5aff,28000314,43086,34,RSA STORMERS
34,#80PL2YP22,⛩️|ivisupremo🧸,0xff1ba5f5,28000194,42885,35,𝓪𝓽𝓵𝓪𝓷𝓽𝓲⛈
35,#2PGCQJ8P2,mma,0xfff9c908,28000332,42628,36,PRIME|MZ
36,#PRV9G22U9,Sleepy Fox,0xffcb5aff,28000171,42627,37,ClubChallengers
37,#YJG00CJR8,R_kuma,0xffffffff,28000340,42567,38,東アンデスの洞窟
38,#88CQYL80U,SK | Hę)rįqùę☠️,0xffcb5aff,28000305,42482,39,Stonks ice Bs☆
39,#YVVQLGR8V,Mr.Kneeze,0xfff05637,28000225,42324,40,England
40,#2PV2JG808,fantos03,0xff1ba5f5,28000132,42301,41,$/KS-MAFIA\$
41,#RL9UU00G,Wally,0xfff05637,28000347,42258,42,Supernova
42,#8RV09YYU8,фарм_машина,0xffff9727,28000305,42247,43,
43,#8PP8UGL9C,火 | Ƒสze🖤,0xffffffff,28000290,42171,44,
44,#PC800UQ0C,XKING|EVO07,0xffcb5aff,28000280,42115,45,My Hero Academy
45,#Q909C0UR,ravikerai,0xffffffff,28000332,42105,46,Mystic Imperial
46,#8LCG880UR,⛩️ᶤBobbyᵃᵐ🎋⛩️,0xff4ddba2,28000245,42102,47,necromanciens
47,#Y92LRLYLG,BEEN-LADEEN,0xff4ddba2,28000226,41829,48,Eden's Gate
48,#9JQ8U08C,D∆NG3R,0xffcb5aff,28000258,41822,49,Brazuka$
49,#P8UYURUPR,LNR/Kikinou,0xffa8e132,28000284,41590,50,Lunar 🌙
50,#29809UYG0,IS|DalBaba,0xffcb5aff,28000347,41479,51,ДОЛБИТ НОРМ
51,#VQ89Y0PU,🎴|Sk|Lion🦁🖤,0xffa2e3fe,28000225,41336,52,✨️KING OKEAN✨️
52,#8JJ2PJYQG,MR pro,0xfff05637,28000347,41308,53,V1tout
53,#2RJGJVR98,⚡King Edson ⚡,0xff1ba5f5,28000175,41266,54,Supernova
54,#8RPQP22U0,rzm64 ⚔️,0xfff05637,28000132,41131,55,<c0>Reflex</c>
55,#YPRUVPVC8,x. noobx.,0xffcb5aff,28000156,41056,56,THE RESISTANCE
56,#929U9L8G,ДИО,0xfff9775d,28000132,40902,57,Top4ik
57,#8V9RU8J2J,pro222,0xff4ddba2,28000139,40876,58,TXV|Toxsv
58,#9QQQ89RGJ,🦈AQM|zalbou,0xffcb5aff,28000347,40829,59,Cool kid
59,#2V8YC0Y88,Hiszpan♤,0xffff9727,28000277,40719,60,💟Friendsy💟
60,#8J8JGQLCC,TODDY,0xffffffff,28000222,40694,61,IT'S ABOUT
61,#280R8RRCC,govind,0xffa2e3fe,28000284,40431,62,Golden Artic
62,#RLG8CLQC,🈹️SB/GAARA⏳,0xffcb5aff,28000335,40274,63,GROOOOOOM
63,#PYYYYRRP9,Berkay`,0xffffffff,28000261,40181,64,JANET JANE
64,#8J29P8Q99,ᴵᴬᴹ ➳ᘜ𝓻ǻ𝐯ĺ𝘁ĺ,0xffffce89,28000140,40161,65,Starting Brawl
65,#LU9YG0YCQ,༺☆ꮇà𝐧ŏ☆༻,0xffffffff,28000036,40138,66,F|Dead $tars✨|R
66,#GUUVYQVL,WOS.DS3,0xffff8afb,28000336,40003,67,
67,#P8Q0V8JQR,¥|YouAreNothing,0xffcb5aff,28000305,39992,68,The King Army
68,#8PR8LCPUR,🌪️|Ahmad 🐼🍩,0xffff9727,28000262,39754,69,Vancity Royals
69,#2U092R8LJ,ASY169,0xff4ddba2,28000297,39354,70,PRIME|MZ
70,#2GG28Y2UG,Bo Cruz,0xffcb5aff,28000347,39148,71,Gigachads
71,#898UYV8L0,poulet,0xfff9c908,28000321,39016,72,Blue Label
72,#9PGL28LU8,LonelyBroke<3,0xffff8afb,28000255,39002,73,Lucifer
73,#2L9VV8GJQ,crilin 2.0 of,0xffa2e3fe,28000333,38840,74,LE CAVRE🐐
74,#G988GQJ8G,TTM|Messi11,0xff1ba5f5,28000278,38682,75,GERMANY
75,#PCV0292L8,Shazim.Gamer,0xff4ddba2,28000305,38608,76,umnite
76,#Y2JG8VL00,leviboy,0xffcb5aff,28000207,38515,77,Max's Fitness
77,#8J0LR9Y9V,OP|ᵍᵘʳᵏᵉ,0xfff9c908,28000132,38460,78,OP Team 🔥
78,#PRJVL0U2R,ꨄ𝑪𝒍𝒅𝒚ᵍᵒᵈ♐︎,0xff4ddba2,28000115,38457,79,
79,#22VUJP2R2,ATZ|EDWIN ★,0xffa8e132,28000234,38398,80,PRIME|MZ
80,#Q0UCCPQ0,NG|🈺SiRo↖️,0xff4ddba2,28000301,38333,81,NG|Esport✨
81,#L2P90VQ9V,『ʟᴛ 』ᴛʀᴇs🗿,0xffa8e132,28000330,38261,82,❤️LeDi_LoVe❤️2
82,#29L2LVQ2L,BAD-PERICOCO 😈,0xffff9727,28000286,38203,83,Los holii
83,#PCJR0UYUL,go cry🤡,0xff4ddba2,28000135,38154,84,
84,#PP2V8Q2RJ,包子|NICOBOLLOS,0xfff9c908,28000110,38095,85,
85,#22PRVY8UJ,EL RAY,0xffa8e132,28000101,38086,86,ICE LUMINEX
86,#9Q80PL2VJ,ISP | kpss,0xff1ba5f5,28000229,37884,87,[ISP]
87,#9GV00LJ0,🔥Rifka⚡️,0xfff05637,28000132,37880,88,Ради брата
88,#PJJPQCQL2,dylmnodowork,0xffa2e3fe,28000348,37659,89,bananaramana
89,#2U2UQQCLJ,🚀|VisionDesign,0xff4ddba2,28000062,37646,90,Ü30 BLACK
90,#2RLL8RV9C,[ЖМЫХ]ЛАКИБОССС,0xffffffff,28000348,37530,91,Circus Cats
91,#2P0LQY0VL,hisokarte,0xffffffff,28000170,37355,92,Semicroustillan
92,#PP829UUCR,ramses,0xff1ba5f5,28000185,37336,93,eeeeeeeee
93,#J2QJ20YQ,West MZ,0xffcb5aff,28000330,37319,94,PRIME|MZ
94,#8V2RPYULL,ᴮᴱFiltered⁷,0xffcb5aff,28000343,37294,95,PRIME|MZ
95,#PR8UCJUJ,💚Kle1d💚,0xffa8e132,28000305,37278,96,VIOUR
96,#9JPQQVJRY,K3LV1N,0xffcb5aff,28000225,37241,97,bibi’s club
97,#YYR0CVLUG,Takko,0xffffffff,28000286,37161,98,メガピックリドンキー2号店
98,#2GQVPLU8C,timeo,0xff1ba5f5,28000348,37157,99,royal poulet
99,#LC8JJ0GRC,Sen-ArkOos,0xffff9727,28000062,37134,100,The Icy Tribe
100,#2GJ8JGJVU,lolGaMer_King,0xff1ba5f5,28000262,37078,101,BABYpuder👶🏿💫
101,#PG9CJ9GV9,léocroute,0xffa2e3fe,28000130,37015,102,animaux fous 3
102,#PRP0QYVJ2,holdik,0xffcb5aff,28000132,36998,103,
103,#22UR2JQ0C,NO€,0xffa2e3fe,28000255,36927,104,Animal's Force
104,#9PYUV289Q,ATZ|PHANTOMᯤ⁹⁹⁹,0xffcb5aff,28000335,36831,105,PRIME|MZ
105,#28CCQR8YL,|Faze|Ziomi|UwU,0xffcb5aff,28000156,36752,106,🥷🏽GOATY🥷🏽
106,#2P9GY20PL,☆ᴇɴᴛɪᴛʏ☆,0xffff8afb,28000207,36661,107,абдобус
107,#PLQ0QVPQQ,朽木|lara🌂,0xfff05637,28000077,36648,108,枫叶帮
108,#QGUCUVLV0,code etu,0xffcb5aff,28000311,36559,109,
109,#9GRP0PU9U,🤘Adsat_PL 🇵🇱,0xffffffff,28000218,36545,110,Play league
110,#YPGC0CRCC,Пингвиний лаваш,0xff1ba5f5,28000164,36404,111,РыбаловныйМагаз
111,#YJPCL98L2,Seinhor9,0xffff9727,28000207,36351,112,les boss
112,#8LU8PVGRC,☆Gonçalo ☆,0xffff9727,28000305,36326,113,KiNGoldd
113,#RYV08UYJ,KoksikPL,0xffcb5aff,28000129,36288,114,Kaktusy Spajka
114,#2UYRRJLJJ,apostol.💘,0xfff05637,28000228,36164,115,Furry Team
115,#J892YJJQ,QLS/《☆ąņđį☆》¥₩,0xfff05637,28000315,36156,116,Empire of Perú3
116,#PGJ2QPVQ2,🦋HᴇʟʟBᴏYᶻˣᶜ🦋,0xffffce89,28000183,36110,117,ROMAPOPEEK
117,#8YG0VYCUV,zxc dead inside,0xffffffff,28000043,36109,118,<c7>ELITE</c>
118,#88U29GVC,☁♡⭒ᴺ𝒐𝕞𝐚𝐝ę⭒♡,0xffa2e3fe,28000321,36085,119,les fr
119,#2U0YG98GP,Ice the Glaceon,0xff1ba5f5,28000160,36057,120,Squid Squads
120,#P2UJURVU9,👾Вирус👾,0xffff8afb,28000178,36001,121,tha police
121,#C2LUQ2GY,11 BALLAS,0xffff8afb,28000305,35999,122,
122,#8VV0QYYQP,GOTT (;,0xff1ba5f5,28000271,35942,123,CBA Veterans
123,#9PPUUR2J8,aamfire,0xffff8afb,28000305,35916,124,Amigos
124,#YJQ0PJY,kaiki720,0xffcb5aff,28000104,35838,125,THE Legends³
125,#PGRLG98LJ,🎋[SloZzy 🇲🇫],0xff1ba5f5,28000258,35709,126,Internat/clan🐲
126,#2LQJUU2QY,R3C |George,0xffa8e132,28000279,35701,127,EasyDubs
127,#YCJLG8GUV,Ich muss kaken,0xffff9727,28000206,35677,128,Amn
128,#9CQUPVQYV,sʜᴀɴᴋs ᴮˢ,0xffffffff,28000254,35640,129,
129,#9JVUQ9L2J,Carpe-Diem™,0xffff9727,28000156,35597,130,Scred-Club
130,#9QQ9QC0V,OEG|《uza●♤■》,0xffffce89,28000295,35439,131,
131,#PQQG0VPLR,Pawlo,0xffa2e3fe,28000333,35426,132,Kolce Spajka
132,#Y0J0CRQ0V,LeGeNdArY,0xffff9727,28000312,35426,133,ColdBlood
133,#8LGPLQ2LC,シ︎PL|Misiuᵇᵃˡˡ,0xff1ba5f5,28000175,35389,134,PolandTeam🇵🇱
134,#RCPLL0CP,KanpekiSan,0xfff9c908,28000044,35381,135,Phoenix_Reborn
135,#2LL2Q0YQ9,⚔️やiͥzzͣaͫᴳᵒᵈ⚔️,0xffa8e132,28000332,35304,136,WatiGang
136,#2U92GYGPQ,👾👾👾,0xffcb5aff,28000196,35281,137,<c7>autumn</c>
137,#QYUQR22U,⚽Dany_Radu⚽,0xffcb5aff,28000280,35246,138,RO|FAMILY ²⁸
138,#8QQLVC29,inferno,0xff1ba5f5,28000071,35211,139,KSA/🌴🥇/ KSA
139,#29C9QUVQ,arabmitgeld,0xffff9727,28000015,35197,140,Gods
140,#8PULJLCQG,Leon,0xfff05637,28000317,35194,141,
141,#UYRRV9UC,➳❦ᴙ.𝚂𝚑𝚊𝚍𝚢⚕,0xffffffff,28000183,35130,142,BlackLight#3
142,#2JY8VPRGJ,Odin,0xffa8e132,28000128,35121,143,Hamburg
143,#80JPRV2LU,HAKER,0xffff9727,28000347,35052,144,FLR | CreW
144,#YGJQR9J0P,Nono,0xff1ba5f5,28000156,35035,145,Warning rush
145,#P8228Q9QJ,fenes,0xffffce89,28000073,34964,146,
146,#28C28G809,BODYA,0xffcb5aff,28000220,34922,147,🇷🇺|RUSSIA
147,#890RYRLPU,le pti tacos,0xfff9c908,28000173,34855,148,les daslois
148,#80YPUUY8P,KC | Kapi🎋,0xffa2e3fe,28000019,34855,149,Bomj squad
149,#2GPJUPVQ,✨MC|Top4ik,0xffa2e3fe,28000132,34850,150,Top4ik
150,#YU9V8GV8V,og buda legenda,0xff4ddba2,28000225,34824,151,топчики😵‍💫
151,#P2Q0C2YCQ,TTM |Basti🎋,0xffff8afb,28000259,34823,152,BRAWNDALUCES
152,#8G2CVQG90,QLS\BOTBOT,0xffa8e132,28000016,34805,153,Los Mancos 2.0
153,#YYPYLGJLV,𝓝𝓪𝓷𝓮𝓯𝓾𝓪,0xffff9727,28000028,34694,154,YT: Shiro BS
154,#L98L2L2CR,wout,0xffa2e3fe,28000037,34667,155,de snutters
155,#2LQ2CRVY9,sosten,0xffcb5aff,28000018,34646,156,QLF clan
156,#Q829QY2LQ,MR.mtt,0xfff05637,28000138,34606,157,
157,#JCJPVR0J,faksiu_suko,0xffcb5aff,28000305,34603,158,Gladiatorzy
158,#2VLUQQYPR,Lovinelcrak12 ☢,0xfff05637,28000211,34587,159,CORMEN
159,#PLP098L9,Pale J,0xff1ba5f5,28000056,34537,160,
160,#PV9VGJQQJ,meyzer,0xffa8e132,28000096,34486,161,PRIME|MZ
161,#2R9VYGYRJ,Mega Pro|YT,0xffa2e3fe,28000265,34482,162,the boys W
162,#QPVUQV0GC,eqwwak,0xffffffff,28000207,34423,163,TheBro‘s🤭
163,#PJ2YJ9VCJ,tomar 753,0xfff9c908,28000293,34420,164,🇨🇵 français
164,#8PL289YRC,💤𝖘𝖆𝖘𝖍𝖆,0xffffffff,28000161,34393,165,『𝓟𝓻𝓲𝓶𝓮』🌊
165,#P0VQG80V8,☆BaRMeN☆,0xffffffff,28000135,34341,166,🔵СИНИЙ ТАЗИК🔵
166,#8V9VGRRCY,ADAM,0xffff9727,28000273,34276,167,
167,#PJ2VQP8RV,♥️Sam uelson ♥️,0xffcb5aff,28000347,34256,168,Párkova_Hospoda
168,#8U0JGVVR2,Leon milk,0xffcb5aff,28000332,34255,169,Beaupré
169,#9LJQPQ8CY,Lucas,0xfff05637,28000330,34230,170,Master of Fire2
170,#2YQ8UYJY,DobCast22💫,0xfff9c908,28000079,34222,171,Les Brawlmorts
171,#9GY0L8JLP,Fang🇮🇹freund,0xffcb5aff,28000081,34155,172,GALAXY🇮🇹
172,#9QLCVC9Q9,Zelda,0xffffffff,28000272,34104,173,Doug’s Club
173,#8P00R9JUV,Liam Loz,0xff1ba5f5,28000273,34061,174,LA INSANE
174,#8PY8VQ08V,☠️VENENO☠️,0xffa8e132,28000291,34029,175,GENECIS venomGT
175,#CVRQ899C,neyroKROKSEE,0xffffffff,28000000,34018,176,
176,#8VJP99LCJ,🏯᚛Jaͥsoͣnͫ᚜ KI,0xffcb5aff,28000081,34007,177,Gaming's Pad
177,#9JRQVVRCJ,vitomir,0xffa2e3fe,28000280,34004,178,BG 24/7
178,#208V909U0,kylian le bg,0xff1ba5f5,28000284,33983,179,CÉRÉALE KILLER
179,#PCL2JYQCP,sfera ebbasta,0xffff8afb,28000148,33968,180,ifrocideld’arco
180,#L029UPY0,blackdragonDCR,0xffcb5aff,28000125,33913,181,Supernova
181,#2GJRVYLCG,✞𝖎𝖐𝖍𝖊𝖓𝖟❦シ,0xfff9c908,28000139,33893,182,🌌❄️SunBetley ☔
182,#2CQ2CC90R,louis,0xfff9775d,28000331,33854,183,PRIME|MZ
183,#PUC992L9Y,R.O.D.2🇧🇷,0xffffffff,28000169,33827,184,BR Squad
184,#8QJ9V00JY,shadow_02,0xff1ba5f5,28000275,33748,185,
185,#JCPUUGLY,theo,0xfff9c908,28000284,33701,186,les légendes
186,#PQPU0JY00,HT|jUaNiSuPeR,0xff4ddba2,28000282,33677,187,🇦🇷Messismo🐐
187,#PJVV2VVY,felin lopez 83,0xffcb5aff,28000228,33648,188,oh la fete
188,#282YV0VC8,SANGUE,0xfff05637,28000023,33623,189,Não sei como
189,#PJLVU88GV,leon500k,0xfff9c908,28000335,33592,190,
190,#2R9LYRQG8,QLS/janniz,0xffa2e3fe,28000168,33575,191,<c5>Cold🥶</c>
191,#8QP8VGRYJ,Neon Blaster,0xfff9c908,28000242,33559,192,klasowe nerdy
192,#YG90YJ9GR,☠Eⱥsy๖ۣON☠,0xffffffff,28000229,33464,193,🍓💗AMBUSH💗🍓
193,#29RLR82Y0,AZERTY JOJO,0xffcb5aff,28000332,33451,194,FC CHAUVE 🇫🇷
194,#8CVG822U9,ÇULSUZ,0xff1ba5f5,28000088,33441,195,
195,#8PV09JUPP,War Wolf 035,0xff1ba5f5,28000260,33434,196,THE PRIME
196,#8CP8YYQJL,⛩️LC|Lolo∆Sky🌌,0xfff9c908,28000305,33428,197,
197,#8V0UQQQ9G,wtff brooo.....,0xfff05637,28000168,33300,198,canga club
198,#P99PJQUQV,™S𝕞𝕖s𝕙•♡,0xff1ba5f5,28000179,33290,199,
199,#QLG29R2,^-^DANI^-^,0xfff05637,28000226,33274,200,ÑIÑAÑU!!!
