,tag,name,nameColor,icon,trophies,rank,club
0,#8JQU0R0Y8,SMR@mon,0xffcb5aff,28000035,54837,1,✿･ﾟ
1,#8YQ0CGJU0,YaY,0xffa8e132,28000259,52728,2,Sealand™️🇬🇧
2,#8PUUG8RVY,𝓐𝓛𝓘,0xfff9c908,28000222,50447,3,time to rush
3,#282YQGRYV,Gamer X,0xffcb5aff,28000014,50139,4,
4,#P2JUVJ0JJ,YT|MORTIS☑️,0xffffffff,28000226,50010,5,
5,#JLCL2QQC,bradbradbrad,0xffff9727,28000147,50003,6,🐕
6,#QY908RYR,gatito2.0™️,0xff4ddba2,28000182,48824,7,LA Zero
7,#9GRVR2CUY,QQ Hydra 3c3 ✝️,0xffcb5aff,28000323,48436,8,Allianz FR
8,#9PPVQ0P90,ASH,0xfff05637,28000071,48054,9,Team Osamus
9,#28888CJ29,quoiquouflop ❤️,0xffa2e3fe,28000349,47622,10,RiMA's Clan™
10,#8Y88CC0UG,Sunrise,0xfff9c908,28000170,47534,11,Skyzone
11,#2UGL2CUCU,41DORUKTUZER🖤,0xff1ba5f5,28000292,47378,12,🔥🔥🔥🔥🔥🔥
12,#2YCLLU0RP,jjog1999,0xfff9c908,28000007,47360,13,
13,#9QR8GC02C,тара,0xffa2e3fe,28000061,47333,14,👑KINGs👑
14,#PQYL08ULU,Yesan✨️,0xffff9727,28000312,47302,15,🌝happy moon🌝
15,#P9V2C09G0,ϟ Adrii¹⁵🎭,0xff1ba5f5,28000141,47173,16,Neptune🔱
16,#8GPL9PL2V,LegendRobokiten,0xffcb5aff,28000293,47103,17,Brawl Stars
17,#JR928C9V,ST |JustAlex ⛩️,0xfff05637,28000023,46534,18,The Avanger$
18,#LL0U0Q2VY,Sławek 🇵🇱,0xfff05637,28000023,45107,19,Ronaldo team
19,#8R0VURR8,🥀MM4|Vilors🥀,0xffcb5aff,28000207,45085,20,MM4 Team
20,#208RGC0PQ,méga skin,0xfff9c908,28000095,44844,21,Brigade ANTI-VI
21,#8JLV8LJ0J,Ƥi℘𝓮rɭᴏv𝓮ץᴏu,0xfff9c908,28000018,44705,22,⚜️VK|GOLDENee
22,#PUGCC8JJV,Malik,0xffffffff,28000136,44562,23,
23,#YJC2JY0P9,AQM|💙Blue💙,0xfff05637,28000175,44419,24,RIP
24,#2CJJ9GJVP,🥀NJ | Muscix🐉,0xffcb5aff,28000265,44245,25,Team Hmble
25,#2YL0G2GUY,ItzKaserinE,0xfff9c908,28000193,44054,26,TeamFINALE
26,#20PVQCRQ8,𝚉𝚊𝚙𝚙𝚢luv💖,0xfff05637,28000138,43941,27,susukaka
27,#2UGGU9090,YT|Elmar Pro,0xffffffff,28000116,43874,28,TT{AZE}🇦🇿
28,#2R8C2Q92L,garfield,0xffffffff,28000332,43428,29,ADALET
29,#9JJJVGU0P,FROST,0xffff8afb,28000317,43218,30,⭐Elita Team⭐
30,#28C9CJL9Q,El DIEGOLITO,0xfff05637,28000041,42855,31,Empire Français
31,#RC9YR2C8,PCF Peolo,0xffcb5aff,28000022,42827,32,FD_EmpireClub
32,#PJ8CUG980,zeox76,0xff1ba5f5,28000202,42687,33,ReversoGaming
33,#PQ2RUJUYR,ĢÂŘBÃŘÎÛ§,0xffcb5aff,28000224,42589,34,👑MAFİA👑TR🇹🇷
34,#9JJQJPQRV,F_A_N_T_A_3_E_R,0xffa8e132,28000295,42575,35,
35,#828LP20U,⛩|Lonixz❦︎,0xffff8afb,28000138,42571,36,PABLO BAND🌵
36,#8RPLPGG9P,•乂|dеsirеd🎴•,0xffffffff,28000000,42241,37,forever young
37,#2822VVJ88,NAVI|pokoloko,0xffcb5aff,28000132,41689,38,BOBRYYYYYYYYYYY
38,#V9YG8PQC,Noah🧸,0xfff9c908,28000095,41668,39,☬kíllєr☬
39,#9LVGULJ2Y,🌪| xVersd ツ,0xffff8afb,28000301,41621,40,Oldies
40,#89CJ2GLCC,Black Ninja 🥋☠,0xff4ddba2,28000231,41440,41,
41,#8LYQ28JR0,DJ,0xffa8e132,28000254,41419,42,Most Wanted
42,#RUC8Y8CR,Gx Maks,0xff4ddba2,28000079,41417,43,All Stars K.O.
43,#8YY8Y98JY,Aarón,0xff4ddba2,28000330,41266,44,It's Sandy
44,#8R0RP0U9L,⛩Polozen|STAR🌟,0xffffce89,28000056,41184,45,MORDERN
45,#PC8QYP89R,⛩️|Rzm64🥀,0xffa2e3fe,28000256,40983,46,Меля🤍|ТТ
46,#PQLQJ2UQU,Malix,0xffff9727,28000294,40975,47,30BwK 🌪️
47,#P2P882UV9,ST|EIC,0xffa2e3fe,28000173,40725,48,Nation Thass™
48,#Y2Q2J00PG,ΔHMΣT|GΣZI,0xffa2e3fe,28000066,40692,49,αιɾι🧸🎀
49,#Y908LGP9,⛩|Hedefimizcrow,0xffcb5aff,28000164,40615,50,
50,#2CC0JU9Y8,Ziffy,0xfff05637,28000262,40612,51,
51,#8GJCRYQLC,Герой,0xffff8afb,28000262,40601,52,Kings of Speed
52,#Y0RQ29GYV,Ø₥₳Ɽᵈᵃʷⁿ,0xffa2e3fe,28000128,40476,53,<c4>NIGHT🌑</c>
53,#9JVGVCP0J,ESANEVİ SAVAŞÇI,0xffa2e3fe,28000263,40237,54,We're Back😈
54,#2UGUQLPUU,재코,0xffff8afb,28000156,40167,55,
55,#PV9VRJQLY,Freyzy,0xffffffff,28000132,40006,56,
56,#8YVYQ022,Nikok,0xffcb5aff,28000261,40000,57,Aʟᴘʜᴀ ꜱᴛᴀʀ★
57,#9U9CUP2YP,Destructor,0xff1ba5f5,28000347,39962,58,immortals-IMM
58,#J9UVRL,Keito,0xffa8e132,28000305,39794,59,SORPRESA MANIN
59,#2JY9YLL00,arda,0xffffffff,28000000,39754,60,
60,#2Q92002Y,OVERLORD,0xff1ba5f5,28000175,39677,61,
61,#8LLR2VVYG,SL|Alex,0xff1ba5f5,28000151,39393,62,™{Silence} 💣
62,#8LY8LQQYJ,f por hfmario,0xff1ba5f5,28000101,39311,63,SP23☔️
63,#8GLGJUU28,p Picapiedra,0xfff9c908,28000259,39275,64,Infinite Dream
64,#QYC80UVG9,שמעון חמו,0xffffffff,28000000,39186,65,Grom Lovers
65,#88QJLJCJ2,SnayZ,0xffa2e3fe,28000253,39142,66,Spirit Gods 2
66,#9R98VY0CU,∆Far4mir381∆,0xffa8e132,28000285,38936,67,☕CaféDeMañana²☕
67,#8RP9J9G08,Gryphon X4,0xff4ddba2,28000272,38884,68,raptorZ
68,#PCP2YLJLV,😈●Sa{Y}ReX●😈,0xffcb5aff,28000156,38878,69,BE|On Fire🔥
69,#9JLLVR9VP,2. Malix,0xffff8afb,28000135,38875,70,
70,#PG8RGGYJY,DT|Tricky_XRP💕,0xffcb5aff,28000226,38872,71,minno
71,#U9GJCPU2,SergoWai,0xff4ddba2,28000129,38805,72,World Galaxy
72,#8JCYGY0G,purzelbaum,0xffcb5aff,28000223,38503,73,OnlyPros
73,#PJUQCLJPG,Ʉ₮₭Ʉᵏⁱˡˡᵧₒᵤツ,0xffcb5aff,28000273,38365,74,pşt gelsene
74,#PCPLJJ0RQ,KFC NİCAT,0xffcb5aff,28000141,38315,75,
75,#98QPL8V20,Troll Kürşad,0xffcb5aff,28000156,38266,76,<c4>MT/KRAL</c>
76,#8LRC999GU,HIT|ᵇˡᵃᶜᵏ hydra,0xffcb5aff,28000294,38261,77,YOUTUBE부추TV
77,#Y0UJG8JU9,⛩️ᵒᵖ|Tᴜʀᴀʟ🥀,0xffffffff,28000091,38178,78,🌃Møøn🌛
78,#2Q0QQG2GU,Leoo,0xff1ba5f5,28000059,38166,79,
79,#PQRVYUR8Q,lol,0xfff05637,28000348,38106,80,Lion Guard
80,#22998VURG,EL PRIMO,0xfff9c908,28000299,37945,81,⚔️VALHALLA⚔️
81,#Y8L0VP9JC,gokylo YOUTUBER,0xffa8e132,28000298,37919,82,XXTEAM
82,#U80RUYRY,Tómaldo 365,0xffffce89,28000280,37865,83,DarkDragon GZ™
83,#LLJCULLPQ,no-name,0xffa2e3fe,28000222,37740,84,ほのぼの組合
84,#2LYVGVRCV,《صائد الحمير》,0xffffffff,28000139,37739,85,<c2>F2D</c>
85,#2GVR8R2RC,הרגתי אותך חחח,0xfff9c908,28000294,37579,86,Ajolotes Locos
86,#P8Q8CJL89,hileci777,0xffcb5aff,28000254,37517,87,onrayp
87,#8QYLY8JCQ,☄️YT:Vale-BS🔥,0xffa2e3fe,28000011,37481,88,Colt Gang
88,#8JL2GUVCY,Mezarcı,0xfff9c908,28000292,37475,89,SKG
89,#2QL980VLR,ĶĘV¥Ň《Ů.M》,0xffcb5aff,28000335,37472,90,Top🥀Gun☕
90,#9PPLPGJ2U,q1pt|zxc😩,0xffa2e3fe,28000274,37431,91,MediEsports
91,#8UJC9Y8JU,ᴘᴋ│ʏɪɢɪᴛᵏⁱˡˡᵧₒᵤ,0xff1ba5f5,28000038,37310,92,<c5>Vl</c>ax
92,#P2RJ9P22,QN|Hugo y.,0xffff9727,28000061,37290,93,Alakatapum
93,#8LGC2829L,GREM™,0xfff9c908,28000147,37245,94,NightSpace🌆
94,#L9UL292Y0,😎😎𝓐𝓧𝓔𝓛😎,0xff1ba5f5,28000290,37174,95,Solo❤️‍🩹Duo
95,#V8YQ2PQR,GX Franci,0xffcb5aff,28000294,37123,96,DIOCARLROTANTE
96,#8CV0J8U0G,🌖Ītş_møøŋ🌙,0xffffffff,28000139,37109,97,Regions Team X
97,#8GJPLVRGG,Tomar999,0xffa2e3fe,28000044,37081,98,WR AİLESİ
98,#9Y9JR90YJ,Legendary,0xfff9c908,28000170,37056,99,비밀 둥이
99,#89CY2CYJR,TS|MUSTİ☔️,0xfff9c908,28000074,36991,100,YT~SWOXY BS
100,#20CRPVJ8Y,beent,0xffcb5aff,28000273,36990,101,EZboyz
101,#9P2PJ9GQP,Маркуs_561,0xffff8afb,28000220,36963,102,
102,#V08QJV9V,Patryk,0xff1ba5f5,28000347,36867,103,DIDUSKI FC
103,#8J0U20YC8,KIN-KONG,0xff1ba5f5,28000062,36779,104,
104,#8JQ8JUPPR,🌴🌴Vincent🌴🌴,0xffcb5aff,28000207,36759,105,BC*|Dark Knight
105,#8PYY8R9RL,Sosy_lopy//:,0xff4ddba2,28000297,36706,106,ГЕНИИ ЭТОЙ ИГРЫ
106,#2PUGG2CQU,venum,0xffff9727,28000177,36610,107,♤S49¥TEAM♤
107,#88QG02ULY,♥️래원|レイワン♥️,0xffa2e3fe,28000033,36610,108,Cruel Bandits™
108,#80Q0URJG0,Efrahim,0xfff05637,28000272,36552,109,'♡
109,#999GPRP02,Mafia,0xffff8afb,28000297,36547,110,UŚW|Team
110,#9PUCULVQP,☔️卂Ҝㄩ爪卂☔️,0xff1ba5f5,28000135,36546,111,glemer
111,#PGLLJ8YLR,BSD|GhostLeo,0xff1ba5f5,28000334,36511,112,komische Mongos
112,#Y98P8YRP,Toklenchos,0xff4ddba2,28000156,36478,113,la topera
113,#9VRYYY8GP,GG|Breetyy💎,0xffa2e3fe,28000132,36457,114,Клуб: [#2GULPQGLV]
114,#2GCC2Y8G0,💕IceAngel💕,0xffcb5aff,28000041,36450,115,
115,#8CG228YL0,It's Ronin?💜,0xfff9c908,28000138,36413,116,Lethal Company
116,#8PYQG2PQ2,omrdrl85,0xff4ddba2,28000156,36410,117,dev kanarya
117,#8VCV9YGRQ,███████████████,0xffa8e132,28000055,36382,118,COCA EN LITROS
118,#2RL2UU8PY,Kaneki Ken🇷🇺,0xffa2e3fe,28000322,36358,119,ЧУПАГАГА
119,#Y9U2UR98Y,✨[Lp]Лён4ик465✨,0xffcb5aff,28000271,36303,120,Winner gang
120,#2P0GL9YVQ,SLAyErTaha,0xffa2e3fe,28000314,36253,121,TDR_CRAZY✨🌪️
121,#8YGLJ0VVR,⚽DARKGAME ⚽,0xffcb5aff,28000156,36241,122,
122,#9YPC9R0PP,仏|DelPhy 💔,0xffffffff,28000139,36236,123,numb the pain
123,#8JY2Y2VY,☢️Crazy killer☢,0xfff05637,28000258,36231,124,Divini panthic
124,#PCQVQRVC2,Japa77,0xff4ddba2,28000161,36101,125,castillo
125,#9GGGVGPLV,oS | P1nGu シ︎,0xff4ddba2,28000170,36074,126,The Return
126,#208V92G80,OG|✨Sneak⚡️,0xffa2e3fe,28000314,36046,127,
127,#YQ20JC89G,Арум,0xff1ba5f5,28000174,36014,128,Подпивасы
128,#PQJC8J2L9,(1907)BerkaY,0xffcb5aff,28000014,35854,129,
129,#9GCRCY2LL,ITS|Dominik,0xff4ddba2,28000135,35834,130,rembołhajs
130,#PRRCG9022,tomar753,0xffa2e3fe,28000107,35820,131,onrayp
131,#YYUY9R0R8,J. O. K. E. R,0xfff05637,28000285,35785,132,TB TEAM
132,#GQU2UG0Q,F.T.F.14,0xffa2e3fe,28000200,35732,133,Soul Predators
133,#9YJJJQ0U0,CR7,0xffffffff,28000139,35715,134,_Polska Mafia_
134,#Y0QRJ8LVY,Evoli,0xffffffff,28000332,35710,135,Team TV
135,#2LPYVUU0U,Cash McStax,0xff1ba5f5,28000229,35609,136,Wig Bangz
136,#99VGCVJJV,⚽toping⚽,0xffcb5aff,28000290,35544,137,БУБЛИКИ
137,#8L0GY2V0G,AQM|LeandroJP🎴,0xff4ddba2,28000297,35539,138,SP23☔️
138,#9UQPYL08G,n_bey,0xff4ddba2,28000321,35385,139,💎Dia E-Sport
139,#8GPP22GCR,☔单GHóSт☔,0xffcb5aff,28000023,35384,140,
140,#2202RY0GV,Skelet,0xffa8e132,28000294,35340,141,が|laswvx|
141,#98YPCQRCU,𝕻𝖊𝖗𝖈𝖞|🇹🇷,0xffa2e3fe,28000044,35256,142,The Egg Beaters
142,#82QLCCLQR,🕊️|Yᴏᴏɴsʜᴇᴇ♡,0xffa2e3fe,28000175,35235,143,Bad|blood
143,#LY0JLQRC,читер 777,0xfff05637,28000037,35189,144,❦︎WarmBodies❦︎
144,#8PL9R2QYQ,NLOEK,0xffffce89,28000180,35182,145,крутые пацаны
145,#2C98CP2P,El PaBarley,0xffcb5aff,28000305,35176,146,S¥CK BO¥Z
146,#9C8YRQ8RY,Nurik,0xffcb5aff,28000332,35159,147,GT: New Victory
147,#P2P8VLURR,ʙᴀʙɪ,0xffcb5aff,28000235,35127,148,LET'S Marry
148,#2PLJPPUGL,HolaKtal,0xfff05637,28000173,34927,149,ARRIBA ESPAÑA!!
149,#2UPCRYQ,🥀|FireHeart♥️,0xfff05637,28000207,34883,150,FireRider☆4
150,#YGUV8UY22,8-bit,0xff4ddba2,28000091,34835,151,bs gemi
151,#2PYULURGQ,SPB,0xfff9c908,28000135,34783,152,Ehregenommen🥶
152,#P80PYC9,ZEROONE,0xffffffff,28000056,34756,153,☆Shiyni↯Club❦
153,#289C89UPR,f3xy,0xff1ba5f5,28000168,34691,154,Demo
154,#V9RVJUV0,And,0xfff05637,28000156,34685,155,LENDÁRIOS
155,#82PLQGVU,Ro_mango_Hns,0xffa2e3fe,28000349,34678,156,The Dark Knight
156,#PUJ0LC8V9,Botik☔️,0xffffffff,28000352,34676,157,CrazyVINE
157,#90JUJVYYG,xman,0xffcb5aff,28000218,34608,158,QUARTRA
158,#PP0P8CPGY,nie ważne,0xffcb5aff,28000297,34547,159,spocony kisiel
159,#YJRJ2VGGC,BLACK BLOOD,0xffa2e3fe,28000175,34531,160,YT|Bst71|
160,#9J8CVL8YP,RW|Skray☔,0xffffffff,28000135,34503,161,Кибер Котлеты
161,#UYG2UV,ChiLek,0xfff05637,28000173,34468,162,
162,#PLY0Y9L0,Даникс,0xffa8e132,28000063,34422,163,МИРУ МИР
163,#2LGQQGPCG,meynty🦋,0xfff05637,28000267,34396,164,E-SPOR
164,#2YY8JV0JQ,Adrián rey,0xff1ba5f5,28000151,34354,165,ESPAÑA
165,#8GQUV82VU,КОМЕТ,0xffffce89,28000103,34261,166,Tomoe Platinum✨
166,#PGCYPG8LQ,SHADOW,0xffcb5aff,28000014,34234,167,-|EA|E-Sports🥀
167,#28UG8YLUJ,어쩌라고,0xfff9c908,28000207,34209,168,맷돼지와 촌닭
168,#8LJYPGR8,𝘽𝙖𝙩𝙪𝙀𝙭|🐊,0xffa8e132,28000023,34169,169,<c9>ELZᵗᵉᵃᵐ</c>
169,#YLRGU2909,Радик,0xff4ddba2,28000156,34153,170,red's king
170,#8YC0YP0JV,Ugur of Legend,0xff4ddba2,28000161,34151,171,Türkiyem
171,#UP2YUYQ2,bradsticks,0xffff9727,28000348,34045,172,Pizza pizza
172,#Q9LGUQ0Q,samu e lollo,0xffa2e3fe,28000231,34027,173,Red Ravens Team
173,#2Y2YUQG29,brandon lou,0xffcb5aff,28000305,33964,174,🐢🎷Brawlling🎷
174,#PRJPLYCV,ЧикиБамРаузер,0xfff9c908,28000273,33925,175,ПУШ 20К ТВИНК
175,#8JR2J0U8L,Dark Star,0xffcb5aff,28000352,33885,176,Time for brawl!
176,#Y2RVYQRUV,ᴘᴀʀᴢɪᴠᴀʟ,0xff4ddba2,28000253,33860,177,SANDYAS
177,#LRJQ0CR2V,spring,0xffa2e3fe,28000228,33837,178,🎴v potoke❤️‍🔥
178,#UUGQLLU2,pronoobislol,0xff4ddba2,28000176,33826,179,Hea死你
179,#VV2GJL2J,DT | Fahlia,0xffff8afb,28000156,33815,180,
180,#LUYV8QU0C,Kaan Gunes,0xffff8afb,28000157,33782,181,Kizil Kurt
181,#2UYLUCJPQ,Alex,0xff4ddba2,28000136,33780,182,Team|Pro
182,#9LY9QC0C,Finking4405,0xff1ba5f5,28000078,33776,183,The Fighters
183,#9QJP89JJY,xXTürkiyeXx,0xff1ba5f5,28000179,33735,184,GIYICILAR
184,#228PJ8UPG,☄️L' Hv|45☄️,0xff4ddba2,28000295,33726,185,Savage Nation
185,#L0UUQ9G2,ScreamRF,0xffcb5aff,28000018,33677,186,Zakicshie°_○
186,#9CC9G0L2G,SUPERCELL,0xffffffff,28000296,33665,187,uchiwadu91
187,#2U9V2988Q,спайк_леон,0xfff9c908,28000175,33648,188,gawłowski tim
188,#PPV8PPJR,Dankify™,0xffcb5aff,28000228,33609,189,LEGENDS~INDO
189,#92QV8GQ9G,ÐΛЯККłЛG,0xff1ba5f5,28000280,33573,190,Flamez 2
190,#8JV99JQQ8,☢GXpepeGG☢,0xff4ddba2,28000349,33572,191,Esteve238
191,#LJ8CCG2L,[LAY]materen,0xff1ba5f5,28000024,33524,192,
192,#LGRL9YGU8,pro oyuncu,0xffcb5aff,28000335,33518,193,QUARTRA
193,#8PVLPG0JU,belord_,0xffa2e3fe,28000221,33493,194,R_UZZKIY_KLAN
194,#YU29P82G,Dakutaku,0xffcb5aff,28000102,33488,195,GOYA POYA
195,#P2RCRQV89,MR_DAVUT,0xff1ba5f5,28000305,33474,196,ARKADAŞLAR
196,#8LJQLGU2Y,⛩️H3R0,0xff1ba5f5,28000018,33473,197,MM4 Team
197,#99828GVLQ,lollipop,0xffff8afb,28000281,33458,198,ChatLeaksBrawl
198,#8P0PQJY2R,ICH,0xfff05637,28000017,33450,199,DieTomatengang2
199,#JUV9JLU0,AleX,0xffcb5aff,28000018,33361,200,新世紀聯盟
