,tag,name,nameColor,icon,trophies,rank,club
0,#2Y2Y99GQR,VizeZ,0xffffffff,28000230,81006,1,Ex0tic-E-Sport
1,#2J29C0C0Q,火|Ja͢͢͢y💛,0xfff9775d,28000170,74082,2,RealDutch
2,#VP0CQCLV,Jin玄,0xffcb5aff,28000129,73407,3,RealDutch
3,#YYYQJ8VG,『Hidde ♡ Kuba』,0xffcb5aff,28000282,73020,4,BC*|Family*
4,#PQJLQJJGC,Leon,0xffcb5aff,28000196,72237,5,BC*|Family*
5,#PGCVLYQJG,Ŧђoͥϻaͣsͫ|Sᵖᵉᵏ,0xffa2e3fe,28000073,72105,6,RealDutch
6,#VPCR282G,Flap❀,0xfff9c908,28000188,71927,7,RealDutch
7,#LCP2Y2Q,Lachkid,0xff1ba5f5,28000014,71552,8,Brawl Kings
8,#LR2UUL89R,Tavv,0xffffce89,28000339,70832,9,RealDutch
9,#8C9PPY0QG,Anouar ㄠ,0xffff8afb,28000044,70032,10,RealDutch
10,#8YRYUPLUY,Speksnijder,0xff1ba5f5,28000182,69885,11,RealDutch
11,#LQVY9UPY,Neetn玄,0xff4ddba2,28000259,69680,12,RealDutch
12,#P2QP2QP88,YT/K̾o̾b̾i̾e̾*❣,0xff1ba5f5,28000203,69571,13,Beyond Fresh
13,#R9Y988C,Diony,0xff1ba5f5,28000044,68775,14,RealDutch
14,#9Y0CJJV8P,DimbaZz💞Tyeli,0xffff9727,28000123,68546,15,Home Of Esports
15,#2URVUUV22,Quintenッ,0xff1ba5f5,28000302,66765,16,Poland Esports
16,#8J0JLGG02,Jaycenッ,0xff1ba5f5,28000336,66013,17,RealDutch
17,#9PQ2VULLU,BA | Finn,0xffff9727,28000341,65999,18,Deadly Vipers🐍
18,#U0VU0UUV,HB|Dantetjuh,0xff4ddba2,28000296,65882,19,Hairy Boys
19,#9LGQGLQVP,TTM Beast❤️,0xffff8afb,28000140,65186,20,Pitchdome AT
20,#U0VQ2QY,秒| J꙰A꙰M꙰E꙰S꙰🦬,0xffff8afb,28000279,65008,21,Bawz Army
21,#YL2UCCCPY,🎋𝕀𝕤𝕞𝕒𝕚𝕝,0xffffffff,28000000,64835,22,Skill issue NL
22,#UJUU0YGP,Brawl Master,0xfff05637,28000263,64510,23,CCCC
23,#JCV29URQ,2Fast4You ツ,0xfff9c908,28000261,64471,24,Bawz Army
24,#2G0GR9,꧁༺Eend༻꧂,0xffffffff,28000014,64120,25,<c5>Just Us</c>
25,#JP08GRPG,Fxck Jeftaxi👿,0xffa8e132,28000284,64050,26,Bye Bs
26,#8PPQR9G28,🌿🍁°Yøi° ツ ✨,0xff4ddba2,28000244,63900,27,CCCC
27,#P2RPRR9GP,Massoud シ ☔️,0xffcb5aff,28000286,63762,28,BN|Family💘
28,#GRPL8Q2J,1VS1|SWORDMAN12,0xff1ba5f5,28000284,63556,29,BN|Family💘
29,#2YRPJV08,nnnn,0xff1ba5f5,28000063,63498,30,Fullclip Fam
30,#YRR2UQUGY,|❦︎𝕜𝕝𝕒𝕤𝕙❦|,0xffcb5aff,28000141,63482,31,BN|Family💘
31,#PVRUL9JJ,SYM|🍁🌿COCO🎋✨,0xffa8e132,28000192,63423,32,CCCC
32,#P992LU2J,RD | Jelmer,0xffffce89,28000307,63366,33,RealDutch
33,#8UQYPGCGG,SH|MagicMouse🎩,0xff4ddba2,28000259,63031,34,Bawz Army
34,#2GGPJ9UJG,Defender戈,0xffff8afb,28000321,63018,35,RealDutch
35,#9YL2JLLCJ,察AJxMortis❦,0xfff9c908,28000014,62909,36,The Big Pig
36,#29U08PRCJ,RD|Tygo2,0xffcb5aff,28000123,62859,37,RealDutch
37,#JP9PR20,8ggt,0xffcb5aff,28000156,62812,38,Help2Attack
38,#2YCG8J20,kazpers,0xffffffff,28000108,62596,39,RealDutch
39,#CPJYCGQV,zakaray,0xff4ddba2,28000004,62375,40,DarkSide
40,#LURLQL9L,コインレーキ,0xffa8e132,28000284,62342,41,Help2Attack
41,#20UCPQ2U,KS| Tomaat,0xfff05637,28000308,62285,42,Killer Service
42,#89J8L9J2C,『火|LolBoy🥀』,0xffa8e132,28000242,62273,43,Skill issue NL
43,#9PYGUR9PJ,又小人Juliaии🩸,0xffff8afb,28000321,62269,44,BN|Family💘
44,#2PJYCQUY0,VIA | Alex06,0xfff9c908,28000034,62264,45,MAPPRECIATION®
45,#928QJUQYJ,LucasonAssie,0xfff9c908,28000095,62232,46,Killer Service
46,#P9VVRL0R,『火 |Zaka🥀』,0xffffffff,28000115,62090,47,RealDutch
47,#8C9LP2PGR,1v3|Cosmo🦦,0xffff9727,28000337,61988,48,RealDutch
48,#88YV298UL,kaas4life,0xff4ddba2,28000339,61845,49,Bawz Army
49,#29C8PULJ9,『火|Tɪᴇs🥀』,0xfff05637,28000263,61784,50,Zero<c9>Win</c>
50,#UUV8JRG2,Bolle_04爱,0xff4ddba2,28000140,61709,51,RealDutch II
51,#99GRU2LJR,MrThijs,0xffcb5aff,28000158,61538,52,RealDutch
52,#GYV9PCP,barryy,0xffcb5aff,28000129,61435,53,Brawl Kings's
53,#9GLGR2RC,koning leon,0xfff05637,28000138,61408,54,SHIELD NL
54,#2P80Q0YPP,🦄CM|¥ĕ§§ě⚡,0xffff8afb,28000321,61297,55,Skill issue NL
55,#920YQY2R,Ignavis,0xfff05637,28000330,61294,56,Pelagos
56,#P8RVQ20J,SH|IngCrafter,0xffffffff,28000284,61271,57,SHIELD NL
57,#G802Q0QG,Joas 1323,0xff1ba5f5,28000042,61254,58,BN|Family💘
58,#9G22CCU2C,RD|AngryDragon,0xffff9727,28000073,61229,59,RealDutch
59,#2V2VVV0V8,UCR|Killer,0xff1ba5f5,28000341,61031,60,The Unicorns 🦄
60,#28LRJ2VQ9,Sky,0xffcb5aff,28000054,61016,61,<c8>Celine</c>
61,#2CRQ8YVGY,Phoenix 花,0xff4ddba2,28000047,61000,62,Junk & Co
62,#9C89LC2C,Lnuef papi,0xfff9c908,28000194,60971,63,RealDutch
63,#PUJQUVY9,BP | Joey🏝🍟,0xff4ddba2,28000156,60969,64,BP|<c5>GANG</c>
64,#989Q02VGC,TBB |🔥Wizard🏹,0xfff05637,28000014,60965,65,TBB2
65,#828UVY2L9,AbdeL🌹,0xff1ba5f5,28000011,60944,66,GoatLife
66,#8QJ2920P9,Thomas,0xff1ba5f5,28000201,60938,67,NL Leaders
67,#PC8C2J8CP,Dav de Vis,0xffa8e132,28000101,60917,68,De Panda's
68,#8YJQ8GQU2,You Lose,0xffff9727,28000095,60779,69,Bawz Army
69,#P2UUJLVJ,KB | BattleKing,0xfff05637,28000338,60728,70,<c8>P</c>halanx
70,#9PPL228J,tiger king,0xfff9775d,28000126,60657,71,<c0>P</c>halanx
71,#2UGJLJVVV,iiJacinto,0xffff8afb,28000299,60636,72,Bawz Army
72,#R90G2PGU,TBWi | Larsn,0xffa8e132,28000262,60624,73,TheBlackWizards
73,#880LYULL,w8 what,0xffcb5aff,28000310,60572,74,Diamond+ EU
74,#8U92U9UYU,knoka,0xffcb5aff,28000196,60552,75,BP|<c5>GANG</c>
75,#PJ2GQYUJ9,ฅ^•ﻌ•^ฅjustin,0xff4ddba2,28000242,60531,76,Help2Attack
76,#LVY9VVQ,BA|rick2004,0xffff8afb,28000299,60447,77,Bawz Army
77,#2RULPPLCG,『Archi〆』,0xffffffff,28000219,60444,78,Skill issue NL
78,#88RP8VQG0,JBF|Toxic⚡,0xff4ddba2,28000335,60423,79,Skill issue NL
79,#J2PPR0J0,『RENS❤️MILAN』,0xff1ba5f5,28000348,60398,80,Skill issue NL
80,#R2JJQ8LR,SW|MaKaR❤,0xffffffff,28000139,60388,81,
81,#9JQ8CV2VL,Liggy ㄠ,0xffffffff,28000259,60350,82,RealDutch
82,#VUUPRG98,HoiIkBenSebas,0xffcb5aff,28000349,60289,83,coole mensjes
83,#P2Q8YQJY,吉多|Guido✗,0xffffffff,28000000,60145,84,RealDutch II
84,#2PRUV9VQR,SH|Tefja💫,0xffffffff,28000321,60123,85,SHIELD NL
85,#8QCR88RGQ,📈| TRISTONKS,0xff1ba5f5,28000197,60110,86,ApeX Legacy
86,#282CLJVCV,『𝑩ศ𝒔』🌊🍻,0xffa2e3fe,28000301,60102,87,Killer Service
87,#P8YQQ2UYL,pingping,0xff1ba5f5,28000189,60072,88,<c3>P</c>halanx
88,#JQLRPYVG,Rafael🥀☔️,0xfff9c908,28000341,60017,89,Tokyo❤️‍🔥Bruno
89,#80C0P0JQ0,⛩|Ryan 🥀,0xffffffff,28000224,60001,90,
90,#8JG2U2L2R,I꙰ a꙰m꙰ B꙰a꙰s꙰,0xffff9727,28000297,59930,91,Kknokkers
91,#89YCLPPYJ,0487|Meerten⚡,0xfff05637,28000279,59859,92,Help2Attack
92,#2RVG2L2Y,HetBos,0xff4ddba2,28000036,59835,93,Real Ones
93,#G9CJY989,Raver,0xffff8afb,28000123,59835,94,Kknokkers
94,#8LVPCRJGR,QWZ| Stefano,0xffa2e3fe,28000090,59795,95,SpenLC Youtube
95,#PUR90GU9L,PP |Noah🐐,0xffffffff,28000139,59793,96,RealDutch II
96,#P9GUPRU2J,『Jeppe♘』,0xffcb5aff,28000322,59755,97,RealDutch
97,#YU8R2RCQ,༺Leͥgeͣnͫd༻ᴳᵒᵈ,0xffff9727,28000272,59717,98,brawl tým sk
98,#8YPRJV0VQ,Simba🦁,0xfff9775d,28000308,59657,99,DPB | ⚡Esport⚡
99,#2QGYV2L9,Koppie,0xff1ba5f5,28000095,59631,100,RealDutch II
100,#9Q2CP9RLY,Velo,0xffff9727,28000038,59609,101,RealDutch Glory
101,#8YJVR9R2,gielijan*_*NL,0xff1ba5f5,28000076,59598,102,Dutch Leaders
102,#229YQLL29,➳Flamy❤️‍🩹,0xffcb5aff,28000206,59589,103,RealDutch
103,#2PQYQLGQ,da,0xffff9727,28000017,59581,104,ApeX Legacy
104,#8Q8Y0YYPY,Jarne👅以公义,0xffcb5aff,28000159,59573,105,pikkentrekers69
105,#PLUUP9LJR,Tom🧸,0xfff05637,28000321,59547,106,SHIELD NL
106,#P8PLLRUVR,RD|Fedor☆,0xffff9727,28000020,59537,107,RealDutch Force
107,#VCQCUGP2,Mbokoenoe,0xffffffff,28000215,59425,108,<c0>P</c>halanx
108,#2JG8GP2Q,Kaasbol,0xfff9c908,28000033,59409,109,kaas kornuiten
109,#8VQGCY2VV,johan,0xff4ddba2,28000272,59402,110,Funplayers
110,#P9CJ0PG0R,Captain Coolzan,0xfff05637,28000348,59397,111,Bawz Army
111,#8CYVPU00U,Olivierッ,0xffffffff,28000321,59372,112,BN|Family💘
112,#2GQGL9QQ2,RD|Keypro_YT*_*,0xffcb5aff,28000135,59343,113,RealDutch Elite
113,#PR9P8JCRQ,RDS|ITZ ME,0xffcb5aff,28000096,59289,114,The Unicorns 🦄
114,#R0LCRV9Y,Thomas de Duck,0xff1ba5f5,28000304,59266,115,Dutch Leaders
115,#8RV8QVGCQ,Richͥคrͣdͫ🥀,0xffffffff,28000230,59237,116,MadeInChina
116,#LV2G90P,SlappeSlang,0xffff8afb,28000052,59216,117,Diamond+ EU
117,#2RC2GUUCG,@RipToR@,0xffff9727,28000226,59210,118,RealDutch Elite
118,#P8CUJ0JGU,Mitch,0xffcb5aff,28000305,59207,119,Dutch Leaders
119,#29U8L288Q,Not Genius,0xffcb5aff,28000083,59206,120,Skill issue NL
120,#2G2P822U8,Piotrowski,0xff4ddba2,28000112,59171,121,RealDutch II
121,#8G9CYY8P2,🕊🐦ROEKOE🐦🕊,0xffffce89,28000050,59155,122,<c5>Dogs</c>
122,#LRUC9Q2Y,OG|Orange King,0xffcb5aff,28000292,59129,123,Killer Service
123,#8QPYLY8CV,又小人Koeии🩸,0xffff9727,28000139,59097,124,Bawz Army
124,#YVGLPRR,Kiran,0xfff05637,28000088,59076,125,Kknokkers
125,#9082L8JP2,DanTheMan,0xfff9c908,28000192,58923,126,ajaxdebeste
126,#R8LLQRRC,moo,0xffffce89,28000205,58890,127,Bawz Army
127,#QPV8RUQR,陰|Fxndxzz☯︎,0xffffffff,28000139,58867,128,Eclipse🐉
128,#VQJVPPPC,DC|Joshua,0xff4ddba2,28000140,58849,129,Dutch Leaders
129,#GYPR00VL,dreaming takz♡︎,0xffcb5aff,28000290,58778,130,Brawlencia🌹
130,#22YLLJC0C,Lauwe Flappen,0xffcb5aff,28000231,58675,131,<c5>P</c>halanx
131,#UU80UPC,Just Justin,0xffa8e132,28000294,58668,132,HIMAL
132,#89LR8UQ2G,Ajentovu♱,0xffffffff,28000034,58615,133,Help2Attack
133,#9YPG2QUPP,OG|Ofke,0xffa2e3fe,28000070,58581,134,<c9>ゑRAVENゑ</c>
134,#2UYC9PV80,LutjePutje,0xffcb5aff,28000109,58576,135,Dutch Army
135,#2P2L0CRV8,꧁Tobiツᶜᵃʳʳʸᵧₒᵤ꧂,0xfff05637,28000207,58527,136,BN|Family💘
136,#GVGYVJGJ,PaZeY,0xffffffff,28000093,58490,137,Bawz Army
137,#8J8U8RYJJ,BadRandom,0xffa2e3fe,28000188,58470,138,
138,#2P09L9VP,Chappys,0xffa2e3fe,28000095,58457,139,RealDutch II
139,#P2YRLCYY9,dark 私を救って,0xffcb5aff,28000328,58447,140,ApeX Legacy
140,#YRYYV2RGP,wout2.0,0xffffffff,28000138,58443,141,Beastclan
141,#20JY0UC2R,RD | Luc,0xffff9727,28000148,58405,142,RealDutch
142,#PCQ0QLLGC,Zylo々,0xffffffff,28000233,58399,143,BN|Family💘
143,#QG9YYP02,Doder,0xfff9c908,28000142,58394,144,
144,#2JU0280JG,Fenrir,0xfff9c908,28000267,58394,145,Dutch Pirates⚔️
145,#YV2J0CLG,Luuk,0xffa8e132,28000290,58313,146,Killer Service
146,#PR8QPVJUG,I❤️Dough,0xffff8afb,28000349,58295,147,Help2Attack
147,#2QYR9PC2,LarsBrawl,0xfff05637,28000305,58295,148,SHIELD NL
148,#PVRLCRVV,Luc💙mart💙max,0xff1ba5f5,28000050,58252,149,Skill issue NL
149,#98V2L09PG,🔥ᶠⁱʳᵉFlameZ🔥,0xff1ba5f5,28000135,58235,150,LastChance!✨
150,#JJ08VLV,Jorritos,0xff1ba5f5,28000300,58224,151,RealDutch Elite
151,#8RL8ULP9L,ANDREMODESTE,0xffa2e3fe,28000139,58203,152,PRESIDENT
152,#9P899J0RV,༄BorisBoy♧︎,0xfff05637,28000347,58193,153,SHIELD NL
153,#29JV9V2Q,Jasperbro,0xfff05637,28000016,58181,154,Kknokkers
154,#2G880RVU,Dmn❤️‍🔥,0xff1ba5f5,28000004,58157,155,Kknokkers
155,#2YPQ9VCGV,Roof21,0xff4ddba2,28000073,58108,156,NL KINGS
156,#2VVPQQPL,Koelkast14,0xff4ddba2,28000197,58104,157,Flying Dutchmen
157,#YPUJYRQ,Schliefᴿᴸᴸ,0xfff05637,28000332,58104,158,Golden Legion
158,#92Q89CGG,BacoTrein,0xff1ba5f5,28000348,58100,159,
159,#9L8Y9R99C,꧁乂₥ic₭乂꧂,0xfff9c908,28000097,58066,160,BN|Family💘
160,#8PGCPGC08,saul,0xffa2e3fe,28000169,57978,161,SHIELD NL
161,#2RV8VRVPV,我｜𝒞𝓊𝓇𝓈ℯ𝒹,0xffffffff,28000150,57936,162,Skill issue NL
162,#9VV9U02P,woetroe,0xffff9727,28000078,57929,163,MOPA
163,#Y2J0UU0CL,ww|lamine,0xffffffff,28000230,57894,164,BN|Family💘
164,#9LR098RPL,║Dark Angel♥,0xffcb5aff,28000041,57852,165,
165,#LVG2UV8Y,rice muncher 🍚,0xffffffff,28000028,57816,166,YlFAN :)
166,#8Y82YL0RJ,crow#.*,0xfff9c908,28000129,57744,167,Les Doberman
167,#2QGRVU8UR,Showtime,0xffcb5aff,28000350,57727,168,LUXEMBURG
168,#2YL0CP22,Renshigh3,0xff1ba5f5,28000115,57720,169,Flying Dutchmen
169,#P29C9UG9Q,pari໊sa,0xff1ba5f5,28000194,57717,170,<c5>P</c>halanx
170,#PUJP9G028,BP|SHARK🏝️🍟,0xffff9727,28000346,57712,171,BP|<c5>GANG</c>
171,#89LGP29VG,LT|Silver🌺,0xffffffff,28000016,57696,172,z7X|<c5> DC</c>
172,#G8JUC2Q0,KevOmi,0xffff9727,28000020,57695,173,OudjesVanOranje
173,#P89PJLUU2,ÖřēÅł,0xffcb5aff,28000129,57695,174,★Art of War★
174,#GG09QR8,M𝐚𝐫𝐭𝐢𝐧𝐨ㄞ,0xfff9c908,28000259,57685,175,Bawz Army
175,#99Y29RPUY,EEND🦆again,0xff1ba5f5,28000221,57683,176,BP|<c5>GANG</c>
176,#8RPQ82YV9,『Ker🌝us💞』,0xff1ba5f5,28000345,57652,177,Skill issue NL
177,#82PJP9U98,misterT,0xff1ba5f5,28000016,57618,178,ApeX Legacy
178,#8JLL8C0J,ozkan,0xffff8afb,28000283,57578,179,Dutch Knights
179,#PPCUPV098,TacoTrein,0xfff9c908,28000062,57577,180,<c0>P</c>halanx
180,#2RUJQC9,PhantomGod,0xfff05637,28000129,57571,181,Bambou
181,#2QPC2PV08,steyn010,0xffcb5aff,28000273,57568,182,uku
182,#8QPRVP8GU,NeLo|Teun🤭,0xff4ddba2,28000242,57538,183,Bawz Army
183,#2Q9J8URLC,LLL|iJa¢k $>.<,0xffa8e132,28000196,57507,184,<c0>P</c>halanx
184,#2ULUVGYC8,werto,0xffcb5aff,28000280,57452,185,The Unicorns 🦄
185,#90GQ22CUC,Joris ❤️ Papa,0xffffffff,28000196,57434,186,
186,#2RLUUL0U,TheReal6Godboy,0xfff05637,28000151,57406,187,Killer Service
187,#8R8CQCLRR,🏰•Youri•🏰,0xffff9727,28000233,57392,188,Roossienisme
188,#8CCCGG2Y,$Vlum-Vlum$,0xffcb5aff,28000291,57380,189,DarkSide
189,#9VPYVP0C,Rainbow(NL),0xffff8afb,28000256,57351,190,ApeX Legacy
190,#PRYCY2LG,RCN | Vιяι∂ιαη❤,0xff4ddba2,28000136,57347,191,Malevolence
191,#P09Y9CUC8,DE | Thijs,0xffcb5aff,28000018,57316,192,<c0>P</c>halanx
192,#989CJRC80,PX||Johannes,0xffffffff,28000021,57301,193,<c3>P</c>halanx
193,#2RCP2PYRV,『Tasin🐐ᵒᵖ』,0xfff9c908,28000090,57286,194,Kings Area
194,#VVPQR28V,amel🎋🥀,0xffcb5aff,28000167,57241,195,
195,#RCC0RJR,H2|Keezyy,0xff4ddba2,28000139,57233,196,Help2Attack
196,#Q8RVCRRJ,Rensboy,0xff4ddba2,28000226,57225,197,Real Ones
197,#LRYJRPY,Sepa,0xff1ba5f5,28000273,57206,198,LA Temis
198,#P0LCP0RVJ,super downie,0xffa2e3fe,28000175,57194,199,🍀De Gangsters☘
199,#CY2VRV8V,djara,0xffa2e3fe,28000064,57187,200,Killer Service
