,tag,name,nameColor,icon,trophies,rank,club
0,#2CGJQUL82,ℳ𝔦𝔩𝔦,0xffcb5aff,28000032,67192,1,Time Room⏳
1,#9UCUU2G9L,JoTa | Xav 戈,0xff1ba5f5,28000294,61612,2,JoTa|Gaming
2,#80RQ8V2QL,NCT|陰Roro🤍,0xffa2e3fe,28000218,58242,3,Ténébreux
3,#82UJVLL20,NCT|ZOYA🦋,0xfff05637,28000317,55948,4,Ténébreux
4,#8YY0VG9QG,NCT | 陰VeXx🤍,0xffff9727,28000299,52827,5,Ténébreux
5,#YQJ0P0J89,♛𝑲𝒊𝒏𝒈♛,0xffcb5aff,28000282,51973,6,GANG 726
6,#89L80LCRQ,Caillou4,0xfff9c908,28000331,48226,7,Rock Squad
7,#9CQUC9GYR,妥|ᴳᵒᵈ S𝓴𝓾𝓪ℓ,0xffcb5aff,28000041,47477,8,
8,#9UJ2VLYV0,NCT|陰IsMa🤍,0xffffffff,28000090,47236,9,ꜱᴅ💘ᴘʟᴀʏᴇʀꜱ
9,#YG9UY80L,NCT|陰Keres🤍,0xffffffff,28000272,46894,10,
10,#82PGR0CRU,GUMINO,0xfff05637,28000164,46324,11,GUMINEROS
11,#RC9YVPR2,Lost Jonas,0xff4ddba2,28000335,46112,12,In_Topform
12,#2CYGR980J,KBS |▪•𝕄ℂ•▪,0xff1ba5f5,28000095,45305,13,Królestwo BS
13,#Y9RJV2V22,⚡LeguanX⚡,0xffffffff,28000004,44986,14,Showdaw🤍
14,#Y20CQGQV,OF |  иєσχуѕ,0xffcb5aff,28000278,44853,15,
15,#2GUVR99U8,L❤️,0xffffffff,28000297,43894,16,MB OFFICIAL
16,#9UV02CGU0,⛩️💤Šłēēpÿ🥱🌆,0xffff8afb,28000129,43712,17,
17,#82YYQR8G,SteYz,0xffcb5aff,28000258,43297,18,ToxicWals✨
18,#PGJRGLLC,The OA,0xffcb5aff,28000305,43282,19,Adult Spirit 2
19,#Y0YVJCJ9V,jijop,0xfff9c908,28000305,42288,20,Ténébreux
20,#LUQVR9YV,john,0xff1ba5f5,28000255,42185,21,Carnage_Gaming
21,#8QPRU8C2G,NCT |@robase🗿,0xfff9c908,28000136,42141,22,
22,#L09RC29R,ブロスタ復帰勢,0xfff05637,28000348,41937,23,NOT working
23,#J0PRU90P,DocHolliday,0xffffce89,28000263,41649,24,Germany
24,#82J9RURYQ,強弱の魔王,0xff1ba5f5,28000108,41537,25,モーティス帝国　壱
25,#8L09QU0Q9,NCT|₥ððñ,0xffffffff,28000138,41492,26,Ténébreux
26,#2898YYC9J,SniperKing,0xffff9727,28000016,41380,27,
27,#8GVVUVYGG,beast brawler 2,0xfff05637,28000284,41108,28,bosses1
28,#82CGQJYLJ,slottwo,0xffff8afb,28000352,41053,29,$$Mertviki$${*£
29,#289GQVYCJ,sacrifice,0xffa2e3fe,28000292,40947,30,Ténébreux
30,#22GJRRPU,IQ Prjme YT,0xffcb5aff,28000253,40899,31,WarBrawl
31,#Y208PY9U0,MORTISKILLER™,0xfff9c908,28000090,40738,32,BrawlyLegends🤭
32,#UY8CCC0U,⛩️|confinè64🎋,0xfff05637,28000076,40546,33,YF7_BS
33,#8VCLJ2JRV,superbr@wler,0xffff9727,28000312,40435,34,les vrais amis
34,#LY928Y8CV,Zeprol pro (☠️),0xffcb5aff,28000000,40268,35,Moonchiik team
35,#88UVGGUYY,Alfa,0xffff9727,28000272,40244,36,BCF
36,#2YYR2GGRL,xXbenjXx,0xffa2e3fe,28000272,40181,37,Crazy Eagles
37,#8VUJ90R2,NachoYesNo🗿💚,0xff4ddba2,28000163,39991,38,
38,#P8PPJ028L,Orhip,0xfff05637,28000255,39916,39,
39,#PGJ8LQ98Q,LUIS🇲🇽,0xfff9c908,28000273,39888,40,diego.castillo
40,#PCUYRP0V0,KC | うちはイタチ,0xffa2e3fe,28000263,39793,41,Crazy Eagles
41,#80V8GL90,⛩MakuShimu⛩,0xfff05637,28000279,39731,42,projet bloubim
42,#2PJCVGYRL,FunnyTron800,0xff4ddba2,28000163,39610,43,NM Tournai
43,#V829V82U,我没有钱,0xfff9c908,28000008,39415,44,Me_And_Friends
44,#82GUJQPYY,courgetto-z,0xffa2e3fe,28000148,39403,45,<c5>🌊 ZETA</c>
45,#L0CGCJU9C,Flokï,0xffa2e3fe,28000226,39162,46,Crazy Eagles
46,#PVGRPPPRR,複|Wαrͥriͣoͫrᴳᵒᵈ,0xffa2e3fe,28000179,38911,47,Los Mancos
47,#LQ8LPGUJQ,JR||Nacho 27,0xffcb5aff,28000335,38592,48,Ｏｍｅｇａ Ｄａｒｋ
48,#YQRLY0J2C,CODE : Zennix,0xffff9727,28000321,38540,49,AK/ASPIS
49,#8VVR8CGY8,Mansur,0xffa2e3fe,28000159,38434,50,House Whent
50,#2PGYYPRJL,⭐Pish_NC⭐,0xffa2e3fe,28000169,38378,51,ToxicWals✨
51,#9YY9U8RJU,5u-n ム,0xffcb5aff,28000288,38332,52,
52,#YCVJLRU,Valok5s,0xff1ba5f5,28000332,38110,53,LES MEILLEURES
53,#8UC8V2QU8,Sergeant12,0xffa8e132,28000128,38061,54,
54,#C88U9YJ8,|OLS|TOPER|😡,0xff4ddba2,28000341,38046,55,8XL7XN
55,#YRR0QUU0J,Gökhan,0xff1ba5f5,28000273,37717,56,ToxyArmy
56,#2P89Q90YG,julios04,0xff4ddba2,28000299,37708,57,projet bloubim
57,#LLC0YG9P,6̸pycHuKuH❦,0xffcb5aff,28000290,37611,58,Me_And_Friends
58,#2LRCGUQU0,HQZE,0xff4ddba2,28000228,37415,59,
59,#99CYGU90V,NCT|crocro,0xffa8e132,28000136,37307,60,Ténébreux 2.0
60,#8V0PLP9U,spike,0xffcb5aff,28000023,37103,61,only Mort1s🇺🇦
61,#8GCYULQGU,Serra 💗😉,0xffa2e3fe,28000175,37085,62,freunde club
62,#LQGQ28QRR,pika gamer,0xffcb5aff,28000211,37066,63,UNIÓN LAT⚡NO
63,#Y00UV99YQ,NAVI|PROHHX,0xffa2e3fe,28000051,37000,64,
64,#8UQGYJ8V,pioupiou,0xfff9c908,28000295,36873,65,TOP FR|💙🤍❤️
65,#9Y08PRP0J,複|Kyͥelͣsͫᴳᵒᵈ✞,0xff4ddba2,28000219,36736,66,Esport NC
66,#88VRV08JR,NCT|NINIS,0xffcb5aff,28000156,36712,67,sfq
67,#20Q9JCRPY,TC|BlackPanther,0xffcb5aff,28000336,36686,68,MTZ
68,#VGUJQ922,Bober Junior,0xfff05637,28000319,36474,69,Gang Bośni🇧🇦
69,#8C9GCRQ9,KociakAlwa,0xffa8e132,28000293,36435,70,TA TO DAWAJ
70,#YGPRJJC8,TomX41 NC,0xffa2e3fe,28000151,36337,71,projet bloubim
71,#YJJQLVPC0,Blackangle,0xfff9c908,28000262,36331,72,2best
72,#208PRUGUG,SiLveR🦋,0xffffffff,28000135,36119,73,Клуб:  #8PPJG09P
73,#8UPP88R22,Bat9_Runner,0xff1ba5f5,28000229,35849,74,~KingS°
74,#898YJPU0R,mts_tymeo,0xfff9c908,28000156,35845,75,DrannX TEAM 2
75,#8RYVG2L29,minifly64,0xffa2e3fe,28000023,35654,76,BSK|Legendary
76,#Y9PLQ9J2G,Shelby,0xfff05637,28000023,35522,77,II Omega
77,#9UGCJJ9Y8,OG|I'm Ressix🌴,0xffcb5aff,28000335,35513,78,可悲的是
78,#9G9VU98V,GX Ricky sf,0xfff9c908,28000173,35391,79,Turkish kebab
79,#J0RVJ09G,Venom❤️,0xffcb5aff,28000079,35235,80,BLACK EMPIRE
80,#YJ88VJ8V,Maxence,0xff1ba5f5,28000170,35179,81,BFS
81,#CR2Y298Y,Naruto,0xffa2e3fe,28000031,35121,82,Océanie Esports
82,#2R2QQRVL0,bay,0xff1ba5f5,28000205,35068,83,ꜱᴅ💘ᴘʟᴀʏᴇʀꜱ
83,#P0CPL8Y90,yanis/😎,0xffff8afb,28000320,35059,84,
84,#2CCQPCRCY,GWS | GeWers,0xffcb5aff,28000303,35003,85,potęga pucharów
85,#2PU9VVJ0,NCT|𝓎ℴ𝓈𝒽𝒾𖤍,0xff4ddba2,28000294,34956,86,
86,#9YU9982J2,Carly,0xff1ba5f5,28000109,34931,87,NM Tournai
87,#89L208,MorenDolen,0xfff9c908,28000325,34637,88,fr
88,#LQRUG2QPY,Костя 😈😈,0xffcb5aff,28000274,34635,89,<c4>Top</c>🇺🇦
89,#2V80PCGVY,TTlulu2900,0xff1ba5f5,28000272,34597,90,Jungle Sports
90,#LLRJ8RUC,figuredecepe,0xff4ddba2,28000219,34557,91,
91,#9L929G2Y,miksi|Ninja,0xff1ba5f5,28000135,34460,92,Royal Tigers 2
92,#200U9G0JR,ploox,0xffffce89,28000254,34381,93,tahii
93,#PGU8JYJQY,🧊Darkness🇺🇦,0xffffffff,28000132,34355,94,FAM-Joker🔥
94,#8C90L88GL,ᴛᴛ|ʟᴀᴜʀᴏɴ|🖤,0xffffffff,28000077,34306,95,
95,#VQ82LPJV,benoit08/04/10,0xffa8e132,28000044,34215,96,
96,#8PLL29G2,Keswood,0xffa2e3fe,28000249,34210,97,ToxicWals✨
97,#PLRYRGV8Q,Dr.Killer,0xffcb5aff,28000302,34209,98,
98,#GYYCL0QP,오팬무,0xff4ddba2,28000227,34151,99,
99,#Y09J8QJV8,Trapstar plug,0xffcb5aff,28000333,34116,100,<c8>Moon</c>
100,#PR2U8GR09,boubou,0xfff9c908,28000348,34067,101,MP1
101,#L9VJJL,BIG GUY,0xff4ddba2,28000124,34014,102,Squaad
102,#CJQPLVLC,nydeus,0xff4ddba2,28000305,33819,103,Les 4 éléments
103,#9UYPRJQ8V,chε|αgεπτ348 👻,0xffa8e132,28000132,33812,104,Night🌆
104,#UVLYCG9V,kimqqwest,0xffcb5aff,28000310,33752,105,AнDрIй 753😈
105,#82QCULYL8,X-N | Vla dimir,0xff1ba5f5,28000018,33745,106,♦️AL TEAM ♦️
106,#V2QJP82V,DadPuffin,0xff1ba5f5,28000073,33705,107,projet bloubim
107,#CCJYYJJ2,yuno,0xff4ddba2,28000332,33658,108,Les FRANCAIS
108,#YCJJP9UU8,ENVL|Gęspęŋşŧ🎃,0xffcb5aff,28000129,33577,109,КВН
109,#PGUPPJYPU,nxssim702,0xffa2e3fe,28000008,33563,110,les vrais amis
110,#QLLPPGRL,레온,0xfff05637,28000014,33546,111,swet브롤
111,#29L888PUC,Sirius,0xffff8afb,28000346,33405,112,Monffvengers
112,#YY99UR9CP,мишаня,0xffcb5aff,28000305,33397,113,BrawlStarz
113,#9PRQJ290G,ПУТЬ ВОЛЬТА,0xfff9c908,28000207,33336,114,
114,#PC0LL0Y0V,~™BenKillYou~°®,0xffff9727,28000156,33150,115,The Underdogs
115,#PQCGCLCR,MangeTesMorts,0xffff9727,28000173,33109,116,BrigadeAntiKeuk
116,#PVULJ8P0,«YątzĘlPrø»,0xff1ba5f5,28000322,33100,117,llacas
117,#L9Q9Q9CJ,ED9,0xff1ba5f5,28000156,33045,118,
118,#P0VYR022G,DungeonMaster ♂,0xff4ddba2,28000284,33027,119,
119,#8RQJPUG0G,BL/Kolix:/,0xffa2e3fe,28000281,33005,120,TJ turnov
120,#28GGJJJRJ,IQ Tookie YT,0xfff05637,28000262,32909,121,projet bloubim
121,#8QQGP9RJP,X-N | Player,0xffcb5aff,28000003,32845,122,♦️AL TEAM ♦️
122,#VLR0RGJ2,Becky,0xfff9c908,28000348,32748,123,
123,#8RGV9JJ9P,AWM|Dragon🥀,0xffffffff,28000000,32716,124,real legends
124,#P8G2PCJLJ,ЧИТЕР777,0xffffffff,28000158,32691,125,
125,#YQR2PY8,jean,0xffcb5aff,28000255,32609,126,l’equipe
126,#2Y0YRLP9Q,준교 친구,0xffcb5aff,28000233,32603,127,클럽리그/미니게임
127,#2P8GCCLYU,Popio,0xffff9727,28000170,32594,128,MIGGU_L
128,#LV82C0PQP,NaVi|ToFiFi个,0xffff9727,28000132,32584,129,Polacy
129,#988P0RGQL,最佳|𝓥𝓸𝓳𝓽𝔂𝔁,0xffcb5aff,28000347,32486,130,Džungle🥦
130,#2QY2L00L,Knocke,0xff4ddba2,28000248,32392,131,m #I love mango
131,#929P90G0Q,[БОТ] ZXC,0xffff9727,28000132,32315,132,<c9>Mad</c>Fire
132,#Q8QV8UGP,[~Zeyrox_~]™️,0xffcb5aff,28000135,32279,133,Ténébreux 2.0
133,#P92UL8Y8G,gamix15$,0xffff9727,28000041,32239,134,Fanatic Brawl
134,#89JCJ8YR8,Dancerboy,0xffcb5aff,28000247,32223,135,BCF
135,#U8V0UY8,Sunset Ravens,0xffcb5aff,28000222,32222,136,nakamas pro☠️
136,#88PC0G82V,pilou26,0xff1ba5f5,28000275,32222,137,🕷️Section6🔪
137,#CCJRL8U0,NCT |ORPHÉUS🎋,0xffffffff,28000139,32057,138,Fan de naruto
138,#22R8LLCG0,2D | GodZilla,0xff1ba5f5,28000014,32055,139,Océanie Esports
139,#LLGLJR899,Deetyx,0xffa2e3fe,28000273,32050,140,
140,#URLQG2JY,flip,0xffa2e3fe,28000173,31987,141,
141,#228C8R8L0,Jane,0xffff9727,28000267,31898,142,~KingS°
142,#LVYV98YGV,superpro,0xff1ba5f5,28000271,31874,143,Reino brawl PT
143,#2YCJJUCL,Warhammeurk,0xff1ba5f5,28000262,31840,144,CyberWhale
144,#9RR29V28C,ninjaxx_yt(apex,0xffcb5aff,28000293,31833,145,Tryhard Fr
145,#9QJ8J8JJ9,[AI]Biba,0xfff9775d,28000023,31728,146,пульта спайка
146,#998CQYGQ,PinoLungo,0xffa8e132,28000053,31664,147,
147,#2LJLQR0LQ,Brawler,0xffa2e3fe,28000322,31657,148,Super Sky
148,#YPJGJR980,Дэррил,0xffa2e3fe,28000352,31604,149,Øp 3v3
149,#2C288YGU,JteRushenString,0xffffffff,28000352,31595,150,projet bloubim
150,#2YL0C9LC9,🇨🇵⚜️|fluxy,0xffffffff,28000000,31593,151,New Justice ⚜
151,#PC8VCL9LP,stijn,0xffa2e3fe,28000156,31582,152,Godlike
152,#8R9RRPUYL,Backfisch,0xffff9727,28000305,31555,153,Ash_Cash♡
153,#88YP0Y9LG,$AuRuM$,0xffcb5aff,28000273,31539,154,The last Stars
154,#8P8YJCUGJ,SuperHugo,0xfff9c908,28000037,31410,155,Primal Revenge
155,#8JG0YQ0UP,mola1,0xff4ddba2,28000057,31304,156,
156,#PLVQPQPYR,FGTV | YT,0xffffffff,28000288,31303,157,Иzип-52
157,#L0QRLCCV8,ŁMŘ_687,0xffa2e3fe,28000352,31146,158,les vrais amis
158,#9QL2G82GR,複|Smͥαrͣtͫᴳᵒᵈ✞,0xff1ba5f5,28000081,31029,159,Esport NC
159,#P9QU9V89V,AR|ᴀɴɢᴇʟ⛩️🥀,0xffa8e132,28000272,31023,160,FC. CONSTANTINO
160,#PL9Q828,NCT|TRISTAN 🍀,0xffffffff,28000175,31009,161,HABABAM SINIFI
161,#2P2GCUQ2U,mihael,0xffcb5aff,28000288,30986,162,L4ghtr
162,#PP2L8YQR2,KomaToons,0xff1ba5f5,28000282,30957,163,ToxicWals✨
163,#P2LCQGG8L,вася run 2,0xfff05637,28000245,30912,164,Cw3le
164,#20LQQQGP,Majorchaf,0xfff9c908,28000148,30899,165,StreetWorkoutFR
165,#JLGJR2VG,dicou,0xffffce89,28000282,30857,166,les vrais amis
166,#8GQP20GJV,Laura,0xfff9775d,28000156,30854,167,PRIME BALKAN
167,#PG8PQ0VCC,NT|accrobatX,0xffcb5aff,28000161,30793,168,
168,#GJVU2PCV,H0BB1T,0xffa2e3fe,28000182,30779,169,
169,#L9QPJL8V,Andr3s-M1o,0xff4ddba2,28000046,30743,170,LUCIONE
170,#PYUVRVJCV,ｚｘｃ|ｓｐａｊｋ🌵,0xffcb5aff,28000335,30742,171,OP_ElITE_GAMERS
171,#2JCQPG2QY,TM,0xffa2e3fe,28000352,30684,172,Aut|Nova
172,#8YJJC9VJ9,Valnaras,0xffffce89,28000164,30647,173,SDPP Zodiac
173,#L90QJUP2C,Moïse,0xffff9727,28000104,30615,174,projet bloubim
174,#8Y9Q090GC,legend,0xfff05637,28000156,30534,175,
175,#8LYQ0LYRU,橱系|asriel ♡︎,0xffcb5aff,28000227,30515,176,CT-Q
176,#2J2UJVU90,леон,0xffffce89,28000298,30477,177,NoMercy
177,#29R0C9Q2Y,🥷Anton🦾,0xffff8afb,28000041,30465,178,Rang30
178,#L0Y2808Q,ZeroTwo_,0xfff9c908,28000277,30388,179,Océanie Esports
179,#JPQYCPCV,везунчик,0xfff05637,28000289,30369,180,Sedovka Family
180,#8Y89QQY82,Asier,0xffa2e3fe,28000017,30363,181,GameHouseBS
181,#2P0UJ8PGG,smiau Este noob,0xff4ddba2,28000346,30363,182,dapyx
182,#8GRLVJ9Y9,Ikspeelbrawl,0xff1ba5f5,28000275,30316,183,Crazy_CLAN
183,#28LVGJPLU,BGG | KIMI😈,0xfff9c908,28000332,30310,184,BG Undertakers
184,#99QU00P9U,ÊteřneļÑebuļa,0xfff9c908,28000170,30254,185,ZerRacers
185,#VRVVQV2Q,l-_Snaga_-l,0xffff9727,28000203,30244,186,AlphaStream
186,#9P8QYY99G,Боец,0xffcb5aff,28000310,30236,187,нам 17 🙄
187,#9R888J29Y,Мирон,0xffa8e132,28000279,30225,188,dis|PRO💚☠️☠️
188,#2V2QLCUUR,Thefake78,0xff1ba5f5,28000104,30200,189,Number Øne
189,#2GCCLV28V,w3nex1on💘,0xffcb5aff,28000221,30187,190,
190,#PPYCQ8QR,про 333,0xffa2e3fe,28000132,30179,191,lubie_cie
191,#9GRCUL2YV,кирилл,0xffa2e3fe,28000132,30130,192,PIDSOBOCHKA💋
192,#YCU9YC29,ボット2,0xffcb5aff,28000110,30130,193,いつめん豆腐
193,#8CYQR8VP8,⚡️colinproo⚡️,0xfff9c908,28000156,30125,194,puchers
194,#P2UJC89V,💪Sunay👾,0xff1ba5f5,28000037,29985,195,rrrrrrrrrrr
195,#2JC9UYPPQ,[KEKE.NC],0xffff8afb,28000341,29967,196,Océanie Esports
196,#PU0PLL8YY,BrawelMaks,0xffffffff,28000310,29931,197,𝔾𝕠𝕋𝕠𝕎𝕚𝕟
197,#2CY8PRR8,spiffycondor,0xffcb5aff,28000294,29892,198,Crazy Eagles
198,#8QCYGQQJP,NCT|MERLIN,0xfff9c908,28000272,29766,199,kotki stars
199,#29LJ2YVCJ,Bot 2,0xff1ba5f5,28000147,29764,200,The French club
