,tag,name,nameColor,icon,trophies,rank,club
0,#8G8VVGQY2,JoTa|Nagato戈,0xff1ba5f5,28000134,60000,1,Stop Wintrader
1,#8PUPURG92,⛩️|Chereshnya,0xffcb5aff,28000303,58683,2,🏰KINGDOM🏰
2,#8QUC9LVGJ,拍手|𝑀𝑎𝑟𝑙𝑜𝑛,0xffa8e132,28000341,58553,3,
3,#20LUY8P9L,[LP]Oleg,0xffffce89,28000139,57618,4,TTV|BEZSMERTNY
4,#Y9L9P99UY,SaneXx|RS|,0xff1ba5f5,28000201,57581,5,stara elita🖤
5,#9CV8J8PQY,ほ|ᘜOᗪ❦|き,0xffcb5aff,28000016,57321,6,Dinosaurier xd
6,#9GUG89PUP,Russian player,0xfff05637,28000139,56390,7,A Few Good Week
7,#PR08LJRYQ,影系|Star🥀🔥,0xffffffff,28000229,56122,8,Star x Reaper
8,#P88LU9U99,Dandy,0xff1ba5f5,28000000,55988,9,The Last Way?
9,#2LJQ9J8GG,TylerTheDude11,0xffa2e3fe,28000084,55864,10,Live2Game
10,#2PRQQP90P,Kardo❀,0xffcb5aff,28000309,55491,11,
11,#2GJRYJP29,ˈhərməs,0xffff9727,28000123,55337,12,Nice for game
12,#8Q980Q29J,NSM|Avocado🥑❤,0xffa8e132,28000334,55207,13,all yours🍂
13,#2JGC9Q2GQ,Zero🤍不是,0xffffffff,28000321,54669,14,D P B|Esport II
14,#98Q9JG0YJ,IceDragøn❄,0xffcb5aff,28000014,54494,15,DaddyStan
15,#8QC9R9RJP,Et cetera,0xffcb5aff,28000064,54464,16,od2.0
16,#YP2JQVP92,Pro Gamerz,0xffa2e3fe,28000330,53855,17,Dresstroyer
17,#8YQJQ9UPR,FK1 | DenisMG🦋,0xffffffff,28000348,53809,18,Regions Team
18,#2LY9UC99C,⚡PEDRO ⚡,0xffffffff,28000348,53626,19,Estrela Club
19,#2UUUJP2PC,꧁𖣘Ö҉M҉E҉R҉𖣘꧂,0xffff9727,28000014,53306,20,NO WAR🇺🇦-🇷🇺
20,#8PVVJV98C,soft efim.マ,0xffffffff,28000279,53153,21,Sbhsssssss
21,#P9GYPPQUY,[LP] KIRILLks5,0xffffffff,28000201,52521,22,ERoom
22,#9L0JLGRPG,MyS|пёс абрикос,0xff4ddba2,28000137,52435,23,
23,#L02L8JUV,BOOM SHAKA LAKA,0xffcb5aff,28000335,52408,24,1sinT Organizat
24,#8CGUL09LC,Kotik ♡,0xff1ba5f5,28000167,52015,25,Winx
25,#2LVRY0QYL,骇客Vᴀɪɴᴢᴇᴇ❤️‍🔥,0xffff9727,28000341,52006,26,Dima_Bsq
26,#20PR20QUU,LiDeR_ShArK,0xff1ba5f5,28000352,52003,27,TheRedsDragons
27,#9VG8GVG0,❄MARCO_GOD❄,0xff1ba5f5,28000332,51687,28,Tabancurados
28,#88JYCJLVU,GT|𝕱𝖑𝖆𝖘𝖍❦,0xffff9727,28000211,51162,29,
29,#92CPL2YL8,🎴LIL|Snitch⛩,0xffcb5aff,28000222,50752,30,Forever ♾️
30,#2JJLQG2YV,♠ＶｅＴｅＲ ♠,0xffcb5aff,28000281,50648,31,GrandRams
31,#GV0VU0YJ,INFORMATIK GAY,0xffcb5aff,28000125,50571,32,BRAWLSTARS4eVer
32,#Y2PPLG28R,Noob master 1,0xffff8afb,28000064,50456,33,Brotherhood
33,#9V89L08R8,везунчик,0xffffffff,28000210,50381,34,ATARAXİA
34,#2PJ2GGUPG,DarkiNarki,0xff4ddba2,28000207,50099,35,The Invicibles
35,#22URQ9YPU,You are silly,0xffcb5aff,28000265,50029,36,Only Skill
36,#9PPVGVY0L,Я лучший,0xff4ddba2,28000297,50002,37,Украина
37,#2RL0VPGP9,читер000,0xffff8afb,28000332,49946,38,
38,#PUV92LCL2,Lebi💞🤤🤤,0xffffffff,28000000,49874,39,
39,#2GQPLGJ0Y,чтоооо??,0xffcb5aff,28000228,49835,40,Ярик крыса 2.0
40,#2JRJCP2UQ,Toshimatoo🍉,0xffffffff,28000150,49797,41,Courageous Cats
41,#PQUPY29UQ,❤️ZY | Zofly❤️,0xfff05637,28000167,49511,42,Hasi Bande
42,#LY99GGUUC,суперчел,0xfff9c908,28000062,49365,43,Дичалы🔝👊‼️
43,#2YR89VR2J,dlmon4lk,0xffff9727,28000023,49305,44,APRIORI II
44,#2RJGGLLC8,Kolya,0xff1ba5f5,28000167,49296,45,Ezhevika
45,#2008LG8C2,Byron Trollman,0xffcb5aff,28000100,49255,46,Automa Tick
46,#9G0U2L8C9,Cedric,0xff1ba5f5,28000002,49252,47,Zuckerschock
47,#9P828PGRR,holdik,0xffcb5aff,28000297,48764,48,Forever SqD
48,#9P28UUVUJ,coca cola,0xffff8afb,28000294,48589,49,
49,#PQUVY2C8,YouMopucT,0xffff9727,28000347,48490,50,ЖС CORPORATION
50,#2RLR0GQ29,Bs oleks,0xfff9c908,28000020,48343,51,🌪Hidden Sand🌪
51,#2G8JY0YU8,<18101>運氣|DR🍀,0xffffffff,28000331,48330,52,🏡of memories
52,#8RQUJV0YQ,ST | slaideR🩸,0xfff9c908,28000132,48192,53,Wrexxs Squad
53,#V28CLQP8,‹‹h@s well››,0xfff05637,28000293,48108,54,Legends Killers
54,#G8C8V0RP,Bebra|Kostik💗,0xff1ba5f5,28000175,47733,55,The VideK Team
55,#PLJGGCCUY,It’s Saylex?🕊️,0xffcb5aff,28000305,47684,56,Mistrzunie😀
56,#22Y98RJLV,D̴e̴n̴i̴n̴a̴,0xffa2e3fe,28000066,47568,57,
57,#PJ8UJGPJR,痛み|disfir,0xffcb5aff,28000132,47492,58,KB Academy
58,#YUYY0VLGG,$SARKSSS$,0xffcb5aff,28000178,47443,59,геи
59,#YVUYLVC2G,MyS|JeTeVergil✈,0xffffffff,28000054,47379,60,legend's_club
60,#9P8GVG2P8,Браулер,0xff1ba5f5,28000352,47358,61,MickeyPirson
61,#9Q0U8YPL0,thanos,0xffcb5aff,28000331,47056,62,Los Fleinos
62,#8Y999C9VJ,『笥SvEtIkQp 🦇ゾ』,0xffffffff,28000347,47006,63,Ꝑħꝋēꞥīӿ🍗🔥
63,#8LJJ928YU,woxxty4ka,0xffa2e3fe,28000167,46964,64,Asterion 天
64,#YQVG280VC,take revenge🥺,0xffffffff,28000003,46955,65,
65,#28QYJPJVG,Louisderbrawler,0xff1ba5f5,28000164,46943,66,World🌎Legends
66,#P9PJ8C0V9,⛓p4rkr⛓,0xffff9727,28000048,46905,67,LIKE Юля
67,#8GGJ2LY20,TZOLO|OFF,0xff1ba5f5,28000156,46855,68,
68,#LLGRRR8JU,I <3 hot bebra,0xffcb5aff,28000066,46650,69,бебрянск
69,#8RJ00R8R,✨sįmø✨,0xff1ba5f5,28000315,46647,70,Legends Killers
70,#9VG98L999,alex sparta,0xffffffff,28000262,46566,71,Лига Кобякова
71,#LGC9QVPJ,Numb,0xffcb5aff,28000207,46520,72,skvazimabzabza
72,#8L908LLYV,藕|ℓᴀᴛɪx€ᴏ ❦,0xffff8afb,28000065,46419,73,G.FANS
73,#9RPQLQQU9,𝒻𝑜𝓇𝑒𝓋𝑒𝓇♡,0xffffffff,28000231,46311,74,
74,#9LLLRVQ0J,(🌵) спа,0xffcb5aff,28000049,46298,75,Liders
75,#202RRLQU8,Ice One,0xffffffff,28000000,46275,76,The End
76,#2CPG2QP,pepsikola,0xffa8e132,28000253,46241,77,рок клуб сосня
77,#PQ8VLRUC0,LeOn4ik,0xff1ba5f5,28000135,46206,78,Fire|Elite
78,#UVY088QU,ne_serGAY,0xffcb5aff,28000073,46199,79,Cancer sticks!
79,#2QJCJJVCC,[ЖМЫХ]МАСТЕР,0xffffffff,28000294,46039,80,KD TEAM
80,#9UPUQQ2YP,レロチカrayt🕊,0xffff8afb,28000261,46013,81,CLB Ru
81,#28JRJ9QRQ,KOMAR,0xffa2e3fe,28000233,45873,82,Pablo Lovers🌵
82,#GR0VR2V8,●Cruel|Killer●,0xfff9c908,28000157,45869,83,Mango 🥭
83,#80Y908GJV,伊柳克希奇,0xffff9727,28000262,45846,84,картошки
84,#90VC0UC2J,♧ĐIØ♧,0xffff8afb,28000167,45674,85,Top Poland👑
85,#UL00CL0P,_ViLian013,0xffcb5aff,28000305,45629,86,FTW*
86,#RG9GVLGV,HQ|DeDTeD;),0xffffffff,28000294,45546,87,Team sL
87,#R0L8U0RV,FT|✨MOSGAZ☔,0xffa8e132,28000176,45516,88,<c3>Killers</c>
88,#L99LC0LR,Каѫїка,0xffff9727,28000132,45516,89,MaszewskaStreet
89,#PUC2ULRQC,xT✨|🔥DeKe4EK,0xffcb5aff,28000294,45319,90,ПУШИКИ
90,#2CP8LJLCR,pledik_bss📸🤡,0xffcb5aff,28000280,45315,91,Twitch pledik
91,#28VVURYQ,QLS|Kanna,0xffcb5aff,28000112,45297,92,Alians_Venom
92,#92JV9PGGY,LIRTay 11,0xffcb5aff,28000281,45291,93,Ne Кайфарики
93,#2R909Y8GC,ElP | RubbeN,0xffcb5aff,28000032,45269,94,BezBab_team
94,#YR8YCV0CR,Бывший олд,0xffa8e132,28000159,45252,95,Барникин
95,#9PJJ9CJ0R,♞🌪|Tørrønə🧱❦︎,0xffcb5aff,28000272,45161,96,
96,#LRGRCLRVJ,𝕱𝖑𝖆𝖘𝖍❦,0xfff05637,28000202,45096,97,STM2D♡
97,#2J0Q2G080,あ| 𝕸𝖆𝖌𝖎𝖐ﾒ,0xffff9727,28000307,45086,98,Canadian Brawl
98,#88YG98CVU,ｅｎｔｈｎｄ,0xffff8afb,28000014,45061,99,
99,#8QRGL8C0V,JINX,0xffa2e3fe,28000347,45023,100,HeavenReachers
100,#P0UQQ88RC,Тупая кочерыжка,0xffff9727,28000312,44850,101,<c6>Axolotl</c>
101,#9V88U09PC,chlen,0xffa2e3fe,28000273,44562,102,Платиновый Клуб
102,#GRVC9VJR,❄asus951❄,0xffa8e132,28000132,44323,103,мама идёт
103,#9U82PYUC9,☔laguhaᴷⁱˡˡᵧₒᵤ☔,0xffffffff,28000335,44280,104,
104,#PG2LCJ880,Xx_БАР¢И[К] _xX,0xfff05637,28000304,44262,105,ST|GoodPlayer❤️
105,#8C9G09CP2,蜂|Maks64|🐝,0xffffffff,28000312,44208,106,Боец
106,#9JYG8228C,ninja❤️?,0xffffffff,28000008,44175,107,Amogus
107,#8U8U9PY8G,□|《BG》|■🔪,0xffa8e132,28000286,44131,108,team cross
108,#290Q0LYPL,Æ|Xseum✨GG,0xffffffff,28000336,44047,109,
109,#UP2G8LUJ,brbr19,0xffff8afb,28000262,43986,110,пустынники
110,#8LLUJLR9G,Jokil,0xffcb5aff,28000123,43961,111,Czech💞🇨🇿
111,#YLLVLVC02,晚餐|Gerga🥺😈,0xffa8e132,28000265,43819,112,Elite
112,#9CCUJG28L,NikSkay YT,0xffa2e3fe,28000323,43810,113,Built To Win
113,#2GCYJJLGG,$упер B0U☆,0xffcb5aff,28000349,43650,114,OutlawZ
114,#20UYPUJ2C,Toretto52,0xfff05637,28000143,43604,115,МЕДВЕДЬ-ШАЛУН
115,#PQPCJYPU9,блинчек2006,0xffffffff,28000023,43571,116,Nastrond
116,#2QG89PQQG,[DЫO]AmarLet,0xffa8e132,28000294,43364,117,ТОП
117,#Q8CC2R90,Toxic|Syrax🥀,0xffff8afb,28000293,43343,118,2nd period❤️‍🔥
118,#Q0CLQVU2Q,TNT мне в рот,0xff4ddba2,28000245,43342,119,Гейклуб
119,#Y09JPLR,про,0xfff9c908,28000221,43309,120,
120,#UR2UQRPL,MAX_АУ_ЛОЛ,0xff1ba5f5,28000290,43278,121,Team Gaufrette
121,#9VUYCQ0GR,danyke345,0xfff05637,28000228,43247,122,Star Team
122,#8UP2YJQL2,¥LTRO_G€M@$¡K,0xffffffff,28000292,43131,123,Импрессив 2.0
123,#2Q8UQY2V9,•••,0xffffffff,28000150,43095,124,
124,#PYYQVL8R0,Strifer,0xfff05637,28000169,43040,125,BeatTeam
125,#890PQJQ8,ØZERO | FISIX™,0xfff05637,28000261,43001,126,Инь-Янь
126,#9L0PP8CG8,Tobyn Foxsic 个,0xfff05637,28000102,42930,127,Cyber Legends
127,#PR2PRJV0U,sadness 🧊,0xfff05637,28000349,42918,128,Summer Vibe🏖️
128,#2CGJQ0RGR,GrͥᎥmͣmͫ❦︎␈,0xfff05637,28000129,42870,129,Legends Killers
129,#PLRPP8RV0,gigant,0xffcb5aff,28000305,42847,130,Клуб Амса
130,#LV9CR9GYJ,vav i lon,0xff1ba5f5,28000292,42802,131,Liders
131,#LYQ2L2J8,Боец,0xfff9c908,28000244,42720,132,🏆 ChillTime🏆
132,#29QQ8JQ0Q,MAYOMI,0xffffffff,28000139,42702,133,AMG
133,#9Q8JVYQR0,SCOTT YT JR,0xffffffff,28000305,42450,134,
134,#PJ8Y02VR9,🐲ABarik🐉,0xffa8e132,28000341,42424,135,PakkGoust
135,#P9V0R0QLR,ńaxNAoNARAR,0xffffffff,28000139,42380,136,Лес Шайлушая
136,#PUYC22RC,TDH | Worthy个,0xffcb5aff,28000132,42335,137,Клуб: [#2QUJULL2U]
137,#PPRYP9V0Y,@Shami~💎,0xffff9727,28000332,42294,138,TT|club🌹❄️
138,#9RLYUUU2G,♡︎✨|𝐁𝐚𝐭•🦇,0xffffffff,28000023,42231,139,
139,#9PRQG008R,☆Altoriys,0xffffffff,28000333,42206,140,psx Wallace
140,#98LGU0QGU,тартарус,0xfff05637,28000348,42172,141,🇺🇦LVIV|UA♥️
141,#P0VJJQPYR,❄️ICE❄️,0xffa8e132,28000297,42162,142,
142,#8L8V9C8JL,Копучучкин,0xffffffff,28000000,42107,143,Max's Club
143,#89YRGCV0P,SHREK,0xffff8afb,28000115,42093,144,ТОП
144,#2L9QGVYV,YT|Shnurok,0xff4ddba2,28000284,41990,145,
145,#88GGCG08,vonyuchaya muha,0xffcb5aff,28000112,41954,146,вонючаямуха
146,#YUQGGLYU8,мėфęдpøн💞,0xffa8e132,28000196,41870,147,Club League
147,#LYU80JVCQ,A3134TOSTOBOY,0xfff9c908,28000156,41809,148,K7
148,#G0GC2RVC,😎kriwetka😎,0xffcb5aff,28000207,41793,149,Dragons club🦇
149,#2VL9CUCCV,Mad,0xffffce89,28000267,41761,150,Ɠσɗ ѕραƇє🌪
150,#2RUR8VG0V,KURS DOOM,0xffffffff,28000000,41701,151,trosva
151,#2RULQURQL,Katya♡Exteln,0xffff9727,28000297,41693,152,Город Орёл
152,#C8V82RC,あな🖤логекс<3,0xffffffff,28000002,41607,153,Silver DR.I.P.
153,#YRGVRY8U,ابوحسين,0xffa2e3fe,28000156,41594,154,كنا العراق
154,#UYPRLYJU,везучий бравлер,0xff1ba5f5,28000175,41586,155,Ytochki🐣
155,#Y228YPCL,PLAYER,0xff1ba5f5,28000061,41581,156,Willy Wortel
156,#98CLVVLL2,je t'ai arnaque,0xffcb5aff,28000244,41579,157,Club #28UV00QYP
157,#2Q2PQ0U8,ᴛᴛ|ʟᴏᴍᴀʟᴍᴏ,0xffffffff,28000000,41575,158,
158,#LQLR2G92Y,сVинореZ 😈,0xff4ddba2,28000254,41559,159,Храм Эль Примо
159,#88PYVGV89,[ОДН]SashaNik,0xffa2e3fe,28000053,41482,160,Друзья Макс
160,#98UV9YY2Q,MF|KрЕвЕтКа🦐,0xffcb5aff,28000284,41434,161,мир.дружба.жвач
161,#LJGU2GPCJ,saltyy🫐,0xffffffff,28000285,41431,162,Eᴠɪʟ Gʜᴏᴜʟs🦋
162,#98VCL0J8R,Leon,0xfff05637,28000132,41421,163,Na’Vi fans
163,#2GYLPJJQQ,Top4k,0xffff8afb,28000278,41401,164,Rage Always
164,#82LGY8VYL,Standa,0xfff9c908,28000087,41392,165,The Regiment
165,#2CQGVQLYV,ĐĐñł,0xfff9c908,28000050,41307,166,<c7>SunTeam</c>
166,#2RRQV29YR,[Я сам]СкРиПкА☁,0xffcb5aff,28000221,41295,167,простой клуб
167,#2LCPULURV,WLD | Reaper,0xffcb5aff,28000167,41286,168,Star x Reaper
168,#8QPQ8C2,SasiskaKiller,0xffa2e3fe,28000060,41242,169,It’s clown
169,#2JGRRRLRC,$мс-DenisKa$,0xffff9727,28000077,41237,170,mind-blowing💘
170,#29C98Q00U,Bs Maks,0xfff05637,28000020,41233,171,🌪Hidden Sand🌪
171,#PYGYVJG00,[БЛЕТ] ZAZIZ09,0xff1ba5f5,28000175,41211,172,ᴘʟᴀᴛɪɴᴜᴍ
172,#220LP8Q9U,Боец,0xffa2e3fe,28000163,41209,173,NobleKillers
173,#2QP2J8JL,🐟AKMAN🧜‍♂️,0xff4ddba2,28000101,41179,174,<c6>pink</c>
174,#8RRJUJL0Y,[Danat1n0s],0xffcb5aff,28000222,41179,175,
175,#PPGPUY2G2,Bs_Cookie🍪,0xffff9727,28000273,41153,176,Team Janka
176,#YCQ0RPJU9,хочу эдгара,0xffa2e3fe,28000305,41144,177,Наш клан
177,#PCPG9CQ2L,a'm Stes1k,0xffffffff,28000073,41102,178,heatłesss
178,#P9L0GU8LY,ＨＫ|Ｍｏｏｎ,0xffcb5aff,28000228,41071,179,самотлор2011
179,#8CV0UJVQL,путь шелли,0xffa2e3fe,28000341,41069,180,
180,#PJYR8202R,[𝙇𝙋]_ᗪ乇ᐯ|ㄥ,0xffcb5aff,28000336,41066,181,The Big Trouble
181,#2P2GYU8YC,SWAPPY89,0xffcb5aff,28000169,41006,182,
182,#PU0CPU80R,🇲🇽XxAngelxX🦂,0xffff8afb,28000175,40972,183,|NOOB|BRAWL|
183,#2YLGGGJ9J,☔︎♡︎love YOU♡︎☔,0xffffffff,28000281,40904,184,MDC
184,#9P2LL2Q2P,CJ,0xff1ba5f5,28000019,40898,185,
185,#9QP92CR0Y,Karpik👑🐟,0xff1ba5f5,28000034,40874,186,team xdawid
186,#P0LVJL09C,ғʟᴏʀʏ|ᵗᵗ♡︎,0xffff8afb,28000333,40838,187,trio pushers🕷
187,#229V8Q82,pardon_gandon,0xff1ba5f5,28000049,40809,188,Brawllers
188,#9RLP2VCVR,Another,0xffffffff,28000234,40808,189,CT
189,#8CL0YYRP8,Влад А4,0xff4ddba2,28000332,40797,190,Наша РАША
190,#8LL8QCQ2J,потвердить,0xffff8afb,28000129,40770,191,
191,#8C88P08J0,☢not geo☢,0xff1ba5f5,28000260,40738,192,
192,#2L0GUJPJ,𝐕𝐞𝐭𝐫1𝐱♡︎✞︎,0xffffffff,28000210,40717,193,<c1>Shot me</c>
193,#2099R9LYC,РкG597,0xffcb5aff,28000276,40715,194,MROCZNY BS🥋
194,#9QCYQGP8G,Emu Holdenmolch,0xff4ddba2,28000091,40710,195,Holdenmolch
195,#9L2QGP2RU,ПУТЬ СУНДУКОВ,0xffa2e3fe,28000347,40640,196,💛THE|GOOD💛
196,#2JC9LYPUQ,Vakanda,0xffa8e132,28000346,40635,197,Пенсионеры
197,#P8CLGP0U0,злой жендос,0xfff05637,28000187,40621,198,JENLYANDIYA
198,#2C0GVRYQP,‡Rock┃aneki‡,0xffff9727,28000152,40599,199,
199,#PRVJJ0QRL,♡OuroboroS♡,0xffffce89,28000182,40572,200,Обыкновенность
