,tag,name,nameColor,icon,trophies,rank,club
0,#PQ2PU2VLY,Fèno❤️🔥,0xffa8e132,28000210,54636,1,Slorien
1,#9URJQ998L,ᶜᵃˢʰ 🖤,0xffffffff,28000054,52169,2,
2,#PYQPPG8VL,チェレノクpcelenok🧸,0xffcb5aff,28000349,52094,3,Coffe Team✨☕️
3,#889G2CPJ,ᵒᵖELïᵗᵉ|Mïrcėá,0xffff8afb,28000259,51218,4,ᵒᵖELïᵗᵉ
4,#209QQGR0V,NeX НИКИТА,0xffff9727,28000252,50004,5,PUBLO
5,#8U8Y8YQ2V,xx_mihail_xx,0xffcb5aff,28000305,48699,6,_-®Legenda©-_
6,#YQRULLLJ2,死体| 𝕮𝖆𝖘𝖍,0xffffffff,28000054,47904,7,
7,#PJ2J8J899,SG|Roych7z 💫,0xffff8afb,28000194,47821,8,𝔹𝕖𝕫𝔽𝕒𝕟𝕒♡
8,#2GP8GYU0Q,x=69420,0xffa8e132,28000291,46486,9,<c7>Royalty</c>
9,#2UVCPLQPR,It's SaNya93?,0xff4ddba2,28000140,46444,10,BezBab_team
10,#2R8QL8CUP,fla1ddy∞tremz💞,0xffffffff,28000058,46163,11,
11,#GY8GYQJP,Miguel,0xffcb5aff,28000335,45914,12,QLASH Italy 6
12,#LL8CVGUR,𝙃𝙌𝘿|Dorato,0xffffffff,28000079,45574,13,Legiøn Legends
13,#9VU2QY82L,☃️CMA|CEDRIC☃️,0xffff9727,28000230,45223,14,CC|AMISU
14,#8CPP2R2VQ,i c e,0xffffffff,28000059,45184,15,
15,#98JGUCJP9,QLS |Vsmart™⚡,0xffcb5aff,28000228,45092,16,Адская Арена🔥
16,#2CVYU2UJ,❤surrender❤,0xffa2e3fe,28000314,44967,17,🌝happy moon🌝
17,#YYGU0Q9UV,AQM|GuilleVGX,0xffa2e3fe,28000182,44879,18,The Continental
18,#989C9LRYU,🐯🐯🐯🐯🐯,0xffcb5aff,28000297,43995,19,🏆|DeTreeXᵇᵃᵈ🎭
19,#8UGRGCPU0,Dani,0xffff9727,28000221,43792,20,r25
20,#2GVLGP2LJ,Ярик Водилович,0xffffce89,28000294,43780,21,🏯Nova|LEGION🎴
21,#9QYYPUJQC,Ḱévíń déŕ ḱíńǵ,0xfff9c908,28000165,43553,22,BeMoreFantastic
22,#2CUPYCLP8,Kosmos,0xff1ba5f5,28000229,43378,23,KTO|FAMILY ☄️
23,#9UGG0CP22,𝕄𝕃𝕄|𝔹𝕠𝕪,0xff4ddba2,28000261,43257,24,Sõnĝţäşţě
24,#P2UL0VQJQ,",♦ŦįmŦąłøń♦ŶŦ™,",0xffcb5aff,28000207,43218,25,мандарины зла
25,#PGPRG2JYR,tg: ilushalle💞,0xffcb5aff,28000229,43007,26,loup 🐺 garou
26,#9PLJ9V0YR,kelian cool,0xfff05637,28000273,42837,27,Creed|Aventus🖤
27,#9282JQ2VP,timo PRO,0xffffffff,28000135,42594,28,LCQ|E Sports
28,#YPR2JUQY8,путь леги,0xffa2e3fe,28000314,42455,29,ARMY OF LEGEND
29,#2P0JGV2VJ,karyssel❤️one❤️,0xffcb5aff,28000132,42037,30,ɴɪɢʜᴛ ʟɪɢʜᴛ
30,#8VGQUG9C8,Miszko,0xffcb5aff,28000163,42035,31,leśne lisy 02
31,#PY9G9UV0V,DELETE EDGAR,0xffffffff,28000000,42014,32,offline...
32,#JQQYLC8R,EP|pa amb oli,0xffff9727,28000061,41805,33,
33,#82U2PLV80,eltuerka._.,0xfff9c908,28000347,41310,34,TFC pero Brawl
34,#8PG02QUVY,comollokko,0xfff9775d,28000053,40712,35,✨G[OLD]✨
35,#U9GPCCUP,ɱモﾚエ,0xffa2e3fe,28000076,40499,36,ShockTeamツ
36,#8090PRVCJ,ἱⱴἱἱƥѷԋ🐞💚,0xff4ddba2,28000140,40491,37,
37,#L8PYGJYJ,LOLO,0xffa2e3fe,28000278,40477,38,TeamSinQueso
38,#9YVRVL2RG,Spirit💕,0xffffffff,28000267,40123,39,💥{SHOW|DOWN}💥
39,#QP0RYYRLY,Vortexgamer0O7,0xffffffff,28000141,40109,40,Armadillo Clan
40,#CVCGV20Y,Cuf,0xff4ddba2,28000002,39975,41,Tribe Van
41,#9YVYLCUG2,QLS |King,0xff1ba5f5,28000281,39974,42,Los Gamers
42,#8UV98UJV8,라라라,0xffcb5aff,28000349,39851,43,남조선SouthKorea
43,#VP899UPL,AndreaAg2005,0xff1ba5f5,28000064,39841,44,ita
44,#PYUCVYVJP,Shadow,0xff1ba5f5,28000176,39838,45,ᗷᗩᗰᗷ🌳🌳ᘔᒪᗴᗪ
45,#PRRPVLL0R,<VL | Derek>,0xffcb5aff,28000235,39808,46,Mazatlan Sin.
46,#GJ9RPGLG,LaLYoU,0xffcb5aff,28000291,39779,47,💎DIAMOND💎
47,#LCLGR098U,°•ALEX_LUX•°,0xffcb5aff,28000280,39747,48,star club
48,#8YUR2CJ0J,Стреlok.P,0xffcb5aff,28000335,39722,49,
49,#89PQGRUC,RLB | LG02 YT,0xffff9727,28000170,39627,50,
50,#2PCCJ8GJ,Sir William,0xff1ba5f5,28000098,39398,51,MECHA BRAWLER'S
51,#L209J8R00,абалдуй,0xffffffff,28000196,39319,52,Вальхалла 🧔☠
52,#2J2V2QU8L,🥀⛩|Iku🐧ツ,0xff1ba5f5,28000095,39314,53,
53,#PL8LV2GU2,☃︎MᴏRᴛIsᵗᵒᵖ✌︎,0xffcb5aff,28000322,38848,54,Дети Донбасса
54,#Q9VCG9U2,GuilleVEG,0xffff8afb,28000291,38769,55,El Rancho
55,#8QYUL9LU0,1000-7?|бездарь,0xfff9c908,28000072,38752,56,
56,#208QLR9Y8,🥀Kuwait🥀,0xff1ba5f5,28000282,38657,57,♣️Happy Death♣️
57,#2G0Q9CQG2,평민,0xffa8e132,28000001,38444,58,
58,#9298LPJ88,Dieegucci,0xff4ddba2,28000305,38044,59,Darkfire
59,#8CJ0VPRQC,:) obmAnchiK,0xff4ddba2,28000132,38043,60,Black Sea🌊
60,#V0RLQYQJ,사가다,0xffa8e132,28000271,37961,61,동전 줍는 징징이
61,#22RGVVV8J,chóbert,0xffcb5aff,28000203,37875,62,ZeroTwo League
62,#8RCGJG92J,Mariets,0xfff05637,28000347,37809,63,громада
63,#PR98C0PY0,💘king|mix66🧋,0xffcb5aff,28000280,37798,64,TEAM BURZA⚡
64,#GJPY8YG9,CooL_PlaYerS,0xffffffff,28000000,37602,65,Coo1_P1aYeRs
65,#22GVRL8V8,JCE | REDPANDA,0xffa2e3fe,28000053,37573,66,JCE
66,#8CC09VLUV,BS|☔tt|jacob,0xffffce89,28000225,37406,67,Brawl Yann
67,#9VR98CQPJ,Flame_Stare🪐,0xff4ddba2,28000341,37363,68,Mamont SCAM👿
68,#8LL9J2VCU,face_calvisimo,0xffcb5aff,28000139,37274,69,
69,#22LLQGPRQ,Knups2.0,0xffcb5aff,28000095,37261,70,<c4>Brawl</c>
70,#8QUJJ8L9P,Cjastek,0xffa2e3fe,28000330,37100,71,Win Lane=Win
71,#PJ0VUG2LV,shadow fiend,0xffffffff,28000302,36968,72,серега пират <3
72,#PUPYYVV20,75년생 아재,0xffa8e132,28000305,36940,73,CoJi
73,#UPU8V00J,kiler Sanok,0xffa2e3fe,28000163,36908,74,МАГУРЯНИКИ
74,#LUCQ2LUP,ẞē3ŷнчűĸ™,0xffff8afb,28000002,36899,75,FeintClub
75,#Y8JLULUG,al3xxsp,0xfff05637,28000170,36871,76,
76,#29VC8JPLR,疯子| SolFiX🌩️🥀,0xffffffff,28000038,36802,77,<c3>TheBest</c>
77,#2QJ2CGVVJ,kaka,0xfff05637,28000023,36707,78,Black⚫️Friday
78,#YJVVPYVC0,Rodion4ik,0xff4ddba2,28000132,36644,79,🥷$ Samurai $🥷
79,#PPJRQ9QVQ,0 ik,0xffa8e132,28000228,36627,80,
80,#GGCVGCR8,Blud🗣️🔥‼️,0xfff9c908,28000292,36607,81,FAMILY C.C.
81,#2JRV9PLVG,rydza123,0xffa8e132,28000305,36588,82,Ziemniaczki
82,#9PYJY8PP0,batu is flawlez,0xff1ba5f5,28000129,36553,83,Stadtpark
83,#YUL8CRRVU,ARMA86,0xff1ba5f5,28000348,36539,84,peppa pig bg
84,#UQC2CJ0C,SPIKEбез даната,0xfff9c908,28000352,36386,85,melisssa!!👅
85,#GGG9UU0Q,Ryu(リュウ),0xfff05637,28000273,36260,86,NIUEANS ONLY
86,#882RP8YQ8,✨️Icy 97 YT❄️,0xff1ba5f5,28000290,36189,87,CarnageGame
87,#P8V8UL29Y,TheShuᶫᵒᵛᵉᵧₒᵤ♡,0xffa8e132,28000140,36133,88,KRAKEN
88,#2JCCCQJYG,Teen X,0xffffffff,28000297,36050,89,les bakas
89,#9GJRVGR9P,leon,0xff4ddba2,28000140,35955,90,semi cerchio
90,#RY29YCPJ,мудрій дед,0xffa2e3fe,28000064,35908,91,
91,#P0VQ0R0P9,🖤STAR🌠,0xfff9c908,28000279,35904,92,
92,#PC9CR2LPV,MMA|RyTp,0xffff8afb,28000023,35887,93,
93,#2CUJQ00LY,~🔱KING🔱~,0xffffce89,28000221,35735,94,Reign
94,#PJRJPL2UG,SorVigOlaVa YT,0xffcb5aff,28000135,35722,95,
95,#9LVUP0QUJ,🥀爱|Lenny🕊,0xffcb5aff,28000018,35696,96,☆DeutscheBande☆
96,#2VGJJGYJR,🐵LP ERZH2020⚽,0xfff05637,28000335,35686,97,DamBa
97,#8JULRRPV8,7576,0xffff9727,28000303,35679,98,
98,#8999PGYYQ,pepe,0xff4ddba2,28000342,35646,99,Nova Hispana
99,#99G0890P,FamousMookie,0xffcb5aff,28000170,35641,100,On Full Blast
100,#8CG2P2QLP,Sergey Boss,0xffffffff,28000060,35553,101,<c9>Игроки</c>
101,#8VRU00J8J,WS|NURA,0xffcb5aff,28000135,35544,102,peppa pig bg
102,#9P0PYCVL2,El Primo,0xfff9c908,28000170,35518,103,💧 Water Time💧
103,#2GU99PRGL,😭BlueArchive😭,0xffa2e3fe,28000167,35388,104,🐷BGW🐷
104,#82U8LPPGC,1000-7ghoul,0xfff05637,28000132,35388,105,
105,#UL2QYUQU,white_Marekiaro,0xfff9775d,28000347,35269,106,de Koekeperen
106,#RUVLG8J9,BM|kiuby|ǤΘ͢͢͢D,0xffff9727,28000290,35124,107,
107,#P8R2P0J00,Flo,0xfff9c908,28000042,35079,108,We are Tᴏxɪᴄ
108,#808YG809U,GX mucca,0xffa2e3fe,28000330,35052,109,☆BA§T@RĐ INSIDE
109,#9GJ28VP89,МЫШЬ ДЖЕРРИ,0xfff9c908,28000291,34976,110,Отгребище
110,#Y0JGGGVYJ,do,0xffcb5aff,28000175,34965,111,SMP_7A_7B
111,#2JVYRJCPJ,+W|Martyr💔,0xffcb5aff,28000305,34929,112,
112,#CLQ8G9VV,(_R0g_),0xff4ddba2,28000254,34781,113,
113,#8L9V2J0U2,Боец,0xffa2e3fe,28000008,34735,114,ГлАвА_МиРа
114,#9YPJUQ98,kevin thekiller,0xffffce89,28000020,34476,115,team mexico
115,#9VCGR009V,konigmaxim,0xffa2e3fe,28000079,34466,116,konigmaxim
116,#VGVLVGY9,Fëdërïcö,0xffff9727,28000340,34437,117,China🇨🇳正義联盟
117,#9RYQV0RRQ,⛩️|bomxara🥀,0xffff8afb,28000284,34400,118,VZ Gaming⛩️
118,#9VGGGYRJ0,Amonsur,0xffcb5aff,28000014,34398,119,Пацаны 1337
119,#2QLV9C9YC,IคmͥṨiͣcͫҜ♦️,0xfff05637,28000104,34381,120,Team PT
120,#L9PQJ2LGJ,Денис,0xff4ddba2,28000128,34334,121,
121,#92UYCVV9L,SICAK,0xffffffff,28000352,34320,122,Old Brawl
122,#22P0VQ2J,DamirNe L,0xffffffff,28000347,34243,123,((⁠⊃Tne Stong))
123,#8JJ8P0PGY,⛩️|Turtle🐢🥀,0xff1ba5f5,28000129,34205,124,Donald duck
124,#YVQR0J89R,nichtTilo,0xffff9727,28000262,34087,125,Clubnicht
125,#2090PQCJR,影の多い💞,0xffff9727,28000331,34064,126,KRAJ|BANANÓW
126,#8QYPC2U99,Лампа🏮,0xfff05637,28000103,34039,127,NO MERCY
127,#LVCV02JU,spark_アシュラ,0xffa2e3fe,28000341,33930,128,フランレイン
128,#Y0QU9PVVL,SquishY,0xffff9727,28000267,33924,129,
129,#9LCUQPRJR,R-N|ʀιʟιsιтι💞,0xffcb5aff,28000228,33915,130,ДУРКА Е6АТb
130,#LPU9GGRC,jus d'orange 🍊,0xffff9727,28000294,33913,131,Les Goblix
131,#2LJ8JL8L8,Boomer1804,0xfff05637,28000006,33886,132,Ü30 YELLOW
132,#2YP2GYULC,Diego off YTB,0xff1ba5f5,28000249,33870,133,
133,#9PQQQV920,𝙼𝚒𝚗𝚎𝚛🚭,0xffffffff,28000254,33868,134,Универсам💘
134,#9VU0J8Q89,NIELS.#*,0xffa8e132,28000259,33832,135,<c
135,#9RU2G2PLP,Strelok_Legenda,0xffa2e3fe,28000078,33716,136,🍑onlyGIGACHADS
136,#8LGJ0QPP9,IDarkWeron🥶,0xffffffff,28000135,33677,137,SUCUK
137,#2U8QCRJJV,MR_Master_YT2.0,0xffcb5aff,28000258,33657,138,Играй_Клещнями
138,#8VVGY9J8Y,mef🩸,0xffcb5aff,28000014,33608,139,
139,#LYLL9V0G,JCrow2903,0xfff05637,28000347,33578,140,Park Caótico
140,#PJRGGGVJ2,🏆|𝖣ᴀᴠᴀ ᵇᵃᵈ🎭,0xffcb5aff,28000330,33570,141,🏆|DeTreeXᵇᵃᵈ🎭
141,#P9QLJRRCY,NaVi|HORS,0xffffffff,28000023,33565,142,Тима бобиков 🐕
142,#P0CQ2VL8,🇺🇦Flea🇺🇦,0xffffffff,28000271,33565,143,бегемоти💪🏿😶‍
143,#80LJ0QURU,拿🍀魔,0xffa8e132,28000349,33499,144,FC|Catus2.0
144,#9PJ0YCPP9,☔|Smakh🌧️,0xffff9727,28000347,33432,145,Активы СНГ
145,#9UJV9VL02,Sascha kaksl,0xffff9727,28000347,33410,146,Mais kolben
146,#LPCYJ9CUV,IQ-|БрАвЛеРР|😎,0xffcb5aff,28000132,33405,147,Uk
147,#9QR8GYGLJ,Dart V.,0xffffce89,28000226,33394,148,Black_Hawk🌇
148,#2L2R89UQJ,XĒŖØB∅ŘĮÑÄ,0xffcb5aff,28000349,33320,149,Full House
149,#PP88L2QYL,Heiko67,0xffa2e3fe,28000271,33312,150,A.Y.J.S 2
150,#LPRQ2G22P,сухарик),0xffffffff,28000163,33290,151,
151,#PC892QYRP,Сектор газа,0xfff05637,28000132,33268,152,Toxics👎🥶☠️
152,#209RRRPLQ,Urolog🥼ツ,0xffa8e132,28000175,33238,153,ciasteczkowo94
153,#P80RJQ0GG,sosy_jopy//:,0xffcb5aff,28000276,33227,154,
154,#LYC8UYU0,joker tv,0xffcb5aff,28000274,33144,155,Kaktusáci
155,#8YVRYQ2YG,CM|❄IceGene❄,0xffcb5aff,28000132,33063,156,Arhes
156,#8G2YLYPLQ,Brawl Buddy,0xffa2e3fe,28000322,33059,157,øgtєค๓🐙
157,#9PY2VV8P9,crazy boy™,0xffa2e3fe,28000349,32928,158,
158,#8Y929J2VG,™Kacpi💙👅,0xff1ba5f5,28000022,32921,159,Cynamonki
159,#VGU9UJRC,COPA,0xfff9c908,28000014,32910,160,Le Valhalla
160,#9QL2UJ2GC,MEZARCI/,0xfff05637,28000023,32900,161,cfc aydin
161,#R2QR2Y22,[MMA]Ukraine,0xffcb5aff,28000033,32855,162,Almashok
162,#2C0GPGPRJ,Moͥrtͣiͫรᴳᵒᵈ,0xffa2e3fe,28000207,32845,163,Dawn Horse
163,#8LGVU8C0C,Brawler,0xfff05637,28000163,32832,164,
164,#PLPUQV0VQ,🔥CoBaKeN🔥,0xffcb5aff,28000274,32829,165,
165,#U29P8UY9,ARSIK,0xffcb5aff,28000180,32794,166,
166,#LGYJLCY9,prayforturkey,0xff4ddba2,28000017,32779,167,<c7>doeda</c>
167,#9L2QP0PQY,_NɪssᴀN|🖤🥀|,0xffffce89,28000125,32770,168,ЧВК x Dauni
168,#YQQRVQYPY,مصطفى /king👑,0xffa8e132,28000060,32769,169,Colvdin
169,#2R8J2VY0R,kosoi_killer,0xffcb5aff,28000156,32728,170,GRTE
170,#8JU22G0L0,[AU] Дэдпул,0xfff05637,28000226,32666,171,DARKSIDERS
171,#9VVP8LRR9,Poco,0xfff9c908,28000224,32565,172,Show No Mercy
172,#P2L9CRP8V,raph,0xffffffff,28000331,32537,173,◇Scarabeto🪲
173,#8Y88Q8Q0V,Felix,0xffa8e132,28000017,32476,174,DREAM.TEAM
174,#8L02G8LU0,(:MITO4444,0xffa8e132,28000003,32420,175,Lukasports
175,#P002GCCLV,Pro Bartu,0xfff05637,28000273,32400,176,StarDust🌟
176,#PQJUGVUJ8,🇦🇿hacıpro🇦🇿,0xffffffff,28000290,32379,177,Squeak OP
177,#20980JRGR,Tekerinka64,0xfff9c908,28000170,32328,178,
178,#2U0Q0VYUV,Hades,0xfff05637,28000023,32322,179,Helvetia Legion
179,#28RYQYQ0P,餅の上位互換,0xffcb5aff,28000016,32309,180,来世はJKになりたい。
180,#22GGCUG2Y,¶|Astik🀄,0xffffce89,28000166,32298,181,
181,#92LPPQ0P8,Šerif Bibi,0xffcb5aff,28000335,32257,182,PK Aveti
182,#Y0U0PU2GG,ded unsaid),0xfff9775d,28000347,32254,183,Lords of Fire
183,#PCLU8L2YL,WTT |ＤａｓｈａＸ🍿,0xffcb5aff,28000135,32198,184,fc chevre-miel
184,#2J9P99PQ9,NAVI|MoŕTis☔️,0xffff8afb,28000132,32163,185,8а
185,#99QC2LGCJ,𝑇𝕽𝔼ℵツ,0xff1ba5f5,28000219,32162,186,DisTancE
186,#820R00P2,P4T1T0 ;),0xffff9727,28000132,32021,187,
187,#2UL0YL80,ЧИТЕР777,0xffa8e132,28000305,32019,188,клан х8хлы
188,#8Y88QJGRC,dabiminecraft,0xffff8afb,28000156,32016,189,Nova I Legends
189,#8GC82VRYY,порышко,0xff4ddba2,28000330,31976,190,Нypyreon
190,#82PYPRUP2,bubble butt,0xffa2e3fe,28000017,31921,191,Aaron is cute
191,#99GJRVLPV,NaVi|MorTis,0xfff9c908,28000132,31904,192,
192,#9PUL9CURY,🎴奥普|Shinobi⛩️,0xffa2e3fe,28000352,31895,193,
193,#9GVC29QJ8,読 | 𝒫𝖆𝑟𝚊dø,0xffcb5aff,28000288,31884,194,lena mangas
194,#PLG9JVYU9,~~~,0xfff9c908,28000132,31858,195,<c8>☯️ENJOY</c>
195,#L9R8RUYRL,kep 😈,0xffcb5aff,28000112,31851,196,Ekipa Bohamet
196,#99QLLUGQ2,$€¥st|trypel44™,0xff4ddba2,28000181,31830,197,
197,#8ULQ2JV9V,Lovely gg,0xffff8afb,28000132,31827,198,Kaktys|
198,#8LRRCG0RJ,MrBoggsy,0xfff9c908,28000226,31822,199,Хохлы
199,#PC9CCGCPV,⛩️ᴡᴀʀɪᴀᴛ🎋,0xffffce89,28000335,31773,200,Polish League
