,tag,name,nameColor,icon,trophies,rank,club
0,#2VLC29YLQ,AG_Leo.89,0xffff9727,28000259,61979,1,LostTimeヤ？
1,#UPQY99Y,PrJ|DifDenk✨,0xfff05637,28000271,57756,2,Tribe Turkey
2,#2QYLYJRCP,sergioM,0xffa2e3fe,28000036,55650,3,JesuClub
3,#9P99CC02Q,CM | KONKON,0xff1ba5f5,28000061,54262,4,☆La Titambeau☆
4,#8QUCJVJYY,rorhl,0xffff9727,28000251,54160,5,CIA GAMING
5,#9RQY20U8Y,Sturmerdbeere,0xffcb5aff,28000335,52880,6,
6,#20PVCG8U2,高 | f1mozz 🐷,0xfff9c908,28000018,52525,7,TOP LEGEND
7,#98QCGJ8QJ,PAGOᴿᵁᴺᴱ,0xfff9c908,28000132,51481,8,Toxic
8,#PGVLUVVGY,夜晚 | •sᴀʀᴀᴀ🌙✨,0xffffffff,28000156,50826,9,Clasher Eshan
9,#899V0CYV0,rashida,0xffa2e3fe,28000294,50818,10,Shunik|Team😘
10,#9YU92VRC9,❤❤Pizza Hut❤❤,0xfff9c908,28000018,50283,11,ETIHAD GAMING
11,#98VRC0G8P,noob,0xffa8e132,28000284,50224,12,Silky-Fanclub🦭
12,#L8RLLRGJJ,🔥💪GIGA|CHAD🤳,0xfff05637,28000233,50036,13,Poland Energy™
13,#28J9C88YR,DT|Antの⛩🐣,0xffffce89,28000000,50024,14,LesChleuh|🇲🇦
14,#P2JYVYPP0,HaVi/MMA,0xff1ba5f5,28000168,49051,15,<c3>Killers</c>
15,#9R90PRJQQ,Ali,0xffa8e132,28000170,49008,16,Best🫀
16,#8U09VUCC2,참새방앗간,0xfff05637,28000247,48682,17,설화
17,#2LQUYYCG2,ghost_IQ Player,0xffcb5aff,28000179,48590,18,Bretzenheim
18,#2RCQJRR,x¥bran¥x,0xffcb5aff,28000041,48527,19,<c3>PS</c>|Army
19,#90JRQGVRL,karakum baba,0xffcb5aff,28000341,48319,20,🏆ÇILGINLAR🏆
20,#YUCLYP289,Il Maestro,0xffcb5aff,28000129,48310,21,Lay'dBackNation
21,#20YL82J08,妹妹,0xffcb5aff,28000305,46978,22,CrispyBash
22,#PJLQ0PUYJ,xiao,0xfff05637,28000004,46809,23,RO|Push
23,#89JYQ02R8,AngryMan|ッ私,0xffff9727,28000132,46754,24,Real colizzati
24,#2PYGQJG02,Salty_underscor,0xffcb5aff,28000335,46541,25,Poland Energy™
25,#929Y2LY9G,Enͥdiͣpͫro 🇫🇷,0xffffffff,28000293,46364,26,Peladosayans
26,#JVP0Q,FIRE/🔥lucas🔥,0xff4ddba2,28000135,46182,27,Los Capos
27,#P8G8L2LCP,🧀 Gruyère 🧀,0xffff9727,28000148,46171,28,Weegee club
28,#2GJYLLC0Y,V12|Damy💞LamBo,0xfff9c908,28000322,46123,29,Ranks Farmer
29,#20QUYJYGV,GDESTEVAN,0xffff9727,28000021,45961,30,Café com torta
30,#89C00YRYQ,$ashaz,0xfff9c908,28000347,45857,31,Full Primal
31,#90YVJC8LU,AnGrY kInG,0xffffffff,28000021,45821,32,❤️ L’amore ❤️
32,#8RYRGCQC9,Sad💔Luntikzz✨,0xffffffff,28000221,45730,33,GG|TOPER'S
33,#VC8P9UQV,SDP | Davide,0xffa2e3fe,28000140,45631,34,SENZAFRONTIERE
34,#JJ0PQG2U,TheManu,0xfff9c908,28000221,45514,35,súper Hub
35,#98LRRYQ99,Vişne,0xffcb5aff,28000305,45502,36,Fearless
36,#2G0QUV8YV,𝙻𝚘𝚞𝚝𝚘𝚗𝚐❦,0xffffffff,28000018,45498,37,Champions🔥🗿
37,#YPP22UYUL,☣ŤØXŚIĶ☣,0xffa2e3fe,28000348,45370,38,ASTRON Libra
38,#2LPQ8UP8R,Raven 🖤,0xffcb5aff,28000345,45053,39,<c9>XY|Team</c>
39,#2LRLVC9RJ,KeK°DestroyeR,0xffcb5aff,28000211,44911,40,INFINITOS
40,#209RV8P88,LK ÉĹŃÒŠËQÛÊ,0xfff05637,28000175,44790,41,Kings Academy
41,#8GRJ8PR89,Choporov n,0xffff9727,28000297,44780,42,<:SHYSIK:>
42,#8G9VRYL9C,نادر,0xfff9775d,28000281,44575,43,oo😕🙂
43,#89RR0VYPL,Enrique_728,0xff4ddba2,28000305,44317,44,Corvo
44,#2VCP999UJ,乂 | A l p h a ϟ,0xfff05637,28000304,44305,45,☠KillerMachines
45,#8VCRGJ2GQ,chrisman66,0xffcb5aff,28000267,44282,46,Ejército verde
46,#PVLG8C8J,hadès,0xffff9727,28000128,44112,47,lalaliloula
47,#PVCG9JPLJ,Hernán :v,0xff4ddba2,28000140,44081,48,LosBonnieYippie
48,#VCPQPJL2,ɪʟᴀʏᴅᴀ^.^,0xff1ba5f5,28000018,43977,49,club name
49,#90QJRVG,Kiss,0xff1ba5f5,28000152,43644,50,돌아이들|StoneKids
50,#R9Y2C98G,Kip670,0xffff9727,28000156,43616,51,Whale's 🐋
51,#P89J90JU2,Code:BraveMorty,0xffff9727,28000284,43606,52,𝓝𝓲𝓽𝓮𝓞𝔀𝓵
52,#8UQY0Q9U,BurntPotato.exe,0xffa2e3fe,28000328,43490,53,TripleThreat
53,#PJRGJYPGR,stef1234,0xff1ba5f5,28000019,43383,54,Knabbelz
54,#92GQY2RR8,ADITYA,0xffa2e3fe,28000151,43353,55,BrawlKings
55,#9PPJRLQ2G,AI 3,0xffff8afb,28000303,43087,56,Target
56,#L8QRP0P80,<3,0xffa2e3fe,28000258,43078,57,ÖZ BUDAK
57,#28YLR22GG,FaZe_Poep,0xffcb5aff,28000173,43069,58,Piploe
58,#LPYL2CUQ2,♤᭄Asur࿐❥,0xfff05637,28000291,42538,59,Pain
59,#8G9RVVU2L,𝖈𝖔𝖈𝖘𝖎𝖐🥥,0xffff9727,28000132,42457,60,SMC Club
60,#2G8J9RQVQ,Мистер Картошка,0xffcb5aff,28000228,42241,61,
61,#988CYUCRG,Chalky,0xff4ddba2,28000090,42157,62,TigerTeam
62,#R8Y8RLR2,Mͥirͣoͫ🎈🥀,0xffa2e3fe,28000347,41632,63,
63,#8JVLV8P9V,TARA,0xffa2e3fe,28000330,41500,64,SunMaid
64,#8G8YGVVL2,L_REVOLUTION.23,0xffcb5aff,28000348,41434,65,😈상현 DEVIL 😈
65,#9JY9LRYGJ,Krystek,0xfff05637,28000042,41427,66,175
66,#2GQJ2JYGG,✞︎𝙼𝚞𝚛𝚒✞︎シ︎,0xffff9727,28000279,41225,67,Super Verișorii
67,#28VJVVUUY,Rodrigo el de 5,0xffffffff,28000335,41215,68,HBBS
68,#2L8RY2QL0,jojek,0xfff05637,28000126,41148,69,leśne lisy 02
69,#J2YYRRVQ,SonAmyMrFreeman,0xffff8afb,28000323,41096,70,Gremio docente
70,#9C9C2008R,YT_Artik💔,0xffcb5aff,28000305,41083,71,Aventus 🦈
71,#YRGYP2LCU,íɑʍ⋉ᴬǤ⋊,0xffff9727,28000211,40939,72,
72,#RRJR8GQ0,thomas,0xffcb5aff,28000332,40889,73,YT ITALIA 2
73,#GU2VYCYL,OP| 1NFO_,0xffffffff,28000039,40850,74,
74,#2LRCGGCJP,It's seryoga💔,0xffcb5aff,28000139,40827,75,Stars💫Showdown
75,#YRQCCRUL,TVA|⚔️Kaixa⚔️,0xfff05637,28000339,40785,76,TVA Esports
76,#980VQPPY9,❄Kyle ❄,0xffa8e132,28000349,40617,77,전람회
77,#2289UUQUL,XxjavichicoxX,0xff1ba5f5,28000322,40607,78,TR LEUGE
78,#2GJ9QUQRR,на дошиках,0xfff9c908,28000176,40499,79,EA Sports😎
79,#8YCYCC8YP,mehmet2011,0xfff9c908,28000003,40444,80,🥵🥶PRİME🥵🥶
80,#YV8G2VUGY,Robert,0xffff8afb,28000326,40408,81,Royal Tigers
81,#PJQ2YYVRG,⛩️|ʟɪᴘᴘʏ♡|🎋,0xffffffff,28000196,40337,82,
82,#QQJ8LGJJ0,Chez❤️🧃🌎👑,0xffff9727,28000111,40214,83,WE DESTROY
83,#22LPCJ0UR,мольок,0xff1ba5f5,28000317,40115,84,PROFI
84,#22JVC9Y08,toose❤️アカシュ,0xffcb5aff,28000301,40083,85,
85,#82CVGLGGP,MZ alessandro,0xffcb5aff,28000335,40081,86,RAVENTS🇹🇷
86,#8LPRRYV88,BLD | Ghost™️🉐,0xff4ddba2,28000332,40000,87,Mirajs
87,#Y22P88P9J,Black Moster,0xffff8afb,28000175,39870,88,FC primos
88,#8VRJ2CQ99,lapapaille,0xff4ddba2,28000291,39832,89,Morgul
89,#QP2UCR2C,vašule,0xffff8afb,28000317,39755,90,Czech Hypers
90,#P82R2YVLY,ℤ𝔼𝕋𝔸|𝕲𝕆Ḷ🕊,0xffffffff,28000132,39745,91,<c7>Otis</c>
91,#R2UQU9QG,Larry la Mangos,0xffcb5aff,28000156,39527,92,REY DE REYES 👑
92,#2QLQ22YY9,지후아빠,0xff4ddba2,28000084,39460,93,
93,#8QUVC9U2V,AQM|IbrahimV,0xffcb5aff,28000078,39314,94,
94,#2L898LYCQ,ZRØ|Vixmeni,0xffa8e132,28000188,39224,95,
95,#2J29U90V,Imörgön,0xfff9c908,28000132,39213,96,обсосы РЮИ
96,#2GV88RC0P,the dinø dinø,0xffff9727,28000273,39201,97,Brawl Stars RD
97,#8LVCPRC00,yashiro ♥︎,0xffff8afb,28000228,39165,98,зхс
98,#2R8CGG09,w҉o҉j҉t҉a҉s҉ シ︎,0xffffffff,28000156,39119,99,Koala team.
99,#LY0C80GUP,Capybara,0xffcb5aff,28000280,38955,100,BOOK OF BOBA
100,#P2PR8VYV,ERP,0xffcb5aff,28000002,38895,101,askartza warrio
101,#RGP2GU0P,supreme killer,0xff1ba5f5,28000335,38794,102,
102,#92QJV9V80,eee,0xfff05637,28000205,38778,103,Dusk Invaders
103,#QUR98Y9P,Hector 9,0xffcb5aff,28000331,38750,104,ARTANA
104,#PY00Q0V8L,PharaoN,0xffa8e132,28000156,38593,105,The King‘s
105,#88RVUJC0U,◼️G.14◼️,0xffcb5aff,28000349,38568,106,xuuuxeees
106,#JQJP2GGL,WEB|Артём,0xffa2e3fe,28000262,38538,107,
107,#2VLQPUJG2,lolomaster,0xffa2e3fe,28000244,38512,108,LOS MALOSOS 7u7
108,#C8R82U8Y,rafota lis,0xff1ba5f5,28000335,38502,109,Joselu🤠👍
109,#2GRYYY99R,TQ|⚽德尔,0xfff05637,28000095,38498,110,
110,#PGLPQLU2V,glbvvv😶‍🌫️,0xff1ba5f5,28000079,38470,111,stagnant water
111,#GV2JPVQJ,Vision2Jeu,0xfff9c908,28000072,38454,112,BS|Esport
112,#280UVQCL9,esperesso,0xff1ba5f5,28000301,38435,113,👑Royalty👑
113,#9R0L9J8LR,𝐀𝐍𝐓𝐎𝐍ツ🏆⚽️,0xffff9727,28000176,38379,114,Siurki Ogórki
114,#2L0G9P8QQ,🦋•Paco↯❤️‍🔥,0xffff9727,28000346,38290,115,⚡Legend|ᶜˡᵘᵇ⚡
115,#PV90RPLVQ,.DDnl⚽️,0xffcb5aff,28000341,38253,116,Фаодеки|YT
116,#92G0CGR9L,Bot|星白鹿辰｜1❄️,0xffcb5aff,28000281,38222,117,Un Brawl?
117,#L0P8CQVUY,GIS|Alfedov,0xffcb5aff,28000156,38070,118,Непредсказуемые
118,#22CP0280U,Beached_Whale,0xffcb5aff,28000305,38013,119,NEVER BACK DOWN
119,#9Y2GPJQGY,Anduin,0xffa2e3fe,28000170,37892,120,Respachi🇺🇦
120,#20PQ29QL0,KNX | MITSUO,0xffcb5aff,28000335,37753,121,Nova|✨Ultra✨
121,#80R8G00JG,✴Regulus✴,0xffcb5aff,28000341,37710,122,Star Kingdom
122,#2Y08ULJ0R,Sweet5683,0xffa2e3fe,28000272,37667,123,SweetLove100817
123,#8LLV0GQQ,Perfect_m1nd,0xffffce89,28000221,37576,124,klub nimfy kotl
124,#2PLRRG92P,Master Sonic,0xff4ddba2,28000151,37550,125,Legendäry
125,#8QLP2JVL9,🥹Weluy💔,0xffcb5aff,28000156,37529,126,MRC Elite
126,#GL22QCU,vortexzzzz?🩸,0xffa2e3fe,28000150,37517,127,Paranoid Tales
127,#P8YYPY8C,𝚖𝚊𝚌𝚞,0xfff05637,28000336,37506,128,PROBABLSTASERS
128,#9UR0J0RU,gobbybs_dimykbs,0xffa2e3fe,28000163,37397,129,qwackheads
129,#92JRU2J2V,IK | INSANO,0xffa2e3fe,28000293,37379,130,LCC BsCrew
130,#Y0C90VU2V,[𝕸𝖆𝖗𝖈¹⁰🐶],0xffff9727,28000348,37340,131,♥️The family♥️
131,#8R0JL9LCR,amanda 🤎,0xffff8afb,28000284,37297,132,<c8>Mystic</c>
132,#9GR0C9UVV,L10 AHMET L10,0xffa2e3fe,28000290,37229,133,KARA MERMİLER
133,#8JU8L22QP,€AB$ GG BRAWL,0xff1ba5f5,28000168,37154,134,Death Stripes
134,#9RQULU0LY,Juice Box 🧃,0xff4ddba2,28000021,37128,135,
135,#80UPGRL00,FM|Valerchik,0xff1ba5f5,28000132,37127,136,клуб прошек🥵🥵
136,#P0CQ208J8,Raubfisch,0xff4ddba2,28000021,37092,137,
137,#829R2U8V0,Ø|LeøDarkツ,0xffcb5aff,28000332,37047,138,Dragonfly
138,#20GLVCY9J,Великолепно,0xffa2e3fe,28000267,37034,139,Не СкАзКа
139,#P9V2R2V9J,Madara,0xffff9727,28000225,37010,140,@Club-Pro
140,#22L8LUYG0,superbob,0xff1ba5f5,28000285,36989,141,Reddit Phoenix
141,#GYPLVUQP,mert,0xfff9c908,28000293,36943,142,
142,#QL28QV0G,치킨팝,0xfff9c908,28000305,36923,143,PVP친선
143,#2YRRRU8UL,GX ANDREW,0xffa2e3fe,28000352,36877,144,ronalmessy
144,#LCR0RGQ,mh der losti,0xffffffff,28000023,36856,145,Hunteburg_BS😨
145,#2LRLR2VLU,Hyra,0xffa2e3fe,28000174,36835,146,✨woltik ¦TT ✨
146,#2CCLRVL9,치질에물파스,0xffff8afb,28000129,36834,147,GlobalEliteClub
147,#Q0C9YYPVG,JARMIN,0xffffce89,28000328,36739,148,香蕉联盟
148,#PQRQVU89Y,ПИЖОН,0xffff8afb,28000132,36697,149,Drakon4ik|Team
149,#8GPUPV9UJ,⦅𝕟𝕒𝕔𝕡𝕒𝕝⦆,0xffcb5aff,28000222,36644,150,La Familia Top
150,#2R820YC8L,MK|Mâńøå•~•,0xffff9727,28000343,36618,151,
151,#CY82QJVJ,Joeru,0xffcb5aff,28000002,36536,152,Dskts
152,#9PYGGYJ00,может чаека?,0xffa2e3fe,28000058,36521,153,зхс
153,#99RYVCVYP,RichiMichi!!!,0xffff9727,28000341,36520,154,SuS
154,#2JJCJLLQV,Aurelien.bs,0xffa2e3fe,28000000,36508,155,Pepitoo
155,#88G09Q8YY,❤️ЗаЕ4ка❤️,0xffffffff,28000000,36390,156,Ежевичные попки
156,#99JLU8GR0,ēm0ķ1d2007,0xffcb5aff,28000129,36386,157,Gene's Club
157,#2VUQJQJ2P,It's Tape ♡︎,0xffffffff,28000139,36362,158,
158,#9R9Q8Q0R9,ThanosIsMeee,0xffffffff,28000310,36352,159,Azrail E-Sports
159,#LJ9GVYCG2,YT. DARK_JERRY,0xffa2e3fe,28000352,36316,160,Empire Loofy|❄️
160,#2QUYCUGUV,EnDroK1779,0xffcb5aff,28000016,36299,161,Cactus
161,#PRJR2QLV,聽「𝖨𝖼𝗒」ᴳᴼᴰ♡,0xffcb5aff,28000014,36282,162,South Africa
162,#2UG8JCGJV,ANONIM,0xffffffff,28000289,36275,163,ROMZ🐉
163,#8P00Q0YVC,dawnmaster258,0xffa2e3fe,28000112,36245,164,Hawl of Fame
164,#9RL8JVRQG,somehow good,0xff1ba5f5,28000138,36115,165,Waseem Warriors
165,#2JRJP9RV2,snakkxz.🤍,0xfff9775d,28000310,36052,166,спать
166,#9PQPQC988,Álvaro_.7,0xff1ba5f5,28000310,36034,167,Blue Lock
167,#2CJRLQPUR,#⚽️DAVID⚽️,0xffa8e132,28000173,36025,168,suínos de pt
168,#2RQLRYGU,ViRuS,0xff1ba5f5,28000289,35929,169,TOP STAR
169,#QQC8LULQU,꧁ঔৣ☬✞𝓓𝖔𝖓✞☬ঔৣ,0xffcb5aff,28000271,35912,170,INFINITOS
170,#88YJGCGGV,>.<RaulTeanu|31,0xffff9727,28000061,35874,171,🎗Gold Brawl🎗
171,#P9L9CRPP2,Микаса,0xfff9c908,28000251,35811,172,
172,#2QY20PQ98,Bot 7,0xffff8afb,28000063,35781,173,Deutsche
173,#8QLJ0LV08,AtlantisQWERTY,0xff1ba5f5,28000345,35735,174,Bulldogs 🏴‍☠️
174,#29RRRVULR,❄️ICE TICK 64❄️,0xff1ba5f5,28000130,35731,175,ネ |Nightɴ͢͢ʀʏ🌒
175,#9JP29PP0C,cc,0xfff9c908,28000206,35702,176,Komorebi
176,#2P829UJPP,Poison shroomy,0xffcb5aff,28000347,35702,177,INFINITY⚡BRAWLS
177,#8JGCVVJCR,⚔️MrDøg❤,0xffffffff,28000000,35582,178,
178,#RVURGVR8,MKS|Ajdin,0xff1ba5f5,28000138,35524,179,AYAKASHI
179,#PPRY00RRL,RK |✨☣️hUgO☣️✨,0xfff9775d,28000263,35490,180,TTK<Spain
180,#92L8RPLYY,🖤WWE 2 STAR �,0xff1ba5f5,28000151,35470,181,sexy tem
181,#90YLRUQ0J,TT|belo4ka 😊🔥,0xff4ddba2,28000060,35379,182,Легенды
182,#L0QG0PQ8,HÜSNÜNİGI,0xffffffff,28000018,35361,183,<c7>UNIVERS</c>
183,#8CQYV8CV9,SK| Senikoso 🎃,0xffffffff,28000156,35343,184,it's a game?
184,#PCVCUP9VG,𝕃𝔼𝕍𝕀シ︎,0xffa2e3fe,28000102,35249,185,Team spike
185,#98RVGU2JL,tomar753,0xfff05637,28000211,35166,186,
186,#9URJ89GC2,flash7,0xff1ba5f5,28000352,35133,187,LankyGiraffes🦒
187,#202CJL8U2,Fazilv57,0xffffffff,28000101,35129,188,Ananásy
188,#8JQ0U200,3-й бот,0xffcb5aff,28000182,35028,189,
189,#P229LY0U9,QLS|paradox,0xffa2e3fe,28000175,34951,190,
190,#82P0RL0CR,🌌buksnaʰᵃᵗᵉu🥀,0xffff9727,28000170,34939,191,It was great 💔
191,#8RQ8JUL99,☠️sprinkousr☣️,0xffcb5aff,28000280,34938,192,NoChoise
192,#2LLRLQVPV,TTV|SebbeYooo7,0xff1ba5f5,28000281,34918,193,
193,#9PLRUR989,피닉스,0xffa2e3fe,28000004,34903,194,오리깍
194,#8GCR9V9JL,igão grieccão,0xffa8e132,28000298,34893,195,MARLEYZIM
195,#PCUC8VRJC,proser,0xffff8afb,28000230,34842,196,Brawl Dash
196,#9Q0GG0RU,ilomilo,0xffa2e3fe,28000226,34840,197,Brawlio ☆2
197,#909PCJ2C,1FÀNTØM63,0xffff8afb,28000294,34822,198,Mityki🇵🇱🧨
198,#208Y9LPCY,『YT : Flux_OG』,0xff4ddba2,28000062,34820,199,
199,#8R9P0G9PC,zephir,0xffa8e132,28000101,34787,200,alligator🐊
