,tag,name,nameColor,icon,trophies,rank,club
0,#RRCLPJVP,MZ|Lobb,0xffff9727,28000278,66455,1,Midnight Zephyr
1,#RYGQV998,WaterFlame 🪁,0xfff9c908,28000244,65655,2,FollowMyTwitch
2,#UGP8G9L2,frittern,0xfff9c908,28000095,63769,3,Midnight Zephyr
3,#898C20LVY,Angus,0xff4ddba2,28000206,63262,4,Midnight Zephyr
4,#98RLQQCCL,❤️Læreren din❤️,0xfff05637,28000182,63251,5,IKEA WARRIORS🦅
5,#29RY2JRVC,The Lord Of Dab,0xffff8afb,28000279,62836,6,Lonely Gods
6,#2C9UP928V,Nussi🧇,0xffff8afb,28000349,62783,7,🧇🧇🧇
7,#9CPQ0GUR,🐫Hippsi🤨📸,0xffa2e3fe,28000338,62559,8,Mystic Norway
8,#988QY8L0G,Master2121,0xff1ba5f5,28000114,61796,9,IKEA WARRIORS🦅
9,#89P909LJ,Ṩнᴉᾗᴉᾗ₲Ẃoʟғ,0xffffffff,28000352,61766,10,MagicClub🧙✨
10,#PVG0JQY0Y,Bella,0xffcb5aff,28000234,61592,11,Midnight Zephyr
11,#QLYV0LPQ,brigg65,0xffcb5aff,28000333,60514,12,Midnight Zephyr
12,#82YPCVQQG,leo,0xffa2e3fe,28000256,60167,13,astro
13,#2YG9QVP0V,FortniteGamer65,0xffcb5aff,28000110,59527,14,Midnight Zephyr
14,#9QYGPQUJ,Jegor TV,0xffcb5aff,28000280,59466,15,Силачи
15,#2C99UJ8UG,blabla,0xfff05637,28000228,59370,16,Ace crew Norge
16,#9YPLPVJ2,🌀|JO,0xff1ba5f5,28000308,59135,17,Midnight Zephyr
17,#GJRUVGQJ,Aksel,0xffffffff,28000213,59003,18,Lonely Gods
18,#2LLJYL099,Darkfury,0xffff8afb,28000304,58853,19,
19,#82LRYL800,HB | Billy,0xff4ddba2,28000339,58629,20,Hairy Boys
20,#VLUCL2VQ,Ivers,0xff1ba5f5,28000166,58310,21,FollowMyTwitch
21,#9RG8Q89U0,BlackPanda,0xfff9c908,28000334,57939,22,IKEA WARRIORS🦅
22,#8UP2UU200,Chris-Daniel 1,0xff1ba5f5,28000138,57592,23,IKEA WARRIORS🦅
23,#8QC82QUV9,bot 1,0xff1ba5f5,28000073,57556,24,Midnight Zephyr
24,#RU8UUYJ,Cursed,0xffff8afb,28000138,57381,25,Tribe Gaming NA
25,#VY09Q8RY,Hermanpingu09,0xffffffff,28000256,57175,26,Lonely Gods
26,#89VLY8U8L,⛩️Gamer1000BS🎋,0xfff9c908,28000348,56994,27,IKEA WARRIORS🦅
27,#PRPY08VVU,панда 2,0xffff8afb,28000349,56862,28,Zeitlos⚡DE
28,#R8RP0Y0U,Joss >.<,0xffa2e3fe,28000297,56807,29,The Crown
29,#99U0C22Q2,Trym💔,0xffff9727,28000138,56675,30,Midnight Zephyr
30,#YJUJQV2V2,Lecienga 🧚🏻,0xffffffff,28000201,56505,31,The Outlaws
31,#2988JJ0G8,ghoul mystic 🧛,0xffffffff,28000349,56415,32,🥀GF|GeForce🥀
32,#UVQC9QG2,magichawk,0xffa8e132,28000347,56297,33,Midnight Zephyr
33,#PU0GL8RYQ,Adri padri,0xff1ba5f5,28000301,55978,34,Midnight Zephyr
34,#9CJP2VYYP,꧁ꨄ꧂,0xffffffff,28000061,55973,35,RPG • Lonely
35,#2VRQ2VY2,Bikkje,0xfff9c908,28000273,55934,36,Bergen Brawls
36,#208UY8P9Q,MisterBanana,0xffcb5aff,28000315,55718,37,A Few Good Week
37,#LRPUCPQ2U,midnight,0xffa2e3fe,28000206,55626,38,REVENGER
38,#VVPYC9PP,Jackgamer71,0xffcb5aff,28000303,55344,39,Midnight Zephyr
39,#89YRURP8Q,Aron,0xffffce89,28000233,55317,40,astro
40,#PQ8QYL2R0,⚔️やiͥzzͣaͫᴳᵒᵈ⚔️,0xffa2e3fe,28000348,55291,41,Liopolus YT
41,#9YVLGUJY,MZ|B()()bieTrap,0xffcb5aff,28000045,55111,42,Midnight Zephyr
42,#JC020JJY,jotob,0xfff05637,28000201,54898,43,Fan Club
43,#29CLP98JC,MZ|ΨJAKOBΨ,0xffcb5aff,28000348,54718,44,Midnight Zephyr
44,#YR9LL2PG,MZ|L͢͢͢eҜkim,0xfff9c908,28000256,54691,45,Midnight Zephyr
45,#88J9CYUQJ,Tropo,0xffff8afb,28000225,54564,46,Midnight Zephyr
46,#PRG8RJR90,Enipoff,0xfff9775d,28000143,54488,47,TheAverageElite
47,#2R2LQCJQ,VAL|CantFitMyNa,0xff4ddba2,28000136,54415,48,💀Valhalla💀
48,#9V8JJCURV,MZ|tenma,0xffffffff,28000132,54304,49,DragonArmy
49,#22UYPCCJG,Wafels🧇,0xfff9c908,28000224,53925,50,Midnight Zephyr
50,#PR2V8LVGU,OLAV MASTER,0xfff9c908,28000124,53752,51,MASTER GANG
51,#9GYGLG9L,DRB | Milos,0xffff9727,28000283,53736,52,Det Runde Bord
52,#9RYG98UR,JW|nam banan,0xffff8afb,28000138,53717,53,Jungel Warriors
53,#2GY22JUR,Zimmaᴺᵒ,0xff1ba5f5,28000193,53640,54,Midnight Zephyr
54,#VRJ2R8G2,🌀|Al3x,0xffffffff,28000298,53169,55,Serenity🍃
55,#8Q0YGP8P,MZ|Ories,0xffcb5aff,28000136,53150,56,Midnight Zephyr
56,#PJVLYCG92,aang,0xffffffff,28000025,53138,57,TR EFENDİLER
57,#98VLYG98J,OneH_,0xffffffff,28000335,52959,58,
58,#8L922Q0Y9,fla superbako,0xffa8e132,28000170,52928,59,TheAverageElite
59,#YU0V99PV,Vetel,0xff1ba5f5,28000335,52918,60,qwackheads
60,#929009J0V,FISHTOBB,0xff4ddba2,28000218,52892,61,Fan Club
61,#JCUQ29YQ,artan,0xffcb5aff,28000032,52885,62,astro
62,#2PVR2QGU,Sigurd H.S,0xffffce89,28000078,52715,63,Midnight Zephyr
63,#QJG0RUQ9,🧸ZilvY|Sito❤️,0xffcb5aff,28000138,52712,64,Northern Esport
64,#YRQCJU282,👽Tobi👽,0xffcb5aff,28000003,52606,65,⛩️ТаПкИ⛩️
65,#P09CR0LGJ,KRISTIAN,0xff1ba5f5,28000164,52321,66,
66,#8YLQ0UJUQ,deathO,0xffa2e3fe,28000294,52122,67,Midnight Zephyr
67,#Y2908QCP9,TiMMi,0xff1ba5f5,28000057,52074,68,RPG • Lonely
68,#22RVQLJRG,ZETA|Shadow,0xff1ba5f5,28000018,52068,69,
69,#9QJVG98R,Groven,0xfff9c908,28000262,51882,70,Midnight Zephyr
70,#PP0R8GVLR,Phil O. Sopher,0xfff9c908,28000164,51659,71,only PRO
71,#9QRY8RPY,FunkyWrath,0xffcb5aff,28000247,51646,72,Cunnilinguists
72,#2YRCLR20Y,alpelua,0xff4ddba2,28000033,51628,73,Lonely Gods
73,#JQQGRV9C,۵GX Mixer۵,0xfff9c908,28000279,51590,74,botiha club
74,#8Y9QLLV22,TXK|Skirtles 🤫,0xffcb5aff,28000189,51578,75,Epicsquad
75,#9J9J8U8P,MZ | Kousha,0xffcb5aff,28000272,51536,76,
76,#UJYUJ2QC,OOF Warrior,0xffa2e3fe,28000053,51535,77,Noob Warriors
77,#80L0PY0U9,Turk1473,0xffcb5aff,28000138,51460,78,Lonely Gods
78,#GGLLGRVQ,S11,0xffff8afb,28000335,51414,79,
79,#922J9QJU2,saucy™,0xffcb5aff,28000113,51310,80,DuckBoiz
80,#C9R2U2G2,TigerBoy2309,0xff4ddba2,28000016,51239,81,Midnight Zephyr
81,#RJGQC2P,Kⱥn∂єη vꜱ Nøﾒuꜱ,0xfff05637,28000210,51133,82,BrawlConQueso C
82,#YYC8RPRUU,SPECULAAS,0xff1ba5f5,28000233,51073,83,Lonely Gods
83,#R20C8YYU,brawl king,0xffa2e3fe,28000129,51025,84,StandardGates
84,#9LVPJU02,Søberg,0xffcb5aff,28000280,50938,85,
85,#VV88QLVJ,TigerClaw,0xff4ddba2,28000262,50714,86,
86,#802VJUVPJ,4ЕЛО8ЕК,0xffcb5aff,28000281,50710,87,
87,#22GUQRJR,bamboux ⟣,0xffff8afb,28000166,50661,88,
88,#9GLVG88V,30s | Stampulon,0xff1ba5f5,28000170,50561,89,Pushing W
89,#2Y2RJ9RV8,MZ | JonBlander,0xffa2e3fe,28000222,50484,90,Midnight Zephyr
90,#VL8PGVYL,Roketpig 06,0xff1ba5f5,28000320,50356,91,RPG • Lonely
91,#9LQ8Q0V9,尺乇乂ツ,0xfff05637,28000263,50322,92,Lonely Gods
92,#VYP2PGUG,OBSS,0xffffce89,28000283,50274,93,💀Valhalla💀
93,#LJU8VPC9G,Tutti,0xfff9c908,28000202,50173,94,LastManStanding
94,#PCCP29Q0,Cen,0xffcb5aff,28000095,50027,95,Lonely Gods
95,#9V2GGV2CU,Kongen|👑🔥,0xfff9c908,28000337,50003,96,F▪I▪E▪R▪Y
96,#L8PP8YLPP,👑𝒜𝒟ℳℐℛ𝒜ℒ🌟,0xffff9727,28000299,49930,97,CheckMate🔥😛
97,#VUJPY8LV,Archer,0xffcb5aff,28000129,49895,98,Ogaboga
98,#PU22QRJQP,Willy D,0xff1ba5f5,28000055,49770,99,Epic Norway
99,#Y8QRQRQC,ジュリアhyougenxl🧸,0xff1ba5f5,28000222,49748,100,Moon Eclipsed
100,#R9QC8YUJ,Pigboy_09NORGE,0xffcb5aff,28000181,49713,101,FollowMyTwitch
101,#9QQLVY2Q,OhBabyATripl,0xffffffff,28000139,49695,102,
102,#9RPU8ULU,Dennizz 天,0xffffffff,28000321,49608,103,Uprising Zephyr
103,#9YYVCRPV,LucGamerCool,0xff1ba5f5,28000220,49552,104,Midnight Zephyr
104,#298J29CCC,MHV,0xffff8afb,28000347,49530,105,Mystic Norway
105,#2C2U0UCV8,JW |ghost_fart,0xffff9727,28000164,49468,106,Jungel Warriors
106,#Y0J9JVRP,○●○ILI¥A○●○,0xff1ba5f5,28000150,49386,107,Night Stars
107,#92CPY2PPY,Толик,0xffcb5aff,28000330,49332,108,РАДУЖНАЯ ЗВЕЗДА
108,#ULVUYGU0,Flash ♡,0xffffffff,28000244,49242,109,RPG • Lonely
109,#28LVGQL00,MZ|Amøben,0xffff9727,28000341,49204,110,Midnight Zephyr
110,#8JQPYJ8V9,シ𝐿𝑢𝑐𝑎𝑠❦,0xffffffff,28000230,49169,111,
111,#2CJP9PYUJ,BangRang🇳🇴,0xff1ba5f5,28000332,49133,112,Midnight Zephyr
112,#VULCCPJV,maskiin,0xffff9727,28000073,49101,113,Midnight Zephyr
113,#GJJY20VJ,Lazer brawl,0xfff9c908,28000347,49083,114,Midnight Zephyr
114,#LUC2R28R,theDad,0xff4ddba2,28000021,48988,115,
115,#2892JJULU,ATO | Ryse,0xfff9c908,28000000,48961,116,Kusmi
116,#P9RLRLJJR,Simbra,0xffa2e3fe,28000277,48923,117,TEAM RECONNECT
117,#P8QLLJVR0,JW|Big w🪐,0xff1ba5f5,28000107,48873,118,Jungel Warriors
118,#YVYUQYYQ,snikendeslange,0xfff05637,28000039,48842,119,Lonely Gods
119,#28LRGJR0U,Azek,0xffcb5aff,28000232,48825,120,stagnant water
120,#9RRLL209,⛩|Collector64🎋,0xff1ba5f5,28000221,48707,121,
121,#YPRCGGQJ9,?:(Bruh...64:)?,0xffa8e132,28000284,48689,122,Jungel Warriors
122,#YG2JGLVP,ОНИ УБИЛИ КЕННИ,0xfff9775d,28000345,48579,123,🌠PaRaDisE🌠
123,#902YQYU9U,Hellhound👹,0xfff9c908,28000130,48542,124,Hellhounds😈
124,#80PR02VGP,Crutsqit,0xffa2e3fe,28000271,48406,125,
125,#29VGV2CQ2,MZ|Espi<3,0xffff9727,28000137,48353,126,Midnight Zephyr
126,#VJG808Y,The Dab Lord,0xffa8e132,28000047,48345,127,Lonely Gang
127,#Y2Q09PQQ2,SW|°Skywalker°,0xffffffff,28000175,48283,128,SH Marvel
128,#VPCJGRC8,MZ | TheStig🎭,0xffffce89,28000352,48277,129,Midnight Zephyr
129,#22VVYP0UC,Gorbon Ramsay,0xfff9c908,28000262,48048,130,Eat●Brawl●L♡ve⁷
130,#9G288RYC0,Idofix,0xfff05637,28000231,47917,131,Bergen Brawls
131,#8V8UPGVJ2,Ⓜ️✨MR.⚔️.MD✨Ⓜ️,0xffa2e3fe,28000330,47809,132,楤|FRIENDS🖤⇝
132,#2C2P2C20Q,JUST BRAWLyt,0xff4ddba2,28000207,47773,133,EUwarriors
133,#Y2VQ2PJJ0,lllll,0xffffffff,28000050,47735,134,care
134,#VYPQYPU2,Jesper2016,0xffa8e132,28000173,47714,135,
135,#92GC0C9Q,Daniel 🎄,0xffffffff,28000175,47636,136,<c5>Dogs</c>
136,#L29J28PV,Krisitoホ,0xfff9c908,28000044,47471,137,<c5>Dogs</c>
137,#8CJP20C0Q,Ro9,0xffff8afb,28000343,47433,138,astro
138,#C022QC80,HozTheGamerYT,0xffa2e3fe,28000294,47357,139,Midnight Zephyr
139,#PQVLRR8G2,alexzab,0xff1ba5f5,28000164,47354,140,СЕМЬЯ БРАВЛЕРОВ
140,#8UQ0C00CL,Brovid-19,0xffff9727,28000112,47308,141,Brawlin4Cmbrtme
141,#LLYUQRPL0,TTu4aJlbka,0xffa8e132,28000295,47249,142,ОТБРОСЫ
142,#G2RYQC9,Mario,0xffffffff,28000305,47193,143,🖤CM|CURIUM
143,#YRJ2GCJ89,bangbang,0xffffffff,28000164,47181,144,brawl rx
144,#8LCLQ8V9U,fox,0xfff05637,28000345,47152,145,⛩️ТаПкИ⛩️
145,#2CVP0Y09L,[ICE]Subzero,0xff1ba5f5,28000349,47096,146,Профессионалы+
146,#YPJQ28CGY,Hønestruts,0xffffffff,28000290,46998,147,
147,#8PPP8G89P,Hub,0xffff9727,28000261,46930,148,jeszcze polska
148,#9LCJCJ9L,LG | JuLiAn,0xff1ba5f5,28000272,46929,149,Lonely Gods
149,#8CL0YP8Y9,paint🧸💮,0xffff8afb,28000090,46927,150,
150,#V0JJV20Y,ПАНТЮША75,0xfff9c908,28000175,46902,151,Fear Greatness
151,#2RP2QCU2J,Cpt. TROLL HARD,0xffcb5aff,28000242,46888,152,Active Astros
152,#9QGYY9J0Q,Spurs,0xfff9775d,28000262,46829,153,Dad Bods Inc.
153,#PLJ2LPYJY,Savaşçı,0xff1ba5f5,28000019,46809,154,Sr|Teamshing🦆
154,#9ULQPL8YR,Narsil,0xffff8afb,28000170,46791,155,draken
155,#9RQ82JCQ,ZapTap ツ,0xffffffff,28000175,46778,156,Team Nordic
156,#9QR22QVL,Emerl,0xff1ba5f5,28000292,46774,157,BELGOROD|31
157,#L92Y9VYRU,LARVEN ooö,0xff1ba5f5,28000052,46749,158,Lonely Gods
158,#20G29Q29Y,kid😪,0xff1ba5f5,28000012,46686,159,RPG • Lonely
159,#8CG0JJ892,Langzeth,0xffcb5aff,28000301,46682,160,BrødreneDahl
160,#Q2U0VUPY,Villy82,0xff4ddba2,28000089,46658,161,Star Brawlers
161,#9RLP8LCCU,XX2up3rXX,0xffa2e3fe,28000173,46620,162,raibe
162,#9VGQVR8JJ,death shadow,0xffa2e3fe,28000256,46595,163,The Conquerors
163,#VPJRYRUV,MZ|Eekeeboo,0xfff9c908,28000104,46512,164,Midnight Zephyr
164,#28UQLJC02,Bromar,0xff1ba5f5,28000164,46422,165,Tres Bandidos
165,#C00VCY0J,Crowkiler,0xffff9727,28000205,46324,166,FollowMyTwitch
166,#GGRVYURV,Gravity ツ,0xff1ba5f5,28000280,46299,167,Jungel Warriors
167,#20082G98G,NoAim,0xffffffff,28000000,46295,168,Epic Norway
168,#9R2UG9JG,MZ|Bindel,0xffcb5aff,28000233,46252,169,Midnight Zephyr
169,#2CQYQUJUV,The DH|Tricky,0xffff9727,28000020,46251,170,The DH
170,#2JLLUG8PV,Fredcole88,0xff1ba5f5,28000170,46242,171,Christensen
171,#U8LRPY2Q,Eric Bloodax,0xff1ba5f5,28000296,46216,172,Lonely Gods
172,#RPJJP2GU,Sergio🐤🌺,0xfff9c908,28000259,46179,173,ua ua uaaa!!!
173,#90JQCUQV9,RPG | AmUi☆_☆,0xfff9c908,28000163,46165,174,RPG • Lonely
174,#PVY88JYLV,leonardo,0xffa2e3fe,28000334,46085,175,Masters
175,#GU9U8U0L,astral,0xfff05637,28000037,45990,176,de Kluis
176,#9LLYUUCQY,Внучок_2,0xffff8afb,28000132,45973,177,Пайпер Мирная
177,#PUUQ2YJG,Didleh is best,0xfff9c908,28000024,45928,178,
178,#8CY88VQVJ,pappan til knut,0xffffffff,28000000,45906,179,laka
179,#9QRR9RGCC,TA | ₁₁₉Geddium,0xff1ba5f5,28000277,45882,180,Lonely Gods
180,#J0PRY08,ItsYaBoiiiRoar,0xffcb5aff,28000235,45860,181,INMORTALITY😎👹
181,#RRY8GV0U,Praying Mattis,0xffcb5aff,28000283,45833,182,Midnight Zephyr
182,#RRUPPC9C,S2A5,0xff4ddba2,28000334,45833,183,Midnight Zephyr
183,#VRCUPLQL,Anton,0xff1ba5f5,28000060,45831,184,Midnight Zephyr
184,#Q99Q2JYU,Corupt X,0xffffffff,28000170,45793,185,Da bros
185,#QY028JJVR,Obaz,0xfff05637,28000352,45782,186,ObaRose
186,#RRRYQV89,08|RightLeg😂,0xffffffff,28000224,45774,187,gutta boys
187,#PQR8J2RYJ,Julie,0xffff8afb,28000098,45765,188,morcillares
188,#20JU0PP8Q,undeadzero,0xffa2e3fe,28000163,45763,189,stagnant water
189,#8LLCU0JJ2,Theodor H,0xffa2e3fe,28000330,45747,190,Mystic|JOC
190,#8C2VCJ8J0,WiederDude,0xffffffff,28000139,45701,191,Midnight Zephyr
191,#L0J0C0QGC,Avvin,0xffff9727,28000273,45696,192,Lonely Gods
192,#P090GVGL9,Kristoffer,0xffa2e3fe,28000031,45689,193,Henry cool
193,#8C9LG0LQL,not_qwaty ._.,0xfff05637,28000263,45688,194,The FenneKings
194,#LG2R0RRJJ,Dad,0xffffffff,28000229,45598,195,
195,#80JR9QVGY,joachim,0xfff05637,28000156,45580,196,MG|MGans
196,#PCPCQ8Y9G,MaxAnders,0xffa8e132,28000031,45551,197,
197,#98CLQ9YJR,Ghost,0xfff9c908,28000033,45530,198,Victory Gang
198,#PQUP9YG80,Goust|Împact🥶,0xff1ba5f5,28000333,45519,199,KGС Elite
199,#9YRY92LQ2,Deadshot,0xfff05637,28000229,45491,200,INMORTALITY😎👹
