,tag,name,nameColor,icon,trophies,rank,club
0,#2P08V02Q,⛩|žwřq🥀,0xff1ba5f5,28000134,74869,1,𝑶𝓜|𝓐𝑹𝑨𝑷🥀
1,#UR20GG82,彼|𝑲𝑰𝒍𝒍𝒆𝒓〆,0xffffffff,28000271,67929,2,OG Mute
2,#P2P809VUQ,OM.L.1vs3,0xff1ba5f5,28000278,67223,3,𝑶𝓜|𝓐𝑹𝑨𝑷🥀
3,#L88R8LPL,OM|BR$O 21🖤,0xff1ba5f5,28000341,66531,4,𝑶𝓜|𝓐𝑹𝑨𝑷🥀
4,#2P002JQQY,お|𝓡𝓪𝓫𝓮𝓻 🐙,0xffcb5aff,28000041,65145,5,OG Mute
5,#P08PLQQ,GloRy|Hermes🔱,0xffff9727,28000291,64953,6,<c7>BLITZ</c>
6,#9Q8YU9J28,Aljabri ❦,0xff1ba5f5,28000167,63562,7,Reality
7,#9QU0PRJ9L,OG | Alfa :),0xffcb5aff,28000264,63193,8,<c5>OG Mute</c>
8,#QCUJP20U,عماني و افتخر,0xffcb5aff,28000290,61834,9,𝑶𝓜|𝓐𝑹𝑨𝑷🥀
9,#8Y0Y0UVJV,GloRy JOKER🃏,0xff1ba5f5,28000156,61239,10,𝑶𝓜|𝓐𝑹𝑨𝑷🥀
10,#9RU2V08YP,❄️|3ᵇᵒᵒᵈ|❄️,0xff1ba5f5,28000322,61093,11,D_FOX
11,#PCR9VC8GQ,⛩️|TôpG🥀,0xfff05637,28000349,60851,12,𝑶𝓜|𝓐𝑹𝑨𝑷🥀
12,#9U9LP9Q,GloRy|🔱Zeus🔱,0xffcb5aff,28000335,60062,13,<c7>BLITZ</c>
13,#LGJJR22VL,🦊YT/𝐓𝑬𝑺𝐋A⚜,0xffff9727,28000272,59659,14,Mystic MidEast
14,#2LRCQ9C9R,Ahmed,0xff1ba5f5,28000004,59448,15,𝑶𝓜|𝓐𝑹𝑨𝑷🥀
15,#9Q2UU2LUG,彼|𝑴𝒅𝒎𝒏〆,0xffffffff,28000126,59415,16,Gg|My Clan🥀🖤
16,#GCLGP9Q0,ᕼ𝕒ᗯ𝕒𝙞𝙞𝕒𝙣,0xffcb5aff,28000290,58121,17,InTeamRasur
17,#8UUYCQQJL,"我|𝑹𝑨𝒀𝑬𝑵""🕊",0xffffffff,28000279,57579,18,
18,#Y2R9J0LR0,Skills🐼,0xfff9c908,28000095,56892,19,D_FOX
19,#92YR2QLV2,A_almabsali,0xffa2e3fe,28000262,56575,20,بطاطس عمان
20,#90GPJ8PG2,المعتصم,0xffffce89,28000278,56547,21,𝑶𝓜|𝓐𝑹𝑨𝑷🥀
21,#2UJ9PCJ80,𝑺𝑨𝑳𝑰𝑴|ҩ🥀,0xffcb5aff,28000349,56261,22,𝑶𝓜|𝓐𝑹𝑨𝑷🥀
22,#PV8VPQYJC,ST | Joker,0xffcb5aff,28000335,56011,23,أسرار الحياهــہ
23,#PU9RGYG8V,彼|‏𝑯𝑶𝑶𝑫〆,0xffffffff,28000202,55399,24,𝑶𝓜|𝓐𝑹𝑨𝑷🥀
24,#2829RLLUU,⛩️|m88x–10🥀,0xffa2e3fe,28000159,55055,25,<c5>سوالف</c>🌷
25,#G2YV9UPQ,™- ｉｖａｒ,0xfff9c908,28000207,55038,26,ميمو و العالم💗
26,#PULGCUG8Q,Aͥlgͣhͫaribi11,0xffa2e3fe,28000003,54930,27,🔥FIRE🔥TEAM🔥
27,#J0CU9C20,Mr. AnAs,0xffa8e132,28000281,54271,28,𝑶𝓜|𝓐𝑹𝑨𝑷🥀
28,#90P8V289R,๛Ř𝐀ĞŇ𝐀𝔯ム〆,0xffffffff,28000297,54212,29,
29,#YRQP2UGG8,Snake ϟ,0xffcb5aff,28000211,54026,30,𝑶𝓜|𝓐𝑹𝑨𝑷🥀
30,#P9VQ9Q0Q,الحسن 77,0xfff05637,28000263,53769,31,اساطير براول🤴
31,#22JY92URU,❖Ƭʜᴇ𝑍𝑒𝑟𝑜♡,0xff1ba5f5,28000096,53696,32,𝑶𝓜|𝓐𝑹𝑨𝑷🥀
32,#8JU00JUUC,Z҉E҉R҉O҉🥀,0xffa8e132,28000140,53440,33,THE BEST
33,#80RPPYRJV,♕𝓚𝓪𝓢𝓹𝓮𝓻♕,0xfff9c908,28000290,53421,34,
34,#289RVLVL9,「🥀」〜無覇者🍂,0xff1ba5f5,28000050,53313,35,Arab Z World
35,#P9PRQRURJ,❤️محمد❤️,0xffffffff,28000130,53282,36,KSA|Carven✨
36,#PPVJCR9J0,✌القناص✌,0xffff8afb,28000129,53209,37,𝑶𝓜|𝓐𝑹𝑨𝑷🥀
37,#9VG8L20U0,GloRy|King ⚜️,0xffcb5aff,28000337,53203,38,⚔️Arab❄Shield ⚔
38,#PGCG0P2C9,M3zooz77,0xff1ba5f5,28000262,52852,39,الحياة
39,#V0LYU2CG,Glory |⚡️Mntsr⚡,0xffffffff,28000140,52718,40,
40,#P0G8Y9UJV,❦𝑲𝒊𝒍𝒍𝒆𝒓❦★,0xffffffff,28000138,52571,41,𝑶𝓜|𝓐𝑹𝑨𝑷🥀
41,#P0Y2PGJPP,Salim❦,0xffffffff,28000303,52365,42,الحياة
42,#8LQ0PYVGQ,mjesus96,0xffffffff,28000033,52311,43,Smurf n turf
43,#9VY8LU2VL,𝟾𝚋𝚒𝚝,0xff1ba5f5,28000100,52290,44,sabo G
44,#YJJPYUP,ṜẮṨṨẰḊḮ༻🇴🇲༺,0xffffffff,28000285,52194,45,Gg|My Clan🥀🖤
45,#2U0JY908,🍬|SubZero.🌊❄️,0xff1ba5f5,28000076,52154,46,𝑶𝓜|𝓐𝑹𝑨𝑷🥀
46,#G08C8JR0,your teammate,0xffa2e3fe,28000305,51797,47,HIMAL
47,#8C0RJ0LQC,̶᪶؜اﻟ̶᪶؜ﻠ̶᪶؜ﻪ,0xfff9c908,28000314,51752,48,
48,#L0Y09809L,المدمر √,0xfff05637,28000347,51713,49,👑The kings👑
49,#88GQPJYUJ,ibrahim,0xffffce89,28000078,51618,50,<c4>OM</c>
50,#2QGRYGR9,mo1255,0xffff8afb,28000347,51357,51,<c4>OM</c>
51,#8PQ28PL9,『ʟᴀɪᴛʜ』,0xffffffff,28000150,51236,52,
52,#8CJ9UPUJV,GLORY|3mad🌀🔥,0xffffffff,28000349,51219,53,اساطير براول🤴
53,#9PYVQJV9,"《ALM》I ""KING""",0xffffffff,28000211,51039,54,الحياة
54,#822JQRVU9,i_i-D4RK 🌴,0xff4ddba2,28000203,50978,55,تحدي الملوك(👑)
55,#8GRRU9CJ9,OM|HA7 🖤,0xffff8afb,28000054,50956,56,OM|Team🖤
56,#9CR9YRLYY,🇵🇸Gandz🇵🇸,0xfff9c908,28000193,50937,57,Stroopwafel nr1
57,#P8C2QGYQ0,AR7HMソ,0xffffffff,28000037,50794,58,TkRx.
58,#2YGGPJ2L2,Aneo Yt,0xff4ddba2,28000271,50727,59,PRO LION YT
59,#PRV2URCVV,HMZ〆,0xfff9c908,28000299,50694,60,𝑶𝓜|𝓐𝑹𝑨𝑷🥀
60,#U0QYUJY9,DIE|Mezo(•̀ᴗ•́),0xfff9c908,28000262,50500,61,⚠️D.I.E⚠️
61,#8P2JU9C8,Chang,0xff4ddba2,28000254,50434,62,Squish & Otter
62,#20LR090RU,𝒀𝑨𝑺𝑬𝑵|ҩ🥀,0xfff9c908,28000054,50376,63,𝑶𝓜|𝓐𝑹𝑨𝑷🥀
63,#YG2GGGYUV,♛شُيَخ♛,0xffff8afb,28000305,50369,64,جمهورية العرب👑
64,#2R8LC2GC,TheWitcher,0xfff9c908,28000119,50296,65,ميمو و العالم💗
65,#29LUYU82G,lmao xD,0xffa8e132,28000128,50277,66,Arab Z World
66,#9GU22P0PJ,E҉/_A҉i҉p҉_/B҉,0xffff9727,28000333,50215,67,🧸🤍
67,#PPGY90GL8,Its|●■peluca■●,0xfff05637,28000320,50172,68,
68,#YQPVG8P9Y,kiro😁,0xfff9c908,28000286,50048,69,YT:STORY
69,#PRUYP8YU2,666 Alexis,0xff1ba5f5,28000271,50028,70,team fail
70,#YUJPV2QG,GloRy|ℳ𝔞𝔰𝔱𝔯,0xffff9727,28000061,49721,71,
71,#8C08QR9CQ,owks_1230,0xff4ddba2,28000290,49684,72,
72,#LL9R0CPG2,|7Oo👀or|🇴🇲,0xffffffff,28000229,49560,73,صحبه من ذهب👑🌹
73,#UJYYC8GU,𝓓𝓮𝓶𝓸𝓷,0xffffffff,28000348,49534,74,
74,#RLUYVQGV,₳₲Ɇ₦₮ 4҉7҉,0xfff05637,28000349,48950,75,Paradise™
75,#2CJYUUPP2,آحمـــد,0xffffffff,28000054,48872,76,WARRIORS
76,#PRPLLRRRJ,LUFFY,0xffffce89,28000262,48699,77,ايقونه زمانك 😉
77,#9C88RC9RY,NOMAN/NK,0xffcb5aff,28000281,48671,78,MaxDurBurgers
78,#29JJU8P,黒|ＫＵＲＯ,0xfff9c908,28000258,48561,79,Legendary squad
79,#28QU0QQQ8,not tfue,0xffff9727,28000225,48512,80,⚔️Arab❄Shield ⚔
80,#8C0RQJ00U,𝚶𝚸|𝐸𝖕𝖎𝖈」๛,0xff4ddba2,28000284,48269,81,KS|🇸🇦
81,#P08LL989U,Amin,0xffa2e3fe,28000319,48222,82,<c4>OM</c>
82,#2RUPY8RGQ,⸔⧼Сɸβʀα⧽⸕爪れ☠,0xffcb5aff,28000286,48160,83,𝕀ℕ𝔽𝕀ℕ𝕀𝕋𝕐♾
83,#PCY9PQ2U8,المحترف٩٩,0xfff05637,28000260,48021,84,محترفين براول
84,#90QRQCGL,⛩|RZM64🎋,0xffa2e3fe,28000349,47985,85,فارطين الاجداد
85,#9CQ98VJ09,🇴🇲king bot009,0xff4ddba2,28000064,47828,86,<c4>OM</c>
86,#YPRVG8JU,⛩TROOK🎋,0xffffffff,28000139,47766,87,<c4>Spa</c>ce🪐
87,#L8RJ9GCVP,Dr Noora🇴🇲,0xfff9c908,28000341,47738,88,<c5>سوالف</c>🌷
88,#2VVJRRC2P,khaled505🇸🇦,0xffffffff,28000262,47607,89,🤷🏻‍♂️
89,#20RYPCR,x_iwe9,0xffff8afb,28000291,47602,90,<c5>سوالف</c>🌷
90,#9JQ9Y0VQ8,the monster,0xff1ba5f5,28000231,47594,91,x.7
91,#L9C8J90L,{҉O҉M҉A҉N҉I҉}҉,0xffffffff,28000291,47579,92,هلوو..
92,#CPCLUCR8,محمود,0xff1ba5f5,28000276,47550,93,TOCO
93,#8UPJRRP98,G H O S T,0xff4ddba2,28000280,47476,94,<c5>سوالف</c>🌷
94,#PQPY8LPUR,killer,0xff1ba5f5,28000352,47377,95,ZERO☠
95,#2G0VRVCQ2,♜𝒿ℴ𝕂𝓮𝓇♖,0xff1ba5f5,28000019,47344,96,OM๛『1』
96,#PRQ2JGUL9,xmax,0xffcb5aff,28000280,47304,97,TOP 1👌🏻
97,#2CGJ9CPUP,Craig好^ _ ^,0xffcb5aff,28000095,47267,98,The Rejects
98,#8VU8CCLCY,MOOS,0xff1ba5f5,28000005,47258,99,سوالف بيض
99,#2LY0QRCQJ,abood🇴🇲,0xffffce89,28000294,47251,100,KSA|Carven✨
100,#9GGJPP09J,OG | saif 🎋,0xff1ba5f5,28000014,47201,101,warriors
101,#2U2UVU8YL,young chlen,0xffcb5aff,28000132,47174,102,буленятко 😋
102,#890GY8CG,ICON™,0xffcb5aff,28000336,47117,103,CSL Legends
103,#PV0U2GPV,Fighter,0xff4ddba2,28000352,46712,104,Slash | سلاش
104,#PQGYCY9C9,亗AL Baraa亗° ๛,0xffffce89,28000341,46692,105,بطاطس عمان
105,#9CRRGG8U2,😈 KILLER 😈,0xff1ba5f5,28000103,46677,106,الحياة
106,#LLJQQQ8LV,GamerBoy0501,0xffcb5aff,28000211,46589,107,☆DeutscheBande☆
107,#98C2P98G9,💣|Boom|64,0xffff8afb,28000023,46267,108,Blazing Light⚡️
108,#89YVURJ0,QLS|ÂŸÓŪB,0xff1ba5f5,28000151,46261,109,plasma overkill
109,#R0JL9YQ9,Just_Her0,0xfff9775d,28000152,46199,110,
110,#CGPQQ9YR,void,0xffa2e3fe,28000207,46049,111,<c3>Jheez</c>
111,#99YRPYRVY,CitizenFive,0xffffffff,28000053,45998,112,
112,#2P0C8GYVC,🐉┃ʙɪʟʟᴏ,0xffffffff,28000224,45986,113,
113,#UQL8GYYQ,𝕏ℝ|ℤ𝔼𝔽ℝ🍂,0xff1ba5f5,28000134,45977,114,Brawel kings
114,#9Q2VQL2QJ,Lvan,0xffff8afb,28000011,45883,115,أسرار الحياهــہ
115,#92GJU0LR2,The Mig,0xffffffff,28000224,45880,116,<c6>K7</c>
116,#LVGY2J2Y,C4_EX,0xffff9727,28000103,45826,117,The Art Of War
117,#8CQ29JRCJ,Amjad93🇴🇲,0xff1ba5f5,28000004,45815,118,BOSS OMAN
118,#Y0J0RUVLV,XxLoxer07xX,0xffcb5aff,28000056,45686,119,QR|ITALY
119,#9U9YRC99R,x_aam,0xfff9c908,28000242,45590,120,ميمو و العالم💗
120,#Q2PCPYR98,زعتر الزعترين,0xffff9727,28000076,45584,121,TOP 1👌🏻
121,#R09YQUQR,wa1ed,0xffffce89,28000247,45543,122,PrXLJR
122,#P9GRYRP9,波|AxEioN🌑.,0xffcb5aff,28000014,45487,123,ASL ♡...
123,#QJPVQUR8,⛩| sǫᴜᴀsʜʏ🥀,0xffffffff,28000139,45472,124,
124,#Y2LYQR9R0,alhosni 1,0xfff9c908,28000019,45423,125,OM๛『1』
125,#PCJQGP80P,⚜️KING⚜️,0xffffffff,28000223,45365,126,oman😪❤️
126,#8UQPQJRPV,Galib,0xffffffff,28000321,45311,127,Sherlock
127,#98J0Y20,m3fia9™🇴🇲,0xffffffff,28000352,45253,128,BOSS OMAN
128,#Y0URCYY2L,البرومي💔🇴🇲,0xffff8afb,28000206,45194,129,THE BEST
129,#PYLCVRRPC,لاتزعل💔😢,0xffff9727,28000272,44881,130,آل زاحف
130,#L902VLYUP,The shadow,0xffcb5aff,28000304,44875,131,MX|Mexico 🇲🇽
131,#UR9LJGJ0,KILLUA,0xffff9727,28000211,44649,132,Legendary squad
132,#YRRPUG0YY,R̸O̸X̸T̸A̸ツ,0xff4ddba2,28000136,44647,133,Skills4Life
133,#8G9V09GCU,❄SD❄,0xff1ba5f5,28000159,44613,134,THE BEST
134,#2R0LULU0Q,𝚂𝚄𝙻𝚃𝙰𝙽 ‏亗,0xffa2e3fe,28000305,44399,135,بطاطس عمان
135,#QPVC0Y9PJ,LORD😈,0xffcb5aff,28000335,44397,136,بطاطس عمان
136,#82UJJUVC0,☕شـاهي حليب🧡☕,0xffff9727,28000311,44397,137,سكون الليل
137,#2YRG9GJV,نجد المحارب,0xffcb5aff,28000305,44310,138,Avengers
138,#8P0U88QCQ,Ayman,0xffff8afb,28000256,44296,139,VLH
139,#PJUGUJG,Toxic Brawl|YT,0xffffffff,28000156,44071,140,الحياة
140,#889RJYYL9,Dark,0xffcb5aff,28000156,44049,141,بطاطس عمان
141,#9CQY9JV2Q,JACOB❦,0xffcb5aff,28000139,44042,142,Arab Z World
142,#9LR9YRQ0Y,xwx,0xffffffff,28000041,44033,143,🇴🇲
143,#8PJJ9YLQL,يۣۗوۣسۣۗفۣۗ,0xffcb5aff,28000290,43928,144,❤ملوك عمان❤
144,#29Q2V0LGU,واحـ♥̨̥̬̩د فخمـ,0xffcb5aff,28000305,43798,145,Lagege
145,#2C9JVV282,batman3121x,0xffa2e3fe,28000347,43787,146,Cartel Agua
146,#92L2RYU2,ŤhĘ_ÕveX,0xff1ba5f5,28000148,43756,147,R2⚡CLaN
147,#92RYQQPLC,hitman,0xffffffff,28000148,43740,148,<c4>Spa</c>ce🪐
148,#9G0GUVQJR,pot 3,0xffff8afb,28000023,43731,149,<c4>OM</c>
149,#PRCYGC2Y2,THE HUNTER 🎿,0xff1ba5f5,28000317,43689,150,SG
150,#8U0QYVLUV,Salty,0xffff8afb,28000303,43659,151,Midnight Blades
151,#LR2JVRRQV,TilEx 〆,0xff1ba5f5,28000150,43615,152,Reality
152,#YPVR09J2U,Ali 3li,0xff1ba5f5,28000121,43568,153,بطاطس عمان
153,#9QL0YLJVP,NooB🇴🇲,0xffff9727,28000156,43534,154,BOSS OMAN
154,#P099JV0VR,fomi1999,0xff1ba5f5,28000285,43392,155,<c5>سوالف</c>🌷
155,#P2GU90GVY,Moath,0xffffffff,28000278,43354,156,SS Society
156,#22LQY2LY2,日Alqasim03月,0xffff9727,28000218,43333,157,x.7
157,#922V,DOOM,0xffa2e3fe,28000291,43305,158,SKA
158,#28V90J2PG,OMG|𝑖𝑚ᵍᵒᵒᵈ☔,0xffffffff,28000175,43288,159,الحياة
159,#9C8C98VL,ᴄᴀsᴜᴀʟ sᴋᴇᴇFғ.♡,0xfff9c908,28000137,43206,160,garwolin goats
160,#LG2L0QGJ,⛩️★حور العين★⛩️,0xffffffff,28000041,43178,161,꧁🎆𝟑𝐞𝐯𝐞👾꧂
161,#9U2PUCR,ARED AD3F,0xffcb5aff,28000352,43176,162,EQWAAK A.X.B
162,#9J0Y900GG,Нагито Комаэда,0xfff9c908,28000294,43169,163,
163,#2YQ2V02L2,pot 2,0xfff9c908,28000170,43166,164,<c4>OM</c>
164,#8GJ8CGG9J,سنــ؁ـڪ᭄ـرز➹,0xffff9727,28000273,43032,165,<c4>OM</c>
165,#22LQL2GVP,IX|Ozone,0xffcb5aff,28000297,42982,166,1 Motto Aurora
166,#PPVUQ0GVV,BIG | L 7 N,0xffff9727,28000345,42976,167,بطاطس عمان
167,#9G9QRYQUQ,OG | OMARz 🍁,0xffa2e3fe,28000048,42974,168,base brawlers
168,#2P0RVPRCR,⩇⩇:⩇⩇,0xffff8afb,28000339,42941,169,تحدي الملوك(👑)
169,#2RQGVC2L0,على البطل,0xff1ba5f5,28000297,42932,170,الحياة
170,#2V9PLV8,࿂༄ིShadoW༄ི࿂,0xffa8e132,28000295,42857,171,716VAI
171,#22QG9ULLY,⇪06|أمريڪي‏↜,0xffffffff,28000150,42805,172,<c5>سوالف</c>🌷
172,#L9YLQ2QRY,saFFah,0xffffce89,28000126,42700,173,SG
173,#9J0YQ9CU8,السلام عليكم,0xffcb5aff,28000330,42669,174,أبناء سوريا
174,#9VCC8U92L,Azzam89,0xffffffff,28000341,42621,175,الحياة
175,#YR22GCCJR,helmet,0xffcb5aff,28000103,42619,176,SS Society
176,#8Q2UGCUPY,XxomanixX,0xffcb5aff,28000347,42597,177,❤ملوك عمان❤
177,#PGQ9LGYVQ,⌔Gi⌔,0xffcb5aff,28000207,42528,178,عمانيون🤎🖤🤍
178,#P9LQ9G8G9,55555 🇴🇲,0xff1ba5f5,28000019,42444,179,OM๛『1』
179,#Y8LV20QVL,じゅくされたマシュマロ,0xffff9727,28000314,42436,180,選ばれし野獣達
180,#9UQVCUUG0,Haiseヅ,0xffcb5aff,28000054,42424,181,ستارز ✨
181,#P2QCQC9RQ,اسد البحار,0xff1ba5f5,28000170,42415,182,Iced drinks🍹
182,#GUPGQYPY,𝕯𝖗𝖆𝖌𝖔𝖓™,0xffffffff,28000156,42411,183,WARRIORS
183,#P28CJ8LV9,sanji🔥,0xffffffff,28000077,42336,184,ايقونه زمانك 😉
184,#2Y0R9ULPP,案|ÂŽØŹ🥀,0xffa2e3fe,28000150,42245,185,الحياة
185,#PJCCQYR,3311XB,0xff1ba5f5,28000041,42234,186,Ancient Gods
186,#8C9YJ9RVL,♠️|R4ZMS64|⛩,0xffcb5aff,28000335,42214,187,الحياة
187,#2PCRQVCPL,☬ᶜᴿᴬᶻᵞkíllєr☬,0xfff9c908,28000341,42120,188,
188,#R2YV02YQ,S-clash,0xfff05637,28000305,42099,189,Fire of power🔥
189,#29VGU2QRY,𝕱𝖆𝖎𝖘𝖆𝕷,0xfff9c908,28000213,42055,190,THE <c9>RED</c>
190,#P9QC22C02,king,0xffff9727,28000196,42049,191,علم عماني
191,#9J98JP9,Huh!Ok I'm Done,0xffcb5aff,28000305,41970,192,GODLIKE BOTS
192,#9UGUR09UG,ملك الجوكر مانع,0xffa2e3fe,28000156,41923,193,<c8>KAIDO</c>🐉
193,#8VGCVGJUU,fasooly,0xfff05637,28000304,41923,194,KINGS AIS🔥
194,#YQVPLGVG,ISCANORE 99,0xffa2e3fe,28000141,41886,195,<c4>OM</c>
195,#YC98RG9GC,AlexFree2Play,0xfff9c908,28000039,41878,196,Cactus Family
196,#YYG9YRP2V,cactus 2,0xffffffff,28000164,41877,197,Clash Aurora
197,#8QRGJ88VR,Z A K 🦅,0xffa2e3fe,28000167,41832,198,<c5>سوالف</c>🌷
198,#CG98G02L,Eto,0xffff9727,28000254,41821,199,Stroopwafel nr1
199,#QJC9PCQ,❄️レモ|M7MD🌪️,0xffffffff,28000348,41809,200,⛩️🥀TRAX🥀⛩️
