,tag,name,nameColor,icon,trophies,rank,club
0,#CUUCQRQ9,A-B-N-SYRIA,0xff1ba5f5,28000168,76449,1,BC*|Family*
1,#29JJCQULC,BC* |Crusher🍉,0xfff05637,28000175,76090,2,The rise
2,#YQGQCL0QG,Maivoys:),0xffffffff,28000138,65181,3,
3,#29VYQJJJU,𝘌𝘯𝘳𝘪웃,0xffffffff,28000080,64169,4,
4,#PURVRJQY9,❄️1v9|SÑÕW❄️,0xffff9727,28000116,61429,5,EG|Galaxy ll
5,#GGVCQUV8,SAVAGE>.<,0xffffffff,28000340,61187,6,ほ | KAYO🌑
6,#9R920PCJR,mounir,0xffffffff,28000175,61025,7,
7,#8RGLRJYUY,☔️Ibrahimᴷᴵᴺᴳ✨,0xffff8afb,28000302,60911,8,☠️ Zero Hour ☠️
8,#8R0VGC0VL,♡ HOSSEN ♡,0xff4ddba2,28000305,59432,9,MenAreUp
9,#QQYRR2CJ,TC | Pharaon〽️,0xffcb5aff,28000333,59338,10,✅TENGLE YT
10,#R2JV8U89,🐥Bєɗơ|ᴴᴬᵀᴱᵧₒᵤ,0xff1ba5f5,28000138,59335,11,
11,#2YVCJJLPL,Baraa Amsha,0xffff8afb,28000304,57597,12,☠️ Zero Hour ☠️
12,#8R08VP8C2,ابو عبيده🇵🇸,0xffffffff,28000260,57209,13,
13,#9VLLG8UCV,oday gaming,0xfff9c908,28000349,56405,14,🔥TEAM 7ARQ🔥
14,#YLC2LLUJ8,OMR85,0xff1ba5f5,28000019,56381,15,✨Commonality ✨
15,#C2V08RJC,king zaid 1,0xffcb5aff,28000150,56339,16,𝑶𝓜|𝓐𝑹𝑨𝑷🥀
16,#8UQGJPCQG,YT|RDSMN,0xffa2e3fe,28000302,56093,17,D_FOX
17,#9P8VG2QV,-!>>مح|مد<<!-,0xff4ddba2,28000305,56079,18,Skills4Life
18,#C8VRY0GR,|™️Amrᴷⁱˡˡᵧₒᵤツ,0xffcb5aff,28000207,55891,19,
19,#9URQUYPP2,『ぱ|𝑳𝑼𝑲𝑨𝑺࿐❦,0xfff9c908,28000061,55277,20,𝐏𝐒シ︎𝐉𝐎
20,#YQLUQC09J,SF|KYOKA🤍,0xff1ba5f5,28000334,55270,21,black over
21,#90LRJ2YRQ,كودزيلا,0xffcb5aff,28000261,54745,22,العصابه الخطيره
22,#PGUUPR08,ツAlligaͥtoͣrͫ🐊,0xffffffff,28000136,54739,23,☠️ Zero Hour ☠️
23,#2Y2URGQ8U,TTM|Rayan🐙💚,0xff1ba5f5,28000112,54309,24,
24,#GGL00CJ,PU|『Thulsa』🖤,0xffcb5aff,28000281,54029,25,Perfect Unit
25,#PY0Q0Q22,〖ℳℜ〗ＰＨＯＥＮＩＸ 🕊️,0xff4ddba2,28000184,53732,26,BRAWL OWNER’S
26,#88PG22YQC,Brawler,0xffcb5aff,28000211,53434,27,BS Esport Elite
27,#PLRL0Y8GQ,Æŕẞ_ŶŦ|🇵🇸,0xff1ba5f5,28000129,53430,28,GAME OVERS-YT
28,#PGLY0GRGU,MR.Game UT,0xffa2e3fe,28000138,53302,29,Tribe Syria
29,#PQQL2LGR,Dr🌙Yehyaᴷᴵᴺᴳ✨,0xffffffff,28000291,53233,30,The rise
30,#YU8QU88VG,𝑴𝒐𝒅𝒊.🤍,0xffffffff,28000196,53203,31,Reply Totem DE
31,#PLJ888U,Nate,0xffff9727,28000218,52964,32,العصابه الخطيره
32,#PP9Q0R88Q,❥ᴋɪʀᴀ :'(,0xffffffff,28000121,52506,33,الناقة
33,#YYUQ9P2J9,mohanad ghzwii,0xffff8afb,28000023,52501,34,كلنا عرب
34,#8J2GR0G2P,RayQuaza💙Her,0xff1ba5f5,28000167,52443,35,<c9>Destiny</c>
35,#UU09QJ8C,あ|𝟕𝒶𝓂ℴ𝒹𝒴🥀,0xffff9727,28000347,52440,36,Soft Drinks
36,#28JJ022PV,thomferra,0xfff05637,28000290,52389,37,📀|ItR4d3s|💡
37,#9CRVJLCRR,isma pro,0xffff9727,28000061,52329,38,
38,#RRJVL2C9,DR•B҉o҉mbX×͜💥,0xff1ba5f5,28000137,52146,39,Gaming Station
39,#2PVJRQVP,Apollo,0xfff9c908,28000279,51940,40,Великие Апперы
40,#2PU2G29CJ,🥀Mohanad♡✨,0xfff9c908,28000138,51886,41,
41,#JVR290VJ,☠️(👑Tails👑)☠️,0xfff05637,28000335,51262,42,العصابه الخطيره
42,#889GG9CP8,Elite|Ahmad,0xff1ba5f5,28000017,51093,43,Me Elite
43,#9QYQ2GRR0,蒙玄|𝕸𝖊𝖘𝖔⸙❄️ツ,0xff1ba5f5,28000175,51079,44,💔NIGHT ANGEL💔
44,#2Y0Q8VLLC,TDF_bashar-_-,0xffffffff,28000183,50746,45,الناقة
45,#P0CG8C2J0,🍁ヅM̶i̶₴₴ØⱤɎ ❤,0xffcb5aff,28000303,50682,46,Bull's Team
46,#8LJY0RJ0P,DK⚔️| ADHAMZ❦⚜️,0xffffce89,28000061,50637,47,The rise
47,#PJCRU0URV,عصير برتقال 🍊,0xffffffff,28000139,50591,48,EG|Galaxy ll
48,#YQP2GLLPY,ابن فلسطين##,0xfff05637,28000271,50568,49,العصابه الخطيره
49,#2J9GUGL90,『螿🥀ᵃʰ₥₳Đ_ヅ』,0xffffffff,28000348,50447,50,The rise
50,#P22C2U299,⛩PŠ♡ÀMMÂŘ|アンマーツ,0xffcb5aff,28000159,50354,51,☠️ Zero Hour ☠️
51,#2URPCVLCG,فلسطيني وافتخر✌,0xff4ddba2,28000021,50332,52,Skills4Life
52,#20U0GVYL0,the king basher,0xffff9727,28000291,50328,53,كلنا عرب
53,#9G28QG8Y8,AMRWXXKING,0xfff9c908,28000097,50294,54,سراقب وبس
54,#YC0QRVVRR,Lily💘,0xffffffff,28000018,50260,55,EG|Galaxy ll
55,#8P880QCYR,1v3|𝐒𝐚𝐢𝐟シ,0xfff05637,28000291,50199,56,THE NEW RULERS
56,#82LCC8RGY,TaHa Dz,0xff4ddba2,28000169,50118,57,
57,#P88RVVPG2,︻┳デ═—K҉I҉N҉G҉ツ,0xff1ba5f5,28000000,49834,58,𝐒𝐊|𝐋𝐈𝐆𝐇Ƭ2
58,#GR9UYUCJ,SWENERD,0xfff9c908,28000003,49805,59,『DutchMatrix🦋』
59,#GJPYJYUP,NickName,0xffffffff,28000291,49666,60,غزة العزة
60,#LC00QP9P,osamav9v,0xfff9c908,28000262,49655,61,
61,#89YUJ0LJ8,Hafez Dangereux,0xffa2e3fe,28000207,49638,62,FR|ESPORT😈🥶
62,#2PG8ULLC8,SOMER|SneyZen,0xff4ddba2,28000023,49625,63,<c9>SOMER</c>
63,#9V82PVUQQ,DK⚔️| Basha❦⚜️,0xff1ba5f5,28000061,49552,64,كلنا عرب
64,#880VVLC82,☠mousa☠,0xff4ddba2,28000136,49550,65,اصدقاء للابد 2
65,#QP9GPYUJ,『蠪🥀ᵐᵘn̶ëë𝐫_ヅ』,0xffa2e3fe,28000204,49230,66,الناقة
66,#V2JVYLRP,hadi,0xfff05637,28000218,49220,67,Pros Brawl😩❤️
67,#8GGCY9CR2,¥ͥ₳ℲͣꝳͫɆᵍººᵈ,0xffa2e3fe,28000164,48977,68,A.Y.J.S
68,#2R8RYRJV2,BUGATTI,0xff1ba5f5,28000280,48849,69,Polish Empire
69,#8CGGJLL0R,𝔸𝕟𝕖𝕞𝕠𝕟,0xfff9c908,28000017,48665,70,99+1
70,#200GJ2CPP,THE EPIC WIZARD,0xffff9727,28000262,48582,71,MeGrez Syria
71,#UJ08QVG8,Andrex,0xffffffff,28000176,48279,72,AGENT 47 | TEAM
72,#L8R0VCYPR,ヾ(＾-＾)ノ,0xff1ba5f5,28000227,48214,73,
73,#2282VVY92,Hackster,0xff4ddba2,28000332,48114,74,عشاق الاقصى
74,#Y2GGVVVQ9,DK⚔️| AHMAD❦⚜️,0xffa2e3fe,28000310,48103,75,كلنا عرب
75,#8U8Y0CLU0,Hamza,0xff1ba5f5,28000224,48023,76,
76,#2GY29PR00,😼king Barra😼,0xffcb5aff,28000278,47669,77,Max is gone II
77,#8VQV9PJUQ,king,0xffa2e3fe,28000008,47580,78,عرين الأسود🦁
78,#P2RLYL92L,🥀Naviᵍᵒᵒᵈ☔,0xfff05637,28000023,47562,79,Schlafmützen
79,#P9PR9V8U,Coby🥥,0xffffffff,28000139,47425,80,Зайцы
80,#PV9R0UG9L,"palestine,💚",0xfff9c908,28000267,47421,81,🍃H✨M❄️Y🔥
81,#2UJGGRRUY,Ҡʂ|Bŕãvͥê$oͣuͫℓ,0xffff9727,28000104,47413,82,d_fox
82,#LLP90QPYL,Ali|Palestinian,0xffa2e3fe,28000167,47320,83,غزة العزة
83,#9QYCYCVR,Ｍａｓｔｅｒ⚡,0xffffffff,28000139,47280,84,THE KINGS
84,#LG208UY9Q,♤ĸɪℓℓєяᶫᵒᵛᵉᵧₒᵤツ,0xffff9727,28000184,47279,85,هاي
85,#2CJ8VPGRY,FADI✨,0xffff8afb,28000335,47200,86,غزة العزة
86,#YYQP0LLLP,AVG^Crow,0xff1ba5f5,28000129,47122,87,Free Plasteen~
87,#R8J88L2U,YMAbuHijlah,0xff4ddba2,28000294,47083,88,Palestine
88,#PJPJVJU89,PS|Ebraheem𝕽𝕭,0xfff05637,28000187,47059,89,🔥HUNTERS🔥
89,#220VG2UV8,sejeroAKASHI,0xff1ba5f5,28000323,46913,90,Deutsch|E-Sport
90,#22VPYP0JC,MOON❤️Palestine,0xfff9c908,28000176,46854,91,Mini Drinks 🍹
91,#GJGGU0LV,PS☔ÂHMÊĎᴷᴵᴺᴳ✨,0xffffffff,28000182,46581,92,☠️ Zero Hour ☠️
92,#9UUVV8YU,Mutasem,0xff1ba5f5,28000170,46540,93,Infinite Fire
93,#L0J88VPYY,mohamad.al🇵🇸,0xff1ba5f5,28000254,46415,94,YT King Matte
94,#PP8QLRC9Q,123GO,0xff4ddba2,28000084,46376,95,
95,#YUPRLGYY2,Ms|𝐬𝐦𝐚𝐫𝐭🎨,0xffa2e3fe,28000135,46367,96,GL Jordan 🥂
96,#9LUQYC8Q,𝙻𝚊𝚖𝚊ʀ͠☆•,0xffffffff,28000058,46313,97,هيهيهي💤
97,#8PPLYYGVL,BlackJack♡シ,0xfff05637,28000151,46270,98,ملوك فلسطين
98,#8LG9PRVVY,うみんちゅ❤️ドヤさ‼︎,0xffffffff,28000000,46150,99,ドヤサンズ‼︎
99,#GGG9V999,humbleヅ,0xffa2e3fe,28000281,46139,100,
100,#2J88PVLP,boozidaboi,0xfff05637,28000334,45977,101,Hollands Hoop
101,#8YJURVPJG,👑刀ﾉdﾑﾚ⚡,0xfff9c908,28000044,45868,102,STRONG💪🇵🇸
102,#9UQUGPYJ9,🌿|XĐ|ĶÌŁŁƏŔ|🌿,0xffcb5aff,28000332,45796,103,MeGrez Syria
103,#902JJJYGL,kareem,0xffff8afb,28000305,45775,104,Kings Guard
104,#8PVC9GU0Y,mohammad.azz,0xff1ba5f5,28000294,45740,105,SPACE🪐
105,#2JY9GPJ8G,p§ hahuhi2♡,0xffcb5aff,28000141,45737,106,King's Dynasty
106,#8RGU9L0JC,nose,0xfff05637,28000279,45700,107,Dedos Lentos
107,#GGP2P2G2G,Power,0xffcb5aff,28000262,45677,108,العصابه الخطيره
108,#QYJGGRQ9,brain farts,0xffff8afb,28000138,45628,109,🔥TEAM 7ARQ🔥
109,#9GP2RPGQ,ciao bullet,0xfff9c908,28000317,45583,110,عشاق الاقصى
110,#C22G2V9J,bad boy,0xff1ba5f5,28000272,45530,111,$ТаЩеРы$
111,#298V8UR0Y,king(adam),0xffff9727,28000102,45481,112,RomaniaWarlords
112,#QU28LVYG,EL|💧WATER💧,0xfff05637,28000023,45416,113,
113,#8PY28R2JP,ミ𝑨𝓡𝑻↯,0xff1ba5f5,28000129,45152,114,Reality
114,#92PGG8PRP,PG | MARCINPLBS,0xfff9c908,28000139,45103,115,SI|SIGMA
115,#GLYYC2PR,ABD13🇵🇸#free,0xffff8afb,28000330,45068,116,✨THE WONDERS✨
116,#YCQ090RVQ,فلســطين🇵🇸✌,0xff4ddba2,28000159,45045,117,عشاق القدس
117,#8GYPV0VGU,¯\_(ツ)_/¯,0xfff05637,28000224,45001,118,Big Bang Raging
118,#GQG2R20L,✌️Ꝅΐи̃̾Ĝ ŏ₣ 🇵🇸,0xffff9727,28000258,44858,119,عشاق الاقصى
119,#9RRGJ28G9,LEON777,0xfff9c908,28000349,44854,120,Tribe Gaming RU
120,#9UJJ0RPP2,♔𝒮𝒶𝒹♔🥀,0xffa8e132,28000337,44751,121,Стиви 1
121,#9R2YGJYQ0,♡KING♡,0xffcb5aff,28000349,44708,122,Ice Players
122,#9GRP99R8P,𝓗𝔂𝓻𝓪𝔃𝓪𝓭,0xffa2e3fe,28000271,44690,123,<c5>❄SNOW❄</c>
123,#PRQCCPL02,Ayşenur💌,0xff1ba5f5,28000018,44616,124,LØVÉ🙂🦋
124,#YUU8QC29P,مؤمن,0xff1ba5f5,28000285,44574,125,L.O.A II
125,#U0JJR099,℡ waleedヅsmrヅ,0xffffffff,28000294,44496,126,
126,#P9CGJGPYJ,يعقوب,0xff4ddba2,28000060,44315,127,الملوك👑
127,#LLLLQQJ9,[ПОТ]FivFiv1338,0xfff9c908,28000221,44272,128,The best is yet
128,#Y2U82VJUR,♠️❄Àhmàđ ❄♠️,0xffcb5aff,28000134,44252,129,❄️ICE|CHILLE❄️
129,#QVPLGUJ0,🔪|Myͥstͣiͫc🐣,0xffffffff,28000014,44237,130,Lagege
130,#PR2CLL2PQ,♡Malikour♡,0xffcb5aff,28000335,44235,131,HIMAL
131,#9PPGR0UY0,ART(mohammad),0xffcb5aff,28000335,44175,132,غزة العزة
132,#PCJ0YYJGV,احمد,0xffcb5aff,28000224,44172,133,غزة العزة
133,#YV2LJV2PU,Psg❄️SHADOW❄️,0xffa2e3fe,28000349,44142,134,كلنا عرب
134,#8J0PGUYJ2,#abu_alsof,0xff1ba5f5,28000112,44094,135,Cement Squeak
135,#82RCU2U20,🇵🇸AHMED🇵🇸,0xfff9c908,28000141,44085,136,gamzers
136,#PJYJCVYPP,جزائري 🇩🇿🇵🇸,0xff1ba5f5,28000320,44074,137,العصابه الخطيره
137,#9V9JCP99V,(المتوحشة),0xffffce89,28000332,44069,138,العصابه الخطيره
138,#2Q98CLRR,BeatB0X88,0xffff9727,28000352,44062,139,شطة☢ حاره🔥
139,#2CCLGYPG9,⚡H҉A҉C҉K҉E҉R҉⚡☪,0xffffffff,28000175,44016,140,غزة العزة
140,#P2YLUC0Q,ŸÖ|ĶȞÄĻÏĐ~ĶÏŅĠ»,0xffff9727,28000061,43932,141,e̲̣̥Ǧ̩̥y̥ Swift
141,#2CYGL0CGL,#ALPHA#,0xffff9727,28000033,43912,142,Cats
142,#2V8RJYJYP,مفيا سلواد,0xffa8e132,28000320,43897,143,كلنا عرب
143,#Y98UL9V0,wicked kid alex,0xffa2e3fe,28000001,43826,144,Dr Pips Gang
144,#GJ9JYL29,ZAID,0xff1ba5f5,28000033,43818,145,NI Pl
145,#QYYLCVU2,X_hãčķëř_x,0xffff9727,28000129,43788,146,𝐒𝐊| 𝐋𝐈𝐆𝐇Ƭ
146,#PPQR8CYJC,amin,0xff4ddba2,28000305,43763,147,ghosts
147,#80LLJRVYP,youssef,0xff1ba5f5,28000129,43678,148,The RoyalGang
148,#YUV0L29QY,『〆ʂᷟԋⷷα̵нҽ᷼𝛞🖤,0xffcb5aff,28000038,43665,149,<c4>RV|TEAM</c>
149,#9J0PCYJJU,Dͣeͫnᵍiͦsͩ,0xfff9c908,28000345,43632,150,TR| TRYHARD🪐
150,#PRJY8RYY9,big mac,0xffa2e3fe,28000283,43589,151,les cons
151,#2UPVJPLJ2,🇵🇸alaa🇵🇸,0xffcb5aff,28000020,43481,152,عشاق الاقصى
152,#J8PPJL0U,❦𝓵𝓪𝓲𝓼𝓼,0xff1ba5f5,28000301,43428,153,P.K.L
153,#8VCY0PRCR,"𝓝𝓞𝓞𝓑,𝓒𝓞𝓜",0xffcb5aff,28000189,43409,154,DEATHZONEtm
154,#G8YJ9GY,⚡️Í🅱️R🅰️⚡️,0xffff8afb,28000143,43369,155,Palestine
155,#PUJVU88GC,『ᵠᵒˢ』𝐹𝐼𝑅𝐸ツ␈,0xfff9775d,28000340,43332,156,Free Palestine
156,#PGPQJ00PV,ÁŚM⛩️FúŕÌőúś,0xffcb5aff,28000305,43327,157,ASM's
157,#YLLVRL2RU,👑فلسطيني👑OMAR,0xfff05637,28000352,43327,158,🇵🇸🇵🇸🇵🇸🇵
158,#Y9YYVJJPG,CD |Kobe❄,0xffa2e3fe,28000335,43247,159,ملوك العرب💯🌍
159,#2QC8LCYQ,LEON,0xff1ba5f5,28000077,43237,160,غزة العزة
160,#98U2RCJ8,📿Qusai📿,0xffffce89,28000224,43230,161,Freakcrew
161,#QJPQ8898,sultan,0xffa2e3fe,28000280,43077,162,جنين
162,#YR2RV9Q29,Sudqi,0xffffffff,28000259,43062,163,CSG-YT
163,#8LJP2RGLG,『ICU』BoSs『,0xffff9727,28000044,43051,164,🇵🇸🐺
164,#8RPLQL9Y2,HUTHIFA789,0xfff05637,28000282,43033,165,Shadow fighters
165,#PJCLLCL8G,Stalin,0xffffce89,28000279,43028,166,☪️العرب💜
166,#8LRPR9UG2,🖤ĥãĸēř🤍,0xff1ba5f5,28000271,42959,167,DEATHZONEtm
167,#828R02Q0U,Hamed_57mj,0xffff9727,28000170,42945,168,MenAreUp
168,#9PP9JRRGG,🌠KARTAL🌠,0xffffce89,28000213,42872,169,🇵🇸BROSEA⚔️
169,#PQ9C0VJ9Q,xmohammedx*,0xfff9c908,28000210,42854,170,Free |2 play
170,#J2PU2J8V,Diozito,0xfff9c908,28000242,42798,171,🍋Limones🍋
171,#99QQCLRVC,mhmd_top,0xffffffff,28000156,42785,172,LØVÉ🙂🦋
172,#RGCYVRQY,Raven ニヤー,0xfff05637,28000018,42720,173,watermelon 🍉
173,#9UJG9UCLY,Darnr YT,0xffffffff,28000095,42690,174,Ice Players
174,#8ULPU8GUU,★ĴŐĶĔŔヅᴷᴵᴺᴳ★,0xfff9c908,28000095,42563,175,ほ | KAYO🌑
175,#PPLCQLG0Q,❦︎𝓐𝓗乇𝕯乂,0xffffffff,28000259,42529,176,🇵🇸🐺
176,#8U2L02QG0,MŌÊ,0xff4ddba2,28000233,42515,177,العصابه الخطيره
177,#9VC2PVG8U,???,0xffcb5aff,28000347,42478,178,hero
178,#2R8CRYLCV,bagera,0xffffffff,28000290,42475,179,ملوك فلسطين
179,#YVRQVCRC8,mr.0,0xfff9c908,28000348,42470,180,LC|Teeling
180,#J209UV09,🥶🥶,0xfff9775d,28000318,42446,181,Men In Tux🕴️
181,#PUG98U9Q2,الاسطورة,0xffcb5aff,28000129,42443,182,
182,#PQPUY0R9,TE|𝐃𝐈𝐀𝐍𝐀⁹⁶,0xffffffff,28000333,42392,183,Mini Drinks 🍹
183,#9U0RJP82J,⚡ABU|JASEM⚡,0xff1ba5f5,28000061,42368,184,STRONG💪🇵🇸
184,#P0L0QL8P0,POS |★Oday★,0xff1ba5f5,28000175,42341,185,ABY•LEGENDS
185,#2PJ8GCJVG,GG|ilyaskin 🥀,0xffff9727,28000132,42307,186,ФК ТЕРЕПЕЦ
186,#P2PGP292,im_jomika3,0xff4ddba2,28000284,42278,187,free plstin
187,#9R0LQGP08,e^πi+1＝0,0xfff9c908,28000248,42276,188,海公牛🐔🏀
188,#GJUJQGP2,Ahmad7717,0xffa2e3fe,28000347,42266,189,غزة العزة
189,#Y0UJ9CG2V,فارس,0xfff05637,28000055,42246,190,🇵🇸🐺
190,#Y8R8U0G9R,moh,0xff1ba5f5,28000293,42229,191,
191,#RU2Q2VRL,GÄʑÄ丨MR3SH,0xffa8e132,28000183,42227,192,The| leadersシ
192,#828UJRPLJ,#محمد,0xffff9727,28000211,42225,193,🇵🇸🐺
193,#YUJP2U90L,s_a_e_e_d🥲🔥,0xffff9727,28000223,42209,194,✨THE WONDERS✨
194,#L2VY900VC,PS | A7mad𝕹𝕬⛩,0xffa2e3fe,28000290,42207,195,🔥HUNTERS🔥
195,#8RQJJ9LUR,⛩️Leͥgeͣnͫdʸᵗ🥀,0xffcb5aff,28000014,42112,196,YT: LEGEND YT
196,#Q828GJU8G,❄️♠️Ameer♠️❄️,0xffa8e132,28000137,42089,197,❄️ICE|CHILLE❄️
197,#PUCRQC02U,noice man,0xffa2e3fe,28000107,42069,198,YT:STORY
198,#8P2JRGGCY,Rafat,0xffff8afb,28000156,42068,199,
199,#P9Y2LQLGQ,الرجل المقنع,0xfff05637,28000164,42053,200,ZLSRH
