,tag,name,nameColor,icon,trophies,rank,club
0,#8CVY0QY28,ㄓϟTʀᴜeɴᴏᵉˣᵒᵈᵘˢ,0xffffffff,28000335,56577,1,ChileanFighters
1,#2UY2J98CP,kametyane,0xffa2e3fe,28000023,51359,2,ガッチャー部
2,#89GLPUPLQ,Alex=™️☯️,0xffff8afb,28000023,51074,3,Dark Team
3,#2R9QYQLVG,NeRo|пожалей,0xffcb5aff,28000000,50288,4,FREEDOM
4,#9CCV0UQQR,h3ldrein 💕,0xffcb5aff,28000065,49124,5,X Legion
5,#9YGLGVRJ0,brolstaz,0xffcb5aff,28000333,48411,6,THE BEST CLAN
6,#2C089JVR2,SPA|🌿回歸天空⚔️,0xffa2e3fe,28000077,48401,7,SKy|天際軍團
7,#JCRYR9Q0,SM|Karmaz🐻,0xfff9c908,28000256,48291,8,Swárxś🩸
8,#YLYL2CPRV,####,0xffcb5aff,28000014,47441,9,GroteSpelers
9,#YRYRRJQYJ,[БАН] ВЕНОМ,0xff4ddba2,28000021,47250,10,ELITE|БеБрОїДи✅
10,#98LQG9PU2,Sandy,0xffcb5aff,28000302,47224,11,ELITE|БеБрОїДи✅
11,#28RCQ9GGP,brawler,0xffa2e3fe,28000332,46276,12,Mal1nky
12,#8YY0JC9G2,Starser,0xffffffff,28000210,46141,13,乂三廾丅升工
13,#9JJP8Q22U,KOEKY,0xffcb5aff,28000341,45505,14,Spirit Kicks
14,#YQ9C98VJ9,ㄥㄩㄥ乂乙乂シ︎,0xffffffff,28000139,44966,15,
15,#2LGPLUQ9V,mémé du 80,0xffffce89,28000333,44663,16,⛩ALPHA⛩
16,#V20LVUQ2,Kima🦦🩶,0xffffffff,28000167,44242,17,AFewAntitrader
17,#8JL922CUU,✭のｷｷﾚﾉ刀乇☂️,0xfff9c908,28000020,43897,18,NeverCry™
18,#8QYPRCLVV,KEROX☠İSLAM,0xffff9727,28000244,43509,19,|TR|eSporTs
19,#2UCV0RY8,ThG|QweEzo去,0xffff9727,28000009,43336,20,BBG
20,#2JG8LCR8U,Brawler,0xfff9c908,28000290,43319,21,
21,#LVGL829L,RevolvingHarpy,0xffcb5aff,28000220,43111,22,TEAM CMR
22,#8GYCJGGCU,RICEBALL™💫,0xffa2e3fe,28000255,42555,23,MechaMegArmy
23,#9202PQ0LU,⛩RASCO 64🎋,0xfff05637,28000272,42463,24,THE WIHZ
24,#PC2JJY908,☄️flex|star xD☄,0xffffffff,28000349,42421,25,BARYŁKI|DARYLA
25,#9900RJUJP,fireball,0xffff9727,28000098,42206,26,BEATS THE BULL
26,#2YQJJGVVU,peto,0xffff8afb,28000156,42186,27,CZECH KOFOLA
27,#LVLGCRR08,NateDiazzz,0xff1ba5f5,28000271,42069,28,Trap hata
28,#Y90Q0RQJQ,❄️ICE|ToPcHik❄️,0xffff9727,28000147,41917,29,УШЁЛ ИЗ БРАВЛА
29,#8C0UPLUPG,Hajdu007,0xffff9727,28000129,41847,30,❄️Ice❄️Mortis
30,#8CRCRVJ8L,Я БОГ ты никто™,0xffff9727,28000331,41799,31,пингвулы
31,#Q0V0L2QL0,ZL|ChiaChicken,0xfff9c908,28000087,41760,32,kings
32,#8QGC9VC0Q,NaVi|IlyaZha,0xfff9c908,28000136,41435,33,krisyatnik
33,#R9JR8R90,要|Ʀҡ⅞🪐,0xff4ddba2,28000259,41368,34,tigrefamilly
34,#P2LJGP8LL,dexen?,0xffffffff,28000139,41216,35,
35,#RYQLYP8Y,GX Andrea,0xfff9c908,28000221,41204,36,
36,#PJ8LYGRYJ,𝐬𝐪𝐮𝐞𝐳,0xffcb5aff,28000139,41107,37,BSS Club
37,#8GQRRL0R8,나이스,0xffcb5aff,28000129,41096,38,purple fire 🔥
38,#YYUVVV2Y0,RT|fear💀,0xfff9c908,28000176,41043,39,RareTeam7
39,#PVPGC9J2G,ASSANSSİN,0xffcb5aff,28000037,41027,40,SaYan eSport
40,#PJP9PCVL9,HanteR『GG』,0xff1ba5f5,28000089,40955,41,
41,#PPUR2GLVL,®G30R6E®,0xffff9727,28000061,40604,42,
42,#222U0YJJ2,⛩|Rzm64🎋,0xffff9727,28000335,40571,43,2Brawlate
43,#PJ0C2QGP0,cassie,0xff1ba5f5,28000000,40431,44,csb gang
44,#2CQLPYL82,Noob Thomas,0xff4ddba2,28000136,40367,45,csb gang
45,#QJGGLU29,짱준혁,0xffa2e3fe,28000294,40264,46,티밍세상
46,#LYGCVR88R,❄️Honzιιĸ🔥,0xfff9c908,28000104,40253,47,CZ|Brawl Crew❤️
47,#29LLRY0C0,AdrianGamer,0xff1ba5f5,28000103,40150,48,LS OFICIAL 公
48,#Y2LQ90GJP,《EZ》,0xffa2e3fe,28000170,40129,49,🇷🇺Я НЕ БАБА🌍
49,#8LRGVQ9U2,JAS|Mr.X-R,0xffcb5aff,28000276,40119,50,
50,#99GJJLLY,Ben O. Verbich,0xffa2e3fe,28000262,40032,51,FBO Official
51,#YLPGGQYUY,ИЛЛКА,0xffa2e3fe,28000281,39624,52,
52,#9GVP89R2C,QLS|Panda Kozak,0xffff9727,28000205,39538,53,((⁠⊃Tne Stong))
53,#9LLG0QYUQ,killer,0xffffffff,28000277,39538,54,中華基金戰隊
54,#9GLPYUQVP,🔥HOTOluś2137🔥,0xffff8afb,28000187,39286,55,Polish Elite
55,#VY9CRUL8,špìrįt（╹◡╹）♡,0xfff05637,28000008,39161,56,yyianed
56,#2G0Q00UUR,Белый конь,0xffffffff,28000054,38764,57,Kawasaki
57,#YL2VVV2R8,BS|☔ᴋɪʟʟᴇʀ ᶫᵒᵛᵉ,0xffffffff,28000000,38523,58,SPOCUSZKI
58,#8GYLCVRJJ,⛩|Mathis|🥀,0xffffce89,28000110,38409,59,HOND
59,#PVCQ9UQR,Eroi,0xffffce89,28000211,38379,60,Polish🇵🇱Fame⚔
60,#8U8R8LUR,너 희 들 은 다 해,0xffff8afb,28000283,38379,61,TooEasy
61,#CC9CVU0,TT|Lougarou21,0xffcb5aff,28000350,38238,62,ⁱᵃᵐ|Team❤️‍🔥
62,#8LGRYQ08,forkwad,0xffa2e3fe,28000156,38180,63,Ramen
63,#9QGV8YPLV,TT KolpyBS YT😜,0xffcb5aff,28000033,38026,64,Преисподняя
64,#20U2CJLUJ,Evgeha,0xffa2e3fe,28000054,38000,65,Magic ✨
65,#2PYUQYU2G,☔️\IC£ D¥NA\💯,0xff1ba5f5,28000286,37332,66,<c9>Shi</c>Shiボ
66,#8JPPVQ88L,ᴛᴛ | ʀᴀꜰꜰʏᴄʜ🐉,0xffffffff,28000079,37209,67,Λягγωατниκ
67,#P2QPR8QR,Matteo ®️,0xffffffff,28000305,37201,68,Real colizzati
68,#YGR0RJJLU,『мR』₳ⱠɆӾ|Ʉ₳𓆩⚔️,0xffffce89,28000132,37145,69,Navi|Entelegent
69,#2GJUU8UCR,ДикийПерец,0xfff9c908,28000193,36925,70,SNOWFLAKES❄️
70,#2QG9VPJJJ,RN|Maxus,0xffcb5aff,28000294,36905,71,30BwK 🌪️
71,#L9YL0CJGJ,Samet,0xffff9727,28000095,36862,72,BETA|ESPORT
72,#P9YJ29VQR,Jay,0xffa8e132,28000303,36817,73,GOG
73,#2JRUCCUR9,ML_moras,0xffcb5aff,28000294,36616,74,miliardario
74,#PQYCVJ0CJ,[БЕТА] 10 Stas,0xffff9727,28000132,36614,75,
75,#2VJ0J8QCL,Cesar,0xffa2e3fe,28000213,36601,76,LIB'SQuatᴿᴾ
76,#2RGL2LR08,•univerze•,0xffcb5aff,28000332,36502,77,
77,#999RJ2RCJ,니네맘은정은이🥰,0xff1ba5f5,28000175,36453,78,FT
78,#8GPUV9QP8,は | S A L E N T,0xffffffff,28000132,36346,79,
79,#2Q9L0QPQL,SchaapNinja,0xffcb5aff,28000225,36137,80,monkey
80,#LYVG9PVU,🇦🇱⚡🇮🇹🔥pata,0xffcb5aff,28000330,36135,81,ghost nation
81,#UYYG8YC9,jli,0xff4ddba2,28000341,35968,82,Calamitynolifes
82,#8LRVGP8RP,☆убица 2009☆,0xffcb5aff,28000290,35887,83,Karma
83,#Y8U220CU9,KVT|Elepand,0xffa2e3fe,28000073,35728,84,Elepandův klub
84,#8QYQ99LPL,СМ | toper.ckam,0xffcb5aff,28000226,35512,85,
85,#8VJYRUUY9,нуб,0xffa2e3fe,28000014,35501,86,Одноклассники.
86,#2C0UP2P0P,Apo,0xff4ddba2,28000273,35432,87,Pitagyro 7
87,#2L0V00QLV,informal inside,0xffffffff,28000139,35426,88,
88,#9VCYR9J22,Ŧгչ/๓คгՇ💤,0xffcb5aff,28000335,35091,89,
89,#PL908GUPV,🔥NAVI|KOSTEROK,0xfff9c908,28000290,35055,90,спидер мен
90,#8289P9Y9Y,tøxic Pt. 2,0xffa2e3fe,28000292,35009,91,yyianed
91,#9J9UC99UY,GH | LEO,0xffa8e132,28000275,35007,92,club competitiv
92,#P2VCV82UY,AIKO❤️🌸,0xffffffff,28000242,34583,93,tg: rnzai
93,#9QYRPURCJ,iFastyyy,0xffffffff,28000341,34554,94,TR|TEAMWORK
94,#LPRQ2LQL,OM95™,0xff1ba5f5,28000274,34490,95,TEAM CMR
95,#20PPURPY0,🥀ĞĄRVÎÇK🥀个,0xfff9c908,28000182,34444,96,меп супер
96,#8RUU209V9,anilax,0xffffffff,28000349,34421,97,
97,#C20YUPYQ,ᶜᵘᵗᵉ♡ANGZESS🥀,0xffff8afb,28000182,34382,98,Ang|Top🥀
98,#VJC8LR2U,It’s Sultán?,0xfff05637,28000334,34375,99,подвал сердечек
99,#LQ0QPLLG,G2J haize yt,0xfff9775d,28000276,34327,100,
100,#PV899RQQQ,(LP)TOP4IK RUS,0xffcb5aff,28000254,34289,101,
101,#JJYVJCVL,Fra53,0xff1ba5f5,28000104,34103,102,FR Club
102,#9URPPQV0G,patryk,0xff4ddba2,28000249,34087,103,Klub 123
103,#9R0RY2VUL,OSMAN,0xfff05637,28000207,34041,104,BABA PİROLAR
104,#Q2QL288RY,KARAR,0xffffce89,28000242,33943,105,MR Dream💫💙🌚
105,#9PLV0UC8Q,RT | 1v1one,0xffa2e3fe,28000218,33839,106,RareTeam7
106,#98VYJUYLR,Loading...,0xffcb5aff,28000066,33833,107,
107,#9YV9VPV02,blone,0xffa2e3fe,28000003,33823,108,嘿！兄弟队
108,#P2R9JLCY9,ROY.Gaming ZoRo,0xffa8e132,28000017,33747,109,топ 1 Украини
109,#PY2Q8VL2L,mistrz,0xffff9727,28000147,33613,110,Gieros
110,#L0PG9CGU,Ramji,0xffffffff,28000272,33584,111,Aura Mystique
111,#8CCQJVCL8,⛩️|💜The Demetr,0xff4ddba2,28000246,33546,112,
112,#2JLP9L808,Anatoliy235,0xffa2e3fe,28000036,33497,113,my family
113,#Y28U0LYQQ,Kapuchyn'os,0xffcb5aff,28000264,33367,114,Don't Care You
114,#8CR8G8VCR,gramadina💗,0xfff05637,28000289,33332,115,DeMorgan
115,#8QP0YPRG8,сэнди,0xffffffff,28000253,33292,116,[UA]TEAM
116,#9UYV2JG2V,☔shahramB12★★★★,0xffff8afb,28000260,33271,117,Shahram Kurd ❤️
117,#U0VL0VLU,[GOLD] Fenix,0xffa2e3fe,28000178,33269,118,
118,#YV0VC0GLY,ПУТЬ СПАЙКА,0xffa2e3fe,28000016,33265,119,Ares Gaming
119,#PQLQ9YR9J,leonidasmovasxd,0xfff9c908,28000077,33262,120,Polish Stars
120,#2VPJPJ989,nsrek,0xffa2e3fe,28000075,33258,121,ОДИНОКИЕ ВОРОНЫ
121,#9GJ8JCP9R,PRO Tofiq,0xffa2e3fe,28000129,33213,122,Place🌍
122,#U2G0GCCQ,dal?_lal?,0xff1ba5f5,28000225,33186,123,YouTube Elite
123,#8GR0CV9G9,Скучная игра,0xfff9c908,28000293,33166,124,PolandMembers™✓
124,#222909GQ0,Arvan r,0xffa2e3fe,28000005,33160,125,GLP Clan
125,#UUV882Q2,tomar753,0xfff9775d,28000156,33125,126,
126,#P992L09PG,gugustavo12,0xffcb5aff,28000256,33111,127,UMABATATA
127,#2GY8RQC08,TMZ_doodle,0xffffce89,28000156,33111,128,CRABE
128,#909CGQ2J,VANCOOLER,0xffcb5aff,28000305,33080,129,CODE BAWZ
129,#9QVQ88Q9J,TR.물,0xff1ba5f5,28000102,32982,130,레전드군단
130,#88QU2QPCC,Jonny Jostar,0xfff9c908,28000135,32951,131,Shamgun0iqpidor
131,#9GQ00JCV9,عبدالله,0xffa2e3fe,28000207,32849,132,ar|•gang™
132,#VCPVY9C0,Young.Belochkin,0xffffffff,28000061,32768,133,
133,#2UCCJ9R02,PRO PATO GANSO,0xff1ba5f5,28000218,32567,134,Ticks Head
134,#2LJ0PLQCV,BS|killer 🌌,0xffcb5aff,28000286,32516,135,
135,#2C2JUYJRV,Ben 1000,0xff1ba5f5,28000017,32452,136,CODE:daxai
136,#99J9P0JJ9,savezXXL,0xfff9c908,28000132,32420,137,The Best Teamシ︎
137,#P80YV22J,VPU,0xfff9c908,28000147,32363,138,Lance&Friends
138,#U28JP99U,Миша спайк,0xffa2e3fe,28000179,32303,139,Magic ✨
139,#8YC9Y8RJJ,Спуйк,0xfff05637,28000349,32291,140,Gang Polski🇵🇱
140,#2R2JU099,🔥me_tym17🔥,0xffff9727,28000278,32286,141,MorgaMeida
141,#Y9UYC082,Mintle,0xfff05637,28000267,32258,142,
142,#JG8PYVR,ReLaXᶫᵒᵛᵉᵧₒᵤツ,0xffffffff,28000341,32255,143,banda bog 000
143,#22LGG28YR,𝕣𝚒𝐜𝕙𝒊50🏆,0xffffce89,28000242,32236,144,Amici Gamer
144,#RCULRRJV,баба Наташа,0xffa2e3fe,28000305,32203,145,🦁LeVs🦁
145,#G8GG8L9LV,Mrgraso:v,0xff1ba5f5,28000184,32142,146,Vxltyo Club
146,#8U80VYP29,КиберПельмень,0xffa2e3fe,28000285,32136,147,
147,#JJ0J9PVL,Ɱօօղ 🐣,0xffa2e3fe,28000275,32134,148,ICE🥶-FIRE🔥
148,#9VCC0U2VG,⚡️DENİZ⚡️,0xffcb5aff,28000041,32056,149,MATHEMATİK
149,#202V0PUYJ,[БЛЕТ]МУХАММАД,0xffcb5aff,28000156,32026,150,
150,#Y0GRJ2QRY,saharok 2 akk,0xffffffff,28000184,32003,151,TT-freshmanchik
151,#2YJPU890P,no was get ab,0xffffffff,28000134,31950,152,Tornado Legend
152,#8RRQR0QPP,Ｉｔ’ｓ Ｔｅｍａ🥀,0xffffffff,28000019,31932,153,🌵кактус🌵
153,#PQ2J2C808,Леон,0xff4ddba2,28000155,31903,154,
154,#LJQJCUU0G,只會玩射手啦,0xffff8afb,28000330,31875,155,傳奇聯盟
155,#89PPUR08,KOT,0xff1ba5f5,28000207,31836,156,ELITE|БеБрОїДи✅
156,#20V99PJQR,cнмιєℓu ツ,0xffff9727,28000132,31835,157,😈Dark Shadow😈
157,#PLYV9VP8,Dangerous D,0xff4ddba2,28000156,31800,158,Fatal Core
158,#29C0PLV,West Ice,0xffcb5aff,28000173,31777,159,West Brawl
159,#9QPQVU8G8,LORD VILE,0xffcb5aff,28000341,31746,160,🗿ERZURUMLULAR
160,#8VJ8YJUCR,RAGEDZ,0xfff9c908,28000137,31742,161,SUSHI
161,#8Q0GVV0LL,leon,0xfff05637,28000291,31688,162,potaxianos
162,#2GP0UCJV9,🗑月|lexer🥋,0xff1ba5f5,28000023,31682,163,
163,#98U2LQ8PL,Lēииаяd🍉,0xffa8e132,28000021,31649,164,nasermaser2
164,#9YVQ2U0RG,kamileq,0xffa8e132,28000284,31631,165,Klub 123
165,#YVYVGG9G,broom,0xff4ddba2,28000167,31630,166,
166,#82J99RL9J,⛄×ⓣⓔⓚⓐⓢⓗⓨ•❄,0xffa2e3fe,28000156,31612,167,good Men
167,#8LR8L2R2Q,дарик карими,0xffa2e3fe,28000175,31566,168,Gubka Bob
168,#22QGQGULU,[ГМ] CROW,0xfff9c908,28000132,31563,169,D/S
169,#LQPQ0JUG,田中じゃないです。,0xffffffff,28000018,31555,170,Colony : C
170,#P02LJULUY,ЛЕГЕНДА,0xffcb5aff,28000079,31530,171,tyalet
171,#PCV8JCJYJ,kirua,0xffffffff,28000055,31515,172,les 5C
172,#9YRQGGR02,舐達麻,0xffcb5aff,28000022,31428,173,🇵🇬ぱぷあジャパン🇯🇵
173,#8GG8UJ0QY,PG/charkplou,0xffff8afb,28000109,31412,174,PG/france
174,#82C0P2UUV,NaVi | FlanSey,0xffffce89,28000054,31396,175,Kulki Rico
175,#Y0JUCCRRJ,Назар про 367,0xffcb5aff,28000332,31359,176,Ukraine
176,#PV8U8V080,di,0xff1ba5f5,28000134,31347,177,+LENDARIOS+
177,#RQUCJ0QG,Sauiokl,0xffa8e132,28000037,31306,178,Sot-Army☢️❤️‍🔥
178,#PCLL8LPL2,tt_pubgvzaimka,0xffa8e132,28000305,31301,179,The champions
179,#8GLQRPLQ8,الرب,0xffcb5aff,28000330,31206,180,unstoppable 🇩
180,#809YYY00P,antoshiba,0xffff9727,28000164,31203,181,
181,#9ULCL9PL0,QLS|ze1wiz,0xffffffff,28000132,31194,182,Los Frijoles⚠️
182,#9RP8CRCP0,Глеб про 1,0xffa8e132,28000016,31182,183,
183,#22VLRYJPY,(V1) Ets Flow,0xff4ddba2,28000294,31169,184,Regions Team X
184,#82G22CGJ0,CLAR_OBERKO😃😃,0xffff9727,28000282,31165,185,😝NO😝
185,#9CP08VJQV,🔥DedKostet🔥,0xfff05637,28000129,31155,186,Kostet | T1M
186,#LPUUV2R90,RT|MuLin,0xff4ddba2,28000174,31082,187,RareTeam7
187,#8CJC980VJ,OWEE |Arthur,0xfff9c908,28000347,31074,188,Éclipsia
188,#2VQ9VRVV,[MAX]KILEER PRO,0xffffffff,28000074,31060,189,
189,#UUC220UY,NaVi|MMA,0xffcb5aff,28000132,31000,190,KOJJA LANJALU
190,#PY2LLQL0Q,Darklegends_nt7,0xff1ba5f5,28000170,30962,191,Dark Legends
191,#8R8JUCQ0,💯BravlBoy💢,0xfff05637,28000166,30935,192,(названия нету)
192,#PPU8LQ22G,TS|SkySubleks♡,0xffff8afb,28000229,30926,193,
193,#L2P80RLUG,☠TheBoogyMan☠,0xff1ba5f5,28000229,30875,194,Supernova
194,#2CVG028U,LEON,0xff4ddba2,28000151,30859,195,KNY
195,#P29889QQ9,NAZAR,0xfff05637,28000341,30847,196,поньк
196,#8L2VPY802,bibi,0xffcb5aff,28000320,30830,197,Chill Space
197,#YQ99YQUCV,барктвус,0xfff9c908,28000132,30785,198,6б легенда
198,#82UJVLL89,RK |YT GUarDiaN,0xffa8e132,28000087,30763,199,HTT / BRAWL🎋
199,#28RJ0JCQY,Brawler,0xfff9c908,28000132,30722,200,Black Lotus
