,tag,name,nameColor,icon,trophies,rank,club
0,#PQ28JP0P,亲Jσтα,0xffff9727,28000175,83326,1,7 Dwarves
1,#2RQGVLRVG,₹GuilleX,0xffff8afb,28000036,82589,2,No Mercy
2,#J8UR8002,SKC | Prozy,0xffa8e132,28000029,81484,3,Emi's bar 🍻
3,#CPPV2PQG,MeliodasBot🐐,0xffa8e132,28000006,81253,4,No Mercy
4,#YUGUVGYL,edson v2 🪐,0xffcb5aff,28000176,76773,5,You and me 💜
5,#88LYY92U,🎗️𝓑𝓾𝓭𝓪🎗️,0xffff9727,28000334,75859,6,Nҽɯ Sƚαɠҽ🎖️
6,#98VPCJQ0C,sr america,0xffcb5aff,28000267,75636,7,
7,#2PGRYULC0,◆Janđrø■,0xff1ba5f5,28000259,74866,8,No Mercy
8,#9PU89VL8P,JUP | Pïêrø🍫,0xffff9727,28000206,73339,9,7 Dwarves
9,#2PUY2QRCV,Kσαԋ,0xffffffff,28000183,72961,10,Nҽɯ Sƚαɠҽ🎖️
10,#2JY2LGGUJ,愛 Fernan,0xffffffff,28000244,72800,11,Nҽɯ Sƚαɠҽ🎖️
11,#ULJ298G,PE |⚡️Koba⚡️,0xfff05637,28000272,72790,12,ChileanFighters
12,#9VYVJP92Q,あ|𝙰𝙽𝙳𝚁𝙴𝙰❤,0xfff9775d,28000139,72714,13,Nҽɯ Sƚαɠҽ🎖️
13,#YJQ0Q2V8V,Cry |RainbowSix,0xff1ba5f5,28000243,72653,14,
14,#URYL2JU2,ᶜᵗ|♡︎20/04♡︎シ︎,0xffa8e132,28000179,72366,15,Nҽɯ Sƚαɠҽ🎖️
15,#2RQRYR2G2,愛|Kristofer🕊️,0xffffffff,28000348,71888,16,7 Dwarves
16,#Q0RQ08UR,JosNav24,0xfff05637,28000305,71634,17,Banda Nocturna
17,#29Q9GGJG,Tumzo,0xff1ba5f5,28000000,71540,18,<c7>Hive. </c>
18,#PVRRG0JL,⚡Thunder ⚡,0xffff9727,28000343,71509,19,TheWarriorS
19,#8QRVVRRVP,¤ kai <,0xffffce89,28000233,71321,20,Nҽɯ Sƚαɠҽ🎖️
20,#99088JQ8Q,ᴋᴄ|ʟᴜɪͩᴄͤɪͣᴛͩᴏ临,0xff1ba5f5,28000349,71224,21,No Mercy
21,#8RRR9LC8,Crazy|Luis 🤍🦁,0xffffffff,28000179,71152,22,Family Barza
22,#8GLUVYQPC,あ|Ｓａｓｏｒｉ父,0xffcb5aff,28000332,70711,23,🧀MUSSARELOS✨
23,#J8PUGGQ8,❦︎|ѕυиѕнιиє 🍂,0xfff05637,28000334,70589,24,7 Dwarves
24,#8JV0CQLGU,𝙅𝙭𝙞𝙞𝙧☁️,0xff1ba5f5,28000013,70435,25,7 Dwarves
25,#PU2UVLJR0,👑☬✞𝒦𝒾𝓃𝑔✞☬,0xffff9727,28000242,70298,26,🧀MUSSARELOS✨
26,#2P89R0GP0,🖤SK|BW Ander🖤,0xff1ba5f5,28000170,69772,27,Family Barza
27,#988QV9PQ9,⚡️Z҉E҉R҉O҉⚡️,0xffffffff,28000091,69704,28,Blue Star 💙
28,#8Q8U0U0,moroyessir🦊🪐,0xfff05637,28000179,69525,29,Nҽɯ Sƚαɠҽ🎖️
29,#800PG2PP0,Miyu🌪️,0xff1ba5f5,28000041,69241,30,Las Diablitas🧘
30,#2YQVRL99J,ℝ𝕊|𝑅𝑦𝑤𝑡𝑜™,0xffa2e3fe,28000302,69094,31,LaViejaSchool
31,#V9QPG880,陰|Adriano ☪️,0xfff05637,28000065,69009,32,FWs Club 🌮
32,#JQC0082U,Adroo,0xffffffff,28000112,68907,33,TM|Acronics
33,#R0YJ0C2G,ηєρнтαℓι🦅🇵🇪,0xfff9c908,28000348,68891,34,Banda Nocturna
34,#99CYV0PRY,Nicolezzz,0xffcb5aff,28000029,68867,35,Nҽɯ Sƚαɠҽ🎖️
35,#9UQY8UG0Q,R.Dreus💚🐉,0xff4ddba2,28000259,68767,36,Team GV
36,#88PULYQ,❦Ľana del Rey❦,0xff1ba5f5,28000222,68695,37,Banda Nocturna
37,#9J9R9CJCV,joseph,0xff4ddba2,28000254,68444,38,Minecraft PE
38,#8LC2GVGGV,🌸Ｇａｍｅ_Ｏｖｅｒ🖤,0xffff8afb,28000321,68279,39,Ojos De Tara XS
39,#P8VCC8R,Ｐａｎａ ＵｗＵ💯🐣🖤,0xffcb5aff,28000218,68081,40,Nҽɯ Sƚαɠҽ🎖️
40,#UC92LU2Y,🌹Azk98🕹️,0xff1ba5f5,28000062,67751,41,Shadow Garden
41,#CG8R0JJC,⛩️ivͥaͣnͫ 🎋,0xffcb5aff,28000330,67727,42,Blue Star 💙
42,#90UQLYR2Y,潔𝗟ʋіธ🥀,0xffffce89,28000233,67725,43,Criminal eSport
43,#9Y02VUU0C,anikilo,0xffffffff,28000006,67646,44,LaViejaSchool
44,#28RQQVLPV,友•Naollyツカ🥀,0xffff9727,28000348,67611,45,Patas de Nita
45,#2C0LPU0G2,乂GяiмReapɘʀ乂,0xff1ba5f5,28000139,67580,46,Patas de Nita
46,#898LU9GVP,AndxxzN🕊️,0xffffffff,28000230,67546,47,Family Barza
47,#UR9RUQC0,TMC | Fernando,0xffffffff,28000123,67538,48,Banda Nocturna
48,#222JQRL02,ayax,0xffff9727,28000330,67502,49,T.Cyberneticos
49,#2CV02Y0JU,IX| CrazyToxic⚡,0xffffffff,28000196,67442,50,家DarkMoon|🖤
50,#8PRCR2PP,🐣『кєν』,0xfff9c908,28000348,67417,51,INFERNAL LEGACY
51,#80PRCV2G,Artuxkiller,0xffff9727,28000348,67365,52,ᵀᵉᵃᵐ★IQ★
52,#2GQYRVCJR,GR| ALEXCKO🐶✨,0xffff9727,28000294,67352,53,GＥＮＥＩRＹＯＤＡＮ🕷️
53,#8CP0QQLV,Leoマルチネス✨,0xfff9c908,28000047,67184,54,Nҽɯ Sƚαɠҽ🎖️
54,#2RP9CV9J9,⚡EZ|Ken102938♠⚡,0xffa2e3fe,28000023,67097,55,Los Shupapis
55,#Y29V8RUCP,Revolution312,0xfff9c908,28000273,67064,56,Team GV
56,#PJRG2PLU,𝙽𝚠|Sʀ.ᴅᴀʀᴋ🖤,0xffffffff,28000003,66929,57,LaViejaSchool
57,#80V28YCVL,DA|Light夜,0xffffffff,28000219,66814,58,"""DA-MARRIOT"""
58,#9JVV9LJP8,★Woxarath🔮💜,0xffffffff,28000213,66565,59,Banda Nocturna
59,#2RVYYCGRU,UG|⚡Rødrigø⚡,0xffa2e3fe,28000291,66561,60,Banda Nocturna
60,#9090QG02G,Monkey D. Vizzi,0xffff9727,28000259,66452,61,Shadow Garden
61,#80PVRRQPY,Hiro,0xfff05637,28000332,66423,62,Nҽɯ Sƚαɠҽ🎖️
62,#220CY9RRL,RodrigoF,0xffff9727,28000222,66349,63,Shadow Garden
63,#9UG2R9GY8,INL|Yo:v,0xffff9727,28000110,66318,64,INFERNAL LEGACY
64,#U088QG02,Fabrincio,0xffa8e132,28000040,66177,65,WOLFMX
65,#YG8Q090V,vis,0xff1ba5f5,28000043,66053,66,Nҽɯ Sƚαɠҽ🎖️
66,#8QRGRPLJ,Aloneツ,0xff4ddba2,28000349,66040,67,T.Cyberneticos
67,#8Y9LJGU00,Bud🥀,0xfff05637,28000182,65826,68,ᵀᵉᵃᵐ★IQ★
68,#R9LPV29Q,Bazán,0xffff8afb,28000175,65810,69,J Mac gang
69,#290J9VYQG,Baxter,0xffa8e132,28000175,65630,70,J Mac gang
70,#9C9YJ22YL,あ|danirep 🖤,0xff1ba5f5,28000228,65587,71,INFERNAL LEGACY
71,#2L8PQPPCR,ƑαbͥriͣcͫiØ✨,0xfff9c908,28000349,65484,72,■THE KILLER■
72,#2JQ0CRP0J,FM|Andrénator,0xffcb5aff,28000167,65411,73,Nҽɯ Sƚαɠҽ🎖️
73,#P9Y9RP9Y,PEDRO| ᴷⁱˡˡᵧₒᵤツ,0xffa2e3fe,28000286,65369,74,CaféDeMañana
74,#JLCUYRCC,神|Atlas⚘,0xffff8afb,28000176,65319,75,ᵀᵉᵃᵐ★IQ★
75,#22GGVLC0G,🔥Gianfranco🔥,0xffff8afb,28000347,65317,76,Shadow Garden
76,#GUC8U9U,ᴰᵉᵛJσsєTK💫,0xff1ba5f5,28000294,65292,77,Beyond Champs
77,#PQG0UUGC,𝐃𝐚𝐫𝐤❦,0xffff9727,28000178,65275,78,Blue Star 💙
78,#2VLJ288PL,JK | RickY🐼,0xffa8e132,28000123,65239,79,♣️JO<c2>KER</c>
79,#2V29U8GLC,彼ɴᴏᴛ ηαᴍҽ🖤,0xffcb5aff,28000224,65198,80,
80,#CQL0GJ9Q,キRαɯɾɾ!Kιʂαƙι🐉,0xffff8afb,28000321,65044,81,Criminal eSport
81,#8V2YR282L,™️Ｔｒｕｎｋｘ✨永ʳᵉᵏᵗ,0xffa2e3fe,28000000,65032,82,OverComingUNV😈
82,#8JL9Q8QU8,1905|𝓓𝓪𝓻𝓴🍩,0xffcb5aff,28000243,64961,83,Nҽɯ Sƚαɠҽ🎖️
83,#2G0QP8LC8,NS|Dark Dragón,0xffffffff,28000347,64953,84,Black Hearts🖤
84,#PC28YPC9,⸙Ɗɑ̶n̶ï̶ʆ☻🖤₯⸙,0xffff9727,28000205,64951,85,<c0>LGD</c>
85,#29YJ0GCQ,pͥΐcͣoͫ⁴⁵⁶⁷♡,0xfff05637,28000262,64935,86,PerúBrawl
86,#UYU08J9G,DA|iDark16,0xffff9727,28000029,64903,87,"""DA-MARRIOT"""
87,#92GV2GQ0J,DA|BrendisaPr🦄,0xfff9775d,28000308,64810,88,"""DA-MARRIOT"""
88,#209GJYJG2,DSA|PRO,0xffffffff,28000122,64802,89,Team unidos
89,#8RQ00LYUC,DA|ᴀꜱᴛʀᴀ🕊🥀,0xffff8afb,28000018,64794,90,"""DA-MARRIOT"""
90,#8R0GL0YLU,FUT|Shadow🥀,0xffff8afb,28000321,64781,91,☁︎ᴏʟʏᴍᴘᴜs☁︎
91,#29GRJR0RU,愛|Hєɳяy™🥀,0xffff8afb,28000210,64680,92,Criminal eSport
92,#28R9LYCVL,🥀|𝑫𝒓𝑲𝒂𝒏𝒈,0xffa8e132,28000199,64672,93,Family Barza
93,#2GVGY2PU2,SV| Darkness,0xfff9c908,28000139,64593,94,<c7>Hive. </c>
94,#GQCQRL8C,dani,0xff1ba5f5,28000151,64494,95,Family Barza
95,#2P2C0QV98,FM|Fâbîán,0xffcb5aff,28000061,64400,96,Nҽɯ Sƚαɠҽ🎖️
96,#PJ9YYG8Y9,Riϻbⱥl🔫,0xff1ba5f5,28000123,64317,97,🛸🔥xCrêativê💫
97,#88CPGJP28,愛|Memphisᴳᵒᵈ,0xffa2e3fe,28000079,64313,98,Minecraft PE
98,#9Y290LYRL,alexis,0xffcb5aff,28000272,64278,99,Los sin vida 👹
99,#2G8J0GJLY,Fernando|MCH,0xffff8afb,28000337,64278,100,ᵀᵉᵃᵐ★IQ★
100,#2UCC029CQ,BʆitzWѳʆԲ🖤,0xffffffff,28000002,64179,101,夏到ArconixGaming
101,#229VJLVR9,I'm Ninja • 🌼,0xffffce89,28000272,64112,102,友┊❥One • 🌼
102,#9QYJGQCJC,🥀YɛɳɳiԲɛʀ🖤,0xffffffff,28000188,64111,103,Criminal eSport
103,#GRRCQG0G,刀工モム口 ᶤ ᶫᵒᵛᵉᵧₒᵤ,0xffff9727,28000333,64109,104,INFERNAL LEGACY
104,#2CR0LYYGU,H⚔️|☆Sarwin☆,0xff4ddba2,28000341,64105,105,PerúBrawl
105,#PCVG0VY8J,Kevin,0xff4ddba2,28000305,64029,106,T.Cyberneticos
106,#2Q02RG2J9,♪☆Saavedra♪☆,0xffffffff,28000139,63926,107,T.Cyberneticos
107,#PU220YJCJ,+X-master-X+,0xfff9c908,28000226,63695,108,Team GV
108,#92JC2UUJ8,『Player™』,0xfff9c908,28000210,63623,109,ZETA|DIVIZION♥️
109,#9U20VQ8QP,ɯσZҽ,0xffffce89,28000003,63616,110,Banda Nocturna
110,#2V9R8RVR,JohnMA🐺,0xffff8afb,28000261,63607,111,Nҽɯ Sƚαɠҽ🎖️
111,#2CL202Q2L,GIT|Steveʸᵉᵗⁱ🖤,0xfff9c908,28000071,63581,112,TB|Team Bull
112,#PY8RC098C,LatinKamus,0xff1ba5f5,28000281,63571,113,Bebecitos
113,#9RVQQRJJL,joti,0xffa8e132,28000225,63563,114,GOLDEN LEGENDS
114,#28CGG0L9V,Clopez_63👻,0xffcb5aff,28000305,63546,115,Minecraft PE
115,#9J0P08PQ,HC | NekoGamex,0xff1ba5f5,28000281,63498,116,Heno Club
116,#LJ9L2UC0,YanaeCrossed,0xffcb5aff,28000349,63486,117,Los Shupapis
117,#2PCL82VY8,Andy_R,0xffcb5aff,28000095,63412,118,Minecraft PE
118,#GLYGVVLP,OS|LordPanda,0xfff9c908,28000218,63379,119,INFERNAL LEGACY
119,#9CVURV22Q,slazy⚕️,0xff1ba5f5,28000281,63363,120,Tʀᴜᴇ ᴀɴᴅ Fᴀʟsᴇ
120,#P8YU9QLRG,Café con leche,0xffffffff,28000003,63236,121,ImagineDragons✨
121,#Q9UPR809,Marvin,0xfff9c908,28000129,63133,122,LaViejaSchool
122,#2Q8Q9L2C9,manuel,0xfff9775d,28000299,63114,123,Minecraft PE
123,#P9VPLU22Y,GS |🔱ElPopos🔱,0xff1ba5f5,28000108,63074,124,⭐Gamers Stars⭐
124,#VLG0RYV2,Dario❤️Fab,0xffcb5aff,28000163,63036,125,No Mercy
125,#8Y00C0UCL,SRX|FabriFV12,0xffa2e3fe,28000175,63008,126,Haiga
126,#YRCG8QGRP,lionel 😻♥️,0xffffffff,28000215,62955,127,505 ESPORTS
127,#222V2PCRR,juancuba,0xffcb5aff,28000102,62953,128,Peru Brawl
128,#2VR2PQP20,NAYELL:V,0xffcb5aff,28000110,62925,129,Team K4MIKAZE
129,#YPJY09R9L,Eliú,0xffffffff,28000071,62917,130,Los FantasmasII
130,#CV0Y8Q8C,Alex12,0xfff9c908,28000242,62745,131,Criminal eSport
131,#U2QQJ2PL,ゲ|Ukiyo🐦,0xffff9727,28000348,62710,132,TK FORCE ⚜
132,#9L922P98J,©dîęgø®™,0xffffffff,28000349,62707,133,•Nobility•
133,#Q9928L0J,DMS|Supremeᵀʰʸ,0xffff9727,28000286,62703,134,Cryptic
134,#92L2JQRJV,DavidRosero3110,0xff1ba5f5,28000304,62683,135,México Top♡
135,#CV0GUG0G,GusTam,0xfff9c908,28000073,62567,136,B T H Alfa
136,#9V8GUQ28,Psycho,0xff1ba5f5,28000164,62554,137,INFINITY BRAWL
137,#LGJPQ9UL,DA|PyrØ🀄️,0xff4ddba2,28000196,62547,138,ᵀᵉᵃᵐ★IQ★
138,#J8PGVYL8,⚡Halo 999🖤,0xffffce89,28000299,62435,139,Minecraft PE
139,#28YQULRUL,TKM | Alu™,0xfff9c908,28000156,62411,140,Team Spartan🇲🇽🔥
140,#JGGU8GV9,DA|Almighty,0xffff9727,28000207,62399,141,"""DA-MARRIOT"""
141,#8C0VGG28L,TU|SℓeepMan そ,0xffcb5aff,28000286,62303,142,Team unidos
142,#LCP88UG,MVPeruv1an,0xff4ddba2,28000348,62277,143,Rappers SkiLL
143,#P00UCJ9LQ,ツ SxM,0xffffce89,28000048,62213,144,ᵀᵉᵃᵐ★IQ★
144,#2PVQ80ULU,⚛bebé keylherッ,0xffcb5aff,28000294,62185,145,CaféDeMañana
145,#2LV2222G,SPY | Alex🐧🖤,0xffa8e132,28000335,62168,146,•Nobility•
146,#28LGY2Q,Soul King,0xffcb5aff,28000135,62097,147,Nothing To Say
147,#YPVU2GJP,Jair 🐧,0xffff9727,28000279,62077,148,<c5>Orbit.</c>
148,#8LLGYGGQ9,ER|Gabrichuki,0xfff05637,28000263,62056,149,El Ropero
149,#8LC029CU9,🥀💗JᴏƬɪᴄᴋ'🐧🔥,0xfff9c908,28000347,61971,150,Criminal eSport
150,#YQ29QPCR,☞𝐉ıɢ⚜𝐬ᴀ𝐖๛,0xffffffff,28000014,61853,151,<c0>LGD</c>
151,#8G0G9QJ9C,TU|MystyMare👑,0xffff9727,28000004,61851,152,Team unidos
152,#98QCYQPQ,startorayo,0xffcb5aff,28000334,61840,153,minuta:3
153,#9JCLVP2JP,:VelpacmanV:,0xffff9727,28000352,61799,154,©LevelUp®
154,#28CLQGY09,SF | StefanoRM⚡,0xffff9727,28000304,61784,155,L✩Team💘
155,#PGY9C29G9,ĄLĘX,0xff4ddba2,28000156,61725,156,LaViejaSchool
156,#8J2PGULJY,X~fredt~D,0xffff8afb,28000330,61707,157,The Spriggan
157,#9RL2QLJVR,Griezman710,0xffcb5aff,28000280,61670,158,Nҽɯ Sƚαɠҽ🎖️
158,#9JV8Q99L,DA|GiąnCrąsh,0xfff05637,28000259,61662,159,"""DA-MARRIOT"""
159,#U902GRV,Toph,0xffff8afb,28000333,61659,160,Diamante Elite
160,#YCYRLPGP,JF88 l VN,0xff1ba5f5,28000173,61634,161,
161,#2UQG0QP9P,𝓩𝓸𝓻𝓸🗡️,0xff1ba5f5,28000100,61613,162,<c2>RED</c>Sky↙
162,#YYQU8JYG,Sonder,0xffff8afb,28000333,61605,163,Dream Team CL
163,#P90QG0LYJ,pufi,0xffcb5aff,28000348,61579,164,minuta:3
164,#2RY0UQPGR,MikeWazowski,0xffffffff,28000291,61556,165,CuyGamingHouse
165,#989QCRY8R,😈BlackTF666😈,0xffcb5aff,28000225,61468,166,Dark ImpErium
166,#20VLRV0C8,LUDOCIEL☠️,0xffcb5aff,28000286,61435,167,minuta:3
167,#P9JR0P0Y2,Te amo Diana 🥺,0xffffffff,28000235,61368,168,<c9>TC</c>2|🦆
168,#8GQ9P8QC2,Hugo🦉🤎,0xfff9775d,28000109,61342,169,•Nobility•
169,#UPJ0JPG,Dangerflow mc,0xfff05637,28000333,61317,170,TH|Ticks Hawks
170,#2L09VG8YC,Twͥisͣtͫer🌪️,0xffcb5aff,28000254,61275,171,PerúBrawl
171,#PGJLUQRCR,paltamiut:3,0xffcb5aff,28000129,61224,172,ZETA|DIVIZION♥️
172,#PG2GJQRP2,☆Rodᴷⁱˡˡᵧₒᵤ☆,0xffffffff,28000123,61216,173,Tom Gamers
173,#PQC8YL2U8,koro 🇵🇪ctm,0xffa8e132,28000267,61128,174,LaViejaSchool
174,#8U0R29Y2J,RBS|Roma,0xffa2e3fe,28000349,61119,175,•Nobility•
175,#2YCVJJYVG,NICOLAS,0xfff9c908,28000254,61114,176,Family Barza
176,#29LUC9CPV,LB|José ˢˢʲ 🦇,0xffffce89,28000182,61067,177,ℓʙ|ᴘʀɪᴍᴇメ
177,#8L2LUC9J9,María Mizuse,0xffcb5aff,28000002,61055,178,Minecraft PE
178,#V09L9JV9,xarpet,0xffcb5aff,28000038,61035,179,Banda Nocturna
179,#PV99CG9QY,TX|Leonardツ,0xfff05637,28000086,61024,180,Peru Brawl
180,#9RL28RYVP,franco tk,0xffffffff,28000339,61020,181,My Little Pony
181,#88GVPYJ8R,BS|Kaoss (T.T),0xffff9727,28000123,61002,182,TK FORCE ⚜
182,#U2J9GP02,QLS|AnthonyGDC,0xffa2e3fe,28000305,60981,183,⚠️Chile Play⚠️
183,#LY9JR8RQ,MATIAS,0xffff9727,28000226,60979,184,Ghost Souls II
184,#9CGG292C8,TQ |°M@S@CR€°🔥,0xfff9c908,28000291,60969,185,Nҽɯ Sƚαɠҽ🎖️
185,#2RJC0CRCP,ASD|Savage,0xff1ba5f5,28000350,60944,186,Sanfe Stars
186,#2028RUJ92,GT|•김민준🐣•,0xff4ddba2,28000021,60929,187,<c3>GT</c>PERÚ
187,#GJVQP8YU,🇵🇪MARCELO🇵🇪,0xff4ddba2,28000075,60802,188,HIJOS DEL SOL
188,#C9C0LCQP,DA|𝙈𝙞𝙠𝙚𝙮☁️,0xffff9727,28000047,60793,189,"""DA-MARRIOT"""
189,#PUQ9YCUR,TS|BirdGame☆☆☆,0xffff8afb,28000139,60776,190,♚™TOP SHADOWS™
190,#20PLC0LGC,PD|Angel,0xffffffff,28000135,60736,191,LA Instinct
191,#20CV80UC8,ᴘᴀᴘɪᴛᴀ√ConPalta,0xffff9727,28000331,60727,192,Finding Hope💚
192,#L82GUC2G,DKA | Dylan,0xfff05637,28000332,60726,193,BrawlConQueso
193,#8LV09YR2R,DARTRIX,0xffcb5aff,28000224,60629,194,©LevelUp®
194,#98QU0PY2J,Troste122,0xfff9c908,28000232,60599,195,T.Cyberneticos
195,#2GL0PVJYC,♪•Dárk Søuls ♫,0xffcb5aff,28000305,60598,196,Perú The Wars
196,#20GJYG09J,Timba_V,0xfff9c908,28000016,60593,197,Minecraft PE
197,#GL8VG9L,TSC| ElDragon,0xff1ba5f5,28000349,60559,198,LaAbuelaDeRocki
198,#2QVVGLP0L,╰‿╯jнσรεp꧂,0xffff9727,28000096,60555,199,chacareros
199,#C988YRQ8,SF|Gonzalo_YT,0xffcb5aff,28000207,60552,200,Nothing To Say
