,tag,name,nameColor,icon,trophies,rank,club
0,#9U0298PGG,даниэлло,0xffcb5aff,28000221,54337,1,FINLAND
1,#PGGJPJLP0,Seminator,0xffff9727,28000282,52857,2,TikTok_House
2,#9Y82PVCJ,Dane4ka,0xff1ba5f5,28000158,52639,3,Goliathus💫
3,#8L202V920,Chloe 2❤️❤️,0xfff05637,28000312,52210,4,
4,#Y82LRYPY9,keilsss🧸,0xffff8afb,28000241,51276,5,Хижина Кеилса🤍
5,#QP00JJUV,qwiterr❣️,0xffffffff,28000138,51262,6,
6,#YC8GY0UJR,MEGAANUBIS,0xffffce89,28000175,51239,7,ClubChallengers
7,#URVPUYUP,|MR. GUCCI |,0xffcb5aff,28000175,50503,8,
8,#8UVUL2JRU,DL | Drͥสgͣoͫ🐉,0xffa8e132,28000349,50305,9,UP
9,#8Q88RGQC9,传奇|Morty,0xffcb5aff,28000333,50094,10,💙💛UKRAINE💪
10,#9JP0JY8Y9,德|BolillitoMG🖤,0xffa8e132,28000136,49793,11,Cactus Jack 🌵
11,#P2CU9YUYY,𝕂ℝ | 𝕃𝓾𝕔𝕜y,0xffff9727,28000301,49263,12,TT_House2.0
12,#PULJLRLYJ,███████████████,0xffff9727,28000061,48571,13,Пешки Supercell
13,#PG9RR0UUL,☔️Gøl𝓓𝕖ᴺ|𝐴𝑟,0xffffffff,28000352,48321,14,Ttsquad
14,#28QV22RP0,DL | LazyLemon,0xfff9c908,28000100,47870,15,UP
15,#99LG0YPGY,99Julius.b,0xffa8e132,28000233,47376,16,Office ♧
16,#RCCPU0PR,DesicRu,0xffffffff,28000165,47348,17,
17,#Y2C888C0C,✨/MMA/AIDLBARS/,0xffff8afb,28000333,47251,18,Ракета🦝|USSR🚀
18,#20Q29YUQJ,GGz|Snow🧊,0xffa2e3fe,28000286,46755,19,Legion Fulmina
19,#8C8UPVR0P,$KOR.ON,0xfff05637,28000247,46714,20,HNKlan
20,#9Y9LLY9Y9,4еБуреК,0xffcb5aff,28000330,46683,21,DRAGON-LOVE
21,#8UYRQL09C,чИлАвЕчИк,0xff1ba5f5,28000132,45877,22,трум тик
22,#8Y2J9UPCQ,GX MattiaKi,0xff4ddba2,28000140,45787,23,TRD|TanaDiPingu
23,#PPG2V2J0Y,⛩️H 🖤Č 🥀,0xff4ddba2,28000347,45047,24,BEYLER
24,#GPYC98YY,I’m Fantastik?,0xffffffff,28000297,44656,25,Пакт Psychokid
25,#28YL0YCR9,Sh4d0w_Ny,0xffcb5aff,28000305,44397,26,La French🚭🔞
26,#2RVUVP8JQ,Leventi YTT,0xffffffff,28000352,43787,27,
27,#9Y8JRRPP0,domi,0xffffffff,28000331,43777,28,BS Dragons🐉
28,#2YCLYVR09,GOGO PL,0xfff05637,28000347,43749,29,Kuternoga
29,#C8RGV0YL,SCP-Картошка,0xfff9c908,28000033,43443,30,Konoha
30,#2YJ0CC0QC,Superce11,0xff1ba5f5,28000348,43278,31,Office ♧
31,#9RLCRQ8Y0,GS|111-BOT,0xffffffff,28000349,43155,32,Psychokids🧛🏻
32,#G8VR9RJL,уσυя мυм,0xff4ddba2,28000016,43119,33,youtubery
33,#VVGJCCLP,我真没头脑,0xffff9727,28000163,43098,34,Monster Squad
34,#YR0U9YU0R,z1nex🧙‍♂️,0xffcb5aff,28000175,43090,35,Elite Souls
35,#8QVJG2JUV,миркело,0xffffce89,28000352,42984,36,
36,#2UU9RL9PL,лояльный гений,0xfff9c908,28000331,42789,37,krawlers
37,#8U0PJ0LY8,⚔Zeͥleͣkͫᴳᵒᵈ⚔,0xff1ba5f5,28000139,42594,38,Nikikiti Games
38,#VUJRUVCQ,les pokepotes,0xffff9727,28000210,42385,39,Black Pearl
39,#2GY88UP9C,Mérchant.,0xffcb5aff,28000224,42358,40,고구려
40,#822U2PUCV,el Alphan,0xffa2e3fe,28000068,42249,41,§∆π(⁠^⁠_⁠^⁠メ⁠)
41,#PRY9QJ8GJ,Lolo die Giraff,0xff1ba5f5,28000069,42214,42,Power
42,#22CPVCRUR,ZQ | Report☔️,0xffffffff,28000076,42112,43,
43,#9CU0L0JRC,x play 348 YT,0xffffffff,28000305,41747,44,A jak Amber
44,#Y0QUC2GP2,BOTHERISM,0xffffffff,28000128,41564,45,NohmasneM
45,#9VYRVGGUG,Æ | Morocco 🍷,0xffffffff,28000137,41534,46,Æ Team
46,#9Y8RC0PQY,⛩†Foxi🥀,0xffa8e132,28000062,41389,47,⛩Bandits team🥱
47,#LP0CV29U,titansungod,0xffff8afb,28000170,41080,48,Synergy
48,#8RPQU0UR8,White Spirit,0xffa2e3fe,28000075,41075,49,BS every day🌤
49,#8PURG8UP,[БЛ€Т] ПопuРо$,0xff4ddba2,28000029,40990,50,
50,#2RUYVLRJ,woodat,0xffff8afb,28000166,40891,51,bosses1
51,#R9G0GLG0,boo,0xffcb5aff,28000260,40806,52,
52,#RJRVVR82,Theo Max Luck,0xffa2e3fe,28000112,40676,53,🔥Fire🔥
53,#20GLQJLRJ,S.S.K,0xffff8afb,28000139,40628,54,PODDANI JULIANA
54,#PLLJCCYLG,MintMango,0xffffce89,28000340,40577,55,gob
55,#PUVYYQQJ,Vlad Vlad,0xff1ba5f5,28000279,40294,56,Beast Brawlers
56,#28CC2CGJR,M.D.L.R,0xffcb5aff,28000274,39933,57,Los Patos
57,#82GJJUC8C,PanZehir,0xffa2e3fe,28000271,39869,58,sokak time
58,#CRC228LC,⛩️Ngt|Alan's🌸,0xffa2e3fe,28000231,39797,59,The XRain
59,#9URQ0U009,[БАН] Vadim,0xfff9c908,28000000,39696,60,Dинаsтия
60,#9VU0CC8QJ,PalexSnMarino14,0xffa8e132,28000033,39320,61,RUSSIA🇷🇺
61,#82YGLUP9U,xR_anTo,0xffffffff,28000159,39298,62,new🐣|Union🔥
62,#2GYURJ80L,ZC|Symantec,0xffff9727,28000129,39273,63,Groupe français
63,#299GCLGCL,Gx Master,0xffffce89,28000333,39089,64,Zeta Division
64,#PU92L8UGL,✩k4y!%säXx°✞︎🤍,0xff1ba5f5,28000019,39007,65,ハッピー
65,#8VC82PYPP,Æ |L.F<3💞,0xffa2e3fe,28000301,38861,66,Æ Team
66,#2PPPVG8QR,"[ЖМЫХ] ""ЖУК""",0xfff05637,28000175,38722,67,want to sleep
67,#2CG0VJPRP,jerobase,0xfff05637,28000273,38592,68,god player
68,#9UG0YVU9L,TelaviDeBresa,0xffcb5aff,28000135,38518,69,Russian bear
69,#PL2GJ8CY8,Keyto3,0xfff9c908,28000013,38470,70,desert storm 2
70,#20PG8RGL8,блетшур,0xffa8e132,28000218,38444,71,InfernuS MentoS
71,#9RUCQY9JP,☔ⓚⓗⓞⓜⓘⓢⓗ☔,0xffcb5aff,28000349,38396,72,
72,#JVRL8QVQ,𝕿𝖔𝖒𝖒𝖆𝖘𝖔W,0xffa2e3fe,28000294,38386,73,
73,#8Q0RLV002,Тыковка🍌🍔🥞🌯,0xfff9c908,28000295,38377,74,Cold Gems
74,#P0QPYL2QP,tthips,0xffffffff,28000046,38347,75,qqklub🖤
75,#2C2080YLQ,IGL|OguRE4iK🥒,0xffa8e132,28000021,38281,76,ТОЛЬКО ВПЕРЁД🔥
76,#22VYV2GPG,FO|BelgianFries,0xffff9727,28000277,38033,77,Les Macronistes
77,#PQR8URU82,ник,0xffffce89,28000110,37881,78,lovers
78,#9CP2RC8CQ,メ𝚚𝚞𝚎𝚗𝚗𝚒シ︎,0xffcb5aff,28000041,37787,79,Evoli pichu
79,#2GQQRCCYU,foxy2.0,0xffa2e3fe,28000347,37665,80,brawl?
80,#9L8CQ9G8U,TTHO,0xffa8e132,28000259,37656,81,DIRTY 30
81,#GJR8RG0,HBST| PpGuxxi🍥,0xffcb5aff,28000014,37613,82,
82,#YRQ9UL8JL,cochegar,0xff4ddba2,28000164,37572,83,Сочи
83,#8YG890J0,❄️ICE_man❄️,0xff1ba5f5,28000151,37464,84,🔥SK FAMILY 🔥
84,#PQ2089CV,Super Star,0xffcb5aff,28000226,37422,85,
85,#9PJ0CRQ0C,le big boss,0xffff9727,28000295,37052,86,WArmy
86,#GRYVPURG,MAG,0xffff9727,28000333,37006,87,Thick Hogsmen
87,#2VGPYLC0V,@zorras.com 👌,0xff1ba5f5,28000296,36615,88,MEXIPRO
88,#PLLPRQUPL,*АМЕГА*,0xffcb5aff,28000305,36584,89,Excel
89,#8YPG00VJJ,Kartoshka,0xffffffff,28000000,36575,90,KitKat
90,#CRULL8J9,QLS|Nemo,0xfff9775d,28000273,36557,91,Eclipse
91,#2PPQ0GLRV,FIG|kampfpuuki,0xffff9727,28000137,36545,92,Fett ist gesund
92,#LQU9GR299,абобус,0xffffffff,28000335,36532,93,Lomister☄️
93,#9VCVR0J92,AQM|SAFT🇩🇪☣️陰,0xff1ba5f5,28000273,36502,94,🖤ARZ GANG🖤
94,#9LV8822QJ,3-й бот,0xffa8e132,28000245,36419,95,
95,#G92C2U8,mehrio,0xffcb5aff,28000255,36418,96,Bombe Nucléaire
96,#LG8UP0QG9,женщина огонь,0xffcb5aff,28000316,36411,97,🔥RED_DRAGONS🔥
97,#28J0C9PCU,#Magnet,0xffa2e3fe,28000350,36382,98,Sweatty/TTM
98,#8U8QC0PV9,дорик,0xffa2e3fe,28000219,36322,99,ONE PUNCH
99,#99UYYQJ8U,Frank,0xffcb5aff,28000301,36125,100,Evoli pichu
100,#29PY2VGJU,[LP]MrMartin,0xffa2e3fe,28000207,36094,101,Max pucharki
101,#82LLCRGRJ,BM |KarvaUnite!,0xffffffff,28000203,36007,102,MechaMegArmy II
102,#992R9UQY0,比比001,0xfff05637,28000164,35931,103,
103,#8QRGL82VP,『 Aleks┃ᵈᵃᵈツ』,0xffffffff,28000139,35919,104,APPT
104,#QVRLQ8RY,maks,0xffa2e3fe,28000146,35709,105,zGod
105,#PGCG8C8V8,BiBi,0xffcb5aff,28000349,35607,106,
106,#P2QYPVJ98,POIMAU VIEBU,0xfff9775d,28000164,35580,107,Чупакабры топ
107,#2URRGYQRY,NIL,0xffcb5aff,28000330,35560,108,<c9>BLACKS</c>™
108,#98C08Y80G,LaGGerFeeD,0xfff9c908,28000023,35537,109,⭐Star Academy⭐
109,#8LVGGYGJ2,KostLim,0xffff8afb,28000080,35474,110,ГЕНИИ ЭТОЙ ИГРЫ
110,#RV2PLJ9L,Iʙᴀι🐍,0xff4ddba2,28000098,35459,111,MacacosFC
111,#R8GJY8L8,NaVi|Chermileon,0xffcb5aff,28000280,35442,112,⚔️AVENGERS⚔️
112,#2CY8GLPUR,1/1,0xffcb5aff,28000231,35367,113,ＡＧＥＤ• HM
113,#9UCGYUU8Y,ДЕДПУЛ,0xff1ba5f5,28000063,35347,114,Заходи бро
114,#2L92QYRJY,TT|pautinkabs,0xffa8e132,28000274,35219,115,Пабгеры
115,#PLPYUQGVJ,Red 29,0xffcb5aff,28000348,35213,116,TeamOld
116,#PGUQPPGU9,Aim,0xff1ba5f5,28000072,35200,117,LOYAL WARRIORS
117,#2L28QG8LR,ILHAN,0xff1ba5f5,28000176,35166,118,les esprits
118,#20J99RYGR,Best|Den🖤,0xffcb5aff,28000014,35112,119,
119,#2U2PUCL0Q,(Блэт)LeOn,0xfff9c908,28000259,35101,120,KubeX TEAM.pl
120,#L22CVJRVU,𝙂𝙎|𝘋ia𝘟i𝘕☣,0xff4ddba2,28000139,35074,121,НАГИБАТОРЫ ШД
121,#2GGY2JVGR,MKY|KUMPI🔥,0xffffce89,28000297,35010,122,Star Platinium
122,#2J0V2UV0Q,Trisur,0xfff9c908,28000261,34937,123,AQM|Army
123,#RJYYQ900,N.18,0xfff9c908,28000061,34785,124,
124,#8JVCGUR8L,Инка Пааанин,0xffffffff,28000226,34755,125,KsKsar
125,#LGQJ9092Y,Mazelovvv,0xffcb5aff,28000228,34708,126,OFFICIAL GLOGOW
126,#RJL8UR,P@co955,0xff1ba5f5,28000151,34705,127,99 chickens
127,#92P88UR9L,𝕓𝕠𝟙𝕟𝕥𝕪𝕪♥,0xff1ba5f5,28000284,34690,128,E1DCQA
128,#2GP20LLYR,lightning McQue,0xff1ba5f5,28000033,34598,129,brawl talk
129,#L8J8RU9PU,Rzm|64🥀,0xffffffff,28000023,34512,130,SQUADS|Beski🥺
130,#L29ULP2YV,маматвоя,0xffa8e132,28000335,34504,131,Sprout's Club
131,#2JPL8QRVR,✨sᴇɴʏᴀᵍᵒᵈ🥀,0xffffffff,28000335,34415,132,
132,#2G89P8U00,❌Víctor (*-*)❌,0xffa8e132,28000167,34408,133,Seven Kingdom B
133,#2PPVGVR0,EmitoDilaMorte,0xffcb5aff,28000292,34371,134,pastel de choco
134,#JUL0QPU9,AylieAy,0xffff9727,28000087,34289,135,
135,#8YQ2RYL8L,HackerSinBigote,0xffffffff,28000168,34247,136,Tifón Gaming 🎩
136,#8R288J0PV,mamyebal,0xffffffff,28000000,34204,137,꧁༺Love Story💘
137,#PQ28PGQ98,Clem America yt,0xff1ba5f5,28000331,34054,138,Les couz
138,#GULJJLLV,OOF,0xfff9c908,28000037,34016,139,brawlisessions
139,#VRRUL0LJ,aliking,0xff1ba5f5,28000275,34013,140,Türk Army
140,#2JP0980GL,mieleman,0xffcb5aff,28000039,34007,141,BOMBOCLAT
141,#2GR2PCL9G,TeRr|Terrible🦈,0xff4ddba2,28000018,34005,142,
142,#22PV2UUY2,geork,0xffa2e3fe,28000274,33948,143,Schlami Gang
143,#2R20JL0YC,[LY] miklplay,0xffcb5aff,28000228,33889,144,Azure Drink
144,#8GJ8ULJ28,💗zxc|vspak💗,0xffffffff,28000132,33867,145,
145,#PV98VVVC,izo3/G,0xffcb5aff,28000174,33859,146,Amicizie
146,#PCC0P00RC,꧁Nomelᵏⁱˡˡʸᵒᵘ꧂,0xffcb5aff,28000254,33816,147,7e🗿
147,#UR2YVJC9,saamiiiik,0xffa2e3fe,28000279,33787,148,конченные
148,#8V2P8RP9G,_S.I.B_,0xfff05637,28000055,33761,149,𝒦𝒾𝓃𝒹𝒞ℴ𝓁𝒶
149,#9UJCGJJJ8,NAVI | Dynam1c♡,0xffcb5aff,28000184,33751,150,AUTYSTA BARTOSZ
150,#9U08V9VLQ,makslol,0xfff9c908,28000132,33720,151,
151,#PPGYVULUL,Bot1z3,0xffa2e3fe,28000279,33703,152,Brawls Avengers
152,#9UY9Q0GJG,GS|CASHB1,0xffffffff,28000000,33589,153,
153,#P2L2PCJL8,tomar753,0xffffffff,28000321,33585,154,Starsalways
154,#2CL2PVPGU,sinann,0xffff9727,28000078,33581,155,brawls
155,#9VRJYQVPQ,ShnyrCekcu,0xffffffff,28000150,33564,156,
156,#299RJY0U0,Rancesas,0xfff9c908,28000164,33558,157,SIAMAGGIORE fc
157,#8LYC28PJ,$Гончий пёс$,0xfff05637,28000087,33455,158,💪 GYM♿
158,#P0LC9R2GU,yt_мιϲнι,0xffffffff,28000309,33397,159,_WP_WeekendPlay
159,#2UL0J8Q2R,Kolpezal7,0xff4ddba2,28000170,33390,160,MacacosFC
160,#YJYGUPLRC,POMELON,0xffcb5aff,28000303,33382,161,kanapa xd
161,#RR8PCU9G,dEB0SHIR,0xffff9727,28000305,33364,162,Baby Loco
162,#P2YJ9YGCL,Кирилл не,0xff4ddba2,28000017,33321,163,Leon4ik_bs
163,#92RLJJP0,AA|Gêrry 💢,0xff1ba5f5,28000134,33300,164,Adultos Reborn
164,#8UQ9UR980,darknes memes,0xfff05637,28000170,33284,165,Target
165,#2GCGVU9C0,черёмстор777,0xfff9c908,28000059,33217,166,GoldNeva
166,#9UYYR09J2,❤Rayzi_Legend💚,0xffa2e3fe,28000179,33200,167,Push Club
167,#RQ9GPL98,Hola,0xffff9727,28000020,33176,168,los caganes
168,#Y0RJ08QPJ,j0n,0xffffffff,28000212,33135,169,le one piece
169,#98P29VVV9,𝐁ˡᵃᶜ𝓀ꨄs𝐝er🎋,0xffcb5aff,28000314,33126,170,Pro gaming
170,#2G0LU20YR,♡TWENK♤,0xff4ddba2,28000248,32914,171,
171,#2V9JRUQG,ZETA | Tensai,0xffcb5aff,28000139,32912,172,КоровьеВымя
172,#89QY0V8RP,бот 1,0xffa2e3fe,28000164,32854,173,Король и шут
173,#22CGUCP2P,Kamila,0xffffce89,28000242,32762,174,Клуб:  #20RLRC8JR
174,#2P82P9J2,raffa:),0xff1ba5f5,28000297,32701,175,Melissa P
175,#Y2PG9GRUJ,JustineBrooks,0xffffffff,28000139,32686,176,
176,#299PP2LV0,Fox. Añ4r€h¥,0xff1ba5f5,28000225,32685,177,Anarchy Esport
177,#92RRUQGRY,poa,0xffcb5aff,28000041,32590,178,poi like 🍣🍣
178,#9R0JCVCQ8,QLS|AlphA>:),0xffcb5aff,28000062,32572,179,INCANNOLO
179,#Y8JRL0YG8,crying_apple,0xff4ddba2,28000167,32568,180,WreixTeam🍃
180,#P9CPV9U2J,☠️Mordvigant☠️,0xffff9727,28000168,32558,181,
181,#YJJG9RJPL,SK|•ALOIS•🇩🇪,0xffffffff,28000135,32544,182,Le ZoO
182,#2C2Y9JQ9Y,#UWS Bambus3,0xffff8afb,28000218,32531,183,MEGA|PIGGYBANK
183,#2JPJ8Y80L,RickAndMorty,0xfff9c908,28000335,32508,184,
184,#9QU29800P,71|Ларин Денчик,0xffcb5aff,28000294,32493,185,Pablo|krash
185,#8LU88R0UV,♪Kosmos♪,0xff4ddba2,28000136,32482,186,★~|МОТРАСЫ|~★
186,#2VR29VCGG,bst| laks1🔮,0xffa2e3fe,28000132,32459,187,laseot
187,#2RC9G0VVY,SilvanTikerTR,0xffa8e132,28000347,32435,188,LES MB|⭐️🐺😈
188,#2QYVJ20JC,nani,0xfff05637,28000286,32400,189,InfernuS MentoS
189,#L9L2080VG,BoyChik🌚,0xffffffff,28000341,32388,190,Blade Of God
190,#9RUR2JVGR,🖤ᴇᴠɪʟʟᶠʳᵉˢʰ✞🖤,0xff4ddba2,28000135,32386,191,
191,#QPQQL88P,QLS/ALBERLIRU/K,0xff1ba5f5,28000043,32349,192,Los españoles
192,#9J2LRG0PR,SAD|ZIPEE😢,0xffff8afb,28000256,32349,193,Armadillo Clan
193,#8P0P2V80,GØ11,0xfff05637,28000332,32280,194,Affinity
194,#JYPUC9L2,shadow_toto,0xfff05637,28000255,32238,195,
195,#8R89LQ8GP,Nie ma fal,0xffcb5aff,28000332,32186,196,2k team YT
196,#LLVJP0UC8,Nevay,0xff1ba5f5,28000072,32106,197,<c9>Star</c>✨
197,#9YLLQGGGG,ShamiO/Ensar52,0xffa2e3fe,28000218,32099,198,Brawl Stars
198,#PJRYUUR82,Gaͥmeͣrͫop™,0xffcb5aff,28000156,32098,199,
199,#89QUVPGG8,エミリア/ 🇺🇦,0xfff9c908,28000222,32093,200,SMC Elite
