,tag,name,nameColor,icon,trophies,rank,club
0,#2Q028GQQP,MTM | Zeus,0xfff9c908,28000018,71694,1,NA Friends
1,#LYR0Q9C,TRB | Zoulan,0xff1ba5f5,28000138,69754,2,Tribe Gaming NA
2,#JVCC9,Hammer❤️Suletta,0xff1ba5f5,28000334,67500,3,Black Hearts🖤
3,#PV2PRV9J2,STMN|MikiSaw🖤,0xffff8afb,28000321,66231,4,Latam Crew
4,#Y9CJCQ0YJ,愛~TitoZ♕,0xffcb5aff,28000001,65335,5,HeadShoterZ💣
5,#20QGQ9C,Chompi🩵,0xfff9775d,28000067,63145,6,Tribe Gaming NA
6,#82RCQCVG,MTM|Lxffy,0xffff8afb,28000014,62685,7,NA Friends
7,#YQRVL8V,¤£UII¥O☆PR99¤,0xffcb5aff,28000305,61478,8,Scots
8,#2V8P0900,SWAR JONIEL,0xfff9775d,28000333,61398,9,Home of SKILL
9,#99Y8YCPU,Snoopy Nooby Do,0xffa8e132,28000206,61000,10,ENDGAME PR
10,#8820PPUC,Guillermo64,0xfff9c908,28000034,60993,11,Tribe Gaming NA
11,#82PQYQ9VJ,DᴇʀᴇᴄᴋNᴇᴜᴍᴀᴛɪᴄᴏ,0xfff05637,28000348,60721,12,LEGENDARYS
12,#LQQRCGJ2,Kaizen|被才,0xffff9727,28000323,60454,13,Scots
13,#9Q2820GYJ,Abel🐣💛,0xfff9c908,28000299,59855,14,Moonlight 🧚🏻
14,#9Y8J29QUC,𝑪𝒉𝒐𝒌𝒚𝒚🧙,0xffffffff,28000123,59623,15,家DarkMoon|🖤
15,#GLQJP2L,𝐋𝐢𝐭𝐚🦋,0xffcb5aff,28000212,58905,16,STMN Esports
16,#2GPL0P8LL,🥀|Daly🧚🏻‍♀️,0xff1ba5f5,28000018,58356,17,MNX<c5>DARK</c>
17,#LCQYG080,Neko1up🉐,0xffff8afb,28000098,58044,18,ENDGAME PR
18,#2YQ8VG2UQ,Xykion,0xffcb5aff,28000218,58026,19,Black Hearts🖤
19,#GURQ9GQL,EG|San's Shiber,0xff1ba5f5,28000304,57305,20,ENDGAME PR
20,#228GQL2RQ,Moltuss🎴,0xffff9727,28000267,57279,21,ChasmacGaming
21,#8Q0RP8YG,Chris 🧃,0xffffffff,28000140,57103,22,ChasmacGaming
22,#9PYG8U0L,shemy|bichota🌺,0xffa8e132,28000175,57087,23,ENDGAME PR
23,#CPGGUYU,NiNjA BoY,0xffcb5aff,28000305,56994,24,Black Hearts🖤
24,#UPQ9YV8G,ᴮᴵᴳFlomerツ,0xfff05637,28000347,56900,25,Supercampeones
25,#89PC2JVUL,CahZeD,0xffffffff,28000339,55911,26,
26,#2UCPUY988,Bot 5,0xff4ddba2,28000345,55881,27,JDE
27,#YRQ880UUG,⛩|Luis64|🎋,0xff1ba5f5,28000179,55746,28,Distant Legends
28,#2YJR909CJ,edu,0xffff8afb,28000225,55561,29,Mayabang
29,#2J08LQQGV,YxviEr🐏,0xffffffff,28000197,55349,30,Black Hearts🖤
30,#98892V99P,ㅂㅏㄴᶠᵐ😴,0xffffffff,28000348,55298,31,Sakurasō 🌸
31,#829UPVGJ2,Lana Del Rey,0xffffffff,28000339,55134,32,Oreo Nation
32,#2G08U92CC,Bͥrxͣnͫoツ︎,0xffffffff,28000277,55098,33,Twisted Elite
33,#YQV9VVY,Dan,0xff1ba5f5,28000336,54954,34,BBQ Headquarter
34,#9VPRVRYJG,Mąđđøt/PR🇵🇷,0xffa8e132,28000140,54765,35,Ghøst Søuls I
35,#CCLQCRY9,P̷A̷N̷D̷A̷S̷,0xffff8afb,28000108,54631,36,lol🥵
36,#9PCG9Q00R,Kynto 🌖,0xfff9c908,28000339,54271,37,blasphemy
37,#82VYLL98,➴︎𝖈𝖍𝖗𝖎𝖘🥀,0xffffffff,28000023,54251,38,♕BrawlKings🇵🇷
38,#28CQUUCQ2,⛩|Tarfuss64|🎋,0xffcb5aff,28000196,54032,39,Distant Legends
39,#82U928992,𝐋𝐮𝐜𝐤𝐲メ方,0xffffffff,28000008,53741,40,fighting stars
40,#UPRVLV20,OneLive💕Dark,0xffcb5aff,28000297,53657,41,ChillGaming🍃💤
41,#20V9PPY98,SF|Alex,0xff1ba5f5,28000175,53524,42,MNX<c5>DARK</c>
42,#Y9CPLUYQC,𝑨𝑵𝑫𝑹𝑬𝑺🥷,0xffffffff,28000019,53383,43,Black Hearts🖤
43,#QYYUL8YP,Mayumi💜Luuk,0xffff9727,28000188,53150,44,4ever
44,#PVYLU0QL,Godz シ,0xffcb5aff,28000251,53030,45,Black Hearts🖤
45,#890LV0RJ0,𝒜𝓃𝒹𝓇𝑒𝓈 あ,0xffffffff,28000349,52841,46,ENDGAME PR
46,#2LJRVPLLP,𝑮𝑰𝑶𝑽𝑨𝑷𝑹シ,0xfff9775d,28000348,52803,47,Black Hearts🖤
47,#PCCLLLLJ,Que te importa,0xff1ba5f5,28000273,52661,48,cactus
48,#RJPLJUVJ,★Tᗷ|ᘜᗴᖇᗩᒪᗪ★,0xff1ba5f5,28000129,52373,49,Los Bijus
49,#RYQ0J8QL,TB|Henetor⁂︎,0xffa8e132,28000016,52367,50,LUXEMBURG
50,#PV902LRRG,Jewipede 🧌,0xffff9727,28000352,52265,51,brawl out squad
51,#9RJLYGPCJ,VictorY0107 YT,0xffff9727,28000294,52208,52,Los Bijus
52,#202RCRQQY,KD|Ƨ卂几刀ㄚ🌴,0xffcb5aff,28000010,52099,53,KD
53,#2Y8L2URP0,Adonisᴷⁱˡˡᵧₒᵤツ,0xffff9727,28000262,51631,54,
54,#2UYP920Q0,Wanel,0xfff9c908,28000018,51420,55,NA Friends
55,#RJ0J20V,Kaneki🪐🦖,0xfff05637,28000002,51270,56,Tribe Gaming NA
56,#9P9URVUV,Anonimuz,0xff1ba5f5,28000201,51238,57,🏯F. DORADA🏅🏯
57,#CUCL00RC,MHEO,0xffcb5aff,28000328,51178,58,A # A PROS
58,#2P09G80U,King Hxney!🍯,0xffffffff,28000310,51154,59,Zoológico NA
59,#22QJQQQ9J,JÅÇKLÊGĘNĐ,0xff1ba5f5,28000345,51040,60,HeavenReachers
60,#8URLQYPQU,PB) yoyo,0xffcb5aff,28000095,50993,61,ENDGAME PR
61,#2VQR2Y0G,Janky🦊,0xfff05637,28000272,50902,62,anomaly
62,#2QRLV89GY,Hades66🇵🇷,0xffcb5aff,28000221,50763,63,ENDGAME PR
63,#2GL0RUJUP,Frances²¹,0xffffce89,28000247,50565,64,NA Friends
64,#28LGQVURJ,Pekenio,0xffff9727,28000095,50563,65,WZ|SPN|
65,#P9U82UVJ,YT-Cyber-DJ,0xff1ba5f5,28000025,50400,66,Lastkingzz
66,#LVJU8UCC,⚡️Excellium⚡️,0xffcb5aff,28000271,50396,67,V3nners Den
67,#2UG0R8R8P,ZN | Darthian,0xff4ddba2,28000136,50314,68,AS
68,#CJ9G0JP0,Topi Jr.,0xffff8afb,28000201,49822,69,Alebrije's
69,#UUR2VY8,Nino,0xffa2e3fe,28000273,49776,70,Unión Fénix
70,#2YQYVCL2Y,Saix,0xff1ba5f5,28000294,49712,71,CAPITANES
71,#2PYC8CLRU,yecruz♾️,0xffffffff,28000310,49606,72,ENDGAME PR
72,#90GUV28R2,Jabel,0xffff9727,28000226,49505,73,
73,#988GV80PJ,MichaelDoel🇵🇷,0xffffffff,28000150,49442,74,♕BrawlKings🇵🇷
74,#PVQJRYV9,Fabiシ,0xffcb5aff,28000095,49351,75,Black Hearts🖤
75,#8UR9GGR28,⛩️BS|☔ᵒˢʷᵃⁿ🥀,0xffcb5aff,28000280,49231,76,Pro Players
76,#JY2PP0VC,TB | Wolfgamer,0xffff9727,28000221,49153,77,A Few Good Guys
77,#QPPP98LYC,HDS|JOHN🇵🇷,0xffff9727,28000259,48974,78,HIJOS DEL SOL 2
78,#2C8CP98U,Kainstar,0xffcb5aff,28000264,48938,79,Frostfall
79,#2YCQYJV99,bloodambusher,0xff4ddba2,28000112,48684,80,Pristine
80,#22PL0Q8UV,NFR|Yaddi125,0xff1ba5f5,28000297,48598,81,Los Bijus
81,#8GY00G008,Hazy Hazeman,0xfff9c908,28000061,48535,82,Lions League
82,#2LP0GGJ2C,Fazter,0xffff9727,28000219,48528,83,The best🎩
83,#JCUUUYV,𝓡𝓪𝔂𝓲♪,0xff1ba5f5,28000117,48399,84,Relics of Time
84,#8GYJR9PG,KQ|Alevin ✨️😺,0xfff9c908,28000096,48299,85,⚡BrawL|HUNTERS⚡
85,#9GLR9RR2L,Problemup1,0xff1ba5f5,28000314,48176,86,be active
86,#8R022CPC2,Ale 287,0xffa8e132,28000170,47975,87,CAPITANES
87,#PJ88RJ8J2,CHGR| Jaiman,0xffcb5aff,28000348,47936,88,PFKNR
88,#20UJQU9Q,Mąnu,0xffff9727,28000305,47888,89,Quack
89,#8GYGC0CUL,TB|KOBEBRAYANT,0xff1ba5f5,28000014,47842,90,A Few Good Guys
90,#PULG892GY,螿♣•Gιɳιƚʂυ°ᴳᵒᵈ乂,0xffcb5aff,28000297,47739,91,Black Hearts🖤
91,#8JPGJ9VYQ,Edwin,0xffffffff,28000012,47672,92,Pro Players
92,#PC9YQ0R2Q,QLASH^YUNIESKY^,0xff1ba5f5,28000206,47570,93,🚫AIR FORCE🚫
93,#280GLVPV,Jenz 🇵🇷,0xffcb5aff,28000011,47487,94,PR Lions
94,#8PVYRUUG,EG | IvoNara,0xff1ba5f5,28000282,47457,95,Black Hearts🖤
95,#8QYUQQVC,DreamSlash,0xffffffff,28000108,47218,96,
96,#2QCY2Q2RL,❄️Lycht❄️,0xffcb5aff,28000286,47186,97,win or die
97,#C2R0V9VV,CG|FBI ^•^,0xfff9c908,28000330,47143,98,Capsule Gaming
98,#P8C9YRUUL,TU|Abdiel ☆彡,0xffff9727,28000314,47133,99,Team unidos
99,#VRJQL8PQ,THC YA LATER,0xffa8e132,28000061,47124,100,Final Bosses
100,#9QJQY2P9,Abnakiel 🇵🇷,0xff1ba5f5,28000207,47116,101,HTC/Nowers
101,#92YUR0U8,ᘜ卂爪乇尺卩尺🇵🇷🔥,0xffcb5aff,28000349,47086,102,ENDGAME PR
102,#PGJ9YGCQY,GOLDEN FREEZER,0xfff9c908,28000000,47064,103,Shadow Alliance
103,#PC828UPQY,xOneilx,0xffff9727,28000222,47015,104,🚫AIR FORCE🚫
104,#2RVL0PRY2,VincShøt 🌓,0xffcb5aff,28000347,46905,105,Eclipse 🌖
105,#8RJCVJUY0,BZX|Jansuel 1,0xff1ba5f5,28000290,46571,106,Aldair's Bakery
106,#8QYUU2U2J,LB | 🦊jeromi🦊,0xffcb5aff,28000303,46501,107,Los Bijus
107,#PJ28Y8Q0,iTzKyogreYT,0xffffffff,28000123,46337,108,BrawlSinBBQ
108,#2U9L09UUP,JellyPhonix,0xfff9c908,28000218,46302,109,Los FantasmasII
109,#8LULGYUGR,._Ninja_.♧,0xfff9c908,28000132,46285,110,CAPITANES
110,#R8YVQ8PG,𝚠𝚒𝚒𝚣 |🥀🌪,0xfff9c908,28000305,46261,111,
111,#2JPJ9J280,!ClxpYou_,0xffffffff,28000183,46251,112,
112,#JU2U8R2L,菜 | Dreamy🪐,0xffcb5aff,28000335,46177,113,
113,#28JGLRQYU,Snoopy 🇵🇷🇵🇷,0xffa2e3fe,28000297,46149,114,ENDGAME PR
114,#G8GJLUQL,Ricky,0xfff9c908,28000205,46091,115,💣X FORCE🕶️
115,#8Y020CYL,Osͥmͣaͫny™🇵🇷,0xfff9c908,28000203,46085,116,ENDGAME PR
116,#20Q02PC8,tonyjuh,0xffa2e3fe,28000272,46033,117,Mayabang
117,#YYJGP2JLV,EG|U1TRA,0xff1ba5f5,28000106,46002,118,ENDGAME PR
118,#9CQ9JYG9,Toxic🖤ᴳᵉⁿᵉ あ,0xffffffff,28000014,45943,119,ENDGAME PR
119,#2P9VCGQ2L,Tribe | Jetcat,0xfff05637,28000138,45869,120,Tribe Gaming
120,#20028RYVG,KD|🔥LARGETツ,0xffffce89,28000321,45778,121,Los Bijus
121,#8Q9L22J2Y,鸭的|E r i c,0xffcb5aff,28000347,45731,122,NOVA VE
122,#PLU0PLRU,TB|ItzMonyPR☃️,0xffa8e132,28000156,45640,123,♕BrawlKings🇵🇷
123,#PYUYP02Q,Mr. DIO,0xffa8e132,28000349,45599,124,Tribe Dynasty
124,#2GJGL9CC,Yovngchimi🇵🇷,0xffcb5aff,28000203,45534,125,Los Demon PR🔥
125,#9QVVY29J,EG|Abnerpr_18,0xff1ba5f5,28000170,45498,126,Team Heroico
126,#VYPPVYV,Black,0xfff05637,28000331,45363,127,Toxic Randoms
127,#LQVVRUJ2J,lacrikadetumai,0xffa8e132,28000139,45350,128,LOS CHIDOS 😎👌
128,#2VUJP9Q0Q,ElYandri,0xffff9727,28000213,45266,129,Uukparty
129,#8GVC80QCJ,stiven,0xfff05637,28000016,45258,130,piratasdbolivia
130,#92CVYP9P,Ian,0xffffffff,28000183,45192,131,🐲mongolitos🐲
131,#2JVGLULPV,Dark_Entity_PR,0xffffce89,28000139,45141,132,Team Alpha 🐺
132,#L2VLJ22P,NRG|Bugha🪱,0xffffffff,28000138,45081,133,
133,#Y28PUULCY,\LEON/,0xffa2e3fe,28000352,45064,134,ᴛᴇᴀᴍ ᴏɢ👺
134,#208P0C2L,JD_Legend,0xffcb5aff,28000272,45028,135,P.R.Brawlers
135,#20RJQ2PY,itosan,0xffcb5aff,28000281,44955,136,Kingsman PR
136,#2CVG0LYL,Yxwiii🌹,0xfff05637,28000023,44853,137,Los Bijus
137,#YPR00UV,paganthebest,0xfff9775d,28000330,44796,138,BRAWL WORLD🌎
138,#UPYYGPR8,Angelito21,0xfff05637,28000156,44785,139,TopBrawlz
139,#RCLYPVQL,MIKEGAMER,0xffff9727,28000286,44719,140,HeavenReachers
140,#P99GU2GP2,SuperNOVA616,0xffa2e3fe,28000263,44712,141,♕BrawlKings🇵🇷
141,#82YR0GGRG,Percozet,0xffffffff,28000095,44673,142,
142,#PLQP2VYJV,Mr Maker 2,0xff1ba5f5,28000330,44624,143,Dream Team GT
143,#2PY9VU9GQ,ᴮᴷ|𝓑𝓮𝓷𝓰𝓲🥀,0xff1ba5f5,28000201,44621,144,HeavenReachers
144,#8CQUG9CPQ,Lonelyメ方,0xffffffff,28000014,44613,145,
145,#2GRU9RUQR,HDF|Julieta_21,0xffa2e3fe,28000225,44547,146,Team V-Bots
146,#8V8YY0U98,try hard noob,0xff4ddba2,28000187,44480,147,
147,#8C92GCYU2,Gîōvãnnï,0xfff9c908,28000341,44423,148,CAPITANES
148,#QQQRRL,Leͥgeͣnͫdarʏ͢͢͢,0xff1ba5f5,28000170,44395,149,Spike’s Desert
149,#8Q8YQ2Q8Y,Lenyx Beatrix,0xffcb5aff,28000332,44347,150,THE 30
150,#Q2CR99CP,mamame_lapinga,0xff4ddba2,28000228,44309,151,
151,#YYVRLCJC,TB CHACHI $,0xfff05637,28000273,44294,152,Los Bijus
152,#9UPLQQ2C2,Ariana Grande,0xffff9727,28000064,44215,153,SMG| [Doritos]™
153,#82QUVYV9,sebamonkey 10,0xffcb5aff,28000125,44049,154,CAPITANES
154,#PP20PQQ,Depressed Yadi❤,0xfff9775d,28000284,44008,155,
155,#2PPGJL8RV,lordwaldo9,0xff4ddba2,28000013,43937,156,Rawr Galaxy
156,#Q8J8J009,DaddyDexter,0xffcb5aff,28000280,43914,157,Los Bijus
157,#PP9PRJL,sebafcf,0xffcb5aff,28000080,43910,158,Latinos
158,#9PUUJRGLG,OsitoDeGominola,0xffffce89,28000150,43894,159,LOS CHIDOS 😎👌
159,#2LJ2P8R2U,ELT | Arrufat13,0xff4ddba2,28000249,43870,160,The Elite
160,#PL8QYVUC2,Kennecco89otaku,0xffcb5aff,28000305,43828,161,STELLARGAZE
161,#8PRRVVYY,DarkWolfYTTV,0xff1ba5f5,28000267,43811,162,On Full Blast
162,#8J28JCC2G,eres basura,0xffcb5aff,28000091,43806,163,♕BrawlKings🇵🇷
163,#PGUYPCL,BH’s|I’mDeez,0xffcb5aff,28000305,43774,164,ENDGAME PR
164,#8QRJU0L8V,TB|Aiperz⚡️,0xffff9727,28000305,43762,165,
165,#2CVGP80JR,Asynkritus,0xfff9c908,28000151,43723,166,Legendario
166,#PG8VYRQ02,🦋Gloxinia🦋,0xff1ba5f5,28000150,43704,167,The Lone Wolves
167,#L9UVUG880,Eydan pro yt,0xff4ddba2,28000335,43685,168,Spike Gang 2🌵
168,#9JGCRQRY,naruto,0xff4ddba2,28000341,43640,169,HeavenReachers
169,#99V8P92L,⚡️ZEUS⚡️,0xffcb5aff,28000294,43588,170,♕BrawlKings🇵🇷
170,#UV0LG0CU,PumaGolden,0xfff9c908,28000168,43496,171,Royalty P.R.
171,#22VL2GLC9,lordpineapple,0xfff05637,28000050,43462,172,DOUBLE HENNE$$Y
172,#99QRJ288,Jeiva,0xffa2e3fe,28000284,43447,173,Sacred Honor™
173,#292V8CGVJ,XxyaiyoxX,0xffff8afb,28000340,43380,174,HeavenReachers
174,#LLRUJQL,gorgi,0xff1ba5f5,28000159,43349,175,Apollo Aces
175,#PLJRG0G28,wheatlab,0xff1ba5f5,28000052,43303,176,<c7> Zenith</c>
176,#280999YPU,cristian🇩🇴,0xffcb5aff,28000305,43292,177,Relaxedleaf
177,#RG8GC90U,31oy🇵🇷,0xfff9c908,28000273,43259,178,
178,#2RJQLYR0V,MachinUchiha,0xffa2e3fe,28000317,43206,179,P.R.Brawlers
179,#8L8L288P,Flootyy,0xffff8afb,28000262,43137,180,
180,#RVLU2CJ,FrostyXW,0xffa2e3fe,28000322,43078,181,HeavenReachers
181,#9GGQJ9C8,愛~ShadowZ❦,0xffcb5aff,28000330,43001,182,Showdown🤍
182,#2JUCRQJ8Q,EG|Eldars🇵🇷,0xffffffff,28000156,42990,183,ENDGAME PR
183,#889C0UY9C,⚡ᶫᵒᵛᵉᵧₒᵤツ🇵🇷⚡,0xffff9727,28000348,42986,184,TD | Canelitas★
184,#80PLYLLRV,Idamar Pagan,0xffa8e132,28000303,42934,185,Mt Ebott
185,#YC0UJYJ98,Ryuk🇵🇷,0xff1ba5f5,28000074,42878,186,Biker gang
186,#2UVC8LG2,ＷｅＺｚ- 🇵🇷❄,0xfff9c908,28000003,42866,187,<c9>TrazHer</c>
187,#2CPQUVPQ,Giovanni,0xff1ba5f5,28000294,42859,188,ZazzaPR
188,#PRJVRYGLG,SK | ALEX🐣💛,0xffffffff,28000333,42857,189,INVICTOS 2
189,#2LGJPQ92,v-Jund-v,0xffa2e3fe,28000279,42815,190,Kingsman PR
190,#PYYJY2QG,Toguh,0xffa2e3fe,28000294,42806,191,Los Intocables
191,#8JRLYJYPV,Cosmic,0xff1ba5f5,28000123,42801,192,⚜️EMPIRE SQUAD⚜
192,#2R9PG80YU,ϟLҽɠҽɳԃ༄🤍ツ,0xffffffff,28000135,42793,193,KENZO🐺
193,#PCQUYPVQ,DeadlyGhost🇵🇷,0xff1ba5f5,28000305,42770,194,Starr Park
194,#80JY8YUJ,ElTryHardPR,0xffff9727,28000264,42746,195,♕BrawlKings🇵🇷
195,#9YLVYL02,🤡~B•Troll~🤡,0xffffce89,28000185,42733,196,
196,#9RR0YPV9,Kevosan! ★,0xffcb5aff,28000286,42720,197,B2B|Vitality
197,#20GVPJ8V,Alan,0xfff9c908,28000170,42678,198,Brother Team
198,#2U90JU2PU,grassfeedboy,0xffa8e132,28000014,42644,199,UltraDarkSword
199,#GU92QYGU,Mr.Kos,0xfff05637,28000235,42542,200,Chosen Ones
