tag,name,nameColor,icon,trophies,rank,club,normalized_trophies,normalized_rank
#VL0GPPJV,Physic Gear 5,0xfff9c908,28000014,1401,1,Eclipse ğŸŒ–,0.9999999999999996,0.0
#2Y92C2Q8V,NOMAD|ã‹ãƒ¼ãšã€‚â„â„,0xfff9c908,28000119,1399,2,no-team-info,0.9932885906040272,0.005025125628140704
#VLQPVPY,Nazâ¤ï¸Hyra,0xffff8afb,28000303,1399,3,FenernazÃ§e ğŸ’™ğŸ’›,0.9932885906040272,0.010050251256281405
#JQVQYVY,Code: VTzim ğŸŒ‘,0xffff8afb,28000339,1309,4,Eclipse ğŸŒ–,0.6912751677852351,0.01507537688442211
#RRVVPG2Y,Brostaå¡æ‹‰,0xff1ba5f5,28000206,1307,5,vMoove,0.6845637583892619,0.020100502512562814
#89UPQJJVV,+BraboX ğŸ©,0xffa8e132,28000236,1302,6,Ghost TeamğŸ‘»â˜”,0.6677852348993292,0.025125628140703515
#VYGVV08Q,ğŸ…domates,0xffffffff,28000261,1302,7,no-team-info,0.6677852348993292,0.03015075376884422
#2Y2Y99GQR,VizeZ,0xffffffff,28000230,1302,8,Ex0tic-E-Sport,0.6677852348993292,0.035175879396984924
#8GV2CP2J8,â˜”ZORLUâ˜”,0xffcb5aff,28000003,1301,9,<c0>ï¼¬ï¼¯ï¼®ï¼¥ï¼¬ï¼¹â˜…</c>,0.6644295302013421,0.04020100502512563
#2G90YQ9CQ,Ê¸áµ—á´ÉªÊ€á´€É´á´…ÉªÉ´Êœá´€áµ‡Ë¢ä¹¡,0xffa8e132,28000174,1301,10,Wá´ÊŸÒ“ É¢á´€É´É¢ ğŸ¾,0.6644295302013421,0.04522613065326633
#9RVPL0Q0P,ArthurğŸŒ¸,0xfff9c908,28000018,1269,11,Home Of Esports,0.5570469798657718,0.05025125628140704
#8UQ9GQJJ,â†ğ‘‰ğ‘–ğ‘ğ‘’ğ‘Ÿâ¨ê™³,0xff4ddba2,28000272,1262,12,ã‚ã‚ã‚“ã±ã‚“é£Ÿå ‚,0.5335570469798658,0.055276381909547735
#298L8YR90,AmeyÃ¶uğŸ©¶ğŸ§¬,0xffa2e3fe,28000291,1258,13,<c5>ã½ã‚“ã¿ã¡ã‚‡ã£ãŸ</c>,0.5201342281879193,0.06030150753768845
#J8UR8002,SKC | Prozy,0xffa8e132,28000029,1254,14,Emi's bar ğŸ»,0.5067114093959728,0.06532663316582915
#82PQUPGU0,RyoheiğŸ¬,0xff1ba5f5,28000240,1254,15,æ•°ãˆå½¹æº€ğŸ€„ï¸,0.5067114093959728,0.07035175879396986
#2PGGR8Y9P,Asuna Yuuki,0xff1ba5f5,28000201,1254,16,Follow?,0.5067114093959728,0.07537688442211056
#Y29V28JYJ,ãƒŠã‚¤ãƒ•ã‚’æŒã£ãŸå¤©ä½¿,0xfff9c908,28000014,1253,17,Brawl King's,0.5033557046979866,0.08040201005025126
#8UGJ82UL2,AoC|AlexğŸŒ·,0xff4ddba2,28000310,1252,18,octos,0.49999999999999956,0.08542713567839197
#889R9J9UU,AI2,0xffffffff,28000040,1252,19,æ•°ãˆå½¹æº€ğŸ€„ï¸,0.49999999999999956,0.09045226130653267
#28CVQGURJ,kxrtofvl,0xffffffff,28000061,1252,20,UNDERDOG ğŸ‡µğŸ‡±,0.49999999999999956,0.09547738693467338
#GV9GRLJJ,Counter,0xffff9727,28000265,1252,21,NA Friends,0.49999999999999956,0.10050251256281408
#9GGU9C9Y,RNT | Trashant,0xff1ba5f5,28000033,1252,22,Imperial,0.49999999999999956,0.10552763819095479
#9QCJPL20,Golden KawaiiğŸŒ•,0xffffce89,28000045,1252,23,Eclipse ğŸŒ–,0.49999999999999956,0.11055276381909548
#2CQ9008JV,ã‘ã¡ã¾ã‚‹ã€œâ™¬ãŠã…ãŠã…â¤´ï¸,0xffffce89,28000035,1251,24,Uchronia,0.49664429530201337,0.11557788944723618
#GUQY9VGP,Joah ğŸª,0xffffce89,28000108,1251,25,NA Friends,0.49664429530201337,0.12060301507537688
#URV8JPY,ormyğŸ„,0xffffffff,28000176,1251,26,Havoc Echo,0.49664429530201337,0.1256281407035176
#YGQYGCR,PortoxğŸ˜¡,0xff1ba5f5,28000191,1251,27,Blue Label,0.49664429530201337,0.1306532663316583
#P9UVCQ2U2,Amazing,0xffff8afb,28000337,1251,28,help ranks,0.49664429530201337,0.135678391959799
#9P2CUYJ8P,Scared,0xff4ddba2,28000167,1251,29,no-team-info,0.49664429530201337,0.1407035175879397
#29UGLJV2G,LÑ‘vi,0xfff9c908,28000244,1251,30,âœŒï¸âœŒï¸âœŒï¸,0.49664429530201337,0.14572864321608042
#99VLVGRJG,BootyBaptizer69,0xffffce89,28000000,1251,31,Humble Grinders,0.49664429530201337,0.15075376884422112
#8R99PJ890,xSkylaszâ€¢,0xffff9727,28000321,1251,32,Vitality,0.49664429530201337,0.15577889447236182
#JGP8LV8P,Gear5 SiteJr.11,0xffff8afb,28000215,1251,33,æœ€é«˜åˆ°é”ç‚¹,0.49664429530201337,0.16080402010050251
#PQ28JP0P,äº²JÏƒÑ‚Î±,0xffff9727,28000175,1250,34,7 Dwarves,0.4932885906040272,0.1658291457286432
#C2CULQP0,â¤ï¸â€ğŸ”¥Mazoexâ™›,0xff1ba5f5,28000314,1250,35,VV eSport,0.4932885906040272,0.17085427135678394
#2JPRQPJ92,ã•ã†ã–ã‚“,0xff4ddba2,28000305,1250,36,ã ã‹ã‚‰ç§ã¯æ—,0.4932885906040272,0.17587939698492464
#2CUYQ8RQC,ğŸ¥·ğŸ¿,0xffffffff,28000272,1250,37,no-team-info,0.4932885906040272,0.18090452261306533
#92VJ8VQUP,ğŸ”¥an_haypğŸ”¥,0xfff05637,28000047,1250,38,no-team-info,0.4932885906040272,0.18592964824120603
#PYPQUG80,ZavağŸ’Sunfote,0xffff9727,28000195,1250,39,ShowdownğŸ’”Kings,0.4932885906040272,0.19095477386934676
#PR9U2JL,Juan Carlos,0xffffffff,28000119,1250,40,Humble Grinders,0.4932885906040272,0.19597989949748745
#P99QGPLU2,Davex,0xffffce89,28000129,1250,41,Brawl King's,0.4932885906040272,0.20100502512562815
#QUYCVC2,STMN | sans,0xffa8e132,28000136,1250,42,STMN Esports,0.4932885906040272,0.20603015075376885
#80UQP9UYR,ãˆğšŸğšğš—ğš˜ğš¡ãƒ„,0xffffffff,28000139,1250,43,No Mercy,0.4932885906040272,0.21105527638190955
#PGY9ULY,PollitoMan,0xffffffff,28000348,1249,44,7 Dwarves,0.4899328859060401,0.21608040201005027
#88RGGCVQJ,My heart in AUS,0xff4ddba2,28000092,1249,45,ãƒãƒŠã‚¯ã‚½ã‚¿ã‚±ã‚·,0.4899328859060401,0.22110552763819097
#89JJV992Y,ZL|caldera,0xfff9775d,28000040,1249,46,ã‚ã‚ã‚“ã±ã‚“é£Ÿå ‚,0.4899328859060401,0.22613065326633167
#8CVCJVVV9,ÔµÕ© Õ‡Î±É±à¹€â„“Î± â˜†*â¥âƒ*,0xffff9727,28000302,1249,47,â˜…the Playersâ˜…,0.4899328859060401,0.23115577889447236
#YRURQRPUR,Skibidi Chipz,0xff1ba5f5,28000018,1249,48,Talents,0.4899328859060401,0.23618090452261306
#PGL2UL0CR,SS+|Psychokid,0xffffffff,28000164,1249,49,Talents,0.4899328859060401,0.2412060301507538
#P92C29RRG,dqwed,0xffff8afb,28000167,1249,50,<c8>Inspire</c>,0.4899328859060401,0.24623115577889446
#9VU9R2LY,Terry!,0xffffffff,28000081,1249,51,âœŒï¸âœŒï¸âœŒï¸,0.4899328859060401,0.25125628140703515
#8PJRRG2C,SK|GuilleVGX,0xffa8e132,28000099,1249,52,CONEXIÃ“N,0.4899328859060401,0.2562814070351759
#V888YPGU,IME|Minepro,0xfff9c908,28000164,1249,53,Invincible,0.4899328859060401,0.26130653266331655
#UG2JJ89,RedziinğŸ«€,0xfff05637,28000272,1249,54,Ghost TeamğŸ‘»â˜”,0.4899328859060401,0.2663316582914573
#8LQQCCPRG,MyS|EfimğŸ‘¾,0xffa8e132,28000101,1249,55,Quant ESportsğŸ¾,0.4899328859060401,0.271356783919598
#P8UGQ0882,MinterrrğŸª„,0xffffffff,28000102,1249,56,Ğ¾ÑƒĞ¿Ğ¸ Ñ‡ĞµĞ»Ğ¸ĞºĞ¸,0.4899328859060401,0.27638190954773867
#29JJ8LLQ,DM âœ¯,0xffffffff,28000198,1249,57,ChasmacGaming,0.4899328859060401,0.2814070351758794
#29UR00VP,ã‚ã‚„ã¨ãŸãŸã‚“ğŸ’,0xff4ddba2,28000093,1249,58,TMG,0.4899328859060401,0.28643216080402006
#99JQ9PQP,Artem4icğŸ¤W,0xff4ddba2,28000018,1249,59,no-team-info,0.4899328859060401,0.2914572864321608
#2YPC2LL02,RV|kakawo,0xfff9c908,28000300,1249,60,RV,0.4899328859060401,0.2964824120603015
#QRUQQLV0,Code: Nukleo,0xffa8e132,28000186,1249,61,LA Instinct,0.4899328859060401,0.3015075376884422
#QLCJGQUP,BOH|DiegoğŸ’šWolf,0xff4ddba2,28000320,1249,62,7 Dwarves,0.4899328859060401,0.3065326633165829
#2CYUCRCPC,ã‚‚ã¡ã©ã£ãğŸ¶ğŸ©¶,0xfff9775d,28000285,1249,63,ãƒ›ãƒãƒ«ãƒˆãƒ³ã‚º,0.4899328859060401,0.3115577889447236
#PC9LPPYV,Nicoâ¤ï¸Heys,0xff1ba5f5,28000196,1249,64,No Mercy,0.4899328859060401,0.3165829145728643
#Y22RU8YQ2,Seis,0xffcb5aff,28000159,1249,65,Brawl King's,0.4899328859060401,0.32160804020100503
#8JV08U8GR,NightMareâ¤ï¸â€ğŸ”¥,0xffcb5aff,28000280,1243,66,NHY E-SporTS,0.46979865771812035,0.3266331658291457
#JV29L0LV,FaZzen,0xffcb5aff,28000327,1229,67,Ghost TeamğŸ‘»â˜”,0.42281879194630845,0.3316582914572864
#RL02R0GR,Alcheâ¤ï¸Perse,0xffffce89,28000187,1223,68,Emi's bar ğŸ»,0.40268456375838957,0.3366834170854271
#8LQ9JR82,Code: Eqwaak,0xfff9c908,28000004,1221,69,A Few Good Men,0.3959731543624163,0.3417085427135678
#2LG8QJ9L,Fade,0xffffffff,28000013,1217,70,STMN Esports,0.3825503355704698,0.34673366834170855
#2R9JQ0C8G,Xionsá¶«áµ’áµ›áµ‰áµ§â‚’áµ¤,0xffa8e132,28000018,1207,71,ZoolÃ³gico NA,0.3489932885906044,0.3517587939698492
#J8UQ2UUG,SEKAI NO SHOUPI,0xffa8e132,28000140,1206,72,Cipher Pol,0.34563758389261734,0.35678391959798994
#99LLQYY9,Joeh,0xfff9c908,28000335,1205,73,ğŸ‘‹ ğŸ¤·â€â™‚ï¸,0.34228187919463116,0.3618090452261306
#JV2L02VV,SÃ­Jaauaq,0xffff8afb,28000303,1204,74,no-team-info,0.3389261744966441,0.36683417085427134
#CPPV2PQG,MeliodasBotğŸ,0xffa8e132,28000006,1203,75,No Mercy,0.3355704697986579,0.37185929648241206
#CGQCYJGY,TTV | SnakeThug,0xfff9c908,28000341,1203,76,Deadly VipersğŸ,0.3355704697986579,0.37688442211055273
#U9GC8G02,CMG | R B M,0xffffffff,28000058,1203,77,ChasmacGaming,0.3355704697986579,0.38190954773869346
#2UYJV98J2,all 1500ğŸ†,0xffffffff,28000000,1203,78,no-team-info,0.3355704697986579,0.3869346733668342
#82GPP9LQ,BC*| TobiğŸ‰,0xff1ba5f5,28000303,1203,79,BC*|Family*,0.3355704697986579,0.39195979899497485
#8R29PY9RJ,DarkezğŸ¤Audrey,0xff1ba5f5,28000207,1203,80,Ghost TeamğŸ‘»â˜”,0.3355704697986579,0.3969849246231156
#VGQ0P2VU,Carry by Georg,0xffffffff,28000123,1203,81,A Few Good Men,0.3355704697986579,0.40201005025125625
#P2V2GGLJY,NM | Quinxâ„¢â™Š,0xffff8afb,28000111,1202,82,Quinx Academy,0.33221476510067083,0.40703517587939697
#2CRRRRYJR,Ğ¼Ğ¾Ñ‘,0xfff9c908,28000213,1202,83,âœŒï¸âœŒï¸âœŒï¸,0.33221476510067083,0.4120603015075377
#PQ09LC889,sinaayyğŸ¤kã‚¢ãƒŠãƒ¼,0xffff8afb,28000196,1201,84,luv sinayy.ğŸ¤ğŸª½,0.32885906040268464,0.41708542713567837
#90V9VYJ8C,ã—ã‚‡ã†ã‘ã„,0xfff05637,28000242,1201,85,ãªã‹ã‚ˆã—éƒ¨,0.32885906040268464,0.4221105527638191
#9PJQ9V8L9,bannyâ™œï¸,0xffffffff,28000303,1201,86,Real Ones,0.32885906040268464,0.42713567839195976
#2J2PJ0UV,ikarosita,0xffa8e132,28000136,1200,87,Humble Grinders,0.3255033557046976,0.4321608040201005
#2RQGVLRVG,â‚¹GuilleX,0xffff8afb,28000036,1200,88,No Mercy,0.3255033557046976,0.4371859296482412
#G99CYGL,ğ’ğ’‚ğ’Šğ’Œğ’â„ï¸,0xff4ddba2,28000194,1200,89,ChillOG,0.3255033557046976,0.4422110552763819
#PLUGLRG28,4SV_MaSTeP,0xffffffff,28000233,1200,90,Quant ESportsğŸ¾,0.3255033557046976,0.4472361809045226
#J0QQ8000,Ë¢áµƒáµˆĞºÎ±ÏÎ¹â„“Â²Â²,0xff1ba5f5,28000305,1199,91,â€§âœ§Ëšâœ¶ğ™†ğ™‘ğ™‡âœ¶Ëšâœ§â€§,0.3221476510067114,0.4522613065326633
#YUGUVGYL,edson v2 ğŸª,0xffcb5aff,28000176,1199,92,You and me ğŸ’œ,0.3221476510067114,0.457286432160804
#PRVJJQUUR,Mundial ã‚’',0xffffffff,28000004,1199,93,WOLVES HUNGRY,0.3221476510067114,0.4623115577889447
#LL09UJ2J,SakiğŸ©µ,0xfff05637,28000018,1199,94,DEEMO,0.3221476510067114,0.4673366834170854
#202RGUPUG,â˜†FrankensteInâ˜†â¤,0xffcb5aff,28000170,1199,95,Quant ESportsğŸ¾,0.3221476510067114,0.4723618090452261
#YY9PPLQL9,Yumeğ“…¦,0xff4ddba2,28000149,1199,96,Cipher Pol,0.3221476510067114,0.4773869346733668
#8Y29YVV2C,ã‚Œã‚‚ã‚“,0xffcb5aff,28000112,1199,97,ãŠã±ã‚“ã¡ã‚…ã¿ã›ã¦,0.3221476510067114,0.4824120603015075
#20YJ9PLLV,ã¾|Shadows â€¢ ğŸ’«,0xffffffff,28000041,1199,98,what happened,0.3221476510067114,0.48743718592964824
#9QYQ9YJV9,Marveleetos,0xffff8afb,28000247,1199,99,HolyPower,0.3221476510067114,0.4924623115577889
#8LYQPLP29,ğŸ–¤MKZğŸ–¤,0xffffffff,28000032,1199,100,á´…á´€ÉªÊŸÊ,0.3221476510067114,0.4974874371859296
#YCP0JCUQ,VD|Mo.D.LufyğŸ£,0xff1ba5f5,28000065,1199,101,Beyond Kratos,0.3221476510067114,0.5025125628140703
#JGCCGY80,prostislavv,0xffff9727,28000042,1199,102,BOBR gaming,0.3221476510067114,0.507537688442211
#8LC808G,Tuyu,0xff1ba5f5,28000349,1199,103,@Tuyu_Official,0.3221476510067114,0.5125628140703518
#UYUUQQ8Q,ëŒ€ì™•â¦(å…‰),0xffcb5aff,28000115,1199,104,<c1>BBOBBY</c>,0.3221476510067114,0.5175879396984925
#PLGJJJC2Q,L7L7,0xffffffff,28000048,1199,105,Ù…Ø¹ØªØ²Ù„,0.3221476510067114,0.5226130653266331
#2LC0LQCRP,Evaãƒ„ã‚“ï¾Œï¾’,0xff1ba5f5,28000241,1199,106,Brawl King's,0.3221476510067114,0.5276381909547738
#9GJPJUQGJ,Xoroxâ¤ï¸â€ğŸ©¹Byrox,0xffcb5aff,28000273,1199,107,Tribe Turkey,0.3221476510067114,0.5326633165829145
#8Q2JCGP00,ãã‚ƒã‚“ã§ãƒ,0xff1ba5f5,28000014,1191,108,ã‚­ãƒ³ã‚°ãƒ€ãƒ ä¹±,0.2953020134228188,0.5376884422110553
#CJP08CU0,Uriel,0xffffffff,28000135,1187,109,Brawl King's,0.2818791946308723,0.542713567839196
#QRU0L0U,ğŸ¬êœ±á´á´‹Ê€á´€á´ ğŸœ²,0xff1ba5f5,28000201,1184,110,CONEXIÃ“N,0.27181208053691286,0.5477386934673367
#P22J8JP8,ZETA | BADBOY,0xffff9727,28000284,1180,111,No Mercy,0.25838926174496635,0.5527638190954773
#8URCLRY8,çƒéšŠ|RoUNDğŸŒ ,0xfff9c908,28000061,1180,112,My social media,0.25838926174496635,0.5577889447236181
#9J2JLUR8G,Aspect ğŸƒ,0xffffffff,28000304,1178,113,7 Dwarves,0.2516778523489931,0.5628140703517588
#22PJGVJYJ,íˆì¹˜LuxitoğŸ¥€,0xffffffff,28000321,1176,114,No Mercy,0.24496644295302028,0.5678391959798995
#20CJVQQYU,[â‚®â‚±] â‚±É†â± â‚³Æ‰â‚³Ã˜,0xffcb5aff,28000291,1173,115,â˜…the Playersâ˜…,0.2348993288590604,0.5728643216080402
#20JR92CYU,iceğŸ–¤sophia,0xffffffff,28000139,1172,116,NGGL,0.23154362416107377,0.5778894472361809
#2LY99YGP8,HJKâ”ƒã‚¨ãƒâ†¯,0xffcb5aff,28000338,1172,117,<c2>ã‚¨ãƒ›ãƒ¤ã‚­ãƒ </c>,0.23154362416107377,0.5829145728643216
#2UJQQ0YL,TOC,0xfff9c908,28000212,1170,118,anywayğŸ¤·ğŸ»â€â™‚ï¸,0.2248322147651005,0.5879396984924623
#CJV2PJ0R,SK | Yoshi,0xffcb5aff,28000135,1166,119,Yoshi Fans,0.21140939597315445,0.592964824120603
#V8JP99J0,ZKN|FantasğŸ¦Š,0xffffce89,28000014,1164,120,Monkeyâ€™s Island,0.2046979865771812,0.5979899497487438
#989L0928Q,L1S|Sufiyanâ¦,0xff1ba5f5,28000033,1161,121,IMMORTAL SOULS,0.1946308724832213,0.6030150753768844
#VCPJQQ,JealousğŸ¤Y,0xffffce89,28000196,1157,122,Ğ»ÑĞ±Ğ»Ñ Ğ´Ğ°Ğ½Ñ<3ğŸ’“,0.18120805369127524,0.6080402010050251
#9UG08PQUY,xSkywalkerğŸ¦‹ã¾,0xff1ba5f5,28000135,1155,123,Quant ESportsğŸ¾,0.17449664429530198,0.6130653266331658
#280RJ92JC,ExP |BloocK,0xfff9c908,28000242,1153,124,CONEXIÃ“N,0.16778523489932873,0.6180904522613065
#V2Q080UU,ValembeauğŸ’œ,0xffcb5aff,28000035,1153,125,A Few Clown Men,0.16778523489932873,0.6231155778894473
#2P088J29C,Matt,0xffff8afb,28000333,1153,126,<c5>Just Us</c>,0.16778523489932873,0.6281407035175879
#9V9GQJG8,hobbit,0xffa8e132,28000005,1153,127,no-team-info,0.16778523489932873,0.6331658291457286
#2VQR2Y0G,JankyğŸ¦Š,0xfff05637,28000272,1153,128,anomaly,0.16778523489932873,0.6381909547738693
#802VG829,LuRkzğŸ©µSq,0xffff8afb,28000014,1151,129,Demise ğŸ¥€,0.16107382550335547,0.6432160804020101
#YLV8CL0R,Astaaaaâ¤ï¸â€ğŸ”¥ğŸ˜ˆ,0xff4ddba2,28000347,1151,130,Tribe Turkey,0.16107382550335547,0.6482412060301508
#L8J9JJVC,AcrossğŸ¦­,0xfff9c908,28000338,1151,131,INVICTOS 2,0.16107382550335547,0.6532663316582914
#URVJVRRQ,æ„›é‡ç¾å¥ˆå­ğŸ’›âœ¨,0xffff8afb,28000018,1149,132,ã—ã¦ãŸã‚“ã½,0.15436241610738266,0.6582914572864321
#2QU2RGLVC,ë°ë°ì•„ë˜ì£½ëƒ â˜»,0xffffffff,28000000,1149,133,â˜» Smile â˜» 2ê¸°,0.15436241610738266,0.6633165829145728
#29L028GQL,Djahsta,0xffff9727,28000306,1149,134,BC*|Family*,0.15436241610738266,0.6683417085427136
#QL9G8JR8C,KY,0xfff9c908,28000267,1149,135,<c5>ã½ã‚“ã¿ã¡ã‚‡ã£ãŸ</c>,0.15436241610738266,0.6733668341708543
#P2G8CUUPU,AugustğŸ¥·,0xffffffff,28000241,1149,136,BC*|Family*,0.15436241610738266,0.6783919597989949
#2UQVJP98Q,æ„›~ToastZ â†¯,0xffffffff,28000314,1149,137,no-team-info,0.15436241610738266,0.6834170854271356
#2P0V0CQQ2,FG | Naipishu,0xffff8afb,28000034,1149,138,clover,0.15436241610738266,0.6884422110552764
#PQCQJ8L00,ÄºastikğŸ’˜,0xffffffff,28000153,1149,139,AFGM Ğ´Ğ°Ğ³ĞµÑÑ‚Ğ°Ğ½,0.15436241610738266,0.6934673366834171
#2PLVJ0GLV,SniperğŸ™,0xffff9727,28000244,1149,140,Brawl Kings,0.15436241610738266,0.6984924623115578
#2G0PL0LRU,AxelğŸ§¸ğŸ¯,0xff1ba5f5,28000288,1149,141,You and me ğŸ’œ,0.15436241610738266,0.7035175879396984
#2YVQ98Q8C,DF | Tory,0xff4ddba2,28000166,1145,142,Melody,0.14093959731543615,0.7085427135678392
#2QPJQ8QRQ,bagi,0xff1ba5f5,28000335,1137,143,Brawl King's,0.11409395973154357,0.7135678391959799
#9GVQQ2VJL,ğ‘³ğ’Šğ’ˆğ’‰ğ’•â¦,0xffffffff,28000097,1137,144,Easy Ltda,0.11409395973154357,0.7185929648241206
#Q9YC0J0G9,RusyağŸ¤Bloodyãƒãƒ‹,0xfff9c908,28000004,1135,145,KingdomRush,0.10738255033557031,0.7236180904522613
#LUP0QRC8,L1S|D4NTEâ¦,0xffff9727,28000129,1134,146,Mini Meâ€™s,0.10402684563758369,0.728643216080402
#220C002,ì„œìš¸ëŒ€ì „ë™í‚¥ë³´ë“œë ˆì´ì„œìŒˆë°”ìš°,0xffffffff,28000014,1133,147,SNU CLAN,0.1006711409395975,0.7336683417085427
#2PV9YRJUG,leciel Ke!tağŸŒŸ,0xffa2e3fe,28000234,1129,148,âˆé»„é‡‘ã®ãŸã¾ã”âˆ â™ ï¸,0.08724832214765099,0.7386934673366834
#Y0JLQVQQ,THF|Lark,0xff1ba5f5,28000347,1128,149,Kiwithatgame,0.08389261744966436,0.7437185929648241
#QJQ0YPV,Danko,0xffff8afb,28000014,1128,150,no-team-info,0.08389261744966436,0.7487437185929648
#PQPR2GQGJ,MatChaâœˆï¸,0xffcb5aff,28000014,1126,151,HKç˜‹,0.07718120805369111,0.7537688442211056
#GRLUYG0R,NiceShÃ¸t ğŸŒ“,0xffcb5aff,28000347,1124,152,Ex0tic-E-Sport,0.0704697986577183,0.7587939698492462
#220PGLU02,å®¶|ğ‘´ğ’†ğ’ğ’†ğ’ÏŸ,0xffa8e132,28000163,1121,153,You and me ğŸ’œ,0.06040268456375841,0.7638190954773869
#J8YPGR,Twitch: Tobi,0xffcb5aff,28000000,1120,154,Brawl King's,0.057046979865771785,0.7688442211055276
#VP0CQCLV,Jinç„,0xffcb5aff,28000129,1119,155,RealDutch,0.05369127516778516,0.7738693467336684
#GVJ82JR8,Kazumi,0xffcb5aff,28000291,1118,156,Ex0tic-E-Sport,0.05033557046979853,0.7788944723618091
#QJULVGU,QLS | Edinho,0xff1ba5f5,28000194,1118,157,Ghost TeamğŸ‘»â˜”,0.05033557046979853,0.7839195979899497
#2P2URUV8G,Foncho,0xffcb5aff,28000209,1117,158,Dragon Chileno,0.0469798657718119,0.7889447236180904
#82C8R800R,åŸå‹ã®ç„¡ã„å„ªã—ã•ãŒçŸ¥ã‚ŠãŸã„,0xffff8afb,28000138,1115,159,ã‚­ãƒ³ã‚°ãƒ€ãƒ ä¹±,0.04026845637583909,0.7939698492462312
#GRCYVRJG,EdgarğŸ¤Ã¦,0xffff9727,28000176,1114,160,7 Dwarves,0.03691275167785246,0.7989949748743719
#2PG00PG02,JoojağŸ’œRyo,0xff4ddba2,28000136,1113,161,no-team-info,0.033557046979865834,0.8040201005025126
#9P98UCUV,Eydan,0xffff8afb,28000247,1113,162,Beyond Champs,0.033557046979865834,0.8090452261306532
#LQVY9UPY,Neetnç„,0xff4ddba2,28000259,1109,163,RealDutch,0.020134228187919323,0.8140703517587939
#RC8GU2G,Ascend-.-,0xffcb5aff,28000014,1109,164,Havoc Echo,0.020134228187919323,0.8190954773869347
#PVQRLV090,ã¡ãƒãšã‘ã‡ã,0xff4ddba2,28000038,1109,165,ãƒ›ãƒ¯ã‚¤ãƒˆã‚«ãƒ³ãƒ‘ãƒ‹ãƒ¼,0.020134228187919323,0.8241206030150754
#C2CP8YG,âˆ…âˆ…âˆ…âˆ…âˆ…âˆ…âˆ…,0xffffffff,28000038,1109,166,a<c,0.020134228187919323,0.8291457286432161
#VJUQ0Y,LG | Chino,0xff1ba5f5,28000322,1108,167,Havoc Echo,0.016778523489932695,0.8341708542713567
#GCJCRVQ8,tacos â˜,0xffff8afb,28000177,1108,168,NA Friends,0.016778523489932695,0.8391959798994975
#YY2908UG,vÌ·StrÃ¸ngâ›ˆï¸,0xffffffff,28000023,1107,169,LA Crystal,0.013422818791946511,0.8442211055276382
#9QC02VJV8,nyx1k?ğŸ¤ãƒ‹ãƒƒã‚¯ã‚¹,0xffffffff,28000137,1105,170,Lost Hell,0.006711409395973256,0.8492462311557789
#QR2GC8V,BKB|â„ICÂ£CRÃ˜Wâ„,0xfff9c908,28000348,1105,171,Tribe Turkey,0.006711409395973256,0.8542713567839196
#P0YG02Q8,MG | Abhishek,0xffff9727,28000018,1104,172,IMMORTAL SOULS,0.003355704697986628,0.8592964824120602
#88QCRPLJV,Togiâ˜ï¸,0xffff8afb,28000303,1104,173,7 Dwarves,0.003355704697986628,0.864321608040201
#209G0UUGY,YlliğŸ¬,0xffff8afb,28000321,1104,174,Tribe Gaming NA,0.003355704697986628,0.8693467336683417
#J8URCRCJ,vxdka :p,0xffff9727,28000095,1104,175,No Mercy,0.003355704697986628,0.8743718592964824
#YCGG2UQC,â™¡Larisa.,0xffcb5aff,28000018,1104,176,RoStars Academy,0.003355704697986628,0.8793969849246231
#20CQLYP2C,TBEjason,0xffff8afb,28000336,1104,177,Brawl King's,0.003355704697986628,0.8844221105527638
#8CRC9QUY9,íŒ€ì› ë²„ìŠ¤íƒ€ëŠ”DayeğŸ¤±,0xfff9c908,28000124,1104,178,<c1>BBOBBY</c>,0.003355704697986628,0.8894472361809045
#2PC29VJP0,feyenâœ,0xffffffff,28000000,1104,179,Real Ones,0.003355704697986628,0.8944723618090452
#8VJYGP2R8,+ï¼‹çˆ½å‡›â‡ï¸SOURINï¼‹+,0xff1ba5f5,28000267,1104,180,Uchronia,0.003355704697986628,0.8994974874371859
#22GQU2LLP,Iá´›á´¢FÉªÊ€á´‡â¤ï¸â€ğŸ”¥,0xffff9727,28000333,1104,181,CONEXIÃ“N,0.003355704697986628,0.9045226130653267
#82R8C28JY,MerTâ˜”ï¸,0xff1ba5f5,28000201,1104,182,SerenityğŸƒ,0.003355704697986628,0.9095477386934673
#LLQ8GY8,ğ“ğ¡ğ¨ğ§ğ²ä¼š,0xfff9c908,28000334,1104,183,BC*|Family*,0.003355704697986628,0.914572864321608
#QGG2UUV0,P4S|Kurumi,0xffcb5aff,28000014,1104,184,Real Ones,0.003355704697986628,0.9195979899497487
#CLCPQ2R,AgÃ»stin á´¹á´°á´®,0xffffffff,28000349,1104,185,Elite SaiyanğŸ”±,0.003355704697986628,0.9246231155778895
#CPYUR8QR,KD|Buffâ™¡,0xfff9c908,28000132,1104,186,Quant ESportsğŸ¾,0.003355704697986628,0.9296482412060302
#2JGVVPY,Nobody ğŸ•Š,0xffff8afb,28000006,1104,187,NA Friends,0.003355704697986628,0.9346733668341708
#JP9P0LJG,Byroxâ¤ï¸â€ğŸ©¹Xorox,0xff1ba5f5,28000302,1104,188,á´…á´€ÉªÊŸÊ,0.003355704697986628,0.9396984924623115
#Q82Y09LVP,xTago_cL,0xff4ddba2,28000239,1104,189,Dragon Basado,0.003355704697986628,0.9447236180904522
#YVG2LJG,SN|scattered,0xff1ba5f5,28000285,1104,190,Talents,0.003355704697986628,0.949748743718593
#8GGQC0UP,SHW|Tattier,0xff1ba5f5,28000138,1104,191,MegaPigEnjoyers,0.003355704697986628,0.9547738693467337
#99YL0PV9V,ğğ“|ğ‹ğ®ğ¢ğ¬ğ®,0xffffce89,28000349,1104,192,âœŒï¸âœŒï¸âœŒï¸,0.003355704697986628,0.9597989949748743
#9VP2R0P9,ToxicZan,0xff1ba5f5,28000352,1103,193,Real Ones,0.0,0.964824120603015
#20QUGCVQ9,Mirrox ğŸº,0xffffffff,28000345,1103,194,HolyPower,0.0,0.9698492462311558
#RRQQJPG2,Rabbithop,0xff1ba5f5,28000349,1103,195,we love rabbits,0.0,0.9748743718592965
#2RG0LV02,STMN | Scofield,0xff4ddba2,28000136,1103,196,vMoove,0.0,0.9798994974874372
#VRRPQ2J,á´©á´€Ê™ÊŸá´Ë¢áµƒáµˆ:'),0xffa8e132,28000018,1103,197,WOLFMX,0.0,0.9849246231155779
#2L80JP00L,Hillen,0xffff8afb,28000335,1103,198,Ex0tic-E-Sport,0.0,0.9899497487437185
#9LYQR9QC,Stas.,0xffff8afb,28000321,1103,199,Affective.,0.0,0.9949748743718593
#2JLVRQ9,STMN | Zhar,0xffa8e132,28000347,1103,200,STMN Esports,0.0,0.9999999999999999
