,tag,name,nameColor,icon,trophies,rank,club
0,#P9UVCQ2U2,Amazing,0xffff8afb,28000337,1311,1,help ranks
1,#VYGVV08Q,🍅domates,0xffffffff,28000261,1303,2,
2,#VLQPVPY,Naz❤️Hyra,0xffff8afb,28000303,1300,3,Fenernazçe 💙💛
3,#VL0GPPJV,Physic Gear 5,0xfff9c908,28000014,1300,4,Eclipse 🌖
4,#JQVQYVY,Code: VTzim 🌑,0xffff8afb,28000339,1300,5,Eclipse 🌖
5,#2PGGR8Y9P,Asuna Yuuki,0xff1ba5f5,28000201,1299,6,Follow?
6,#8UQ9GQJJ,↝𝑉𝑖𝑝𝑒𝑟⍨꙳,0xff4ddba2,28000272,1255,7,めろんぱん食堂
7,#9G0CJPJPY,Taha♛,0xffcb5aff,28000170,1253,8,GOOD BYE TAHA
8,#9Y92PLVQG,Snake,0xffffffff,28000208,1253,9,★the Players★
9,#V2Q080UU,Valembeau💜,0xffcb5aff,28000035,1253,10,A Few Clown Men
10,#8GV2CP2J8,☔ZORLU☔,0xffcb5aff,28000003,1253,11,<c0>ＬＯＮＥＬＹ★</c>
11,#9CQGLG0CV,Świnia🐷,0xfff05637,28000117,1252,12,ŚrednioNaPsa
12,#PLUGLRG28,4SV_MaSTeP,0xffffffff,28000233,1252,13,Quant ESports🐾
13,#8R99PJ890,xSkylasz•,0xffff9727,28000321,1252,14,Vitality
14,#Q9YC0J0G9,Rusya🤍Bloodyハニ,0xfff9c908,28000004,1251,15,KingdomRush
15,#YRURQRPUR,Skibidi Chipz,0xff1ba5f5,28000018,1251,16,Talents
16,#P99QGPLU2,Davex,0xffffce89,28000129,1251,17,Brawl King's
17,#2082JRYUV,GooD•G,0xffcb5aff,28000033,1251,18,<c5>Just Us</c>
18,#92VJ8VQUP,🔥an_hayp🔥,0xfff05637,28000047,1251,19,
19,#P9YPY9U8J,MeTa | duo♡van,0xff4ddba2,28000262,1250,20,TyM`eSports
20,#9L09YYQ8L,⛩️Panda G.m⛩️,0xffcb5aff,28000330,1250,21,HolyGuns
21,#20L88L2J,FUT | LeNain,0xffff8afb,28000321,1250,22,A Few Good Men
22,#8PJRRG2C,SK|GuilleVGX,0xffa8e132,28000099,1250,23,CONEXIÓN
23,#PQ09LC889,sinaayy🤍kアナー,0xffff8afb,28000196,1250,24,luv sinayy.🤍🪽
24,#2CUYQ8RQC,🥷🏿,0xffffffff,28000272,1250,25,
25,#PYPQUG80,Zava💞Sunfote,0xffff9727,28000195,1250,26,Showdown💔Kings
26,#8Y082R2GG,추카|RapZ ✶,0xffff9727,28000211,1249,27,Beyond Swift
27,#8JV08U8GR,NightMare❤️‍🔥,0xffcb5aff,28000280,1249,28,NHY E-SporTS
28,#GC0QYRJ0P,лИгИндА😡👻,0xff1ba5f5,28000000,1249,29,
29,#22PJGVJYJ,히치Luxito🥀,0xffffffff,28000321,1249,30,No Mercy
30,#YGQYGCR,Portox😡,0xff1ba5f5,28000191,1249,31,Blue Label
31,#20VVC8LU2,Cryzz❦︎,0xffffffff,28000108,1249,32,
32,#PC9LPPYV,Nico❤️Heys,0xff1ba5f5,28000196,1249,33,No Mercy
33,#2UYJV98J2,all 1500🏆,0xffffffff,28000000,1249,34,
34,#2Y2Y99GQR,VizeZ,0xffffffff,28000230,1249,35,Ex0tic-E-Sport
35,#8LQQCCPRG,MyS|Efim👾,0xffa8e132,28000101,1237,36,Quant ESports🐾
36,#2J2PJ0UV,ikarosita,0xffa8e132,28000136,1225,37,Humble Grinders
37,#CJP08CU0,Uriel,0xffffffff,28000135,1218,38,Brawl King's
38,#8CVCJVVV9,Եթ Շαɱเℓα ☆*❥⃝*,0xffff9727,28000302,1207,39,★the Players★
39,#JPGRR9UV,Bowserr🥷被,0xff1ba5f5,28000206,1204,40,Brawl King's
40,#RVLQ0VUR,风暴|kerem🎃,0xffff9727,28000257,1204,41,ᴅᴀɪʟʏ
41,#QRUQQLV0,Code: Nukleo,0xffa8e132,28000186,1204,42,LA Instinct
42,#2P088J29C,Matt,0xffff8afb,28000333,1203,43,<c5>Just Us</c>
43,#2098RP8RJ,crayola,0xffff8afb,28000224,1203,44,amphibianman
44,#900GUJCUG,YeJi❤️,0xffff8afb,28000267,1203,45,Batgang
45,#GRLUYG0R,NiceShøt 🌓,0xffcb5aff,28000347,1202,46,Ex0tic-E-Sport
46,#8URCLRY8,球隊|RoUND🌠,0xfff9c908,28000061,1201,47,My social media
47,#2CRRRRYJR,моё,0xfff9c908,28000213,1201,48,✌️✌️✌️
48,#QRU0L0U,🐬ꜱᴏᴋʀᴀᴍ 🜲,0xff1ba5f5,28000201,1200,49,CONEXIÓN
49,#YLV8CL0R,Astaaaa❤️‍🔥😈,0xff4ddba2,28000347,1199,50,Tribe Turkey
50,#2Q8L022Y8,🌈Ш|K1lka☔,0xffcb5aff,28000054,1199,51,⭐Star Gang⭐
51,#8YQV9UPRL,AvalSElguu🌫️,0xffffffff,28000331,1199,52,MEGATROLL
52,#8UGJ82UL2,AoC|Alex🌷,0xff4ddba2,28000310,1199,53,octos
53,#22Q0CCRYP,Carry,0xffa8e132,28000024,1199,54,<c5>Just Us</c>
54,#20P2GP99,Ducky🐝,0xffa8e132,28000136,1199,55,NA Friends
55,#299PPJ22L,[MMA]nagibatori,0xffa2e3fe,28000235,1199,56,Showdown💔Kings
56,#8LQ9JR82,Code: Eqwaak,0xfff9c908,28000004,1199,57,A Few Good Men
57,#80J80JC92,AT | Mr Ice ❄,0xff1ba5f5,28000168,1187,58,Brawl King's
58,#90R9Q2UP,@stardragonOP,0xffff9727,28000209,1173,59,SpenLC Youtube
59,#VCPJQQ,Jealous🤍Y,0xffffce89,28000196,1156,60,люблю даню<3💓
60,#990GU8JU0,KoStikerz軽,0xffcb5aff,28000346,1153,61,Talents
61,#9J2JLUR8G,Aspect 🃏,0xffffffff,28000304,1152,62,7 Dwarves
62,#220PGLU02,家|𝑴𝒆𝒎𝒆𝒏ϟ,0xffa8e132,28000163,1152,63,You and me 💜
63,#PLPV828LP,げち｢ちゅおいもん💛｣,0xffffce89,28000208,1151,64,Relax❦
64,#88RGGCVQJ,My heart in AUS,0xff4ddba2,28000092,1150,65,ハナクソタケシ
65,#PP8GYPRGP,WhyTrttt?,0xffffffff,28000212,1150,66,
66,#VUQV0ULV,𝓚𝔂𝔀𝔂,0xffcb5aff,28000031,1150,67,Beyond Fresh
67,#PRVRG99QC,alekzz愛,0xffffffff,28000139,1149,68,Affective.
68,#VPCR282G,Flap❀,0xfff9c908,28000188,1149,69,RealDutch
69,#2RR2JYYLP,Lone•D•Crissz🥱,0xffffffff,28000254,1149,70,Kings ladder
70,#UYCUR9C8,only deluin vw,0xfff9c908,28000058,1149,71,AFGM GENESIS
71,#20VVJRU8V,❦𝙾𝚞𝚝.𝚓𝚁❦,0xffcb5aff,28000010,1149,72,Swift<c5>NA</c>
72,#QUYCVC2,STMN | sans,0xffa8e132,28000136,1144,73,STMN Esports
73,#8LC808G,Tuyu,0xff1ba5f5,28000349,1142,74,@Tuyu_Official
74,#JGCCGY80,prostislavv,0xffff9727,28000042,1135,75,BOBR gaming
75,#2UJQQ0YL,TOC,0xfff9c908,28000212,1130,76,anyway🤷🏻‍♂️
76,#9P2CUYJ8P,Scared,0xff4ddba2,28000167,1127,77,
77,#RRVVPG2Y,Brosta卡拉,0xff1ba5f5,28000206,1125,78,vMoove
78,#2PC29VJP0,feyen✞,0xffffffff,28000000,1117,79,Real Ones
79,#PR9U2JL,Juan Carlos,0xffffffff,28000119,1112,80,Humble Grinders
80,#9VU9R2LY,Terry!,0xffffffff,28000081,1110,81,✌️✌️✌️
81,#CPPV2PQG,MeliodasBot🐐,0xffa8e132,28000006,1109,82,No Mercy
82,#89JUJUVYL,𝓓𝓸𝓻𝓪👻🐉,0xfff9c908,28000020,1108,83,❅︎Merryの家𓍄𓂃𓈒
83,#J8UR8002,SKC | Prozy,0xffa8e132,28000029,1107,84,Emi's bar 🍻
84,#L2U888JJP,squeeze ❤️🔥,0xffffce89,28000135,1106,85,KingdomRush
85,#9VP2R0P9,ToxicZan,0xff1ba5f5,28000352,1104,86,Real Ones
86,#2RQGVLRVG,₹GuilleX,0xffff8afb,28000036,1104,87,No Mercy
87,#2PLVJ0GLV,Sniper🐙,0xffff9727,28000244,1104,88,Brawl Kings
88,#8UYQRLQQV,Cwowお,0xffa8e132,28000331,1104,89,InTeamRasur
89,#R2R2JV9C,S4W|Aste❤️‍🔥,0xffff8afb,28000214,1104,90,Spain4Win
90,#8J8U8L9YG,VN|A🤍,0xffff8afb,28000317,1104,91,<c5>Just Us</c>
91,#YVG2LJG,SN|scattered,0xff1ba5f5,28000285,1104,92,Talents
92,#LR08G9C8,BC*| Kubaba♡,0xffff8afb,28000008,1104,93,BC*|Family*
93,#Y22RU8YQ2,Seis,0xffcb5aff,28000159,1104,94,Brawl King's
94,#RL098Q0Y,ChineseName,0xfff9c908,28000216,1104,95,Clubs Suck
95,#YPP02G9L,Mxrf 🐝,0xff1ba5f5,28000291,1104,96,Beyond Washed
96,#82GPP9LQ,BC*| Tobi🍉,0xff1ba5f5,28000303,1103,97,BC*|Family*
97,#2YCR9RLCJ,Tris🍃,0xffcb5aff,28000095,1103,98,
98,#80UQP9UYR,え𝚟𝚎𝚗𝚘𝚡ツ,0xffffffff,28000139,1103,99,No Mercy
99,#Y9LYC98PG,LMD🍋Aimer,0xffffffff,28000265,1103,100,たつきすねげ
100,#2JY989R0R,Queen,0xffffffff,28000207,1103,101,k ttc
101,#280RJ92JC,ExP |BloocK,0xfff9c908,28000242,1103,102,CONEXIÓN
102,#QR2GC8V,BKB|❄IC£CRØW❄,0xfff9c908,28000348,1103,103,Tribe Turkey
103,#PGY9ULY,PollitoMan,0xffffffff,28000348,1102,104,7 Dwarves
104,#LRJ9YYQL,☞Տӈᴀ⚜ᴅᴏΧ๛,0xffffce89,28000014,1102,105,CONEXIÓN
105,#9UG08PQUY,xSkywalker🦋ま,0xff1ba5f5,28000135,1102,106,Quant ESports🐾
106,#GRCYVRJG,Edgar🤍æ,0xffff9727,28000176,1102,107,7 Dwarves
107,#9Q8LP2Y09,Lag,0xff1ba5f5,28000044,1102,108,Dredd
108,#8GVRY2Y0C,Dep100r,0xff1ba5f5,28000347,1102,109,Revaible 💗
109,#QGLCPJ2J,Ansel,0xff1ba5f5,28000014,1102,110,CHEESEFOREVAR
110,#CGQCYJGY,TTV | SnakeThug,0xfff9c908,28000341,1102,111,Deadly Vipers🐍
111,#QR90UY9L,Lipe❤️Pandora,0xffff9727,28000203,1102,112,Revenge Gaming
112,#VGQ0P2VU,Carry by Georg,0xffffffff,28000123,1102,113,A Few Good Men
113,#GV9GRLJJ,Counter,0xffff9727,28000265,1102,114,NA Friends
114,#989L0928Q,L1S|Sufiyan❦,0xff1ba5f5,28000033,1101,115,IMMORTAL SOULS
115,#CLCPQ2R,Agûstin ᴹᴰᴮ,0xffffffff,28000349,1101,116,Elite Saiyan🔱
116,#89JJV992Y,ZL|caldera,0xfff9775d,28000040,1101,117,めろんぱん食堂
117,#GVQUYG90,Shattered ⟡,0xffffffff,28000000,1101,118,7 Dwarves
118,#90RQYP98U,♡•bestie•♡🧸,0xffa2e3fe,28000221,1101,119,7 Dwarves
119,#9GVGY29QC,Human核能,0xff1ba5f5,28000272,1101,120,Tribe Turkey
120,#2JYGUYUG,AAMIR LORD,0xffffffff,28000207,1101,121,CHEESEFOREVAR
121,#PUYRY99J,SEA|kumachi♪god,0xfff05637,28000294,1101,122,gloria🎈
122,#2L80JP00L,Hillen,0xffff8afb,28000335,1101,123,Ex0tic-E-Sport
123,#YGR92L92,Bøbuś😈,0xff1ba5f5,28000282,1101,124,ŚrednioNaPsa
124,#JV2L02VV,SíJaauaq,0xffff8afb,28000303,1101,125,
125,#298JUYR29,Chase-Itz,0xffcb5aff,28000156,1100,126,Beyond Kratos
126,#Y0VPJ89Q,Ｓㄚ 么 乙 ツ,0xffffce89,28000237,1100,127,Quant ESports🐾
127,#8Q80P982R,𝐍𝐓|𝐀𝐚𝐫𝐮,0xffffce89,28000303,1100,128,✌️✌️✌️
128,#29L028GQL,Djahsta,0xffff9727,28000306,1100,129,BC*|Family*
129,#YQLY9CYVY,nath,0xff1ba5f5,28000228,1100,130,vMoove
130,#20CQLYP2C,TBEjason,0xffff8afb,28000336,1100,131,Brawl King's
131,#82PQUPGU0,Ryohei🐬,0xff1ba5f5,28000240,1100,132,数え役満🀄️
132,#RRQQJPG2,Rabbithop,0xff1ba5f5,28000349,1100,133,we love rabbits
133,#GU898VQ,Levi,0xffcb5aff,28000014,1100,134,Brawl King's
134,#PQPR2GQGJ,MatCha✈️,0xffcb5aff,28000014,1100,135,HK瘋
135,#2RG0LV02,STMN | Scofield,0xff4ddba2,28000136,1100,136,vMoove
136,#GJ9PLGPL,ReSn|Snake🐍,0xff4ddba2,28000101,1100,137,Lose?
137,#UVVULJUQ,AG |Luis Miguel,0xfff05637,28000290,1100,138,LitheX🐢
138,#8GUPLYY,FG | Jene,0xffff8afb,28000135,1100,139,clover
139,#99YL0PV9V,𝐍𝐓|𝐋𝐮𝐢𝐬𝐮,0xffffce89,28000349,1100,140,✌️✌️✌️
140,#29Q0GJR,Gene♆,0xff1ba5f5,28000122,1099,141,Real Ones
141,#8CVGJY8RP,あみやき亭0号店,0xffffffff,28000110,1099,142,焼き肉行こうぜ
142,#20JYLU8JU,でんじゃらすトミーさん邪！♨️,0xffff8afb,28000320,1099,143,オーシャンズビュー
143,#GG8RL2CP,Kevin❤️‍🔥,0xffffffff,28000135,1099,144,……
144,#CUUCQRQ9,A-B-N-SYRIA,0xff1ba5f5,28000168,1099,145,BC*|Family*
145,#8VJUYGUYR,女|Spike,0xffffffff,28000139,1099,146,Invincible
146,#92L2GYQUQ,krolikk💖tans👅,0xff4ddba2,28000140,1099,147,HolyPower
147,#QRLRPR2,Tenshi 🍥,0xffffffff,28000348,1099,148,BarbaFantastico
148,#YCGG2UQC,♡Larisa.,0xffcb5aff,28000018,1099,149,RoStars Academy
149,#8CRC9QUY9,팀원 버스타는Daye🤱,0xfff9c908,28000124,1099,150,<c1>BBOBBY</c>
150,#9RVVL2LP2,Dromi🤍メートル,0xffffffff,28000303,1099,151,RCN|Esports X
151,#8JL2RYYVY,⚜️СоБаКа МоТя⚜️,0xffff9727,28000059,1099,152,LEGION🎴LEGEND
152,#82VQ08J0V,違|Syth.,0xffffffff,28000284,1099,153,RoStars Academy
153,#808YCJQ0,Shafin,0xffffce89,28000339,1099,154,Mini Me’s
154,#2J29C0C0Q,火|Ja͢͢͢y💛,0xfff9775d,28000170,1099,155,RealDutch
155,#CG0YQP2C,Bavioツんﾌﾒ,0xffffffff,28000014,1099,156,Arab Empire
156,#90YGQVCV,Jonas🤭,0xff1ba5f5,28000167,1099,157,Cuties🤭
157,#8089VYY,•Kāfāøtıs⁴🍣,0xffcb5aff,28000201,1099,158,GoatLife
158,#802VG829,LuRkz🩵Sq,0xffff8afb,28000014,1095,159,Demise 🥀
159,#VJGP2LGQ,TypicalSebasツ,0xffffffff,28000325,1093,160,Unity Elite
160,#G99CYGL,𝒁𝒂𝒊𝒌𝒐❄️,0xff4ddba2,28000194,1092,161,ChillOG
161,#2LGRP0UUG,Hawks🎴,0xffa8e132,28000136,1091,162,7 Dwarves
162,#29UGLJV2G,Lёvi,0xfff9c908,28000244,1090,163,✌️✌️✌️
163,#98RV0YRL,dudus,0xffa8e132,28000044,1089,164,✌️✌️✌️
164,#GVR2Y2GC,ャ-ßɾɏαɳ🍁,0xffcb5aff,28000273,1088,165,ÑañisLovers
165,#QGG2UUV0,P4S|Kurumi,0xffcb5aff,28000014,1086,166,Real Ones
166,#P0Y9VPGLY,Sky ˡᵒᵛᵉʸᵒᵘ,0xffffffff,28000003,1085,167,
167,#L0PQLCLY,기롱❦(卯),0xffffce89,28000247,1084,168,<c1>BBOBBY</c>
168,#CLGU92QJ,Zay Dullan,0xffffffff,28000007,1083,169,
169,#88QCRPLJV,Togi☁️,0xffff8afb,28000303,1082,170,7 Dwarves
170,#2QPJQ8QRQ,bagi,0xff1ba5f5,28000335,1082,171,Brawl King's
171,#CJV2PJ0R,SK | Yoshi,0xffcb5aff,28000135,1081,172,Yoshi Fans
172,#29JJCQULC,BC* |Crusher🍉,0xfff05637,28000175,1081,173,The rise
173,#LUP0QRC8,L1S|D4NTE❦,0xffff9727,28000129,1078,174,Mini Me’s
174,#2PG00PG02,Jooja💜Ryo,0xff4ddba2,28000136,1077,175,
175,#C2CULQP0,❤️‍🔥Mazoex♛,0xff1ba5f5,28000314,1077,176,VV eSport
176,#JRU9882V,Магiiо🎈,0xffffffff,28000058,1077,177,TT: niiil_06
177,#2L0G9RVQ9,CODE : YOUYOU,0xfff9c908,28000186,1077,178,Radiance
178,#2UGYQURUG,HeGs:)🇹🇷❤️‍🔥,0xffcb5aff,28000018,1073,179,NHY E-SporTS
179,#800Y9R9UP,Lexaaa 🩵,0xff1ba5f5,28000229,1069,180,Brawl Kings
180,#2YR9PPYUY,A1AL|DzonDzon🍌,0xffcb5aff,28000073,1068,181,Golden Legion
181,#9UCUJ29C,king faheem,0xff1ba5f5,28000046,1062,182,The Revengers
182,#Y29V28JYJ,ナイフを持った天使,0xfff9c908,28000014,1060,183,Brawl King's
183,#VJUQ0Y,LG | Chino,0xff1ba5f5,28000322,1059,184,Havoc Echo
184,#2LP9RCGV,Massiel Sprou🍒,0xffff8afb,28000150,1059,185,Guerreritos
185,#9P98UCUV,Eydan,0xffff8afb,28000247,1058,186,Beyond Champs
186,#GV00QCYL,ɆⱠĐł₦™×͜×,0xfff9c908,28000019,1055,187,🧀MUSSARELOS✨
187,#C89LLQL2,小秦,0xffa8e132,28000339,1055,188,
188,#9LYQR9QC,Stas.,0xffff8afb,28000321,1054,189,Affective.
189,#UUYCRQ82,Princesito,0xfff9c908,28000340,1053,190,Brawl King's
190,#90QUCPP8J,Neptun🦋🤍,0xffff8afb,28000164,1053,191,
191,#JRYLGVYV,QLS|Glory™️,0xffff9727,28000132,1053,192,Ex0tic-E-Sport
192,#LUUYG8L88,のこっち「おなかすいたよ🍭」,0xffffffff,28000135,1053,193,
193,#CUJQRCQJ,PineappleZ,0xfff9c908,28000230,1053,194,<c5>Just Us</c>
194,#2RP0U2CUV,BERAT❤️ELA,0xfff05637,28000244,1052,195,₮Ɽ₩`eSports
195,#20YJ9PLLV,ま|Shadows • 💫,0xffffffff,28000041,1052,196,what happened
196,#LGC2LP08Y,xandeerror,0xffcb5aff,28000321,1052,197,AFGMela
197,#L99892JJ,要|мeɢα♕❤️‍🔥,0xfff05637,28000349,1052,198,BC*|Family*
198,#90LPVYVUP,Yusuf♛,0xffffffff,28000112,1052,199,SALDİM
199,#22L9CQQLP,Deus ex machina,0xffff9727,28000222,1051,200,백화
