,tag,name,nameColor,icon,trophies,rank,club
0,#VL0GPPJV,Physic Gear 5,0xfff9c908,28000014,1500,1,Eclipse 🌖
1,#VLQPVPY,Naz❤️Hyra,0xffff8afb,28000303,1402,2,Fenernazçe 💙💛
2,#2PGGR8Y9P,Asuna Yuuki,0xff1ba5f5,28000201,1378,3,Follow?
3,#8GV2CP2J8,☔ZORLU☔,0xffcb5aff,28000003,1303,4,<c0>ＬＯＮＥＬＹ★</c>
4,#JQVQYVY,Code: VTzim 🌑,0xffff8afb,28000339,1302,5,Eclipse 🌖
5,#92VJ8VQUP,🔥an_hayp🔥,0xfff05637,28000047,1252,6,
6,#9U0G8JPU2,mir,0xfff9775d,28000232,1252,7,Talents
7,#8PJRRG2C,SK|GuilleVGX,0xffa8e132,28000099,1251,8,CONEXIÓN
8,#QRUQQLV0,Code: Nukleo,0xffa8e132,28000186,1251,9,LA Instinct
9,#JV2L02VV,SíJaauaq,0xffff8afb,28000303,1251,10,
10,#PYPQUG80,Zava💞Sunfote,0xffff9727,28000195,1251,11,Showdown💔Kings
11,#QR2GC8V,BKB|❄IC£CRØW❄,0xfff9c908,28000348,1251,12,Tribe Turkey
12,#VYGVV08Q,🍅domates,0xffffffff,28000261,1251,13,
13,#P9UVCQ2U2,Amazing,0xffff8afb,28000337,1250,14,help ranks
14,#9L09YYQ8L,⛩️Panda G.m⛩️,0xffcb5aff,28000330,1250,15,HolyGuns
15,#QUYCVC2,STMN | sans,0xffa8e132,28000136,1250,16,STMN Esports
16,#89JJV992Y,ZL|caldera,0xfff9775d,28000040,1249,17,めろんぱん食堂
17,#9VU9R2LY,Terry!,0xffffffff,28000081,1249,18,✌️✌️✌️
18,#YGQYGCR,Portox😡,0xff1ba5f5,28000191,1249,19,Blue Label
19,#R2LR2QLG,NOUN | Mohtep,0xffffffff,28000243,1249,20,A Few Good Men
20,#RC8GU2G,Ascend-.-,0xffcb5aff,28000014,1249,21,Havoc Echo
21,#2UYJV98J2,all 1500🏆,0xffffffff,28000000,1249,22,
22,#2JURUJG29,🀄|Đavid™️,0xffff9727,28000234,1249,23,Tribe Israel
23,#Y0GLYCYVY,Maho❤️🔥,0xff1ba5f5,28000129,1249,24,<c0>ＬＯＮＥＬＹ★</c>
24,#GRRGLVVJV,Bleaff🍁,0xffff8afb,28000321,1230,25,
25,#PLUGLRG28,4SV_MaSTeP,0xffffffff,28000233,1219,26,Quant ESports🐾
26,#PC9LPPYV,Nico❤️Heys,0xff1ba5f5,28000196,1205,27,No Mercy
27,#LRLGLP9GJ,『weakness🌪』,0xffff8afb,28000256,1204,28,Revaible 💗
28,#PR9U2JL,Juan Carlos,0xffffffff,28000119,1202,29,Humble Grinders
29,#28CVQGURJ,kxrtofvl,0xffffffff,28000061,1201,30,UNDERDOG 🇵🇱
30,#UYUUQQ8Q,대왕❦(光),0xffcb5aff,28000115,1200,31,<c1>BBOBBY</c>
31,#PGY9ULY,PollitoMan,0xffffffff,28000348,1199,32,7 Dwarves
32,#2PU8G0UJR,么A̷𝖗𝖈𝖏𝟕☘,0xff1ba5f5,28000322,1199,33,The Revengers
33,#P99QGPLU2,Davex,0xffffce89,28000129,1199,34,Brawl King's
34,#29L028GQL,Djahsta,0xffff9727,28000306,1199,35,BC*|Family*
35,#20P2GP99,Ducky🐝,0xffa8e132,28000136,1199,36,NA Friends
36,#QL9G8JR8C,KY,0xfff9c908,28000267,1199,37,<c5>ぽんみちょった</c>
37,#GRVL8ULV,陰|SuperLab ☯︎,0xff1ba5f5,28000141,1199,38,7 Dwarves
38,#JGCCGY80,prostislavv,0xffff9727,28000042,1199,39,BOBR gaming
39,#8LQ9JR82,Code: Eqwaak,0xfff9c908,28000004,1199,40,A Few Good Men
40,#GCV8YCVL,🌨️•Killer•恆,0xfff9c908,28000347,1199,41,Chapulines 🦗
41,#GVQUYG90,Shattered ⟡,0xffffffff,28000000,1191,42,7 Dwarves
42,#8R99PJ890,xSkylasz•,0xffff9727,28000321,1188,43,Vitality
43,#8URCLRY8,球隊|RoUND🌠,0xfff9c908,28000061,1187,44,My social media
44,#9J2JLUR8G,Aspect 🃏,0xffffffff,28000304,1185,45,7 Dwarves
45,#989L0928Q,L1S|Sufiyan❦,0xff1ba5f5,28000033,1168,46,IMMORTAL SOULS
46,#2P088J29C,Matt,0xffff8afb,28000333,1159,47,<c5>Just Us</c>
47,#VCPJQQ,Jealous🤍Y,0xffffce89,28000196,1158,48,люблю даню<3💓
48,#PLQ0QRVQL,FMG | Flashᴷⁱⁿᴳ,0xffffffff,28000139,1158,49,ZETA|DIVISION'S
49,#809ULJU2,KLIMtm,0xffffffff,28000151,1153,50,take a break.
50,#V2Q080UU,Valembeau💜,0xffcb5aff,28000035,1153,51,A Few Clown Men
51,#GRCYVRJG,Edgar🤍æ,0xffff9727,28000176,1153,52,7 Dwarves
52,#220PGLU02,家|𝑴𝒆𝒎𝒆𝒏ϟ,0xffa8e132,28000163,1152,53,You and me 💜
53,#8Y98Q8U,CR | Sitetampo,0xffff8afb,28000014,1149,54,A Few Good Men
54,#GL8G898VC,~ahmaa💘,0xff1ba5f5,28000000,1149,55,I love you so🤍
55,#J99YU9QY,KuruNero🐬,0xff1ba5f5,28000264,1149,56,Cipher Pol
56,#8JU9GVVJJ,Marko Pintarič,0xff1ba5f5,28000140,1149,57,100k
57,#2VLVPGQYQ,KAIRON,0xffffffff,28000010,1149,58,Watch This
58,#2L80JP00L,Hillen,0xffff8afb,28000335,1149,59,Ex0tic-E-Sport
59,#98VPYCJQP,사랑⋆Caleb🍵,0xff1ba5f5,28000018,1149,60,Tribe Gaming NA
60,#2Q028GQQP,MTM | Zeus,0xfff9c908,28000018,1145,61,NA Friends
61,#QJ0PRJCU,retired getsent,0xff4ddba2,28000010,1144,62,Beyond Swift
62,#CPPV2PQG,MeliodasBot🐐,0xffa8e132,28000006,1135,63,No Mercy
63,#2082JRYUV,GooD•G,0xffcb5aff,28000033,1133,64,<c5>Just Us</c>
64,#G99CYGL,𝒁𝒂𝒊𝒌𝒐❄️,0xff4ddba2,28000194,1118,65,ChillOG
65,#8LYQPLP29,🖤MKZ🖤,0xffffffff,28000032,1116,66,ᴅᴀɪʟʏ
66,#GJR0Q9099,Ed1l𝕨𝕖𝕚𝕤𝕤,0xffcb5aff,28000352,1114,67,
67,#JGUYRYQ,Nathan🩵,0xffff8afb,28000041,1110,68,NA Friends
68,#P0GCYJY20,ＮＴ| ᴹᵃʲᵒʳ❃,0xffcb5aff,28000198,1105,69,HolyPower
69,#90RQYP98U,♡•bestie•♡🧸,0xffa2e3fe,28000221,1105,70,7 Dwarves
70,#9YY2UU09,𝓐𝓼𝓱𝔀𝓲𝓷𝓼,0xff4ddba2,28000263,1105,71,Celestyn
71,#9UG08PQUY,xSkywalker🦋ま,0xff1ba5f5,28000135,1105,72,Quant ESports🐾
72,#YRJUL0GG,BOH|Wolf❤️Diego,0xff4ddba2,28000349,1105,73,Unión Soviética
73,#YPGUYYLJ,Mad Gamer,0xffffce89,28000347,1104,74,BC*|Family*
74,#RRVVPG2Y,Brosta卡拉,0xff1ba5f5,28000206,1104,75,vMoove
75,#8YQV9UPRL,AvalSElguu🌫️,0xffffffff,28000331,1104,76,MEGATROLL
76,#2RL8LGV9Q,🐼iBearQu❦︎,0xfff05637,28000352,1104,77,High Quality
77,#209G0UUGY,Ylli🐬,0xffff8afb,28000321,1104,78,Tribe Gaming NA
78,#P8RQ90UY9,FMG | Vitorᴷⁱⁿᴳ,0xffffce89,28000349,1104,79,Ex0tic-E-Sport
79,#ULCPJJ8,Kat 🍄,0xffcb5aff,28000003,1104,80,Real Ones
80,#9YYUPGJ2V,Nerf⁷💯,0xffff9727,28000121,1104,81,Havoc Echo
81,#9U0P9CYJJ,Venom🕊️,0xffcb5aff,28000328,1104,82,Real Ones
82,#CGQCYJGY,TTV | SnakeThug,0xfff9c908,28000341,1104,83,Deadly Vipers🐍
83,#80UQP9UYR,え𝚟𝚎𝚗𝚘𝚡ツ,0xffffffff,28000139,1104,84,No Mercy
84,#280RJ92JC,ExP |BloocK,0xfff9c908,28000242,1104,85,CONEXIÓN
85,#RL098Q0Y,ChineseName,0xfff9c908,28000216,1104,86,Clubs Suck
86,#LLQ8GY8,𝐓𝐡𝐨𝐧𝐲会,0xfff9c908,28000334,1104,87,BC*|Family*
87,#LYR0Q9C,TRB | Zoulan,0xff1ba5f5,28000138,1104,88,Tribe Gaming NA
88,#GV9GRLJJ,Counter,0xffff9727,28000265,1104,89,NA Friends
89,#YLV8CL0R,Astaaaa❤️‍🔥😈,0xff4ddba2,28000347,1103,90,Tribe Turkey
90,#9VP2R0P9,ToxicZan,0xff1ba5f5,28000352,1103,91,Real Ones
91,#802VG829,LuRkz🩵Sq,0xffff8afb,28000014,1103,92,Demise 🥀
92,#PP8URGQL8,J. Álvarez ⁹🕷️,0xff1ba5f5,28000139,1103,93,Emi's bar 🍻
93,#P9YCRRRVL,Zelephh,0xff1ba5f5,28000123,1103,94,Brawl Kings
94,#9GVGY29QC,Human核能,0xff1ba5f5,28000272,1103,95,Tribe Turkey
95,#82PQUPGU0,Ryohei🐬,0xff1ba5f5,28000240,1103,96,数え役満🀄️
96,#22PJGVJYJ,히치Luxito🥀,0xffffffff,28000321,1103,97,No Mercy
97,#UVVULJUQ,AG |Luis Miguel,0xfff05637,28000290,1103,98,LitheX🐢
98,#YUGUVGYL,edson v2 🪐,0xffcb5aff,28000176,1103,99,You and me 💜
99,#9G0CJPJPY,Taha♛,0xffcb5aff,28000170,1102,100,GOOD BYE TAHA
100,#20QUGCVQ9,Mirrox 🐺,0xffffffff,28000345,1102,101,HolyPower
101,#8UYQRLQQV,Cwowお,0xffa8e132,28000331,1102,102,InTeamRasur
102,#R2R2JV9C,S4W|Aste❤️‍🔥,0xffff8afb,28000214,1102,103,Spain4Win
103,#9P2CUYJ8P,Scared,0xff4ddba2,28000167,1102,104,
104,#20CQLYP2C,TBEjason,0xffff8afb,28000336,1102,105,Brawl King's
105,#90V9VYJ8C,しょうけい,0xfff05637,28000242,1102,106,なかよし部
106,#8GULV80RP,wortekz,0xfff9c908,28000345,1102,107,Brawl King's
107,#2JY989R0R,Queen,0xffffffff,28000207,1102,108,k ttc
108,#GRLUYG0R,NiceShøt 🌓,0xffcb5aff,28000347,1102,109,Ex0tic-E-Sport
109,#8GUPLYY,FG | Jene,0xffff8afb,28000135,1102,110,clover
110,#9P98UCUV,Eydan,0xffff8afb,28000247,1102,111,Beyond Champs
111,#99YL0PV9V,𝐍𝐓|𝐋𝐮𝐢𝐬𝐮,0xffffce89,28000349,1102,112,✌️✌️✌️
112,#PQ28JP0P,亲Jσтα,0xffff9727,28000175,1101,113,7 Dwarves
113,#298JUYR29,Chase-Itz,0xffcb5aff,28000156,1101,114,Beyond Kratos
114,#8Q80P982R,𝐍𝐓|𝐀𝐚𝐫𝐮,0xffffce89,28000303,1101,115,✌️✌️✌️
115,#8UGJ82UL2,AoC|Alex🌷,0xff4ddba2,28000310,1101,116,octos
116,#2PLVJ0GLV,Sniper🐙,0xffff9727,28000244,1101,117,Brawl Kings
117,#J8UR8002,SKC | Prozy,0xffa8e132,28000029,1101,118,Emi's bar 🍻
118,#YQ9JVYV,ToniMxf.💘,0xffcb5aff,28000272,1101,119,ChillOG
119,#CJP08CU0,Uriel,0xffffffff,28000135,1101,120,Brawl King's
120,#2YCR9RLCJ,Tris🍃,0xffcb5aff,28000095,1101,121,
121,#28PP0C82J,YAIⓂMA_Return❕,0xffcb5aff,28000164,1101,122,<c1>BBOBBY</c>
122,#8LC808G,Tuyu,0xff1ba5f5,28000349,1101,123,@Tuyu_Official
123,#88RGGCVQJ,My heart in AUS,0xff4ddba2,28000092,1100,124,ハナクソタケシ
124,#82GPP9LQ,BC*| Tobi🍉,0xff1ba5f5,28000303,1100,125,BC*|Family*
125,#PYGR8CPJ2,〆ϻɪs͢τɪӄ🩸,0xfff9c908,28000018,1100,126,Spain4Win
126,#YRURQRPUR,Skibidi Chipz,0xff1ba5f5,28000018,1100,127,Talents
127,#22Q0J0P2P,LUCKRASS,0xffa8e132,28000210,1100,128,BC*|Family*
128,#8QY2Y80CG,godikk❤️‍🔥,0xffcb5aff,28000014,1100,129,Ex0tic-E-Sport
129,#2JGVVPY,Nobody 🕊,0xffff8afb,28000006,1100,130,NA Friends
130,#2P2URUV8G,Foncho,0xffcb5aff,28000209,1100,131,Dragon Chileno
131,#GJ9PLGPL,ReSn|Snake🐍,0xff4ddba2,28000101,1100,132,Lose?
132,#90JCCGPGL,Georgeッ,0xffff8afb,28000081,1100,133,AFGM GENESIS
133,#CLCPQ2R,Agûstin ᴹᴰᴮ,0xffffffff,28000349,1099,134,Elite Saiyan🔱
134,#YQUQUUG,Ferlol,0xff1ba5f5,28000294,1099,135,minuta:3
135,#22RLC0JU0,YT | BALA🍬,0xff1ba5f5,28000166,1099,136,WOLVES HUNGRY
136,#20JYLU8JU,でんじゃらすトミーさん邪！♨️,0xffff8afb,28000320,1099,137,オーシャンズビュー
137,#GG8RL2CP,Kevin❤️‍🔥,0xffffffff,28000135,1099,138,……
138,#PPG8C2P2,Zimon,0xffffffff,28000184,1099,139,<c5>Just Us</c>
139,#GG9GC002,DE |MASTER,0xff1ba5f5,28000225,1099,140,Türk Milleti
140,#8PP8UGCL0,♠️💜Emerson💜♠️,0xffa8e132,28000333,1099,141,WOLFMX
141,#2GV09VJJP,Fire Murilø:D,0xffa2e3fe,28000267,1099,142,Elite Saiyan🔱
142,#88QLCPVR0,🎀 TM Summer 🎀,0xff4ddba2,28000147,1099,143,Mystic Magic
143,#9YP00CQPV,Aspect ↯,0xff1ba5f5,28000080,1099,144,
144,#8UQY02U29,少年A,0xffffce89,28000071,1099,145,小野ハゲを助け隊
145,#UP29Q9C9,.Chūky.,0xffff9727,28000350,1099,146,Aubs Crew
146,#2RG0LV02,STMN | Scofield,0xff4ddba2,28000136,1099,147,vMoove
147,#8PJ8Y8Y,uncivil :p,0xff1ba5f5,28000322,1099,148,Elite Saiyan🔱
148,#2L892GP,YAPIMARU_YT,0xffffffff,28000186,1099,149,Cipher Pol
149,#2YR9PPYUY,A1AL|DzonDzon🍌,0xffcb5aff,28000073,1099,150,Golden Legion
150,#8QJU2CCY,Fearless,0xffff9727,28000017,1099,151,WOLFMX
151,#9PY9V2UG2,TM|Bax✨,0xffffffff,28000196,1099,152,Eternal Esports
152,#8CJJCUY,Awa De Piña ツ,0xffa2e3fe,28000046,1099,153,WOLFMX
153,#CG0YQP2C,Bavioツんﾌﾒ,0xffffffff,28000014,1099,154,Arab Empire
154,#QGG2UUV0,P4S|Kurumi,0xffcb5aff,28000014,1097,155,Real Ones
155,#88QCRPLJV,Togi☁️,0xffff8afb,28000303,1096,156,7 Dwarves
156,#22VCCL88G,🌪️ʜᴜʀʀɪᴄᴀɴᴀ🌪️,0xffcb5aff,28000302,1096,157,Hurricana gang
157,#Y0UL8VPG,meli :p,0xffff9727,28000095,1093,158,No Mercy
158,#2098RP8RJ,crayola,0xffff8afb,28000224,1093,159,amphibianman
159,#G8P8J90J2,MeTa | duo♡van,0xffffffff,28000298,1092,160,оупи челики
160,#8089LRV2V,Kusarrf好😈,0xfff9c908,28000321,1088,161,Brawl King's
161,#22JGLCURJ,Mr. RadiuS,0xff4ddba2,28000280,1088,162,Süleyman YTB
162,#GVR2Y2GC,ャ-ßɾɏαɳ🍁,0xffcb5aff,28000273,1088,163,ÑañisLovers
163,#22YVJVY82,αиgєℓ _ℓιfє 🥀,0xfff9c908,28000341,1088,164,Deadly Vipers🐍
164,#2RQGVLRVG,₹GuilleX,0xffff8afb,28000036,1077,165,No Mercy
165,#PJGGV2Q80,LG | charlz,0xffff8afb,28000244,1077,166,Dog Walkers
166,#V9L9Y89R,Stealth🌴,0xffffffff,28000075,1076,167,Real Ones
167,#Q9YC0J0G9,Rusya🤍Bloodyハニ,0xfff9c908,28000004,1075,168,KingdomRush
168,#YPP02G9L,Mxrf 🐝,0xff1ba5f5,28000291,1072,169,Beyond Washed
169,#Y22RU8YQ2,Seis,0xffcb5aff,28000159,1065,170,Brawl King's
170,#Q000VYV,⭐️Μr_XροριχX⭐️,0xff4ddba2,28000234,1064,171,Unión Soviética
171,#808JYV089,본우❦(本),0xff1ba5f5,28000019,1061,172,홀릿군단
172,#J8YPGR,Twitch: Tobi,0xffcb5aff,28000000,1061,173,Brawl King's
173,#2PJJQV92,V3|Flamen🤍,0xffffce89,28000230,1061,174,CONEXIÓN
174,#808YCJQ0,Shafin,0xffffce89,28000339,1060,175,Mini Me’s
175,#LUGQ9UPC,guesti,0xfff9775d,28000018,1059,176,<c5>Just Us</c>
176,#9LVUC2PY,SK | OPE,0xffcb5aff,28000135,1059,177,Brawl Kings
177,#90R9Q2UP,@stardragonOP,0xffff9727,28000209,1059,178,SpenLC Youtube
178,#P9GRC09,히치Lucky🥀,0xffffffff,28000185,1056,179,No Mercy
179,#C282RY8C,Fiwlipp,0xffff8afb,28000014,1055,180,<c5>Just Us</c>
180,#82LRGLQ02,あ| 𝓕𝓪𝓱𝓪𝓓🥀,0xff1ba5f5,28000283,1055,181,OG Mute
181,#GCGYLL0G,ᴵᴬᴹᴷ͢͢͢ⁱʳᵃ,0xffffce89,28000054,1054,182,WOLFMX
182,#8J22RLLQG,🐉Son|Sasukeᴳᵒᵈ,0xfff05637,28000272,1054,183,GamePlay D
183,#82JYRV9RQ,BABADOOK,0xffcb5aff,28000112,1054,184,Импрессив
184,#PQPR2GQGJ,MatCha✈️,0xffcb5aff,28000014,1054,185,HK瘋
185,#LCCU9J2C,﷽ʆοʀɢɛ⅂Ο⅂❦ֆօʟօ,0xffcb5aff,28000014,1054,186,Showdown💔Kings
186,#2PUVRURC,square ʕ•ᴥ•ʔ,0xff1ba5f5,28000000,1054,187,Real Ones
187,#RLJ2299Y,cutiekai >.<,0xffcb5aff,28000112,1053,188,DeathWatch
188,#LRJ9YYQL,☞Տӈᴀ⚜ᴅᴏΧ๛,0xffffce89,28000014,1053,189,CONEXIÓN
189,#289YVRL0Y,ж Mєℓєє ж,0xff1ba5f5,28000004,1053,190,B T H Alfa
190,#9Q9C9JU0,Lavastoviglie™️,0xff1ba5f5,28000069,1053,191,F/A India
191,#90LPVYVUP,Yusuf♛,0xffffffff,28000112,1053,192,SALDİM
192,#2P08V02Q,⛩|žwřq🥀,0xff1ba5f5,28000134,1053,193,𝑶𝓜|𝓐𝑹𝑨𝑷🥀
193,#JJPY8Q0,LorenzoVGX,0xffa2e3fe,28000293,1052,194,AFGM GENESIS
194,#PGPUR0YG,Tal,0xffffce89,28000066,1052,195,OG Mute
195,#8YPU2Q9CP,valott🃏,0xfff9c908,28000023,1052,196,Venus
196,#9YCVC8RQL,Hahn🧸❤️‍🔥,0xffffce89,28000272,1051,197,Dog Walkers
197,#22992CG0G,元Leobardo™,0xffa8e132,28000129,1051,198,7 Dwarves
198,#PVYYPVRGP,Liam🤭,0xffffffff,28000259,1051,199,Cuties🤭
199,#L99892JJ,要|мeɢα♕❤️‍🔥,0xfff05637,28000349,1051,200,BC*|Family*
