,tag,name,nameColor,icon,trophies,rank,club
0,#2C9PLLUG8,Efecan|Apple♎🖤,0xffff8afb,28000321,1503,1,<c0>ＬＯＮＥＬＹ★</c>
1,#20L88L2J,FUT | LeNain,0xffff8afb,28000321,1502,2,A Few Good Men
2,#2Q9PYVQLP,HelloWorld,0xffff8afb,28000096,1499,3,
3,#JQVQYVY,Code: VTzim 🌑,0xffff8afb,28000339,1499,4,Eclipse 🌖
4,#JV2L02VV,SíJaauaq,0xffff8afb,28000303,1453,5,
5,#8RU298020,𝐊𝐚𝐝𝐲 💘,0xffff8afb,28000333,1449,6,Gg|My Clan🥀🖤
6,#VL0GPPJV,Physic Gear 5,0xfff9c908,28000014,1400,7,Eclipse 🌖
7,#VLQPVPY,Naz❤️Hyra,0xffff8afb,28000303,1378,8,Fenernazçe 💙💛
8,#YY9PPLQL9,Yume𓅦,0xff4ddba2,28000149,1349,9,Cipher Pol
9,#8LQ9JR82,Code: Eqwaak,0xfff9c908,28000004,1349,10,A Few Good Men
10,#8GV2CP2J8,☔ZORLU☔,0xffcb5aff,28000003,1303,11,<c0>ＬＯＮＥＬＹ★</c>
11,#GRLUYG0R,NiceShøt 🌓,0xffcb5aff,28000347,1302,12,Ex0tic-E-Sport
12,#92VJ8VQUP,🔥an_hayp🔥,0xfff05637,28000047,1301,13,
13,#2PGGR8Y9P,Asuna Yuuki,0xff1ba5f5,28000201,1293,14,Follow?
14,#9GRP8LR09,sad💔kekcik,0xffa8e132,28000011,1254,15,
15,#VYGVV08Q,🍅domates,0xffffffff,28000261,1253,16,
16,#P9UVCQ2U2,Amazing,0xffff8afb,28000337,1252,17,help ranks
17,#CQLR0Y80,QLS | Tufa,0xffa8e132,28000016,1252,18,Ghost Team👻☔
18,#2UYJR9VL,Corwas,0xffcb5aff,28000349,1252,19,Brawl Kings
19,#90JCYPQU,ZETA | MeOw,0xffffffff,28000074,1252,20,Talents
20,#9VGLJVYGV,iVxexxnera🦋,0xffffffff,28000011,1252,21,
21,#8URCLRY8,球隊|RoUND🌠,0xfff9c908,28000061,1252,22,My social media
22,#Y8YPYLGJP,↑Kei↓,0xffffffff,28000188,1252,23,Magicians
23,#Y9R9JPVPU,Xelium A🩸,0xffffffff,28000029,1252,24,
24,#GPPRCRLQG,sQwiRtl支,0xffffffff,28000156,1252,25,Talents
25,#8LLJ92VQ,あ| 𝓐𝓱𝓶𝓮𝓓🥀,0xff1ba5f5,28000349,1251,26,OG Mute
26,#YGQYGCR,Portox😡,0xff1ba5f5,28000191,1251,27,Blue Label
27,#82LRGLQ02,あ| 𝓕𝓪𝓱𝓪𝓓🥀,0xff1ba5f5,28000283,1251,28,OG Mute
28,#PYPQUG80,Zava💞Sunfote,0xffff9727,28000195,1251,29,Showdown💔Kings
29,#QR2GC8V,BKB|❄IC£CRØW❄,0xfff9c908,28000348,1251,30,Tribe Turkey
30,#9LY0YG9QP,を|Sed🍀,0xffa8e132,28000197,1250,31,DragonArmy
31,#290LJC89U,L1S|Unique❦,0xffa2e3fe,28000035,1250,32,Night Stars
32,#8VP882CR2,♡Mr_ido♡,0xffcb5aff,28000041,1250,33,Tribe Turkey
33,#PQ28JP0P,亲Jσтα,0xffff9727,28000175,1250,34,7 Dwarves
34,#8RYRU28Q0,koji <3,0xff1ba5f5,28000018,1250,35,<c5>Just Us</c>
35,#GCVPVRQY,MyS|Goman,0xff4ddba2,28000137,1250,36,Tribe Turkey
36,#P9YPY9U8J,MeTa | duo♡van,0xff4ddba2,28000262,1250,37,TyM`eSports
37,#QUYCVC2,STMN | sans,0xffa8e132,28000136,1250,38,STMN Esports
38,#8PJRRG2C,SK|GuilleVGX,0xffa8e132,28000099,1250,39,CONEXIÓN
39,#2RJLYQQ8C,紜💛,0xffa2e3fe,28000062,1250,40,🌴<c5>|HM</c>
40,#2RJ0UJCU0,FMG|LuisOMGᴷⁱⁿᴳ,0xfff9c908,28000139,1250,41,ZETA|DIVISION'S
41,#Y9C88V9PC,Touma,0xffcb5aff,28000111,1250,42,Ash's Club
42,#JPGRR9UV,Bowserr🥷被,0xff1ba5f5,28000206,1249,43,Brawl King's
43,#8QY2Y80CG,godikk❤️‍🔥,0xffcb5aff,28000014,1249,44,Ex0tic-E-Sport
44,#CJVR0P8,Matt🃏,0xffcb5aff,28000349,1249,45,Eternal Eclipse
45,#2UJQQ0YL,TOC,0xfff9c908,28000212,1249,46,anyway🤷🏻‍♂️
46,#GRC9RRJR,TQ | Javi,0xfff9c908,28000137,1249,47,A Few Good Men
47,#9UG08PQUY,xSkywalker🦋ま,0xff1ba5f5,28000135,1249,48,Quant ESports🐾
48,#YV8U29VLY,Oh My Bibi🥵,0xffcb5aff,28000129,1249,49,❤️‍🩹
49,#QL9G8JR8C,KY,0xfff9c908,28000267,1249,50,<c5>ぽんみちょった</c>
50,#2YUCYVLUV,DWE|Fenuks🔱,0xff1ba5f5,28000141,1249,51,Imba House
51,#9VU9R2LY,Terry!,0xffffffff,28000081,1249,52,✌️✌️✌️
52,#QGLCPJ2J,Ansel,0xff1ba5f5,28000014,1249,53,CHEESEFOREVAR
53,#8Q2JCGP00,きゃんでぃ,0xff1ba5f5,28000014,1249,54,キングダム乱
54,#P8U8JQLG,感|WarMan⚔️,0xff1ba5f5,28000148,1249,55,OG Mute
55,#QRUQQLV0,Code: Nukleo,0xffa8e132,28000186,1249,56,LA Instinct
56,#2UYJV98J2,all 1500🏆,0xffffffff,28000000,1249,57,
57,#9CPP2CJQ9,WhyLansik?,0xffff8afb,28000321,1249,58,Tribe Turkey
58,#Q09RRVL,히치TheDead🥀,0xffffffff,28000280,1249,59,No Mercy
59,#GJJQPYC9,Storm🪐,0xffcb5aff,28000345,1249,60,GAMEOVER
60,#P8UGQ0882,Minterrr🪄,0xffffffff,28000102,1249,61,оупи челики
61,#99LLQYY9,Joeh,0xfff9c908,28000335,1249,62,👋 🤷‍♂️
62,#2QCVLV2Q,Psychopant💧,0xffff8afb,28000334,1249,63,7 Dwarves
63,#20YJ9PLLV,ま|Shadows • 💫,0xffffffff,28000041,1245,64,what happened
64,#20P2GP99,Ducky🐝,0xffa8e132,28000136,1245,65,NA Friends
65,#VGLY2G88,はRyuji🍢,0xffffce89,28000247,1237,66,
66,#YRURQRPUR,Skibidi Chipz,0xff1ba5f5,28000018,1228,67,Talents
67,#8JV08U8GR,NightMare❤️‍🔥,0xffcb5aff,28000280,1227,68,NHY E-SporTS
68,#8R99PJ890,xSkylasz•,0xffff9727,28000321,1223,69,Vitality
69,#JJ8GY0UV,Emilia🤍,0xffffffff,28000188,1221,70,Eternal Eclipse
70,#PC9LPPYV,Nico❤️Heys,0xff1ba5f5,28000196,1221,71,No Mercy
71,#2J2PJ0UV,ikarosita,0xffa8e132,28000136,1218,72,Humble Grinders
72,#29UGLJV2G,Lёvi,0xfff9c908,28000244,1209,73,✌️✌️✌️
73,#28LYUL8JP,𝙲𝚘𝚍𝚎ˢˣ❥𝙹en,0xffcb5aff,28000337,1208,74,🧀MUSSARELOS✨
74,#89JJV992Y,ZL|caldera,0xfff9775d,28000040,1207,75,めろんぱん食堂
75,#8Y082R2GG,추카|RapZ ✶,0xffff9727,28000211,1206,76,Beyond Swift
76,#9L09YYQ8L,⛩️Panda G.m⛩️,0xffcb5aff,28000330,1205,77,HolyGuns
77,#PR9U2JL,Juan Carlos,0xffffffff,28000119,1204,78,Humble Grinders
78,#LRLGLP9GJ,『weakness🌪』,0xffff8afb,28000256,1204,79,Revaible 💗
79,#P99QGPLU2,Davex,0xffffce89,28000129,1203,80,Brawl King's
80,#2P088J29C,Matt,0xffff8afb,28000333,1203,81,<c5>Just Us</c>
81,#90V9VYJ8C,しょうけい,0xfff05637,28000242,1203,82,なかよし部
82,#80PC2QJCR,❥Hazzēиs✧,0xff1ba5f5,28000348,1203,83,7 Dwarves
83,#280RJ92JC,ExP |BloocK,0xfff9c908,28000242,1203,84,CONEXIÓN
84,#28CVQGURJ,kxrtofvl,0xffffffff,28000061,1203,85,UNDERDOG 🇵🇱
85,#2UGYQURUG,HeGs:)🇹🇷❤️‍🔥,0xffcb5aff,28000018,1201,86,NHY E-SporTS
86,#CPPV2PQG,MeliodasBot🐐,0xffa8e132,28000006,1201,87,No Mercy
87,#99JQ9PQP,Artem4ic🤍W,0xff4ddba2,28000018,1201,88,
88,#G99CYGL,𝒁𝒂𝒊𝒌𝒐❄️,0xff4ddba2,28000194,1200,89,ChillOG
89,#88QCRPLJV,Togi☁️,0xffff8afb,28000303,1200,90,7 Dwarves
90,#CGQCYJGY,TTV | SnakeThug,0xfff9c908,28000341,1200,91,Deadly Vipers🐍
91,#88RGGCVQJ,My heart in AUS,0xff4ddba2,28000092,1199,92,ハナクソタケシ
92,#L0PQLCLY,기롱❦(卯),0xffffce89,28000247,1199,93,<c1>BBOBBY</c>
93,#QUVYC0CPU,➷Sйipёr ✟,0xffffffff,28000188,1199,94,
94,#9L9UR8GCV,ｐａｒａｓ🥺,0xffff9727,28000267,1199,95,F/A India
95,#LVVCQJR8Y,MyS l boosty,0xffff8afb,28000301,1199,96,
96,#80YP922U0,BRMOON🌺,0xffffffff,28000150,1199,97,AR|FØRÇEᵏⁱˡˡ
97,#209G0UUGY,Ylli🐬,0xffff8afb,28000321,1199,98,Tribe Gaming NA
98,#PRC8PV98Q,𝐕𝐞𝐧𝐮𝐬𝐬♡Н,0xffffce89,28000307,1199,99,Saint Devils
99,#GCQQPLPU,nellkenss<3,0xffffffff,28000280,1199,100,
100,#8CULYYLVC,たんじろう🧸,0xffcb5aff,28000014,1199,101,Emi's bar 🍻
101,#Q808R2CV,剑 | Nes 🗡️,0xffcb5aff,28000156,1199,102,vMoove
102,#QJ0PRJCU,retired getsent,0xff4ddba2,28000010,1199,103,Beyond Swift
103,#9VLPVJUYU,🥱🥱🥱,0xff4ddba2,28000081,1199,104,I carry u
104,#29V0GUG8,BATATINHA,0xff1ba5f5,28000156,1199,105,
105,#C2GPV0V,王 | Potassium,0xffff9727,28000348,1199,106,Beyond Swift
106,#299PPJ22L,[MMA]nagibatori,0xffa2e3fe,28000235,1199,107,Showdown💔Kings
107,#2GV2PYCUJ,Whyyouspin💞,0xffff9727,28000091,1199,108,
108,#2QJJ2CPG,Elvis,0xfff05637,28000203,1199,109,MegaPigEnjoyers
109,#JGCCGY80,prostislavv,0xffff9727,28000042,1199,110,BOBR gaming
110,#VRRPQ2J,ᴩᴀʙʟᴏˢᵃᵈ:'),0xffa8e132,28000018,1199,111,WOLFMX
111,#PJCPQUGQ,𝚏𝚒𝚛𝚎𝚜𝚝♡,0xffcb5aff,28000232,1199,112,One Question?
112,#8LC808G,Tuyu,0xff1ba5f5,28000349,1199,113,@Tuyu_Official
113,#8GUPLYY,FG | Jene,0xffff8afb,28000135,1199,114,clover
114,#8CG0RLUG9,간 ReyLzKaa🖤,0xff1ba5f5,28000305,1199,115,Zoológico NA
115,#8YUV9V9YR,༺Iคᴍ༻bipppo<3,0xff1ba5f5,28000331,1199,116,minuta:3
116,#L0P9R8LL,snoiy❤️yukino,0xffffffff,28000183,1199,117,Real Ones
117,#2G90YQ9CQ,ʸᵗᴍɪʀᴀɴᴅɪɴʜᴀᵇˢ乡,0xffa8e132,28000174,1199,118,Wᴏʟғ ɢᴀɴɢ 🐾
118,#PJ9882U,Egnity|Ama🥀,0xffcb5aff,28000023,1199,119,ゆかいな仲間たち
119,#2YPJCJCP,乙ロロ爪,0xffffffff,28000014,1199,120,
120,#9LY90298P,疲 | Akuma ✘,0xfff9c908,28000061,1199,121,
121,#VPGGUU9U,|🌬ŦƤ⋆SsnıɔıuıΛ,0xff1ba5f5,28000243,1192,122,★the Players★
122,#220QRRLVV,Nanoxx🍥,0xffffce89,28000014,1187,123,trolling
123,#98L2G2UP9,Zerinn,0xffffffff,28000265,1185,124,Easy Ltda
124,#PYGR8CPJ2,〆ϻɪs͢τɪӄ🩸,0xfff9c908,28000018,1179,125,Spain4Win
125,#YLV8CL0R,Astaaaa❤️‍🔥😈,0xff4ddba2,28000347,1169,126,Tribe Turkey
126,#8LQQCCPRG,MyS|Efim👾,0xffa8e132,28000101,1169,127,Quant ESports🐾
127,#JV0JG0LU,Playmaker无压力,0xffff9727,28000341,1164,128,AFGM GENESIS
128,#9G0CJPJPY,Taha♛,0xffcb5aff,28000170,1160,129,GOOD BYE TAHA
129,#PQJVG9LG2,REX Kai💫🥀,0xff1ba5f5,28000110,1157,130,REX💫
130,#GRCYVRJG,Edgar🤍æ,0xffff9727,28000176,1155,131,7 Dwarves
131,#2082JRYUV,GooD•G,0xffcb5aff,28000033,1153,132,<c5>Just Us</c>
132,#V2Q080UU,Valembeau💜,0xffcb5aff,28000035,1153,133,A Few Clown Men
133,#90LPVYVUP,Yusuf♛,0xffffffff,28000112,1153,134,SALDİM
134,#9QCJPL20,Golden Kawaii🌕,0xffffce89,28000045,1153,135,Eclipse 🌖
135,#2QUR20PRQ,ExP |CrySoul,0xfff9775d,28000331,1153,136,Crazy eSports
136,#989L0928Q,L1S|Sufiyan❦,0xff1ba5f5,28000033,1152,137,IMMORTAL SOULS
137,#2Q2CCYVGR,tokkichトキッチ,0xfff9c908,28000210,1152,138,KingdomRush
138,#GR8Y0Q9LU,Jester#1,0xffff8afb,28000046,1152,139,
139,#GVQUYG90,Shattered ⟡,0xffffffff,28000000,1152,140,7 Dwarves
140,#2Q2JQURJR,あSerhâtt❤️‍🔥,0xff1ba5f5,28000297,1152,141,NHY E-SporTS
141,#PPVU9LPUC,SPK | ꧁☬✞Nero✞☬,0xfff9c908,28000021,1152,142,🌔Last Wish🌔
142,#2PLVJ0GLV,Sniper🐙,0xffff9727,28000244,1151,143,Brawl Kings
143,#9CG8LJU8,『ᴵ ᵃᵐⱧ₳₥Ⱬ₳🎭🥀』,0xffcb5aff,28000293,1151,144,Tribe Turkey
144,#8UL0U08V,winq ☃️🤍,0xffff8afb,28000175,1151,145,Havoc Echo
145,#P2RVQ90L9,🖤ŠįŁ3Ñt🥀,0xffcb5aff,28000183,1151,146,Invincible
146,#RRVVPG2Y,Brosta卡拉,0xff1ba5f5,28000206,1150,147,vMoove
147,#22UV9GU2V,Ｔヴァイ兵長,0xfff05637,28000202,1150,148,clover
148,#L2VPY80L,imply❤️‍🔥,0xff1ba5f5,28000162,1150,149,<c0>PWNZ</c>
149,#9PC0RGYQ,VTzim 🌑,0xfff05637,28000128,1149,150,Eclipse 🌖
150,#2LQUCUC0U,Fury,0xffffffff,28000014,1149,151,Kings ladder
151,#8R9JQY9UU,mikishikita🕊️,0xffcb5aff,28000198,1149,152,NA Friends
152,#808JYV089,본우❦(本),0xff1ba5f5,28000019,1149,153,홀릿군단
153,#URVJVRRQ,愛野美奈子💛✨,0xffff8afb,28000018,1149,154,してたんぽ
154,#YG9LCG82J,The Gizaline,0xff1ba5f5,28000347,1149,155,친추 마스터만 받음
155,#J8UQ2UUG,SEKAI NO SHOUPI,0xffa8e132,28000140,1149,156,Cipher Pol
156,#YQLP8LP8,Gral. Loko 🪖,0xfff05637,28000305,1149,157,Las Diablitas🧘
157,#P8RQ90UY9,FMG | Vitorᴷⁱⁿᴳ,0xffffce89,28000349,1149,158,Ex0tic-E-Sport
158,#2GLYR9VGC,Josh ✯,0xffffffff,28000003,1149,159,Dog Walkers
159,#PL2P020J8,Núbis Gear 4,0xffffffff,28000317,1149,160,GamePlay D
160,#8Y2Y0GYYG,与田祐希𓃵,0xfff9c908,28000240,1149,161,Cipher Pol
161,#GYR0L0JG,Alexis💘,0xff1ba5f5,28000018,1149,162,Tribe Gaming NA
162,#2GJQ99LRL,agusise :p,0xffcb5aff,28000222,1149,163,No Mercy
163,#28C8RQQJ2,を|Wolf🍃,0xffffffff,28000256,1149,164,
164,#8QVGJQGGC,ᴀsᴛʀᴏ >.< 🖤,0xffff9727,28000272,1149,165,Kings United II
165,#9JJ9V8GRG,Mr_adri21🍉,0xffff8afb,28000215,1149,166,
166,#8929YGL00,DF | Lani,0xffffce89,28000341,1149,167,
167,#PLQ0QRVQL,FMG | Flashᴷⁱⁿᴳ,0xffffffff,28000139,1149,168,ZETA|DIVISION'S
168,#PQQRJUPY,FMG| 𝕭єℓℓσ🍄,0xffffce89,28000349,1149,169,Ex0tic-E-Sport
169,#9L0UQRPJJ,İRONMAN,0xffcb5aff,28000314,1149,170,₮Ɽ₩`eSports
170,#20C80QUY9,GuGu 🌙,0xffcb5aff,28000212,1149,171,Brawl Kings
171,#20QGQ9C,Chompi🩵,0xfff9775d,28000067,1149,172,Tribe Gaming NA
172,#P9UPCG0JY,Xavi🧩,0xff4ddba2,28000290,1149,173,Beyond Champs
173,#LYR0Q9C,TRB | Zoulan,0xff1ba5f5,28000138,1149,174,Tribe Gaming NA
174,#9GPQR8CGL,R7 | GODNOOB 🥝,0xffa8e132,28000185,1145,175,Real Ones
175,#9LL8QR8LP,marcuseuss🍷,0xffcb5aff,28000272,1142,176,Star Kingdom ✨
176,#29L028GQL,Djahsta,0xffff9727,28000306,1141,177,BC*|Family*
177,#GU898VQ,Levi,0xffcb5aff,28000014,1141,178,Brawl King's
178,#8Q2YR88LJ,QLS|nair397,0xffffffff,28000294,1137,179,Blue Star 💙
179,#8RJRYL9P9,婦聯會死Milkwe🍫🧸,0xff1ba5f5,28000134,1137,180,Хижина Снайпов
180,#8YPU2Q9CP,valott🃏,0xfff9c908,28000023,1137,181,Venus
181,#L880JGGL,LeleONinja👺👹,0xffcb5aff,28000350,1136,182,
182,#2VQR2Y0G,Janky🦊,0xfff05637,28000272,1136,183,anomaly
183,#Y02L2GGC,Weeeeisit🍒,0xffff8afb,28000073,1135,184,Showdown💔Kings
184,#2Q892QVU,TTM | Maru,0xff4ddba2,28000140,1135,185,A Few Good Men
185,#90RQYP98U,♡•bestie•♡🧸,0xffa2e3fe,28000221,1131,186,7 Dwarves
186,#20J9PYQUY,S!imy Kazya,0xfff05637,28000110,1127,187,Cipher Pol
187,#8CRC9QUY9,팀원 버스타는Daye🤱,0xfff9c908,28000124,1125,188,<c1>BBOBBY</c>
188,#89JUJUVYL,𝓓𝓸𝓻𝓪👻🐉,0xfff9c908,28000020,1120,189,❅︎Merryの家𓍄𓂃𓈒
189,#J8YPGR,Twitch: Tobi,0xffcb5aff,28000000,1119,190,Brawl King's
190,#208VQLLP,AS|Matias,0xffff9727,28000046,1116,191,No Mercy
191,#9UY0V22GG,MyS|Wintrader🤡,0xff4ddba2,28000067,1116,192,Showdown💔Kings
192,#802VG829,LuRkz🩵Sq,0xffff8afb,28000014,1116,193,Demise 🥀
193,#GRJY0J0R,SKC | Lukitas,0xfff9c908,28000244,1116,194,Emi's bar 🍻
194,#2CJLJJP,JœªKeTz🧑🏿✌🏿,0xffff8afb,28000188,1116,195,Marginales™ II
195,#9UCUJ29C,king faheem,0xff1ba5f5,28000046,1116,196,The Revengers
196,#UGQJURVJ,𝑴𝒊𝒚𝒂𝒎𝒆𝒏☃,0xffa8e132,28000196,1113,197,めろんぱん食堂
197,#R902Y02J,Oscarreno11 ↯,0xfff9c908,28000123,1113,198,Chapulines 🦗
198,#P9YCRRRVL,Zelephh,0xff1ba5f5,28000123,1112,199,Brawl Kings
199,#220PGLU02,家|𝑴𝒆𝒎𝒆𝒏ϟ,0xffa8e132,28000163,1112,200,You and me 💜
