,tag,name,nameColor,icon,trophies,rank,club
0,#8JQ2URG0U,Sad💔Kerambit,0xffcb5aff,28000041,1502,1,анскиллы
1,#U2GY9G9V,ᴳᴼᴰᴍʏᴀ🔱,0xffffffff,28000041,1499,2,
2,#VLQPVPY,Naz❤️Hyra,0xffff8afb,28000303,1400,3,Fenernazçe 💙💛
3,#8VP882CR2,♡Mr_ido♡,0xffcb5aff,28000041,1399,4,Tribe Turkey
4,#VGLY2G88,はRyuji🍢,0xffffce89,28000247,1349,5,
5,#2PGGR8Y9P,Asuna Yuuki,0xff1ba5f5,28000201,1344,6,Follow?
6,#PQVVCJV8U,四葉のくまちゃんぱんつ☘️,0xff4ddba2,28000110,1340,7,「一番よりNo.2」
7,#VL0GPPJV,Physic Gear 5,0xfff9c908,28000014,1318,8,Eclipse 🌖
8,#VYGVV08Q,🍅domates,0xffffffff,28000261,1303,9,
9,#JQVQYVY,Code: VTzim 🌑,0xffff8afb,28000339,1302,10,Eclipse 🌖
10,#8GV2CP2J8,☔ZORLU☔,0xffcb5aff,28000003,1301,11,<c0>ＬＯＮＥＬＹ★</c>
11,#GCQQPLPU,nellkenss<3,0xffffffff,28000280,1299,12,
12,#GL8V8Y0GL,“うああらあ”,0xffa8e132,28000041,1299,13,ns🌸
13,#8LPYRJLY9,ZR★いっくん🧸,0xff4ddba2,28000110,1264,14,スケバン同好会
14,#2UQYJQJCJ,Yaşámm❤️‍🔥,0xffcb5aff,28000302,1256,15,blessed
15,#28UURPLGU,DL|ℬℯ𝓃𝒹𝓎🀄,0xffff8afb,28000349,1254,16,DrachenLegion
16,#2VV2RCV0P,⚔️やiͥzzͣaͫᴳᵒᵈ⚔️,0xffcb5aff,28000280,1254,17,Jubas Community
17,#89CGJQ08G,Lônély🖤ClârX,0xffcb5aff,28000003,1253,18,LA Global
18,#PUJ8JCU2P,ѕυηѕє∂なさた🥷🤍,0xffff9727,28000337,1253,19,NA|Legends❤️‍🩹
19,#YP28LYR8G,GHS|Phoenix ❦,0xfff9c908,28000213,1253,20,Ghost eSports
20,#Q2JVVRJVJ,tengo novia🥰,0xffffffff,28000075,1253,21,
21,#8UCU9Q9L9,わたしShonenn🎈,0xffffffff,28000349,1253,22,Cactus Esport
22,#22GURLG00,NoRvie 〆,0xffff8afb,28000054,1253,23,
23,#99LP2PUQ9,jxbkofvl,0xffff9727,28000303,1252,24,ŚrednioNaPsa
24,#2C9PLLUG8,Efecan|Apple♎🖤,0xffff8afb,28000321,1252,25,<c0>ＬＯＮＥＬＹ★</c>
25,#JV2L02VV,SíJaauaq,0xffff8afb,28000303,1252,26,
26,#P9UVCQ2U2,Amazing,0xffff8afb,28000337,1252,27,help ranks
27,#Y02L2GGC,Weeeeisit🍒,0xffff8afb,28000073,1252,28,Showdown💔Kings
28,#PQGR29RCL,Luna,0xff4ddba2,28000024,1252,29,TS友達の集い
29,#29R2CUR9G,sProTU,0xff1ba5f5,28000272,1252,30,team 1
30,#8GPG9V0GU,Sunex玄,0xffffffff,28000125,1251,31,TT: niiil_06
31,#C2CULQP0,❤️‍🔥Mazoex♛,0xff1ba5f5,28000314,1251,32,VV eSport
32,#2ULUP8VG9,ぜ|КеКzzz🌖,0xffff9727,28000003,1251,33,ᴅᴀɪʟʏ
33,#PYPQUG80,Zava💞Sunfote,0xffff9727,28000195,1251,34,Showdown💔Kings
34,#2PLYGLPPJ,Joel玄,0xffff9727,28000020,1251,35,
35,#2UYQP9RV,✨Srßr3nnø_Br✨,0xffcb5aff,28000110,1251,36,Kings United II
36,#2P8QJYYV,雪見@24時間営業,0xffa8e132,28000075,1251,37,Desires
37,#8LLJ92VQ,あ| 𝓐𝓱𝓶𝓮𝓓🥀,0xff1ba5f5,28000349,1251,38,OG Mute
38,#8VQ08LVLU,❤️🌑SHIVAM🌕💛,0xffa8e132,28000003,1250,39,DEMONS PARADISE
39,#9RPPY2CCJ,Crazy|Arukir🫠,0xffffffff,28000206,1250,40,Crazy op🫠
40,#ULQY2U8U,TTV|BEZSMERTNY,0xffff9727,28000170,1250,41,TTV|BEZSMERTNY
41,#22C0GV9CR,NoCrow,0xff1ba5f5,28000207,1250,42,HeroWarriorsTR
42,#2RJL8PGUV,TRW|Corwas🥶,0xff1ba5f5,28000162,1250,43,Turkish Shadow
43,#82LRGLQ02,あ| 𝓕𝓪𝓱𝓪𝓓🥀,0xff1ba5f5,28000283,1250,44,OG Mute
44,#YJ89R9U00,★𝗥𝘆𝗥𝗼𝘂𝘂❤︎,0xffffce89,28000139,1250,45,New Community
45,#QUYCVC2,STMN | sans,0xffa8e132,28000136,1250,46,STMN Esports
46,#9QURJ9J9V,FMG|Biscoito 🍄,0xffffffff,28000348,1249,47,BULL NEED YOU
47,#QPJ2VG8C8,Dragon 🐊,0xff1ba5f5,28000014,1249,48,Real Ones
48,#2G2VVUR80,〆𝓢𝓲𝓷𝓼𝓽𝓻🎈,0xffffffff,28000139,1249,49,Family 69 💯🦾
49,#2PYY8G0J0,TBK | Kaka,0xffcb5aff,28000347,1249,50,KiwiStars
50,#JJ09PC0P,AoC|vegeta🌷,0xffa8e132,28000115,1249,51,octos
51,#Y8082RLP,ł̇₵Ɇ ₥ØⱤ₮ł₴,0xfff9c908,28000262,1249,52,
52,#L0PGPG2,NateSolosBull世界,0xff1ba5f5,28000097,1249,53,ChasmacGaming
53,#9VU9R2LY,Terry!,0xffffffff,28000081,1249,54,✌️✌️✌️
54,#9VJG9LPGR,Plague 🐊,0xffff8afb,28000252,1249,55,a<c
55,#2R82G0QY0,Loading...,0xffff8afb,28000098,1249,56,★the Players★
56,#2J0Y92QQ9,ZETA | BolTAdik,0xfff9c908,28000110,1249,57,Ttv: boltadik
57,#Y9R9JPVPU,Xelium A🩸,0xffffffff,28000029,1249,58,
58,#8YPU2Q9CP,valott🃏,0xfff9c908,28000023,1249,59,Venus
59,#28QV8YJRP,༄Zeή͢͢͢yc♛,0xffff8afb,28000321,1249,60,AFGMela
60,#90QQG9YV9,Shaverma💞K,0xff4ddba2,28000305,1249,61,пОдвАл тОпОв
61,#PCRJYCG99,♚﻿Charlot･pika♚,0xfff9c908,28000020,1249,62,𝓘𝐥𝐨𝐧ଈ𝓜𝐚𝐧
62,#JCLLG8LP,toxiclxcca:(,0xffcb5aff,28000347,1249,63,
63,#2VQ2V99CC,MMs🌙Nemuo,0xfff9c908,28000190,1249,64,めろんぱん食堂
64,#2R08VCY9U,ᴳᴼᴰᴍʏᴀ🔱,0xffffffff,28000097,1249,65,MasterOfWar
65,#CG8R0JJC,⛩️ivͥaͣnͫ 🎋,0xffcb5aff,28000330,1249,66,Blue Star 💙
66,#20VVC8LU2,Cryzz❦︎,0xffffffff,28000108,1249,67,
67,#90LPVYVUP,Yusuf♛,0xffffffff,28000112,1249,68,SALDİM
68,#8JGPPVY8G,L1S|ITACHI❦,0xfff9c908,28000132,1249,69,Katze 🐱🐈
69,#2QCVLV2Q,Psychopant💧,0xffff8afb,28000334,1249,70,7 Dwarves
70,#PQCQJ8L00,ĺastik💘,0xffffffff,28000153,1238,71,AFGM дагестан
71,#Q9YC0J0G9,Rusya🤍Bloodyハニ,0xfff9c908,28000004,1237,72,KingdomRush
72,#9GUV0PJ8Y,Here's Buzēn 🍭,0xfff9c908,28000108,1237,73,Elite Saiyan🔱
73,#Q8PCPUGQ0,Lôrêxîá😡,0xffffffff,28000044,1235,74,Pelchrzim
74,#GRLUYG0R,NiceShøt 🌓,0xffcb5aff,28000347,1230,75,Ex0tic-E-Sport
75,#2CR90CJ8R,彼|𝑫𝒂𝒗𝒆𝑿〆,0xffffffff,28000054,1230,76,<c6>↯</c>
76,#22ULYJJ8Q,𝑉𝑖𝑜𝑙𝑒𝑡❦︎,0xffcb5aff,28000226,1228,77,
77,#8C0CLRJQL,票據|ㄘㄠㄜㄧ🌺,0xffffffff,28000280,1223,78,
78,#800Q2YRLP,MyS|JeTeMange✈️,0xffffffff,28000299,1222,79,JeTeMangeArmy
79,#YRURQRPUR,Skibidi Chipz,0xff1ba5f5,28000018,1218,80,Talents
80,#8Q2Q0Y8P,@Prinxess•🐍,0xffffffff,28000230,1210,81,Criminal eSport
81,#2VG02RU0,ThorN3X,0xffcb5aff,28000018,1203,82,Brawl King's
82,#PC2CGLGY,Jᴜsᴛ|𝒎𝟳𝒎𝒅,0xffffffff,28000003,1203,83,Blazing Light⚡️
83,#22U8CPP8Q,ŁŞƬ|Apurⅴ☘️,0xff1ba5f5,28000230,1203,84,ŁŞƬ☘️
84,#P99QGPLU2,Davex,0xffffce89,28000129,1203,85,Brawl King's
85,#2P088J29C,Matt,0xffff8afb,28000333,1203,86,<c5>Just Us</c>
86,#QRUQQLV0,Code: Nukleo,0xffa8e132,28000186,1203,87,LA Instinct
87,#8LQ9JR82,Code: Eqwaak,0xfff9c908,28000004,1203,88,A Few Good Men
88,#2LL8JYYVJ,алхимик38,0xffff9727,28000160,1202,89,анскиллы
89,#8PJRRG2C,SK|GuilleVGX,0xffa8e132,28000099,1202,90,CONEXIÓN
90,#2UV98VU,L定食,0xff4ddba2,28000264,1202,91,☕️あんていく☕️
91,#2UYJV98J2,all 1500🏆,0xffffffff,28000000,1201,92,
92,#8VRPLPPG0,POWER |MINT COW,0xffffffff,28000037,1201,93,CROWN KING💛
93,#CGQCYJGY,TTV | SnakeThug,0xfff9c908,28000341,1200,94,Deadly Vipers🐍
94,#29UGLJV2G,Lёvi,0xfff9c908,28000244,1200,95,✌️✌️✌️
95,#90V9VYJ8C,しょうけい,0xfff05637,28000242,1200,96,なかよし部
96,#PC9LPPYV,Nico❤️Heys,0xff1ba5f5,28000196,1200,97,No Mercy
97,#8R99PJ890,xSkylasz•,0xffff9727,28000321,1200,98,Vitality
98,#2CRRRRYJR,моё,0xfff9c908,28000213,1200,99,✌️✌️✌️
99,#292YG288Y,Hatsu,0xffcb5aff,28000092,1199,100,SoNois
100,#29L028GQL,Djahsta,0xffff9727,28000306,1199,101,BC*|Family*
101,#9U8G0G8P9,𝒁𝑳 | 𝐀𝐳𝐮🍥,0xffcb5aff,28000350,1199,102,Allez Laaa
102,#PL2P020J8,Núbis Gear 4,0xffffffff,28000317,1199,103,GamePlay D
103,#999YGVQ,GianFranco:D,0xff1ba5f5,28000010,1199,104,TB|Team Bull
104,#2J92UUQU2,ČHÎŘÃĞ ĢÅMÎÑĞÝŤ,0xffffffff,28000310,1199,105,NextGen eSports
105,#8Y2Y0GYYG,与田祐希𓃵,0xfff9c908,28000240,1199,106,Cipher Pol
106,#8JL2RYYVY,⚜️СоБаКа МоТя⚜️,0xffff9727,28000059,1199,107,LEGION🎴LEGEND
107,#2JCURGC2C,Sin ヤギ,0xffffffff,28000339,1199,108,
108,#2LC9RU2UG,ƇЄƊƦƖƇ🍁,0xffff9727,28000124,1199,109,+12 yaş sew
109,#2Y92C2Q8V,NOMAD|かーず。❄❄,0xfff9c908,28000119,1199,110,
110,#JRLQRL8,🌴HM|Noc ❀,0xff4ddba2,28000218,1199,111,🌴|<c3>HM</c>
111,#9P2CUYJ8P,Scared,0xff4ddba2,28000167,1199,112,
112,#802GUPYLG,Flechâzo😡,0xffffffff,28000207,1199,113,NHY E-SporTS
113,#QJ0PRJCU,retired getsent,0xff4ddba2,28000010,1199,114,Beyond Swift
114,#8PPP2GQL0,🕊𝕹𝖔𝖆𝖒〖ØP〗,0xffcb5aff,28000041,1199,115,המתנקשים
115,#ULGLR9LV,Nubz ❤️‍🔥,0xffffffff,28000138,1199,116,Beyond Kratos
116,#299PPJ22L,[MMA]nagibatori,0xffa2e3fe,28000235,1199,117,Showdown💔Kings
117,#UQP80GRV,Lᴀᴍʙᴅᴀᴅᴇʟᴛᴀ🎀🍭,0xffff8afb,28000300,1199,118,Brawl Four Br
118,#JGCCGY80,prostislavv,0xffff9727,28000042,1199,119,BOBR gaming
119,#P0YJ82P2C,Elude🩸,0xff1ba5f5,28000094,1199,120,
120,#P28J9J8QP,🌴HM| Pacify ツ,0xfff9c908,28000272,1199,121,🌴|<c3>HM</c>
121,#8GUPLYY,FG | Jene,0xffff8afb,28000135,1199,122,clover
122,#2J2PJ0UV,ikarosita,0xffa8e132,28000136,1198,123,Humble Grinders
123,#L2U9P2CRC,𝐽𝑢𝑠𝑡 𝑐ℎ𝑖,0xffffffff,28000014,1192,124,خليها على الله
124,#90R9Q2UP,@stardragonOP,0xffff9727,28000209,1186,125,SpenLC Youtube
125,#2PLVJ0GLV,Sniper🐙,0xffff9727,28000244,1181,126,Brawl Kings
126,#GRCYVRJG,Edgar🤍æ,0xffff9727,28000176,1181,127,7 Dwarves
127,#P0LJYVCVJ,QEN Koutan🌙🥀,0xffffce89,28000348,1180,128,○野の味読(まいどく)パスタ
128,#8URCLRY8,球隊|RoUND🌠,0xfff9c908,28000061,1179,129,My social media
129,#YLV8CL0R,Astaaaa❤️‍🔥😈,0xff4ddba2,28000347,1177,130,Tribe Turkey
130,#9L9UQ092J,CSniper ⚡,0xffff9727,28000302,1175,131,Ꝉҽʂ ҠìӀӀҽɾʂ ™💣
131,#PYGR8CPJ2,〆ϻɪs͢τɪӄ🩸,0xfff9c908,28000018,1174,132,Spain4Win
132,#8UQPQJRPV,Galib,0xffffffff,28000321,1173,133,Sherlock
133,#PQRJCVULY,疲 | Viper ✘,0xff4ddba2,28000322,1171,134,
134,#20P2GP99,Ducky🐝,0xffa8e132,28000136,1165,135,NA Friends
135,#PQJVG9LG2,REX Kai💫🥀,0xff1ba5f5,28000110,1160,136,REX💫
136,#8GCV08Q8L,MAHz⌘ M1ya,0xfff9c908,28000047,1160,137,ONCE
137,#2YJ2UJLCU,FR｜ちびっ子,0xff4ddba2,28000016,1159,138,あてぃしのこと好きすぎ―！❤️
138,#CPYUR8QR,KD|Buff♡,0xfff9c908,28000132,1158,139,Quant ESports🐾
139,#YQ9JVYV,ToniMxf.💘,0xffcb5aff,28000272,1156,140,ChillOG
140,#Q8PRRVRLP,『Purge❦』,0xffa8e132,28000284,1155,141,Brawl Birds🐤⚔️
141,#PGYG98G2G,𓀠𓀠𓀠𓀠𓀠𓀠𓀠,0xff1ba5f5,28000000,1154,142,スケバン同好会
142,#RVJYJCJC,あれ〜？この名前どこかで...,0xffffffff,28000000,1154,143,
143,#QRU0L0U,🐬ꜱᴏᴋʀᴀᴍ 🜲,0xff1ba5f5,28000201,1153,144,CONEXIÓN
144,#YGQYGCR,Portox😡,0xff1ba5f5,28000191,1153,145,Blue Label
145,#989L0928Q,L1S|Sufiyan❦,0xff1ba5f5,28000033,1152,146,IMMORTAL SOULS
146,#9LV0Q00YV,영원한감동,0xff4ddba2,28000082,1152,147,새싹
147,#YRUP8VJ,あ|ADITYA 🥀,0xffff9727,28000151,1152,148,PAK CHAMPS
148,#P90RJQ8C,Sizuku🐬,0xff1ba5f5,28000044,1151,149,数え役満🀄️
149,#9UG08PQUY,xSkywalker🦋ま,0xff1ba5f5,28000135,1151,150,Quant ESports🐾
150,#92VJ8VQUP,🔥an_hayp🔥,0xfff05637,28000047,1150,151,
151,#UYUUQQ8Q,대왕❦(光),0xffcb5aff,28000115,1150,152,<c1>BBOBBY</c>
152,#99YL0PV9V,𝐍𝐓|𝐋𝐮𝐢𝐬𝐮,0xffffce89,28000349,1150,153,✌️✌️✌️
153,#8Q80P982R,𝐍𝐓|𝐀𝐚𝐫𝐮,0xffffce89,28000303,1149,154,✌️✌️✌️
154,#2VVGLR0QV,RK|❦₱łƵƵ₳🤍,0xffff8afb,28000321,1149,155,RK Esport
155,#2YC089999,𝐇𝐢𝐲𝐨੯‧̀͡⬮🤍,0xffffffff,28000189,1149,156,料理人道👩‍🍳
156,#QL9G8JR8C,KY,0xfff9c908,28000267,1149,157,<c5>ぽんみちょった</c>
157,#2CRU90L0C,ĸѕтroy 😠,0xffffffff,28000254,1149,158,
158,#2QPJQ8QRQ,bagi,0xff1ba5f5,28000335,1149,159,Brawl King's
159,#LUV8QC8Q,R|monkeyyy,0xffffffff,28000140,1149,160,New Community
160,#GUVPPPGR,키키,0xffff9727,28000176,1149,161,<c0>BUSLINE</c>
161,#9QR9YVR8Q,starぁ,0xff1ba5f5,28000184,1149,162,Beyond Alpha
162,#PG08LVPJQ,通りすがりのけん子ちゃん,0xffffce89,28000210,1149,163,ぷるんぷるんたまたま
163,#GVQG8J0R,ShurikenXGR,0xffffffff,28000262,1149,164,Himalaya
164,#YPP02G9L,Mxrf 🐝,0xff1ba5f5,28000291,1149,165,Beyond Washed
165,#88PRQY082,logdead,0xffff9727,28000219,1149,166,하얀악마들
166,#8RU298020,𝐊𝐚𝐝𝐲 💘,0xffff8afb,28000333,1149,167,Gg|My Clan🥀🖤
167,#PVQRP2LYV,ᴅᴀꜰꜰʏღ,0xffa2e3fe,28000336,1149,168,
168,#PGYQPCGLC,FUT|❤️‍🔥MaRtiN,0xffff8afb,28000321,1149,169,BulgarianR
169,#98P92U0UU,ARX|Numan,0xfff9c908,28000047,1149,170,
170,#9RPU2G9Q,あ•𝑱𝒖𝒋𝒖 🌸,0xffcb5aff,28000014,1149,171,Come-back 3c3
171,#8LU28RQPP,Vxkz〆,0xffff8afb,28000207,1149,172,Shaark’s gang
172,#80Y88YLVP,メ•𝑳𝒆𝑛𝑛𝘺🤍,0xffcb5aff,28000196,1149,173,VV eSport
173,#2R9JUJ8JC,MYS|Spin🤍,0xffffce89,28000308,1146,174,Iᴷⁱˡˡᵧₒᵤツ
174,#9RRQYPY8Q,𝑷𝒐𝒕𝒆𝒎𝒆𝒏☃,0xff1ba5f5,28000339,1145,175,めろんぱん食堂
175,#8QR9Q9V2V,BobusIsMyDog👿,0xffcb5aff,28000023,1140,176,ŚrednioNaPsa
176,#9J002YRGU,えしょ,0xffcb5aff,28000041,1134,177,スケバン同好会
177,#Y29JYGYG,しまじろうのミンチ,0xff1ba5f5,28000108,1134,178,チームゴールデン
178,#89JJV992Y,ZL|caldera,0xfff9775d,28000040,1131,179,めろんぱん食堂
179,#8GYVU8JJL,🌊tsunami🌊,0xff1ba5f5,28000221,1130,180,她堅強的留下我
180,#YY9PPLQL9,Yume𓅦,0xff4ddba2,28000149,1126,181,Cipher Pol
181,#2R8UYJYPC,Twinkle🪄︎︎れお,0xff1ba5f5,28000006,1123,182,fake ring…♡
182,#P2RVQ90L9,🖤ŠįŁ3Ñt🥀,0xffcb5aff,28000183,1122,183,Invincible
183,#CYUVPCUV,Yusuf19,0xffcb5aff,28000003,1121,184,NHY E-SporTS
184,#UY280J89,𝐒𝐞𝐧𝐲❃,0xffffce89,28000020,1121,185,<c5>ぽんみちょった</c>
185,#9J2JLUR8G,Aspect 🃏,0xffffffff,28000304,1119,186,7 Dwarves
186,#YY9RR2L2P,♛해왕 포세이돈｜별💫,0xfff9c908,28000139,1119,187,REX💫
187,#20YJ9PLLV,ま|Shadows • 💫,0xffffffff,28000041,1119,188,what happened
188,#8YCUYQ9CL,𝑨𝒓𝒎𝒊𝒏🤭❤️,0xffa2e3fe,28000164,1118,189,
189,#PUVVY9JL9,XF┃トトロ🍄,0xffcb5aff,28000006,1116,190,𝐂𝐡𝐞𝐞𝐫 𝐮𝐩
190,#82PQUPGU0,Ryohei🐬,0xff1ba5f5,28000240,1115,191,数え役満🀄️
191,#2V2C92208,♠FQ|Ram💘,0xffff8afb,28000189,1114,192,♠FQ|流💘
192,#PPQQC0UYV,𝗡𝗶𝗡𝗮 ❥,0xffffce89,28000018,1110,193,Payzen looks up
193,#PR9U2JL,Juan Carlos,0xffffffff,28000119,1110,194,Humble Grinders
194,#2JJRCVGGG,xRhuan :),0xffff8afb,28000004,1109,195,Qɪsʜɪ Kᴀɪsᴇɪ
195,#2UGYQURUG,HeGs:)🇹🇷❤️‍🔥,0xffcb5aff,28000018,1107,196,NHY E-SporTS
196,#J8URCRCJ,vxdka :p,0xffff9727,28000095,1107,197,No Mercy
197,#2JPVCJCQU,Jax |Kz🌸,0xfff9775d,28000073,1107,198,Memento Mori
198,#CPPV2PQG,MeliodasBot🐐,0xffa8e132,28000006,1106,199,No Mercy
199,#2Y2Y99GQR,VizeZ,0xffffffff,28000230,1106,200,Ex0tic-E-Sport
