,tag,name,nameColor,icon,trophies,rank,club
0,#JQVQYVY,Code: VTzim 🌑,0xffff8afb,28000339,1433,1,Eclipse 🌖
1,#VLQPVPY,Naz❤️Hyra,0xffff8afb,28000303,1402,2,Fenernazçe 💙💛
2,#VL0GPPJV,Physic Gear 5,0xfff9c908,28000014,1356,3,Eclipse 🌖
3,#8LQQCCPRG,MyS|Efim👾,0xffa8e132,28000101,1334,4,Quant ESports🐾
4,#92VJ8VQUP,🔥an_hayp🔥,0xfff05637,28000047,1302,5,
5,#VYGVV08Q,🍅domates,0xffffffff,28000261,1301,6,
6,#PUJ8JCU2P,ѕυηѕє∂なさた🥷🤍,0xffff9727,28000337,1299,7,NA|Legends❤️‍🩹
7,#P9UVCQ2U2,Amazing,0xffff8afb,28000337,1299,8,help ranks
8,#Y0GLYCYVY,Maho❤️🔥,0xff1ba5f5,28000129,1299,9,<c0>ＬＯＮＥＬＹ★</c>
9,#9UG08PQUY,xSkywalker🦋ま,0xff1ba5f5,28000135,1254,10,Quant ESports🐾
10,#2UQGCL2R0,It's Grind♡,0xffffffff,28000135,1254,11,A Few Kиски
11,#89Q0GQJJG,🍌NaNi BaNaNi🍌,0xffcb5aff,28000299,1253,12,Quant ESports🐾
12,#20CJVQQYU,[₮₱] ₱ɆⱠ₳Ɖ₳Ø,0xffcb5aff,28000291,1253,13,★the Players★
13,#C2CULQP0,❤️‍🔥Mazoex♛,0xff1ba5f5,28000314,1253,14,VV eSport
14,#G800VUQY9,📚不登校🍿ともゆき🎓,0xfff05637,28000205,1253,15,シャシャまると愉快な仲間たち
15,#8GV2CP2J8,☔ZORLU☔,0xffcb5aff,28000003,1253,16,<c0>ＬＯＮＥＬＹ★</c>
16,#290LJC89U,L1S|Unique❦,0xffa2e3fe,28000035,1253,17,Night Stars
17,#80GPQ2RGP,薙| Juice🧃,0xff4ddba2,28000337,1253,18,Tribe Turkey
18,#9G9GYJ9J2,ωнiτєʑiท🤍ネヶマア,0xff1ba5f5,28000071,1253,19,
19,#PJ02GQJ,$HIVAM I$ B+,0xffa8e132,28000151,1253,20,TT: niiil_06
20,#Q9YC0J0G9,Rusya🤍Bloodyハニ,0xfff9c908,28000004,1252,21,KingdomRush
21,#PGL2UL0CR,SS+|Psychokid,0xffffffff,28000164,1252,22,Talents
22,#88RR2LQ8J,Nowly🌗,0xfff9c908,28000207,1252,23,LyNow🌗
23,#2JYGUYUG,AAMIR LORD,0xffffffff,28000207,1252,24,CHEESEFOREVAR
24,#GY0J2GJLV,DESTROY LONELY,0xff4ddba2,28000169,1252,25,оупи челики
25,#JV2L02VV,SíJaauaq,0xffff8afb,28000303,1252,26,
26,#Y9R9JPVPU,Xelium A🩸,0xffffffff,28000029,1252,27,
27,#GPPRCRLQG,sQwiRtl支,0xffffffff,28000156,1252,28,Talents
28,#2L88GQG9P,L1S|Coebin❦,0xffcb5aff,28000293,1252,29,Night Stars
29,#888GJGP2C,-12|Dolphin 🐬♡,0xffffffff,28000140,1252,30,
30,#980GJCYVQ,⭐GG|AMJAD☔☄,0xff4ddba2,28000341,1251,31,OG Mute
31,#2YV98LLCY,"Arc,L🌒",0xfff9c908,28000266,1251,32,★the Players★
32,#LRLQPU09,Quantic 🌵,0xffa8e132,28000284,1251,33,LA Global
33,#2C9PLLUG8,Efecan|Apple♎🖤,0xffff8afb,28000321,1251,34,<c0>ＬＯＮＥＬＹ★</c>
34,#YGQYGCR,Portox😡,0xff1ba5f5,28000191,1251,35,Blue Label
35,#88YJV08U2,❣️MASOOM❣️,0xffffffff,28000139,1251,36,
36,#PYPQUG80,Zava💞Sunfote,0xffff9727,28000195,1251,37,Showdown💔Kings
37,#8RCYQCV2L,𝔭𝔩𝔶𝔤𝔪𝔰|戈,0xff1ba5f5,28000048,1251,38,Spike lovers 💚
38,#28YJ0880V,AQM_BTATA_200,0xffa2e3fe,28000203,1251,39,Ghost eSports
39,#RPVU2L29,ᴼᵖɱa̷ṡ†e̷ꭆ🥀×᷼×,0xffff8afb,28000097,1251,40,🧀MUSSARELOS 2✨
40,#2RQ02UV99,DJ SMOKE,0xff1ba5f5,28000019,1251,41,
41,#YR2RY9Y2L,あ | 𝓐𝓻𝔀𝓪🥀,0xffcb5aff,28000224,1251,42,weird gamers
42,#9CG8LJU8,『ᴵ ᵃᵐⱧ₳₥Ⱬ₳🎭🥀』,0xffcb5aff,28000293,1251,43,Tribe Turkey
43,#8J8G9CJVJ,CᴀʟʟMᴇ𝓩artis🦍,0xffffffff,28000150,1251,44,RK Esport
44,#QR2GC8V,BKB|❄IC£CRØW❄,0xfff9c908,28000348,1251,45,Tribe Turkey
45,#PC92L9PYU,Jad'll kill u🖤,0xffcb5aff,28000094,1251,46,
46,#9VU9R2LY,Terry!,0xffffffff,28000081,1250,47,✌️✌️✌️
47,#8PJRRG2C,SK|GuilleVGX,0xffa8e132,28000099,1250,48,CONEXIÓN
48,#8JLRVYRU,- NOZÉ -,0xffa8e132,28000194,1250,49,★the Players★
49,#GRLUYG0R,NiceShøt 🌓,0xffcb5aff,28000347,1250,50,Ex0tic-E-Sport
50,#82LRGLQ02,あ| 𝓕𝓪𝓱𝓪𝓓🥀,0xff1ba5f5,28000283,1250,51,OG Mute
51,#9LY0YG9QP,を|Sed🍀,0xffa8e132,28000197,1250,52,DragonArmy
52,#RUGUJPR8,☠ĆØΜβΔŦ€ŇŦ€☠,0xff4ddba2,28000253,1250,53,★the Players★
53,#8Y082R2GG,추카|RapZ ✶,0xffff9727,28000211,1250,54,Beyond Swift
54,#VULUQUY8,Davoxさなチズ,0xffffffff,28000218,1250,55,TT: niiil_06
55,#22Q0J0P2P,LUCKRASS,0xffa8e132,28000210,1250,56,BC*|Family*
56,#P9YPY9U8J,MeTa | duo♡van,0xff4ddba2,28000262,1250,57,TyM`eSports
57,#99JQ9PQP,Artem4ic🤍W,0xff4ddba2,28000018,1250,58,
58,#JRYLGVYV,QLS|Glory™️,0xffff9727,28000132,1250,59,Ex0tic-E-Sport
59,#2LJ9QCCL,tedd💞💞,0xffffffff,28000112,1250,60,
60,#8R99PJ890,xSkylasz•,0xffff9727,28000321,1250,61,Vitality
61,#22LQGCYUP,Pumm,0xffffffff,28000118,1249,62,Quinx Academy
62,#88RGGCVQJ,My heart in AUS,0xff4ddba2,28000092,1249,63,ハナクソタケシ
63,#VPGGUU9U,|🌬ŦƤ⋆SsnıɔıuıΛ,0xff1ba5f5,28000243,1249,64,★the Players★
64,#289QGVYRQ,TyM|Ârda🦁,0xffff9727,28000014,1249,65,TyM`eSports
65,#28PRLYU02,парапапа,0xffcb5aff,28000125,1249,66,Quant ESports🐾
66,#YRURQRPUR,Skibidi Chipz,0xff1ba5f5,28000018,1249,67,Talents
67,#9CVGVGGJY,「KaoS」EﾌĐe尺ツ,0xffff9727,28000018,1249,68,ᴅᴀɪʟʏ
68,#8QY2Y80CG,godikk❤️‍🔥,0xffcb5aff,28000014,1249,69,Ex0tic-E-Sport
69,#VC9P2YR,愛Aʟᴘʜᴀᴼᵖ❤,0xffff9727,28000272,1249,70,
70,#98GGQQVC2,압들|Ranga💙,0xffff9727,28000330,1249,71,Aus All Stars
71,#J8UR8002,SKC | Prozy,0xffa8e132,28000029,1249,72,Emi's bar 🍻
72,#J8YPGR,Twitch: Tobi,0xffcb5aff,28000000,1249,73,Brawl King's
73,#QL9G8JR8C,KY,0xfff9c908,28000267,1249,74,<c5>ぽんみちょった</c>
74,#PQJVG9LG2,REX Kai💫🥀,0xff1ba5f5,28000110,1249,75,REX💫
75,#GLP9U88VU,艾~𝒢ℴ𝒶𝓁,0xffcb5aff,28000346,1249,76,艾~ℰ𝓈𝓅ℴ𝓇𝓉
76,#9CC0RCYR,diego💙hahnsky,0xffff8afb,28000037,1249,77,
77,#PLCPU928R,ØFFŁÎŃÈ,0xff1ba5f5,28000019,1249,78,.....
78,#92L9000QY,RonokClapsU,0xffffffff,28000294,1249,79,ᴀ- ꜱᴛᴀʀ
79,#2R82G0QY0,Loading...,0xffff8afb,28000098,1249,80,★the Players★
80,#2RUVRJYJ2,SY|Faͥbͣuͫᴳᵒᵈ☔,0xff1ba5f5,28000061,1249,81,Ex0tic-E-Sport
81,#9CRGVGQLR,-_-MaTHiX-_-,0xffa2e3fe,28000304,1249,82,TL|Team Luzou
82,#99LLQYY9,Joeh,0xfff9c908,28000335,1249,83,👋 🤷‍♂️
83,#C8PLP8VQ,Zaikuu ☘️,0xff4ddba2,28000000,1249,84,EternityCry ✨
84,#PV9U8PU8Q,Raul Clash,0xffffffff,28000200,1249,85,🌴<c5>|HM</c>
85,#20YJ9PLLV,ま|Shadows • 💫,0xffffffff,28000041,1249,86,what happened
86,#90RQYP98U,♡•bestie•♡🧸,0xffa2e3fe,28000221,1249,87,7 Dwarves
87,#8UR9R90QC,LeFauxMaxorfire,0xff1ba5f5,28000077,1249,88,
88,#2082JRYUV,GooD•G,0xffcb5aff,28000033,1249,89,<c5>Just Us</c>
89,#Y99G8VPL0,BIG | ARTIN🦁,0xff1ba5f5,28000199,1249,90,YT | Nigena
90,#98Y9VYYR,哦|DoDo🕊️,0xff1ba5f5,28000015,1249,91,ᴅᴀɪʟʏ
91,#JP9P0LJG,Byrox❤️‍🩹Xorox,0xff1ba5f5,28000302,1249,92,ᴅᴀɪʟʏ
92,#P2PCLQGLR,Clown💞Quantic,0xffffffff,28000139,1249,93,ᴅᴀɪʟʏ
93,#P8U8JQLG,感|WarMan⚔️,0xff1ba5f5,28000148,1249,94,OG Mute
94,#QRUQQLV0,Code: Nukleo,0xffa8e132,28000186,1249,95,LA Instinct
95,#2PYGQ0U8U,メ•Enzo🤍,0xffffffff,28000352,1249,96,La Piraterie🏴‍
96,#2LR22JC9V,𝑻𝒐𝒃𝒊😮‍💨❤️,0xffa2e3fe,28000272,1249,97,BMW M5 F90.COMP
97,#22GJYJ2JL,It's Bruklin?💘,0xffffffff,28000004,1249,98,Lost Hell
98,#8U9QULV90,LOUD BRUNINHO,0xffff8afb,28000317,1249,99,🧀MUSSARELOS✨
99,#R0YVP99L,𖤍𝒪𝓅𝓇ℯ𝓈𝓈🂱,0xfff9c908,28000023,1249,100,Beyond Roses
100,#LVJP8U9L,愛FᴀɴDᴏAʟᴘʜᴀᴼᵖ❤️,0xffffffff,28000279,1249,101,
101,#9CPP2CJQ9,WhyLansik?,0xffff8afb,28000321,1249,102,Tribe Turkey
102,#9L0UQRPJJ,İRONMAN,0xffcb5aff,28000314,1249,103,₮Ɽ₩`eSports
103,#2Y2Y99GQR,VizeZ,0xffffffff,28000230,1249,104,Ex0tic-E-Sport
104,#9GCJL0JR2,IQ|LEON🔥🇮🇶,0xfff9c908,28000123,1249,105,
105,#9L09YYQ8L,⛩️Panda G.m⛩️,0xffcb5aff,28000330,1245,106,HolyGuns
106,#QGLCPJ2J,Ansel,0xff1ba5f5,28000014,1237,107,CHEESEFOREVAR
107,#2ULUP8VG9,ぜ|КеКzzz🌖,0xffff9727,28000003,1235,108,ᴅᴀɪʟʏ
108,#LGG9UY02C,を|Terrox🌺,0xff1ba5f5,28000305,1216,109,House Greyjoy
109,#98RV0YRL,dudus,0xffa8e132,28000044,1213,110,✌️✌️✌️
110,#2PGGR8Y9P,Asuna Yuuki,0xff1ba5f5,28000201,1212,111,Follow?
111,#P99QGPLU2,Davex,0xffffce89,28000129,1211,112,Brawl King's
112,#8LLJ92VQ,あ| 𝓐𝓱𝓶𝓮𝓓🥀,0xff1ba5f5,28000349,1210,113,OG Mute
113,#90LPVYVUP,Yusuf♛,0xffffffff,28000112,1209,114,SALDİM
114,#8VP882CR2,♡Mr_ido♡,0xffcb5aff,28000041,1207,115,Tribe Turkey
115,#GP8RQP0LP,YodaZ🌑,0xff4ddba2,28000099,1207,116,Showdown💚
116,#88QVPU00U,TT | CONTENDERS,0xfff05637,28000290,1205,117,RK Esport
117,#2UJQQ0YL,TOC,0xfff9c908,28000212,1203,118,anyway🤷🏻‍♂️
118,#88JJLV020,𝑵𝒊𝒏𝒋𝒂☁️,0xffa2e3fe,28000058,1203,119,Apostles Creed
119,#PC2CGLGY,Jᴜsᴛ|𝒎𝟳𝒎𝒅,0xffffffff,28000003,1203,120,Blazing Light⚡️
120,#280RJ92JC,ExP |BloocK,0xfff9c908,28000242,1203,121,CONEXIÓN
121,#PR9U2JL,Juan Carlos,0xffffffff,28000119,1203,122,Humble Grinders
122,#YCC8CJU,Captainroxx⚡️,0xffff9727,28000262,1203,123,<c7>BLITZ</c>
123,#2GYY989GU,あ|Nouggetシ🦋,0xffa8e132,28000075,1202,124,VV eSport
124,#8J9PPC880,𝐁𝐫𝐞𝐞𝐳𝐲❦,0xffcb5aff,28000218,1201,125,🧀MUSSARELOS✨
125,#CGQCYJGY,TTV | SnakeThug,0xfff9c908,28000341,1200,126,Deadly Vipers🐍
126,#8RCQLG0RQ,Duo♡Zey4ik,0xff1ba5f5,28000210,1200,127,Quant ESports🐾
127,#29UGLJV2G,Lёvi,0xfff9c908,28000244,1200,128,✌️✌️✌️
128,#8VRPJPLU2,Moon🤍アーセン,0xffffffff,28000000,1200,129,devxssted19うぇっ
129,#989L0928Q,L1S|Sufiyan❦,0xff1ba5f5,28000033,1199,130,IMMORTAL SOULS
130,#8C0PLGQRV,Duo♡nubik,0xff4ddba2,28000254,1199,131,Quant ESports🐾
131,#2J2PJ0UV,ikarosita,0xffa8e132,28000136,1199,132,Humble Grinders
132,#8J98RQJY0,HowToLive🕊️,0xffffffff,28000341,1199,133,Lord dragon
133,#9J2JLUR8G,Aspect 🃏,0xffffffff,28000304,1199,134,7 Dwarves
134,#22LCG2RLJ,ZT|Yősuki̸❦,0xff1ba5f5,28000349,1199,135,weird gamers
135,#L0PGPG2,NateSolosBull世界,0xff1ba5f5,28000097,1199,136,ChasmacGaming
136,#P08899RJG,Runávoys:),0xffff9727,28000044,1199,137,rainy︎ ︎☂︎
137,#8Y2Y0GYYG,与田祐希𓃵,0xfff9c908,28000240,1199,138,Cipher Pol
138,#8URCLRY8,球隊|RoUND🌠,0xfff9c908,28000061,1199,139,My social media
139,#R2LR2QLG,NOUN | Mohtep,0xffffffff,28000243,1199,140,A Few Good Men
140,#2PVCG892,Chicken🖤Axe,0xffff9727,28000098,1199,141,ChasmacGaming
141,#99PRPGQYC,ᴳᵒᵈD̷y̷n̷a̷🎋,0xffff9727,28000346,1199,142,🗡️| Impossible
142,#989GVG0UR,陰|₦Ї₦ℑ₳™👑,0xffa8e132,28000305,1199,143,Good Players 💫
143,#2RVCPV080,BlakBon,0xffff9727,28000299,1199,144,OG Mute
144,#2LC9RU2UG,ƇЄƊƦƖƇ🍁,0xffff9727,28000124,1199,145,+12 yaş sew
145,#Y0VPJ89Q,Ｓㄚ 么 乙 ツ,0xffffce89,28000237,1199,146,Quant ESports🐾
146,#RRVVPG2Y,Brosta卡拉,0xff1ba5f5,28000206,1199,147,vMoove
147,#CUUCQRQ9,A-B-N-SYRIA,0xff1ba5f5,28000168,1199,148,BC*|Family*
148,#22U8CPP8Q,ŁŞƬ|Apurⅴ☘️,0xff1ba5f5,28000230,1199,149,ŁŞƬ☘️
149,#2UYQP9RV,✨Srßr3nnø_Br✨,0xffcb5aff,28000110,1199,150,Kings United II
150,#L28J9P2G9,Mᴀxᴏʀғɪʀᴇ❤️‍🔥,0xffff9727,28000305,1199,151,Infinity's fire
151,#LVVCQJR8Y,MyS l boosty,0xffff8afb,28000301,1199,152,
152,#L8C09GYR8,Pavlik🌬️💙,0xffa8e132,28000204,1199,153,
153,#YQ9JVYV,ToniMxf.💘,0xffcb5aff,28000272,1199,154,ChillOG
154,#2CY0CVU80,~Vi♡tal🪐,0xffffffff,28000297,1199,155,Импрессив
155,#8LYQPLP29,🖤MKZ🖤,0xffffffff,28000032,1199,156,ᴅᴀɪʟʏ
156,#9RPU2G9Q,あ•𝑱𝒖𝒋𝒖 🌸,0xffcb5aff,28000014,1199,157,Come-back 3c3
157,#8UJC08UYL,ᴼᵖᵭҟe̷🥀×᷼×,0xffcb5aff,28000330,1199,158,🧀MUSSARELOS✨
158,#299PPJ22L,[MMA]nagibatori,0xffa2e3fe,28000235,1199,159,Showdown💔Kings
159,#JGCCGY80,prostislavv,0xffff9727,28000042,1199,160,BOBR gaming
160,#YLYVL0RG,hunt’sacount,0xffcb5aff,28000207,1199,161,
161,#8ULJJPYG2,Âtahan🖤Ubéyd,0xffffffff,28000333,1199,162,
162,#8QJU2CCY,Fearless,0xffff9727,28000017,1199,163,WOLFMX
163,#82UPJLLGJ,疲 | Killer 🥀,0xffffffff,28000018,1199,164,<c2>IX Nash</c>
164,#8CVCJVVV9,Եթ Շαɱเℓα ☆*❥⃝*,0xffff9727,28000302,1196,165,★the Players★
165,#LP8QV80Q,CM|Fly🖤,0xffcb5aff,28000137,1196,166,Showdown💔Kings
166,#VVYU0P28,SidhuMooseWala,0xffff9727,28000291,1194,167,Spike lovers 💚
167,#8UYC8JGUC,✨Carlosˢᵃᵈツ✨,0xffa2e3fe,28000203,1194,168,🧀MUSSARELOS 3✨
168,#L82U9CVPQ,ᴼᵖɳe̷żu̷ҟσ🥀×᷼×,0xffff9727,28000213,1192,169,🧀MUSSARELOS✨
169,#2RQGVLRVG,₹GuilleX,0xffff8afb,28000036,1191,170,No Mercy
170,#8LQ9JR82,Code: Eqwaak,0xfff9c908,28000004,1191,171,A Few Good Men
171,#9GJPJUQGJ,Xorox❤️‍🩹Byrox,0xffcb5aff,28000273,1189,172,Tribe Turkey
172,#PLGJJJC2Q,L7L7,0xffffffff,28000048,1187,173,معتزل
173,#802VG829,LuRkz🩵Sq,0xffff8afb,28000014,1184,174,Demise 🥀
174,#Y9J00PV98,VɪͲøʀ🎭ƧʜᴇɪӃ,0xfff9c908,28000234,1181,175,PanelinhaDVɪͲøʀ
175,#PQVUJJQJG,inquis🖤sober,0xffcb5aff,28000207,1178,176,IcedOut
176,#2220JVU8Y,WhyFlshhh?,0xffffffff,28000234,1176,177,
177,#9QJRGLU8Q,❦Ƭρ/ทigђƬ_ખѳℓԲ❦,0xfff9c908,28000345,1171,178,★the Players★
178,#QURRQP0JY,ϟWaskøv々™,0xffffffff,28000004,1167,179,
179,#P28J9J8QP,🌴HM| Pacify ツ,0xfff9c908,28000272,1166,180,🌴|<c3>HM</c>
180,#PL2P020J8,Núbis Gear 4,0xffffffff,28000317,1161,181,GamePlay D
181,#89JJV992Y,ZL|caldera,0xfff9775d,28000040,1157,182,めろんぱん食堂
182,#8JV08U8GR,NightMare❤️‍🔥,0xffcb5aff,28000280,1155,183,NHY E-SporTS
183,#PUUYYQPG,★彡ShaKa🌹頹,0xff1ba5f5,28000238,1155,184,🧀MUSSARELOS✨
184,#VCPJQQ,Jealous🤍Y,0xffffce89,28000196,1154,185,люблю даню<3💓
185,#PGY9ULY,PollitoMan,0xffffffff,28000348,1153,186,7 Dwarves
186,#9U0G8JPU2,mir,0xfff9775d,28000232,1153,187,Talents
187,#2P088J29C,Matt,0xffff8afb,28000333,1152,188,<c5>Just Us</c>
188,#QLCJGQUP,BOH|Diego💚Wolf,0xff4ddba2,28000320,1152,189,7 Dwarves
189,#8LC808G,Tuyu,0xff1ba5f5,28000349,1151,190,@Tuyu_Official
190,#PP8GYPRGP,WhyTrttt?,0xffffffff,28000212,1150,191,
191,#80QLC8292,🧀|FeLiPeᶠᵇˢ⚜️,0xffff9727,28000231,1150,192,🧀MUSSARELOS✨
192,#8UUJVVJGQ,jonh,0xfff9c908,28000053,1149,193,BS LEGENDS
193,#9G0GC9LJJ,danierrr🪽⁶⁹,0xffffffff,28000058,1149,194,люблю вику
194,#PU9LGQGQY,꧁❦🧀|ᴺⁱᶜᵏᶻⁱⁿヅ,0xff1ba5f5,28000207,1149,195,🌴<c5>|HM</c>
195,#YQUQUUG,Ferlol,0xff1ba5f5,28000294,1149,196,minuta:3
196,#9L0LCYGQ2,私|Byeasy💞私🐇,0xffffffff,28000348,1149,197,👑 The Kings 👑
197,#RGRYL0G,神|Noͥⱥzͣeͫττe🍃,0xffffffff,28000123,1149,198,Thunder⚡️
198,#LJJ22Y8V,łepkor🌹,0xffffffff,28000331,1149,199,HolyPower
199,#L8UPY2RCL,rr,0xfff9775d,28000050,1149,200,Z드래곤볼Z
