,tag,name,nameColor,icon,trophies,rank,club
0,#2JY2GQC0L,кruсtaлuк🤍1500,0xffffffff,28000210,1499,1,destroyers🦇
1,#Y0GLYCYVY,Maho❤️🔥,0xff1ba5f5,28000129,1449,2,<c0>ＬＯＮＥＬＹ★</c>
2,#92VJ8VQUP,🔥an_hayp🔥,0xfff05637,28000047,1400,3,
3,#VL0GPPJV,Physic Gear 5,0xfff9c908,28000014,1399,4,Eclipse 🌖
4,#9QRR2LL,BreNaaa💉,0xffffffff,28000136,1399,5,Memories World
5,#VLQPVPY,Naz❤️Hyra,0xffff8afb,28000303,1399,6,Fenernazçe 💙💛
6,#GRVL8ULV,陰|SuperLab ☯︎,0xff1ba5f5,28000141,1399,7,7 Dwarves
7,#2PQYVCP8G,COLORIDIN🏳️‍🌈,0xffff8afb,28000196,1399,8,White House🐻‍❄
8,#2PGGR8Y9P,Asuna Yuuki,0xff1ba5f5,28000201,1371,9,Follow?
9,#9PGYVLY9,M.P.Gamer,0xffff8afb,28000342,1357,10,Amore💘EU
10,#P8UGQ0882,Minterrr🪄,0xffffffff,28000102,1349,11,оупи челики
11,#8UQJPQVY2,CN |🐳Yagami☆,0xff1ba5f5,28000225,1349,12,
12,#2R82G0QY0,Loading...,0xffff8afb,28000098,1321,13,★the Players★
13,#VYGVV08Q,🍅domates,0xffffffff,28000261,1307,14,
14,#88JJLV020,𝑵𝒊𝒏𝒋𝒂☁️,0xffa2e3fe,28000058,1303,15,Apostles Creed
15,#PUJ8JCU2P,ѕυηѕє∂なさた🥷🤍,0xffff9727,28000337,1303,16,NA|Legends❤️‍🩹
16,#P0L99Y092,🎆NINJAGAMER🎆,0xffa2e3fe,28000263,1303,17,OverPowers
17,#YP28LYR8G,GHS|Phoenix ❦,0xfff9c908,28000213,1303,18,Ghost eSports
18,#GRLUYG0R,NiceShøt 🌓,0xffcb5aff,28000347,1302,19,Ex0tic-E-Sport
19,#2VQYL99JL,NA|Diego 🖤,0xffffffff,28000014,1301,20,HeadShoterZ💣
20,#8GV2CP2J8,☔ZORLU☔,0xffcb5aff,28000003,1300,21,<c0>ＬＯＮＥＬＹ★</c>
21,#9LY0YG9QP,を|Sed🍀,0xffa8e132,28000197,1300,22,DragonArmy
22,#JQVQYVY,Code: VTzim 🌑,0xffff8afb,28000339,1300,23,Eclipse 🌖
23,#VPGGUU9U,|🌬ŦƤ⋆SsnıɔıuıΛ,0xff1ba5f5,28000243,1299,24,★the Players★
24,#8JQGCVRG2,"m.ghost👻/""♪",0xfff05637,28000151,1299,25,
25,#2PU920U9C,₮Ɽ₩|VorteX❤🔥,0xffffffff,28000138,1299,26,Showdown💔Kings
26,#8LGVG0P88,Sunfote💞Zava,0xffcb5aff,28000333,1299,27,Showdown💘Kings
27,#P9UVCQ2U2,Amazing,0xffff8afb,28000337,1299,28,help ranks
28,#8888G9JG9,🥀𝐢𝐭𝐚𝐜𝐡𝐢☔,0xffff9727,28000349,1299,29,YT|CRESTALE🔥⚡
29,#8QJ0YUV8Q,千 | Kai,0xffa8e132,28000018,1299,30,Beyond Swift
30,#YVG2LJG,SN|scattered,0xff1ba5f5,28000285,1294,31,Talents
31,#R9RC9Q9,QLS 楤 Fubuкi 🐺,0xffffffff,28000305,1290,32,Brawlers Brasil
32,#2C9PLLUG8,Efecan|Apple♎🖤,0xffff8afb,28000321,1283,33,<c0>ＬＯＮＥＬＹ★</c>
33,#8PJRRG2C,SK|GuilleVGX,0xffa8e132,28000099,1282,34,CONEXIÓN
34,#L8UPY2RCL,rr,0xfff9775d,28000050,1280,35,Z드래곤볼Z
35,#Q9YC0J0G9,Rusya🤍Bloodyハニ,0xfff9c908,28000004,1276,36,KingdomRush
36,#V2CLUQY2,PrJ|HeyBrother,0xffcb5aff,28000305,1276,37,Ultra Showdown
37,#Y8082RLP,ł̇₵Ɇ ₥ØⱤ₮ł₴,0xfff9c908,28000262,1264,38,
38,#CVGQ28JQ,M小杉❕,0xffffffff,28000234,1261,39,ホネルトンズ
39,#2GP8RRLUJ,𝑹𝒆𝒎𝒐𝒎𝒆𝒏☃,0xff1ba5f5,28000339,1261,40,めろんぱん食堂
40,#Y8JQLUC09,♚Charlot・anan♚,0xffffce89,28000281,1260,41,ラーメン好きなルー🍜
41,#28CVQGURJ,kxrtofvl,0xffffffff,28000061,1259,42,UNDERDOG 🇵🇱
42,#PCRJYCG99,♚﻿Charlot･pika♚,0xfff9c908,28000020,1259,43,𝓘𝐥𝐨𝐧ଈ𝓜𝐚𝐧
43,#28LYUL8JP,𝙲𝚘𝚍𝚎ˢˣ❥𝙹en,0xffcb5aff,28000337,1257,44,🧀MUSSARELOS✨
44,#8C20RCL9L,POPEYE,0xff1ba5f5,28000352,1255,45,Easy Ltda
45,#JPGRR9UV,Bowserr🥷被,0xff1ba5f5,28000206,1255,46,Brawl King's
46,#89JUJUVYL,𝓓𝓸𝓻𝓪👻🐉,0xfff9c908,28000020,1255,47,❅︎Merryの家𓍄𓂃𓈒
47,#2YJLJGJVR,「ℳ𝒾𝑔𝒽𝓉𝓎」|戈,0xff1ba5f5,28000322,1254,48,Spike lovers 💚
48,#GLUPGRVUP,Kotuk🐱,0xffff8afb,28000299,1254,49,Masterpiece❤‍🩹
49,#9G9GYJ9J2,ωнiτєʑiท🤍ネヶマア,0xff1ba5f5,28000071,1254,50,
50,#CPYUR8QR,KD|Buff♡,0xfff9c908,28000132,1254,51,Quant ESports🐾
51,#L82U9CVPQ,ᴼᵖɳe̷żu̷ҟσ🥀×᷼×,0xffff9727,28000213,1253,52,🧀MUSSARELOS✨
52,#8VPGUR90Y,MorteAosFranks,0xffa2e3fe,28000275,1253,53,Easy Ltda II
53,#889PC8J0Q,𝐅𝐚𝐭𝐞ˣᵈ❦내̶가̶,0xffffffff,28000068,1253,54,Crazy op🫠
54,#92C08YG00,愛~Not HumanZ❖,0xffff9727,28000033,1253,55,HeadShoterZ💣
55,#RY0GVQ2U,Daisy❦ⁿᵃᵐᵉ,0xff1ba5f5,28000347,1253,56,Illusion Gaming
56,#GRU992LGV,³Xmæster's❦,0xffff9727,28000020,1253,57,
57,#LRLQPU09,Quantic 🌵,0xffa8e132,28000284,1253,58,LA Global
58,#29JUPYJ0G,𝙐𝙣𝙝𝙤𝙡𝙮🩸,0xffff8afb,28000304,1253,59,HeadShoterZ💣
59,#2GYY989GU,あ|Nouggetシ🦋,0xffa8e132,28000075,1253,60,VV eSport
60,#LVV00982,Killyöu☪︎👼,0xff1ba5f5,28000300,1253,61,🔥Blaze Soul🔥
61,#9C2QCC9PU,Savageˢᵒˡᵒ | 💜,0xffcb5aff,28000003,1253,62,TheBrawlingKiwi
62,#Y88QYRPRC,₮₱ ¥¥₳₦ ₲₳ɃɌƗɆⱠ,0xfff05637,28000334,1253,63,Kings United II
63,#2VC2QCQ,あ|Ghost 🎭,0xffff8afb,28000336,1253,64,★the Players★
64,#9UPVL2PGJ,えだまめ⛄️,0xff1ba5f5,28000150,1253,65,
65,#2J9RUVRQP,Hyra,0xffffffff,28000233,1253,66,★₮ĦɆ ₱Ⱡ₳¥ɆɌ$2 ★
66,#PQJVG9LG2,REX Kai💫🥀,0xff1ba5f5,28000110,1253,67,REX💫
67,#8GQQCLYL2,❥베키ᵀᴱᴬᴹ,0xff1ba5f5,28000207,1253,68,Illusion Gaming
68,#9GJ9CUQYY,AO|SLAYER❤️🔥,0xffff9727,28000090,1253,69,Night Stars
69,#2YRUURC90,⛩️|Meͥssͣiͫ64|⚡,0xffff9727,28000090,1253,70,DEMONS PARADISE
70,#PYPQUG80,Zava💞Sunfote,0xffff9727,28000195,1253,71,Showdown💔Kings
71,#LJPQ9QCPV,Lukas🤍Thays,0xffffffff,28000014,1253,72,Noob Gang
72,#YY9RR2L2P,♛해왕 포세이돈｜별💫,0xfff9c908,28000139,1253,73,REX💫
73,#8089VYY,•Kāfāøtıs⁴🍣,0xffcb5aff,28000201,1253,74,GoatLife
74,#290LJC89U,L1S|Unique❦,0xffa2e3fe,28000035,1253,75,Night Stars
75,#2PLYGLPPJ,Joel玄,0xffff9727,28000020,1253,76,
76,#P9RLCJ8UC,ZL|Kinkuni,0xffa2e3fe,28000098,1253,77,レインボーの風船
77,#80JCQJRLV,REX Mat🌸,0xff4ddba2,28000110,1253,78,YT|CRESTALE🔥⚡
78,#PY9982U8P,➪Nil⁰² 🍓,0xfff9775d,28000200,1253,79,TT: niiil_06
79,#VULUQUY8,Davoxさなチズ,0xffffffff,28000218,1253,80,TT: niiil_06
80,#RPVU2L29,ᴼᵖɱa̷ṡ†e̷ꭆ🥀×᷼×,0xffff8afb,28000097,1253,81,🧀MUSSARELOS 2✨
81,#P9YPY9U8J,MeTa | duo♡van,0xff4ddba2,28000262,1253,82,TyM`eSports
82,#2PGY2CL2P,德国 | ᴛʜᴇ ᴇɴᴅ༒,0xffffce89,28000020,1253,83,New Community
83,#8RYL2C00G,『Lucy』,0xffff9727,28000098,1253,84,Illusion Gaming
84,#PJYUUCCPC,でぃあぴの‪ღ,0xffcb5aff,28000210,1253,85,Excellent🏆
85,#9QG89UV0Y,『𝕽𝖆𝖚𝖑❦︎』,0xffcb5aff,28000014,1253,86,TT: niiil_06
86,#80QLC8292,🧀|FeLiPeᶠᵇˢ⚜️,0xffff9727,28000231,1253,87,🧀MUSSARELOS✨
87,#RPU90PVJ,Inveja,0xfff9c908,28000129,1253,88,🧀MUSSARELOS✨
88,#9QV8V0L2C,あ|7izzi🍁,0xffcb5aff,28000200,1253,89,🧀MUSSARELOS 2✨
89,#9CG8LJU8,『ᴵ ᵃᵐⱧ₳₥Ⱬ₳🎭🥀』,0xffcb5aff,28000293,1253,90,Tribe Turkey
90,#JP9P0LJG,Byrox❤️‍🩹Xorox,0xff1ba5f5,28000302,1253,91,ᴅᴀɪʟʏ
91,#QLVQQ2G0,🎭L u i z👻,0xff1ba5f5,28000135,1253,92,★the Players★
92,#JGCCCQG9,leave a regret,0xff4ddba2,28000341,1253,93,we love rabbits
93,#2Y2Y99GQR,VizeZ,0xffffffff,28000230,1253,94,Ex0tic-E-Sport
94,#2ULPP08Q,™イｃｈｏｖｚＺ²⁰⁰⁰,0xffff9727,28000095,1253,95,★the Players★
95,#PPQQJQPQU,愛Astrø 🖤,0xffffffff,28000018,1252,96,🧀MUSSARELOS✨
96,#8UGPGPP89,FMG | Higasᴷⁱⁿᴳ,0xfff9c908,28000139,1252,97,ZETA|DIVISION'S
97,#29LVRQV2L,ENVY|LelOP ❦,0xff1ba5f5,28000200,1252,98,Brawl Kings's
98,#2UJQQ0YL,TOC,0xfff9c908,28000212,1252,99,anyway🤷🏻‍♂️
99,#YVRLRU9RQ,Koban🐗Wegiᴳᵒᵈ,0xffffffff,28000090,1252,100,HolyPower
100,#2JYGUYUG,AAMIR LORD,0xffffffff,28000207,1252,101,CHEESEFOREVAR
101,#82JYRV9RQ,BABADOOK,0xffcb5aff,28000112,1252,102,Импрессив
102,#9Q22VU9V8,𝐑ℯ𝕒𝖕έ𝒓ᵗʷᵐ💞,0xffffce89,28000005,1252,103,IMMORTAL SOULS
103,#PLQ0PYJVV,THB|Pipe♟️,0xffff8afb,28000262,1252,104,7 Dwarves
104,#GCQVYGJU,Netlook#1,0xffff8afb,28000349,1252,105,Las Diablitas🧘
105,#99209G92Y,如图|Scar♡,0xffff9727,28000041,1252,106,A<c0>B</c>
106,#8URCLRY8,球隊|RoUND🌠,0xfff9c908,28000061,1252,107,My social media
107,#88YJV08U2,❣️MASOOM❣️,0xffffffff,28000139,1252,108,
108,#82UCLY9C8,Kronos🇧🇷,0xffff8afb,28000029,1252,109,Brawl King's
109,#GQ9G9V0U,Jack 🔱,0xffff9727,28000098,1252,110,<c9>ゑRAVENゑ</c>
110,#LUJYJUR0L,〇〇マン2号,0xffa2e3fe,28000241,1252,111,Excellent🏆
111,#RRJ8Y00,Fraax🐝,0xffcb5aff,28000347,1252,112,Wasted🥱
112,#QRUQQLV0,Code: Nukleo,0xffa8e132,28000186,1252,113,LA Instinct
113,#29RP882G8,Zyroラ,0xffffffff,28000129,1252,114,TT: niiil_06
114,#JPV0PQGR,ғ¡яεʑiท🖤ネヶマア,0xffcb5aff,28000281,1252,115,Magics🐉
115,#QR2GC8V,BKB|❄IC£CRØW❄,0xfff9c908,28000348,1252,116,Tribe Turkey
116,#VG98VPLY,Speed,0xfff9c908,28000291,1252,117,Beyond Alpha
117,#9GJPJUQGJ,Xorox❤️‍🩹Byrox,0xffcb5aff,28000273,1252,118,Tribe Turkey
118,#YRUP8VJ,あ|ADITYA 🥀,0xffff9727,28000151,1251,119,PAK CHAMPS
119,#8VQ08LVLU,❤️🌑SHIVAM🌕💛,0xffa8e132,28000003,1251,120,DEMONS PARADISE
120,#20CJVQQYU,[₮₱] ₱ɆⱠ₳Ɖ₳Ø,0xffcb5aff,28000291,1251,121,★the Players★
121,#PYPYRPGJV,𝑱𝒖𝒔𝒕 𝑴𝒆🥀,0xffffce89,28000347,1251,122,★the Players★
122,#LRJ9YYQL,☞Տӈᴀ⚜ᴅᴏΧ๛,0xffffce89,28000014,1251,123,CONEXIÓN
123,#9RPPY2CCJ,Crazy|Arukir🫠,0xffffffff,28000206,1251,124,Crazy op🫠
124,#PJGRPUPPR,🔥*฿Ɇ₭łⱤ₦₲*🔥,0xffff9727,28000346,1251,125,GOOD BYE TAHA
125,#2GLPR9YRQ,助けて♟️,0xffffffff,28000305,1251,126,<c0>Mate</c>
126,#2ULUP8VG9,ぜ|КеКzzz🌖,0xffff9727,28000003,1251,127,ᴅᴀɪʟʏ
127,#PQ09LC889,sinaayy🤍kアナー,0xffff8afb,28000196,1251,128,luv sinayy.🤍🪽
128,#Y8RLJR8,<c4>AQUA</c>,0xff4ddba2,28000323,1251,129,○○○
129,#89R0QCCGV,DS|Abaddon,0xffff9727,28000262,1251,130,Noob Gang
130,#8JLRVYRU,- NOZÉ -,0xffa8e132,28000194,1251,131,★the Players★
131,#YGQYGCR,Portox😡,0xff1ba5f5,28000191,1251,132,Blue Label
132,#YGGL29R,OP | PrOROD13,0xff1ba5f5,28000346,1251,133,🧀MUSSARELOS 2✨
133,#9LC9VP8QR,笑っちゃう男,0xffffce89,28000203,1251,134,レインボーの風船
134,#JV2L02VV,SíJaauaq,0xffff8afb,28000303,1251,135,
135,#8UYJPU090,衣 | 🧞𝔉𝒍𝐩𝒛ツ,0xffff9727,28000259,1251,136,Easy Ltda II
136,#8VQPLRUY9,♛︎ 해왕포세이돈|호시🫧,0xffffffff,28000221,1251,137,Excellent🏆
137,#28YCUGPJC,Niki♡JoJo,0xffff8afb,28000044,1251,138,Showdown💔Kings
138,#2L2Y9Q2QJ,Shêrlôck♕,0xfff9c908,28000017,1251,139,Tribe Turkey
139,#2V0PL9999,TyM|Mxke🦁,0xffff9727,28000263,1251,140,TT: niiil_06
140,#80GPQ2RGP,薙| Juice🧃,0xff4ddba2,28000337,1251,141,Tribe Turkey
141,#V0YVP28,Maninho YT BS,0xffff8afb,28000138,1251,142,🧀MUSSARELOS✨
142,#P99QGPLU2,Davex,0xffffce89,28000129,1251,143,Brawl King's
143,#9QJRGLU8Q,❦Ƭρ/ทigђƬ_ખѳℓԲ❦,0xfff9c908,28000345,1251,144,★the Players★
144,#YR2RY9Y2L,あ | 𝓐𝓻𝔀𝓪🥀,0xffcb5aff,28000224,1251,145,weird gamers
145,#8UJC08UYL,ᴼᵖᵭҟe̷🥀×᷼×,0xffcb5aff,28000330,1251,146,🧀MUSSARELOS✨
146,#9CYGVQVJ9,⛩️|RASHED🥀,0xffcb5aff,28000085,1251,147,Skills4Life
147,#8R8V9V8JG,REX kinako💫🧨,0xffff8afb,28000340,1251,148,REX💫
148,#22GURLG00,NoRvie 〆,0xffff8afb,28000054,1251,149,
149,#PL92YG8R,Եρ ՐɿՇk☆*❥⃝*,0xff4ddba2,28000341,1251,150,★₮ĦɆ ₱Ⱡ₳¥ɆɌ$2 ★
150,#GU220LGG,GHS|PatricK👻,0xffff8afb,28000211,1251,151,Ghost eSports
151,#22CVJYYL0,GHS|Okami ᵍʰᵒˢᵗ,0xff1ba5f5,28000345,1251,152,Ghost eSports
152,#90U99JJLY,Capricórnio ♑,0xffcb5aff,28000305,1250,153,🧀MUSSARELOS 3✨
153,#289QGVYRQ,TyM|Ârda🦁,0xffff9727,28000014,1250,154,TyM`eSports
154,#2QJPQJ2P,STMN|Pory♟️,0xffffffff,28000305,1250,155,<c0>Mate</c>
155,#C2CULQP0,❤️‍🔥Mazoex♛,0xff1ba5f5,28000314,1250,156,VV eSport
156,#LPGYQ9CCV,Йeo:)🩵,0xff1ba5f5,28000134,1250,157,レインボーの風船
157,#Y029GG28V,Noah↯Iceღ,0xffffffff,28000222,1250,158,𝐂𝐡𝐞𝐞𝐫 𝐮𝐩
158,#2CUVQVGQ,𝓢𝓟❦𝕹𝖔̈𝖎𝖗,0xffff9727,28000230,1250,159,Excellent🏆
159,#RRQQJPG2,Rabbithop,0xff1ba5f5,28000349,1250,160,we love rabbits
160,#P82QPG9R,ᴀᴋᴋɪ🎭,0xffcb5aff,28000294,1250,161,WESH WORLD
161,#UJRRQV92,✧k̤̮a̤̮z̤̮ṳ̮✧,0xff1ba5f5,28000261,1250,162,Venus
162,#P22J2C99,Roberth BS を,0xff1ba5f5,28000276,1250,163,Patas de Nita
163,#P22J8JP8,ZETA | BADBOY,0xffff9727,28000284,1250,164,No Mercy
164,#22C0GV9CR,NoCrow,0xff1ba5f5,28000207,1250,165,HeroWarriorsTR
165,#LP8QV80Q,CM|Fly🖤,0xffcb5aff,28000137,1250,166,Showdown💔Kings
166,#Q8Q9R9Y8C,Ares✯,0xffffffff,28000331,1250,167,Golden Age
167,#82LRGLQ02,あ| 𝓕𝓪𝓱𝓪𝓓🥀,0xff1ba5f5,28000283,1250,168,OG Mute
168,#Y0VPJ89Q,Ｓㄚ 么 乙 ツ,0xffffce89,28000237,1250,169,Quant ESports🐾
169,#G8P8J90J2,MeTa | duo♡van,0xffffffff,28000298,1250,170,оупи челики
170,#22Q0J0P2P,LUCKRASS,0xffa8e132,28000210,1250,171,BC*|Family*
171,#2JCVYJRRJ,Yozöra:)🩵,0xffcb5aff,28000334,1250,172,レインボーの風船
172,#8LLJ92VQ,あ| 𝓐𝓱𝓶𝓮𝓓🥀,0xff1ba5f5,28000349,1250,173,OG Mute
173,#QUYCVC2,STMN | sans,0xffa8e132,28000136,1250,174,STMN Esports
174,#LQ8Y2PQC,MMs🌙Nemuo,0xfff9775d,28000221,1250,175,コーナーで差をつけろ！
175,#88V8UUGRG,おにまる〜♬︎おぅおぅ⤴︎︎︎,0xffffce89,28000035,1250,176,たつきすねげ
176,#22LQGCYUP,Pumm,0xffffffff,28000118,1249,177,Quinx Academy
177,#88RGGCVQJ,My heart in AUS,0xff4ddba2,28000092,1249,178,ハナクソタケシ
178,#8J9PPC880,𝐁𝐫𝐞𝐞𝐳𝐲❦,0xffcb5aff,28000218,1249,179,🧀MUSSARELOS✨
179,#2J2PJ0UV,ikarosita,0xffa8e132,28000136,1249,180,Humble Grinders
180,#2PGRRQRV0,bot luc,0xffcb5aff,28000224,1249,181,Sede de Poder
181,#8CVCJVVV9,Եթ Շαɱเℓα ☆*❥⃝*,0xffff9727,28000302,1249,182,★the Players★
182,#82C9PYG8V,ᴳᵒᵈ♔𝑚𝑖𝑘𝑒𝑦个,0xff1ba5f5,28000000,1249,183,ᴳᵒᵈ♔𝐓𝐨𝐤𝐲𝐨个
183,#2RQGVLRVG,₹GuilleX,0xffff8afb,28000036,1249,184,No Mercy
184,#YRURQRPUR,Skibidi Chipz,0xff1ba5f5,28000018,1249,185,Talents
185,#LVQLJLPRU,GreenDAY🦠💚,0xffa8e132,28000323,1249,186,ずっと昼間でいいのに
186,#8QY2Y80CG,godikk❤️‍🔥,0xffcb5aff,28000014,1249,187,Ex0tic-E-Sport
187,#VC9P2YR,愛Aʟᴘʜᴀᴼᵖ❤,0xffff9727,28000272,1249,188,
188,#89YL8VC,|🌬тρ⋆SsoɔɹɐW彡,0xffff9727,28000349,1249,189,★the Players★
189,#8RJY99YGG,𝘡𝘪𝘭𝘭𝘢💀,0xfff9c908,28000279,1249,190,Beyond Fresh
190,#2G2VVUR80,〆𝓢𝓲𝓷𝓼𝓽𝓻🎈,0xffffffff,28000139,1249,191,Family 69 💯🦾
191,#2R2V00JJ,𝙳𝚎✗𝚝𝚎𝚛ｱ,0xfff9c908,28000272,1249,192,Dr eSports
192,#2CPJ29GG9,Arcana|kuro❦,0xffa2e3fe,28000014,1249,193,アレキサントロス
193,#8CYUUPP2L,dum,0xff1ba5f5,28000017,1249,194,楤|FRIENDS🖤⇝
194,#2J28R0UPC,🍼鬼ばぶちゃん🍼,0xfff9c908,28000002,1249,195,Excellent🏆
195,#Y28PL2Q0V,I’m xenoxz 🕊,0xff4ddba2,28000140,1249,196,Dysphoria
196,#8U82JV20,ᴳᵒᵈᴍᴇᴛɪ 🤲🏼📿,0xffffffff,28000000,1249,197,Night Stars
197,#8J9PV8RUY,GW|Jaydan,0xffff8afb,28000230,1249,198,Golden Age
198,#9UVLYVLPU,❄️lce Joker❄️,0xffffffff,28000230,1249,199,
199,#9P0QYJ98L,確朝〆ワンコ,0xffa2e3fe,28000349,1249,200,ぽこ様を守り隊
