,tag,name,nameColor,icon,trophies,rank,club
0,#VL0GPPJV,Physic Gear 5,0xfff9c908,28000014,1499,1,Eclipse 🌖
1,#Q2JVVRJVJ,tengo novia🥰,0xffffffff,28000075,1403,2,
2,#20L88L2J,FUT | LeNain,0xffff8afb,28000321,1387,3,A Few Good Men
3,#P8RQ90UY9,FMG | Vitorᴷⁱⁿᴳ,0xffffce89,28000349,1349,4,Ex0tic-E-Sport
4,#P9UVCQ2U2,Amazing,0xffff8afb,28000337,1349,5,help ranks
5,#VYGVV08Q,🍅domates,0xffffffff,28000261,1337,6,
6,#C2CULQP0,❤️‍🔥Mazoex♛,0xff1ba5f5,28000314,1303,7,VV eSport
7,#8GV2CP2J8,☔ZORLU☔,0xffcb5aff,28000003,1302,8,<c0>ＬＯＮＥＬＹ★</c>
8,#2PGGR8Y9P,Asuna Yuuki,0xff1ba5f5,28000201,1302,9,Follow?
9,#9GJPJUQGJ,Xorox❤️‍🩹Byrox,0xffcb5aff,28000273,1301,10,Tribe Turkey
10,#JQVQYVY,Code: VTzim 🌑,0xffff8afb,28000339,1266,11,Eclipse 🌖
11,#92C08YG00,愛~Not HumanZ❖,0xffff9727,28000033,1253,12,HeadShoterZ💣
12,#RVLQ0VUR,风暴|kerem🎃,0xffff9727,28000257,1253,13,ᴅᴀɪʟʏ
13,#8289PG99Q,愛~ZartyZ❖,0xff4ddba2,28000140,1253,14,艾~ℰ𝓈𝓅ℴ𝓇𝓉
14,#9GCCJJLYU,Slayer❤️‍🔥,0xffffffff,28000014,1253,15,🧀MUSSARELOS✨
15,#JC20PGQG,愛•τσiʑʑi ↯,0xffff8afb,28000129,1253,16,🧀MUSSARELOS 2✨
16,#GJV90V22Q,киска эль примо,0xffffffff,28000229,1252,17,
17,#99RRC99LP,farm😼кαдєiн,0xffffffff,28000122,1252,18,Masterpiece❤‍🩹
18,#R2R2JV9C,S4W|Aste❤️‍🔥,0xffff8afb,28000214,1252,19,Spain4Win
19,#9RUJLQYJ0,🎭𝒟𝑒𝒶𝓉𝒽🎭,0xffffce89,28000148,1252,20,
20,#2VCR08Q92,シ︎𝕊𝕖𝕣𝕣𝕒⌫☯︎,0xffff8afb,28000291,1251,21,IG|Guiserrabs
21,#PUJ8JCU2P,ѕυηѕє∂なさた🥷🤍,0xffff9727,28000337,1251,22,NA|Legends❤️‍🩹
22,#889VRC0QJ,🦅|Matheo>.<,0xffffffff,28000197,1251,23,
23,#8LJR900GU,Murât♛,0xffcb5aff,28000191,1251,24,ᴅᴀɪʟʏ
24,#99UJVQV08,Yunus❤️🔥,0xff1ba5f5,28000175,1251,25,
25,#QR2GC8V,BKB|❄IC£CRØW❄,0xfff9c908,28000348,1251,26,Tribe Turkey
26,#8YJ2L0QQ8,🥶|Seraph❄️,0xffff8afb,28000129,1250,27,PIG HUNTERS
27,#9UG08PQUY,xSkywalker🦋ま,0xff1ba5f5,28000135,1250,28,Quant ESports🐾
28,#2ULUP8VG9,ぜ|КеКzzz🌖,0xffff9727,28000003,1250,29,ᴅᴀɪʟʏ
29,#YGQYGCR,Portox😡,0xff1ba5f5,28000191,1250,30,Blue Label
30,#9P080U9L,riptideyls🔪,0xff1ba5f5,28000244,1250,31,Illusion Gaming
31,#2CUYQ8RQC,🥷🏿,0xffffffff,28000272,1250,32,
32,#JV2L02VV,SíJaauaq,0xffff8afb,28000303,1250,33,
33,#PYPQUG80,Zava💞Sunfote,0xffff9727,28000195,1250,34,Showdown💔Kings
34,#8JV08U8GR,NightMare❤️‍🔥,0xffcb5aff,28000280,1250,35,NHY E-SporTS
35,#QUYCVC2,STMN | sans,0xffa8e132,28000136,1250,36,STMN Esports
36,#82GC0CU8,XP|beko🦊,0xffff9727,28000223,1250,37,
37,#QRUQQLV0,Code: Nukleo,0xffa8e132,28000186,1250,38,LA Instinct
38,#89UPQJJVV,+BraboX 🎩,0xffa8e132,28000236,1249,39,Ghost Team👻☔
39,#80UP02L9G,wiz🧛🏼‍♀️,0xffff8afb,28000097,1249,40,Ash's Club
40,#J8UR8002,SKC | Prozy,0xffa8e132,28000029,1249,41,Emi's bar 🍻
41,#82PQUPGU0,Ryohei🐬,0xff1ba5f5,28000240,1249,42,数え役満🀄️
42,#PGL2UL0CR,SS+|Psychokid,0xffffffff,28000164,1249,43,Talents
43,#2YYL89J8G,psychc🦈,0xffffffff,28000003,1249,44,🌴|<c3>HM</c>
44,#GRC8GRQUY,XP|Ali🦊,0xffcb5aff,28000352,1249,45,Future Talents
45,#90JCCGPGL,Georgeッ,0xffff8afb,28000081,1249,46,AFGM GENESIS
46,#PQQRJUPY,FMG| 𝕭єℓℓσ🍄,0xffffce89,28000349,1249,47,Ex0tic-E-Sport
47,#GJJQPYC9,Storm🪐,0xffcb5aff,28000345,1249,48,GAMEOVER
48,#8VP882CR2,♡Mr_ido♡,0xffcb5aff,28000041,1249,49,Tribe Turkey
49,#P8QVC0UP,あNеох🖤,0xffcb5aff,28000010,1249,50,We❤️‍🩹Showdown
50,#9QUURV02U,kuraiiiiiiii,0xfff9c908,28000175,1249,51,Team Alpha
51,#2Q2JQURJR,あSerhâtt❤️‍🔥,0xff1ba5f5,28000297,1249,52,NHY E-SporTS
52,#GVJ82JR8,Kazumi,0xffcb5aff,28000291,1249,53,Ex0tic-E-Sport
53,#GYJVPU8V,𝓯𝓶𝟐𝟏𝟎,0xffffffff,28000125,1249,54,gloria🎈
54,#PC9LPPYV,Nico❤️Heys,0xff1ba5f5,28000196,1249,55,No Mercy
55,#8LQPUQ8GU,◇gøđ◇Ąňūb¡§◇,0xfff9c908,28000109,1249,56,The PoTaToes
56,#9L0UQRPJJ,İRONMAN,0xffcb5aff,28000314,1249,57,₮Ɽ₩`eSports
57,#8YJ222982,Lil Explosive ツ,0xffff9727,28000242,1249,58,Allied Exiles
58,#Y0GLYCYVY,Maho❤️🔥,0xff1ba5f5,28000129,1249,59,<c0>ＬＯＮＥＬＹ★</c>
59,#RRQQJPG2,Rabbithop,0xff1ba5f5,28000349,1241,60,we love rabbits
60,#QGLCPJ2J,Ansel,0xff1ba5f5,28000014,1238,61,CHEESEFOREVAR
61,#J8YPGR,Twitch: Tobi,0xffcb5aff,28000000,1237,62,Brawl King's
62,#98QJC2YPU,LUCİ😈,0xffcb5aff,28000194,1235,63,Tribe Turkey
63,#8LQ9JR82,Code: Eqwaak,0xfff9c908,28000004,1221,64,A Few Good Men
64,#202RGUPUG,☆FrankensteIn☆❤,0xffcb5aff,28000170,1220,65,Quant ESports🐾
65,#GRCYVRJG,Edgar🤍æ,0xffff9727,28000176,1212,66,7 Dwarves
66,#8PJRRG2C,SK|GuilleVGX,0xffa8e132,28000099,1211,67,CONEXIÓN
67,#PUUYYQPG,★彡ShaKa🌹頹,0xff1ba5f5,28000238,1207,68,🧀MUSSARELOS✨
68,#GV00QCYL,ɆⱠĐł₦™×͜×,0xfff9c908,28000019,1205,69,🧀MUSSARELOS✨
69,#P2R9VG2Q0,Shadow❤🩹Xorox,0xff1ba5f5,28000167,1204,70,
70,#YV8LLGV2,ϲʊʈɛ Ƥɩɳɛ >.<,0xffffffff,28000321,1204,71,TT: niiil_06
71,#889V8GQUV,•ʀɢ|ᵒᵖᴡᴇᴀᴢᴢʏ♛,0xfff05637,28000097,1204,72,𝙳𝚊𝚛𝚔🥀
72,#PJG9C8RLG,Yusuf❤️‍🔥,0xffff8afb,28000321,1204,73,GARLOŞ
73,#P8U8JQLG,感|WarMan⚔️,0xff1ba5f5,28000148,1204,74,OG Mute
74,#9VU9R2LY,Terry!,0xffffffff,28000081,1203,75,✌️✌️✌️
75,#2CY898QJ0,єηισ ƒαιχα⁷ 🥋,0xffcb5aff,28000224,1203,76,Candangos do BR
76,#P99QGPLU2,Davex,0xffffce89,28000129,1203,77,Brawl King's
77,#9UYUY9Y0C,在樹上澆水的芽芽王,0xffffffff,28000120,1202,78,一生只愛滴答2
78,#CGQCYJGY,TTV | SnakeThug,0xfff9c908,28000341,1202,79,Deadly Vipers🐍
79,#CPPV2PQG,MeliodasBot🐐,0xffa8e132,28000006,1201,80,No Mercy
80,#8R99PJ890,xSkylasz•,0xffff9727,28000321,1201,81,Vitality
81,#8P8VPQQR9,Dxarkie😈,0xffffffff,28000174,1200,82,TeamHard
82,#2C2CVCG0,•Adriel🪬,0xfff9775d,28000302,1200,83,Elite Latina
83,#P28J9J8QP,🌴HM| Pacify ツ,0xfff9c908,28000272,1200,84,🌴|<c3>HM</c>
84,#2LJ9QCCL,tedd💞💞,0xffffffff,28000112,1200,85,
85,#J8URCRCJ,vxdka :p,0xffff9727,28000095,1199,86,No Mercy
86,#999YGVQ,GianFranco:D,0xff1ba5f5,28000010,1199,87,TB|Team Bull
87,#GV990V20V,Dab💜Heist,0xff1ba5f5,28000175,1199,88,
88,#9YYPQ29LV,Salty.,0xff1ba5f5,28000322,1199,89,
89,#P9CP000Y8,𝐅𝐚𝐛☔,0xffffffff,28000109,1199,90,
90,#20RPYGP9V,御坂20000号,0xff1ba5f5,28000066,1199,91,✦Brawl Stars✦
91,#JR90GQ0G,ㅹ|ᴜɴɪᴄᴏʀɴ🖤,0xff1ba5f5,28000333,1199,92,AxE Gaming
92,#YPVU2GJP,Jair 🐧,0xffff9727,28000279,1199,93,<c5>Orbit.</c>
93,#28Q9PYQR2,❦Janey🧸,0xfff05637,28000347,1199,94,
94,#88LPJRV0U,Skullgrin,0xffffffff,28000010,1199,95,sSg | iX gAmIng
95,#VGLY2G88,はRyuji🍢,0xffffce89,28000247,1199,96,
96,#2P088J29C,Matt,0xffff8afb,28000333,1199,97,<c5>Just Us</c>
97,#20P2GP99,Ducky🐝,0xffa8e132,28000136,1199,98,NA Friends
98,#8LYQPLP29,🖤MKZ🖤,0xffffffff,28000032,1199,99,ᴅᴀɪʟʏ
99,#2RJYYQU2C,Kiri damn.,0xffff9727,28000108,1199,100,pusinig4
100,#G0902J08,Pathfinder,0xff1ba5f5,28000202,1199,101,∞黄金のたまご∞ ♠️
101,#8UJC08UYL,ᴼᵖᵭҟe̷🥀×᷼×,0xffcb5aff,28000330,1199,102,🧀MUSSARELOS✨
102,#JGCCGY80,prostislavv,0xffff9727,28000042,1199,103,BOBR gaming
103,#U2PRPLP,OU鸥,0xffffffff,28000341,1199,104,anyway🤷🏻‍♂️
104,#LY9YGYP,I freaked out,0xffcb5aff,28000284,1199,105,Cryptic
105,#YRJUL0GG,BOH|Wolf❤️Diego,0xff4ddba2,28000349,1199,106,Unión Soviética
106,#99YL0PV9V,𝐍𝐓|𝐋𝐮𝐢𝐬𝐮,0xffffce89,28000349,1199,107,✌️✌️✌️
107,#9P2CUYJ8P,Scared,0xff4ddba2,28000167,1183,108,
108,#VPGGUU9U,|🌬ŦƤ⋆SsnıɔıuıΛ,0xff1ba5f5,28000243,1182,109,★the Players★
109,#P988VLGR,귀염뽀짝지훈공주님🧸,0xffffffff,28000112,1175,110,Asteroid
110,#2C0CJ2QPC,KáBúS♛,0xfff9c908,28000017,1173,111,Tribe Turkey
111,#88V8UUGRG,おにまる〜♬︎おぅおぅ⤴︎︎︎,0xffffce89,28000035,1173,112,たつきすねげ
112,#2CYJ0Q99Q,tostadas,0xffffffff,28000046,1169,113,STMN Esports
113,#28CVQGURJ,kxrtofvl,0xffffffff,28000061,1163,114,UNDERDOG 🇵🇱
114,#2CVPQJV9L,Duo♡Boki🐝,0xffffffff,28000097,1158,115,DEMONS PARADISE
115,#8QY2LYUPP,Kwrak❤️🔥,0xff1ba5f5,28000004,1153,116,Jester S@n@ne
116,#2JPQQ2202,Viperは大胆不敵,0xffffffff,28000014,1153,117,Creative Legend
117,#LJPQ9QCPV,Lukas🤍Thays,0xffffffff,28000014,1153,118,Noob Gang
118,#P9UPCG0JY,Xavi🧩,0xff4ddba2,28000290,1153,119,Beyond Champs
119,#8C0PLGQRV,Duo♡nubik,0xff4ddba2,28000254,1152,120,Quant ESports🐾
120,#PL2P020J8,Núbis Gear 4,0xffffffff,28000317,1152,121,GamePlay D
121,#80808J2QV,🪐ᴳᵒᵈνϟcᴛᴏʀ 🜲,0xff4ddba2,28000140,1152,122,Tribe Turkey
122,#28UURPLGU,DL|ℬℯ𝓃𝒹𝓎🀄,0xffff8afb,28000349,1151,123,DrachenLegion
123,#809ULJU2,KLIMtm,0xffffffff,28000151,1150,124,take a break.
124,#2PVVVJ2CY,戈Zheng🌘,0xff1ba5f5,28000304,1149,125,Ro_Thunders
125,#GGUQCG0G,KaioDog,0xffff8afb,28000349,1149,126,
126,#UVQVJP0,Tribe | Lipe╰☆╮,0xffff8afb,28000333,1149,127,The Crias🐉
127,#29L028GQL,Djahsta,0xffff9727,28000306,1149,128,BC*|Family*
128,#RJVPU8P,The Informant,0xff1ba5f5,28000018,1149,129,Dog Walkers
129,#2QUQQUCL,Bīlúūùx 便便饼,0xffa8e132,28000136,1149,130,Allez Laaa
130,#2QPJQ8QRQ,bagi,0xff1ba5f5,28000335,1149,131,Brawl King's
131,#UG8U2PVP,Meeeccc🖤,0xffffffff,28000029,1149,132,AFGMela
132,#202QJ9V8,⚘Polar🌕,0xffffce89,28000175,1149,133,United Stars ✨
133,#JGY9YCQU,Galaxy|うるふღ,0xffa2e3fe,28000293,1149,134,うるふファンクラブ🪄✨🪄✨
134,#YPP02G9L,Mxrf 🐝,0xff1ba5f5,28000291,1149,135,Beyond Washed
135,#9YUJP2QGP,FC | Reverse🌑,0xffff9727,28000341,1149,136,Fora da Curva®
136,#2CJ8LQ9U0,Hurricane🌪️,0xff1ba5f5,28000209,1149,137,Ꝉҽʂ ҠìӀӀҽɾʂ ™💣
137,#R9CCLP8Q,rafiki 水,0xffffffff,28000346,1149,138,fatherless
138,#8CCV9JQU8,Shazam〆,0xffffffff,28000008,1149,139,
139,#808JYV089,본우❦(本),0xff1ba5f5,28000019,1149,140,홀릿군단
140,#8YUQJQ0VG,FST | MECHA,0xffcb5aff,28000274,1149,141,
141,#8982YUJJJ,🌴Exotic | Cu6e,0xffffffff,28000175,1149,142,Vital Empire⛩️
142,#8J090CUYY,CIPA_LOVEJOHN😡,0xffa2e3fe,28000279,1149,143,Włodarze Ognia
143,#ULGLR9LV,Nubz ❤️‍🔥,0xffffffff,28000138,1149,144,Beyond Kratos
144,#U92CLQ0Q,麗ⁱᵗᵃᶜʰⁱ ᵍᵒᵈ🌀,0xfff9c908,28000130,1149,145,
145,#9Q9C9JU0,Lavastoviglie™️,0xff1ba5f5,28000069,1149,146,F/A India
146,#9LY90298P,疲 | Akuma ✘,0xfff9c908,28000061,1149,147,
147,#YRURQRPUR,Skibidi Chipz,0xff1ba5f5,28000018,1148,148,Talents
148,#UCP822P9,rash rider,0xffa8e132,28000291,1148,149,IMMORTAL SOULS
149,#82UCLY9C8,Kronos🇧🇷,0xffff8afb,28000029,1146,150,Brawl King's
150,#RPVU2L29,ᴼᵖɱa̷ṡ†e̷ꭆ🥀×᷼×,0xffff8afb,28000097,1146,151,🧀MUSSARELOS 2✨
151,#YQLP8LP8,Gral. Loko 🪖,0xfff05637,28000305,1145,152,Las Diablitas🧘
152,#2UYJV98J2,all 1500🏆,0xffffffff,28000000,1144,153,
153,#2RU0JLVCY,Abacaxi💘,0xffffffff,28000000,1143,154,★the Players★
154,#980GJCYVQ,⭐GG|AMJAD☔☄,0xff4ddba2,28000341,1137,155,OG Mute
155,#P9GRC09,히치Lucky🥀,0xffffffff,28000185,1137,156,No Mercy
156,#8URCLRY8,球隊|RoUND🌠,0xfff9c908,28000061,1136,157,My social media
157,#P9YCRRRVL,Zelephh,0xff1ba5f5,28000123,1135,158,Brawl Kings
158,#90RQYP98U,♡•bestie•♡🧸,0xffa2e3fe,28000221,1133,159,7 Dwarves
159,#GRLUYG0R,NiceShøt 🌓,0xffcb5aff,28000347,1132,160,Ex0tic-E-Sport
160,#29UGLJV2G,Lёvi,0xfff9c908,28000244,1127,161,✌️✌️✌️
161,#99PRPGQYC,ᴳᵒᵈD̷y̷n̷a̷🎋,0xffff9727,28000346,1125,162,🗡️| Impossible
162,#PU8U8QR0Y,♡︎ⵊᴍᴍᴏʀᴛᴀʟSᴜɴ♡︎,0xfff9c908,28000221,1125,163,HeadShoterZ💣
163,#9PJQ9V8L9,banny♜︎,0xffffffff,28000303,1125,164,Real Ones
164,#PLQ0QRVQL,FMG | Flashᴷⁱⁿᴳ,0xffffffff,28000139,1122,165,ZETA|DIVISION'S
165,#YV8U29VLY,Oh My Bibi🥵,0xffcb5aff,28000129,1122,166,❤️‍🩹
166,#8YPQU82RL,水|аквамарін🧩,0xffffffff,28000010,1121,167,Пакт Psychokid
167,#GL0JYQ8LU,Disabled♿️,0xffcb5aff,28000191,1121,168,Watch This
168,#8LQQCCPRG,MyS|Efim👾,0xffa8e132,28000101,1120,169,Quant ESports🐾
169,#9PR980V2L,joni👅スランチャー,0xffcb5aff,28000346,1119,170,NA|Legends❤️‍🩹
170,#80GPQ2RGP,薙| Juice🧃,0xff4ddba2,28000337,1114,171,Tribe Turkey
171,#Q9VUQ2UG9,позерочек,0xfff9c908,28000132,1113,172,оупи челики
172,#82GPP9LQ,BC*| Tobi🍉,0xff1ba5f5,28000303,1112,173,BC*|Family*
173,#Y0JCRRVQ,ᵒᵖBlâdê❦,0xffffffff,28000018,1110,174,Oh My Duo🌖
174,#GV9GRLJJ,Counter,0xffff9727,28000265,1110,175,NA Friends
175,#89JUJUVYL,𝓓𝓸𝓻𝓪👻🐉,0xfff9c908,28000020,1110,176,❅︎Merryの家𓍄𓂃𓈒
176,#CPYUR8QR,KD|Buff♡,0xfff9c908,28000132,1109,177,Quant ESports🐾
177,#82LRGLQ02,あ| 𝓕𝓪𝓱𝓪𝓓🥀,0xff1ba5f5,28000283,1108,178,OG Mute
178,#PR9U2JL,Juan Carlos,0xffffffff,28000119,1108,179,Humble Grinders
179,#2R80CYL8L,RemyYTB⚽️⚽️,0xfff05637,28000321,1107,180,VV eSport
180,#8QPQUJUPU,Sacrifício,0xfff05637,28000014,1106,181,[™BLIND™]
181,#8LC808G,Tuyu,0xff1ba5f5,28000349,1106,182,@Tuyu_Official
182,#28LYUL8JP,𝙲𝚘𝚍𝚎ˢˣ❥𝙹en,0xffcb5aff,28000337,1105,183,🧀MUSSARELOS✨
183,#28GR908QJ,P4S|MasTeR,0xffff9727,28000014,1105,184,P4SSANGERS
184,#9J0RVCQ2Q,ⁱᵃᵐ|ℋɮ𝑃𒆜🇲🇽,0xff4ddba2,28000085,1105,185,
185,#8UJCURGRJ,Sigma❤️🫂❤️,0xff4ddba2,28000349,1104,186,Furious Kats
186,#P2P809VUQ,OM.L.1vs3,0xff1ba5f5,28000278,1104,187,𝑶𝓜|𝓐𝑹𝑨𝑷🥀
187,#LVRRYPV,STMN | bobby,0xffa8e132,28000136,1104,188,STMN Esports
188,#20QUGCVQ9,Mirrox 🐺,0xffffffff,28000345,1104,189,HolyPower
189,#YUYYLVJ,Perry💜Lukie,0xfff9c908,28000213,1104,190,NA Friends
190,#Y88QYRPRC,₮₱ ¥¥₳₦ ₲₳ɃɌƗɆⱠ,0xfff05637,28000334,1104,191,Kings United II
191,#82VQ08J0V,違|Syth.,0xffffffff,28000284,1104,192,RoStars Academy
192,#L99892JJ,要|мeɢα♕❤️‍🔥,0xfff05637,28000349,1104,193,BC*|Family*
193,#2RJ0UJCU0,FMG|LuisOMGᴷⁱⁿᴳ,0xfff9c908,28000139,1104,194,ZETA|DIVISION'S
194,#LLQ8GY8,𝐓𝐡𝐨𝐧𝐲会,0xfff9c908,28000334,1104,195,BC*|Family*
195,#LCUY9YGG,DAVVID,0xfff05637,28000187,1104,196,
196,#RRVVPG2Y,Brosta卡拉,0xff1ba5f5,28000206,1104,197,vMoove
197,#YQ9JVYV,ToniMxf.💘,0xffcb5aff,28000272,1104,198,ChillOG
198,#JL8YYJY2,Yandhi,0xffcb5aff,28000129,1104,199,☃️
199,#2YCR9RLCJ,Tris🍃,0xffcb5aff,28000095,1104,200,
