,tag,name,nameColor,icon,trophies,rank,club
0,#P9UVCQ2U2,Amazing,0xffff8afb,28000337,1499,1,help ranks
1,#VL0GPPJV,Physic Gear 5,0xfff9c908,28000014,1401,2,Eclipse 🌖
2,#8LQQCCPRG,MyS|Efim👾,0xffa8e132,28000101,1399,3,Quant ESports🐾
3,#99PL0LCJG,☬IRON._.MIR☬,0xffffffff,28000067,1350,4,<c0>★DARK★</c>
4,#2C9PLLUG8,Efecan|Apple♎🖤,0xffff8afb,28000321,1349,5,<c0>ＬＯＮＥＬＹ★</c>
5,#VLQPVPY,Naz❤️Hyra,0xffff8afb,28000303,1324,6,Fenernazçe 💙💛
6,#88LULYLR,༄JokerParc💫,0xfff9775d,28000239,1301,7,Beyond Swift
7,#2PGGR8Y9P,Asuna Yuuki,0xff1ba5f5,28000201,1300,8,Follow?
8,#92VJ8VQUP,🔥an_hayp🔥,0xfff05637,28000047,1299,9,
9,#2CY0CVU80,~Vi♡tal🪐,0xffffffff,28000297,1299,10,Импрессив
10,#P8VRPYP02,MyS|kreiz❤️бист,0xffffffff,28000234,1263,11,アリーナ ♡︎ で
11,#88QVPU00U,TT | CONTENDERS,0xfff05637,28000290,1259,12,RK Esport
12,#PQGRRLU0,ѳℓ | ʝαყ ᴶᵒ❅,0xffff8afb,28000261,1255,13,⚡ Olimpo🌿
13,#Y8JQLUC09,♚Charlot・anan♚,0xffffce89,28000281,1255,14,ラーメン好きなルー🍜
14,#PYPQUG80,Zava💞Sunfote,0xffff9727,28000195,1254,15,Showdown💔Kings
15,#QPLCYLQP,R3B-F_15,0xffffffff,28000281,1254,16,THE NEW RULERS
16,#2G9RCVRJ,Mo̷⚡M̷A̷r̷k̷o̷,0xffffffff,28000135,1253,17,D_FOX
17,#8VQ08LVLU,❤️🌑SHIVAM🌕💛,0xffa8e132,28000003,1253,18,DEMONS PARADISE
18,#20CJVQQYU,[₮₱] ₱ɆⱠ₳Ɖ₳Ø,0xffcb5aff,28000291,1253,19,★the Players★
19,#YG2QP288P,Ñîćoなさた🥷🤍,0xffff9727,28000340,1253,20,LA Global
20,#8JLRVYRU,- NOZÉ -,0xffa8e132,28000194,1253,21,★the Players★
21,#QGC9JGLVY,〆𝓝𝓾𝓫𝓪𝔁🎈,0xffff9727,28000343,1253,22,TikTok : nubaxx
22,#290LJC89U,L1S|Unique❦,0xffa2e3fe,28000035,1253,23,Night Stars
23,#9QG89UV0Y,『𝕽𝖆𝖚𝖑❦︎』,0xffcb5aff,28000014,1253,24,TT: niiil_06
24,#90VVVLQQ,¡정신분열!Ãcīd:°〽️,0xffffce89,28000230,1253,25,
25,#PYQJ008GU,愛~AGM🤍,0xffa2e3fe,28000335,1253,26,Spike lovers 💚
26,#90R2J0YG0,pozithrt 가ㅢㅡ,0xffffce89,28000150,1253,27,whys in life 😕
27,#Y2CJ0GYRY,wwaasskk1dd👅,0xff4ddba2,28000021,1253,28,
28,#V2CLUQY2,PrJ|HeyBrother,0xffcb5aff,28000305,1253,29,Ultra Showdown
29,#QG990QQJ,MyS|Donatik,0xfff05637,28000322,1253,30,LA Global
30,#9GRP8LR09,sad💔kekcik,0xffa8e132,28000011,1252,31,
31,#JV2L02VV,SíJaauaq,0xffff8afb,28000303,1252,32,
32,#99RRC99LP,farm😼кαдєiн,0xffffffff,28000122,1252,33,Masterpiece❤‍🩹
33,#GJR0Q9099,Ed1l𝕨𝕖𝕚𝕤𝕤,0xffcb5aff,28000352,1252,34,
34,#9UY8JYGU2,SNICKERS,0xffcb5aff,28000265,1252,35,anomaly
35,#28PRLYU02,парапапа,0xffcb5aff,28000125,1251,36,Quant ESports🐾
36,#92C08YG00,愛~Not HumanZ❖,0xffff9727,28000033,1251,37,HeadShoterZ💣
37,#PUJ8JCU2P,ѕυηѕє∂なさた🥷🤍,0xffff9727,28000337,1251,38,NA|Legends❤️‍🩹
38,#88YJV08U2,❣️MASOOM❣️,0xffffffff,28000139,1251,39,
39,#LGY8VJ2PU,通りすがりのえんどうたん☪️,0xffffffff,28000022,1251,40,めろんぱん食堂
40,#82LRGLQ02,あ| 𝓕𝓪𝓱𝓪𝓓🥀,0xff1ba5f5,28000283,1251,41,OG Mute
41,#2RJLYQQ8C,紜💛,0xffa2e3fe,28000062,1251,42,🌴<c5>|HM</c>
42,#9LY0YG9QP,を|Sed🍀,0xffa8e132,28000197,1251,43,DragonArmy
43,#9G0CJPJPY,Taha♛,0xffcb5aff,28000170,1251,44,GOOD BYE TAHA
44,#889VRC0QJ,🦅|Matheo>.<,0xffffffff,28000197,1251,45,
45,#2V0PL9999,TyM|Mxke🦁,0xffff9727,28000263,1251,46,TT: niiil_06
46,#80GPQ2RGP,薙| Juice🧃,0xff4ddba2,28000337,1251,47,Tribe Turkey
47,#RVLQ0VUR,风暴|kerem🎃,0xffff9727,28000257,1251,48,ᴅᴀɪʟʏ
48,#G0LYU9JY,YNS|CAmPErr🌃,0xffa8e132,28000262,1251,49,<c0>PWNZ</c>
49,#8LLJ92VQ,あ| 𝓐𝓱𝓶𝓮𝓓🥀,0xff1ba5f5,28000349,1251,50,OG Mute
50,#9CPP2CJQ9,WhyLansik?,0xffff8afb,28000321,1251,51,Tribe Turkey
51,#JQVQYVY,Code: VTzim 🌑,0xffff8afb,28000339,1251,52,Eclipse 🌖
52,#PPQQJQPQU,愛Astrø 🖤,0xffffffff,28000018,1250,53,🧀MUSSARELOS✨
53,#GCVPVRQY,MyS|Goman,0xff4ddba2,28000137,1250,54,Tribe Turkey
54,#C2CULQP0,❤️‍🔥Mazoex♛,0xff1ba5f5,28000314,1250,55,VV eSport
55,#9L09YYQ8L,⛩️Panda G.m⛩️,0xffcb5aff,28000330,1250,56,HolyGuns
56,#9L2UJJYUL,I LOVE PAKISTAN,0xffffffff,28000072,1250,57,PAK CHAMPS
57,#V9CLPY29,Bradley❻❾,0xffff9727,28000259,1250,58,TT: niiil_06
58,#2UYJV98J2,all 1500🏆,0xffffffff,28000000,1250,59,
59,#8GV2CP2J8,☔ZORLU☔,0xffcb5aff,28000003,1250,60,<c0>ＬＯＮＥＬＹ★</c>
60,#VYGVV08Q,🍅domates,0xffffffff,28000261,1250,61,
61,#Y0VPJ89Q,Ｓㄚ 么 乙 ツ,0xffffce89,28000237,1250,62,Quant ESports🐾
62,#80QLC8292,🧀|FeLiPeᶠᵇˢ⚜️,0xffff9727,28000231,1250,63,🧀MUSSARELOS✨
63,#JRYLGVYV,QLS|Glory™️,0xffff9727,28000132,1250,64,Ex0tic-E-Sport
64,#20VVC8LU2,Cryzz❦︎,0xffffffff,28000108,1250,65,
65,#QR2GC8V,BKB|❄IC£CRØW❄,0xfff9c908,28000348,1250,66,Tribe Turkey
66,#Y0GLYCYVY,Maho❤️🔥,0xff1ba5f5,28000129,1250,67,<c0>ＬＯＮＥＬＹ★</c>
67,#9U28922QP,GHS | Praigoat❦,0xfff9c908,28000301,1249,68,Ghost eSports
68,#8J9PPC880,𝐁𝐫𝐞𝐞𝐳𝐲❦,0xffcb5aff,28000218,1249,69,🧀MUSSARELOS✨
69,#VPGGUU9U,|🌬ŦƤ⋆SsnıɔıuıΛ,0xff1ba5f5,28000243,1249,70,★the Players★
70,#8CVCJVVV9,Եթ Շαɱเℓα ☆*❥⃝*,0xffff9727,28000302,1249,71,★the Players★
71,#289QGVYRQ,TyM|Ârda🦁,0xffff9727,28000014,1249,72,TyM`eSports
72,#8J98RQJY0,HowToLive🕊️,0xffffffff,28000341,1249,73,Lord dragon
73,#8QY2Y80CG,godikk❤️‍🔥,0xffcb5aff,28000014,1249,74,Ex0tic-E-Sport
74,#8JQGCVRG2,"m.ghost👻/""♪",0xfff05637,28000151,1249,75,
75,#VUQV0ULV,𝓚𝔂𝔀𝔂,0xffcb5aff,28000031,1249,76,Beyond Fresh
76,#2CC9QLGYY,我|Scripter 🔥,0xff1ba5f5,28000231,1249,77,TL|Team Luzou
77,#9UG08PQUY,xSkywalker🦋ま,0xff1ba5f5,28000135,1249,78,Quant ESports🐾
78,#LRLQPU09,Quantic 🌵,0xffa8e132,28000284,1249,79,LA Global
79,#9PCRGLVCG,ITR | Բค乃ɿคՈ,0xfff9c908,28000194,1249,80,LA Global
80,#8Y2Y0GYYG,与田祐希𓃵,0xfff9c908,28000240,1249,81,Cipher Pol
81,#PLCPU928R,ØFFŁÎŃÈ,0xff1ba5f5,28000019,1249,82,.....
82,#LP8QV80Q,CM|Fly🖤,0xffcb5aff,28000137,1249,83,Showdown💔Kings
83,#2CUYQ8RQC,🥷🏿,0xffffffff,28000272,1249,84,
84,#8VP882CR2,♡Mr_ido♡,0xffcb5aff,28000041,1249,85,Tribe Turkey
85,#8JV08U8GR,NightMare❤️‍🔥,0xffcb5aff,28000280,1249,86,NHY E-SporTS
86,#22YG92GR,ᵇᵃᵈ•♪sᴀᴅ_вσʏ🥀,0xffcb5aff,28000352,1249,87,
87,#8L0PJ0R0V,Kryzz❦,0xffff9727,28000265,1249,88,🌴|<c3>HM</c>
88,#20YJ9PLLV,ま|Shadows • 💫,0xffffffff,28000041,1249,89,what happened
89,#90RQYP98U,♡•bestie•♡🧸,0xffa2e3fe,28000221,1249,90,7 Dwarves
90,#C98YYP29,BRPrÖLIPEZINXL,0xfff9c908,28000018,1249,91,🧀MUSSARELOS 2✨
91,#CPYUR8QR,KD|Buff♡,0xfff9c908,28000132,1249,92,Quant ESports🐾
92,#82YJJYLUC,IL | STAMEʕ¨ʔ,0xffffffff,28000000,1249,93,
93,#JP9P0LJG,Byrox❤️‍🩹Xorox,0xff1ba5f5,28000302,1249,94,ᴅᴀɪʟʏ
94,#P8U8JQLG,感|WarMan⚔️,0xff1ba5f5,28000148,1249,95,OG Mute
95,#P28J9J8QP,🌴HM| Pacify ツ,0xfff9c908,28000272,1249,96,🌴|<c3>HM</c>
96,#2LJ9QCCL,tedd💞💞,0xffffffff,28000112,1249,97,
97,#LVJP8U9L,愛FᴀɴDᴏAʟᴘʜᴀᴼᵖ❤️,0xffffffff,28000279,1249,98,
98,#8JGPPVY8G,L1S|ITACHI❦,0xfff9c908,28000132,1249,99,Katze 🐱🐈
99,#2UGV0ULQC,MONSTER,0xfff9c908,28000187,1249,100,Жосткие профи
100,#QURRQP0JY,ϟWaskøv々™,0xffffffff,28000004,1249,101,
101,#8UYC8JGUC,✨Carlosˢᵃᵈツ✨,0xffa2e3fe,28000203,1248,102,🧀MUSSARELOS 3✨
102,#Y8CR0288Y,Wo2 Evil Cat,0xff1ba5f5,28000067,1245,103,Brawling Bros 1
103,#89JJV992Y,ZL|caldera,0xfff9775d,28000040,1244,104,めろんぱん食堂
104,#9PGYVLY9,M.P.Gamer,0xffff8afb,28000342,1242,105,Amore💘EU
105,#YGCVPR8U8,Swifty | 戈,0xff1ba5f5,28000122,1237,106,Rapid Q
106,#LPC2GUYR0,𝐕𝐢𝐭𝐨𝐫 ツ,0xffcb5aff,28000215,1237,107,🌲PINE ESPORTS
107,#QGLCPJ2J,Ansel,0xff1ba5f5,28000014,1237,108,CHEESEFOREVAR
108,#LURY9JJLJ,🦋|RuFFeL’ka|🦋,0xffffffff,28000321,1230,109,はい「s❤️‍🔥World
109,#89YL8VC,|🌬тρ⋆SsoɔɹɐW彡,0xffff9727,28000349,1227,110,★the Players★
110,#22LQGCYUP,Pumm,0xffffffff,28000118,1222,111,Quinx Academy
111,#LGG9UY02C,を|Terrox🌺,0xff1ba5f5,28000305,1222,112,House Greyjoy
112,#8CRLCCRRR,SPY,0xffff9727,28000233,1222,113,weird gamers
113,#2YV98LLCY,"Arc,L🌒",0xfff9c908,28000266,1220,114,★the Players★
114,#2LJRJ2VQ,chelsea,0xff1ba5f5,28000290,1216,115,Beyond Champs
115,#2YYL89J8G,psychc🦈,0xffffffff,28000003,1209,116,🌴|<c3>HM</c>
116,#LGU8CGQR,#蓮/Mahi🍫,0xfff9c908,28000280,1204,117,和フォルダー🍫
117,#9GG2L0L8V,を| کѳɱвяα💜,0xff4ddba2,28000352,1204,118,🧀MUSSARELOS 2✨
118,#8C0PLGQRV,Duo♡nubik,0xff4ddba2,28000254,1203,119,Quant ESports🐾
119,#YGQYGCR,Portox😡,0xff1ba5f5,28000191,1203,120,Blue Label
120,#LJPQ9QCPV,Lukas🤍Thays,0xffffffff,28000014,1203,121,Noob Gang
121,#P99QGPLU2,Davex,0xffffce89,28000129,1203,122,Brawl King's
122,#2P088J29C,Matt,0xffff8afb,28000333,1203,123,<c5>Just Us</c>
123,#2C99CJJC0,Jriska☙,0xff1ba5f5,28000348,1203,124,BlackLight
124,#QRUQQLV0,Code: Nukleo,0xffa8e132,28000186,1203,125,LA Instinct
125,#8URCLRY8,球隊|RoUND🌠,0xfff9c908,28000061,1202,126,My social media
126,#RUGUJPR8,☠ĆØΜβΔŦ€ŇŦ€☠,0xff4ddba2,28000253,1202,127,★the Players★
127,#PL92YG8R,Եρ ՐɿՇk☆*❥⃝*,0xff4ddba2,28000341,1202,128,★₮ĦɆ ₱Ⱡ₳¥ɆɌ$2 ★
128,#9L0UQRPJJ,İRONMAN,0xffcb5aff,28000314,1201,129,₮Ɽ₩`eSports
129,#8PJRRG2C,SK|GuilleVGX,0xffa8e132,28000099,1200,130,CONEXIÓN
130,#8UQJPQVY2,CN |🐳Yagami☆,0xff1ba5f5,28000225,1200,131,
131,#82GC0CU8,XP|beko🦊,0xffff9727,28000223,1200,132,
132,#989L0928Q,L1S|Sufiyan❦,0xff1ba5f5,28000033,1199,133,IMMORTAL SOULS
133,#88UYRQQUL,shaverma💞,0xffff8afb,28000233,1199,134,
134,#28GP98R00,𝐅𝐥𝐮𝐟𝐟𝐲♡︎,0xffffffff,28000196,1199,135,Ягодное Поле🍓
135,#PRP9UGU9Q,ZL|Chaser!,0xffcb5aff,28000297,1199,136,✌️✌️✌️
136,#P8RQ90UY9,FMG | Vitorᴷⁱⁿᴳ,0xffffce89,28000349,1199,137,Ex0tic-E-Sport
137,#29L028GQL,Djahsta,0xffff9727,28000306,1199,138,BC*|Family*
138,#L0GGPCUVJ,ⁱʟᴏᴠᴇʸᵒᵘᴄʜᴇғᴏɴᴀ,0xffffffff,28000305,1199,139,GBSB
139,#GQ2QV00Q2,Hisaあかた👅,0xffcb5aff,28000316,1199,140,оупи челики
140,#PQVUJJQJG,inquis🖤sober,0xffcb5aff,28000207,1199,141,IcedOut
141,#2CY898QJ0,єηισ ƒαιχα⁷ 🥋,0xffcb5aff,28000224,1199,142,Candangos do BR
142,#PY0RRYL,Sr. Luan,0xff1ba5f5,28000225,1199,143,PUNCH BR
143,#9CC0RCYR,diego💙hahnsky,0xffff8afb,28000037,1199,144,
144,#989GVG0UR,陰|₦Ї₦ℑ₳™👑,0xffa8e132,28000305,1199,145,Good Players 💫
145,#8RCQLG0RQ,Duo♡Zey4ik,0xff1ba5f5,28000210,1199,146,Quant ESports🐾
146,#P0L99Y092,🎆NINJAGAMER🎆,0xffa2e3fe,28000263,1199,147,OverPowers
147,#UUYCRQ82,Princesito,0xfff9c908,28000340,1199,148,Brawl King's
148,#LJPQRPRCC,愛|𝖲𝚑𝚘ԵԵᴢʸ•❦︎,0xffffffff,28000294,1199,149,Eᴍᴘɪʀᴇ Vɪᴋɪɴɢs⚒
149,#P9RLCJ8UC,ZL|Kinkuni,0xffa2e3fe,28000098,1199,150,レインボーの風船
150,#2LC9RU2UG,ƇЄƊƦƖƇ🍁,0xffff9727,28000124,1199,151,+12 yaş sew
151,#202RGUPUG,☆FrankensteIn☆❤,0xffcb5aff,28000170,1199,152,Quant ESports🐾
152,#22U8CPP8Q,ŁŞƬ|Apurⅴ☘️,0xff1ba5f5,28000230,1199,153,ŁŞƬ☘️
153,#2Q2LQC2P,ΗΥDЯΑΞΚΗΔΥΔττ,0xff1ba5f5,28000053,1199,154,HYDRA ESPORTS
154,#PV9U8PU8Q,Raul Clash,0xffffffff,28000200,1199,155,🌴<c5>|HM</c>
155,#9G9GYJ9J2,ωнiτєʑiท🤍ネヶマア,0xff1ba5f5,28000071,1199,156,
156,#2CUVC2L9U,たこ焼き,0xffff9727,28000122,1199,157,Venus
157,#2920V8Y99,RAJPUT THE KING,0xffffffff,28000280,1199,158,Radiance
158,#9GCCJJLYU,Slayer❤️‍🔥,0xffffffff,28000014,1199,159,🧀MUSSARELOS✨
159,#8GJY9G8UQ,Lollo ヤー🥱.,0xffff9727,28000237,1199,160,Celestyn
160,#9P8QQPJQU,『水』,0xff1ba5f5,28000196,1199,161,Illusion Gaming
161,#ULCPJJ8,Kat 🍄,0xffcb5aff,28000003,1199,162,Real Ones
162,#P0Y9VPGLY,Sky ˡᵒᵛᵉʸᵒᵘ,0xffffffff,28000003,1199,163,
163,#GRCYVRJG,Edgar🤍æ,0xffff9727,28000176,1199,164,7 Dwarves
164,#20P2GP99,Ducky🐝,0xffa8e132,28000136,1199,165,NA Friends
165,#8LYQPLP29,🖤MKZ🖤,0xffffffff,28000032,1199,166,ᴅᴀɪʟʏ
166,#2CQJP890Y,定点孤独윤후シ︎,0xffff9727,28000098,1199,167,Solitude
167,#29V0GUG8,BATATINHA,0xff1ba5f5,28000156,1199,168,
168,#8UJC08UYL,ᴼᵖᵭҟe̷🥀×᷼×,0xffcb5aff,28000330,1199,169,🧀MUSSARELOS✨
169,#JGCCGY80,prostislavv,0xffff9727,28000042,1199,170,BOBR gaming
170,#8ULJJPYG2,Âtahan🖤Ubéyd,0xffffffff,28000333,1199,171,
171,#8VRPJPLU2,Moon🤍アーセン,0xffffffff,28000000,1199,172,devxssted19うぇっ
172,#8LQ9JR82,Code: Eqwaak,0xfff9c908,28000004,1199,173,A Few Good Men
173,#QPV0R9QUR,Storm ⚘,0xffcb5aff,28000014,1199,174,Novacane🤍
174,#8JU922PJ8,Deniz❤️🔥,0xffffffff,28000321,1199,175,
175,#2YJLJGJVR,「ℳ𝒾𝑔𝒽𝓉𝓎」|戈,0xff1ba5f5,28000322,1197,176,Spike lovers 💚
176,#2R82G0QY0,Loading...,0xffff8afb,28000098,1197,177,★the Players★
177,#9YLCYJ2C,₮₱|Ɍϟ|Mᴀᴛ💜Jᴀᴅ,0xfff9c908,28000277,1192,178,★the Players★
178,#Y2QGGY29,Born to Live♡,0xffffffff,28000254,1191,179,LaWs Controll
179,#2J2U9RUQG,killua :p,0xffcb5aff,28000018,1187,180,★the Players★
180,#8QGPQRR9J,[TP] • Apolo,0xffffffff,28000014,1187,181,
181,#28CVQGURJ,kxrtofvl,0xffffffff,28000061,1187,182,UNDERDOG 🇵🇱
182,#2VC2QCQ,あ|Ghost 🎭,0xffff8afb,28000336,1184,183,★the Players★
183,#PPVQ9YPV,愛~ConradZ⛯,0xff4ddba2,28000294,1177,184,Spike lovers 💚
184,#2LQJJGCUU,🎭數Mуѕтic×͜×🖤,0xffcb5aff,28000305,1176,185,Lions eSports™
185,#2JYGUYUG,AAMIR LORD,0xffffffff,28000207,1171,186,CHEESEFOREVAR
186,#9CG8LJU8,『ᴵ ᵃᵐⱧ₳₥Ⱬ₳🎭🥀』,0xffcb5aff,28000293,1164,187,Tribe Turkey
187,#CPPV2PQG,MeliodasBot🐐,0xffa8e132,28000006,1163,188,No Mercy
188,#YRURQRPUR,Skibidi Chipz,0xff1ba5f5,28000018,1158,189,Talents
189,#9UR229PUY,Batuú❤️‍🔥,0xff1ba5f5,28000129,1158,190,SLM NBR CNM?
190,#8GUPLYY,FG | Jene,0xffff8afb,28000135,1155,191,clover
191,#PYJJ28J80,么𝘉𝘰𝘴𝘴♡,0xffa2e3fe,28000090,1154,192,Lab Tech
192,#9J20Q092L,TxC|CraZy,0xff4ddba2,28000140,1153,193,Turkish Shadow
193,#2ULUP8VG9,ぜ|КеКzzz🌖,0xffff9727,28000003,1153,194,ᴅᴀɪʟʏ
194,#YVUL9PP0,IB/мücaнιd,0xffff9727,28000341,1153,195,TyM`eSports
195,#VGLY2G88,はRyuji🍢,0xffffce89,28000247,1152,196,
196,#PUUYYQPG,★彡ShaKa🌹頹,0xff1ba5f5,28000238,1152,197,🧀MUSSARELOS✨
197,#8R99PJ890,xSkylasz•,0xffff9727,28000321,1152,198,Vitality
198,#PGJ0G922R,⛩️|GUIᴳᵒᵈ🖤,0xfff9c908,28000196,1151,199,
199,#99JQ9PQP,Artem4ic🤍W,0xff4ddba2,28000018,1151,200,
