,tag,name,nameColor,icon,trophies,rank,club
0,#2G9P0CGVG,Sk| ×DtZ×ッ,0xffcb5aff,28000135,1515,1,OLS|CLUB
1,#VLQPVPY,Naz❤️Hyra,0xffff8afb,28000303,1402,2,Fenernazçe 💙💛
2,#VL0GPPJV,Physic Gear 5,0xfff9c908,28000014,1302,3,Eclipse 🌖
3,#JQVQYVY,Code: VTzim 🌑,0xffff8afb,28000339,1301,4,Eclipse 🌖
4,#2PGGR8Y9P,Asuna Yuuki,0xff1ba5f5,28000201,1290,5,Follow?
5,#889VRC0QJ,🦅|Matheo>.<,0xffffffff,28000197,1253,6,
6,#92VJ8VQUP,🔥an_hayp🔥,0xfff05637,28000047,1253,7,
7,#PYPQUG80,Zava💞Sunfote,0xffff9727,28000195,1253,8,Showdown💔Kings
8,#P99QGPLU2,Davex,0xffffce89,28000129,1252,9,Brawl King's
9,#QR2GC8V,BKB|❄IC£CRØW❄,0xfff9c908,28000348,1252,10,Tribe Turkey
10,#9LY0YG9QP,を|Sed🍀,0xffa8e132,28000197,1251,11,DragonArmy
11,#YRURQRPUR,Skibidi Chipz,0xff1ba5f5,28000018,1251,12,Talents
12,#LVQLJLPRU,GreenDAY🦠💚,0xffa8e132,28000323,1251,13,ずっと昼間でいいのに
13,#RY0GVQ2U,Daisy❦ⁿᵃᵐᵉ,0xff1ba5f5,28000347,1251,14,Illusion Gaming
14,#82LRGLQ02,あ| 𝓕𝓪𝓱𝓪𝓓🥀,0xff1ba5f5,28000283,1251,15,OG Mute
15,#P9UVCQ2U2,Amazing,0xffff8afb,28000337,1250,16,help ranks
16,#P9YPY9U8J,MeTa | duo♡van,0xff4ddba2,28000262,1250,17,TyM`eSports
17,#8LLJ92VQ,あ| 𝓐𝓱𝓶𝓮𝓓🥀,0xff1ba5f5,28000349,1250,18,OG Mute
18,#QUYCVC2,STMN | sans,0xffa8e132,28000136,1250,19,STMN Esports
19,#PUJ8JCU2P,ѕυηѕє∂なさた🥷🤍,0xffff9727,28000337,1250,20,NA|Legends❤️‍🩹
20,#8PJRRG2C,SK|GuilleVGX,0xffa8e132,28000099,1250,21,CONEXIÓN
21,#22C0GV9CR,NoCrow,0xff1ba5f5,28000207,1250,22,HeroWarriorsTR
22,#8R99PJ890,xSkylasz•,0xffff9727,28000321,1250,23,Vitality
23,#8GV2CP2J8,☔ZORLU☔,0xffcb5aff,28000003,1250,24,<c0>ＬＯＮＥＬＹ★</c>
24,#Y0GLYCYVY,Maho❤️🔥,0xff1ba5f5,28000129,1250,25,<c0>ＬＯＮＥＬＹ★</c>
25,#2P02RRRYL,唯我独尊 それでも花は咲き誇る,0xffffce89,28000104,1249,26,Map↯︎e🍁
26,#VPGGUU9U,|🌬ŦƤ⋆SsnıɔıuıΛ,0xff1ba5f5,28000243,1249,27,★the Players★
27,#8YUVLQQLG,TEM | Gluttonyʕ,0xff1ba5f5,28000088,1249,28,おなかすいたよ🍖🍔🍟🍕
28,#20YJ9PLLV,ま|Shadows • 💫,0xffffffff,28000041,1249,29,what happened
29,#J98LR0UR,✴LOGAN 2006✴,0xffff8afb,28000129,1249,30,SoloDuo🥶
30,#2VQ2V99CC,MMs🌙Nemuo,0xfff9c908,28000190,1249,31,めろんぱん食堂
31,#P08899RJG,Runávoys:),0xffff9727,28000044,1249,32,rainy︎ ︎☂︎
32,#20VVC8LU2,Cryzz❦︎,0xffffffff,28000108,1249,33,
33,#99V2PQCV0,杠｢もう一人でいい…｣,0xffff8afb,28000280,1249,34,🌺🥀🌸🌼🌷
34,#Y8208Q0C8,"KT|chich6,13💜",0xffffffff,28000014,1249,35,やっちゃうよー
35,#2R82G0QY0,Loading...,0xffff8afb,28000098,1249,36,★the Players★
36,#2CUYQ8RQC,🥷🏿,0xffffffff,28000272,1249,37,
37,#2Y2Y99GQR,VizeZ,0xffffffff,28000230,1249,38,Ex0tic-E-Sport
38,#99LLQYY9,Joeh,0xfff9c908,28000335,1249,39,👋 🤷‍♂️
39,#80RQYRPP,Fortizz,0xffffffff,28000018,1243,40,Beyond Champs
40,#YY9PPLQL9,Yume𓅦,0xff4ddba2,28000149,1242,41,Cipher Pol
41,#GC280YR0G,Coltiii.<3,0xff1ba5f5,28000100,1239,42,NA|Legends❤️‍🩹
42,#PCPRPJV,SK | iKaoss,0xffcb5aff,28000135,1232,43,A Few Good Men
43,#GPPRCRLQG,sQwiRtl支,0xffffffff,28000156,1231,44,Talents
44,#9VU9R2LY,Terry!,0xffffffff,28000081,1229,45,✌️✌️✌️
45,#9L09YYQ8L,⛩️Panda G.m⛩️,0xffcb5aff,28000330,1221,46,HolyGuns
46,#GGQ8VJVC,AO | Taikamylly,0xffff8afb,28000339,1216,47,MunkkiHunters
47,#PC9LPPYV,Nico❤️Heys,0xff1ba5f5,28000196,1215,48,No Mercy
48,#2UJQQ0YL,TOC,0xfff9c908,28000212,1208,49,anyway🤷🏻‍♂️
49,#URV8JPY,ormy🎄,0xffffffff,28000176,1204,50,Havoc Echo
50,#8Y8JUJ2JV,THF|Mystic,0xffcb5aff,28000014,1203,51,KiwiKings
51,#YGQYGCR,Portox😡,0xff1ba5f5,28000191,1203,52,Blue Label
52,#29UGLJV2G,Lёvi,0xfff9c908,28000244,1202,53,✌️✌️✌️
53,#PJ9882U,Egnity|Ama🥀,0xffcb5aff,28000023,1202,54,ゆかいな仲間たち
54,#802VG829,LuRkz🩵Sq,0xffff8afb,28000014,1201,55,Demise 🥀
55,#2P088J29C,Matt,0xffff8afb,28000333,1201,56,<c5>Just Us</c>
56,#QRUQQLV0,Code: Nukleo,0xffa8e132,28000186,1201,57,LA Instinct
57,#2CRRRRYJR,моё,0xfff9c908,28000213,1201,58,✌️✌️✌️
58,#Q88J22JLC,@Belty_kiss,0xffff9727,28000197,1200,59,
59,#C2CULQP0,❤️‍🔥Mazoex♛,0xff1ba5f5,28000314,1200,60,VV eSport
60,#G99CYGL,𝒁𝒂𝒊𝒌𝒐❄️,0xff4ddba2,28000194,1200,61,ChillOG
61,#CGQCYJGY,TTV | SnakeThug,0xfff9c908,28000341,1200,62,Deadly Vipers🐍
62,#VYGVV08Q,🍅domates,0xffffffff,28000261,1200,63,
63,#2J2PJ0UV,ikarosita,0xffa8e132,28000136,1199,64,Humble Grinders
64,#2L02CQPLR,マルチダ🖤,0xffff9727,28000347,1199,65,Easy Ltda
65,#290Q2YJ2Y,마마보이,0xffcb5aff,28000155,1199,66,High Ping 😵‍💫
66,#29L028GQL,Djahsta,0xffff9727,28000306,1199,67,BC*|Family*
67,#J8YPGR,Twitch: Tobi,0xffcb5aff,28000000,1199,68,Brawl King's
68,#LRYCL0QV,Baby Kyric,0xfff9c908,28000303,1199,69,7 Dwarves
69,#JGY9YCQU,Galaxy|うるふღ,0xffa2e3fe,28000293,1199,70,うるふファンクラブ🪄✨🪄✨
70,#CPPV2PQG,MeliodasBot🐐,0xffa8e132,28000006,1198,71,No Mercy
71,#8LQ9JR82,Code: Eqwaak,0xfff9c908,28000004,1194,72,A Few Good Men
72,#YG9LCG82J,The Gizaline,0xff1ba5f5,28000347,1191,73,친추 마스터만 받음
73,#LVVCQJR8Y,MyS l boosty,0xffff8afb,28000301,1189,74,
74,#8QVGJQGGC,ᴀsᴛʀᴏ >.< 🖤,0xffff9727,28000272,1189,75,Kings United II
75,#GRCYVRJG,Edgar🤍æ,0xffff9727,28000176,1187,76,7 Dwarves
76,#PPG8C2P2,Zimon,0xffffffff,28000184,1181,77,<c5>Just Us</c>
77,#8QY2Y80CG,godikk❤️‍🔥,0xffcb5aff,28000014,1181,78,Ex0tic-E-Sport
78,#2RUVRJYJ2,SY|Faͥbͣuͫᴳᵒᵈ☔,0xff1ba5f5,28000061,1181,79,Ex0tic-E-Sport
79,#J8UR8002,SKC | Prozy,0xffa8e132,28000029,1179,80,Emi's bar 🍻
80,#2JUCGCR9L,ÜMÂ.유마❦,0xff1ba5f5,28000125,1167,81,Relax❦
81,#JGCCGY80,prostislavv,0xffff9727,28000042,1167,82,BOBR gaming
82,#8LC808G,Tuyu,0xff1ba5f5,28000349,1166,83,@Tuyu_Official
83,#YGRUPGU2C,Feaaaart🍁🤍æ.,0xffcb5aff,28000094,1159,84,Lost Hell
84,#88RGGCVQJ,My heart in AUS,0xff4ddba2,28000092,1155,85,ハナクソタケシ
85,#V2Q080UU,Valembeau💜,0xffcb5aff,28000035,1155,86,A Few Clown Men
86,#8GVRY2Y0C,Dep100r,0xff1ba5f5,28000347,1154,87,Revaible 💗
87,#RVLQ0VUR,风暴|kerem🎃,0xffff9727,28000257,1153,88,ᴅᴀɪʟʏ
88,#9CG8LJU8,『ᴵ ᵃᵐⱧ₳₥Ⱬ₳🎭🥀』,0xffcb5aff,28000293,1153,89,Tribe Turkey
89,#220PGLU02,家|𝑴𝒆𝒎𝒆𝒏ϟ,0xffa8e132,28000163,1153,90,You and me 💜
90,#989L0928Q,L1S|Sufiyan❦,0xff1ba5f5,28000033,1152,91,IMMORTAL SOULS
91,#90RQYP98U,♡•bestie•♡🧸,0xffa2e3fe,28000221,1151,92,7 Dwarves
92,#8YUQJQ0VG,FST | MECHA,0xffcb5aff,28000274,1149,93,
93,#GVQUYG90,Shattered ⟡,0xffffffff,28000000,1149,94,7 Dwarves
94,#8R8V9V8JG,REX kinako💫🧨,0xffff8afb,28000340,1149,95,REX💫
95,#8Y082R2GG,추카|RapZ ✶,0xffff9727,28000211,1145,96,Beyond Swift
96,#LPGYQ9CCV,Йeo:)🩵,0xff1ba5f5,28000134,1145,97,レインボーの風船
97,#JGUYRYQ,Nathan🩵,0xffff8afb,28000041,1141,98,NA Friends
98,#8URCLRY8,球隊|RoUND🌠,0xfff9c908,28000061,1137,99,My social media
99,#28PP0C82J,YAIⓂMA_Return❕,0xffcb5aff,28000164,1132,100,<c1>BBOBBY</c>
100,#82GPP9LQ,BC*| Tobi🍉,0xff1ba5f5,28000303,1121,101,BC*|Family*
101,#82PQUPGU0,Ryohei🐬,0xff1ba5f5,28000240,1121,102,数え役満🀄️
102,#PLQ0QRVQL,FMG | Flashᴷⁱⁿᴳ,0xffffffff,28000139,1119,103,ZETA|DIVISION'S
103,#RRVVPG2Y,Brosta卡拉,0xff1ba5f5,28000206,1118,104,vMoove
104,#2RQGVLRVG,₹GuilleX,0xffff8afb,28000036,1116,105,No Mercy
105,#29CVP0V9U,Almighty Push💐,0xffcb5aff,28000335,1116,106,Beyond Champs
106,#800Y9R9UP,Lexaaa 🩵,0xff1ba5f5,28000229,1114,107,Brawl Kings
107,#8CRC9QUY9,팀원 버스타는Daye🤱,0xfff9c908,28000124,1114,108,<c1>BBOBBY</c>
108,#GRVL8ULV,陰|SuperLab ☯︎,0xff1ba5f5,28000141,1112,109,7 Dwarves
109,#GU898VQ,Levi,0xffcb5aff,28000014,1108,110,Brawl King's
110,#RRJ8Y00,Fraax🐝,0xffcb5aff,28000347,1107,111,Wasted🥱
111,#8GUPLYY,FG | Jene,0xffff8afb,28000135,1107,112,clover
112,#8Y98Q8U,CR | Sitetampo,0xffff8afb,28000014,1106,113,A Few Good Men
113,#80PC2QJCR,❥Hazzēиs✧,0xff1ba5f5,28000348,1105,114,7 Dwarves
114,#89JJV992Y,ZL|caldera,0xfff9775d,28000040,1104,115,めろんぱん食堂
115,#8Q80P982R,𝐍𝐓|𝐀𝐚𝐫𝐮,0xffffce89,28000303,1104,116,✌️✌️✌️
116,#PP8URGQL8,J. Álvarez ⁹🕷️,0xff1ba5f5,28000139,1104,117,Emi's bar 🍻
117,#8UYQRLQQV,Cwowお,0xffa8e132,28000331,1104,118,InTeamRasur
118,#20CQLYP2C,TBEjason,0xffff8afb,28000336,1104,119,Brawl King's
119,#PGL2UL0CR,SS+|Psychokid,0xffffffff,28000164,1104,120,Talents
120,#2VV02GQ2C,RNT | Prime,0xff1ba5f5,28000044,1104,121,Imperial
121,#2PJJQV92,V3|Flamen🤍,0xffffce89,28000230,1104,122,CONEXIÓN
122,#YPRJQCPJU,💎legendary💎,0xff1ba5f5,28000057,1104,123,Halloween 🎃👻
123,#Y9LYC98PG,LMD🍋Aimer,0xffffffff,28000265,1104,124,たつきすねげ
124,#LGY8VJ2PU,通りすがりのえんどうたん☪️,0xffffffff,28000022,1104,125,めろんぱん食堂
125,#QLCJGQUP,BOH|Diego💚Wolf,0xff4ddba2,28000320,1104,126,7 Dwarves
126,#2UYJV98J2,all 1500🏆,0xffffffff,28000000,1104,127,
127,#8GGQC0UP,SHW|Tattier,0xff1ba5f5,28000138,1104,128,MegaPigEnjoyers
128,#280RJ92JC,ExP |BloocK,0xfff9c908,28000242,1104,129,CONEXIÓN
129,#VGQ0P2VU,Carry by Georg,0xffffffff,28000123,1104,130,A Few Good Men
130,#YCC8CJU,Captainroxx⚡️,0xffff9727,28000262,1104,131,<c7>BLITZ</c>
131,#PRVJJQUUR,Mundial を',0xffffffff,28000004,1104,132,WOLVES HUNGRY
132,#99YL0PV9V,𝐍𝐓|𝐋𝐮𝐢𝐬𝐮,0xffffce89,28000349,1104,133,✌️✌️✌️
133,#YPP02G9L,Mxrf 🐝,0xff1ba5f5,28000291,1104,134,Beyond Washed
134,#PQ28JP0P,亲Jσтα,0xffff9727,28000175,1103,135,7 Dwarves
135,#8YQV9UPRL,AvalSElguu🌫️,0xffffffff,28000331,1103,136,MEGATROLL
136,#R2R2JV9C,S4W|Aste❤️‍🔥,0xffff8afb,28000214,1103,137,Spain4Win
137,#2082JRYUV,GooD•G,0xffcb5aff,28000033,1103,138,<c5>Just Us</c>
138,#CJP08CU0,Uriel,0xffffffff,28000135,1103,139,Brawl King's
139,#2PLP0RPR2,AxE-_Legend🌹,0xfff9c908,28000213,1103,140,AxE Gaming
140,#2QJJ2CPG,Elvis,0xfff05637,28000203,1103,141,MegaPigEnjoyers
141,#8GULV80RP,wortekz,0xfff9c908,28000345,1103,142,Brawl King's
142,#8UL0U08V,winq ☃️🤍,0xffff8afb,28000175,1103,143,Havoc Echo
143,#Y22RU8YQ2,Seis,0xffcb5aff,28000159,1103,144,Brawl King's
144,#9C08PP88R,Colin★ㄐ,0xffcb5aff,28000135,1103,145,DtZ
145,#9CL9UL9P,Mechhα 🧸,0xffffffff,28000339,1103,146,🧀MUSSARELOS 3✨
146,#LUP0QRC8,L1S|D4NTE❦,0xffff9727,28000129,1103,147,Mini Me’s
147,#P8GGRVCL,MiroshkaClass ❤,0xfff05637,28000068,1103,148,Brawl Birds🐤⚔️
148,#P9RLCJ8UC,ZL|Kinkuni,0xffa2e3fe,28000098,1102,149,レインボーの風船
149,#P90RJQ8C,Sizuku🐬,0xff1ba5f5,28000044,1102,150,数え役満🀄️
150,#PYGR8CPJ2,〆ϻɪs͢τɪӄ🩸,0xfff9c908,28000018,1102,151,Spain4Win
151,#PLUJG0Y0R,愛dizocserib🤍e•,0xffff8afb,28000204,1102,152,Revaible 💗
152,#9Q8LP2Y09,Lag,0xff1ba5f5,28000044,1102,153,Dredd
153,#UVVULJUQ,AG |Luis Miguel,0xfff05637,28000290,1102,154,LitheX🐢
154,#29UC8UV98,🔥Mma Ukr🔥,0xfff05637,28000263,1102,155,Brawl King's
155,#PLUGLRG28,4SV_MaSTeP,0xffffffff,28000233,1102,156,Quant ESports🐾
156,#LLQ8GY8,𝐓𝐡𝐨𝐧𝐲会,0xfff9c908,28000334,1102,157,BC*|Family*
157,#2QCVLV2Q,Psychopant💧,0xffff8afb,28000334,1102,158,7 Dwarves
158,#298JUYR29,Chase-Itz,0xffcb5aff,28000156,1101,159,Beyond Kratos
159,#PJ9JCYLCQ,猿|Epic🐒,0xff1ba5f5,28000069,1101,160,Ex0tic-E-Sport
160,#98VGCV9GR,FPS|いちごパフェ🍓🍨,0xfff05637,28000196,1101,161,牙城
161,#PQPR2GQGJ,MatCha✈️,0xffcb5aff,28000014,1101,162,HK瘋
162,#PQJVG9LG2,REX Kai💫🥀,0xff1ba5f5,28000110,1101,163,REX💫
163,#8J8U8L9YG,VN|A🤍,0xffff8afb,28000317,1101,164,<c5>Just Us</c>
164,#9YCVC8RQL,Hahn🧸❤️‍🔥,0xffffce89,28000272,1100,165,Dog Walkers
165,#9LV0Q00YV,영원한감동,0xff4ddba2,28000082,1100,166,새싹
166,#9G0CJPJPY,Taha♛,0xffcb5aff,28000170,1100,167,GOOD BYE TAHA
167,#PR9U2JL,Juan Carlos,0xffffffff,28000119,1100,168,Humble Grinders
168,#P0YG02Q8,MG | Abhishek,0xffff9727,28000018,1100,169,IMMORTAL SOULS
169,#8J9PPC880,𝐁𝐫𝐞𝐞𝐳𝐲❦,0xffcb5aff,28000218,1100,170,🧀MUSSARELOS✨
170,#9CVGVGGJY,「KaoS」EﾌĐe尺ツ,0xffff9727,28000018,1100,171,ᴅᴀɪʟʏ
171,#2RL8LGV9Q,🐼iBearQu❦︎,0xfff05637,28000352,1100,172,High Quality
172,#22Q0J0P2P,LUCKRASS,0xffa8e132,28000210,1100,173,BC*|Family*
173,#9P2CUYJ8P,Scared,0xff4ddba2,28000167,1100,174,
174,#2PC29VJP0,feyen✞,0xffffffff,28000000,1100,175,Real Ones
175,#QGLCPJ2J,Ansel,0xff1ba5f5,28000014,1100,176,CHEESEFOREVAR
176,#2RG0LV02,STMN | Scofield,0xff4ddba2,28000136,1100,177,vMoove
177,#2YCR9RLCJ,Tris🍃,0xffcb5aff,28000095,1100,178,
178,#8PJ8Y8Y,uncivil :p,0xff1ba5f5,28000322,1100,179,Elite Saiyan🔱
179,#GJ9PLGPL,ReSn|Snake🐍,0xff4ddba2,28000101,1100,180,Lose?
180,#8ULJJPYG2,Âtahan🖤Ubéyd,0xffffffff,28000333,1100,181,
181,#JV2L02VV,SíJaauaq,0xffff8afb,28000303,1100,182,
182,#QR90UY9L,Lipe❤️Pandora,0xffff9727,28000203,1100,183,Revenge Gaming
183,#22GP8YYGY,🌴HM|𝚣𝙳𝚞𝚍𝚞,0xff4ddba2,28000290,1099,184,🌴|<c3>HM</c>
184,#20JYLU8JU,でんじゃらすトミーさん邪！♨️,0xffff8afb,28000320,1099,185,オーシャンズビュー
185,#P9GRC09,히치Lucky🥀,0xffffffff,28000185,1099,186,No Mercy
186,#8Q9QGYC8,SRG|Tripwire🥀,0xfff05637,28000197,1099,187,Synergy
187,#PY0U8VUQQ,Wirtz,0xffffffff,28000187,1099,188,
188,#Y2PR82J92,DF | Hansel,0xffffffff,28000156,1099,189,
189,#9YYUPGJ2V,Nerf⁷💯,0xffff9727,28000121,1099,190,Havoc Echo
190,#Y989VP,『Tiziano™』,0xff1ba5f5,28000348,1099,191,Wasted🥱
191,#CUYPVVJG,TROYE🐙,0xffa8e132,28000016,1099,192,UTOPIA
192,#92LYGL22G,Yakup❤️🔥,0xfff05637,28000011,1099,193,
193,#2YR9PPYUY,A1AL|DzonDzon🍌,0xffcb5aff,28000073,1099,194,Golden Legion
194,#82YLCR8LR,언월❦(刀),0xff1ba5f5,28000267,1099,195,<c1>BBOBBY</c>
195,#YUGUVGYL,edson v2 🪐,0xffcb5aff,28000176,1099,196,You and me 💜
196,#YYYQJ8VG,『Hidde ♡ Kuba』,0xffcb5aff,28000282,1099,197,BC*|Family*
197,#20C80QUY9,GuGu 🌙,0xffcb5aff,28000212,1099,198,Brawl Kings
198,#9U0G8JPU2,mir,0xfff9775d,28000232,1099,199,Talents
199,#2QUR20PRQ,ExP |CrySoul,0xfff9775d,28000331,1099,200,Crazy eSports
