,tag,name,nameColor,icon,trophies,rank,club
0,#QGC9JGLVY,〆𝓝𝓾𝓫𝓪𝔁🎈,0xffff9727,28000343,1503,1,TikTok : nubaxx
1,#2C9PLLUG8,Efecan|Apple♎🖤,0xffff8afb,28000321,1501,2,<c0>ＬＯＮＥＬＹ★</c>
2,#PV9U8PU8Q,Raul Clash,0xffffffff,28000200,1499,3,🌴<c5>|HM</c>
3,#2Q9PYVQLP,HelloWorld,0xffff8afb,28000096,1499,4,
4,#P08899RJG,Runávoys:),0xffff9727,28000044,1499,5,rainy︎ ︎☂︎
5,#LP2LVRRU,THALES💙BIEL,0xffffffff,28000021,1449,6,Good Game
6,#QCY9J9Y88,Brawler,0xffffffff,28000122,1449,7,ISeeYouRey 👀⛏️
7,#VLQPVPY,Naz❤️Hyra,0xffff8afb,28000303,1402,8,Fenernazçe 💙💛
8,#L9RRP8QQP,pro players,0xff1ba5f5,28000221,1397,9,あてぃしのこと好きすぎ―！❤️
9,#P9UVCQ2U2,Amazing,0xffff8afb,28000337,1349,10,help ranks
10,#2YYJRQCRV,ちぃんかわ❤️,0xff4ddba2,28000122,1346,11,さなさんのファン集まれ😃👍
11,#JRLQRL8,🌴HM|Noc ❀,0xff4ddba2,28000218,1343,12,🌴|<c3>HM</c>
12,#P0L99Y092,🎆NINJAGAMER🎆,0xffa2e3fe,28000263,1305,13,OverPowers
13,#YY9RR2L2P,♛해왕 포세이돈｜별💫,0xfff9c908,28000139,1305,14,REX💫
14,#920PC9CVC,AlOnE_DaRk,0xffff9727,28000348,1303,15,NHY E-SporTS
15,#8GV2CP2J8,☔ZORLU☔,0xffcb5aff,28000003,1303,16,<c0>ＬＯＮＥＬＹ★</c>
16,#VYGVV08Q,🍅domates,0xffffffff,28000261,1303,17,
17,#VL0GPPJV,Physic Gear 5,0xfff9c908,28000014,1302,18,Eclipse 🌖
18,#JQVQYVY,Code: VTzim 🌑,0xffff8afb,28000339,1302,19,Eclipse 🌖
19,#YP28LYR8G,GHS|Phoenix ❦,0xfff9c908,28000213,1301,20,Ghost eSports
20,#2PGGR8Y9P,Asuna Yuuki,0xff1ba5f5,28000201,1300,21,Follow?
21,#2G2RC9CUC,Legend✨コウ,0xffcb5aff,28000305,1299,22,エメハン大学
22,#Q2JVVRJVJ,tengo novia🥰,0xffffffff,28000075,1299,23,
23,#PP9CYV8GG,4K VINI,0xfff05637,28000213,1299,24,Amazones1
24,#YGCVPR8U8,Swifty | 戈,0xff1ba5f5,28000122,1299,25,Rapid Q
25,#92VJ8VQUP,🔥an_hayp🔥,0xfff05637,28000047,1299,26,
26,#RR0VLV9G,오뎅🙆‍♂️,0xff1ba5f5,28000122,1287,27,✦Brawl Stars✦
27,#22C0GV9CR,NoCrow,0xff1ba5f5,28000207,1258,28,HeroWarriorsTR
28,#80P9LJLV,愛~ScoobZ❖,0xffffffff,28000122,1257,29,Showdown🤍
29,#Y02QUURQL,style дезик<3,0xffcb5aff,28000045,1255,30,
30,#9QC02VJV8,nyx1k?🤍ニックス,0xffffffff,28000137,1254,31,Lost Hell
31,#9ULULVPG,Xabi☄️ᴴᴬᵀᴱᵧₒᵤ,0xff1ba5f5,28000218,1254,32,
32,#290LJC89U,L1S|Unique❦,0xffa2e3fe,28000035,1253,33,Night Stars
33,#8C0PLGQRV,Duo♡nubik,0xff4ddba2,28000254,1253,34,Quant ESports🐾
34,#80GPQ2RGP,薙| Juice🧃,0xff4ddba2,28000337,1253,35,Tribe Turkey
35,#20CJVQQYU,[₮₱] ₱ɆⱠ₳Ɖ₳Ø,0xffcb5aff,28000291,1253,36,★the Players★
36,#PYPYRPGJV,𝑱𝒖𝒔𝒕 𝑴𝒆🥀,0xffffce89,28000347,1253,37,★the Players★
37,#PPG8PC8C0,Crazy|КоhаКч🌈,0xffffffff,28000196,1253,38,Crazy op🫠
38,#99JQ9PQP,Artem4ic🤍W,0xff4ddba2,28000018,1253,39,
39,#29RQJY8Q8,@𝓡𝓮𝓿_Mew🧡,0xffff9727,28000337,1253,40,といママふぁんくらぶ🤱
40,#99LCC28V,vivek,0xffffce89,28000090,1253,41,NO<c7>MERCY</c>
41,#2GYY989GU,あ|Nouggetシ🦋,0xffa8e132,28000075,1253,42,VV eSport
42,#Y88QYRPRC,₮₱ ¥¥₳₦ ₲₳ɃɌƗɆⱠ,0xfff05637,28000334,1253,43,Kings United II
43,#GP2Q0L92Y,다이너 저격수,0xffffce89,28000198,1253,44,ブリリアントぶた劇場
44,#PQJVG9LG2,REX Kai💫🥀,0xff1ba5f5,28000110,1253,45,REX💫
45,#PYQJ008GU,愛~AGM🤍,0xffa2e3fe,28000335,1253,46,Spike lovers 💚
46,#80808J2QV,🪐ᴳᵒᵈνϟcᴛᴏʀ 🜲,0xff4ddba2,28000140,1253,47,Tribe Turkey
47,#PL92YG8R,Եρ ՐɿՇk☆*❥⃝*,0xff4ddba2,28000341,1253,48,★₮ĦɆ ₱Ⱡ₳¥ɆɌ$2 ★
48,#GGQ8VJVC,AO | Taikamylly,0xffff8afb,28000339,1253,49,MunkkiHunters
49,#9LC9VP8QR,笑っちゃう男,0xffffce89,28000203,1253,50,レインボーの風船
50,#LQ8Q928G2,𝑫𝒙𝒓𝒌😮‍💨❤️,0xff4ddba2,28000238,1253,51,
51,#88GQ0JQLP,NightArcher55,0xffff9727,28000286,1253,52,Twisted Ballz
52,#Y8JQLUC09,♚Charlot・anan♚,0xffffce89,28000281,1253,53,ラーメン好きなルー🍜
53,#Y29V28JYJ,ナイフを持った天使,0xfff9c908,28000014,1252,54,Brawl King's
54,#Y02L2GGC,Weeeeisit🍒,0xffff8afb,28000073,1252,55,Showdown💔Kings
55,#LUJYJUR0L,〇〇マン2号,0xffa2e3fe,28000241,1252,56,Excellent🏆
56,#9PR980V2L,joni👅スランチャー,0xffcb5aff,28000346,1252,57,NA|Legends❤️‍🩹
57,#2UJQQ0YL,TOC,0xfff9c908,28000212,1252,58,anyway🤷🏻‍♂️
58,#9JJYPJVVG,BigBosss.<3,0xfff9775d,28000244,1252,59,BigBoss Army
59,#9RPPY2CCJ,Crazy|Arukir🫠,0xffffffff,28000206,1252,60,Crazy op🫠
60,#8PJRRG2C,SK|GuilleVGX,0xffa8e132,28000099,1252,61,CONEXIÓN
61,#LVV00982,Killyöu☪︎👼,0xff1ba5f5,28000300,1252,62,🔥Blaze Soul🔥
62,#YCQ29Q0UG,iFixaaaaa.🕊,0xffcb5aff,28000023,1252,63,<c0>PWNZ</c>
63,#8J8G9CJVJ,CᴀʟʟMᴇ𝓩artis🦍,0xffffffff,28000150,1252,64,RK Esport
64,#8RL008GRL,JF|⚡️xXLeg҉e҉nd,0xffcb5aff,28000122,1252,65,Elite Universe
65,#2J0QRG0CV,〤Dami?💙た炎え,0xffffffff,28000000,1252,66,WeWe'reCats 🙀
66,#PJ02GQJ,$HIVAM I$ B+,0xffa8e132,28000151,1252,67,TT: niiil_06
67,#Y2CJ0GYRY,wwaasskk1dd👅,0xff4ddba2,28000021,1252,68,
68,#2LQJJGCUU,🎭數Mуѕтic×͜×🖤,0xffcb5aff,28000305,1252,69,Lions eSports™
69,#LYGUGCL2R,uziel,0xffffffff,28000262,1252,70,🧀MUSSARELOS 3✨
70,#82LRGLQ02,あ| 𝓕𝓪𝓱𝓪𝓓🥀,0xff1ba5f5,28000283,1252,71,OG Mute
71,#QR2GC8V,BKB|❄IC£CRØW❄,0xfff9c908,28000348,1252,72,Tribe Turkey
72,#9U8JVJG,GZ｜Kirua𓂃🦋,0xff4ddba2,28000196,1252,73,牙城
73,#2PLYGLPPJ,Joel玄,0xffff9727,28000020,1251,74,
74,#L82U9CVPQ,ᴼᵖɳe̷żu̷ҟσ🥀×᷼×,0xffff9727,28000213,1251,75,🧀MUSSARELOS✨
75,#LJPQRPRCC,愛|𝖲𝚑𝚘ԵԵᴢʸ•❦︎,0xffffffff,28000294,1251,76,Eᴍᴘɪʀᴇ Vɪᴋɪɴɢs⚒
76,#PPQQJQPQU,愛Astrø 🖤,0xffffffff,28000018,1251,77,🧀MUSSARELOS✨
77,#8VQ08LVLU,❤️🌑SHIVAM🌕💛,0xffa8e132,28000003,1251,78,DEMONS PARADISE
78,#GVLJQ282,코우💛Rose,0xffffce89,28000068,1251,79,
79,#9G9GYJ9J2,ωнiτєʑiท🤍ネヶマア,0xff1ba5f5,28000071,1251,80,
80,#P9YPY9U8J,MeTa | duo♡van,0xff4ddba2,28000262,1251,81,TyM`eSports
81,#GJR0Q9099,Ed1l𝕨𝕖𝕚𝕤𝕤,0xffcb5aff,28000352,1251,82,
82,#88JJLV020,𝑵𝒊𝒏𝒋𝒂☁️,0xffa2e3fe,28000058,1251,83,Apostles Creed
83,#8UCU9Q9L9,わたしShonenn🎈,0xffffffff,28000349,1251,84,Cactus Esport
84,#8Q2JCGP00,きゃんでぃ,0xff1ba5f5,28000014,1251,85,キングダム乱
85,#8J9PV8RUY,GW|Jaydan,0xffff8afb,28000230,1251,86,Golden Age
86,#900JJC89Q,༆Fab ☁︎,0xffffffff,28000031,1251,87,end
87,#88YJV08U2,❣️MASOOM❣️,0xffffffff,28000139,1251,88,
88,#2PVCRGCQQ,cuddlies🦋,0xff1ba5f5,28000167,1251,89,THE PRIDE
89,#YVRL08RP,🇹🇷|ßuğra🍷,0xffcb5aff,28000041,1251,90,Crønies🀄
90,#YGPQ9QGJJ,❦ZeRo💫ひーき🍌,0xffffce89,28000196,1251,91,💫Starry Sky⛈️
91,#8CC9YV0GV,Ali,0xffffffff,28000212,1251,92,Røckstars
92,#8U299CQU,🌴HM|S4MU,0xff1ba5f5,28000348,1251,93,🌴<c5>|HM</c>
93,#PCQP2LY0V,€nub¥guga₩,0xffffffff,28000000,1251,94,PusH ReVeRsO 🥵
94,#9LY0YG9QP,を|Sed🍀,0xffa8e132,28000197,1250,95,DragonArmy
95,#89VL8Y90G,BG|Mozart🖤🔥,0xff1ba5f5,28000233,1250,96,LA Global
96,#8Y082R2GG,추카|RapZ ✶,0xffff9727,28000211,1250,97,Beyond Swift
97,#Y029GG28V,Noah↯Iceღ,0xffffffff,28000222,1250,98,𝐂𝐡𝐞𝐞𝐫 𝐮𝐩
98,#8LLJ92VQ,あ| 𝓐𝓱𝓶𝓮𝓓🥀,0xff1ba5f5,28000349,1250,99,OG Mute
99,#9UG08PQUY,xSkywalker🦋ま,0xff1ba5f5,28000135,1250,100,Quant ESports🐾
100,#9QG89UV0Y,『𝕽𝖆𝖚𝖑❦︎』,0xffcb5aff,28000014,1250,101,TT: niiil_06
101,#8GGJ8JQJV,Zosia❤️‍🔥Me,0xffcb5aff,28000207,1250,102,NA|Legends❤️‍🩹
102,#2RJL8PGUV,TRW|Corwas🥶,0xff1ba5f5,28000162,1250,103,Turkish Shadow
103,#8JLRVYRU,- NOZÉ -,0xffa8e132,28000194,1250,104,★the Players★
104,#9Q28YUQP9,Yoxxx ❤️🔥,0xffcb5aff,28000003,1250,105,
105,#9P080U9L,riptideyls🔪,0xff1ba5f5,28000244,1250,106,Illusion Gaming
106,#8GQQCLYL2,❥베키ᵀᴱᴬᴹ,0xff1ba5f5,28000207,1250,107,Illusion Gaming
107,#2LJ9QCCL,tedd💞💞,0xffffffff,28000112,1250,108,
108,#JV2L02VV,SíJaauaq,0xffff8afb,28000303,1250,109,
109,#PYPQUG80,Zava💞Sunfote,0xffff9727,28000195,1250,110,Showdown💔Kings
110,#989L0928Q,L1S|Sufiyan❦,0xff1ba5f5,28000033,1249,111,IMMORTAL SOULS
111,#9G0CJPJPY,Taha♛,0xffcb5aff,28000170,1249,112,GOOD BYE TAHA
112,#22LQGCYUP,Pumm,0xffffffff,28000118,1249,113,Quinx Academy
113,#8VP882CR2,♡Mr_ido♡,0xffcb5aff,28000041,1249,114,Tribe Turkey
114,#J8P90LJ,LeeknowBoy 🧸,0xffffffff,28000345,1249,115,🧀MUSSARELOS 2✨
115,#9UVJR0PGQ,ᴹᴱᴳᴬ✎⁖℘,0xfff05637,28000023,1249,116,کافه براول
116,#882GQJCV9,Moxier🐍❤️🐀,0xffffffff,28000065,1249,117,YT:Bilek Gücü
117,#2RQRYR2G2,愛|Kristofer🕊️,0xffffffff,28000348,1249,118,7 Dwarves
118,#PJ9JCYLCQ,猿|Epic🐒,0xff1ba5f5,28000069,1249,119,Ex0tic-E-Sport
119,#29RQQQ88R,Cheeks,0xffff8afb,28000322,1249,120,Apostles Creed
120,#8J9PPC880,𝐁𝐫𝐞𝐞𝐳𝐲❦,0xffcb5aff,28000218,1249,121,🧀MUSSARELOS✨
121,#LGR9V0UL,はるめろでぃ💍,0xffa2e3fe,28000196,1249,122,ぽこ様を守り隊
122,#2UV9R8P2P,龐煖,0xff1ba5f5,28000230,1249,123,キングダム乱
123,#VPGGUU9U,|🌬ŦƤ⋆SsnıɔıuıΛ,0xff1ba5f5,28000243,1249,124,★the Players★
124,#9L0LCYGQ2,私|Byeasy💞私🐇,0xffffffff,28000348,1249,125,👑 The Kings 👑
125,#8888G9JG9,🥀𝐢𝐭𝐚𝐜𝐡𝐢☔,0xffff9727,28000349,1249,126,YT|CRESTALE🔥⚡
126,#2YCRJQJJU,『ⁱ ᵃᵐ₣₳฿ł₳₦🎭🥀,0xfff9c908,28000091,1249,127,NHY E-SporTS
127,#PYUJGV290,🪃在profikk🏔️,0xffcb5aff,28000207,1249,128,Ladder Warriors
128,#90U220LR8,ItzMiguel,0xffcb5aff,28000333,1249,129,Easy Ltda II
129,#G9C9VJ2GL,Vá♡neèk🪐,0xffff8afb,28000303,1249,130,<c0>PWNZ</c>
130,#LVQLJLPRU,GreenDAY🦠💚,0xffa8e132,28000323,1249,131,ずっと昼間でいいのに
131,#20YJ9PLLV,ま|Shadows • 💫,0xffffffff,28000041,1249,132,what happened
132,#8JQGCVRG2,"m.ghost👻/""♪",0xfff05637,28000151,1249,133,
133,#90RQYP98U,♡•bestie•♡🧸,0xffa2e3fe,28000221,1249,134,7 Dwarves
134,#PP8URGQL8,J. Álvarez ⁹🕷️,0xff1ba5f5,28000139,1249,135,Emi's bar 🍻
135,#28GR908QJ,P4S|MasTeR,0xffff9727,28000014,1249,136,P4SSANGERS
136,#8GJY9G8UQ,Lollo ヤー🥱.,0xffff9727,28000237,1249,137,Celestyn
137,#8RJY99YGG,𝘡𝘪𝘭𝘭𝘢💀,0xfff9c908,28000279,1249,138,Beyond Fresh
138,#2G2VVUR80,〆𝓢𝓲𝓷𝓼𝓽𝓻🎈,0xffffffff,28000139,1249,139,Family 69 💯🦾
139,#PUUYYQPG,★彡ShaKa🌹頹,0xff1ba5f5,28000238,1249,140,🧀MUSSARELOS✨
140,#2VQ2V99CC,MMs🌙Nemuo,0xfff9c908,28000190,1249,141,めろんぱん食堂
141,#9PGYVLY9,M.P.Gamer,0xffff8afb,28000342,1249,142,Amore💘EU
142,#Y99G8VPL0,BIG | ARTIN🦁,0xff1ba5f5,28000199,1249,143,YT | Nigena
143,#J8YPGR,Twitch: Tobi,0xffcb5aff,28000000,1249,144,Brawl King's
144,#GRCYVRJG,Edgar🤍æ,0xffff9727,28000176,1249,145,7 Dwarves
145,#9YCUUVVPU,_Prôsty❦.,0xfff9c908,28000176,1249,146,Tribe Turkey
146,#JJ09PC0P,AoC|vegeta🌷,0xffa8e132,28000115,1249,147,octos
147,#PJR8VQP2C,barringhton,0xff1ba5f5,28000129,1249,148,
148,#8LYQPLP29,🖤MKZ🖤,0xffffffff,28000032,1249,149,ᴅᴀɪʟʏ
149,#889V9VJV0,ℤ𝒆𝕕z𝕚𝔵,0xffffffff,28000139,1249,150,Katze 🐱🐈
150,#JP9P0LJG,Byrox❤️‍🩹Xorox,0xff1ba5f5,28000302,1249,151,ᴅᴀɪʟʏ
151,#82GC0CU8,XP|beko🦊,0xffff9727,28000223,1249,152,
152,#PRV2URCVV,HMZ〆,0xfff9c908,28000299,1249,153,𝑶𝓜|𝓐𝑹𝑨𝑷🥀
153,#8QU9VLJ2J,Trixii🐬,0xffffffff,28000202,1249,154,SY Naoxx🐺
154,#QRUQQLV0,Code: Nukleo,0xffa8e132,28000186,1249,155,LA Instinct
155,#8U82JV20,ᴳᵒᵈᴍᴇᴛɪ 🤲🏼📿,0xffffffff,28000000,1249,156,Night Stars
156,#QRU0L0U,🐬ꜱᴏᴋʀᴀᴍ 🜲,0xff1ba5f5,28000201,1249,157,CONEXIÓN
157,#2LR22JC9V,𝑻𝒐𝒃𝒊😮‍💨❤️,0xffa2e3fe,28000272,1249,158,BMW M5 F90.COMP
158,#YR89G8GQL,TheGoatLuca 🌴,0xffff8afb,28000244,1249,159,Prime Is Coming
159,#YGQYGCR,Portox😡,0xff1ba5f5,28000191,1249,160,Blue Label
160,#2PVCG892,Chicken🖤Axe,0xffff9727,28000098,1249,161,ChasmacGaming
161,#8R8V9V8JG,REX kinako💫🧨,0xffff8afb,28000340,1249,162,REX💫
162,#92PJVLPC,Sam / سام,0xff1ba5f5,28000135,1249,163,New Community
163,#2P0QLUGVU,Carnage,0xfff05637,28000038,1249,164,LaWs Controll
164,#9CC0RCYR,diego💙hahnsky,0xffff8afb,28000037,1249,165,
165,#8LL0PCPLG,Śwêxcîâ😡,0xffffffff,28000000,1249,166,TyM`eSports
166,#PLCPU928R,ØFFŁÎŃÈ,0xff1ba5f5,28000019,1249,167,.....
167,#LP8QV80Q,CM|Fly🖤,0xffcb5aff,28000137,1249,168,Showdown💔Kings
168,#8PVJR8V2V,Raphaxzz ぎ,0xffff8afb,28000348,1249,169,The Crias🐉
169,#2R82G0QY0,Loading...,0xffff8afb,28000098,1249,170,★the Players★
170,#8UYC8JGUC,✨Carlosˢᵃᵈツ✨,0xffa2e3fe,28000203,1249,171,🧀MUSSARELOS 3✨
171,#2CVPQJV9L,Duo♡Boki🐝,0xffffffff,28000097,1249,172,DEMONS PARADISE
172,#P8UGQ0882,Minterrr🪄,0xffffffff,28000102,1249,173,оупи челики
173,#8JGPPVY8G,L1S|ITACHI❦,0xfff9c908,28000132,1249,174,Katze 🐱🐈
174,#PUPUQLLPC,Eso🥀,0xffff9727,28000020,1249,175,
175,#2UGV0ULQC,MONSTER,0xfff9c908,28000187,1249,176,Жосткие профи
176,#QURRQP0JY,ϟWaskøv々™,0xffffffff,28000004,1249,177,
177,#2QCVLV2Q,Psychopant💧,0xffff8afb,28000334,1249,178,7 Dwarves
178,#JRJQJQQ,あてなちゃん。,0xffffffff,28000136,1249,179,ぴーなっつ。
179,#9P8VY09RL,Kɪɴᴏᴍᴀɴ🧸,0xff1ba5f5,28000261,1248,180,Showdown💔Kings
180,#29GU8P2PL,xiaofang,0xffffffff,28000233,1243,181,一万又一万
181,#9Q0QCJ0JC,𝑮𝒊𝒍|Nimuuu🤧,0xffcb5aff,28000335,1243,182,といママふぁんくらぶ🤱
182,#YY9PPLQL9,Yume𓅦,0xff4ddba2,28000149,1241,183,Cipher Pol
183,#9L09YYQ8L,⛩️Panda G.m⛩️,0xffcb5aff,28000330,1239,184,HolyGuns
184,#2LJQQ0CRJ,ShellyLover❣,0xfff05637,28000243,1239,185,ブリリアントぶた劇場
185,#9C2QCC9PU,Savageˢᵒˡᵒ | 💜,0xffcb5aff,28000003,1239,186,TheBrawlingKiwi
186,#JRYLGVYV,QLS|Glory™️,0xffff9727,28000132,1239,187,Ex0tic-E-Sport
187,#2QCY09JJ,Yâkup ❤️🔥,0xffcb5aff,28000129,1235,188,TyM`eSports
188,#GL8G898VC,~ahmaa💘,0xff1ba5f5,28000000,1234,189,I love you so🤍
189,#8QY2Y80CG,godikk❤️‍🔥,0xffcb5aff,28000014,1234,190,Ex0tic-E-Sport
190,#P22J8JP8,ZETA | BADBOY,0xffff9727,28000284,1231,191,No Mercy
191,#PQ09LC889,sinaayy🤍kアナー,0xffff8afb,28000196,1231,192,luv sinayy.🤍🪽
192,#2YL2C0RJ2,DimbaZZ💞tanuve,0xffff9727,28000299,1229,193,Purple Wave
193,#98VGCV9GR,FPS|いちごパフェ🍓🍨,0xfff05637,28000196,1229,194,牙城
194,#9U28922QP,GHS | Praigoat❦,0xfff9c908,28000301,1228,195,Ghost eSports
195,#LCRGGGYPC,TMT丨ラディッシュ,0xffff9727,28000244,1228,196,野良の住処
196,#8CVCJVVV9,Եթ Շαɱเℓα ☆*❥⃝*,0xffff9727,28000302,1225,197,★the Players★
197,#22LCG2RLJ,ZT|Yősuki̸❦,0xff1ba5f5,28000349,1221,198,weird gamers
198,#9GJ9CUQYY,AO|SLAYER❤️🔥,0xffff9727,28000090,1221,199,Night Stars
199,#208CYG9RG,AP|LUPY,0xffffffff,28000218,1218,200,Illusion Gaming
