,tag,name,nameColor,icon,trophies,rank,club
0,#UY280J89,𝐒𝐞𝐧𝐲❃,0xffffce89,28000020,1552,1,<c5>ぽんみちょった</c>
1,#8PJRRG2C,SK|GuilleVGX,0xffa8e132,28000099,1502,2,CONEXIÓN
2,#VL0GPPJV,Physic Gear 5,0xfff9c908,28000014,1502,3,Eclipse 🌖
3,#JQVQYVY,Code: VTzim 🌑,0xffff8afb,28000339,1502,4,Eclipse 🌖
4,#GRLUYG0R,NiceShøt 🌓,0xffcb5aff,28000347,1501,5,Ex0tic-E-Sport
5,#JQ8L0YYL,RNG | Cauebr,0xfff9c908,28000314,1500,6,Ghost Team👻☔
6,#2JUCGCR9L,ÜMÂ.유마❦,0xff1ba5f5,28000125,1403,7,Relax❦
7,#2VYYGUUJQ,𝕓𝕠𝕠𝕤𝕥,0xffff9727,28000215,1363,8,Bibi Elite💜
8,#28CVQGURJ,kxrtofvl,0xffffffff,28000061,1358,9,UNDERDOG 🇵🇱
9,#2Y2Y99GQR,VizeZ,0xffffffff,28000230,1352,10,Ex0tic-E-Sport
10,#92U0C8RGU,M前平❕,0xffffffff,28000000,1349,11,美しい彼エターナル
11,#QUYCVC2,STMN | sans,0xffa8e132,28000136,1325,12,STMN Esports
12,#P9UVCQ2U2,Amazing,0xffff8afb,28000337,1307,13,help ranks
13,#LUP0QRC8,L1S|D4NTE❦,0xffff9727,28000129,1305,14,Mini Me’s
14,#82PPQ2Y0R,S4nd 🐣💛,0xfff9c908,28000217,1304,15,🚀💫ATS💫🚀
15,#90VUCY2PL,MyS|nassim,0xffff9727,28000308,1303,16,
16,#LQJC9QL2,HJK┃アチャ,0xffffffff,28000000,1302,17,豚骨ラーメンファンキー
17,#8L9JUCY0G,Sigma Male,0xffffffff,28000009,1302,18,Demise 🥀
18,#2JYGUYUG,AAMIR LORD,0xffffffff,28000207,1302,19,CHEESEFOREVAR
19,#22Q0J0P2P,LUCKRASS,0xffa8e132,28000210,1302,20,BC*|Family*
20,#9P2CUYJ8P,Scared,0xff4ddba2,28000167,1302,21,
21,#99VLVGRJG,BootyBaptizer69,0xffffce89,28000000,1302,22,Humble Grinders
22,#2G0GR9,꧁༺Eend༻꧂,0xffffffff,28000014,1302,23,<c5>Just Us</c>
23,#2PJJQV92,V3|Flamen🤍,0xffffce89,28000230,1302,24,CONEXIÓN
24,#8GULV80RP,wortekz,0xfff9c908,28000345,1302,25,Brawl King's
25,#99LP2PUQ9,jxbkofvl,0xffff9727,28000303,1301,26,ŚrednioNaPsa
26,#20CJVQQYU,[₮₱] ₱ɆⱠ₳Ɖ₳Ø,0xffcb5aff,28000291,1301,27,★the Players★
27,#CGQCYJGY,TTV | SnakeThug,0xfff9c908,28000341,1301,28,Deadly Vipers🐍
28,#8GV2CP2J8,☔ZORLU☔,0xffcb5aff,28000003,1301,29,<c0>ＬＯＮＥＬＹ★</c>
29,#2CJQYCUR9,starheim🩸,0xffffffff,28000305,1301,30,
30,#Y29V28JYJ,ナイフを持った天使,0xfff9c908,28000014,1300,31,Brawl King's
31,#89UPQJJVV,+BraboX 🎩,0xffa8e132,28000236,1300,32,Ghost Team👻☔
32,#VYGVV08Q,🍅domates,0xffffffff,28000261,1300,33,
33,#PYJLL2QQL,たか/みく推し🎧❄️,0xff1ba5f5,28000334,1300,34,めろんぱん食堂
34,#VJ82J8GG,웅기❦ⁿᵃᵐᵉ,0xff1ba5f5,28000322,1300,35,Illusion Gaming
35,#PQ98LVPQ,Math ↯,0xffcb5aff,28000280,1299,36,Ash's Club
36,#2P088J29C,Matt,0xffff8afb,28000333,1299,37,<c5>Just Us</c>
37,#9LJ0G22RL,QLS|MITO,0xffa8e132,28000347,1283,38,🧀MUSSARELOS✨
38,#29L028GQL,Djahsta,0xffff9727,28000306,1280,39,BC*|Family*
39,#CVG9VGCG,Eddy🌖,0xffa8e132,28000148,1276,40,NHY E-SporTS
40,#80LJG2PR9,Zed | Kaijinn🌹,0xff1ba5f5,28000296,1275,41,マカロンのお菓子
41,#99JRGQ0C9,King⚡️,0xffcb5aff,28000135,1275,42,Affective.
42,#90R9Q2UP,@stardragonOP,0xffff9727,28000209,1270,43,SpenLC Youtube
43,#CQLR0Y80,QLS | Tufa,0xffa8e132,28000016,1270,44,Ghost Team👻☔
44,#GRC9RRJR,TQ | Javi,0xfff9c908,28000137,1270,45,A Few Good Men
45,#C282RY8C,Fiwlipp,0xffff8afb,28000014,1269,46,<c5>Just Us</c>
46,#QR8RU922,Karmaa,0xfff9c908,28000047,1268,47,Brawl King's
47,#GJQLPLQ8P,WinterZzz🤍A,0xff4ddba2,28000233,1267,48,Хижина Снайпов
48,#GPPRCRLQG,sQwiRtl支,0xffffffff,28000156,1267,49,Talents
49,#89V2LPJR2,Seipan,0xfff9c908,28000006,1267,50,✌️✌️✌️
50,#J9V89VU0,Dαvi🎲,0xffcb5aff,28000335,1267,51,BC*|Family*
51,#QRUQQLV0,Code: Nukleo,0xffa8e132,28000186,1266,52,LA Instinct
52,#YY9RR2L2P,♛해왕 포세이돈｜별💫,0xfff9c908,28000139,1264,53,REX💫
53,#2UPQR2J,m1key,0xfff05637,28000247,1264,54,Bunny Hole 🐰
54,#2PGGR8Y9P,Asuna Yuuki,0xff1ba5f5,28000201,1263,55,Follow?
55,#GRQ82UJV,AQO | Toodyxz,0xffcb5aff,28000156,1263,56,United Stars ✨
56,#289LVCLY,Eva Owns Me,0xffff8afb,28000075,1263,57,Havoc Echo
57,#VGQ0P2VU,Carry by Georg,0xffffffff,28000123,1263,58,A Few Good Men
58,#2VG02RU0,ThorN3X,0xffcb5aff,28000018,1261,59,Brawl King's
59,#2JQ80QPQU,Hisoka❤️‍🩹Arky,0xffff9727,28000273,1261,60,LA Global
60,#88P0P28RR,はげどっぐ🐶🩵,0xff1ba5f5,28000136,1261,61,ホネルトンズ
61,#2GRJ0Q9UC,DEW│Luismen🤍,0xff1ba5f5,28000125,1260,62,めろんぱん食堂
62,#V2Q080UU,Valembeau💜,0xffcb5aff,28000035,1260,63,A Few Clown Men
63,#20QUGCVQ9,Mirrox 🐺,0xffffffff,28000345,1258,64,HolyPower
64,#Q2LCJV9Q,ぴょんまる〜♫おぅおぅ⤴︎,0xffffce89,28000035,1258,65,Uchronia
65,#2JU2QYG00,꧁KL❦ 𝒵ℰ𝓇𝑜☻™,0xffff8afb,28000095,1258,66,🔥Blaze Soul🔥
66,#PQPR2GQGJ,MatCha✈️,0xffcb5aff,28000014,1258,67,HK瘋
67,#VCPJQQ,Jealous🤍Y,0xffffce89,28000196,1257,68,люблю даню<3💓
68,#YUGUVGYL,edson v2 🪐,0xffcb5aff,28000176,1257,69,You and me 💜
69,#29UGLJV2G,Lёvi,0xfff9c908,28000244,1257,70,✌️✌️✌️
70,#P8RPRLJVQ,Кексик❤️‍🔥ソロリグ,0xffcb5aff,28000331,1257,71,Lose?
71,#8QR9Q9V2V,BobusIsMyDog👿,0xffcb5aff,28000023,1256,72,ŚrednioNaPsa
72,#GCJC0U22P,Zeyrox my life.,0xffa2e3fe,28000347,1256,73,HeroWarriorsTR
73,#YG0YP2PC2,感謝を伝えよう。大切な人に,0xffffffff,28000284,1255,74,𝐂𝐡𝐞𝐞𝐫 𝐮𝐩
74,#GVLJQ282,코우💛Rose,0xffffce89,28000068,1255,75,
75,#GRJY0J0R,SKC | Lukitas,0xfff9c908,28000244,1255,76,Emi's bar 🍻
76,#YGQYGCR,Portox😡,0xff1ba5f5,28000191,1255,77,Blue Label
77,#RVLQ0VUR,风暴|kerem🎃,0xffff9727,28000257,1255,78,ᴅᴀɪʟʏ
78,#JV9LRVG,RamBoidee ッ,0xffff8afb,28000098,1255,79,STMN Esports
79,#9UG08PQUY,xSkywalker🦋ま,0xff1ba5f5,28000135,1254,80,Quant ESports🐾
80,#2CUVQVGQ,𝓢𝓟❦𝕹𝖔̈𝖎𝖗,0xffff9727,28000230,1254,81,Excellent🏆
81,#2LGCUYYPP,🎀ТАЧАЧЦ🎀,0xffcb5aff,28000207,1254,82,Lost Hell
82,#P82QPG9R,ᴀᴋᴋɪ🎭,0xffcb5aff,28000294,1254,83,WESH WORLD
83,#UJRRQV92,✧k̤̮a̤̮z̤̮ṳ̮✧,0xff1ba5f5,28000261,1254,84,Venus
84,#82UCLY9C8,Kronos🇧🇷,0xffff8afb,28000029,1254,85,Brawl King's
85,#RC8GU2G,Ascend-.-,0xffcb5aff,28000014,1254,86,Havoc Echo
86,#PYPQUG80,Zava💞Sunfote,0xffff9727,28000195,1254,87,Showdown💔Kings
87,#20RUGRYGP,最強卍ちゃそ君卍,0xfff9c908,28000220,1254,88,
88,#2JLC2UYLJ,Hinanoharü🐰,0xffffce89,28000302,1254,89,동물농장
89,#PQPP02VG,Flavin💙Auroraメ,0xffffffff,28000195,1254,90,NGGL
90,#G0LYU9JY,YNS|CAmPErr🌃,0xffa8e132,28000262,1254,91,<c0>PWNZ</c>
91,#P8U8JQLG,感|WarMan⚔️,0xff1ba5f5,28000148,1254,92,OG Mute
92,#LUGQ9UPC,guesti,0xfff9775d,28000018,1254,93,<c5>Just Us</c>
93,#9VV90ULQU,Gatinho,0xffff9727,28000184,1253,94,Kings United
94,#89PPCLP,⋆͛★🍯るし🐝★⋆͛,0xffff9727,28000014,1253,95,✌️✌️✌️
95,#2GPV0LRQC,TTeJIbMeIIIka,0xffff8afb,28000347,1253,96,Quant ESports🐾
96,#9L9P2PLY0,佐切「静かに、、激しく、、」,0xffffffff,28000303,1253,97,🌺🥀🌸🌼🌷
97,#LPGYQ9CCV,Йeo:)🩵,0xff1ba5f5,28000134,1253,98,レインボーの風船
98,#PUJ8JCU2P,ѕυηѕє∂なさた🥷🤍,0xffff9727,28000337,1253,99,NA|Legends❤️‍🩹
99,#8QPQUJUPU,Sacrifício,0xfff05637,28000014,1253,100,[™BLIND™]
100,#GGQ8VJVC,AO | Taikamylly,0xffff8afb,28000339,1253,101,MunkkiHunters
101,#JV2L02VV,SíJaauaq,0xffff8afb,28000303,1253,102,
102,#290LJC89U,L1S|Unique❦,0xffa2e3fe,28000035,1253,103,Night Stars
103,#9G9GYJ9J2,ωнiτєʑiท🤍ネヶマア,0xff1ba5f5,28000071,1253,104,
104,#PJYUUCCPC,でぃあぴの‪ღ,0xffcb5aff,28000210,1253,105,Excellent🏆
105,#YP8802YP8,Playdead,0xffcb5aff,28000333,1253,106,Miracle
106,#2U8LUQRJJ,Roxdead,0xffcb5aff,28000305,1253,107,Illusion Gaming
107,#20YJGGQQY,𝐰𝐚𝐧个,0xffff9727,28000005,1253,108,魔教🐢玄武門🐢
108,#UGQJURVJ,𝑴𝒊𝒚𝒂𝒎𝒆𝒏☃,0xffa8e132,28000196,1253,109,めろんぱん食堂
109,#JC20PGQG,愛•τσiʑʑi ↯,0xffff8afb,28000129,1253,110,🧀MUSSARELOS 2✨
110,#UYUUQQ8Q,대왕❦(光),0xffcb5aff,28000115,1253,111,<c1>BBOBBY</c>
111,#989L0928Q,L1S|Sufiyan❦,0xff1ba5f5,28000033,1252,112,IMMORTAL SOULS
112,#90V8C89JC,Anil14乂,0xffff9727,28000273,1252,113,
113,#PCJV8PCP2,SEKHON SAN,0xffff8afb,28000224,1252,114,<c0>IMPACT</c>
114,#99088JQ8Q,ᴋᴄ|ʟᴜɪͩᴄͤɪͣᴛͩᴏ临,0xff1ba5f5,28000349,1252,115,No Mercy
115,#UCY90J0J,라무🩵Basil,0xff1ba5f5,28000151,1252,116,Memento Mori
116,#292RQ9QQJ,ÇRÆŽŸ,0xff1ba5f5,28000229,1252,117,Beyond Alpha
117,#98RV0YRL,dudus,0xffa8e132,28000044,1252,118,✌️✌️✌️
118,#2RQGVLRVG,₹GuilleX,0xffff8afb,28000036,1252,119,No Mercy
119,#802VG829,LuRkz🩵Sq,0xffff8afb,28000014,1252,120,Demise 🥀
120,#2LY99YGP8,HJK┃エネ↯,0xffcb5aff,28000338,1252,121,<c2>エホヤキム</c>
121,#2PYR2LY0,lemoncbon 🍋,0xfff9c908,28000136,1252,122,vMoove
122,#80PC2QJCR,❥Hazzēиs✧,0xff1ba5f5,28000348,1252,123,7 Dwarves
123,#88Q082YJV,Kousui￤ℒℒ,0xffff8afb,28000222,1252,124,✌️✌️✌️
124,#CPPPQYQ,TOHR🌈,0xffa8e132,28000140,1252,125,Kings United
125,#P08899RJG,Runávoys:),0xffff9727,28000044,1252,126,rainy︎ ︎☂︎
126,#JV29L0LV,FaZzen,0xffcb5aff,28000327,1252,127,Ghost Team👻☔
127,#QRCQJ2PG,ALEXGIG,0xff1ba5f5,28000067,1252,128,ChillOut
128,#20UR8JPVJ,TS｜ふぃる.,0xfff05637,28000112,1252,129,🦠🦠🦠
129,#2098RP8RJ,crayola,0xffff8afb,28000224,1252,130,amphibianman
130,#92VRUP8PY,Instinct🖤,0xff1ba5f5,28000090,1252,131,Brawl King's
131,#8URPUVV9J,Pøkîch,0xffff8afb,28000123,1252,132,Lose?
132,#9QJGLJJ8,YoungMartinez,0xfff9c908,28000004,1252,133,Ghost Team👻☔
133,#QRU0L0U,🐬ꜱᴏᴋʀᴀᴍ 🜲,0xff1ba5f5,28000201,1252,134,CONEXIÓN
134,#8GQQCLYL2,❥베키ᵀᴱᴬᴹ,0xff1ba5f5,28000207,1252,135,Illusion Gaming
135,#92QUPQLQ2,longsliive🤍ソフィ,0xff1ba5f5,28000322,1252,136,Хижина Снайпов
136,#280RJ92JC,ExP |BloocK,0xfff9c908,28000242,1252,137,CONEXIÓN
137,#8GYJGVYR,thicc❤️basta,0xffff9727,28000233,1252,138,TheBrawlingKiwi
138,#8Q2GVCC90,THF | Ray,0xff1ba5f5,28000129,1252,139,KiwiKings
139,#989GJRYLR,Indù🐝,0xffcb5aff,28000349,1252,140,Wasted🥱
140,#9LYQR9QC,Stas.,0xffff8afb,28000321,1252,141,Affective.
141,#9J9UQ0U9,Harrison022🐹,0xfff9775d,28000203,1252,142,✌️✌️✌️
142,#YG9LCG82J,The Gizaline,0xff1ba5f5,28000347,1252,143,친추 마스터만 받음
143,#2RL8LGV9Q,🐼iBearQu❦︎,0xfff05637,28000352,1252,144,High Quality
144,#9PR980V2L,joni👅スランチャー,0xffcb5aff,28000346,1252,145,NA|Legends❤️‍🩹
145,#RRJ8Y00,Fraax🐝,0xffcb5aff,28000347,1252,146,Wasted🥱
146,#QUPU8GPUY,t1rehs🦖,0xffa8e132,28000136,1252,147,Dysphoria
147,#8Y9LJGU00,Bud🥀,0xfff05637,28000182,1252,148,ᵀᵉᵃᵐ★IQ★
148,#89J0UQ8V0,ᵒᵖ☄️Rolcsi☄️ᵒᵍ,0xff1ba5f5,28000011,1252,149,AFGM GENESIS
149,#JVRCVJ9Q,NOUN | Pekka,0xff1ba5f5,28000170,1252,150,A Few Good Men
150,#2JGVVPY,Nobody 🕊,0xffff8afb,28000006,1252,151,NA Friends
151,#9QG89UV0Y,『𝕽𝖆𝖚𝖑❦︎』,0xffcb5aff,28000014,1252,152,TT: niiil_06
152,#PUQ8G8ULU,Cristhian✞.,0xffa8e132,28000284,1252,153,Allied Exiles
153,#VUC2U2QC,Warn1nk;(,0xff1ba5f5,28000196,1252,154,Real Ones
154,#Q9GYQRG89,✘𝓴𝓸𝓴𝓸✘ 유아나,0xffcb5aff,28000349,1252,155,おぱんちゅみせて
155,#LJ9L2UC0,YanaeCrossed,0xffcb5aff,28000349,1252,156,Los Shupapis
156,#80C2CUCU8,TRD|Axstro,0xff1ba5f5,28000129,1252,157,Brawl Kings's
157,#20JUUQU0G,ChamaQle⚑,0xffa8e132,28000063,1252,158,Venus
158,#LRLGLP9GJ,『weakness🌪』,0xffff8afb,28000256,1252,159,Revaible 💗
159,#YVG2LJG,SN|scattered,0xff1ba5f5,28000285,1252,160,Talents
160,#8R99PJ890,xSkylasz•,0xffff9727,28000321,1252,161,Vitality
161,#2CRRRRYJR,моё,0xfff9c908,28000213,1252,162,✌️✌️✌️
162,#C2CP8YG,∅∅∅∅∅∅∅,0xffffffff,28000038,1252,163,a<c
163,#8UQ9GQJJ,↝𝑉𝑖𝑝𝑒𝑟⍨꙳,0xff4ddba2,28000272,1252,164,めろんぱん食堂
164,#P8GGRVCL,MiroshkaClass ❤,0xfff05637,28000068,1252,165,Brawl Birds🐤⚔️
165,#CPPC8282,@IMBONOX2,0xffcb5aff,28000155,1251,166,임포스터
166,#GG8YUGL88,1l💘qiwenok,0xffcb5aff,28000286,1251,167,Memories World
167,#89JJV992Y,ZL|caldera,0xfff9775d,28000040,1251,168,めろんぱん食堂
168,#8JV0CQLGU,𝙅𝙭𝙞𝙞𝙧☁️,0xff1ba5f5,28000013,1251,169,7 Dwarves
169,#8VQ08LVLU,❤️🌑SHIVAM🌕💛,0xffa8e132,28000003,1251,170,DEMONS PARADISE
170,#2QJPQJ2P,STMN|Pory♟️,0xffffffff,28000305,1251,171,<c0>Mate</c>
171,#22992CG0G,元Leobardo™,0xffa8e132,28000129,1251,172,7 Dwarves
172,#208VQLLP,AS|Matias,0xffff9727,28000046,1251,173,No Mercy
173,#80UP02L9G,wiz🧛🏼‍♀️,0xffff8afb,28000097,1251,174,Ash's Club
174,#LVQLJLPRU,GreenDAY🦠💚,0xffa8e132,28000323,1251,175,ずっと昼間でいいのに
175,#809R8JV8Q,Tizzou❤Clzs,0xffff8afb,28000166,1251,176,Allez Laaa
176,#P98CYLCJ,むぎ,0xffffffff,28000046,1251,177,数え役満🀄️
177,#G99CYGL,𝒁𝒂𝒊𝒌𝒐❄️,0xff4ddba2,28000194,1251,178,ChillOG
178,#QUUGLJGQC,ᴡɪɴᴄʜᴇsᴛᴇʀ♡,0xffcb5aff,28000014,1251,179,Lost Hell
179,#2J2P9YGLC,relts YT,0xff1ba5f5,28000056,1251,180,PIKACHU⚡
180,#P8RQ90UY9,FMG | Vitorᴷⁱⁿᴳ,0xffffce89,28000349,1251,181,Ex0tic-E-Sport
181,#J8YPGR,Twitch: Tobi,0xffcb5aff,28000000,1251,182,Brawl King's
182,#82RGU8PR,TTM | Maury,0xff4ddba2,28000140,1251,183,A Few Good Men
183,#9VU9R2LY,Terry!,0xffffffff,28000081,1251,184,✌️✌️✌️
184,#GYC8QQC8U,ζ͜͡⸙Nᴇxɪᴀᴋ🖤〆,0xfff05637,28000014,1251,185,
185,#L2U888JJP,squeeze ❤️🔥,0xffffce89,28000135,1251,186,KingdomRush
186,#2QUQQUCL,Bīlúūùx 便便饼,0xffa8e132,28000136,1251,187,Allez Laaa
187,#2YYL89J8G,psychc🦈,0xffffffff,28000003,1251,188,🌴|<c3>HM</c>
188,#PJGC2GUG9,愛へ吸いますbesovv🦋,0xffffce89,28000118,1251,189,
189,#GYV90U,LG | Alec26,0xff1ba5f5,28000017,1251,190,Humble Grinders
190,#L99892JJ,要|мeɢα♕❤️‍🔥,0xfff05637,28000349,1251,191,BC*|Family*
191,#GPGJYQ002,30분 후에 또 만나자,0xffff8afb,28000006,1251,192,Uchronia
192,#9ULY08QQV,♛해왕 포세이돈｜보기🐬,0xff1ba5f5,28000151,1251,193,最強
193,#92RGV88,𝑰𝒏𝒊𝒎𝒆𝒏☃,0xffcb5aff,28000036,1251,194,めろんぱん食堂
194,#JGUYRYQ,Nathan🩵,0xffff8afb,28000041,1251,195,NA Friends
195,#G98VUYYR,鼓俄涩特丝挌麻,0xffffffff,28000139,1251,196,ecco2k
196,#LLQ8GY8,𝐓𝐡𝐨𝐧𝐲会,0xfff9c908,28000334,1251,197,BC*|Family*
197,#RUGUJPR8,☠ĆØΜβΔŦ€ŇŦ€☠,0xff4ddba2,28000253,1251,198,★the Players★
198,#9G0CJPJPY,Taha♛,0xffcb5aff,28000170,1251,199,GOOD BYE TAHA
199,#809P8LJUP,🧸まるちん💕,0xffffffff,28000234,1251,200,トロ上げ警備員
