,tag,name,nameColor,icon,trophies,rank,club
0,#2UYJV98J2,all 1500🏆,0xffffffff,28000000,1499,1,
1,#VLQPVPY,Naz❤️Hyra,0xffff8afb,28000303,1402,2,Fenernazçe 💙💛
2,#VL0GPPJV,Physic Gear 5,0xfff9c908,28000014,1302,3,Eclipse 🌖
3,#8GV2CP2J8,☔ZORLU☔,0xffcb5aff,28000003,1302,4,<c0>ＬＯＮＥＬＹ★</c>
4,#JQVQYVY,Code: VTzim 🌑,0xffff8afb,28000339,1300,5,Eclipse 🌖
5,#VYGVV08Q,🍅domates,0xffffffff,28000261,1300,6,
6,#P9UVCQ2U2,Amazing,0xffff8afb,28000337,1252,7,help ranks
7,#R2R2JV9C,S4W|Aste❤️‍🔥,0xffff8afb,28000214,1252,8,Spain4Win
8,#8Y2Y0GYYG,与田祐希𓃵,0xfff9c908,28000240,1252,9,Cipher Pol
9,#92VJ8VQUP,🔥an_hayp🔥,0xfff05637,28000047,1252,10,
10,#9LY0YG9QP,を|Sed🍀,0xffa8e132,28000197,1251,11,DragonArmy
11,#8VP882CR2,♡Mr_ido♡,0xffcb5aff,28000041,1251,12,Tribe Turkey
12,#20CJVQQYU,[₮₱] ₱ɆⱠ₳Ɖ₳Ø,0xffcb5aff,28000291,1251,13,★the Players★
13,#P9YPY9U8J,MeTa | duo♡van,0xff4ddba2,28000262,1251,14,TyM`eSports
14,#8LLJ92VQ,あ| 𝓐𝓱𝓶𝓮𝓓🥀,0xff1ba5f5,28000349,1251,15,OG Mute
15,#2ULUP8VG9,ぜ|КеКzzz🌖,0xffff9727,28000003,1251,16,ᴅᴀɪʟʏ
16,#PYPQUG80,Zava💞Sunfote,0xffff9727,28000195,1251,17,Showdown💔Kings
17,#QR2GC8V,BKB|❄IC£CRØW❄,0xfff9c908,28000348,1251,18,Tribe Turkey
18,#8JV08U8GR,NightMare❤️‍🔥,0xffcb5aff,28000280,1250,19,NHY E-SporTS
19,#9L09YYQ8L,⛩️Panda G.m⛩️,0xffcb5aff,28000330,1250,20,HolyGuns
20,#9UG08PQUY,xSkywalker🦋ま,0xff1ba5f5,28000135,1250,21,Quant ESports🐾
21,#JV2L02VV,SíJaauaq,0xffff8afb,28000303,1250,22,
22,#YQUQUUG,Ferlol,0xff1ba5f5,28000294,1249,23,minuta:3
23,#YY9PPLQL9,Yume𓅦,0xff4ddba2,28000149,1249,24,Cipher Pol
24,#C2CULQP0,❤️‍🔥Mazoex♛,0xff1ba5f5,28000314,1249,25,VV eSport
25,#8QY2Y80CG,godikk❤️‍🔥,0xffcb5aff,28000014,1249,26,Ex0tic-E-Sport
26,#22LCG2RLJ,ZT|Yősuki̸❦,0xff1ba5f5,28000349,1249,27,weird gamers
27,#JUQ2JVV8,Orlando◢◤,0xff1ba5f5,28000241,1249,28,7 Dwarves
28,#2P088J29C,Matt,0xffff8afb,28000333,1249,29,<c5>Just Us</c>
29,#22PJGVJYJ,히치Luxito🥀,0xffffffff,28000321,1249,30,No Mercy
30,#2PYCJVL0,カフェイン中毒ゆーちぃ☕️,0xff1ba5f5,28000284,1249,31,Cipher Pol
31,#JGCCGY80,prostislavv,0xffff9727,28000042,1249,32,BOBR gaming
32,#8LQQCCPRG,MyS|Efim👾,0xffa8e132,28000101,1249,33,Quant ESports🐾
33,#Y0GLYCYVY,Maho❤️🔥,0xff1ba5f5,28000129,1249,34,<c0>ＬＯＮＥＬＹ★</c>
34,#8GJY9G8UQ,Lollo ヤー🥱.,0xffff9727,28000237,1245,35,Celestyn
35,#8PJRRG2C,SK|GuilleVGX,0xffa8e132,28000099,1237,36,CONEXIÓN
36,#QRUQQLV0,Code: Nukleo,0xffa8e132,28000186,1221,37,LA Instinct
37,#99JQ9PQP,Artem4ic🤍W,0xff4ddba2,28000018,1220,38,
38,#2PGGR8Y9P,Asuna Yuuki,0xff1ba5f5,28000201,1219,39,Follow?
39,#Y0VPJ89Q,Ｓㄚ 么 乙 ツ,0xffffce89,28000237,1204,40,Quant ESports🐾
40,#8J9PPC880,𝐁𝐫𝐞𝐞𝐳𝐲❦,0xffcb5aff,28000218,1203,41,🧀MUSSARELOS✨
41,#9VU9R2LY,Terry!,0xffffffff,28000081,1203,42,✌️✌️✌️
42,#90V9VYJ8C,しょうけい,0xfff05637,28000242,1200,43,なかよし部
43,#8YUVLQQLG,TEM | Gluttonyʕ,0xff1ba5f5,28000088,1199,44,おなかすいたよ🍖🍔🍟🍕
44,#J8URCRCJ,vxdka :p,0xffff9727,28000095,1199,45,No Mercy
45,#YQ9JVYV,ToniMxf.💘,0xffcb5aff,28000272,1199,46,ChillOG
46,#2CY0CVU80,~Vi♡tal🪐,0xffffffff,28000297,1199,47,Импрессив
47,#C8299PVQ,🐬🐬🐬🐬🐬,0xffffffff,28000169,1199,48,数え役満🀄️
48,#8LQ9JR82,Code: Eqwaak,0xfff9c908,28000004,1199,49,A Few Good Men
49,#P28J9J8QP,🌴HM| Pacify ツ,0xfff9c908,28000272,1199,50,🌴|<c3>HM</c>
50,#PGY9ULY,PollitoMan,0xffffffff,28000348,1176,51,7 Dwarves
51,#8CVCJVVV9,Եթ Շαɱเℓα ☆*❥⃝*,0xffff9727,28000302,1170,52,★the Players★
52,#P99QGPLU2,Davex,0xffffce89,28000129,1159,53,Brawl King's
53,#YGQYGCR,Portox😡,0xff1ba5f5,28000191,1156,54,Blue Label
54,#8R99PJ890,xSkylasz•,0xffff9727,28000321,1151,55,Vitality
55,#220PGLU02,家|𝑴𝒆𝒎𝒆𝒏ϟ,0xffa8e132,28000163,1150,56,You and me 💜
56,#RJ0VYVCJ,𝘑𝑔𝑚𝑎𝑐𝑒么,0xff1ba5f5,28000212,1149,57,Himalaya
57,#8Y98Q8U,CR | Sitetampo,0xffff8afb,28000014,1149,58,A Few Good Men
58,#J99YU9QY,KuruNero🐬,0xff1ba5f5,28000264,1149,59,Cipher Pol
59,#QCLV9CL,RC | Menmi,0xffff8afb,28000280,1149,60,Cipher Pol
60,#2PV9R9Q28,Melty297,0xffff9727,28000256,1149,61,<c5>ぷらねたりうむ</c>
61,#LCP2Y2Q,Lachkid,0xff1ba5f5,28000014,1149,62,Brawl Kings
62,#GC982J9L,悪𝕸𝖆𝖙𝖍❤️‍🔥,0xfff05637,28000090,1149,63,
63,#Q9VUQ2UG9,позерочек,0xfff9c908,28000132,1145,64,оупи челики
64,#8LC808G,Tuyu,0xff1ba5f5,28000349,1145,65,@Tuyu_Official
65,#PP8GYPRGP,WhyTrttt?,0xffffffff,28000212,1136,66,
66,#YRURQRPUR,Skibidi Chipz,0xff1ba5f5,28000018,1136,67,Talents
67,#88RGGCVQJ,My heart in AUS,0xff4ddba2,28000092,1124,68,ハナクソタケシ
68,#99RRC99LP,farm😼кαдєiн,0xffffffff,28000122,1122,69,Masterpiece❤‍🩹
69,#PRVJJQUUR,Mundial を',0xffffffff,28000004,1121,70,WOLVES HUNGRY
70,#CGQCYJGY,TTV | SnakeThug,0xfff9c908,28000341,1116,71,Deadly Vipers🐍
71,#GRLUYG0R,NiceShøt 🌓,0xffcb5aff,28000347,1116,72,Ex0tic-E-Sport
72,#82PQUPGU0,Ryohei🐬,0xff1ba5f5,28000240,1115,73,数え役満🀄️
73,#82GC0CU8,XP|beko🦊,0xffff9727,28000223,1113,74,
74,#2J2PJ0UV,ikarosita,0xffa8e132,28000136,1109,75,Humble Grinders
75,#889VRC0QJ,🦅|Matheo>.<,0xffffffff,28000197,1108,76,
76,#PYGR8CPJ2,〆ϻɪs͢τɪӄ🩸,0xfff9c908,28000018,1108,77,Spain4Win
77,#8URCLRY8,球隊|RoUND🌠,0xfff9c908,28000061,1108,78,My social media
78,#9P2CUYJ8P,Scared,0xff4ddba2,28000167,1106,79,
79,#GRCYVRJG,Edgar🤍æ,0xffff9727,28000176,1106,80,7 Dwarves
80,#9L0UQRPJJ,İRONMAN,0xffcb5aff,28000314,1106,81,₮Ɽ₩`eSports
81,#2CRRRRYJR,моё,0xfff9c908,28000213,1105,82,✌️✌️✌️
82,#9P98UCUV,Eydan,0xffff8afb,28000247,1105,83,Beyond Champs
83,#LRJ9YYQL,☞Տӈᴀ⚜ᴅᴏΧ๛,0xffffce89,28000014,1104,84,CONEXIÓN
84,#9J2JLUR8G,Aspect 🃏,0xffffffff,28000304,1104,85,7 Dwarves
85,#29L028GQL,Djahsta,0xffff9727,28000306,1104,86,BC*|Family*
86,#V2Q080UU,Valembeau💜,0xffcb5aff,28000035,1104,87,A Few Clown Men
87,#GRVL8ULV,陰|SuperLab ☯︎,0xff1ba5f5,28000141,1104,88,7 Dwarves
88,#GU898VQ,Levi,0xffcb5aff,28000014,1104,89,Brawl King's
89,#Y22RU8YQ2,Seis,0xffcb5aff,28000159,1104,90,Brawl King's
90,#CG0YQP2C,Bavioツんﾌﾒ,0xffffffff,28000014,1104,91,Arab Empire
91,#989L0928Q,L1S|Sufiyan❦,0xff1ba5f5,28000033,1103,92,IMMORTAL SOULS
92,#2RL8LGV9Q,🐼iBearQu❦︎,0xfff05637,28000352,1103,93,High Quality
93,#2PJJQV92,V3|Flamen🤍,0xffffce89,28000230,1103,94,CONEXIÓN
94,#JGUYRYQ,Nathan🩵,0xffff8afb,28000041,1103,95,NA Friends
95,#2RJ0UJCU0,FMG|LuisOMGᴷⁱⁿᴳ,0xfff9c908,28000139,1103,96,ZETA|DIVISION'S
96,#99YL0PV9V,𝐍𝐓|𝐋𝐮𝐢𝐬𝐮,0xffffce89,28000349,1103,97,✌️✌️✌️
97,#9YUJP2QGP,FC | Reverse🌑,0xffff9727,28000341,1103,98,Fora da Curva®
98,#YLV8CL0R,Astaaaa❤️‍🔥😈,0xff4ddba2,28000347,1102,99,Tribe Turkey
99,#8Q80P982R,𝐍𝐓|𝐀𝐚𝐫𝐮,0xffffce89,28000303,1102,100,✌️✌️✌️
100,#2RQGVLRVG,₹GuilleX,0xffff8afb,28000036,1102,101,No Mercy
101,#8UYQRLQQV,Cwowお,0xffa8e132,28000331,1102,102,InTeamRasur
102,#GJ9PLGPL,ReSn|Snake🐍,0xff4ddba2,28000101,1102,103,Lose?
103,#LLQ8GY8,𝐓𝐡𝐨𝐧𝐲会,0xfff9c908,28000334,1102,104,BC*|Family*
104,#9G0CJPJPY,Taha♛,0xffcb5aff,28000170,1101,105,GOOD BYE TAHA
105,#PR9U2JL,Juan Carlos,0xffffffff,28000119,1101,106,Humble Grinders
106,#LQJC9QL2,HJK┃アチャ,0xffffffff,28000000,1101,107,豚骨ラーメンファンキー
107,#9VP2R0P9,ToxicZan,0xff1ba5f5,28000352,1101,108,Real Ones
108,#GV00QCYL,ɆⱠĐł₦™×͜×,0xfff9c908,28000019,1101,109,🧀MUSSARELOS✨
109,#PP8URGQL8,J. Álvarez ⁹🕷️,0xff1ba5f5,28000139,1101,110,Emi's bar 🍻
110,#8QPQUJUPU,Sacrifício,0xfff05637,28000014,1101,111,[™BLIND™]
111,#2YCR9RLCJ,Tris🍃,0xffcb5aff,28000095,1101,112,
112,#8QVGJQGGC,ᴀsᴛʀᴏ >.< 🖤,0xffff9727,28000272,1101,113,Kings United II
113,#QR90UY9L,Lipe❤️Pandora,0xffff9727,28000203,1101,114,Revenge Gaming
114,#2P08V02Q,⛩|žwřq🥀,0xff1ba5f5,28000134,1101,115,𝑶𝓜|𝓐𝑹𝑨𝑷🥀
115,#298JUYR29,Chase-Itz,0xffcb5aff,28000156,1100,116,Beyond Kratos
116,#82GPP9LQ,BC*| Tobi🍉,0xff1ba5f5,28000303,1100,117,BC*|Family*
117,#8YQV9UPRL,AvalSElguu🌫️,0xffffffff,28000331,1100,118,MEGATROLL
118,#2PLVJ0GLV,Sniper🐙,0xffff9727,28000244,1100,119,Brawl Kings
119,#QRU0L0U,🐬ꜱᴏᴋʀᴀᴍ 🜲,0xff1ba5f5,28000201,1100,120,CONEXIÓN
120,#PLUGLRG28,4SV_MaSTeP,0xffffffff,28000233,1100,121,Quant ESports🐾
121,#8CG8Y8LQC,TAKKY,0xffffffff,28000336,1100,122,だから私は族
122,#8GUPLYY,FG | Jene,0xffff8afb,28000135,1100,123,clover
123,#280RJ92JC,ExP |BloocK,0xfff9c908,28000242,1100,124,CONEXIÓN
124,#PC92L9PYU,Jad'll kill u🖤,0xffcb5aff,28000094,1100,125,
125,#9RQGPG9GP,patsan,0xffffffff,28000044,1099,126,🥀GF|GeForce🥀
126,#20JYLU8JU,でんじゃらすトミーさん邪！♨️,0xffff8afb,28000320,1099,127,オーシャンズビュー
127,#GG8RL2CP,Kevin❤️‍🔥,0xffffffff,28000135,1099,128,……
128,#G99CYGL,𝒁𝒂𝒊𝒌𝒐❄️,0xff4ddba2,28000194,1099,129,ChillOG
129,#J8UQ2UUG,SEKAI NO SHOUPI,0xffa8e132,28000140,1099,130,Cipher Pol
130,#20L88L2J,FUT | LeNain,0xffff8afb,28000321,1099,131,A Few Good Men
131,#98QJC2YPU,LUCİ😈,0xffcb5aff,28000194,1099,132,Tribe Turkey
132,#82CJYJPG2,Yutapin,0xffa8e132,28000190,1099,133,Cipher Pol
133,#L28L2JYC,🧊🐶|ĪçēĐøğ,0xff1ba5f5,28000159,1099,134,はい「s❤️‍🔥World
134,#PQL2G2LL9,Yakup❤️🔥,0xfff05637,28000261,1099,135,YT:Bilek Gücü
135,#28C9LCPY8,DaigoMR,0xff4ddba2,28000052,1099,136,Perro salchicha
136,#2RG0LV02,STMN | Scofield,0xff4ddba2,28000136,1099,137,vMoove
137,#808YCJQ0,Shafin,0xffffce89,28000339,1099,138,Mini Me’s
138,#2L892GP,YAPIMARU_YT,0xffffffff,28000186,1099,139,Cipher Pol
139,#Y0P8VC8R,IX|ASHIC MERCEL,0xffcb5aff,28000272,1099,140,Røckstars 2
140,#2CGG8VLG9,Windu🩸,0xffa8e132,28000185,1099,141,
141,#QUYCVC2,STMN | sans,0xffa8e132,28000136,1094,142,STMN Esports
142,#989GVG0UR,陰|₦Ї₦ℑ₳™👑,0xffa8e132,28000305,1094,143,Good Players 💫
143,#PL2P020J8,Núbis Gear 4,0xffffffff,28000317,1092,144,GamePlay D
144,#2Y2Y99GQR,VizeZ,0xffffffff,28000230,1088,145,Ex0tic-E-Sport
145,#22GP8YYGY,🌴HM|𝚣𝙳𝚞𝚍𝚞,0xff4ddba2,28000290,1086,146,🌴|<c3>HM</c>
146,#8PP8UGCL0,♠️💜Emerson💜♠️,0xffa8e132,28000333,1086,147,WOLFMX
147,#2JY989R0R,Queen,0xffffffff,28000207,1086,148,k ttc
148,#P9GRC09,히치Lucky🥀,0xffffffff,28000185,1081,149,No Mercy
149,#GCGYLL0G,ᴵᴬᴹᴷ͢͢͢ⁱʳᵃ,0xffffce89,28000054,1077,150,WOLFMX
150,#9LV0Q00YV,영원한감동,0xff4ddba2,28000082,1075,151,새싹
151,#PPG8C2P2,Zimon,0xffffffff,28000184,1075,152,<c5>Just Us</c>
152,#UR02VU99,TwG | Minato,0xff1ba5f5,28000335,1074,153,Twig Elite
153,#28LYUL8JP,𝙲𝚘𝚍𝚎ˢˣ❥𝙹en,0xffcb5aff,28000337,1071,154,🧀MUSSARELOS✨
154,#8QJU2CCY,Fearless,0xffff9727,28000017,1071,155,WOLFMX
155,#89JJV992Y,ZL|caldera,0xfff9775d,28000040,1070,156,めろんぱん食堂
156,#29V0GUG8,BATATINHA,0xff1ba5f5,28000156,1070,157,
157,#89CGJQ08G,Lônély🖤ClârX,0xffcb5aff,28000003,1063,158,LA Global
158,#QLVP829R,Gas,0xff1ba5f5,28000122,1060,159,A Few Good Men
159,#9YYUPGJ2V,Nerf⁷💯,0xffff9727,28000121,1060,160,Havoc Echo
160,#289YVRL0Y,ж Mєℓєє ж,0xff1ba5f5,28000004,1058,161,B T H Alfa
161,#CJP08CU0,Uriel,0xffffffff,28000135,1058,162,Brawl King's
162,#P0YG02Q8,MG | Abhishek,0xffff9727,28000018,1057,163,IMMORTAL SOULS
163,#2UGYQURUG,HeGs:)🇹🇷❤️‍🔥,0xffcb5aff,28000018,1054,164,NHY E-SporTS
164,#CJV2PJ0R,SK | Yoshi,0xffcb5aff,28000135,1054,165,Yoshi Fans
165,#9Q9C9JU0,Lavastoviglie™️,0xff1ba5f5,28000069,1054,166,F/A India
166,#P08YUJU9,Max123,0xff1ba5f5,28000243,1054,167,辛蒂的小跟班們❤️
167,#2J82LJJG2,Pika,0xffff9727,28000242,1054,168,BC*|Family*
168,#LVVCQJR8Y,MyS l boosty,0xffff8afb,28000301,1053,169,
169,#9YCUUVVPU,_Prôsty❦.,0xfff9c908,28000176,1053,170,Tribe Turkey
170,#2CY898QJ0,єηισ ƒαιχα⁷ 🥋,0xffcb5aff,28000224,1053,171,Candangos do BR
171,#Y0C0PG0PR,psycho💘drowikk,0xff1ba5f5,28000168,1053,172,Psychбольница
172,#9UCUJ29C,king faheem,0xff1ba5f5,28000046,1053,173,The Revengers
173,#80G89U99R,Chibro,0xffcb5aff,28000018,1052,174,ETERNAL FLAME
174,#20P2GP99,Ducky🐝,0xffa8e132,28000136,1052,175,NA Friends
175,#80QLC8292,🧀|FeLiPeᶠᵇˢ⚜️,0xffff9727,28000231,1052,176,🧀MUSSARELOS✨
176,#RPU90PVJ,Inveja,0xfff9c908,28000129,1052,177,🧀MUSSARELOS✨
177,#90LPVYVUP,Yusuf♛,0xffffffff,28000112,1052,178,SALDİM
178,#P2RVQ90L9,🖤ŠįŁ3Ñt🥀,0xffcb5aff,28000183,1052,179,Invincible
179,#2JLU8PJLV,Einheit|Phil,0xff1ba5f5,28000000,1051,180,LA Global
180,#98VPCJQ0C,sr america,0xffcb5aff,28000267,1051,181,
181,#G0L8RYU,⚡johanproxdシ⚡🇦,0xffffffff,28000261,1051,182,Nҽɯ Sƚαɠҽ🎖️
182,#89VVQ82PU,💙|SanjiYₑₐₕ|❤,0xffff9727,28000308,1051,183,SY Origin
183,#L99892JJ,要|мeɢα♕❤️‍🔥,0xfff05637,28000349,1051,184,BC*|Family*
184,#GU220LGG,GHS|PatricK👻,0xffff8afb,28000211,1051,185,Ghost eSports
185,#V8JP99J0,ZKN|Fantas🦊,0xffffce89,28000014,1050,186,Monkey’s Island
186,#88QCRPLJV,Togi☁️,0xffff8afb,28000303,1050,187,7 Dwarves
187,#PRJPJQ22U,Vedantツ,0xffffffff,28000136,1050,188,SpenLC Youtube
188,#2RJL8PGUV,TRW|Corwas🥶,0xff1ba5f5,28000162,1050,189,Turkish Shadow
189,#2LR22JC9V,𝑻𝒐𝒃𝒊😮‍💨❤️,0xffa2e3fe,28000272,1050,190,BMW M5 F90.COMP
190,#RLCJUCUU,Brook 🩻,0xffff8afb,28000023,1050,191,
191,#9U8QRLQ98,✬FantoMchiK⁶⁹♡︎,0xff1ba5f5,28000304,1050,192,Ambition♡
192,#82LRGLQ02,あ| 𝓕𝓪𝓱𝓪𝓓🥀,0xff1ba5f5,28000283,1050,193,OG Mute
193,#80VJGCL0P,tubarao-kaique,0xfff05637,28000279,1049,194,🧀MUSSARELOS✨
194,#8U8PUJP2L,ᴍʏs|ᴍʀ💕ᴘᴇᴏᴘʟᴇ,0xffcb5aff,28000280,1049,195,Хата Пипла
195,#J0CJJPR9,MikuPiku,0xff4ddba2,28000018,1049,196,ひつじCLUB
196,#2V8VCP2L0,I ❤AchoShunka,0xff1ba5f5,28000299,1049,197,BulgarianR
197,#PGUGCU9GQ,〖Ｇａｂｙ〗🌺,0xffffffff,28000188,1049,198,Black Hearts🖤
198,#9PP880VPC,モモきゅん,0xffffffff,28000264,1049,199,CLUB ACQUA
199,#2YYJYPCL,tomzy:(,0xffffffff,28000196,1049,200,<c5>Just Us</c>
