,tag,name,nameColor,icon,trophies,rank,club
0,#P8GGRVCL,MiroshkaClass ❤,0xfff05637,28000068,1451,1,Brawl Birds🐤⚔️
1,#VL0GPPJV,Physic Gear 5,0xfff9c908,28000014,1350,2,Eclipse 🌖
2,#VLQPVPY,Naz❤️Hyra,0xffff8afb,28000303,1301,3,Fenernazçe 💙💛
3,#8GV2CP2J8,☔ZORLU☔,0xffcb5aff,28000003,1300,4,<c0>ＬＯＮＥＬＹ★</c>
4,#P9UVCQ2U2,Amazing,0xffff8afb,28000337,1298,5,help ranks
5,#P99QGPLU2,Davex,0xffffce89,28000129,1267,6,Brawl King's
6,#QLYJ2RGJ,ɢʀᴏᴍᶜʰᵃᵈง'̀-'́ง,0xfff05637,28000218,1263,7,AE Cosmic
7,#28CVQGURJ,kxrtofvl,0xffffffff,28000061,1259,8,UNDERDOG 🇵🇱
8,#JQVQYVY,Code: VTzim 🌑,0xffff8afb,28000339,1258,9,Eclipse 🌖
9,#RVLQ0VUR,风暴|kerem🎃,0xffff9727,28000257,1257,10,ᴅᴀɪʟʏ
10,#89JJV992Y,ZL|caldera,0xfff9775d,28000040,1254,11,めろんぱん食堂
11,#2UL9QGVVQ,⚔️ᴡikͥτoͣrͫro,0xff4ddba2,28000349,1254,12,Waffle House 🏠
12,#20L88L2J,FUT | LeNain,0xffff8afb,28000321,1252,13,A Few Good Men
13,#CGQCYJGY,TTV | SnakeThug,0xfff9c908,28000341,1252,14,Deadly Vipers🐍
14,#Y2VLVGC88,MSP|Nayt あ,0xff1ba5f5,28000262,1252,15,MSP TEAM
15,#JV2L02VV,SíJaauaq,0xffff8afb,28000303,1252,16,
16,#9L0UQRPJJ,İRONMAN,0xffcb5aff,28000314,1252,17,₮Ɽ₩`eSports
17,#2CRRRRYJR,моё,0xfff9c908,28000213,1252,18,✌️✌️✌️
18,#PYPQUG80,Zava💞Sunfote,0xffff9727,28000195,1252,19,Showdown💔Kings
19,#C2CP8YG,∅∅∅∅∅∅∅,0xffffffff,28000038,1252,20,a<c
20,#9GQP82R0Q,다원이,0xff1ba5f5,28000305,1252,21,NX엔엑스
21,#Y29V28JYJ,ナイフを持った天使,0xfff9c908,28000014,1251,22,Brawl King's
22,#29UGLJV2G,Lёvi,0xfff9c908,28000244,1251,23,✌️✌️✌️
23,#9VU9R2LY,Terry!,0xffffffff,28000081,1251,24,✌️✌️✌️
24,#99VLVGRJG,BootyBaptizer69,0xffffce89,28000000,1251,25,Humble Grinders
25,#8PJRRG2C,SK|GuilleVGX,0xffa8e132,28000099,1251,26,CONEXIÓN
26,#82LRGLQ02,あ| 𝓕𝓪𝓱𝓪𝓓🥀,0xff1ba5f5,28000283,1251,27,OG Mute
27,#LQJC9QL2,HJK┃アチャ,0xffffffff,28000000,1250,28,豚骨ラーメンファンキー
28,#P8U8JQLG,感|WarMan⚔️,0xff1ba5f5,28000148,1250,29,OG Mute
29,#LUGQ9UPC,guesti,0xfff9775d,28000018,1250,30,<c5>Just Us</c>
30,#989L0928Q,L1S|Sufiyan❦,0xff1ba5f5,28000033,1249,31,IMMORTAL SOULS
31,#VYPQ8JP,Yde,0xfff9c908,28000321,1249,32,Brawl Kings
32,#2VPCUG92R,烈火戰神,0xfff05637,28000345,1249,33,<c0>IX Zeus</c>
33,#J8YPGR,Twitch: Tobi,0xffcb5aff,28000000,1249,34,Brawl King's
34,#98P92U0UU,ARX|Numan,0xfff9c908,28000047,1249,35,
35,#2VV02GQ2C,RNT | Prime,0xff1ba5f5,28000044,1249,36,Imperial
36,#2UVPC8V,Mago21 🖤,0xffa8e132,28000340,1249,37,Talents
37,#8VJYGP2R8,+＋爽凛❇︎SOURIN＋+,0xff1ba5f5,28000267,1249,38,Uchronia
38,#8LQ9JR82,Code: Eqwaak,0xfff9c908,28000004,1249,39,A Few Good Men
39,#990LVLJGV,Q3artex Bs qert,0xffffffff,28000106,1249,40,Brawl Fight
40,#UYUUQQ8Q,대왕❦(光),0xffcb5aff,28000115,1249,41,<c1>BBOBBY</c>
41,#LV8YGJQCJ,鄭珈欣♥️,0xffcb5aff,28000184,1249,42,<c7>ʚÜɞ</c>
42,#VGQ0P2VU,Carry by Georg,0xffffffff,28000123,1249,43,A Few Good Men
43,#LUP0QRC8,L1S|D4NTE❦,0xffff9727,28000129,1249,44,Mini Me’s
44,#2QCVLV2Q,Psychopant💧,0xffff8afb,28000334,1249,45,7 Dwarves
45,#829LJ28CU,toxicgenie🃏,0xffcb5aff,28000286,1237,46,Real Ones
46,#YGQYGCR,Portox😡,0xff1ba5f5,28000191,1228,47,Blue Label
47,#8QR9Q9V2V,BobusIsMyDog👿,0xffcb5aff,28000023,1218,48,ŚrednioNaPsa
48,#8RPPJ8Y8L,Lyoko | DiMii🌽,0xffcb5aff,28000014,1215,49,Wasted🥱
49,#2PCLYY2C,︎︎衒,0xffff9727,28000307,1206,50,たつきすねげ
50,#8JRRJC920,Nυв❥ᴋᴀʀᴍᴀ༄,0xffff8afb,28000303,1204,51,Tribe Waseem
51,#QRUQQLV0,Code: Nukleo,0xffa8e132,28000186,1203,52,LA Instinct
52,#2PGGR8Y9P,Asuna Yuuki,0xff1ba5f5,28000201,1203,53,Follow?
53,#802VG829,LuRkz🩵Sq,0xffff8afb,28000014,1202,54,Demise 🥀
54,#P08YUJU9,Max123,0xff1ba5f5,28000243,1202,55,辛蒂的小跟班們❤️
55,#JGUYRYQ,Nathan🩵,0xffff8afb,28000041,1201,56,NA Friends
56,#CQLR0Y80,QLS | Tufa,0xffa8e132,28000016,1199,57,Ghost Team👻☔
57,#PVJJLYPJ,dmstk,0xfff9c908,28000278,1199,58,<c1>BBOBBY</c>
58,#LR2UUL89R,Tavv,0xffffce89,28000339,1199,59,RealDutch
59,#20JYLU8JU,でんじゃらすトミーさん邪！♨️,0xffff8afb,28000320,1199,60,オーシャンズビュー
60,#9J2JLUR8G,Aspect 🃏,0xffffffff,28000304,1199,61,7 Dwarves
61,#9PVJYYCV8,YT:Bilek Gücü,0xffff9727,28000267,1199,62,YT:Bilek Gücü
62,#PQJCVQ8,TRB | Cori,0xffcb5aff,28000213,1199,63,Cori’s Crew
63,#2UY908CPV,𝑩𝒐𝑺𝒂™️,0xffff9727,28000242,1199,64,
64,#VLQY99Y,ϟAlvarito🔮,0xffcb5aff,28000345,1199,65,‧✧˚✶𝙆𝙑𝙇✶˚✧‧
65,#82RGU8PR,TTM | Maury,0xff4ddba2,28000140,1199,66,A Few Good Men
66,#2098RP8RJ,crayola,0xffff8afb,28000224,1199,67,amphibianman
67,#8GULV80RP,wortekz,0xfff9c908,28000345,1199,68,Brawl King's
68,#YPUGQC29,oOoSMaNLıI 🩸,0xffa2e3fe,28000301,1199,69,Ninja Rebels 🥷
69,#GQRQURQU,Nier🇦🇱⸅,0xffcb5aff,28000184,1199,70,weird gamers
70,#PQQRJUPY,FMG| 𝕭єℓℓσ🍄,0xffffce89,28000349,1199,71,Ex0tic-E-Sport
71,#PLGJJJC2Q,L7L7,0xffffffff,28000048,1199,72,معتزل
72,#GJ0JGCUV,PowerTech YT,0xffffffff,28000334,1199,73,<c7>幹嘛偷看我個資</c>
73,#RLLRJ2,LG | Patchy,0xffffffff,28000320,1198,74,Humble Grinders
74,#UJUU0YGP,Brawl Master,0xfff05637,28000263,1195,75,CCCC
75,#8Q9G28G8R,ᴊᴋ | ᴇᴍɪʏᴀ,0xffa8e132,28000257,1188,76,♣️JO<c2>KER</c>
76,#VYGVV08Q,🍅domates,0xffffffff,28000261,1182,77,
77,#L2JL8YCCY,Zest💫NOAH,0xfff9c908,28000333,1179,78,Miracle
78,#GVLJQ282,코우💛Rose,0xffffce89,28000068,1178,79,
79,#GVJ82JR8,Kazumi,0xffcb5aff,28000291,1175,80,Ex0tic-E-Sport
80,#GJ9PLGPL,ReSn|Snake🐍,0xff4ddba2,28000101,1172,81,Lose?
81,#8J22RLLQG,🐉Son|Sasukeᴳᵒᵈ,0xfff05637,28000272,1164,82,GamePlay D
82,#88RGGCVQJ,My heart in AUS,0xff4ddba2,28000092,1160,83,ハナクソタケシ
83,#2YRC2V2U,✞blamix✞,0xffff8afb,28000023,1160,84,💥{SHOW|DOWN}💥
84,#8L9JUCY0G,Sigma Male,0xffffffff,28000009,1158,85,Demise 🥀
85,#8VQ08LVLU,❤️🌑SHIVAM🌕💛,0xffa8e132,28000003,1151,86,DEMONS PARADISE
86,#89V2LPJR2,Seipan,0xfff9c908,28000006,1151,87,✌️✌️✌️
87,#2U0JVGGCR,Dinh,0xffff8afb,28000247,1149,88,Prime Apex
88,#9LQLLYQUV,发•𝗡eptuиe🀄,0xffff8afb,28000138,1149,89,Young Falcons
89,#2URUV88R0,루예,0xffcb5aff,28000044,1149,90,친추 마스터만 받음
90,#98LJ28PPR,🤍Gu£a小栗帽₥pH❄️,0xfff05637,28000341,1149,91,🤍閃爍の日落星🌟
91,#Y989VP,『Tiziano™』,0xff1ba5f5,28000348,1149,92,Wasted🥱
92,#QLCJGQUP,BOH|Diego💚Wolf,0xff4ddba2,28000320,1149,93,7 Dwarves
93,#YPP02G9L,Mxrf 🐝,0xff1ba5f5,28000291,1149,94,Beyond Washed
94,#R2R2JV9C,S4W|Aste❤️‍🔥,0xffff8afb,28000214,1140,95,Spain4Win
95,#2J00V98R9,𝐿𝑖𝑎𝑚𝑜𝑜〆,0xff4ddba2,28000136,1140,96,Violence Alpha
96,#C2RPQLRQ,Tatsuki.★ᯤ,0xffa8e132,28000284,1139,97,たつきすねげ
97,#CJP08CU0,Uriel,0xffffffff,28000135,1136,98,Brawl King's
98,#2UGV0ULQC,MONSTER,0xfff9c908,28000187,1130,99,Жосткие профи
99,#PR0JGVR0Y,RZM|LEGEND리즈갓,0xff4ddba2,28000291,1126,100,Dizzy💫😵‍💫
100,#2G2PG0CR,偽Rosé🌺,0xffcb5aff,28000041,1121,101,LACTUS BR♧
101,#V888YPGU,IME|Minepro,0xfff9c908,28000164,1120,102,Invincible
102,#2P088J29C,Matt,0xffff8afb,28000333,1113,103,<c5>Just Us</c>
103,#LL0092JU,SnipHer,0xffffffff,28000072,1112,104,AFGM GENESIS
104,#28P9CGYP,BR_RQCROW,0xffffffff,28000065,1111,105,<c0>VERSO 7</c>
105,#29UC8UV98,🔥Mma Ukr🔥,0xfff05637,28000263,1110,106,Brawl King's
106,#90P00L9GG,✨𝓣𝓲𝔃𝓸✨,0xfff05637,28000349,1109,107,SD|player
107,#82GPP9LQ,BC*| Tobi🍉,0xff1ba5f5,28000303,1107,108,BC*|Family*
108,#8LQQCCPRG,MyS|Efim👾,0xffa8e132,28000101,1105,109,Quant ESports🐾
109,#2RQGVLRVG,₹GuilleX,0xffff8afb,28000036,1104,110,No Mercy
110,#2QUQQUCL,Bīlúūùx 便便饼,0xffa8e132,28000136,1104,111,Allez Laaa
111,#20RV9LCGY,Loki🌙,0xff1ba5f5,28000167,1104,112,<c3>ÉLITE</c>
112,#Y22RU8YQ2,Seis,0xffcb5aff,28000159,1104,113,Brawl King's
113,#9RVPL0Q0P,Arthur🌸,0xfff9c908,28000018,1103,114,Home Of Esports
114,#PLQ0PYJVV,THB|Pipe♟️,0xffff8afb,28000262,1103,115,7 Dwarves
115,#9LV0Q00YV,영원한감동,0xff4ddba2,28000082,1102,116,새싹
116,#8QVRVLLUU,Chazed,0xffa8e132,28000075,1102,117,CSM Eclipse
117,#J99YU9QY,KuruNero🐬,0xff1ba5f5,28000264,1102,118,Cipher Pol
118,#90RQYP98U,♡•bestie•♡🧸,0xffa2e3fe,28000221,1102,119,7 Dwarves
119,#YCGG2UQC,♡Larisa.,0xffcb5aff,28000018,1102,120,RoStars Academy
120,#2JUUJQCGQ,Gregor❤️Nassin,0xffffffff,28000348,1101,121,BC*|Family*
121,#8JU9PLCQC,βꜱ | ℑʊβɑ🐢,0xffa8e132,28000200,1101,122,Jubas Community
122,#2QPJQ8QRQ,bagi,0xff1ba5f5,28000335,1101,123,Brawl King's
123,#UVVULJUQ,AG |Luis Miguel,0xfff05637,28000290,1101,124,LitheX🐢
124,#2RJ0UJCU0,FMG|LuisOMGᴷⁱⁿᴳ,0xfff9c908,28000139,1101,125,ZETA|DIVISION'S
125,#22Q0J0P2P,LUCKRASS,0xffa8e132,28000210,1100,126,BC*|Family*
126,#8QY2Y80CG,godikk❤️‍🔥,0xffcb5aff,28000014,1100,127,Ex0tic-E-Sport
127,#PPL9L8YPY,CM|🥀Łania🦌,0xffff9727,28000139,1100,128,Bloody Kings
128,#28C9LCPY8,DaigoMR,0xff4ddba2,28000052,1100,129,Perro salchicha
129,#9RYLPYVPL,Ramu:),0xff4ddba2,28000006,1100,130,めろんぱん食堂
130,#QR90UY9L,Lipe❤️Pandora,0xffff9727,28000203,1100,131,Revenge Gaming
131,#989GJRYLR,Indù🐝,0xffcb5aff,28000349,1100,132,Wasted🥱
132,#YRUUVJ9,별이 내리는 밤에..,0xffffffff,28000289,1099,133,ꪔ̤ ꪔ̤ ꪔ̤
133,#2JY2LGGUJ,愛 Fernan,0xffffffff,28000244,1099,134,Nҽɯ Sƚαɠҽ🎖️
134,#PLPQQJ2J0,miś,0xffa2e3fe,28000139,1099,135,TeamHard
135,#2PJYP98P0,murk1,0xffffffff,28000125,1099,136,Ash's Club
136,#QUYCVC2,STMN | sans,0xffa8e132,28000136,1099,137,STMN Esports
137,#QCLV9CL,RC | Menmi,0xffff8afb,28000280,1099,138,Cipher Pol
138,#GYPRCR2,ああ、今すぐキミを壊したい…♡,0xffff8afb,28000000,1099,139,
139,#29P0CQ0P,HL|Ive🖤,0xfff9c908,28000244,1099,140,홀릿군단
140,#L2J228VUG,LeeGiBookTtak,0xffa2e3fe,28000228,1099,141,방통위
141,#2L0G9RVQ9,CODE : YOUYOU,0xfff9c908,28000186,1099,142,Radiance
142,#Q9Y2P0GY,cauazin🤍yas,0xffffce89,28000136,1099,143,NGGL
143,#2RC2YGJ98,Radan🐞,0xffff9727,28000338,1099,144,<c5>Just Us</c>
144,#P0PULRC,Trebor🐣💛,0xffff9727,28000207,1099,145,A Few Good Men
145,#8RPY2QQUP,Tเкเ❣,0xfff9c908,28000139,1099,146,IMPACT
146,#8PPL9QRU8,BrawlBroBS,0xfff05637,28000341,1099,147,Brawl Imperium2
147,#8QY8200U,Daki🐣💛,0xfff9c908,28000005,1099,148,Crna ruka
148,#GPPRCRLQG,sQwiRtl支,0xffffffff,28000156,1093,149,Talents
149,#298JUYR29,Chase-Itz,0xffcb5aff,28000156,1091,150,Beyond Kratos
150,#GQQQ28LCJ,The Maestrø,0xffffffff,28000307,1086,151,<c0>ARMY</c>シ︎
151,#JUV2RVPG,дофамїн♡,0xffa2e3fe,28000224,1086,152,
152,#9LYUUJPYG,Neptunnn🦋💞,0xffffffff,28000135,1080,153,Andromeda
153,#22LYCRGLL,✨Zar-D🎴,0xff1ba5f5,28000000,1078,154,Mumei Brawl YT
154,#P28R098U,XuanFeng121,0xffff8afb,28000256,1078,155,<c5>The O.G</c>
155,#YQLY9CYVY,nath,0xff1ba5f5,28000228,1078,156,vMoove
156,#29CR8QPUY,★฿uͥrgͣeͫr★z|🍔,0xfff9c908,28000213,1077,157,LA Global
157,#R0PCVR2J,Honë❦,0xfff9c908,28000176,1075,158,<c3>ÉLITE</c>
158,#LG2RY8GP,Cyclxne,0xff1ba5f5,28000349,1072,159,Brawl King's
159,#88CGL09JV,ZETA|Dori,0xffffffff,28000303,1071,160,DownPour
160,#YJY0P0VJ2,KBS|ᴡᴜᴡᴜʟᴇᴄᵍᵒᵈ,0xff1ba5f5,28000352,1071,161,Królestwo BS
161,#RC9QLYC,❄️𝐴𝑝𝑟𝑖𝑙🎃༻,0xfff9c908,28000348,1071,162,🌱ʕ•̀ω•́ʔ
162,#PG0RGUCCC,koro yt😎,0xffcb5aff,28000175,1070,163,KRM club S
163,#809R8JV8Q,Tizzou❤Clzs,0xffff8afb,28000166,1070,164,Allez Laaa
164,#VU8RLY28,The|Benja143シ🖤,0xffff9727,28000348,1070,165,ChileanFighters
165,#2UPURRC2P,Habg77,0xffa2e3fe,28000307,1068,166,Skills4Life
166,#Y9LYL8QR,AgentPotter🧸Yt,0xffff8afb,28000301,1068,167,Violence Alpha
167,#9PVU00U2P,Kaso💘,0xffcb5aff,28000036,1068,168,Brawl King's
168,#RRJ8Y00,Fraax🐝,0xffcb5aff,28000347,1065,169,Wasted🥱
169,#8URCLRY8,球隊|RoUND🌠,0xfff9c908,28000061,1064,170,My social media
170,#CUUCQRQ9,A-B-N-SYRIA,0xff1ba5f5,28000168,1060,171,BC*|Family*
171,#8JV08U8GR,NightMare❤️‍🔥,0xffcb5aff,28000280,1060,172,NHY E-SporTS
172,#2CUJQ0C8,오늘은 잡초체크하기 좋군,0xffa8e132,28000050,1059,173,ANG
173,#L8UPY2RCL,rr,0xfff9775d,28000050,1059,174,Z드래곤볼Z
174,#2JUCYYRJJ,あ|Mati🐢,0xffffffff,28000122,1058,175,⚠️Chile Play⚠️
175,#22V2RL99U,Mitra❄️,0xffff8afb,28000258,1054,176,✦Brawl Stars✦
176,#9CGG292C8,TQ |°M@S@CR€°🔥,0xfff9c908,28000291,1054,177,Nҽɯ Sƚαɠҽ🎖️
177,#QRGR28RQ,YT|Victorieux🎴,0xffff9727,28000331,1054,178,LetThemCook🥭🧊
178,#9UGC09LCV,power 起,0xffffffff,28000135,1053,179,NeverCry™
179,#L99892JJ,要|мeɢα♕❤️‍🔥,0xfff05637,28000349,1053,180,BC*|Family*
180,#22CJJGC9C,Bercii✨,0xff1ba5f5,28000035,1053,181,Halloween 🎃👻
181,#8V9U8VCLR,GG|⚡VÏTÏNHØ⚡,0xffcb5aff,28000207,1051,182,Kings United
182,#9V9GQJG8,hobbit,0xffa8e132,28000005,1051,183,
183,#90LPVYVUP,Yusuf♛,0xffffffff,28000112,1051,184,SALDİM
184,#9Y92PLVQG,Snake,0xffffffff,28000208,1050,185,★the Players★
185,#PQJVG9LG2,REX Kai💫🥀,0xff1ba5f5,28000110,1050,186,REX💫
186,#29L2QUV90,⛩️|Blask99🎋,0xffff8afb,28000014,1049,187,Easy Ltda
187,#29V82RQU0,Twitch: Tobi,0xffcb5aff,28000262,1049,188,Twitch: Tobi
188,#CUL90Y,trashphil 驶离,0xffffffff,28000263,1049,189,
189,#CRQRRUR,🥀|ᴋͥɪʟͣʟͫᴇʀᴏ🖤,0xffa8e132,28000259,1049,190,ŚrednioNaPsa
190,#YQ9809VV,Gsn24,0xffcb5aff,28000286,1049,191,AE Cosmic
191,#2LR9RYJYU,southwest,0xff1ba5f5,28000225,1049,192,Thunder⚡️
192,#UCCPPGQ8,Antonioklk 💔,0xffff8afb,28000265,1049,193,<c1>zRush🤍</c>
193,#92YCGUYUU,🤡ToxicAsher🤡,0xff1ba5f5,28000254,1049,194,
194,#2LGVRP8UC,♞椎✘うる🐈‍⬛,0xff4ddba2,28000105,1049,195,バトロワ勢＠カモンヌ
195,#899V8CRGP,ℂ𝕙𝕝𝕠𝕖́𖤍,0xffa2e3fe,28000241,1049,196,Beyond Fresh
196,#208YRVRL2,BDSW|LLay♡,0xffcb5aff,28000286,1049,197,Prowess
197,#8YURUJ9QJ,Nut3💸,0xffcb5aff,28000210,1049,198,Bloody Kings
198,#99Y8LY8,Baby Miko 💘,0xffcb5aff,28000118,1049,199,Unión Soviética
199,#9PJGV8JCQ,ETN | Shady,0xffa8e132,28000136,1049,200,Eternal Esports
