,tag,name,nameColor,icon,trophies,rank,club
0,#VLQPVPY,Naz❤️Hyra,0xffff8afb,28000303,1402,1,Fenernazçe 💙💛
1,#VL0GPPJV,Physic Gear 5,0xfff9c908,28000014,1400,2,Eclipse 🌖
2,#2PGGR8Y9P,Asuna Yuuki,0xff1ba5f5,28000201,1399,3,Follow?
3,#2YP88Y8RG,xKapix,0xffffffff,28000210,1359,4,UNDERDOG 🇵🇱
4,#JQVQYVY,Code: VTzim 🌑,0xffff8afb,28000339,1303,5,Eclipse 🌖
5,#8RGPGP9LV,сапфирчик,0xffa8e132,28000150,1302,6,оупи челики
6,#QL0UYQU0P,星野 アイ,0xffff8afb,28000210,1302,7,美しい彼エターナル
7,#VYGVV08Q,🍅domates,0xffffffff,28000261,1301,8,
8,#2082JRYUV,GooD•G,0xffcb5aff,28000033,1281,9,<c5>Just Us</c>
9,#GRLUYG0R,NiceShøt 🌓,0xffcb5aff,28000347,1273,10,Ex0tic-E-Sport
10,#2LY99YGP8,HJK┃エネ↯,0xffcb5aff,28000338,1263,11,<c2>エホヤキム</c>
11,#LUJYJUR0L,〇〇マン2号,0xffa2e3fe,28000241,1254,12,Excellent🏆
12,#YG8V8QCJ8,일상,0xff1ba5f5,28000175,1254,13,Freedom
13,#Y9R9JPVPU,Xelium A🩸,0xffffffff,28000029,1254,14,
14,#98QJC2YPU,LUCİ😈,0xffcb5aff,28000194,1253,15,Tribe Turkey
15,#8RCQLG0RQ,Duo♡Zey4ik,0xff1ba5f5,28000210,1253,16,Quant ESports🐾
16,#9GJPJUQGJ,Xorox❤️‍🩹Byrox,0xffcb5aff,28000273,1253,17,Tribe Turkey
17,#Y0882Y08P,転生どんぱっち🙈,0xffffffff,28000210,1252,18,深い川は静かに流れる
18,#9QC02VJV8,nyx1k?🤍ニックス,0xffffffff,28000137,1252,19,Lost Hell
19,#202RGUPUG,☆FrankensteIn☆❤,0xffcb5aff,28000170,1252,20,Quant ESports🐾
20,#808JYV089,본우❦(本),0xff1ba5f5,28000019,1252,21,홀릿군단
21,#PYUJGV290,🪃在profikk🏔️,0xffcb5aff,28000207,1252,22,Ladder Warriors
22,#22Q0J0P2P,LUCKRASS,0xffa8e132,28000210,1252,23,BC*|Family*
23,#90JCYPQU,ZETA | MeOw,0xffffffff,28000074,1252,24,Talents
24,#99VLVGRJG,BootyBaptizer69,0xffffce89,28000000,1252,25,Humble Grinders
25,#8PJRRG2C,SK|GuilleVGX,0xffa8e132,28000099,1252,26,CONEXIÓN
26,#2QUQQUCL,Bīlúūùx 便便饼,0xffa8e132,28000136,1252,27,Allez Laaa
27,#R0PCVR2J,Honë❦,0xfff9c908,28000176,1252,28,<c3>ÉLITE</c>
28,#82LRGLQ02,あ| 𝓕𝓪𝓱𝓪𝓓🥀,0xff1ba5f5,28000283,1252,29,OG Mute
29,#G98VUYYR,鼓俄涩特丝挌麻,0xffffffff,28000139,1252,30,ecco2k
30,#PYL98Y0UG,Tirxedd,0xff1ba5f5,28000062,1251,31,UNDERDOG 🇵🇱
31,#89VL8Y90G,BG|Mozart🖤🔥,0xff1ba5f5,28000233,1251,32,LA Global
32,#PQ28JP0P,亲Jσтα,0xffff9727,28000175,1251,33,7 Dwarves
33,#2GPV0LRQC,TTeJIbMeIIIka,0xffff8afb,28000347,1251,34,Quant ESports🐾
34,#2GC2R8C0R,GSL❄️Smoke☔,0xffffce89,28000054,1251,35,
35,#G0LYU9JY,YNS|CAmPErr🌃,0xffa8e132,28000262,1251,36,<c0>PWNZ</c>
36,#PJYUUCCPC,でぃあぴの‪ღ,0xffcb5aff,28000210,1251,37,Excellent🏆
37,#P99QGPLU2,Davex,0xffffce89,28000129,1251,38,Brawl King's
38,#9VU9R2LY,Terry!,0xffffffff,28000081,1251,39,✌️✌️✌️
39,#9CQGLG0CV,Świnia🐷,0xfff05637,28000117,1251,40,ŚrednioNaPsa
40,#YGQYGCR,Portox😡,0xff1ba5f5,28000191,1251,41,Blue Label
41,#22GURLG00,NoRvie 〆,0xffff8afb,28000054,1251,42,
42,#V888YPGU,IME|Minepro,0xfff9c908,28000164,1251,43,Invincible
43,#2Y2Y99GQR,VizeZ,0xffffffff,28000230,1251,44,Ex0tic-E-Sport
44,#P9UVCQ2U2,Amazing,0xffff8afb,28000337,1250,45,help ranks
45,#8RYRU28Q0,koji <3,0xff1ba5f5,28000018,1250,46,<c5>Just Us</c>
46,#RVLQ0VUR,风暴|kerem🎃,0xffff9727,28000257,1250,47,ᴅᴀɪʟʏ
47,#CPYUR8QR,KD|Buff♡,0xfff9c908,28000132,1250,48,Quant ESports🐾
48,#9UG08PQUY,xSkywalker🦋ま,0xff1ba5f5,28000135,1250,49,Quant ESports🐾
49,#QUYCVC2,STMN | sans,0xffa8e132,28000136,1250,50,STMN Esports
50,#8UL0U08V,winq ☃️🤍,0xffff8afb,28000175,1250,51,Havoc Echo
51,#8GV2CP2J8,☔ZORLU☔,0xffcb5aff,28000003,1250,52,<c0>ＬＯＮＥＬＹ★</c>
52,#92VJ8VQUP,🔥an_hayp🔥,0xfff05637,28000047,1250,53,
53,#PYPQUG80,Zava💞Sunfote,0xffff9727,28000195,1250,54,Showdown💔Kings
54,#Y0GLYCYVY,Maho❤️🔥,0xff1ba5f5,28000129,1250,55,<c0>ＬＯＮＥＬＹ★</c>
55,#8VP882CR2,♡Mr_ido♡,0xffcb5aff,28000041,1249,56,Tribe Turkey
56,#89UPQJJVV,+BraboX 🎩,0xffa8e132,28000236,1249,57,Ghost Team👻☔
57,#YRURQRPUR,Skibidi Chipz,0xff1ba5f5,28000018,1249,58,Talents
58,#8CJLU9GVR,DatKill,0xffcb5aff,28000335,1249,59,Showdown💔Kings
59,#8QJ0YUV8Q,千 | Kai,0xffa8e132,28000018,1249,60,Beyond Swift
60,#82PQUPGU0,Ryohei🐬,0xff1ba5f5,28000240,1249,61,数え役満🀄️
61,#YV8U29VLY,Oh My Bibi🥵,0xffcb5aff,28000129,1249,62,❤️‍🩹
62,#2P088J29C,Matt,0xffff8afb,28000333,1249,63,<c5>Just Us</c>
63,#JQ92PL90,KOCMOC,0xffffffff,28000014,1249,64,Magicians
64,#9V9GQJG8,hobbit,0xffa8e132,28000005,1249,65,
65,#GVJ82JR8,Kazumi,0xffcb5aff,28000291,1249,66,Ex0tic-E-Sport
66,#QRUQQLV0,Code: Nukleo,0xffa8e132,28000186,1249,67,LA Instinct
67,#22C0GV9CR,NoCrow,0xff1ba5f5,28000207,1249,68,HeroWarriorsTR
68,#20VVC8LU2,Cryzz❦︎,0xffffffff,28000108,1249,69,
69,#PC9LPPYV,Nico❤️Heys,0xff1ba5f5,28000196,1249,70,No Mercy
70,#2CUYQ8RQC,🥷🏿,0xffffffff,28000272,1249,71,
71,#RV8PVG2,Adamxdp,0xff1ba5f5,28000139,1249,72,Los_Zetas🗡️
72,#GQRQURQU,Nier🇦🇱⸅,0xffcb5aff,28000184,1249,73,weird gamers
73,#9L0UQRPJJ,İRONMAN,0xffcb5aff,28000314,1249,74,₮Ɽ₩`eSports
74,#GCVPVRQY,MyS|Goman,0xff4ddba2,28000137,1241,75,Tribe Turkey
75,#CYUVPCUV,Yusuf19,0xffcb5aff,28000003,1239,76,NHY E-SporTS
76,#8UG2YQ20P,ざま〜みろてかにゃん🖤,0xffcb5aff,28000230,1237,77,あてぃしのこと好きすぎ―！❤️
77,#2Q2CCYVGR,tokkichトキッチ,0xfff9c908,28000210,1225,78,KingdomRush
78,#82U9GYQR9,𝐀𝐥𝐞𝐱𝐳🔥,0xffff9727,28000247,1223,79,HeadShoterZ💣
79,#90RQYP98U,♡•bestie•♡🧸,0xffa2e3fe,28000221,1222,80,7 Dwarves
80,#JC20PGQG,愛•τσiʑʑi ↯,0xffff8afb,28000129,1219,81,🧀MUSSARELOS 2✨
81,#JP9P0LJG,Byrox❤️‍🩹Xorox,0xff1ba5f5,28000302,1214,82,ᴅᴀɪʟʏ
82,#89JJV992Y,ZL|caldera,0xfff9775d,28000040,1212,83,めろんぱん食堂
83,#J8UR8002,SKC | Prozy,0xffa8e132,28000029,1209,84,Emi's bar 🍻
84,#PLUGLRG28,4SV_MaSTeP,0xffffffff,28000233,1207,85,Quant ESports🐾
85,#Y0VPJ89Q,Ｓㄚ 么 乙 ツ,0xffffce89,28000237,1203,86,Quant ESports🐾
86,#2J2PJ0UV,ikarosita,0xffa8e132,28000136,1203,87,Humble Grinders
87,#P9YCRRRVL,Zelephh,0xff1ba5f5,28000123,1203,88,Brawl Kings
88,#8RRGJVLV8,:)XX|Wakudori(:,0xffffffff,28000332,1203,89,future
89,#URV8JPY,ormy🎄,0xffffffff,28000176,1203,90,Havoc Echo
90,#PQ09LC889,sinaayy🤍kアナー,0xffff8afb,28000196,1203,91,luv sinayy.🤍🪽
91,#CGQCYJGY,TTV | SnakeThug,0xfff9c908,28000341,1203,92,Deadly Vipers🐍
92,#82UCLY9C8,Kronos🇧🇷,0xffff8afb,28000029,1203,93,Brawl King's
93,#28CVQGURJ,kxrtofvl,0xffffffff,28000061,1203,94,UNDERDOG 🇵🇱
94,#LVRRYPV,STMN | bobby,0xffa8e132,28000136,1202,95,STMN Esports
95,#CPPV2PQG,MeliodasBot🐐,0xffa8e132,28000006,1202,96,No Mercy
96,#29UGLJV2G,Lёvi,0xfff9c908,28000244,1202,97,✌️✌️✌️
97,#8YUVLQQLG,TEM | Gluttonyʕ,0xff1ba5f5,28000088,1201,98,おなかすいたよ🍖🍔🍟🍕
98,#JV2L02VV,SíJaauaq,0xffff8afb,28000303,1200,99,
99,#2CRRRRYJR,моё,0xfff9c908,28000213,1200,100,✌️✌️✌️
100,#8CRU0JRUV,Desse❦,0xffffffff,28000210,1199,101,A Few Kиски
101,#Y9CC8GRG8,あそるーず♪,0xffa2e3fe,28000335,1199,102,シャシャまると愉快な仲間たち
102,#RRVVPG2Y,Brosta卡拉,0xff1ba5f5,28000206,1199,103,vMoove
103,#LVVCQJR8Y,MyS l boosty,0xffff8afb,28000301,1199,104,
104,#8R002P0JP,Kitt,0xff1ba5f5,28000201,1199,105,Real Ones
105,#J8URCRCJ,vxdka :p,0xffff9727,28000095,1199,106,No Mercy
106,#29L028GQL,Djahsta,0xffff9727,28000306,1199,107,BC*|Family*
107,#Y2QGGY29,Born to Live♡,0xffffffff,28000254,1199,108,LaWs Controll
108,#29V0GUG8,BATATINHA,0xff1ba5f5,28000156,1199,109,
109,#JGCCGY80,prostislavv,0xffff9727,28000042,1199,110,BOBR gaming
110,#8LQ9JR82,Code: Eqwaak,0xfff9c908,28000004,1199,111,A Few Good Men
111,#GJJQPYC9,Storm🪐,0xffcb5aff,28000345,1199,112,GAMEOVER
112,#P8U8P8822,Eloquence¿,0xffcb5aff,28000291,1195,113,AGONY
113,#2Q028GQQP,MTM | Zeus,0xfff9c908,28000018,1195,114,NA Friends
114,#YVG2LJG,SN|scattered,0xff1ba5f5,28000285,1195,115,Talents
115,#90R2J0YG0,pozithrt 가ㅢㅡ,0xffffce89,28000150,1192,116,whys in life 😕
116,#2RL8LGV9Q,🐼iBearQu❦︎,0xfff05637,28000352,1188,117,High Quality
117,#YJUGYR0P0,mary ✰,0xfff9c908,28000249,1184,118,Humble Grinders
118,#99LP2PUQ9,jxbkofvl,0xffff9727,28000303,1180,119,ŚrednioNaPsa
119,#VG9GUL9L,Pyro,0xff1ba5f5,28000062,1175,120,octos
120,#989L0928Q,L1S|Sufiyan❦,0xff1ba5f5,28000033,1168,121,IMMORTAL SOULS
121,#88RGGCVQJ,My heart in AUS,0xff4ddba2,28000092,1168,122,ハナクソタケシ
122,#PQPR2GQGJ,MatCha✈️,0xffcb5aff,28000014,1165,123,HK瘋
123,#808CULLJ,RetiredMeka:(,0xffff9727,28000230,1164,124,MiniLosAmigos❤️
124,#9P2CUYJ8P,Scared,0xff4ddba2,28000167,1163,125,
125,#2CYJ0Q99Q,tostadas,0xffffffff,28000046,1160,126,STMN Esports
126,#9GRP8LR09,sad💔kekcik,0xffa8e132,28000011,1160,127,
127,#9J2JLUR8G,Aspect 🃏,0xffffffff,28000304,1159,128,7 Dwarves
128,#2UP82YLQ,alex 🫧,0xffcb5aff,28000024,1158,129,RicoLover06 ☔️
129,#C8LJGQ2L,ねぼすけ,0xffffffff,28000210,1157,130,Magicians
130,#9G0CJPJPY,Taha♛,0xffcb5aff,28000170,1154,131,GOOD BYE TAHA
131,#809R8JV8Q,Tizzou❤Clzs,0xffff8afb,28000166,1153,132,Allez Laaa
132,#PR0LJL2JQ,XxwhalexX,0xff1ba5f5,28000256,1153,133,天路引歸🐙
133,#LR08G9C8,BC*| Kubaba♡,0xffff8afb,28000008,1153,134,BC*|Family*
134,#GG9GC002,DE |MASTER,0xff1ba5f5,28000225,1151,135,Türk Milleti
135,#JRYLGVYV,QLS|Glory™️,0xffff9727,28000132,1151,136,Ex0tic-E-Sport
136,#802VG829,LuRkz🩵Sq,0xffff8afb,28000014,1150,137,Demise 🥀
137,#22CL00PG0,ZETA | Nowy297,0xffffffff,28000164,1149,138,A Few Good Men
138,#9C0CUPQY,YT: HunterBS,0xffcb5aff,28000286,1149,139,Minigame Tribe
139,#8R9JQY9UU,mikishikita🕊️,0xffcb5aff,28000198,1149,140,NA Friends
140,#YG9LCG82J,The Gizaline,0xff1ba5f5,28000347,1149,141,친추 마스터만 받음
141,#8GGUCYLCU,jeff ㅤㅤ芯,0xff4ddba2,28000347,1149,142,Humble Grinders
142,#CP990QQ,Smity,0xffa8e132,28000136,1149,143,vMoove
143,#2UGLJQQVV,Angel🐧,0xffcb5aff,28000290,1149,144,LitheX🐢
144,#2QPJQ8QRQ,bagi,0xff1ba5f5,28000335,1149,145,Brawl King's
145,#8PJ8Y8Y,uncivil :p,0xff1ba5f5,28000322,1149,146,Elite Saiyan🔱
146,#UGQJURVJ,𝑴𝒊𝒚𝒂𝒎𝒆𝒏☃,0xffa8e132,28000196,1149,147,めろんぱん食堂
147,#2J29C0C0Q,火|Ja͢͢͢y💛,0xfff9775d,28000170,1149,148,RealDutch
148,#Q8YP2UR9,💫_J.L.C_💫,0xff1ba5f5,28000210,1149,149,Fearless
149,#80UQP9UYR,え𝚟𝚎𝚗𝚘𝚡ツ,0xffffffff,28000139,1149,150,No Mercy
150,#QPV0R9QUR,Storm ⚘,0xffcb5aff,28000014,1149,151,Novacane🤍
151,#CUJQRCQJ,PineappleZ,0xfff9c908,28000230,1149,152,<c5>Just Us</c>
152,#QQ20CQ9Y9,煙花 易冷,0xff1ba5f5,28000210,1149,153,<c5>猫猫虫的金库✨</c>
153,#2RQGVLRVG,₹GuilleX,0xffff8afb,28000036,1146,154,No Mercy
154,#YQV0JVPV,bola gatu,0xffcb5aff,28000344,1145,155,
155,#8URCLRY8,球隊|RoUND🌠,0xfff9c908,28000061,1144,156,My social media
156,#YCQ29Q0UG,iFixaaaaa.🕊,0xffcb5aff,28000023,1143,157,<c0>PWNZ</c>
157,#8R99PJ890,xSkylasz•,0xffff9727,28000321,1142,158,Vitality
158,#VJUQ0Y,LG | Chino,0xff1ba5f5,28000322,1141,159,Havoc Echo
159,#8YJJ9CV9V,Melody,0xfff9c908,28000047,1141,160,we love rabbits
160,#J99YU9QY,KuruNero🐬,0xff1ba5f5,28000264,1140,161,Cipher Pol
161,#80PU0P9LL,Vexi,0xffff9727,28000307,1140,162,Crna ruka
162,#28YCQ9809,why so clown?🤡,0xffffffff,28000330,1133,163,Tribe Turkey
163,#YLV8CL0R,Astaaaa❤️‍🔥😈,0xff4ddba2,28000347,1131,164,Tribe Turkey
164,#2CCJU0P9C,SQUEAK|瀰漫の煙💫,0xffffffff,28000280,1131,165,<c7>幹嘛偷看我個資</c>
165,#8GULV80RP,wortekz,0xfff9c908,28000345,1130,166,Brawl King's
166,#280RJ92JC,ExP |BloocK,0xfff9c908,28000242,1129,167,CONEXIÓN
167,#2VG02RU0,ThorN3X,0xffcb5aff,28000018,1128,168,Brawl King's
168,#9LUVCLPCL,ソローcrístxxl🩸,0xffffffff,28000150,1128,169,
169,#80LLU2PVR,FM | 인연❦ᴹᴬᴺᴳ,0xfff05637,28000210,1125,170,LIMIT!
170,#QRU0L0U,🐬ꜱᴏᴋʀᴀᴍ 🜲,0xff1ba5f5,28000201,1125,171,CONEXIÓN
171,#PLQ0QRVQL,FMG | Flashᴷⁱⁿᴳ,0xffffffff,28000139,1123,172,ZETA|DIVISION'S
172,#VCPJQQ,Jealous🤍Y,0xffffce89,28000196,1121,173,люблю даню<3💓
173,#GRC9RRJR,TQ | Javi,0xfff9c908,28000137,1120,174,A Few Good Men
174,#PPQQJQPQU,愛Astrø 🖤,0xffffffff,28000018,1118,175,🧀MUSSARELOS✨
175,#YQLP8LP8,Gral. Loko 🪖,0xfff05637,28000305,1118,176,Las Diablitas🧘
176,#9G89LGUJP,CELAVIE,0xffff8afb,28000303,1116,177,Easy Ltda
177,#CJP08CU0,Uriel,0xffffffff,28000135,1116,178,Brawl King's
178,#90V9VYJ8C,しょうけい,0xfff05637,28000242,1116,179,なかよし部
179,#8LC808G,Tuyu,0xff1ba5f5,28000349,1116,180,@Tuyu_Official
180,#2RJ0UJCU0,FMG|LuisOMGᴷⁱⁿᴳ,0xfff9c908,28000139,1116,181,ZETA|DIVISION'S
181,#G99CYGL,𝒁𝒂𝒊𝒌𝒐❄️,0xff4ddba2,28000194,1115,182,ChillOG
182,#9LV0Q00YV,영원한감동,0xff4ddba2,28000082,1114,183,새싹
183,#Y9LYC98PG,LMD🍋Aimer,0xffffffff,28000265,1114,184,たつきすねげ
184,#2UYJV98J2,all 1500🏆,0xffffffff,28000000,1114,185,
185,#20CJVQQYU,[₮₱] ₱ɆⱠ₳Ɖ₳Ø,0xffcb5aff,28000291,1113,186,★the Players★
186,#QCP89R8Y,↯Mykh☂️😈,0xffcb5aff,28000328,1113,187,
187,#8RU298020,𝐊𝐚𝐝𝐲 💘,0xffff8afb,28000333,1112,188,Gg|My Clan🥀🖤
188,#2P9JQP09V,𝐇𝐚𝐤𝐮𝐫𝐲𝐮,0xffffffff,28000054,1112,189,𝐂𝐡𝐞𝐞𝐫 𝐮𝐩
189,#J8YPGR,Twitch: Tobi,0xffcb5aff,28000000,1112,190,Brawl King's
190,#P08899RJG,Runávoys:),0xffff9727,28000044,1111,191,rainy︎ ︎☂︎
191,#PVYVLPJ0Y,CF|Cahetel炎,0xffffffff,28000135,1111,192,ChileanFighters
192,#UR02VU99,TwG | Minato,0xff1ba5f5,28000335,1110,193,Twig Elite
193,#20QUGCVQ9,Mirrox 🐺,0xffffffff,28000345,1110,194,HolyPower
194,#8QR9Q9V2V,BobusIsMyDog👿,0xffcb5aff,28000023,1108,195,ŚrednioNaPsa
195,#2VV02GQ2C,RNT | Prime,0xff1ba5f5,28000044,1108,196,Imperial
196,#C2CULQP0,❤️‍🔥Mazoex♛,0xff1ba5f5,28000314,1106,197,VV eSport
197,#YPP02G9L,Mxrf 🐝,0xff1ba5f5,28000291,1105,198,Beyond Washed
198,#PR9U2JL,Juan Carlos,0xffffffff,28000119,1104,199,Humble Grinders
199,#JPGRR9UV,Bowserr🥷被,0xff1ba5f5,28000206,1104,200,Brawl King's
