,tag,name,nameColor,icon,trophies,rank,club
0,#LRLGLP9GJ,『weakness🌪』,0xffff8afb,28000256,1502,1,Revaible 💗
1,#2Q9PYVQLP,HelloWorld,0xffff8afb,28000096,1499,2,
2,#9YUJP2QGP,FC | Reverse🌑,0xffff9727,28000341,1499,3,Fora da Curva®
3,#VYGVV08Q,🍅domates,0xffffffff,28000261,1403,4,
4,#VLQPVPY,Naz❤️Hyra,0xffff8afb,28000303,1401,5,Fenernazçe 💙💛
5,#VL0GPPJV,Physic Gear 5,0xfff9c908,28000014,1400,6,Eclipse 🌖
6,#92VJ8VQUP,🔥an_hayp🔥,0xfff05637,28000047,1400,7,
7,#80G89YPQL,令Fellings💨,0xffffffff,28000207,1389,8,Magics🐉
8,#C8PLP8VQ,Zaikuu ☘️,0xff4ddba2,28000000,1349,9,EternityCry ✨
9,#2C9PLLUG8,Efecan|Apple♎🖤,0xffff8afb,28000321,1310,10,<c0>ＬＯＮＥＬＹ★</c>
10,#P9UVCQ2U2,Amazing,0xffff8afb,28000337,1303,11,help ranks
11,#JQ8L0YYL,RNG | Cauebr,0xfff9c908,28000314,1301,12,Ghost Team👻☔
12,#JQVQYVY,Code: VTzim 🌑,0xffff8afb,28000339,1301,13,Eclipse 🌖
13,#2VJLRR9GC,MySpâce🥺💔,0xffcb5aff,28000004,1300,14,
14,#8L9JUCY0G,Sigma Male,0xffffffff,28000009,1299,15,Demise 🥀
15,#299V2LJLU,lucas 2,0xffffffff,28000219,1299,16,Canal DougNando
16,#PU2QUGJJL,Mr_ido,0xfff9c908,28000262,1299,17,
17,#GJJQPYC9,Storm🪐,0xffcb5aff,28000345,1299,18,GAMEOVER
18,#8G29G92,MyS|Beast❤️Devi,0xff4ddba2,28000067,1299,19,I Feel Like God
19,#8PV9808R8,Ⱡ҉Ⓜ₲|❤尺ส๓λ Ʀξ๘❄,0xffa8e132,28000129,1299,20,LA milanga
20,#2PGGR8Y9P,Asuna Yuuki,0xff1ba5f5,28000201,1278,21,Follow?
21,#222C2LU2L,⎲𝙂𝙧𝙞𝙕,0xffcb5aff,28000302,1272,22,Beyond Kratos
22,#PQ0PYYV9C,𝓐𝓻𝔁𝓮𝓷𝓽💫,0xfff9c908,28000062,1262,23,
23,#2LC9RU2UG,ƇЄƊƦƖƇ🍁,0xffff9727,28000124,1260,24,+12 yaş sew
24,#GRLUYG0R,NiceShøt 🌓,0xffcb5aff,28000347,1258,25,Ex0tic-E-Sport
25,#9GJPJUQGJ,Xorox❤️‍🩹Byrox,0xffcb5aff,28000273,1257,26,Tribe Turkey
26,#Q2JVVRJVJ,tengo novia🥰,0xffffffff,28000075,1255,27,
27,#8GPJLRVV,AmassedBydIego,0xff1ba5f5,28000175,1253,28,clash on
28,#9G2JLCL8U,🥀⛩FMC🎋,0xffa2e3fe,28000136,1253,29,🥀Retired💫
29,#PUJ8JCU2P,ѕυηѕє∂なさた🥷🤍,0xffff9727,28000337,1253,30,NA|Legends❤️‍🩹
30,#P0L9Y2P8,在地上爬的小小蟲011,0xffffffff,28000000,1253,31,<c7>幹嘛偷看我個資</c>
31,#9GRP8LR09,sad💔kekcik,0xffa8e132,28000011,1253,32,
32,#8GV2CP2J8,☔ZORLU☔,0xffcb5aff,28000003,1253,33,<c0>ＬＯＮＥＬＹ★</c>
33,#290LJC89U,L1S|Unique❦,0xffa2e3fe,28000035,1253,34,Night Stars
34,#889VRC0QJ,🦅|Matheo>.<,0xffffffff,28000197,1253,35,
35,#22LJJCJ2G,Ferhât🦁,0xffff8afb,28000150,1253,36,BS|KoalisyoN
36,#RPVU2L29,ᴼᵖɱa̷ṡ†e̷ꭆ🥀×᷼×,0xffff8afb,28000097,1253,37,🧀MUSSARELOS 2✨
37,#P9YPY9U8J,MeTa | duo♡van,0xff4ddba2,28000262,1253,38,TyM`eSports
38,#G0LYU9JY,YNS|CAmPErr🌃,0xffa8e132,28000262,1253,39,<c0>PWNZ</c>
39,#9GJGLCVYG,TRX|神|PHANTOM,0xfff05637,28000000,1253,40,<c0>RETIRED</c>
40,#YP28LYR8G,GHS|Phoenix ❦,0xfff9c908,28000213,1253,41,Ghost eSports
41,#LUURPQVR,NoCrow 2,0xff4ddba2,28000129,1253,42,
42,#2VG02RU0,ThorN3X,0xffcb5aff,28000018,1252,43,Brawl King's
43,#22LQGCYUP,Pumm,0xffffffff,28000118,1252,44,Quinx Academy
44,#9QC02VJV8,nyx1k?🤍ニックス,0xffffffff,28000137,1252,45,Lost Hell
45,#LRLQPU09,Quantic 🌵,0xffa8e132,28000284,1252,46,LA Global
46,#2YJLJGJVR,「ℳ𝒾𝑔𝒽𝓉𝓎」|戈,0xff1ba5f5,28000322,1252,47,Spike lovers 💚
47,#GLUPGRVUP,Kotuk🐱,0xffff8afb,28000299,1252,48,Masterpiece❤‍🩹
48,#RRVVPG2Y,Brosta卡拉,0xff1ba5f5,28000206,1252,49,vMoove
49,#99JQ9PQP,Artem4ic🤍W,0xff4ddba2,28000018,1252,50,
50,#GVQUYG90,Shattered ⟡,0xffffffff,28000000,1252,51,7 Dwarves
51,#YUCQVG00,Toasttt.<3,0xffcb5aff,28000018,1252,52,Quinx Academy
52,#2CLL9LQP,sani,0xffcb5aff,28000170,1252,53,👉👈ХЗ👉👈
53,#LR08G9C8,BC*| Kubaba♡,0xffff8afb,28000008,1252,54,BC*|Family*
54,#89JJV992Y,ZL|caldera,0xfff9775d,28000040,1251,55,めろんぱん食堂
55,#Y88QYRPRC,₮₱ ¥¥₳₦ ₲₳ɃɌƗɆⱠ,0xfff05637,28000334,1251,56,Kings United II
56,#82LRGLQ02,あ| 𝓕𝓪𝓱𝓪𝓓🥀,0xff1ba5f5,28000283,1251,57,OG Mute
57,#PYPQUG80,Zava💞Sunfote,0xffff9727,28000195,1251,58,Showdown💔Kings
58,#28YCUGPJC,Niki♡JoJo,0xffff8afb,28000044,1251,59,Showdown💔Kings
59,#PLPV828LP,げち｢ちゅおいもん💛｣,0xffffce89,28000208,1251,60,Relax❦
60,#2J9GQL9P2,Matth 🧸,0xffffce89,28000299,1251,61,🧀MUSSARELOS 3✨
61,#LGVL9JRLY,𝒂𝒊𝒑𝒂𝒑𝒂’🥵,0xffffffff,28000009,1251,62,<c5>ぽんみちょった</c>
62,#PYJLL2QQL,たか/みく推し🎧❄️,0xff1ba5f5,28000334,1251,63,めろんぱん食堂
63,#9PGYVLY9,M.P.Gamer,0xffff8afb,28000342,1251,64,Amore💘EU
64,#YV8U29VLY,Oh My Bibi🥵,0xffcb5aff,28000129,1251,65,❤️‍🩹
65,#9R8RU92JY,★฿eͥnaisͣsͫa★z|,0xffffffff,28000067,1251,66,La Piraterie🏴‍
66,#99VLVGRJG,BootyBaptizer69,0xffffce89,28000000,1251,67,Humble Grinders
67,#GQVGLYU2J,BigBoss❦,0xffffffff,28000184,1251,68,BigBoss Army
68,#GCJC0U22P,Zeyrox my life.,0xffa2e3fe,28000347,1251,69,HeroWarriorsTR
69,#8R99PJ890,xSkylasz•,0xffff9727,28000321,1251,70,Vitality
70,#QR2GC8V,BKB|❄IC£CRØW❄,0xfff9c908,28000348,1251,71,Tribe Turkey
71,#8YJ2L0QQ8,🥶|Seraph❄️,0xffff8afb,28000129,1250,72,PIG HUNTERS
72,#PQ28JP0P,亲Jσтα,0xffff9727,28000175,1250,73,7 Dwarves
73,#GCVPVRQY,MyS|Goman,0xff4ddba2,28000137,1250,74,Tribe Turkey
74,#29LYV0CQG,Asta 🜲,0xffffce89,28000195,1250,75,Salchicha Team
75,#98QJC2YPU,LUCİ😈,0xffcb5aff,28000194,1250,76,Tribe Turkey
76,#Y8GUL9R8J,~Bedo64🦋,0xffffffff,28000129,1250,77,SavageSolo+
77,#2YYL89J8G,psychc🦈,0xffffffff,28000003,1250,78,🌴|<c3>HM</c>
78,#2RJL8PGUV,TRW|Corwas🥶,0xff1ba5f5,28000162,1250,79,Turkish Shadow
79,#YGGL29R,OP | PrOROD13,0xff1ba5f5,28000346,1250,80,🧀MUSSARELOS 2✨
80,#9LY0YG9QP,を|Sed🍀,0xffa8e132,28000197,1250,81,DragonArmy
81,#8Y082R2GG,추카|RapZ ✶,0xffff9727,28000211,1250,82,Beyond Swift
82,#8JV08U8GR,NightMare❤️‍🔥,0xffcb5aff,28000280,1250,83,NHY E-SporTS
83,#RVLQ0VUR,风暴|kerem🎃,0xffff9727,28000257,1250,84,ᴅᴀɪʟʏ
84,#8LLJ92VQ,あ| 𝓐𝓱𝓶𝓮𝓓🥀,0xff1ba5f5,28000349,1250,85,OG Mute
85,#CPYUR8QR,KD|Buff♡,0xfff9c908,28000132,1250,86,Quant ESports🐾
86,#QUYCVC2,STMN | sans,0xffa8e132,28000136,1250,87,STMN Esports
87,#VUC2U2QC,Warn1nk;(,0xff1ba5f5,28000196,1250,88,Real Ones
88,#82GC0CU8,XP|beko🦊,0xffff9727,28000223,1250,89,
89,#QRUQQLV0,Code: Nukleo,0xffa8e132,28000186,1250,90,LA Instinct
90,#989L0928Q,L1S|Sufiyan❦,0xff1ba5f5,28000033,1249,91,IMMORTAL SOULS
91,#PGY9ULY,PollitoMan,0xffffffff,28000348,1249,92,7 Dwarves
92,#8J9PPC880,𝐁𝐫𝐞𝐞𝐳𝐲❦,0xffcb5aff,28000218,1249,93,🧀MUSSARELOS✨
93,#2J2PJ0UV,ikarosita,0xffa8e132,28000136,1249,94,Humble Grinders
94,#VPGGUU9U,|🌬ŦƤ⋆SsnıɔıuıΛ,0xff1ba5f5,28000243,1249,95,★the Players★
95,#2UGYQURUG,HeGs:)🇹🇷❤️‍🔥,0xffcb5aff,28000018,1249,96,NHY E-SporTS
96,#2RQGVLRVG,₹GuilleX,0xffff8afb,28000036,1249,97,No Mercy
97,#8QY2Y80CG,godikk❤️‍🔥,0xffcb5aff,28000014,1249,98,Ex0tic-E-Sport
98,#VC9P2YR,愛Aʟᴘʜᴀᴼᵖ❤,0xffff9727,28000272,1249,99,
99,#8JQGCVRG2,"m.ghost👻/""♪",0xfff05637,28000151,1249,100,
100,#2G2VVUR80,〆𝓢𝓲𝓷𝓼𝓽𝓻🎈,0xffffffff,28000139,1249,101,Family 69 💯🦾
101,#J8UR8002,SKC | Prozy,0xffa8e132,28000029,1249,102,Emi's bar 🍻
102,#9PRU2PJUP,༄𝑺𝒌𝒚𝑷𝒓𝒐✨,0xfff9c908,28000020,1249,103,
103,#9RY8P2C88,Jay ☆,0xffff9727,28000095,1249,104,
104,#PGL2UL0CR,SS+|Psychokid,0xffffffff,28000164,1249,105,Talents
105,#Y890CGQGP,м͢єͥϲͣнͫαˢᵘʳᵍᵉ,0xffff9727,28000090,1249,106,PUNCH BR
106,#Y8082RLP,ł̇₵Ɇ ₥ØⱤ₮ł₴,0xfff9c908,28000262,1249,107,
107,#8PQYUJ29G,𝚏𝚒𝚗𝚎𝚜𝚝❦︎,0xfff9c908,28000132,1249,108,Хижина Снайпов
108,#GCQVYGJU,Netlook#1,0xffff8afb,28000349,1249,109,Las Diablitas🧘
109,#9P0QYJ98L,確朝〆ワンコ,0xffa2e3fe,28000349,1249,110,ぽこ様を守り隊
110,#202QJ9V8,⚘Polar🌕,0xffffce89,28000175,1249,111,United Stars ✨
111,#QYULVVYYJ,REX Kai💫🥀,0xff1ba5f5,28000276,1249,112,なかよし部
112,#92R00Q8UG,⚔️|DaMiX™🥀,0xfff05637,28000211,1249,113,Polish Power
113,#PLCPU928R,ØFFŁÎŃÈ,0xff1ba5f5,28000019,1249,114,.....
114,#PLJR9VLR8,Arnast,0xffff8afb,28000164,1249,115,
115,#PQQRJUPY,FMG| 𝕭єℓℓσ🍄,0xffffce89,28000349,1249,116,Ex0tic-E-Sport
116,#PYGGCC29L,𝓙𝓮𝓼𝓼𝔂𝓬𝓪♡,0xffff8afb,28000018,1249,117,villanos2🎩☠️
117,#9PC9RCU0G,𝒎𝒂𝒌𝒆𝒎𝒂🦋,0xff4ddba2,28000169,1249,118,ᴳᵒᵈ♔𝐓𝐨𝐤𝐲𝐨个
118,#P8UGQ0882,Minterrr🪄,0xffffffff,28000102,1249,119,оупи челики
119,#9GGQJ9C8,愛~ShadowZ❦,0xffcb5aff,28000330,1249,120,Showdown🤍
120,#99LLQYY9,Joeh,0xfff9c908,28000335,1249,121,👋 🤷‍♂️
121,#RUGUJPR8,☠ĆØΜβΔŦ€ŇŦ€☠,0xff4ddba2,28000253,1249,122,★the Players★
122,#R9G9YJYJ,園Ecsed🍃,0xffffffff,28000323,1249,123,DulcedeLeche
123,#LVVCQJR8Y,MyS l boosty,0xffff8afb,28000301,1249,124,
124,#LY8JGJ0Y,在Stᴀ𝗒‎ AƖɪᴠᴇ ♱,0xffcb5aff,28000135,1249,125,
125,#9VRYY9VGP,Moͥdͣyͫᴳᵒᵈ,0xffff9727,28000004,1249,126,
126,#JCLLG8LP,toxiclxcca:(,0xffcb5aff,28000347,1249,127,
127,#Y9P9CYJ,HAN,0xfff9c908,28000244,1249,128,스튜
128,#90RQYP98U,♡•bestie•♡🧸,0xffa2e3fe,28000221,1249,129,7 Dwarves
129,#8R002P0JP,Kitt,0xff1ba5f5,28000201,1249,130,Real Ones
130,#8GJR2VJJU,kent,0xff4ddba2,28000174,1249,131,ChasmacGaming
131,#208CL2QG2,Ᵽĥуͥsͣiͫc🖤,0xff1ba5f5,28000048,1249,132,🧀MUSSARELOS 2✨
132,#2082JRYUV,GooD•G,0xffcb5aff,28000033,1249,133,<c5>Just Us</c>
133,#PQJCVQ8,TRB | Cori,0xffcb5aff,28000213,1249,134,Cori’s Crew
134,#CG8R0JJC,⛩️ivͥaͣnͫ 🎋,0xffcb5aff,28000330,1249,135,Blue Star 💙
135,#L2290P9RP,MyS|🎀ТАЧАЧЦ🎀,0xff1ba5f5,28000014,1249,136,Xyleindre
136,#JP9P0LJG,Byrox❤️‍🩹Xorox,0xff1ba5f5,28000302,1249,137,ᴅᴀɪʟʏ
137,#2RU0JLVCY,Abacaxi💘,0xffffffff,28000000,1249,138,★the Players★
138,#P8U8JQLG,感|WarMan⚔️,0xff1ba5f5,28000148,1249,139,OG Mute
139,#8LGGPUVP2,EâglePâW❤️‍🔥,0xff1ba5f5,28000207,1249,140,RAXENS~
140,#2LR22JC9V,𝑻𝒐𝒃𝒊😮‍💨❤️,0xffa2e3fe,28000272,1249,141,BMW M5 F90.COMP
141,#20VVC8LU2,Cryzz❦︎,0xffffffff,28000108,1249,142,
142,#9L0UQRPJJ,İRONMAN,0xffcb5aff,28000314,1249,143,₮Ɽ₩`eSports
143,#8QGRR8VUG,オ様helsing❤️‍🔥,0xffffffff,28000014,1249,144,destroyers🦇
144,#9URQ0JYCJ,サライTenZ🍷,0xfff05637,28000267,1249,145,Purple Wave
145,#Y0GLYCYVY,Maho❤️🔥,0xff1ba5f5,28000129,1249,146,<c0>ＬＯＮＥＬＹ★</c>
146,#2QCVLV2Q,Psychopant💧,0xffff8afb,28000334,1249,147,7 Dwarves
147,#8PJRRG2C,SK|GuilleVGX,0xffa8e132,28000099,1246,148,CONEXIÓN
148,#8LQQCCPRG,MyS|Efim👾,0xffa8e132,28000101,1238,149,Quant ESports🐾
149,#2GV09VJJP,Fire Murilø:D,0xffa2e3fe,28000267,1237,150,Elite Saiyan🔱
150,#8QJ0YUV8Q,千 | Kai,0xffa8e132,28000018,1237,151,Beyond Swift
151,#8JP8VYVC,RS Riziskus,0xffffffff,28000065,1236,152,BlackWarriors
152,#PPG8PC8C0,Crazy|КоhаКч🌈,0xffffffff,28000196,1233,153,Crazy op🫠
153,#289CUU8VL,やまちゃん,0xffcb5aff,28000295,1232,154,レインボーの風船
154,#PLUGLRG28,4SV_MaSTeP,0xffffffff,28000233,1232,155,Quant ESports🐾
155,#YGPQ9QGJJ,❦ZeRo💫ひーき🍌,0xffffce89,28000196,1229,156,💫Starry Sky⛈️
156,#Q8Q9R9Y8C,Ares✯,0xffffffff,28000331,1227,157,Golden Age
157,#C2CULQP0,❤️‍🔥Mazoex♛,0xff1ba5f5,28000314,1225,158,VV eSport
158,#8UYJPU090,衣 | 🧞𝔉𝒍𝐩𝒛ツ,0xffff9727,28000259,1225,159,Easy Ltda II
159,#P22J8JP8,ZETA | BADBOY,0xffff9727,28000284,1221,160,No Mercy
160,#98LJ8CL90,SK|SHINE💖,0xffff8afb,28000210,1221,161,ŚrednioNaPsa
161,#PCP2R20QQ,Wôny İs Life 💘,0xff1ba5f5,28000199,1219,162,
162,#80P9LJLV,愛~ScoobZ❖,0xffffffff,28000122,1215,163,Showdown🤍
163,#PU8U8QR0Y,♡︎ⵊᴍᴍᴏʀᴛᴀʟSᴜɴ♡︎,0xfff9c908,28000221,1215,164,HeadShoterZ💣
164,#2C0GUY8UY,愛~SpookyZ❖ 🧸,0xffffffff,28000345,1214,165,HeadShoterZ💣
165,#YRURQRPUR,Skibidi Chipz,0xff1ba5f5,28000018,1209,166,Talents
166,#P2V2GGLJY,NM | Quinx™♊,0xffff8afb,28000111,1209,167,Quinx Academy
167,#RRQQJPG2,Rabbithop,0xff1ba5f5,28000349,1207,168,we love rabbits
168,#29UGLJV2G,Lёvi,0xfff9c908,28000244,1207,169,✌️✌️✌️
169,#8LQ9JR82,Code: Eqwaak,0xfff9c908,28000004,1206,170,A Few Good Men
170,#PC9LPPYV,Nico❤️Heys,0xff1ba5f5,28000196,1206,171,No Mercy
171,#8R99QVPYQ,YT|Gunnar BS,0xffffffff,28000334,1204,172,Ash's Club
172,#8C0PLGQRV,Duo♡nubik,0xff4ddba2,28000254,1204,173,Quant ESports🐾
173,#RY0GVQ2U,Daisy❦ⁿᵃᵐᵉ,0xff1ba5f5,28000347,1204,174,Illusion Gaming
174,#GC280YR0G,Coltiii.<3,0xff1ba5f5,28000100,1204,175,NA|Legends❤️‍🩹
175,#JV2L02VV,SíJaauaq,0xffff8afb,28000303,1204,176,
176,#RQGLVV88,Gᴀʀᴅɪî🪐,0xffffffff,28000004,1204,177,Lost Hell
177,#22U8CPP8Q,ŁŞƬ|Apurⅴ☘️,0xff1ba5f5,28000230,1204,178,ŁŞƬ☘️
178,#2CQ0L8LLL,王|Brawlator☯︎,0xffffffff,28000284,1204,179,Fin
179,#99LP2PUQ9,jxbkofvl,0xffff9727,28000303,1203,180,ŚrednioNaPsa
180,#20CJVQQYU,[₮₱] ₱ɆⱠ₳Ɖ₳Ø,0xffcb5aff,28000291,1203,181,★the Players★
181,#Y0JCRRVQ,ᵒᵖBlâdê❦,0xffffffff,28000018,1203,182,Oh My Duo🌖
182,#28CVQGURJ,kxrtofvl,0xffffffff,28000061,1203,183,UNDERDOG 🇵🇱
183,#JPGRR9UV,Bowserr🥷被,0xff1ba5f5,28000206,1203,184,Brawl King's
184,#VGLY2G88,はRyuji🍢,0xffffce89,28000247,1203,185,
185,#R22YP09G,Twinkle🪄みり,0xff1ba5f5,28000112,1203,186,fake ring…♡
186,#20P2GP99,Ducky🐝,0xffa8e132,28000136,1203,187,NA Friends
187,#YGQYGCR,Portox😡,0xff1ba5f5,28000191,1202,188,Blue Label
188,#PR9U2JL,Juan Carlos,0xffffffff,28000119,1202,189,Humble Grinders
189,#PP8GYPRGP,WhyTrttt?,0xffffffff,28000212,1202,190,
190,#8UUJVVJGQ,jonh,0xfff9c908,28000053,1201,191,BS LEGENDS
191,#802VG829,LuRkz🩵Sq,0xffff8afb,28000014,1201,192,Demise 🥀
192,#2J2P9YGLC,relts YT,0xff1ba5f5,28000056,1201,193,PIKACHU⚡
193,#9VU9R2LY,Terry!,0xffffffff,28000081,1201,194,✌️✌️✌️
194,#2VG8U2900,HMB|Extrigotin,0xff4ddba2,28000140,1201,195,TTV Kingsebi26
195,#2RJLYQQ8C,紜💛,0xffa2e3fe,28000062,1201,196,🌴<c5>|HM</c>
196,#2CRRRRYJR,моё,0xfff9c908,28000213,1201,197,✌️✌️✌️
197,#CPPV2PQG,MeliodasBot🐐,0xffa8e132,28000006,1200,198,No Mercy
198,#9UG08PQUY,xSkywalker🦋ま,0xff1ba5f5,28000135,1200,199,Quant ESports🐾
199,#CGQCYJGY,TTV | SnakeThug,0xfff9c908,28000341,1200,200,Deadly Vipers🐍
