,tag,name,nameColor,icon,trophies,rank,club
0,#VLQPVPY,Naz❤️Hyra,0xffff8afb,28000303,1400,1,Fenernazçe 💙💛
1,#2PGGR8Y9P,Asuna Yuuki,0xff1ba5f5,28000201,1399,2,Follow?
2,#VL0GPPJV,Physic Gear 5,0xfff9c908,28000014,1362,3,Eclipse 🌖
3,#20VVC8LU2,Cryzz❦︎,0xffffffff,28000108,1349,4,
4,#VYGVV08Q,🍅domates,0xffffffff,28000261,1303,5,
5,#92VJ8VQUP,🔥an_hayp🔥,0xfff05637,28000047,1301,6,
6,#RPVU2L29,ᴼᵖɱa̷ṡ†e̷ꭆ🥀×᷼×,0xffff8afb,28000097,1301,7,🧀MUSSARELOS 2✨
7,#209G0UUGY,Ylli🐬,0xffff8afb,28000321,1299,8,Tribe Gaming NA
8,#9GJPJUQGJ,Xorox❤️‍🩹Byrox,0xffcb5aff,28000273,1267,9,Tribe Turkey
9,#2C9PLLUG8,Efecan|Apple♎🖤,0xffff8afb,28000321,1255,10,<c0>ＬＯＮＥＬＹ★</c>
10,#20CJVQQYU,[₮₱] ₱ɆⱠ₳Ɖ₳Ø,0xffcb5aff,28000291,1253,11,★the Players★
11,#2UGYQURUG,HeGs:)🇹🇷❤️‍🔥,0xffcb5aff,28000018,1253,12,NHY E-SporTS
12,#Q9YC0J0G9,Rusya🤍Bloodyハニ,0xfff9c908,28000004,1252,13,KingdomRush
13,#89UPQJJVV,+BraboX 🎩,0xffa8e132,28000236,1252,14,Ghost Team👻☔
14,#2UJQQ0YL,TOC,0xfff9c908,28000212,1252,15,anyway🤷🏻‍♂️
15,#QR2GC8V,BKB|❄IC£CRØW❄,0xfff9c908,28000348,1252,16,Tribe Turkey
16,#8PJRRG2C,SK|GuilleVGX,0xffa8e132,28000099,1251,17,CONEXIÓN
17,#2QJJ2CPG,Elvis,0xfff05637,28000203,1251,18,MegaPigEnjoyers
18,#8GV2CP2J8,☔ZORLU☔,0xffcb5aff,28000003,1251,19,<c0>ＬＯＮＥＬＹ★</c>
19,#80GPQ2RGP,薙| Juice🧃,0xff4ddba2,28000337,1251,20,Tribe Turkey
20,#9R9899GJ2,差|Stàr💘,0xfff9c908,28000018,1251,21,
21,#9L09YYQ8L,⛩️Panda G.m⛩️,0xffcb5aff,28000330,1250,22,HolyGuns
22,#ULQY2U8U,TTV|BEZSMERTNY,0xffff9727,28000170,1250,23,TTV|BEZSMERTNY
23,#P9UVCQ2U2,Amazing,0xffff8afb,28000337,1250,24,help ranks
24,#8LLJ92VQ,あ| 𝓐𝓱𝓶𝓮𝓓🥀,0xff1ba5f5,28000349,1250,25,OG Mute
25,#JQVQYVY,Code: VTzim 🌑,0xffff8afb,28000339,1250,26,Eclipse 🌖
26,#VPGGUU9U,|🌬ŦƤ⋆SsnıɔıuıΛ,0xff1ba5f5,28000243,1249,27,★the Players★
27,#YRURQRPUR,Skibidi Chipz,0xff1ba5f5,28000018,1249,28,Talents
28,#8JQGCVRG2,"m.ghost👻/""♪",0xfff05637,28000151,1249,29,
29,#GUQRJ0CL9,🥕,0xffcb5aff,28000017,1249,30,
30,#9VU9R2LY,Terry!,0xffffffff,28000081,1249,31,✌️✌️✌️
31,#PQJVG9LG2,REX Kai💫🥀,0xff1ba5f5,28000110,1249,32,REX💫
32,#2UYJV98J2,all 1500🏆,0xffffffff,28000000,1249,33,
33,#8R0QQPR99,♛︎해왕 포세이돈|바라🥀,0xffff8afb,28000108,1249,34,🔥Blaze Soul🔥
34,#8QY08JUVC,♛해왕포세이돈｜고스트👻,0xffcb5aff,28000330,1249,35,じゃんHOUSE
35,#8L0PJ0R0V,Kryzz❦,0xffff9727,28000265,1249,36,🌴|<c3>HM</c>
36,#QV20UGPVG,Sailyy🤍Sスミマ,0xff1ba5f5,28000341,1249,37,
37,#2P088J29C,Matt,0xffff8afb,28000333,1249,38,<c5>Just Us</c>
38,#82YJJYLUC,IL | STAMEʕ¨ʔ,0xffffffff,28000000,1249,39,
39,#2VV02GQ2C,RNT | Prime,0xff1ba5f5,28000044,1249,40,Imperial
40,#82GC0CU8,XP|beko🦊,0xffff9727,28000223,1249,41,
41,#QRUQQLV0,Code: Nukleo,0xffa8e132,28000186,1249,42,LA Instinct
42,#8PVJR8V2V,Raphaxzz ぎ,0xffff8afb,28000348,1249,43,The Crias🐉
43,#2QCVLV2Q,Psychopant💧,0xffff8afb,28000334,1249,44,7 Dwarves
44,#QURRQP0JY,ϟWaskøv々™,0xffffffff,28000004,1238,45,
45,#2J2PJ0UV,ikarosita,0xffa8e132,28000136,1237,46,Humble Grinders
46,#8Y2Y0GYYG,与田祐希𓃵,0xfff9c908,28000240,1236,47,Cipher Pol
47,#8CVCJVVV9,Եթ Շαɱเℓα ☆*❥⃝*,0xffff9727,28000302,1229,48,★the Players★
48,#999V9QP2C,Haker,0xffffffff,28000272,1226,49,
49,#2UYP920Q0,Wanel,0xfff9c908,28000018,1216,50,NA Friends
50,#8R99PJ890,xSkylasz•,0xffff9727,28000321,1215,51,Vitality
51,#8Y082R2GG,추카|RapZ ✶,0xffff9727,28000211,1206,52,Beyond Swift
52,#CPPV2PQG,MeliodasBot🐐,0xffa8e132,28000006,1203,53,No Mercy
53,#PYPQUG80,Zava💞Sunfote,0xffff9727,28000195,1203,54,Showdown💔Kings
54,#YY9PPLQL9,Yume𓅦,0xff4ddba2,28000149,1203,55,Cipher Pol
55,#P99QGPLU2,Davex,0xffffce89,28000129,1203,56,Brawl King's
56,#90V9VYJ8C,しょうけい,0xfff05637,28000242,1203,57,なかよし部
57,#RUGUJPR8,☠ĆØΜβΔŦ€ŇŦ€☠,0xff4ddba2,28000253,1202,58,★the Players★
58,#YGQYGCR,Portox😡,0xff1ba5f5,28000191,1201,59,Blue Label
59,#9LY0YG9QP,を|Sed🍀,0xffa8e132,28000197,1201,60,DragonArmy
60,#PR9U2JL,Juan Carlos,0xffffffff,28000119,1201,61,Humble Grinders
61,#Q9VUQ2UG9,позерочек,0xfff9c908,28000132,1200,62,оупи челики
62,#CGQCYJGY,TTV | SnakeThug,0xfff9c908,28000341,1200,63,Deadly Vipers🐍
63,#GRLUYG0R,NiceShøt 🌓,0xffcb5aff,28000347,1200,64,Ex0tic-E-Sport
64,#88RGGCVQJ,My heart in AUS,0xff4ddba2,28000092,1199,65,ハナクソタケシ
65,#2YVQ98Q8C,DF | Tory,0xff4ddba2,28000166,1199,66,Melody
66,#G99CYGL,𝒁𝒂𝒊𝒌𝒐❄️,0xff4ddba2,28000194,1199,67,ChillOG
67,#9J2JLUR8G,Aspect 🃏,0xffffffff,28000304,1199,68,7 Dwarves
68,#PRCCP2V9C,ℳ𝒾𝓃𝓃𝓉ℴ🍃모두,0xff4ddba2,28000271,1199,69,RV
69,#P9YCRRRVL,Zelephh,0xff1ba5f5,28000123,1199,70,Brawl Kings
70,#L8UPY2RCL,rr,0xfff9775d,28000050,1199,71,Z드래곤볼Z
71,#8URCLRY8,球隊|RoUND🌠,0xfff9c908,28000061,1199,72,My social media
72,#202QJ9V8,⚘Polar🌕,0xffffce89,28000175,1199,73,United Stars ✨
73,#GPPRCRLQG,sQwiRtl支,0xffffffff,28000156,1199,74,Talents
74,#GV9GRLJJ,Counter,0xffff9727,28000265,1199,75,NA Friends
75,#RPQUY9VQ,Lamine🍜,0xffffffff,28000278,1199,76,<c7>幹嘛偷看我個資</c>
76,#RRVVPG2Y,Brosta卡拉,0xff1ba5f5,28000206,1199,77,vMoove
77,#8YUVLQQLG,TEM | Gluttonyʕ,0xff1ba5f5,28000088,1199,78,おなかすいたよ🍖🍔🍟🍕
78,#2Y92C2Q8V,NOMAD|かーず。❄❄,0xfff9c908,28000119,1199,79,
79,#2920V8Y99,RAJPUT THE KING,0xffffffff,28000280,1199,80,Radiance
80,#8UQJPQVY2,CN |🐳Yagami☆,0xff1ba5f5,28000225,1199,81,
81,#C2GPV0V,王 | Potassium,0xffff9727,28000348,1199,82,Beyond Swift
82,#JGCCGY80,prostislavv,0xffff9727,28000042,1199,83,BOBR gaming
83,#8LQ9JR82,Code: Eqwaak,0xfff9c908,28000004,1199,84,A Few Good Men
84,#P28J9J8QP,🌴HM| Pacify ツ,0xfff9c908,28000272,1199,85,🌴|<c3>HM</c>
85,#P8GGRVCL,MiroshkaClass ❤,0xfff05637,28000068,1198,86,Brawl Birds🐤⚔️
86,#PR0G9RQRL,CSGO|Phoenix 🍁,0xffffffff,28000205,1191,87,The Revengers
87,#82PQUPGU0,Ryohei🐬,0xff1ba5f5,28000240,1187,88,数え役満🀄️
88,#8VP882CR2,♡Mr_ido♡,0xffcb5aff,28000041,1184,89,Tribe Turkey
89,#J8YPGR,Twitch: Tobi,0xffcb5aff,28000000,1183,90,Brawl King's
90,#89JJV992Y,ZL|caldera,0xfff9775d,28000040,1181,91,めろんぱん食堂
91,#PL2P020J8,Núbis Gear 4,0xffffffff,28000317,1181,92,GamePlay D
92,#LJJ22Y8V,łepkor🌹,0xffffffff,28000331,1179,93,HolyPower
93,#GVQUYG90,Shattered ⟡,0xffffffff,28000000,1179,94,7 Dwarves
94,#8GUPLYY,FG | Jene,0xffff8afb,28000135,1179,95,clover
95,#PC9LPPYV,Nico❤️Heys,0xff1ba5f5,28000196,1176,96,No Mercy
96,#9CC0RCYR,diego💙hahnsky,0xffff8afb,28000037,1175,97,
97,#2022J9P0G,Ŧroyan,0xffffffff,28000177,1175,98,WeGamers
98,#28CVQGURJ,kxrtofvl,0xffffffff,28000061,1174,99,UNDERDOG 🇵🇱
99,#Y0GLYCYVY,Maho❤️🔥,0xff1ba5f5,28000129,1174,100,<c0>ＬＯＮＥＬＹ★</c>
100,#9P8QQPJQU,『水』,0xff1ba5f5,28000196,1167,101,Illusion Gaming
101,#QGLCPJ2J,Ansel,0xff1ba5f5,28000014,1166,102,CHEESEFOREVAR
102,#29L028GQL,Djahsta,0xffff9727,28000306,1163,103,BC*|Family*
103,#2JYGUYUG,AAMIR LORD,0xffffffff,28000207,1157,104,CHEESEFOREVAR
104,#P0GCYJY20,ＮＴ| ᴹᵃʲᵒʳ❃,0xffcb5aff,28000198,1155,105,HolyPower
105,#P9RLCJ8UC,ZL|Kinkuni,0xffa2e3fe,28000098,1154,106,レインボーの風船
106,#22RLC0JU0,YT | BALA🍬,0xff1ba5f5,28000166,1153,107,WOLVES HUNGRY
107,#29CVCJ99V,wastedヤー🥱.,0xfff9c908,28000341,1153,108,GoatLife
108,#8LJPGJ2JL,❤️Like_섭이💙,0xffff8afb,28000244,1153,109,홀릿군단
109,#GU898VQ,Levi,0xffcb5aff,28000014,1152,110,Brawl King's
110,#U8VVCUC,ぽちったん,0xff1ba5f5,28000203,1151,111,エメハン大学
111,#989L0928Q,L1S|Sufiyan❦,0xff1ba5f5,28000033,1150,112,IMMORTAL SOULS
112,#URVJVRRQ,愛野美奈子💛✨,0xffff8afb,28000018,1149,113,してたんぽ
113,#VP0CQCLV,Jin玄,0xffcb5aff,28000129,1149,114,RealDutch
114,#8JL9Q8QU8,1905|𝓓𝓪𝓻𝓴🍩,0xffcb5aff,28000243,1149,115,Nҽɯ Sƚαɠҽ🎖️
115,#9QUCYUQC0,又小二人kseeway🩸,0xffcb5aff,28000224,1149,116,Lost Hell
116,#8UYQRLQQV,Cwowお,0xffa8e132,28000331,1149,117,InTeamRasur
117,#URG2PY00,Zay,0xffffffff,28000333,1149,118,Beyond Alpha
118,#P8RQ90UY9,FMG | Vitorᴷⁱⁿᴳ,0xffffce89,28000349,1149,119,Ex0tic-E-Sport
119,#2JLUPPR0Y,MMs🌙Nemuo,0xffffffff,28000297,1149,120,一撃必殺おにゃんこ
120,#8J29RU8G2,るじゃお,0xffffffff,28000000,1149,121,Venus
121,#2QUQQUCL,Bīlúūùx 便便饼,0xffa8e132,28000136,1149,122,Allez Laaa
122,#9CRJJ2VY0,_TMR_,0xfff9c908,28000205,1149,123,Beyond Fresh
123,#2QPJQ8QRQ,bagi,0xff1ba5f5,28000335,1149,124,Brawl King's
124,#9UPCGGLJ2,ᶜʳᵒʷ ᵍᵒᵈ,0xffcb5aff,28000332,1149,125,★₮ĦɆ ₱Ⱡ₳¥ɆɌ$2 ★
125,#CP99QPCQ,Joe🗿,0xffffffff,28000243,1149,126,
126,#JQC8JJU9,Hardy❦,0xfff9c908,28000302,1149,127,임포스터
127,#898LU9GVP,AndxxzN🕊️,0xffffffff,28000230,1149,128,Family Barza
128,#8QVGJQGGC,ᴀsᴛʀᴏ >.< 🖤,0xffff9727,28000272,1149,129,Kings United II
129,#9LC9VP8QR,笑っちゃう男,0xffffce89,28000203,1149,130,レインボーの風船
130,#LLUJYJUJV,宿てんぐ👺,0xffa2e3fe,28000006,1149,131,Messiah
131,#8YPU2Q9CP,valott🃏,0xfff9c908,28000023,1149,132,Venus
132,#808JYV089,본우❦(本),0xff1ba5f5,28000019,1149,133,홀릿군단
133,#9P2CUYJ8P,Scared,0xff4ddba2,28000167,1149,134,
134,#802GUPYLG,Flechâzo😡,0xffffffff,28000207,1149,135,NHY E-SporTS
135,#9288CPJ29,ابراهيم علي,0xff1ba5f5,28000076,1149,136,Gaming Station
136,#29UGLJV2G,Lёvi,0xfff9c908,28000244,1149,137,✌️✌️✌️
137,#929GRGRJQ,Barella🧩,0xffffffff,28000215,1149,138,WOLVES HUNGRY
138,#2UCC8202,guti 💙,0xff1ba5f5,28000101,1149,139,Emi's bar 🍻
139,#2Q028GQQP,MTM | Zeus,0xfff9c908,28000018,1149,140,NA Friends
140,#98PUCCR2Q,Lenz🤍,0xfff9c908,28000095,1149,141,on the grind
141,#2J82LJJG2,Pika,0xffff9727,28000242,1149,142,BC*|Family*
142,#99GGUPY2U,FD|Dan,0xff1ba5f5,28000233,1149,143,エイリア学園
143,#YGR92L92,Bøbuś😈,0xff1ba5f5,28000282,1149,144,ŚrednioNaPsa
144,#220QRRLVV,Nanoxx🍥,0xffffce89,28000014,1149,145,trolling
145,#JG08RYCQ,IMP|Devansh,0xffa8e132,28000279,1149,146,<c0>IMPACT</c>
146,#92QY2G9LV,STAMINA,0xffff8afb,28000038,1149,147,Импрессив
147,#2QC9LG00Q,Caltex⚘,0xfff9c908,28000273,1149,148,vMoove
148,#289RGJJ0R,ƖιƖιɱ13🍁,0xffffffff,28000110,1149,149,7 Dwarves
149,#29G8UJPVV,FFL|Baran”,0xffffffff,28000025,1149,150,ARX Esports
150,#QUYCVC2,STMN | sans,0xffa8e132,28000136,1145,151,STMN Esports
151,#29YQ0JR2Y,れい｜ray🤷🏻‍♂️,0xffa8e132,28000151,1141,152,ユーロ
152,#2082JRYUV,GooD•G,0xffcb5aff,28000033,1139,153,<c5>Just Us</c>
153,#LQCLCJ9LU,↯︎Car§ex|loa↯︎,0xff4ddba2,28000276,1139,154,Excellent🏆
154,#20CQLYP2C,TBEjason,0xffff8afb,28000336,1137,155,Brawl King's
155,#22PJGVJYJ,히치Luxito🥀,0xffffffff,28000321,1137,156,No Mercy
156,#9JLYRVRL2,Kazzzumin🙊,0xff1ba5f5,28000167,1137,157,<c7>幹嘛偷看我個資</c>
157,#8CRC9QUY9,팀원 버스타는Daye🤱,0xfff9c908,28000124,1136,158,<c1>BBOBBY</c>
158,#20P2GP99,Ducky🐝,0xffa8e132,28000136,1136,159,NA Friends
159,#YGR92LJ2J,Adam OM,0xff1ba5f5,28000303,1133,160,SY Origin
160,#YPP02G9L,Mxrf 🐝,0xff1ba5f5,28000291,1126,161,Beyond Washed
161,#PLQ0QRVQL,FMG | Flashᴷⁱⁿᴳ,0xffffffff,28000139,1125,162,ZETA|DIVISION'S
162,#GJJQPYC9,Storm🪐,0xffcb5aff,28000345,1125,163,GAMEOVER
163,#8UG2YQ20P,ざま〜みろてかにゃん🖤,0xffcb5aff,28000230,1123,164,あてぃしのこと好きすぎ―！❤️
164,#LG2RY8GP,Cyclxne,0xff1ba5f5,28000349,1123,165,Brawl King's
165,#RRQQJPG2,Rabbithop,0xff1ba5f5,28000349,1120,166,we love rabbits
166,#GRCYVRJG,Edgar🤍æ,0xffff9727,28000176,1115,167,7 Dwarves
167,#GV00QCYL,ɆⱠĐł₦™×͜×,0xfff9c908,28000019,1113,168,🧀MUSSARELOS✨
168,#V2Q080UU,Valembeau💜,0xffcb5aff,28000035,1113,169,A Few Clown Men
169,#2GJQ99LRL,agusise :p,0xffcb5aff,28000222,1112,170,No Mercy
170,#22U8CPP8Q,ŁŞƬ|Apurⅴ☘️,0xff1ba5f5,28000230,1110,171,ŁŞƬ☘️
171,#82LRGLQ02,あ| 𝓕𝓪𝓱𝓪𝓓🥀,0xff1ba5f5,28000283,1109,172,OG Mute
172,#2LR22JC9V,𝑻𝒐𝒃𝒊😮‍💨❤️,0xffa2e3fe,28000272,1109,173,BMW M5 F90.COMP
173,#99088JQ8Q,ᴋᴄ|ʟᴜɪͩᴄͤɪͣᴛͩᴏ临,0xff1ba5f5,28000349,1106,174,No Mercy
174,#8Q80P982R,𝐍𝐓|𝐀𝐚𝐫𝐮,0xffffce89,28000303,1106,175,✌️✌️✌️
175,#802VG829,LuRkz🩵Sq,0xffff8afb,28000014,1105,176,Demise 🥀
176,#2YJVRCYL0,Eruption|Gone🦋,0xffcb5aff,28000276,1105,177,505 ESPORTS
177,#PQ28JP0P,亲Jσтα,0xffff9727,28000175,1104,178,7 Dwarves
178,#2RQGVLRVG,₹GuilleX,0xffff8afb,28000036,1104,179,No Mercy
179,#J8URCRCJ,vxdka :p,0xffff9727,28000095,1104,180,No Mercy
180,#G82ULC9UY,It’s Mistik?🖤,0xffffffff,28000347,1104,181,Lose?
181,#8JVV0P808,ARX|Yusuf,0xffffffff,28000213,1104,182,Game House
182,#PGL2UL0CR,SS+|Psychokid,0xffffffff,28000164,1104,183,Talents
183,#20J09PGYU,Øffsxy💘,0xffffffff,28000207,1104,184,Brawl King's
184,#28PP0C82J,YAIⓂMA_Return❕,0xffcb5aff,28000164,1104,185,<c1>BBOBBY</c>
185,#LLQ8GY8,𝐓𝐡𝐨𝐧𝐲会,0xfff9c908,28000334,1104,186,BC*|Family*
186,#9LYQR9QC,Stas.,0xffff8afb,28000321,1104,187,Affective.
187,#8JVQC0QJV,GRD|Egemen❤️‍🔥,0xffffffff,28000096,1104,188,DeviL Community
188,#82GPP9LQ,BC*| Tobi🍉,0xff1ba5f5,28000303,1104,189,BC*|Family*
189,#8YQV9UPRL,AvalSElguu🌫️,0xffffffff,28000331,1104,190,MEGATROLL
190,#J9V89VU0,Dαvi🎲,0xffcb5aff,28000335,1104,191,BC*|Family*
191,#8R002P0JP,Kitt,0xff1ba5f5,28000201,1104,192,Real Ones
192,#P8JYVY0VC,PaYa|Rubix⚡,0xff1ba5f5,28000024,1104,193,HolyPower
193,#CJP08CU0,Uriel,0xffffffff,28000135,1104,194,Brawl King's
194,#9CG8LJU8,『ᴵ ᵃᵐⱧ₳₥Ⱬ₳🎭🥀』,0xffcb5aff,28000293,1104,195,Tribe Turkey
195,#PQPR2GQGJ,MatCha✈️,0xffcb5aff,28000014,1104,196,HK瘋
196,#2PJJQV92,V3|Flamen🤍,0xffffce89,28000230,1104,197,CONEXIÓN
197,#QJULVGU,QLS | Edinho,0xff1ba5f5,28000194,1104,198,Ghost Team👻☔
198,#9L0UQRPJJ,İRONMAN,0xffcb5aff,28000314,1104,199,₮Ɽ₩`eSports
199,#QR90UY9L,Lipe❤️Pandora,0xffff9727,28000203,1104,200,Revenge Gaming
