,tag,name,nameColor,icon,trophies,rank,club
0,#VL0GPPJV,Physic Gear 5,0xfff9c908,28000014,1303,1,Eclipse 🌖
1,#GY0J2GJLV,DESTROY LONELY,0xff4ddba2,28000169,1257,2,оупи челики
2,#20UY9JYGL,Hᴇᴀʀᴛ Bʀᴏᴋᴇɴ,0xffcb5aff,28000090,1255,3,Next side
3,#PC0PL9RC9,K.S.A,0xffff8afb,28000130,1254,4,OG Mute
4,#22C0GV9CR,NoCrow,0xff1ba5f5,28000207,1253,5,HeroWarriorsTR
5,#8GV2CP2J8,☔ZORLU☔,0xffcb5aff,28000003,1253,6,<c0>ＬＯＮＥＬＹ★</c>
6,#80PC2QJCR,❥Hazzēиs✧,0xff1ba5f5,28000348,1252,7,7 Dwarves
7,#JV2L02VV,SíJaauaq,0xffff8afb,28000303,1252,8,
8,#2CRRRRYJR,моё,0xfff9c908,28000213,1252,9,✌️✌️✌️
9,#PYPQUG80,Zava💞Sunfote,0xffff9727,28000195,1252,10,Showdown💔Kings
10,#8LC2GVGGV,🌸Ｇａｍｅ_Ｏｖｅｒ🖤,0xffff8afb,28000321,1251,11,Ojos De Tara XS
11,#20L88L2J,FUT | LeNain,0xffff8afb,28000321,1251,12,A Few Good Men
12,#JP92YUJL,ϚĦ͢Ʌ|★₳Ɽ₳₴ツ,0xffff9727,28000334,1251,13,<c7>ＣＨＡ</c>ＯＳ⭐
13,#JQVQYVY,Code: VTzim 🌑,0xffff8afb,28000339,1251,14,Eclipse 🌖
14,#VYGVV08Q,🍅domates,0xffffffff,28000261,1251,15,
15,#P9UVCQ2U2,Amazing,0xffff8afb,28000337,1250,16,help ranks
16,#2VQ2L8P0,crawfy,0xffffce89,28000336,1250,17,Kiwithatgame
17,#C2CULQP0,❤️‍🔥Mazoex♛,0xff1ba5f5,28000314,1250,18,VV eSport
18,#8LLJ92VQ,あ| 𝓐𝓱𝓶𝓮𝓓🥀,0xff1ba5f5,28000349,1250,19,OG Mute
19,#VLQPVPY,Naz❤️Hyra,0xffff8afb,28000303,1250,20,Fenernazçe 💙💛
20,#LUGQ9UPC,guesti,0xfff9775d,28000018,1250,21,<c5>Just Us</c>
21,#9G0CJPJPY,Taha♛,0xffcb5aff,28000170,1249,22,GOOD BYE TAHA
22,#8RU298020,𝐊𝐚𝐝𝐲 💘,0xffff8afb,28000333,1249,23,Gg|My Clan🥀🖤
23,#289QGVYRQ,TyM|Ârda🦁,0xffff9727,28000014,1249,24,TyM`eSports
24,#20YJ9PLLV,ま|Shadows • 💫,0xffffffff,28000041,1249,25,what happened
25,#P8U8JQLG,感|WarMan⚔️,0xff1ba5f5,28000148,1249,26,OG Mute
26,#2PYCJVL0,カフェイン中毒ゆーちぃ☕️,0xff1ba5f5,28000284,1249,27,Cipher Pol
27,#PUUGRULPU,Marquinho brawl,0xfff9c908,28000304,1249,28,Imperium Z
28,#29UC8UV98,🔥Mma Ukr🔥,0xfff05637,28000263,1249,29,Brawl King's
29,#2PGGR8Y9P,Asuna Yuuki,0xff1ba5f5,28000201,1245,30,Follow?
30,#P8GGRVCL,MiroshkaClass ❤,0xfff05637,28000068,1216,31,Brawl Birds🐤⚔️
31,#LRLGLP9GJ,『weakness🌪』,0xffff8afb,28000256,1205,32,Revaible 💗
32,#8QY2Y80CG,godikk❤️‍🔥,0xffcb5aff,28000014,1202,33,Ex0tic-E-Sport
33,#8PJRRG2C,SK|GuilleVGX,0xffa8e132,28000099,1202,34,CONEXIÓN
34,#CGQCYJGY,TTV | SnakeThug,0xfff9c908,28000341,1201,35,Deadly Vipers🐍
35,#QRUQQLV0,Code: Nukleo,0xffa8e132,28000186,1200,36,LA Instinct
36,#99088JQ8Q,ᴋᴄ|ʟᴜɪͩᴄͤɪͣᴛͩᴏ临,0xff1ba5f5,28000349,1199,37,No Mercy
37,#QJ0PRJCU,retired getsent,0xff4ddba2,28000010,1199,38,Beyond Swift
38,#8LQ9JR82,Code: Eqwaak,0xfff9c908,28000004,1199,39,A Few Good Men
39,#8L08R28GG,『Shad🖤⁵⁷』,0xffcb5aff,28000291,1199,40,Polish League
40,#20CJVQQYU,[₮₱] ₱ɆⱠ₳Ɖ₳Ø,0xffcb5aff,28000291,1195,41,★the Players★
41,#PLGJJJC2Q,L7L7,0xffffffff,28000048,1184,42,معتزل
42,#PLUGLRG28,4SV_MaSTeP,0xffffffff,28000233,1182,43,Quant ESports🐾
43,#YJQ0Q2V8V,Cry |RainbowSix,0xff1ba5f5,28000243,1165,44,
44,#2008RLPYC,ChrisG,0xff1ba5f5,28000081,1161,45,Hadel•Va•
45,#2CY0CVU80,~Vi♡tal🪐,0xffffffff,28000297,1160,46,Импрессив
46,#QYQL9QPJ,山Waterマ🪐,0xffffce89,28000100,1158,47,Home of SKILL
47,#902YQPYYC,PSG|HİLECİ❦,0xff1ba5f5,28000194,1153,48,LA Global
48,#80QUGYC,DaddyCrying,0xff4ddba2,28000186,1150,49,乱世佳人-盛世
49,#P9GYVL,Waseem,0xffffffff,28000186,1149,50,Tribe Waseem
50,#Y989VP,『Tiziano™』,0xff1ba5f5,28000348,1149,51,Wasted🥱
51,#8JU9GVVJJ,Marko Pintarič,0xff1ba5f5,28000140,1149,52,100k
52,#82RGU8PR,TTM | Maury,0xff4ddba2,28000140,1149,53,A Few Good Men
53,#PUJ8JCU2P,ѕυηѕє∂なさた🥷🤍,0xffff9727,28000337,1149,54,NA|Legends❤️‍🩹
54,#28C9LCPY8,DaigoMR,0xff4ddba2,28000052,1149,55,Perro salchicha
55,#2RU0JLVCY,Abacaxi💘,0xffffffff,28000000,1149,56,★the Players★
56,#C2RPQLRQ,Tatsuki.★ᯤ,0xffa8e132,28000284,1149,57,たつきすねげ
57,#2UVUVJYQV,ZeRo♡,0xffffffff,28000233,1149,58,
58,#989GJRYLR,Indù🐝,0xffcb5aff,28000349,1149,59,Wasted🥱
59,#QUYCVC2,STMN | sans,0xffa8e132,28000136,1147,60,STMN Esports
60,#9L09YYQ8L,⛩️Panda G.m⛩️,0xffcb5aff,28000330,1141,61,HolyGuns
61,#G99CYGL,𝒁𝒂𝒊𝒌𝒐❄️,0xff4ddba2,28000194,1135,62,ChillOG
62,#GGQ8VJVC,AO | Taikamylly,0xffff8afb,28000339,1131,63,MunkkiHunters
63,#802VG829,LuRkz🩵Sq,0xffff8afb,28000014,1128,64,Demise 🥀
64,#YGQYGCR,Portox😡,0xff1ba5f5,28000191,1114,65,Blue Label
65,#22Q0J0P2P,LUCKRASS,0xffa8e132,28000210,1113,66,BC*|Family*
66,#9J2JLUR8G,Aspect 🃏,0xffffffff,28000304,1113,67,7 Dwarves
67,#CPYUR8QR,KD|Buff♡,0xfff9c908,28000132,1109,68,Quant ESports🐾
68,#U9LR90YL,CCM|Ryuu.,0xffcb5aff,28000290,1109,69,Metamorphosis⚔️
69,#QGLCPJ2J,Ansel,0xff1ba5f5,28000014,1107,70,CHEESEFOREVAR
70,#28LYUL8JP,𝙲𝚘𝚍𝚎ˢˣ❥𝙹en,0xffcb5aff,28000337,1104,71,🧀MUSSARELOS✨
71,#9JQYQL2Q2,𝐳Celi𝐚𝐱𝐱🤍,0xffcb5aff,28000150,1104,72,EternityCry ✨
72,#989L0928Q,L1S|Sufiyan❦,0xff1ba5f5,28000033,1103,73,IMMORTAL SOULS
73,#LRJ9YYQL,☞Տӈᴀ⚜ᴅᴏΧ๛,0xffffce89,28000014,1103,74,CONEXIÓN
74,#GJ9PLGPL,ReSn|Snake🐍,0xff4ddba2,28000101,1103,75,Lose?
75,#QR2GC8V,BKB|❄IC£CRØW❄,0xfff9c908,28000348,1103,76,Tribe Turkey
76,#89JJV992Y,ZL|caldera,0xfff9775d,28000040,1102,77,めろんぱん食堂
77,#80GPQ2RGP,薙| Juice🧃,0xff4ddba2,28000337,1102,78,Tribe Turkey
78,#298JUYR29,Chase-Itz,0xffcb5aff,28000156,1101,79,Beyond Kratos
79,#88RGGCVQJ,My heart in AUS,0xff4ddba2,28000092,1101,80,ハナクソタケシ
80,#P0Y9VPGLY,Sky ˡᵒᵛᵉʸᵒᵘ,0xffffffff,28000003,1101,81,
81,#829LJ28CU,toxicgenie🃏,0xffcb5aff,28000286,1101,82,Real Ones
82,#QR90UY9L,Lipe❤️Pandora,0xffff9727,28000203,1101,83,Revenge Gaming
83,#8R2YG2J08,⸂҂𝘒ҽɍᴏ͠ֆҽηҽ°灯油,0xffffffff,28000065,1100,84,Lîfe Rework
84,#9UG08PQUY,xSkywalker🦋ま,0xff1ba5f5,28000135,1100,85,Quant ESports🐾
85,#2CPJ8GY22,PM|Gabriel,0xffa8e132,28000345,1100,86,BRAWSIL TOP BR
86,#29C8PULJ9,『火|Tɪᴇs🥀』,0xfff05637,28000263,1100,87,Zero<c9>Win</c>
87,#PLLRJC2V,Wesley534,0xff1ba5f5,28000210,1099,88,Ghost Team👻☔
88,#9Q8LP2Y09,Lag,0xff1ba5f5,28000044,1099,89,Dredd
89,#R8Q2QUJV,❄black gamer❄,0xffcb5aff,28000347,1099,90,
90,#2L892GP,YAPIMARU_YT,0xffffffff,28000186,1099,91,Cipher Pol
91,#P0PULRC,Trebor🐣💛,0xffff9727,28000207,1099,92,A Few Good Men
92,#GQRQURQU,Nier🇦🇱⸅,0xffcb5aff,28000184,1099,93,weird gamers
93,#QG990QQJ,MyS|Donatik,0xfff05637,28000322,1094,94,LA Global
94,#LQCY0CUYJ,Donut man,0xfff9c908,28000050,1093,95,I eat soda
95,#PQ98LVPQ,Math ↯,0xffcb5aff,28000280,1084,96,Ash's Club
96,#22PJGVJYJ,히치Luxito🥀,0xffffffff,28000321,1080,97,No Mercy
97,#9J0PCYJJU,Dͣeͫnᵍiͦsͩ,0xfff9c908,28000345,1073,98,TR| TRYHARD🪐
98,#88YJV08U2,❣️MASOOM❣️,0xffffffff,28000139,1072,99,
99,#9PVU00U2P,Kaso💘,0xffcb5aff,28000036,1071,100,Brawl King's
100,#20C80QUY9,GuGu 🌙,0xffcb5aff,28000212,1069,101,Brawl Kings
101,#8J9PPC880,𝐁𝐫𝐞𝐞𝐳𝐲❦,0xffcb5aff,28000218,1067,102,🧀MUSSARELOS✨
102,#9VU9R2LY,Terry!,0xffffffff,28000081,1065,103,✌️✌️✌️
103,#RRQQJPG2,Rabbithop,0xff1ba5f5,28000349,1062,104,we love rabbits
104,#8PVJQ2PP,Taylor Swift ☄,0xffcb5aff,28000207,1062,105,Guerreritos
105,#9LV0Q00YV,영원한감동,0xff4ddba2,28000082,1060,106,새싹
106,#P99QGPLU2,Davex,0xffffce89,28000129,1060,107,Brawl King's
107,#9CG8LJU8,『ᴵ ᵃᵐⱧ₳₥Ⱬ₳🎭🥀』,0xffcb5aff,28000293,1060,108,Tribe Turkey
108,#YPP02G9L,Mxrf 🐝,0xff1ba5f5,28000291,1059,109,Beyond Washed
109,#8R99PJ890,xSkylasz•,0xffff9727,28000321,1056,110,Vitality
110,#V09809Q,Yusuf❤🔥,0xffff8afb,28000182,1055,111,HeroWarriorsTR
111,#8PQYUJ29G,𝚏𝚒𝚗𝚎𝚜𝚝❦︎,0xfff9c908,28000132,1055,112,Хижина Снайпов
112,#RRJ8Y00,Fraax🐝,0xffcb5aff,28000347,1054,113,Wasted🥱
113,#PU89G2J,愛~TodlloZ❖,0xffcb5aff,28000170,1054,114,Beyond Washed
114,#P2LC80G8P,🥀 Ânmęx ᵍᵒᵃᵗ,0xffcb5aff,28000333,1053,115,AK| Gaming🕷🌴
115,#J9V89VU0,Dαvi🎲,0xffcb5aff,28000335,1053,116,BC*|Family*
116,#90RQYP98U,♡•bestie•♡🧸,0xffa2e3fe,28000221,1053,117,7 Dwarves
117,#9GCRRY0P2,𝐂.heumi❥ᴴᴱᴸᴸ,0xffffffff,28000004,1053,118,Power L.g
118,#2Y9QGVQGP,Wingamer,0xfff05637,28000129,1052,119,SY Origin
119,#L99892JJ,要|мeɢα♕❤️‍🔥,0xfff05637,28000349,1051,120,BC*|Family*
120,#90LPVYVUP,Yusuf♛,0xffffffff,28000112,1051,121,SALDİM
121,#GU220LGG,GHS|PatricK👻,0xffff8afb,28000211,1051,122,Ghost eSports
122,#2RQGVLRVG,₹GuilleX,0xffff8afb,28000036,1050,123,No Mercy
123,#R2R2JV9C,S4W|Aste❤️‍🔥,0xffff8afb,28000214,1050,124,Spain4Win
124,#GVJ82JR8,Kazumi,0xffcb5aff,28000291,1050,125,Ex0tic-E-Sport
125,#20RQ80PJ0,Aͥleͣxͫ シ,0xffff8afb,28000348,1050,126,LA Global
126,#Y22RU8YQ2,Seis,0xffcb5aff,28000159,1050,127,Brawl King's
127,#90QRQL890,Neverlandあ,0xffffffff,28000321,1049,128,FUT ESPORTS
128,#8GLUVYQPC,あ|Ｓａｓｏｒｉ父,0xffcb5aff,28000332,1049,129,🧀MUSSARELOS✨
129,#2PGRYULC0,◆Janđrø■,0xff1ba5f5,28000259,1049,130,No Mercy
130,#2QRUCPU0P,GOLDEN OROCHI,0xffff8afb,28000129,1049,131,
131,#2VGG2P02,¥_Dank_Might_¥,0xff1ba5f5,28000219,1049,132,CSM Eclipse
132,#YG2QP288P,Ñîćoなさた🥷🤍,0xffff9727,28000340,1049,133,LA Global
133,#9PYGUR9PJ,又小人Juliaии🩸,0xffff8afb,28000321,1049,134,BN|Family💘
134,#9GUV0PJ8Y,Here's Buzēn 🍭,0xfff9c908,28000108,1049,135,Elite Saiyan🔱
135,#V2Q080UU,Valembeau💜,0xffcb5aff,28000035,1046,136,A Few Clown Men
136,#LQJC9QL2,HJK┃アチャ,0xffffffff,28000000,1045,137,豚骨ラーメンファンキー
137,#8RJG98Q0C,🦄Dragon4ikᵍᵒᵈ,0xffffffff,28000000,1045,138,Хата Пипла
138,#PC9LPPYV,Nico❤️Heys,0xff1ba5f5,28000196,1039,139,No Mercy
139,#PGVG0VVRV,ZDX_Lilio,0xff1ba5f5,28000350,1038,140,HeadShoterZ💣
140,#9GYV2L0G,DF|MesDaFox🦊,0xffcb5aff,28000245,1038,141,Kospo Army
141,#82PPQ2Y0R,S4nd 🐣💛,0xfff9c908,28000217,1038,142,🚀💫ATS💫🚀
142,#8G29GG9JC,SK|Drack,0xffcb5aff,28000043,1037,143,The Brawl Bar
143,#PJ02GQJ,$HIVAM I$ B+,0xffa8e132,28000151,1037,144,TT: niiil_06
144,#2UYJV98J2,all 1500🏆,0xffffffff,28000000,1037,145,
145,#8QJU2CCY,Fearless,0xffff9727,28000017,1035,146,WOLFMX
146,#2J00V98R9,𝐿𝑖𝑎𝑚𝑜𝑜〆,0xff4ddba2,28000136,1034,147,Violence Alpha
147,#20P2GP99,Ducky🐝,0xffa8e132,28000136,1032,148,NA Friends
148,#L8UQ2GVR,KMZ|ȺnͥɗrͣeͫṨ⁣ツ,0xfff05637,28000294,1030,149,AR.ES
149,#8QPQUJUPU,Sacrifício,0xfff05637,28000014,1025,150,[™BLIND™]
150,#8RU2YR22C,Tiny,0xfff9c908,28000219,1024,151,7 Angels
151,#9GVPLVYVY,SpTK-ΘǤ🐝,0xffff9727,28000328,1023,152,VV eSport
152,#999VVCCYP,TFNØTCATE🌸🥀,0xff4ddba2,28000256,1023,153,Lost Hell
153,#J99YU9QY,KuruNero🐬,0xff1ba5f5,28000264,1022,154,Cipher Pol
154,#UR9RUQC0,TMC | Fernando,0xffffffff,28000123,1022,155,Banda Nocturna
155,#9RLJ8L22P,⛩࿐тιɴᴅzᴾᴿᴼシ,0xfff05637,28000340,1021,156,Anya Simpers
156,#2VQ2V99CC,MMs🌙Nemuo,0xfff9c908,28000190,1020,157,めろんぱん食堂
157,#L8UPY2RCL,rr,0xfff9775d,28000050,1020,158,Z드래곤볼Z
158,#9YU8CLLPY,⛩️ᴳᵒᵈɈⱥꝟɪ🎋,0xff4ddba2,28000287,1019,159,LA Temis
159,#V9L9Y89R,Stealth🌴,0xffffffff,28000075,1019,160,Real Ones
160,#80J80JC92,AT | Mr Ice ❄,0xff1ba5f5,28000168,1019,161,Brawl King's
161,#2YR9PPYUY,A1AL|DzonDzon🍌,0xffcb5aff,28000073,1019,162,Golden Legion
162,#YP802RY8G,佥 Áℓєẋ ❤️‍🩹,0xffff8afb,28000336,1018,163,GTP Esports
163,#RPQUY9VQ,Lamine🍜,0xffffffff,28000278,1017,164,<c7>幹嘛偷看我個資</c>
164,#PRC8PV98Q,𝐕𝐞𝐧𝐮𝐬𝐬♡Н,0xffffce89,28000307,1016,165,Saint Devils
165,#GJRV99Q8,我不Enzoo🤍在你,0xfff05637,28000321,1016,166,Ex0tic-E-Sport
166,#PLQ0QRVQL,FMG | Flashᴷⁱⁿᴳ,0xffffffff,28000139,1016,167,ZETA|DIVISION'S
167,#98VPCJQ0C,sr america,0xffcb5aff,28000267,1015,168,
168,#2JCCYCRCP,Sleeps Mini,0xfff05637,28000287,1015,169,we bro time
169,#8ULC9RP,PT|𝔻𝔞ȋ̈ℜ𝕠𝔫,0xffff9727,28000139,1014,170,FuriaDeChester
170,#82LRGLQ02,あ| 𝓕𝓪𝓱𝓪𝓓🥀,0xff1ba5f5,28000283,1014,171,OG Mute
171,#8ULJJPYG2,Âtahan🖤Ubéyd,0xffffffff,28000333,1013,172,
172,#PJRVY0LGV,AYAN,0xff1ba5f5,28000349,1012,173,The Marvels
173,#2RL8LGV9Q,🐼iBearQu❦︎,0xfff05637,28000352,1012,174,High Quality
174,#L2PCCR0V8,STK•Mahmoud💫,0xff1ba5f5,28000092,1012,175,STAR KINGS
175,#QG2GPP9R,top mystery,0xffffffff,28000315,1012,176,Lupo
176,#2RQRYR2G2,愛|Kristofer🕊️,0xffffffff,28000348,1011,177,7 Dwarves
177,#9GVGY29QC,Human核能,0xff1ba5f5,28000272,1011,178,Tribe Turkey
178,#QRU0L0U,🐬ꜱᴏᴋʀᴀᴍ 🜲,0xff1ba5f5,28000201,1011,179,CONEXIÓN
179,#9LC9VP8QR,笑っちゃう男,0xffffce89,28000203,1011,180,レインボーの風船
180,#20VJ08RUP,CF|Rey jalea,0xfff9c908,28000349,1011,181,ChileanFighters
181,#9YYJQP8U,⚜️LDS|Yons,0xff1ba5f5,28000102,1011,182,<c5>OG Mute</c>
182,#GJ0JGCUV,PowerTech YT,0xffffffff,28000334,1011,183,<c7>幹嘛偷看我個資</c>
183,#992QQLYJ9,Leo🌰ⁿᵒⁱˢᵉᵗᵗᵉ,0xfff9775d,28000073,1011,184,FC OWEE 🐐
184,#PGY9ULY,PollitoMan,0xffffffff,28000348,1010,185,7 Dwarves
185,#8QVRVLLUU,Chazed,0xffa8e132,28000075,1010,186,CSM Eclipse
186,#GRCYVRJG,Edgar🤍æ,0xffff9727,28000176,1010,187,7 Dwarves
187,#9288CPJ29,ابراهيم علي,0xff1ba5f5,28000076,1010,188,Gaming Station
188,#82CJYJPG2,Yutapin,0xffa8e132,28000190,1010,189,Cipher Pol
189,#8JQRQ80R8,RZ | KIEMS,0xffff9727,28000135,1010,190,FUR TEAM
190,#2QPJQ8QRQ,bagi,0xff1ba5f5,28000335,1010,191,Brawl King's
191,#P928UPR00,AGENTE:200X...?,0xffa8e132,28000318,1010,192,pumpkin kingdom
192,#P9Y9RP9Y,PEDRO| ᴷⁱˡˡᵧₒᵤツ,0xffa2e3fe,28000286,1010,193,CaféDeMañana
193,#808PJ2L2P,『THE Galax🌌』²²,0xff4ddba2,28000341,1009,194,THE <c9>RED</c>
194,#99UJVQV08,Yunus❤️🔥,0xff1ba5f5,28000175,1009,195,
195,#988YL9829,D’ Mariebb🧸,0xffa8e132,28000099,1009,196,NK |Family
196,#9GJPJUQGJ,Xorox❤️‍🩹Byrox,0xffcb5aff,28000273,1009,197,Tribe Turkey
197,#809R8JV8Q,Tizzou❤Clzs,0xffff8afb,28000166,1008,198,Allez Laaa
198,#90V9VYJ8C,しょうけい,0xfff05637,28000242,1008,199,なかよし部
199,#80CJGPCVL,⛩ƝøøƁ|選,0xffffffff,28000003,1008,200,SoulSociety
