,tag,name,nameColor,icon,trophies,rank,club
0,#VL0GPPJV,Physic Gear 5,0xfff9c908,28000014,1501,1,Eclipse 🌖
1,#89UPQJJVV,+BraboX 🎩,0xffa8e132,28000236,1449,2,Ghost Team👻☔
2,#JQVQYVY,Code: VTzim 🌑,0xffff8afb,28000339,1422,3,Eclipse 🌖
3,#LR08G9C8,BC*| Kubaba♡,0xffff8afb,28000008,1336,4,BC*|Family*
4,#2PGGR8Y9P,Asuna Yuuki,0xff1ba5f5,28000201,1317,5,Follow?
5,#RPVU2L29,ᴼᵖɱa̷ṡ†e̷ꭆ🥀×᷼×,0xffff8afb,28000097,1303,6,🧀MUSSARELOS 2✨
6,#VYGVV08Q,🍅domates,0xffffffff,28000261,1301,7,
7,#8GV2CP2J8,☔ZORLU☔,0xffcb5aff,28000003,1300,8,<c0>ＬＯＮＥＬＹ★</c>
8,#VLQPVPY,Naz❤️Hyra,0xffff8afb,28000303,1300,9,Fenernazçe 💙💛
9,#L0P9R8LL,snoiy❤️yukino,0xffffffff,28000183,1299,10,Real Ones
10,#GJJQPYC9,Storm🪐,0xffcb5aff,28000345,1299,11,GAMEOVER
11,#Y0GLYCYVY,Maho❤️🔥,0xff1ba5f5,28000129,1299,12,<c0>ＬＯＮＥＬＹ★</c>
12,#L2Q0CUVGU,One Trick Dyna,0xffffffff,28000008,1282,13,dynamike gaming
13,#2YP88Y8RG,xKapix,0xffffffff,28000210,1274,14,UNDERDOG 🇵🇱
14,#JQ8L0YYL,RNG | Cauebr,0xfff9c908,28000314,1255,15,Ghost Team👻☔
15,#9GJPJUQGJ,Xorox❤️‍🩹Byrox,0xffcb5aff,28000273,1255,16,Tribe Turkey
16,#PRQGVULVQ,iAlmaaaazik🥺,0xffffffff,28000135,1253,17,KingdomRush
17,#RUGUJPR8,☠ĆØΜβΔŦ€ŇŦ€☠,0xff4ddba2,28000253,1253,18,★the Players★
18,#989L0928Q,L1S|Sufiyan❦,0xff1ba5f5,28000033,1252,19,IMMORTAL SOULS
19,#90JCYPQU,ZETA | MeOw,0xffffffff,28000074,1252,20,Talents
20,#8PJRRG2C,SK|GuilleVGX,0xffa8e132,28000099,1252,21,CONEXIÓN
21,#920PC9CVC,AlOnE_DaRk,0xffff9727,28000348,1252,22,NHY E-SporTS
22,#29UGLJV2G,Lёvi,0xfff9c908,28000244,1252,23,✌️✌️✌️
23,#YRUYY8JV8,Oyu♨︎,0xffcb5aff,28000095,1252,24,Hueco Mundo
24,#PQ28JP0P,亲Jσтα,0xffff9727,28000175,1251,25,7 Dwarves
25,#8Y98Q8U,CR | Sitetampo,0xffff8afb,28000014,1251,26,A Few Good Men
26,#8UGJ82UL2,AoC|Alex🌷,0xff4ddba2,28000310,1251,27,octos
27,#8Q2JCGP00,きゃんでぃ,0xff1ba5f5,28000014,1251,28,キングダム乱
28,#GP2Q0L92Y,다이너 저격수,0xffffce89,28000198,1251,29,ブリリアントぶた劇場
29,#82LRGLQ02,あ| 𝓕𝓪𝓱𝓪𝓓🥀,0xff1ba5f5,28000283,1251,30,OG Mute
30,#92VJ8VQUP,🔥an_hayp🔥,0xfff05637,28000047,1251,31,
31,#G98VUYYR,鼓俄涩特丝挌麻,0xffffffff,28000139,1251,32,ecco2k
32,#PYPQUG80,Zava💞Sunfote,0xffff9727,28000195,1251,33,Showdown💔Kings
33,#RVLQ0VUR,风暴|kerem🎃,0xffff9727,28000257,1251,34,ᴅᴀɪʟʏ
34,#GYR0L0JG,Alexis💘,0xff1ba5f5,28000018,1251,35,Tribe Gaming NA
35,#8J9PPC880,𝐁𝐫𝐞𝐞𝐳𝐲❦,0xffcb5aff,28000218,1250,36,🧀MUSSARELOS✨
36,#20CJVQQYU,[₮₱] ₱ɆⱠ₳Ɖ₳Ø,0xffcb5aff,28000291,1250,37,★the Players★
37,#GCVPVRQY,MyS|Goman,0xff4ddba2,28000137,1250,38,Tribe Turkey
38,#YRURQRPUR,Skibidi Chipz,0xff1ba5f5,28000018,1250,39,Talents
39,#809R8JV8Q,Tizzou❤Clzs,0xffff8afb,28000166,1250,40,Allez Laaa
40,#JV2L02VV,SíJaauaq,0xffff8afb,28000303,1250,41,
41,#9LY0YG9QP,を|Sed🍀,0xffa8e132,28000197,1250,42,DragonArmy
42,#290LJC89U,L1S|Unique❦,0xffa2e3fe,28000035,1250,43,Night Stars
43,#P9UVCQ2U2,Amazing,0xffff8afb,28000337,1250,44,help ranks
44,#8Y082R2GG,추카|RapZ ✶,0xffff9727,28000211,1250,45,Beyond Swift
45,#8LLJ92VQ,あ| 𝓐𝓱𝓶𝓮𝓓🥀,0xff1ba5f5,28000349,1250,46,OG Mute
46,#QUYCVC2,STMN | sans,0xffa8e132,28000136,1250,47,STMN Esports
47,#9QUQYYRJG,NoLiFer❤️‍🔥,0xffffffff,28000018,1250,48,Invincible
48,#80RQYRPP,Fortizz,0xffffffff,28000018,1249,49,Beyond Champs
49,#YQUQUUG,Ferlol,0xff1ba5f5,28000294,1249,50,minuta:3
50,#2J2PJ0UV,ikarosita,0xffa8e132,28000136,1249,51,Humble Grinders
51,#VPGGUU9U,|🌬ŦƤ⋆SsnıɔıuıΛ,0xff1ba5f5,28000243,1249,52,★the Players★
52,#VC9P2YR,愛Aʟᴘʜᴀᴼᵖ❤,0xffff9727,28000272,1249,53,
53,#2QCCC29QV,wc • mɐgic🦀,0xff1ba5f5,28000175,1249,54,Canal wcalixtoo
54,#PL2P020J8,Núbis Gear 4,0xffffffff,28000317,1249,55,GamePlay D
55,#9VU9R2LY,Terry!,0xffffffff,28000081,1249,56,✌️✌️✌️
56,#URV8JPY,ormy🎄,0xffffffff,28000176,1249,57,Havoc Echo
57,#PLJR9VLR8,Arnast,0xffff8afb,28000164,1249,58,
58,#2CUYQ8RQC,🥷🏿,0xffffffff,28000272,1249,59,
59,#2UYJV98J2,all 1500🏆,0xffffffff,28000000,1249,60,
60,#99LLQYY9,Joeh,0xfff9c908,28000335,1249,61,👋 🤷‍♂️
61,#2L9JQPU08,ʙɪᴇꜰ,0xffa8e132,28000210,1249,62,Dragonflames
62,#20YJ9PLLV,ま|Shadows • 💫,0xffffffff,28000041,1249,63,what happened
63,#P8QY2C9CG,やったー！,0xff1ba5f5,28000020,1249,64,海ルクティー
64,#PP8URGQL8,J. Álvarez ⁹🕷️,0xff1ba5f5,28000139,1249,65,Emi's bar 🍻
65,#Y99G8VPL0,BIG | ARTIN🦁,0xff1ba5f5,28000199,1249,66,YT | Nigena
66,#CG8R0JJC,⛩️ivͥaͣnͫ 🎋,0xffcb5aff,28000330,1249,67,Blue Star 💙
67,#822G82PLU,进步|MaTRiX🦄,0xffffffff,28000054,1249,68,Ex0tic-E-Sport
68,#99VLVGRJG,BootyBaptizer69,0xffffce89,28000000,1249,69,Humble Grinders
69,#2VV02GQ2C,RNT | Prime,0xff1ba5f5,28000044,1249,70,Imperial
70,#U2PRPLP,OU鸥,0xffffffff,28000341,1249,71,anyway🤷🏻‍♂️
71,#20VVC8LU2,Cryzz❦︎,0xffffffff,28000108,1249,72,
72,#90LPVYVUP,Yusuf♛,0xffffffff,28000112,1249,73,SALDİM
73,#YVG2LJG,SN|scattered,0xff1ba5f5,28000285,1249,74,Talents
74,#982J9YJ0,4Tune| Gold킬러♧,0xffff9727,28000095,1249,75,백화
75,#8JGPPVY8G,L1S|ITACHI❦,0xfff9c908,28000132,1249,76,Katze 🐱🐈
76,#2QCVLV2Q,Psychopant💧,0xffff8afb,28000334,1249,77,7 Dwarves
77,#9PV920Y,Asian Tryhard,0xffffffff,28000095,1240,78,
78,#GVQUYG90,Shattered ⟡,0xffffffff,28000000,1240,79,7 Dwarves
79,#8LQ9JR82,Code: Eqwaak,0xfff9c908,28000004,1240,80,A Few Good Men
80,#V8JP99J0,ZKN|Fantas🦊,0xffffce89,28000014,1238,81,Monkey’s Island
81,#L2RP800CQ,BudgetLukiebear,0xffffffff,28000348,1237,82,dynamike gaming
82,#P9YCRRRVL,Zelephh,0xff1ba5f5,28000123,1233,83,Brawl Kings
83,#9L09YYQ8L,⛩️Panda G.m⛩️,0xffcb5aff,28000330,1231,84,HolyGuns
84,#8VP882CR2,♡Mr_ido♡,0xffcb5aff,28000041,1231,85,Tribe Turkey
85,#Y80UJP8GV,Tatsu-@@@@,0xff1ba5f5,28000109,1231,86,石の上にも三年🀄️
86,#P8UGQ0882,Minterrr🪄,0xffffffff,28000102,1230,87,оупи челики
87,#2C8JL8YUP,隣のめるっち！,0xff4ddba2,28000095,1229,88,ブロスタ学園
88,#RQ00GLQU,きゃらめるたん,0xff4ddba2,28000095,1225,89,ЧикЙоШп❦✾
89,#VU8RLY28,The|Benja143シ🖤,0xffff9727,28000348,1225,90,ChileanFighters
90,#G2CY80Q2,4Tune|Sunnyᵛⁱᵛⁱ,0xffff8afb,28000331,1224,91,백화
91,#GGVQ8J2C,ARX|Onur,0xffffffff,28000167,1221,92,Türk Milleti
92,#8C8RJ9GJ,christine *✧♡°,0xff1ba5f5,28000322,1215,93,Havoc Echo
93,#PLUGLRG28,4SV_MaSTeP,0xffffffff,28000233,1213,94,Quant ESports🐾
94,#GRC9RRJR,TQ | Javi,0xfff9c908,28000137,1212,95,A Few Good Men
95,#P22J8JP8,ZETA | BADBOY,0xffff9727,28000284,1206,96,No Mercy
96,#802VG829,LuRkz🩵Sq,0xffff8afb,28000014,1203,97,Demise 🥀
97,#98VPCJQ0C,sr america,0xffcb5aff,28000267,1203,98,
98,#9JYG98GG,Bryanzera,0xffa2e3fe,28000203,1203,99,No Mercy
99,#P99QGPLU2,Davex,0xffffce89,28000129,1203,100,Brawl King's
100,#QRUQQLV0,Code: Nukleo,0xffa8e132,28000186,1203,101,LA Instinct
101,#VUQV0ULV,𝓚𝔂𝔀𝔂,0xffcb5aff,28000031,1202,102,Beyond Fresh
102,#YGQYGCR,Portox😡,0xff1ba5f5,28000191,1202,103,Blue Label
103,#8CJ2JYCRV,Salamandra 3000,0xff4ddba2,28000095,1202,104,HeadshoterZ💣2
104,#PR9U2JL,Juan Carlos,0xffffffff,28000119,1201,105,Humble Grinders
105,#2LC9RU2UG,ƇЄƊƦƖƇ🍁,0xffff9727,28000124,1201,106,+12 yaş sew
106,#2CRRRRYJR,моё,0xfff9c908,28000213,1201,107,✌️✌️✌️
107,#2Y2Y99GQR,VizeZ,0xffffffff,28000230,1201,108,Ex0tic-E-Sport
108,#L82U9CVPQ,ᴼᵖɳe̷żu̷ҟσ🥀×᷼×,0xffff9727,28000213,1200,109,🧀MUSSARELOS✨
109,#CPPV2PQG,MeliodasBot🐐,0xffa8e132,28000006,1200,110,No Mercy
110,#PL2P2JY9V,Ferreira🌩️,0xff1ba5f5,28000048,1200,111,802
111,#9L9LQPGJG,🐉梅呆(੭ ᐕ)੭♥️,0xffffce89,28000349,1200,112,<c7>幹嘛偷看我個資</c>
112,#CGQCYJGY,TTV | SnakeThug,0xfff9c908,28000341,1200,113,Deadly Vipers🐍
113,#PYGR8CPJ2,〆ϻɪs͢τɪӄ🩸,0xfff9c908,28000018,1200,114,Spain4Win
114,#PQPR2GQGJ,MatCha✈️,0xffcb5aff,28000014,1200,115,HK瘋
115,#PJRG2PLU,𝙽𝚠|Sʀ.ᴅᴀʀᴋ🖤,0xffffffff,28000003,1200,116,LaViejaSchool
116,#8R99PJ890,xSkylasz•,0xffff9727,28000321,1200,117,Vitality
117,#29UC8GJQ9,Zyro☔️,0xff4ddba2,28000000,1199,118,A Few Good Men
118,#809ULJU2,KLIMtm,0xffffffff,28000151,1199,119,take a break.
119,#G99CYGL,𝒁𝒂𝒊𝒌𝒐❄️,0xff4ddba2,28000194,1199,120,ChillOG
120,#9J2JLUR8G,Aspect 🃏,0xffffffff,28000304,1199,121,7 Dwarves
121,#2V0L08LU,Lucario,0xffcb5aff,28000335,1199,122,Die Tafelrunde
122,#2R2V00JJ,𝙳𝚎✗𝚝𝚎𝚛ｱ,0xfff9c908,28000272,1199,123,Dr eSports
123,#2CY898QJ0,єηισ ƒαιχα⁷ 🥋,0xffcb5aff,28000224,1199,124,Candangos do BR
124,#8URCLRY8,球隊|RoUND🌠,0xfff9c908,28000061,1199,125,My social media
125,#2L02CQPLR,マルチダ🖤,0xffff9727,28000347,1199,126,Easy Ltda
126,#2UQ22U89Q,₮₵ツɎ₳Ɽ₲łᵏᶦˡˡᵧₒᵤ,0xffcb5aff,28000135,1199,127,BC*|Family*
127,#90V9VYJ8C,しょうけい,0xfff05637,28000242,1199,128,なかよし部
128,#2Q028GQQP,MTM | Zeus,0xfff9c908,28000018,1199,129,NA Friends
129,#JGCCGY80,prostislavv,0xffff9727,28000042,1199,130,BOBR gaming
130,#YJG9GQLY8,BS|☔bobo13ツ,0xff4ddba2,28000348,1199,131,TGE Esport
131,#UYUUQQ8Q,대왕❦(光),0xffcb5aff,28000115,1199,132,<c1>BBOBBY</c>
132,#20V9CR8C,MiniXD™,0xffffffff,28000123,1194,133,Return Angels 德
133,#PJ0GRPR8,FirEyal 🕯️,0xffff9727,28000020,1187,134,Brawl Kings
134,#VC9PYLVR,LTR | LeDragon,0xffff9727,28000046,1187,135,L'ÉTOILE ROUGE
135,#CJP08CU0,Uriel,0xffffffff,28000135,1187,136,Brawl King's
136,#29V0GUG8,BATATINHA,0xff1ba5f5,28000156,1187,137,
137,#88RGLRJPR,BlackPanther,0xffcb5aff,28000325,1187,138,人参
138,#9RQCLL9PY,SEA|乙骨憂太♪純愛だよ,0xffffffff,28000348,1185,139,海ルクティー
139,#28CVQGURJ,kxrtofvl,0xffffffff,28000061,1183,140,UNDERDOG 🇵🇱
140,#2PJJQV92,V3|Flamen🤍,0xffffce89,28000230,1181,141,CONEXIÓN
141,#2UJ02PULU,文豪♠️フランスア♠️,0xff1ba5f5,28000348,1176,142,陰キャガチ勢
142,#9P2CUYJ8P,Scared,0xff4ddba2,28000167,1175,143,
143,#8GUPLYY,FG | Jene,0xffff8afb,28000135,1175,144,clover
144,#2YV98LLCY,"Arc,L🌒",0xfff9c908,28000266,1171,145,★the Players★
145,#80PC2QJCR,❥Hazzēиs✧,0xff1ba5f5,28000348,1171,146,7 Dwarves
146,#2UPQR2J,m1key,0xfff05637,28000247,1171,147,Bunny Hole 🐰
147,#82PQUPGU0,Ryohei🐬,0xff1ba5f5,28000240,1165,148,数え役満🀄️
148,#VGLY2G88,はRyuji🍢,0xffffce89,28000247,1164,149,
149,#PLCPU928R,ØFFŁÎŃÈ,0xff1ba5f5,28000019,1163,150,.....
150,#URVJVRRQ,愛野美奈子💛✨,0xffff8afb,28000018,1158,151,してたんぽ
151,#9GGU9C9Y,RNT | Trashant,0xff1ba5f5,28000033,1158,152,Imperial
152,#90RQYP98U,♡•bestie•♡🧸,0xffa2e3fe,28000221,1157,153,7 Dwarves
153,#8Q2QUV00J,ZM | razuen,0xffa8e132,28000005,1157,154,Dog Walkers
154,#89JJV992Y,ZL|caldera,0xfff9775d,28000040,1154,155,めろんぱん食堂
155,#2RQQ9PGC,SEA|Shige♪髪は飾り,0xff4ddba2,28000020,1153,156,ドンタコス
156,#R2LR2QLG,NOUN | Mohtep,0xffffffff,28000243,1153,157,A Few Good Men
157,#P2VCQ0VP,たかめろでぃ🤓,0xff1ba5f5,28000151,1153,158,REX💫
158,#20RV9LCGY,Loki🌙,0xff1ba5f5,28000167,1153,159,<c3>ÉLITE</c>
159,#2UVUU28L8,Dede 最高の,0xffffffff,28000156,1153,160,Brawl King's
160,#28LYUL8JP,𝙲𝚘𝚍𝚎ˢˣ❥𝙹en,0xffcb5aff,28000337,1152,161,🧀MUSSARELOS✨
161,#PYJLL2QQL,たか/みく推し🎧❄️,0xff1ba5f5,28000334,1152,162,めろんぱん食堂
162,#JGCCCQG9,leave a regret,0xff4ddba2,28000341,1152,163,we love rabbits
163,#YCC8CJU,Captainroxx⚡️,0xffff9727,28000262,1152,164,<c7>BLITZ</c>
164,#29L028GQL,Djahsta,0xffff9727,28000306,1151,165,BC*|Family*
165,#UY2VURJ0,Sехнаvег14,0xffffffff,28000030,1151,166,
166,#V0YVP28,Maninho YT BS,0xffff8afb,28000138,1151,167,🧀MUSSARELOS✨
167,#P2P809VUQ,OM.L.1vs3,0xff1ba5f5,28000278,1150,168,𝑶𝓜|𝓐𝑹𝑨𝑷🥀
168,#898UYPPPU,•☆Theo冬,0xfff9c908,28000341,1150,169,Deadly Vipers🐍
169,#8QPQUJUPU,Sacrifício,0xfff05637,28000014,1150,170,[™BLIND™]
170,#989GVG0UR,陰|₦Ї₦ℑ₳™👑,0xffa8e132,28000305,1150,171,Good Players 💫
171,#98L2PPGQ2,T-Guys|Shiki,0xffcb5aff,28000203,1149,172,もけランド🐒
172,#P0GCYJY20,ＮＴ| ᴹᵃʲᵒʳ❃,0xffcb5aff,28000198,1149,173,HolyPower
173,#9QURJ9J9V,FMG|Biscoito 🍄,0xffffffff,28000348,1149,174,BULL NEED YOU
174,#8UYQRLQQV,Cwowお,0xffa8e132,28000331,1149,175,InTeamRasur
175,#928P9J08P,𝒜𝓁𝒾𝒸ℯ|ocean,0xffa8e132,28000304,1149,176,
176,#CP99QPCQ,Joe🗿,0xffffffff,28000243,1149,177,
177,#98LYLJGGP,Mägooz ❦,0xffff9727,28000206,1149,178,Kings United
178,#8QVGJQGGC,ᴀsᴛʀᴏ >.< 🖤,0xffff9727,28000272,1149,179,Kings United II
179,#PLQ0QRVQL,FMG | Flashᴷⁱⁿᴳ,0xffffffff,28000139,1149,180,ZETA|DIVISION'S
180,#PG28LGLYQ,👨‍🦲❌,0xffffffff,28000150,1149,181,Havoc Junky
181,#2P08V02Q,⛩|žwřq🥀,0xff1ba5f5,28000134,1149,182,𝑶𝓜|𝓐𝑹𝑨𝑷🥀
182,#UJ9QQUU,Ojita🍃,0xfff9c908,28000176,1149,183,Moonlight 🧚🏻
183,#2RP0U2CUV,BERAT❤️ELA,0xfff05637,28000244,1149,184,₮Ɽ₩`eSports
184,#J99YU9QY,KuruNero🐬,0xff1ba5f5,28000264,1149,185,Cipher Pol
185,#882JUQYQ9,Fʀᴇᴅʀɪᴄᴋ|ᵢₛ ₒₚ,0xfff9c908,28000008,1149,186,
186,#2Y92C2Q8V,NOMAD|かーず。❄❄,0xfff9c908,28000119,1149,187,
187,#2GCYU0LC9,Ladderstick,0xffffffff,28000191,1149,188,Kiwithatgame
188,#9YV28C2CY,ＴＢＳ,0xffcb5aff,28000291,1149,189,
189,#UVVULJUQ,AG |Luis Miguel,0xfff05637,28000290,1149,190,LitheX🐢
190,#88CCR0JQJ,EL PRIMO,0xfff9c908,28000341,1149,191,TyM`eSports
191,#PJ9882U,Egnity|Ama🥀,0xffcb5aff,28000023,1149,192,ゆかいな仲間たち
192,#99YL0PV9V,𝐍𝐓|𝐋𝐮𝐢𝐬𝐮,0xffffce89,28000349,1149,193,✌️✌️✌️
193,#QR8RU922,Karmaa,0xfff9c908,28000047,1147,194,Brawl King's
194,#QPJ2VG8C8,Dragon 🐊,0xff1ba5f5,28000014,1145,195,Real Ones
195,#R2R2JV9C,S4W|Aste❤️‍🔥,0xffff8afb,28000214,1145,196,Spain4Win
196,#8LQQCCPRG,MyS|Efim👾,0xffa8e132,28000101,1143,197,Quant ESports🐾
197,#LGR9V0UL,はるめろでぃ💍,0xffa2e3fe,28000196,1143,198,ぽこ様を守り隊
198,#9PJQ9V8L9,banny♜︎,0xffffffff,28000303,1143,199,Real Ones
199,#8Q80P982R,𝐍𝐓|𝐀𝐚𝐫𝐮,0xffffce89,28000303,1142,200,✌️✌️✌️
