,tag,name,nameColor,icon,trophies,rank,club
0,#PRUCG288Y,•☆Fynn冬,0xffff8afb,28000317,1503,1,BC*|Family*
1,#PPQQJQPQU,愛Astrø 🖤,0xffffffff,28000018,1503,2,🧀MUSSARELOS✨
2,#GGCPV9J9L,★฿uͥrgͣeͫr★z|🍔,0xffffffff,28000092,1502,3,Sneax💞Short🐍
3,#PC92L9PYU,Jad'll kill u🖤,0xffcb5aff,28000094,1501,4,
4,#2Q2LQC2P,ΗΥDЯΑΞΚΗΔΥΔττ,0xff1ba5f5,28000053,1499,5,HYDRA ESPORTS
5,#9QVYUJQ,JoKi,0xffffffff,28000010,1499,6,
6,#2YYL89J8G,psychc🦈,0xffffffff,28000003,1451,7,🌴|<c3>HM</c>
7,#PLCPU928R,ØFFŁÎŃÈ,0xff1ba5f5,28000019,1449,8,.....
8,#2C92PYV2R,uriel,0xff1ba5f5,28000108,1423,9,HeadShoterZ💣
9,#9YPGPJR99,あ|MauryX🖤,0xffff9727,28000175,1420,10,Family Barza
10,#VYGVV08Q,🍅domates,0xffffffff,28000261,1402,11,
11,#P2V2GGLJY,NM | Quinx™♊,0xffff8afb,28000111,1401,12,Quinx Academy
12,#2CCJU0P9C,SQUEAK|瀰漫の煙💫,0xffffffff,28000280,1399,13,<c7>幹嘛偷看我個資</c>
13,#2RU0JLVCY,Abacaxi💘,0xffffffff,28000000,1390,14,★the Players★
14,#VL0GPPJV,Physic Gear 5,0xfff9c908,28000014,1365,15,Eclipse 🌖
15,#80GPQ2RGP,薙| Juice🧃,0xff4ddba2,28000337,1354,16,Tribe Turkey
16,#8JGP9PGLC,初心者のマシュマロ,0xffcb5aff,28000238,1354,17,ぴーなっつと愉快な仲間達
17,#PQ0PYYV9C,𝓐𝓻𝔁𝓮𝓷𝓽💫,0xfff9c908,28000062,1353,18,
18,#PGYPYJGCC,gezin🤍relts YT,0xffffffff,28000135,1351,19,
19,#90UGPCJPL,‼️xᝣ𝖾ท𝚘‼️,0xffff9727,28000291,1350,20,ATM☔️|Team🔥⚡️
20,#P9UVCQ2U2,Amazing,0xffff8afb,28000337,1349,21,help ranks
21,#2PGGR8Y9P,Asuna Yuuki,0xff1ba5f5,28000201,1306,22,Follow?
22,#P2U2GRQLG,野なKira 🎈,0xfff05637,28000138,1304,23,Showdown💔Kings
23,#9YLCYJ2C,₮₱|Ɍϟ|Mᴀᴛ💜Jᴀᴅ,0xfff9c908,28000277,1303,24,★the Players★
24,#9GJGLCVYG,TRX|神|PHANTOM,0xfff05637,28000000,1303,25,<c0>RETIRED</c>
25,#YP28LYR8G,GHS|Phoenix ❦,0xfff9c908,28000213,1303,26,Ghost eSports
26,#8CUGG9CG2,GreamReaper,0xffffffff,28000150,1303,27,Anteiku☕
27,#PJ02GQJ,$HIVAM I$ B+,0xffa8e132,28000151,1303,28,TT: niiil_06
28,#92VJ8VQUP,🔥an_hayp🔥,0xfff05637,28000047,1303,29,
29,#RVLQ0VUR,风暴|kerem🎃,0xffff9727,28000257,1301,30,ᴅᴀɪʟʏ
30,#QGC9JGLVY,〆𝓝𝓾𝓫𝓪𝔁🎈,0xffff9727,28000343,1301,31,TikTok : nubaxx
31,#8GV2CP2J8,☔ZORLU☔,0xffcb5aff,28000003,1301,32,<c0>ＬＯＮＥＬＹ★</c>
32,#VLQPVPY,Naz❤️Hyra,0xffff8afb,28000303,1300,33,Fenernazçe 💙💛
33,#9RPPY2CCJ,Crazy|Arukir🫠,0xffffffff,28000206,1300,34,Crazy op🫠
34,#JQVQYVY,Code: VTzim 🌑,0xffff8afb,28000339,1300,35,Eclipse 🌖
35,#VPGGUU9U,|🌬ŦƤ⋆SsnıɔıuıΛ,0xff1ba5f5,28000243,1299,36,★the Players★
36,#80CLL0UGQ,シ︎,0xffffffff,28000291,1299,37,
37,#89YL8VC,|🌬тρ⋆SsoɔɹɐW彡,0xffff9727,28000349,1299,38,★the Players★
38,#2C9PLLUG8,Efecan|Apple♎🖤,0xffff8afb,28000321,1299,39,<c0>ＬＯＮＥＬＹ★</c>
39,#29U909CYC,愛~BerenZ❖,0xffff9727,28000132,1299,40,
40,#82GC0CU8,XP|beko🦊,0xffff9727,28000223,1299,41,
41,#P22J8JP8,ZETA | BADBOY,0xffff9727,28000284,1299,42,No Mercy
42,#YPUGQC29,oOoSMaNLıI 🩸,0xffa2e3fe,28000301,1299,43,Ninja Rebels 🥷
43,#QURRQP0JY,ϟWaskøv々™,0xffffffff,28000004,1299,44,
44,#YY9RR2L2P,♛해왕 포세이돈｜별💫,0xfff9c908,28000139,1295,45,REX💫
45,#2PV2CQCVJ,ᴘᴇᴅʀᴏ ッ,0xffa8e132,28000197,1285,46,Ghost eSports
46,#2JUGUQ2GR,Solo♡︎Smoke,0xffcb5aff,28000058,1274,47,LA Temis
47,#20Y00GQCC,Mys|Artem❤Ars,0xfff9c908,28000170,1267,48,LA Global
48,#PV9U8PU8Q,Raul Clash,0xffffffff,28000200,1265,49,🌴<c5>|HM</c>
49,#9JPJQGCU2,Agent｜takayuki,0xffffffff,28000183,1260,50,DEEMO
50,#2VC2QCQ,あ|Ghost 🎭,0xffff8afb,28000336,1257,51,★the Players★
51,#8J9PPC880,𝐁𝐫𝐞𝐞𝐳𝐲❦,0xffcb5aff,28000218,1256,52,🧀MUSSARELOS✨
52,#9CG8LJU8,『ᴵ ᵃᵐⱧ₳₥Ⱬ₳🎭🥀』,0xffcb5aff,28000293,1256,53,Tribe Turkey
53,#2R29VUVJ,Romu£~£,0xff1ba5f5,28000103,1256,54,緑園デ部
54,#9U28922QP,GHS | Praigoat❦,0xfff9c908,28000301,1255,55,Ghost eSports
55,#99G8YL8CY,Biel2469,0xffcb5aff,28000328,1254,56,Kings United
56,#20LPUP2CR,Venus│Ryuku🐲,0xffcb5aff,28000134,1254,57,Venus
57,#29UYQ90J9,ℂℝ| 𝑩rownies🪐,0xffff9727,28000000,1254,58,Illuminate ✨
58,#28UURPLGU,DL|ℬℯ𝓃𝒹𝓎🀄,0xffff8afb,28000349,1254,59,DrachenLegion
59,#CPYUR8QR,KD|Buff♡,0xfff9c908,28000132,1254,60,Quant ESports🐾
60,#2CUVQVGQ,𝓢𝓟❦𝕹𝖔̈𝖎𝖗,0xffff9727,28000230,1254,61,Excellent🏆
61,#8988Q0LP,𝑀𝑎𝑘𝑘为☔,0xff4ddba2,28000238,1254,62,TBS|TEAM BRO'S❤
62,#Q2QVY9R0P,引越しのサカイ,0xffa2e3fe,28000110,1254,63,三十人家族
63,#VQY2090Y,Cocoあをさ🏚️🤍,0xffff9727,28000230,1254,64,Showdown🤍
64,#8J8G9CJVJ,CᴀʟʟMᴇ𝓩artis🦍,0xffffffff,28000150,1254,65,RK Esport
65,#9Q8RQJRCR,名 | Mr_NeeZy 🔱,0xffcb5aff,28000014,1254,66,LyNow🌗
66,#PL92YG8R,Եρ ՐɿՇk☆*❥⃝*,0xff4ddba2,28000341,1254,67,★₮ĦɆ ₱Ⱡ₳¥ɆɌ$2 ★
67,#9YQU8CVYP,LX|𝕷eχs♛,0xff4ddba2,28000021,1254,68,🌵LX Team🌵
68,#GPQL02LUR,fedee|tukchero,0xffff9727,28000259,1254,69,Family🖤Black
69,#GQG2GC0,あSo̴ᴄɾαᴍ🖤,0xffcb5aff,28000349,1254,70,ToxiC Of SpaiN
70,#80UL9JVRC,ス火ヤshanoxx🤍,0xffa8e132,28000134,1254,71,Sd❤️‍🔥
71,#YQCLVRG2U,acme🌬,0xffffffff,28000334,1254,72,
72,#PU9LGQGQY,꧁❦🧀|ᴺⁱᶜᵏᶻⁱⁿヅ,0xff1ba5f5,28000207,1253,73,🌴<c5>|HM</c>
73,#2PLYGLPPJ,Joel玄,0xffff9727,28000020,1253,74,
74,#22LQGCYUP,Pumm,0xffffffff,28000118,1253,75,Quinx Academy
75,#L82U9CVPQ,ᴼᵖɳe̷żu̷ҟσ🥀×᷼×,0xffff9727,28000213,1253,76,🧀MUSSARELOS✨
76,#LJPQRPRCC,愛|𝖲𝚑𝚘ԵԵᴢʸ•❦︎,0xffffffff,28000294,1253,77,Eᴍᴘɪʀᴇ Vɪᴋɪɴɢs⚒
77,#88QVPU00U,TT | CONTENDERS,0xfff05637,28000290,1253,78,RK Esport
78,#8GPG9V0GU,Sunex玄,0xffffffff,28000125,1253,79,TT: niiil_06
79,#2RQ02UV99,DJ SMOKE,0xff1ba5f5,28000019,1253,80,
80,#28LYUL8JP,𝙲𝚘𝚍𝚎ˢˣ❥𝙹en,0xffcb5aff,28000337,1253,81,🧀MUSSARELOS✨
81,#8Q2YR88LJ,QLS|nair397,0xffffffff,28000294,1253,82,Blue Star 💙
82,#2PGY2CL2P,德国 | ᴛʜᴇ ᴇɴᴅ༒,0xffffce89,28000020,1253,83,New Community
83,#9QJRGLU8Q,❦Ƭρ/ทigђƬ_ખѳℓԲ❦,0xfff9c908,28000345,1253,84,★the Players★
84,#9GVGY29QC,Human核能,0xff1ba5f5,28000272,1253,85,Tribe Turkey
85,#9QG89UV0Y,『𝕽𝖆𝖚𝖑❦︎』,0xffcb5aff,28000014,1253,86,TT: niiil_06
86,#80QLC8292,🧀|FeLiPeᶠᵇˢ⚜️,0xffff9727,28000231,1253,87,🧀MUSSARELOS✨
87,#2GYY989GU,あ|Nouggetシ🦋,0xffa8e132,28000075,1253,88,VV eSport
88,#PJGRPUPPR,🔥*฿Ɇ₭łⱤ₦₲*🔥,0xffff9727,28000346,1253,89,GOOD BYE TAHA
89,#P82QPG9R,ᴀᴋᴋɪ🎭,0xffcb5aff,28000294,1253,90,WESH WORLD
90,#2C20G29VU,"#잡다""",0xff1ba5f5,28000284,1253,91,たつきすねげ
91,#8CRLCCRRR,SPY,0xffff9727,28000233,1253,92,weird gamers
92,#L99892JJ,要|мeɢα♕❤️‍🔥,0xfff05637,28000349,1253,93,BC*|Family*
93,#YG2QP288P,Ñîćoなさた🥷🤍,0xffff9727,28000340,1253,94,LA Global
94,#8JLRVYRU,- NOZÉ -,0xffa8e132,28000194,1253,95,★the Players★
95,#88YJV08U2,❣️MASOOM❣️,0xffffffff,28000139,1253,96,
96,#999P028G,影|ｱཞꫀˢ𝓢ʰ₳𝐃øω❦,0xffcb5aff,28000347,1253,97,The Lions
97,#2R909V2GC,🖤𝔊𝔥𝔬𝔰𝔱ツ,0xffcb5aff,28000336,1253,98,HeadShoterZ💣
98,#8YGCQPVCQ,Yalın❤️🔥,0xff1ba5f5,28000284,1253,99,
99,#GU220LGG,GHS|PatricK👻,0xffff8afb,28000211,1253,100,Ghost eSports
100,#2G90YQ9CQ,ʸᵗᴍɪʀᴀɴᴅɪɴʜᴀᵇˢ乡,0xffa8e132,28000174,1253,101,Wᴏʟғ ɢᴀɴɢ 🐾
101,#9GJPJUQGJ,Xorox❤️‍🩹Byrox,0xffcb5aff,28000273,1253,102,Tribe Turkey
102,#2P9JQP09V,𝐇𝐚𝐤𝐮𝐫𝐲𝐮,0xffffffff,28000054,1252,103,𝐂𝐡𝐞𝐞𝐫 𝐮𝐩
103,#980GJCYVQ,⭐GG|AMJAD☔☄,0xff4ddba2,28000341,1252,104,OG Mute
104,#92RV0UU2C,dollarview,0xff1ba5f5,28000170,1252,105,cider slurpers
105,#9PR980V2L,joni👅スランチャー,0xffcb5aff,28000346,1252,106,NA|Legends❤️‍🩹
106,#9LVVYV9QC,SL|Ɍαγιτα™❦,0xfff9c908,28000097,1252,107,TABULA RASA
107,#90Q09Q8RR,『ツ ☂︎Maxibs🐣,0xfff9c908,28000199,1252,108,🧀MUSSARELOS 2✨
108,#PJYUUCCPC,でぃあぴの‪ღ,0xffcb5aff,28000210,1252,109,Excellent🏆
109,#8CLGYQQL0,VITÃØ,0xffffffff,28000018,1252,110,THE MONKEYS
110,#L28GPRVC,jase,0xff4ddba2,28000302,1252,111,<c8>Mystic</c>
111,#999YGVQ,GianFranco:D,0xff1ba5f5,28000010,1252,112,TB|Team Bull
112,#8UCU9Q9L9,わたしShonenn🎈,0xffffffff,28000349,1252,113,Cactus Esport
113,#2Q0VRYR90,DyDyy🥺,0xff1ba5f5,28000018,1252,114,艾~ℰ𝓈𝓅ℴ𝓇𝓉
114,#PY0LLYRR8,Brawler,0xffcb5aff,28000156,1252,115,OS MAFIOSOS :)
115,#YRLGY2CJY,🐶Twixy🐶,0xffcb5aff,28000293,1252,116,Nona Boys
116,#PQJVG9LG2,REX Kai💫🥀,0xff1ba5f5,28000110,1252,117,REX💫
117,#89Y9RG89,GALAXY,0xff1ba5f5,28000322,1252,118,BootyGang
118,#URYL2JU2,ᶜᵗ|♡︎20/04♡︎シ︎,0xffa8e132,28000179,1252,119,Nҽɯ Sƚαɠҽ🎖️
119,#8R99PJ890,xSkylasz•,0xffff9727,28000321,1252,120,Vitality
120,#2LUJ0R8PV,NOOB,0xfff05637,28000346,1252,121,BlackLight
121,#9LY0YG9QP,を|Sed🍀,0xffa8e132,28000197,1251,122,DragonArmy
122,#290LJC89U,L1S|Unique❦,0xffa2e3fe,28000035,1251,123,Night Stars
123,#Q9YC0J0G9,Rusya🤍Bloodyハニ,0xfff9c908,28000004,1251,124,KingdomRush
124,#28YJ0880V,AQM_BTATA_200,0xffa2e3fe,28000203,1251,125,Ghost eSports
125,#PJ9JCYLCQ,猿|Epic🐒,0xff1ba5f5,28000069,1251,126,Ex0tic-E-Sport
126,#89CGJQ08G,Lônély🖤ClârX,0xffcb5aff,28000003,1251,127,LA Global
127,#289QGVYRQ,TyM|Ârda🦁,0xffff9727,28000014,1251,128,TyM`eSports
128,#PY9982U8P,➪Nil⁰² 🍓,0xfff9775d,28000200,1251,129,TT: niiil_06
129,#29Q2PVGP9,❦𝓥𝓲𝓽𝓸𝓽 ❦,0xff1ba5f5,28000286,1251,130,★the Players★
130,#2YV98LLCY,"Arc,L🌒",0xfff9c908,28000266,1251,131,★the Players★
131,#RY0GVQ2U,Daisy❦ⁿᵃᵐᵉ,0xff1ba5f5,28000347,1251,132,Illusion Gaming
132,#GV00QCYL,ɆⱠĐł₦™×͜×,0xfff9c908,28000019,1251,133,🧀MUSSARELOS✨
133,#C2CULQP0,❤️‍🔥Mazoex♛,0xff1ba5f5,28000314,1251,134,VV eSport
134,#G0LYU9JY,YNS|CAmPErr🌃,0xffa8e132,28000262,1251,135,<c0>PWNZ</c>
135,#YQ9809VV,Gsn24,0xffcb5aff,28000286,1251,136,AE Cosmic
136,#QUPU8GPUY,t1rehs🦖,0xffa8e132,28000136,1251,137,Dysphoria
137,#28GR908QJ,P4S|MasTeR,0xffff9727,28000014,1251,138,P4SSANGERS
138,#8LLJ92VQ,あ| 𝓐𝓱𝓶𝓮𝓓🥀,0xff1ba5f5,28000349,1251,139,OG Mute
139,#899UUYCRP,★ֆaͥภdͣyͫ🃏,0xffa2e3fe,28000112,1251,140,
140,#2JRPYGU0L,₮Ɽ₩|Kaan❤️🔥,0xfff9c908,28000261,1251,141,₮Ɽ₩`eSports
141,#J298JJ9Y,𝕮𝖆𝖎𝖕𝖎𝖗𝖆✞,0xff4ddba2,28000139,1251,142,🧀MUSSARELOS 2✨
142,#9UG08PQUY,xSkywalker🦋ま,0xff1ba5f5,28000135,1251,143,Quant ESports🐾
143,#Q2JVVRJVJ,tengo novia🥰,0xffffffff,28000075,1251,144,
144,#P9G0LC0YR,进步|StRaNGE🐥,0xffa2e3fe,28000299,1251,145,Night Stars
145,#9J20Q092L,TxC|CraZy,0xff4ddba2,28000140,1251,146,Turkish Shadow
146,#2082JRYUV,GooD•G,0xffcb5aff,28000033,1251,147,<c5>Just Us</c>
147,#PRPGQ8UGC,❥Angel¨̮♡,0xffcb5aff,28000302,1251,148,𝓘𝐥𝐨𝐧ଈ𝓜𝐚𝐧
148,#RPU90PVJ,Inveja,0xfff9c908,28000129,1251,149,🧀MUSSARELOS✨
149,#YR2RY9Y2L,あ | 𝓐𝓻𝔀𝓪🥀,0xffcb5aff,28000224,1251,150,weird gamers
150,#92CPJ0GJP,kanayn.tm,0xffffce89,28000333,1251,151,龙?<c5>zeNts</c>
151,#9QV8V0L2C,あ|7izzi🍁,0xffcb5aff,28000200,1251,152,🧀MUSSARELOS 2✨
152,#Y88QYRPRC,₮₱ ¥¥₳₦ ₲₳ɃɌƗɆⱠ,0xfff05637,28000334,1251,153,Kings United II
153,#P2PCLQGLR,Clown💞Quantic,0xffffffff,28000139,1251,154,ᴅᴀɪʟʏ
154,#9LGYG2PLY,🖤爱sͥa̷↳tͣyͫ〆🐣,0xffffffff,28000167,1251,155,<c5>❤Quitt❤</c>
155,#Y9CJCQ0YJ,愛~TitoZ♕,0xffcb5aff,28000001,1251,156,HeadShoterZ💣
156,#9UPUJV8Y,ᴛᴀɴᴋʏ|WiSH🦑,0xffff8afb,28000225,1251,157,Unity
157,#822G8L8L2,🦋Zαβυzα🌪,0xffff8afb,28000340,1251,158,TM|Esport🍁
158,#9R9899GJ2,差|Stàr💘,0xfff9c908,28000018,1251,159,
159,#2LJ9QCCL,tedd💞💞,0xffffffff,28000112,1251,160,
160,#LP8QV80Q,CM|Fly🖤,0xffcb5aff,28000137,1251,161,Showdown💔Kings
161,#JV2L02VV,SíJaauaq,0xffff8afb,28000303,1251,162,
162,#8UYJPU090,衣 | 🧞𝔉𝒍𝐩𝒛ツ,0xffff9727,28000259,1251,163,Easy Ltda II
163,#2GGCPG2CJ,ѕĸ • нαℓℓʑ⤲,0xffffffff,28000352,1251,164,OverPowers
164,#2RJLYQQ8C,紜💛,0xffa2e3fe,28000062,1251,165,🌴<c5>|HM</c>
165,#PYPQUG80,Zava💞Sunfote,0xffff9727,28000195,1251,166,Showdown💔Kings
166,#89VL8Y90G,BG|Mozart🖤🔥,0xff1ba5f5,28000233,1250,167,LA Global
167,#PQ28JP0P,亲Jσтα,0xffff9727,28000175,1250,168,7 Dwarves
168,#889VRC0QJ,🦅|Matheo>.<,0xffffffff,28000197,1250,169,
169,#8VQ08LVLU,❤️🌑SHIVAM🌕💛,0xffa8e132,28000003,1250,170,DEMONS PARADISE
170,#99JQ9PQP,Artem4ic🤍W,0xff4ddba2,28000018,1250,171,
171,#LRLQPU09,Quantic 🌵,0xffa8e132,28000284,1250,172,LA Global
172,#LQ8Y2PQC,MMs🌙Nemuo,0xfff9775d,28000221,1250,173,コーナーで差をつけろ！
173,#98QJC2YPU,LUCİ😈,0xffcb5aff,28000194,1250,174,Tribe Turkey
174,#89Q2U0G2,kBye,0xff1ba5f5,28000056,1250,175,Beyond Reality
175,#RRQQJPG2,Rabbithop,0xff1ba5f5,28000349,1250,176,we love rabbits
176,#PC0PL9RC9,K.S.A,0xffff8afb,28000130,1250,177,OG Mute
177,#8PJRRG2C,SK|GuilleVGX,0xffa8e132,28000099,1250,178,CONEXIÓN
178,#8GG9PJYG,IK | Spin💤,0xffffce89,28000056,1250,179,anomaly
179,#QRUQQLV0,Code: Nukleo,0xffa8e132,28000186,1250,180,LA Instinct
180,#YGQYGCR,Portox😡,0xff1ba5f5,28000191,1250,181,Blue Label
181,#2YJLJGJVR,「ℳ𝒾𝑔𝒽𝓉𝓎」|戈,0xff1ba5f5,28000322,1250,182,Spike lovers 💚
182,#9GJ9CUQYY,AO|SLAYER❤️🔥,0xffff9727,28000090,1250,183,Night Stars
183,#GRLUYG0R,NiceShøt 🌓,0xffcb5aff,28000347,1250,184,Ex0tic-E-Sport
184,#928LLRLYU,Frani🍒,0xff4ddba2,28000352,1250,185,KING IMPERIAL
185,#2UY8PYU08,korean,0xffcb5aff,28000109,1250,186,NBE
186,#LRCVGUQ2,tílted Pana🤍,0xffffffff,28000112,1250,187,<c5>Night🌙</c>
187,#8V9R08RJ8,🖤𝔍𝔬𝔨𝔢𝔯ツ,0xffcb5aff,28000262,1250,188,HeadShoterZ💣
188,#80RQYRPP,Fortizz,0xffffffff,28000018,1249,189,Beyond Champs
189,#8VP882CR2,♡Mr_ido♡,0xffcb5aff,28000041,1249,190,Tribe Turkey
190,#8LYVR2P2R,𝚂συᴢα🖤ネケマア,0xffffffff,28000279,1249,191,
191,#2UQJLLQRG,🥀ꜱᴏʟᴀᴅᴀᴿᴱᴵᴅᴏ🍞,0xffffffff,28000118,1249,192,<c7>New</c>Icon
192,#PU9VGP0R9,Thunder⚡️,0xfff9c908,28000262,1249,193,frozen brawlers
193,#R9G9YJYJ,園Ecsed🍃,0xffffffff,28000323,1249,194,DulcedeLeche
194,#2RQRYR2G2,愛|Kristofer🕊️,0xffffffff,28000348,1249,195,7 Dwarves
195,#2P02V0G9R,Caron😈,0xffff8afb,28000014,1249,196,Beyond Washed
196,#JJ282RL,⚠⚡ZEUS⚡⚠,0xffff8afb,28000291,1249,197,★₮ĦɆ ₱Ⱡ₳¥ɆɌ$2 ★
197,#2RUY28L20,ゼ ReyLzKaa 🖤,0xffffffff,28000085,1249,198,Coming 🔜 50K🤠
198,#LQ9UYRG2,VNeS | Leaa,0xffcb5aff,28000111,1249,199,vMoove PiliPili
199,#82VQ9LQYL,ZY|Kai,0xffffffff,28000323,1249,200,𝐂𝐡𝐞𝐞𝐫 𝐮𝐩
