,tag,name,nameColor,icon,trophies,rank,club
0,#G8P8J90J2,MeTa | duo♡van,0xffffffff,28000298,1499,1,оупи челики
1,#2RPVPYGPY,JuiceTheKidd🏴,0xffffffff,28000191,1399,2,Dictatorship
2,#VLQPVPY,Naz❤️Hyra,0xffff8afb,28000303,1302,3,Fenernazçe 💙💛
3,#VL0GPPJV,Physic Gear 5,0xfff9c908,28000014,1301,4,Eclipse 🌖
4,#2PGGR8Y9P,Asuna Yuuki,0xff1ba5f5,28000201,1274,5,Follow?
5,#8GV2CP2J8,☔ZORLU☔,0xffcb5aff,28000003,1254,6,<c0>ＬＯＮＥＬＹ★</c>
6,#2CRRRRYJR,моё,0xfff9c908,28000213,1252,7,✌️✌️✌️
7,#8PJRRG2C,SK|GuilleVGX,0xffa8e132,28000099,1251,8,CONEXIÓN
8,#YGQYGCR,Portox😡,0xff1ba5f5,28000191,1251,9,Blue Label
9,#PYPQUG80,Zava💞Sunfote,0xffff9727,28000195,1251,10,Showdown💔Kings
10,#P9UVCQ2U2,Amazing,0xffff8afb,28000337,1251,11,help ranks
11,#P9YPY9U8J,MeTa | duo♡van,0xff4ddba2,28000262,1251,12,TyM`eSports
12,#JQVQYVY,Code: VTzim 🌑,0xffff8afb,28000339,1251,13,Eclipse 🌖
13,#QR2GC8V,BKB|❄IC£CRØW❄,0xfff9c908,28000348,1251,14,Tribe Turkey
14,#GCVPVRQY,MyS|Goman,0xff4ddba2,28000137,1250,15,Tribe Turkey
15,#9L09YYQ8L,⛩️Panda G.m⛩️,0xffcb5aff,28000330,1250,16,HolyGuns
16,#G9C9VJ2GL,Vá♡neèk🪐,0xffff8afb,28000303,1249,17,<c0>PWNZ</c>
17,#9UY0V22GG,MyS|Wintrader🤡,0xff4ddba2,28000067,1249,18,Showdown💔Kings
18,#2CUYQ8RQC,🥷🏿,0xffffffff,28000272,1249,19,
19,#QGLCPJ2J,Ansel,0xff1ba5f5,28000014,1249,20,CHEESEFOREVAR
20,#2P0CUQ9Q0,rojdar❥,0xffffffff,28000000,1249,21,Showdown💘
21,#9QVG9QQC,Solo❦Maga,0xff1ba5f5,28000175,1249,22,<c0>★DARK★</c>
22,#22U90C8J,Tevi11,0xffcb5aff,28000036,1249,23,Havoc Echo
23,#PLUGLRG28,4SV_MaSTeP,0xffffffff,28000233,1228,24,Quant ESports🐾
24,#8PQYUJ29G,𝚏𝚒𝚗𝚎𝚜𝚝❦︎,0xfff9c908,28000132,1225,25,Хижина Снайпов
25,#JV2L02VV,SíJaauaq,0xffff8afb,28000303,1204,26,
26,#2UYJV98J2,all 1500🏆,0xffffffff,28000000,1203,27,
27,#VYGVV08Q,🍅domates,0xffffffff,28000261,1200,28,
28,#QRUQQLV0,Code: Nukleo,0xffa8e132,28000186,1200,29,LA Instinct
29,#29L028GQL,Djahsta,0xffff9727,28000306,1199,30,BC*|Family*
30,#ULCPJJ8,Kat 🍄,0xffcb5aff,28000003,1199,31,Real Ones
31,#8LQ9JR82,Code: Eqwaak,0xfff9c908,28000004,1199,32,A Few Good Men
32,#QPV0R9QUR,Storm ⚘,0xffcb5aff,28000014,1199,33,Novacane🤍
33,#9P8G82UGV,Fern£,0xffffffff,28000130,1199,34,Bandopolis
34,#J08LR9R,Cheese🩵anime,0xffa2e3fe,28000278,1199,35,Himalaya
35,#YRURQRPUR,Skibidi Chipz,0xff1ba5f5,28000018,1195,36,Talents
36,#9GJLVLYYU,Sad💔HOBi,0xfff05637,28000332,1189,37,destroyers🦇
37,#88RGGCVQJ,My heart in AUS,0xff4ddba2,28000092,1157,38,ハナクソタケシ
38,#8QPQUJUPU,Sacrifício,0xfff05637,28000014,1149,39,[™BLIND™]
39,#2GJQ99LRL,agusise :p,0xffcb5aff,28000222,1149,40,No Mercy
40,#92VJ8VQUP,🔥an_hayp🔥,0xfff05637,28000047,1146,41,
41,#2UGV0ULQC,MONSTER,0xfff9c908,28000187,1146,42,Жосткие профи
42,#YG080VLQL,ゼルドリス「凶星雲」,0xffffffff,28000322,1142,43,プロメガピッカーズ
43,#8LC808G,Tuyu,0xff1ba5f5,28000349,1136,44,@Tuyu_Official
44,#QUYCVC2,STMN | sans,0xffa8e132,28000136,1135,45,STMN Esports
45,#PQL2G2LL9,Yakup❤️🔥,0xfff05637,28000261,1122,46,YT:Bilek Gücü
46,#PR9U2JL,Juan Carlos,0xffffffff,28000119,1120,47,Humble Grinders
47,#8GUPLYY,FG | Jene,0xffff8afb,28000135,1120,48,clover
48,#YPP02G9L,Mxrf 🐝,0xff1ba5f5,28000291,1118,49,Beyond Washed
49,#8R99PJ890,xSkylasz•,0xffff9727,28000321,1116,50,Vitality
50,#9Y2JQRVUU,Gocha❤むぎったん,0xffffffff,28000000,1113,51,Good bye
51,#20V0UPCV8,the punisher,0xff1ba5f5,28000352,1111,52,Gg|My Clan🥀🖤
52,#8URCLRY8,球隊|RoUND🌠,0xfff9c908,28000061,1110,53,My social media
53,#PLQ0QRVQL,FMG | Flashᴷⁱⁿᴳ,0xffffffff,28000139,1110,54,ZETA|DIVISION'S
54,#9VU9R2LY,Terry!,0xffffffff,28000081,1108,55,✌️✌️✌️
55,#22U8CPP8Q,ŁŞƬ|Apurⅴ☘️,0xff1ba5f5,28000230,1108,56,ŁŞƬ☘️
56,#2JL900R0P,BL|ShadowSlayer,0xffa2e3fe,28000191,1107,57,Bloodline
57,#R2R2JV9C,S4W|Aste❤️‍🔥,0xffff8afb,28000214,1107,58,Spain4Win
58,#GRCYVRJG,Edgar🤍æ,0xffff9727,28000176,1107,59,7 Dwarves
59,#989L0928Q,L1S|Sufiyan❦,0xff1ba5f5,28000033,1105,60,IMMORTAL SOULS
60,#PGLL8Y0RV,あ| playpower 🐉,0xffcb5aff,28000018,1105,61,La Piraterie🏴‍
61,#20QUGCVQ9,Mirrox 🐺,0xffffffff,28000345,1104,62,HolyPower
62,#8UYQRLQQV,Cwowお,0xffa8e132,28000331,1104,63,InTeamRasur
63,#PLJR9VLR8,Arnast,0xffff8afb,28000164,1104,64,
64,#CG0YQP2C,Bavioツんﾌﾒ,0xffffffff,28000014,1104,65,Arab Empire
65,#28CVQGURJ,kxrtofvl,0xffffffff,28000061,1104,66,UNDERDOG 🇵🇱
66,#PYGR8CPJ2,〆ϻɪs͢τɪӄ🩸,0xfff9c908,28000018,1104,67,Spain4Win
67,#82VQRCPCU,⌁Maяcø🐧,0xffcb5aff,28000191,1104,68,CONEXIÓN
68,#PQPR2GQGJ,MatCha✈️,0xffcb5aff,28000014,1104,69,HK瘋
69,#2YCR9RLCJ,Tris🍃,0xffcb5aff,28000095,1104,70,
70,#UVVULJUQ,AG |Luis Miguel,0xfff05637,28000290,1104,71,LitheX🐢
71,#89JJV992Y,ZL|caldera,0xfff9775d,28000040,1103,72,めろんぱん食堂
72,#82GPP9LQ,BC*| Tobi🍉,0xff1ba5f5,28000303,1103,73,BC*|Family*
73,#9P2CUYJ8P,Scared,0xff4ddba2,28000167,1103,74,
74,#9P98UCUV,Eydan,0xffff8afb,28000247,1103,75,Beyond Champs
75,#VGQ0P2VU,Carry by Georg,0xffffffff,28000123,1103,76,A Few Good Men
76,#Y29V28JYJ,ナイフを持った天使,0xfff9c908,28000014,1102,77,Brawl King's
77,#2LY99YGP8,HJK┃エネ↯,0xffcb5aff,28000338,1102,78,<c2>エホヤキム</c>
78,#9UG08PQUY,xSkywalker🦋ま,0xff1ba5f5,28000135,1102,79,Quant ESports🐾
79,#80LLGL0C,Chief,0xffffffff,28000336,1102,80,Havoc Echo
80,#JGUYRYQ,Nathan🩵,0xffff8afb,28000041,1102,81,NA Friends
81,#9YUJP2QGP,FC | Reverse🌑,0xffff9727,28000341,1102,82,Fora da Curva®
82,#P90L2090,مصطفى🧙‍♂️,0xfff05637,28000003,1102,83,m' mstafa |🛑
83,#CGQCYJGY,TTV | SnakeThug,0xfff9c908,28000341,1101,84,Deadly Vipers🐍
84,#8L9YU9CCY,Brain Jiggler,0xfff9c908,28000164,1101,85,FRANK
85,#QR90UY9L,Lipe❤️Pandora,0xffff9727,28000203,1101,86,Revenge Gaming
86,#298JUYR29,Chase-Itz,0xffcb5aff,28000156,1100,87,Beyond Kratos
87,#20CJVQQYU,[₮₱] ₱ɆⱠ₳Ɖ₳Ø,0xffcb5aff,28000291,1100,88,★the Players★
88,#8QY2Y80CG,godikk❤️‍🔥,0xffcb5aff,28000014,1100,89,Ex0tic-E-Sport
89,#82PQUPGU0,Ryohei🐬,0xff1ba5f5,28000240,1100,90,数え役満🀄️
90,#2PC29VJP0,feyen✞,0xffffffff,28000000,1100,91,Real Ones
91,#82JYRV9RQ,BABADOOK,0xffcb5aff,28000112,1100,92,Импрессив
92,#8LQQCCPRG,MyS|Efim👾,0xffa8e132,28000101,1100,93,Quant ESports🐾
93,#9G0CJPJPY,Taha♛,0xffcb5aff,28000170,1100,94,GOOD BYE TAHA
94,#PP8URGQL8,J. Álvarez ⁹🕷️,0xff1ba5f5,28000139,1100,95,Emi's bar 🍻
95,#V2Q080UU,Valembeau💜,0xffcb5aff,28000035,1100,96,A Few Clown Men
96,#VUC2U2QC,Warn1nk;(,0xff1ba5f5,28000196,1100,97,Real Ones
97,#PC0PL9RC9,K.S.A,0xffff8afb,28000130,1100,98,OG Mute
98,#PC9LPPYV,Nico❤️Heys,0xff1ba5f5,28000196,1100,99,No Mercy
99,#9GJPJUQGJ,Xorox❤️‍🩹Byrox,0xffcb5aff,28000273,1100,100,Tribe Turkey
100,#98J2CR999,bu♧じい♧do,0xffffffff,28000036,1099,101,ジィ
101,#20JYLU8JU,でんじゃらすトミーさん邪！♨️,0xffff8afb,28000320,1099,102,オーシャンズビュー
102,#GG8RL2CP,Kevin❤️‍🔥,0xffffffff,28000135,1099,103,……
103,#V92PGJPL,Nova I br@wler,0xffa2e3fe,28000095,1099,104,Easy Ltda
104,#2RG0LV02,STMN | Scofield,0xff4ddba2,28000136,1099,105,vMoove
105,#808YCJQ0,Shafin,0xffffce89,28000339,1099,106,Mini Me’s
106,#CJV2PJ0R,SK | Yoshi,0xffcb5aff,28000135,1099,107,Yoshi Fans
107,#2L80JP00L,Hillen,0xffff8afb,28000335,1099,108,Ex0tic-E-Sport
108,#8CJJCUY,Awa De Piña ツ,0xffa2e3fe,28000046,1099,109,WOLFMX
109,#CUUCQRQ9,A-B-N-SYRIA,0xff1ba5f5,28000168,1099,110,BC*|Family*
110,#9Q8LP2Y09,Lag,0xff1ba5f5,28000044,1099,111,Dredd
111,#GL0JYQ8LU,Disabled♿️,0xffcb5aff,28000191,1099,112,Watch This
112,#CG8R0JJC,⛩️ivͥaͣnͫ 🎋,0xffcb5aff,28000330,1098,113,Blue Star 💙
113,#22098QGJV,ᵏᶤᶰᵍϟαɳƭσɳʏ❦,0xffcb5aff,28000191,1095,114,México Top♡
114,#P99QGPLU2,Davex,0xffffce89,28000129,1092,115,Brawl King's
115,#UQ2V0RVU,あ|Apple Max 🍏,0xfff9c908,28000020,1087,116,★₮ĦɆ ₱Ⱡ₳¥ɆɌ$2 ★
116,#20CQLYP2C,TBEjason,0xffff8afb,28000336,1085,117,Brawl King's
117,#20Y00GQCC,Mys|Artem❤Ars,0xfff9c908,28000170,1085,118,LA Global
118,#VPGGUU9U,|🌬ŦƤ⋆SsnıɔıuıΛ,0xff1ba5f5,28000243,1084,119,★the Players★
119,#92RGV88,𝑰𝒏𝒊𝒎𝒆𝒏☃,0xffcb5aff,28000036,1084,120,めろんぱん食堂
120,#90RQYP98U,♡•bestie•♡🧸,0xffa2e3fe,28000221,1082,121,7 Dwarves
121,#2GP8GJUQ2,TNT|Silver 🍂,0xff1ba5f5,28000129,1074,122,Arab Empire
122,#Q2L9P0JRC,Hyuse,0xffffffff,28000000,1073,123,
123,#8C2C9JLU2,cutenunou:(,0xffff9727,28000196,1072,124,
124,#2R0CJQ88,🇰🇷 꽃가족_보스🇰🇷,0xffff9727,28000020,1071,125,꽃가족💓#2
125,#RLCJUCUU,Brook 🩻,0xffff8afb,28000023,1071,126,
126,#L9YVGLJRL,ム無　むすこくん,0xffffffff,28000036,1067,127,A&N&D
127,#9Q0GCC2PP,.-.,0xfff9c908,28000281,1059,128,
128,#2VCR08Q92,シ︎𝕊𝕖𝕣𝕣𝕒⌫☯︎,0xffff8afb,28000291,1058,129,IG|Guiserrabs
129,#220PGLU02,家|𝑴𝒆𝒎𝒆𝒏ϟ,0xffa8e132,28000163,1058,130,You and me 💜
130,#20CU0GV0V,vamp lord,0xffff8afb,28000159,1058,131,JAI SHREE RAM
131,#CPPV2PQG,MeliodasBot🐐,0xffa8e132,28000006,1057,132,No Mercy
132,#UG8U2PVP,Meeeccc🖤,0xffffffff,28000029,1057,133,AFGMela
133,#CLCPQ2R,Agûstin ᴹᴰᴮ,0xffffffff,28000349,1057,134,Elite Saiyan🔱
134,#80G89U99R,Chibro,0xffcb5aff,28000018,1057,135,ETERNAL FLAME
135,#88P0JUQQY,STAR_FRANK,0xfff9c908,28000020,1056,136,⭐STAR⭐
136,#90PUR2RL0,dark chris,0xffcb5aff,28000187,1056,137,Staffadores
137,#LCCU9J2C,﷽ʆοʀɢɛ⅂Ο⅂❦ֆօʟօ,0xffcb5aff,28000014,1054,138,Showdown💔Kings
138,#YLV8CL0R,Astaaaa❤️‍🔥😈,0xff4ddba2,28000347,1054,139,Tribe Turkey
139,#8JCJV9QPL,KissaKatze ☯︎,0xffff9727,28000279,1054,140,Exalted Heroes
140,#URVJVRRQ,愛野美奈子💛✨,0xffff8afb,28000018,1053,141,してたんぽ
141,#29JJCQULC,BC* |Crusher🍉,0xfff05637,28000175,1053,142,The rise
142,#YV8U29VLY,Oh My Bibi🥵,0xffcb5aff,28000129,1053,143,❤️‍🩹
143,#PJCQJQPGC,SP|지니❤️,0xffcb5aff,28000335,1052,144,BOOMBOOM
144,#92QU9URJP,☠☣toxico☣☠,0xff1ba5f5,28000138,1052,145,BloodApeNation
145,#2VC9V8JY,DC |Knox,0xffffffff,28000280,1052,146,Distant Legends
146,#90LPVYVUP,Yusuf♛,0xffffffff,28000112,1052,147,SALDİM
147,#L99892JJ,要|мeɢα♕❤️‍🔥,0xfff05637,28000349,1051,148,BC*|Family*
148,#20P2GP99,Ducky🐝,0xffa8e132,28000136,1051,149,NA Friends
149,#9UR229PUY,Batuú❤️‍🔥,0xff1ba5f5,28000129,1051,150,SLM NBR CNM?
150,#289YVRL0Y,ж Mєℓєє ж,0xff1ba5f5,28000004,1050,151,B T H Alfa
151,#2ULUP8VG9,ぜ|КеКzzz🌖,0xffff9727,28000003,1050,152,ᴅᴀɪʟʏ
152,#L0V0GVUVR,Invincible,0xffcb5aff,28000191,1049,153,i will be back
153,#2G8YV2V,FrB|Adrien⚜,0xff4ddba2,28000140,1049,154,Ex0tic-E-Sport
154,#GCP9CGRV,TheMystic,0xffff8afb,28000024,1049,155,Beyond Forest
155,#99RCQCG8V,WE Cypek,0xffff8afb,28000293,1049,156,Poland Esports
156,#2P2VY2U99,Chen,0xffa8e132,28000135,1049,157,In My Mind
157,#VGPLRCVQ,VNeS | Buzko,0xffff8afb,28000346,1049,158,Talents
158,#2PGRYULC0,◆Janđrø■,0xff1ba5f5,28000259,1049,159,No Mercy
159,#2YGU9VVRV,CR|Jalilツ,0xfff9c908,28000221,1049,160,
160,#9909QQGLY,KailuRex80,0xffa8e132,28000211,1049,161,OverComingUNV😈
161,#9LLGG8C90,LA|Enuś,0xffa2e3fe,28000150,1049,162,Gold Team B
162,#C89LLQL2,小秦,0xffa8e132,28000339,1049,163,
163,#LUP0QRC8,L1S|D4NTE❦,0xffff9727,28000129,1047,164,Mini Me’s
164,#8JV08U8GR,NightMare❤️‍🔥,0xffcb5aff,28000280,1046,165,NHY E-SporTS
165,#8JGPPVY8G,L1S|ITACHI❦,0xfff9c908,28000132,1046,166,Katze 🐱🐈
166,#2QCVLV2Q,Psychopant💧,0xffff8afb,28000334,1045,167,7 Dwarves
167,#C2CULQP0,❤️‍🔥Mazoex♛,0xff1ba5f5,28000314,1042,168,VV eSport
168,#GVJ82JR8,Kazumi,0xffcb5aff,28000291,1042,169,Ex0tic-E-Sport
169,#2P088J29C,Matt,0xffff8afb,28000333,1041,170,<c5>Just Us</c>
170,#28QCGCU28,🦀,0xfff9c908,28000242,1041,171,McDonald's
171,#9VP2R0P9,ToxicZan,0xff1ba5f5,28000352,1038,172,Real Ones
172,#CUJQRCQJ,PineappleZ,0xfff9c908,28000230,1038,173,<c5>Just Us</c>
173,#RC09Y2P2,buenardo bro,0xffffffff,28000191,1037,174,Family Stars
174,#920PC9CVC,AlOnE_DaRk,0xffff9727,28000348,1034,175,NHY E-SporTS
175,#2UGYQURUG,HeGs:)🇹🇷❤️‍🔥,0xffcb5aff,28000018,1033,176,NHY E-SporTS
176,#9CG8LJU8,『ᴵ ᵃᵐⱧ₳₥Ⱬ₳🎭🥀』,0xffcb5aff,28000293,1033,177,Tribe Turkey
177,#YUYYLVJ,Perry💜Lukie,0xfff9c908,28000213,1032,178,NA Friends
178,#20L88L2J,FUT | LeNain,0xffff8afb,28000321,1032,179,A Few Good Men
179,#2L0G9RVQ9,CODE : YOUYOU,0xfff9c908,28000186,1032,180,Radiance
180,#JPJ2Q09L,MyS|JeTeNebel✈️,0xffffffff,28000208,1031,181,Brawl Birds🐤⚔️
181,#GU898VQ,Levi,0xffcb5aff,28000014,1030,182,Brawl King's
182,#89JUJUVYL,𝓓𝓸𝓻𝓪👻🐉,0xfff9c908,28000020,1029,183,❅︎Merryの家𓍄𓂃𓈒
183,#22PJGVJYJ,히치Luxito🥀,0xffffffff,28000321,1028,184,No Mercy
184,#9YPPRGGC0,かりんちゃん,0xffffffff,28000036,1027,185,A&N&D
185,#Q9GPRG8P8,いにばーにんぐっ🔥,0xffffffff,28000134,1027,186,rainy︎ ︎☂︎
186,#Q22UJ0J,Nitish,0xff4ddba2,28000112,1027,187,AR|FØRÇEᵏⁱˡˡ
187,#9YCVC8RQL,Hahn🧸❤️‍🔥,0xffffce89,28000272,1026,188,Dog Walkers
188,#2Y2JRQJYV,MadmaN,0xfff05637,28000064,1026,189,Sanay loh
189,#2JJGQPYLG,joaxis.<3,0xffffffff,28000095,1026,190,Elite Saiyan🔱
190,#28YCQ9809,why so clown?🤡,0xffffffff,28000330,1025,191,Tribe Turkey
191,#29UGLJV2G,Lёvi,0xfff9c908,28000244,1025,192,✌️✌️✌️
192,#2008RLPYC,ChrisG,0xff1ba5f5,28000081,1025,193,Hadel•Va•
193,#YLVUYG9J,★𝔇ㄚ𝒪☘︎,0xffcb5aff,28000135,1025,194,ØS|Esport🥀
194,#8R0QQPR99,♛︎해왕 포세이돈|바라🥀,0xffff8afb,28000108,1024,195,🔥Blaze Soul🔥
195,#8Q2YJVCRP,Mk~K¡ll∆r¿,0xfff9c908,28000282,1024,196,The Insects
196,#90V9VYJ8C,しょうけい,0xfff05637,28000242,1024,197,なかよし部
197,#PJGGV2Q80,LG | charlz,0xffff8afb,28000244,1023,198,Dog Walkers
198,#JQCV9PCV,ЯvG★Complex,0xffffffff,28000135,1023,199,Revenge Gaming
199,#2PLVJ0GLV,Sniper🐙,0xffff9727,28000244,1022,200,Brawl Kings
