,tag,name,nameColor,icon,trophies,rank,club
0,#VL0GPPJV,Physic Gear 5,0xfff9c908,28000014,1499,1,Eclipse 🌖
1,#VLQPVPY,Naz❤️Hyra,0xffff8afb,28000303,1402,2,Fenernazçe 💙💛
2,#JQVQYVY,Code: VTzim 🌑,0xffff8afb,28000339,1380,3,Eclipse 🌖
3,#2PGGR8Y9P,Asuna Yuuki,0xff1ba5f5,28000201,1300,4,Follow?
4,#VYGVV08Q,🍅domates,0xffffffff,28000261,1300,5,
5,#PLUJG0Y0R,愛dizocserib🤍e•,0xffff8afb,28000204,1254,6,Revaible 💗
6,#P9UVCQ2U2,Amazing,0xffff8afb,28000337,1253,7,help ranks
7,#8GV2CP2J8,☔ZORLU☔,0xffcb5aff,28000003,1253,8,<c0>ＬＯＮＥＬＹ★</c>
8,#Y0GLYCYVY,Maho❤️🔥,0xff1ba5f5,28000129,1253,9,<c0>ＬＯＮＥＬＹ★</c>
9,#9G0CJPJPY,Taha♛,0xffcb5aff,28000170,1252,10,GOOD BYE TAHA
10,#Y02L2GGC,Weeeeisit🍒,0xffff8afb,28000073,1252,11,Showdown💔Kings
11,#8R99PJ890,xSkylasz•,0xffff9727,28000321,1252,12,Vitality
12,#9L9P2PLY0,佐切「静かに、、激しく、、」,0xffffffff,28000303,1251,13,🌺🥀🌸🌼🌷
13,#8PJRRG2C,SK|GuilleVGX,0xffa8e132,28000099,1251,14,CONEXIÓN
14,#8Q2JCGP00,きゃんでぃ,0xff1ba5f5,28000014,1251,15,キングダム乱
15,#JV2L02VV,SíJaauaq,0xffff8afb,28000303,1251,16,
16,#8Y082R2GG,추카|RapZ ✶,0xffff9727,28000211,1250,17,Beyond Swift
17,#99JQ9PQP,Artem4ic🤍W,0xff4ddba2,28000018,1250,18,
18,#J8UR8002,SKC | Prozy,0xffa8e132,28000029,1250,19,Emi's bar 🍻
19,#2CUYQ8RQC,🥷🏿,0xffffffff,28000272,1250,20,
20,#92VJ8VQUP,🔥an_hayp🔥,0xfff05637,28000047,1250,21,
21,#PYPQUG80,Zava💞Sunfote,0xffff9727,28000195,1250,22,Showdown💔Kings
22,#9UG08PQUY,xSkywalker🦋ま,0xff1ba5f5,28000135,1249,23,Quant ESports🐾
23,#Y9R9JPVPU,Xelium A🩸,0xffffffff,28000029,1249,24,
24,#QRUQQLV0,Code: Nukleo,0xffa8e132,28000186,1215,25,LA Instinct
25,#YGQYGCR,Portox😡,0xff1ba5f5,28000191,1206,26,Blue Label
26,#VGLY2G88,はRyuji🍢,0xffffce89,28000247,1205,27,
27,#2YPC2LL02,RV|kakawo,0xfff9c908,28000300,1205,28,RV
28,#2P088J29C,Matt,0xffff8afb,28000333,1204,29,<c5>Just Us</c>
29,#PR9U2JL,Juan Carlos,0xffffffff,28000119,1202,30,Humble Grinders
30,#8GUPLYY,FG | Jene,0xffff8afb,28000135,1201,31,clover
31,#2J2PJ0UV,ikarosita,0xffa8e132,28000136,1200,32,Humble Grinders
32,#G99CYGL,𝒁𝒂𝒊𝒌𝒐❄️,0xff4ddba2,28000194,1200,33,ChillOG
33,#CGQCYJGY,TTV | SnakeThug,0xfff9c908,28000341,1200,34,Deadly Vipers🐍
34,#2CRRRRYJR,моё,0xfff9c908,28000213,1200,35,✌️✌️✌️
35,#88RGGCVQJ,My heart in AUS,0xff4ddba2,28000092,1199,36,ハナクソタケシ
36,#8YUVLQQLG,TEM | Gluttonyʕ,0xff1ba5f5,28000088,1199,37,おなかすいたよ🍖🍔🍟🍕
37,#9J2JLUR8G,Aspect 🃏,0xffffffff,28000304,1199,38,7 Dwarves
38,#YQ9JVYV,ToniMxf.💘,0xffcb5aff,28000272,1199,39,ChillOG
39,#29L028GQL,Djahsta,0xffff9727,28000306,1199,40,BC*|Family*
40,#QJ0PRJCU,retired getsent,0xff4ddba2,28000010,1199,41,Beyond Swift
41,#299PPJ22L,[MMA]nagibatori,0xffa2e3fe,28000235,1199,42,Showdown💔Kings
42,#JGCCGY80,prostislavv,0xffff9727,28000042,1199,43,BOBR gaming
43,#QJULVGU,QLS | Edinho,0xff1ba5f5,28000194,1199,44,Ghost Team👻☔
44,#8LQ9JR82,Code: Eqwaak,0xfff9c908,28000004,1199,45,A Few Good Men
45,#GJJQPYC9,Storm🪐,0xffcb5aff,28000345,1199,46,GAMEOVER
46,#82PQUPGU0,Ryohei🐬,0xff1ba5f5,28000240,1195,47,数え役満🀄️
47,#9GJLVLYYU,Sad💔HOBi,0xfff05637,28000332,1195,48,destroyers🦇
48,#P99QGPLU2,Davex,0xffffce89,28000129,1190,49,Brawl King's
49,#20CJVQQYU,[₮₱] ₱ɆⱠ₳Ɖ₳Ø,0xffcb5aff,28000291,1182,50,★the Players★
50,#GLUPGRVUP,Kotuk🐱,0xffff8afb,28000299,1177,51,Masterpiece❤‍🩹
51,#8URCLRY8,球隊|RoUND🌠,0xfff9c908,28000061,1172,52,My social media
52,#CPYUR8QR,KD|Buff♡,0xfff9c908,28000132,1171,53,Quant ESports🐾
53,#2LYQ99RQL,Ryu,0xff1ba5f5,28000150,1165,54,たつきすねげ
54,#PC9LPPYV,Nico❤️Heys,0xff1ba5f5,28000196,1163,55,No Mercy
55,#GVQUYG90,Shattered ⟡,0xffffffff,28000000,1158,56,7 Dwarves
56,#YRURQRPUR,Skibidi Chipz,0xff1ba5f5,28000018,1152,57,Talents
57,#90V9VYJ8C,しょうけい,0xfff05637,28000242,1151,58,なかよし部
58,#2UR2YPGCJ,♡Buenos_dias♡,0xffff8afb,28000021,1151,59,Quant ESports🐾
59,#8GGVRU992,💔ŜŦĄŁĶĚŖᵗᵗ💔,0xffa2e3fe,28000201,1149,60,
60,#QQ2R89P29,Wasted,0xffa2e3fe,28000158,1149,61,Schach
61,#99YL0PV9V,𝐍𝐓|𝐋𝐮𝐢𝐬𝐮,0xffffce89,28000349,1149,62,✌️✌️✌️
62,#QUYCVC2,STMN | sans,0xffa8e132,28000136,1148,63,STMN Esports
63,#J8YPGR,Twitch: Tobi,0xffcb5aff,28000000,1146,64,Brawl King's
64,#29UGLJV2G,Lёvi,0xfff9c908,28000244,1145,65,✌️✌️✌️
65,#2LY99YGP8,HJK┃エネ↯,0xffcb5aff,28000338,1140,66,<c2>エホヤキム</c>
66,#20CQLYP2C,TBEjason,0xffff8afb,28000336,1137,67,Brawl King's
67,#989L0928Q,L1S|Sufiyan❦,0xff1ba5f5,28000033,1136,68,IMMORTAL SOULS
68,#202QJ9V8,⚘Polar🌕,0xffffce89,28000175,1129,69,United Stars ✨
69,#89JJV992Y,ZL|caldera,0xfff9775d,28000040,1125,70,めろんぱん食堂
70,#2CY0CVU80,~Vi♡tal🪐,0xffffffff,28000297,1124,71,Импрессив
71,#220PGLU02,家|𝑴𝒆𝒎𝒆𝒏ϟ,0xffa8e132,28000163,1122,72,You and me 💜
72,#PLQ0QRVQL,FMG | Flashᴷⁱⁿᴳ,0xffffffff,28000139,1118,73,ZETA|DIVISION'S
73,#2QCVLV2Q,Psychopant💧,0xffff8afb,28000334,1118,74,7 Dwarves
74,#9V9GQJG8,hobbit,0xffa8e132,28000005,1115,75,
75,#QR2GC8V,BKB|❄IC£CRØW❄,0xfff9c908,28000348,1115,76,Tribe Turkey
76,#GRLUYG0R,NiceShøt 🌓,0xffcb5aff,28000347,1112,77,Ex0tic-E-Sport
77,#Q9L9PQG0R,Яainvoys:),0xff1ba5f5,28000322,1110,78,<c5>Angel🤍</c>
78,#2RQGVLRVG,₹GuilleX,0xffff8afb,28000036,1109,79,No Mercy
79,#2UYJV98J2,all 1500🏆,0xffffffff,28000000,1109,80,
80,#PGY9ULY,PollitoMan,0xffffffff,28000348,1107,81,7 Dwarves
81,#U2PRPLP,OU鸥,0xffffffff,28000341,1107,82,anyway🤷🏻‍♂️
82,#9VU9R2LY,Terry!,0xffffffff,28000081,1106,83,✌️✌️✌️
83,#YQUQUUG,Ferlol,0xff1ba5f5,28000294,1104,84,minuta:3
84,#9VP2R0P9,ToxicZan,0xff1ba5f5,28000352,1104,85,Real Ones
85,#8Y98Q8U,CR | Sitetampo,0xffff8afb,28000014,1104,86,A Few Good Men
86,#9L09YYQ8L,⛩️Panda G.m⛩️,0xffcb5aff,28000330,1104,87,HolyGuns
87,#8UYQRLQQV,Cwowお,0xffa8e132,28000331,1104,88,InTeamRasur
88,#9P2CUYJ8P,Scared,0xff4ddba2,28000167,1104,89,
89,#GRCYVRJG,Edgar🤍æ,0xffff9727,28000176,1104,90,7 Dwarves
90,#CJP08CU0,Uriel,0xffffffff,28000135,1104,91,Brawl King's
91,#2P2URUV8G,Foncho,0xffcb5aff,28000209,1104,92,Dragon Chileno
92,#PQ09LC889,sinaayy🤍kアナー,0xffff8afb,28000196,1104,93,luv sinayy.🤍🪽
93,#8LC808G,Tuyu,0xff1ba5f5,28000349,1104,94,@Tuyu_Official
94,#Y22RU8YQ2,Seis,0xffcb5aff,28000159,1104,95,Brawl King's
95,#298JUYR29,Chase-Itz,0xffcb5aff,28000156,1103,96,Beyond Kratos
96,#82GPP9LQ,BC*| Tobi🍉,0xff1ba5f5,28000303,1103,97,BC*|Family*
97,#2RL8LGV9Q,🐼iBearQu❦︎,0xfff05637,28000352,1103,98,High Quality
98,#CPPV2PQG,MeliodasBot🐐,0xffa8e132,28000006,1103,99,No Mercy
99,#8QY2Y80CG,godikk❤️‍🔥,0xffcb5aff,28000014,1103,100,Ex0tic-E-Sport
100,#802VG829,LuRkz🩵Sq,0xffff8afb,28000014,1103,101,Demise 🥀
101,#R2R2JV9C,S4W|Aste❤️‍🔥,0xffff8afb,28000214,1103,102,Spain4Win
102,#2PJJQV92,V3|Flamen🤍,0xffffce89,28000230,1103,103,CONEXIÓN
103,#2GJQ99LRL,agusise :p,0xffcb5aff,28000222,1103,104,No Mercy
104,#8QVGJQGGC,ᴀsᴛʀᴏ >.< 🖤,0xffff9727,28000272,1103,105,Kings United II
105,#28CVQGURJ,kxrtofvl,0xffffffff,28000061,1103,106,UNDERDOG 🇵🇱
106,#YPP02G9L,Mxrf 🐝,0xff1ba5f5,28000291,1103,107,Beyond Washed
107,#RRVVPG2Y,Brosta卡拉,0xff1ba5f5,28000206,1102,108,vMoove
108,#GCVPVRQY,MyS|Goman,0xff4ddba2,28000137,1102,109,Tribe Turkey
109,#80G89U99R,Chibro,0xffcb5aff,28000018,1102,110,ETERNAL FLAME
110,#J99YU9QY,KuruNero🐬,0xff1ba5f5,28000264,1102,111,Cipher Pol
111,#209G0UUGY,Ylli🐬,0xffff8afb,28000321,1102,112,Tribe Gaming NA
112,#QP2L8GPC2,фанатDatKill'a☔,0xffffffff,28000090,1102,113,BALTO TEAM💥
113,#2RG0LV02,STMN | Scofield,0xff4ddba2,28000136,1102,114,vMoove
114,#QLCJGQUP,BOH|Diego💚Wolf,0xff4ddba2,28000320,1102,115,7 Dwarves
115,#29CVP0V9U,Almighty Push💐,0xffcb5aff,28000335,1102,116,Beyond Champs
116,#UVVULJUQ,AG |Luis Miguel,0xfff05637,28000290,1102,117,LitheX🐢
117,#2VG02RU0,ThorN3X,0xffcb5aff,28000018,1101,118,Brawl King's
118,#PQ28JP0P,亲Jσтα,0xffff9727,28000175,1101,119,7 Dwarves
119,#8Q80P982R,𝐍𝐓|𝐀𝐚𝐫𝐮,0xffffce89,28000303,1101,120,✌️✌️✌️
120,#RVLQ0VUR,风暴|kerem🎃,0xffff9727,28000257,1101,121,ᴅᴀɪʟʏ
121,#90RQYP98U,♡•bestie•♡🧸,0xffa2e3fe,28000221,1101,122,7 Dwarves
122,#PP8URGQL8,J. Álvarez ⁹🕷️,0xff1ba5f5,28000139,1101,123,Emi's bar 🍻
123,#Q9Y2P0GY,cauazin🤍yas,0xffffce89,28000136,1101,124,NGGL
124,#8LQQCCPRG,MyS|Efim👾,0xffa8e132,28000101,1101,125,Quant ESports🐾
125,#PLUGLRG28,4SV_MaSTeP,0xffffffff,28000233,1101,126,Quant ESports🐾
126,#QR90UY9L,Lipe❤️Pandora,0xffff9727,28000203,1101,127,Revenge Gaming
127,#280RJ92JC,ExP |BloocK,0xfff9c908,28000242,1101,128,CONEXIÓN
128,#GV9GRLJJ,Counter,0xffff9727,28000265,1101,129,NA Friends
129,#LG2RY8GP,Cyclxne,0xff1ba5f5,28000349,1100,130,Brawl King's
130,#GU898VQ,Levi,0xffcb5aff,28000014,1100,131,Brawl King's
131,#2YCR9RLCJ,Tris🍃,0xffcb5aff,28000095,1100,132,
132,#L8UQ2GVR,KMZ|ȺnͥɗrͣeͫṨ⁣ツ,0xfff05637,28000294,1099,133,AR.ES
133,#20JYLU8JU,でんじゃらすトミーさん邪！♨️,0xffff8afb,28000320,1099,134,オーシャンズビュー
134,#8VQCRGPVU,🌴HM|Я3NNAN,0xff4ddba2,28000349,1099,135,🌴|<c3>HM</c>
135,#CLGU92QJ,Zay Dullan,0xffffffff,28000007,1099,136,
136,#9GVPLVYVY,SpTK-ΘǤ🐝,0xffff9727,28000328,1099,137,VV eSport
137,#2QUVLY2QG,V7|Gabee,0xffffffff,28000019,1099,138,<c0>VERSO 7</c>
138,#2PLP0RPR2,AxE-_Legend🌹,0xfff9c908,28000213,1099,139,AxE Gaming
139,#9RPU2G9Q,あ•𝑱𝒖𝒋𝒖 🌸,0xffcb5aff,28000014,1099,140,Come-back 3c3
140,#2QUQQUCL,Bīlúūùx 便便饼,0xffa8e132,28000136,1099,141,Allez Laaa
141,#808YCJQ0,Shafin,0xffffce89,28000339,1099,142,Mini Me’s
142,#2L892GP,YAPIMARU_YT,0xffffffff,28000186,1099,143,Cipher Pol
143,#CJV2PJ0R,SK | Yoshi,0xffcb5aff,28000135,1099,144,Yoshi Fans
144,#2PUY2QRCV,Kσαԋ,0xffffffff,28000183,1099,145,Nҽɯ Sƚαɠҽ🎖️
145,#2L80JP00L,Hillen,0xffff8afb,28000335,1099,146,Ex0tic-E-Sport
146,#29JJCQULC,BC* |Crusher🍉,0xfff05637,28000175,1099,147,The rise
147,#8QJU2CCY,Fearless,0xffff9727,28000017,1099,148,WOLFMX
148,#CUJQRCQJ,PineappleZ,0xfff9c908,28000230,1099,149,<c5>Just Us</c>
149,#UJ9QQUU,Ojita🍃,0xfff9c908,28000176,1099,150,Moonlight 🧚🏻
150,#90YGQVCV,Jonas🤭,0xff1ba5f5,28000167,1099,151,Cuties🤭
151,#2LG8QJ9L,Fade,0xffffffff,28000013,1090,152,STMN Esports
152,#8YQV9UPRL,AvalSElguu🌫️,0xffffffff,28000331,1089,153,MEGATROLL
153,#GJ9PLGPL,ReSn|Snake🐍,0xff4ddba2,28000101,1088,154,Lose?
154,#8CJJCUY,Awa De Piña ツ,0xffa2e3fe,28000046,1088,155,WOLFMX
155,#8CRC9QUY9,팀원 버스타는Daye🤱,0xfff9c908,28000124,1086,156,<c1>BBOBBY</c>
156,#Y9LYC98PG,LMD🍋Aimer,0xffffffff,28000265,1083,157,たつきすねげ
157,#2QPJQ8QRQ,bagi,0xff1ba5f5,28000335,1082,158,Brawl King's
158,#YLV8CL0R,Astaaaa❤️‍🔥😈,0xff4ddba2,28000347,1078,159,Tribe Turkey
159,#8Q0VYVPQU,Rain💛,0xffffffff,28000139,1072,160,Elite Saiyan🔱
160,#9LV0Q00YV,영원한감동,0xff4ddba2,28000082,1071,161,새싹
161,#UGQJURVJ,𝑴𝒊𝒚𝒂𝒎𝒆𝒏☃,0xffa8e132,28000196,1068,162,めろんぱん食堂
162,#289YVRL0Y,ж Mєℓєє ж,0xff1ba5f5,28000004,1066,163,B T H Alfa
163,#2RP0U2CUV,BERAT❤️ELA,0xfff05637,28000244,1062,164,₮Ɽ₩`eSports
164,#VUQV0ULV,𝓚𝔂𝔀𝔂,0xffcb5aff,28000031,1062,165,Beyond Fresh
165,#PQPR2GQGJ,MatCha✈️,0xffcb5aff,28000014,1062,166,HK瘋
166,#9YYUPGJ2V,Nerf⁷💯,0xffff9727,28000121,1061,167,Havoc Echo
167,#82LRGLQ02,あ| 𝓕𝓪𝓱𝓪𝓓🥀,0xff1ba5f5,28000283,1060,168,OG Mute
168,#YPGUYYLJ,Mad Gamer,0xffffce89,28000347,1059,169,BC*|Family*
169,#GG9GC002,DE |MASTER,0xff1ba5f5,28000225,1058,170,Türk Milleti
170,#8PCCG2982,Lynëy,0xffff9727,28000197,1058,171,✌️✌️✌️
171,#8CULYYLVC,たんじろう🧸,0xffcb5aff,28000014,1057,172,Emi's bar 🍻
172,#8JV08U8GR,NightMare❤️‍🔥,0xffcb5aff,28000280,1054,173,NHY E-SporTS
173,#LQJC9QL2,HJK┃アチャ,0xffffffff,28000000,1053,174,豚骨ラーメンファンキー
174,#9Y92PLVQG,Snake,0xffffffff,28000208,1053,175,★the Players★
175,#JRYLGVYV,QLS|Glory™️,0xffff9727,28000132,1053,176,Ex0tic-E-Sport
176,#L99892JJ,要|мeɢα♕❤️‍🔥,0xfff05637,28000349,1053,177,BC*|Family*
177,#88YJV08U2,❣️MASOOM❣️,0xffffffff,28000139,1053,178,
178,#8C0PLGQRV,Duo♡nubik,0xff4ddba2,28000254,1052,179,Quant ESports🐾
179,#2JUUJQCGQ,Gregor❤️Nassin,0xffffffff,28000348,1052,180,BC*|Family*
180,#8UGJ82UL2,AoC|Alex🌷,0xff4ddba2,28000310,1052,181,octos
181,#GV00QCYL,ɆⱠĐł₦™×͜×,0xfff9c908,28000019,1052,182,🧀MUSSARELOS✨
182,#88QCRPLJV,Togi☁️,0xffff8afb,28000303,1052,183,7 Dwarves
183,#8J29RU8G2,るじゃお,0xffffffff,28000000,1052,184,Venus
184,#90PQ9LRRC,Siesta❦,0xfff9c908,28000231,1052,185,we love rabbits
185,#9Q9C9JU0,Lavastoviglie™️,0xff1ba5f5,28000069,1052,186,F/A India
186,#2J82LJJG2,Pika,0xffff9727,28000242,1052,187,BC*|Family*
187,#90LPVYVUP,Yusuf♛,0xffffffff,28000112,1052,188,SALDİM
188,#2P08V02Q,⛩|žwřq🥀,0xff1ba5f5,28000134,1052,189,𝑶𝓜|𝓐𝑹𝑨𝑷🥀
189,#9PU89VL8P,JUP | Pïêrø🍫,0xffff9727,28000206,1051,190,7 Dwarves
190,#2J2U9RUQG,killua :p,0xffcb5aff,28000018,1051,191,★the Players★
191,#8CR90LCP,IE｜Charles,0xffcb5aff,28000196,1051,192,Mini Me’s
192,#JGUYRYQ,Nathan🩵,0xffff8afb,28000041,1051,193,NA Friends
193,#98VPCJQ0C,sr america,0xffcb5aff,28000267,1050,194,
194,#20P2GP99,Ducky🐝,0xffa8e132,28000136,1050,195,NA Friends
195,#2RJL8PGUV,TRW|Corwas🥶,0xff1ba5f5,28000162,1050,196,Turkish Shadow
196,#LCPVPJ9R0,choco br,0xffff8afb,28000305,1049,197,Predestinados
197,#2JY2LGGUJ,愛 Fernan,0xffffffff,28000244,1049,198,Nҽɯ Sƚαɠҽ🎖️
198,#2P2VY2U99,Chen,0xffa8e132,28000135,1049,199,In My Mind
199,#29YCUC002,Hristomir🃏,0xff1ba5f5,28000018,1049,200,Bulgarian Gang
