,tag,name,nameColor,icon,trophies,rank,club
0,#VL0GPPJV,Physic Gear 5,0xfff9c908,28000014,1402,1,Eclipse 🌖
1,#VLQPVPY,Naz❤️Hyra,0xffff8afb,28000303,1319,2,Fenernazçe 💙💛
2,#JQVQYVY,Code: VTzim 🌑,0xffff8afb,28000339,1300,3,Eclipse 🌖
3,#9LYQR9QC,Stas.,0xffff8afb,28000321,1269,4,Affective.
4,#L9RRP8QQP,pro players,0xff1ba5f5,28000221,1255,5,あてぃしのこと好きすぎ―！❤️
5,#J9UQLY9P,NenNe❦,0xffffffff,28000139,1255,6,Magicians
6,#PLUGLRG28,4SV_MaSTeP,0xffffffff,28000233,1253,7,Quant ESports🐾
7,#PYPQUG80,Zava💞Sunfote,0xffff9727,28000195,1253,8,Showdown💔Kings
8,#2CRRRRYJR,моё,0xfff9c908,28000213,1252,9,✌️✌️✌️
9,#RVLQ0VUR,风暴|kerem🎃,0xffff9727,28000257,1251,10,ᴅᴀɪʟʏ
10,#8PJRRG2C,SK|GuilleVGX,0xffa8e132,28000099,1251,11,CONEXIÓN
11,#9CG8LJU8,『ᴵ ᵃᵐⱧ₳₥Ⱬ₳🎭🥀』,0xffcb5aff,28000293,1251,12,Tribe Turkey
12,#8LQQCCPRG,MyS|Efim👾,0xffa8e132,28000101,1251,13,Quant ESports🐾
13,#8GV2CP2J8,☔ZORLU☔,0xffcb5aff,28000003,1251,14,<c0>ＬＯＮＥＬＹ★</c>
14,#2PGGR8Y9P,Asuna Yuuki,0xff1ba5f5,28000201,1251,15,Follow?
15,#QR2GC8V,BKB|❄IC£CRØW❄,0xfff9c908,28000348,1251,16,Tribe Turkey
16,#2CQ9008JV,けちまる〜♬おぅおぅ⤴︎,0xffffce89,28000035,1250,17,Uchronia
17,#P9YPY9U8J,MeTa | duo♡van,0xff4ddba2,28000262,1250,18,TyM`eSports
18,#YGQYGCR,Portox😡,0xff1ba5f5,28000191,1250,19,Blue Label
19,#JV2L02VV,SíJaauaq,0xffff8afb,28000303,1250,20,
20,#P9UVCQ2U2,Amazing,0xffff8afb,28000337,1249,21,help ranks
21,#8VP882CR2,♡Mr_ido♡,0xffcb5aff,28000041,1249,22,Tribe Turkey
22,#20CJVQQYU,[₮₱] ₱ɆⱠ₳Ɖ₳Ø,0xffcb5aff,28000291,1249,23,★the Players★
23,#P9GRC09,히치Lucky🥀,0xffffffff,28000185,1249,24,No Mercy
24,#22LCG2RLJ,ZT|Yősuki̸❦,0xff1ba5f5,28000349,1249,25,weird gamers
25,#2082JRYUV,GooD•G,0xffcb5aff,28000033,1249,26,<c5>Just Us</c>
26,#82PQUPGU0,Ryohei🐬,0xff1ba5f5,28000240,1249,27,数え役満🀄️
27,#89L889CJC,Golden Aqua💛,0xffa2e3fe,28000109,1249,28,Ex0tic-E-Sport
28,#889V9VJV0,ℤ𝒆𝕕z𝕚𝔵,0xffffffff,28000139,1249,29,Katze 🐱🐈
29,#GRVL8ULV,陰|SuperLab ☯︎,0xff1ba5f5,28000141,1249,30,7 Dwarves
30,#80CYRQU8J,Washed Jinx,0xffffffff,28000250,1249,31,Demise 🥀
31,#299PPJ22L,[MMA]nagibatori,0xffa2e3fe,28000235,1249,32,Showdown💔Kings
32,#2CUYQ8RQC,🥷🏿,0xffffffff,28000272,1249,33,
33,#Y0GLYCYVY,Maho❤️🔥,0xff1ba5f5,28000129,1249,34,<c0>ＬＯＮＥＬＹ★</c>
34,#RRQQJPG2,Rabbithop,0xff1ba5f5,28000349,1245,35,we love rabbits
35,#9L09YYQ8L,⛩️Panda G.m⛩️,0xffcb5aff,28000330,1237,36,HolyGuns
36,#2P088J29C,Matt,0xffff8afb,28000333,1237,37,<c5>Just Us</c>
37,#2JYGUYUG,AAMIR LORD,0xffffffff,28000207,1210,38,CHEESEFOREVAR
38,#URV8JPY,ormy🎄,0xffffffff,28000176,1210,39,Havoc Echo
39,#VPGGUU9U,|🌬ŦƤ⋆SsnıɔıuıΛ,0xff1ba5f5,28000243,1206,40,★the Players★
40,#90LPVYVUP,Yusuf♛,0xffffffff,28000112,1204,41,SALDİM
41,#9LC9VP8QR,笑っちゃう男,0xffffce89,28000203,1204,42,レインボーの風船
42,#YQ9JVYV,ToniMxf.💘,0xffcb5aff,28000272,1203,43,ChillOG
43,#QRUQQLV0,Code: Nukleo,0xffa8e132,28000186,1203,44,LA Instinct
44,#CGQCYJGY,TTV | SnakeThug,0xfff9c908,28000341,1203,45,Deadly Vipers🐍
45,#LRLGLP9GJ,『weakness🌪』,0xffff8afb,28000256,1203,46,Revaible 💗
46,#2UYJV98J2,all 1500🏆,0xffffffff,28000000,1203,47,
47,#VYGVV08Q,🍅domates,0xffffffff,28000261,1200,48,
48,#82GPP9LQ,BC*| Tobi🍉,0xff1ba5f5,28000303,1199,49,BC*|Family*
49,#8Q80P982R,𝐍𝐓|𝐀𝐚𝐫𝐮,0xffffce89,28000303,1199,50,✌️✌️✌️
50,#G99CYGL,𝒁𝒂𝒊𝒌𝒐❄️,0xff4ddba2,28000194,1199,51,ChillOG
51,#V9L9Y89R,Stealth🌴,0xffffffff,28000075,1199,52,Real Ones
52,#2VQ2V99CC,MMs🌙Nemuo,0xfff9c908,28000190,1199,53,めろんぱん食堂
53,#J9LLVJCC,＃BENI＿￣NAOTO🧐,0xffcb5aff,28000256,1199,54,ＢＥＮＩ
54,#28C9LCPY8,DaigoMR,0xff4ddba2,28000052,1199,55,Perro salchicha
55,#8UQJPQVY2,CN |🐳Yagami☆,0xff1ba5f5,28000225,1199,56,
56,#29V0GUG8,BATATINHA,0xff1ba5f5,28000156,1199,57,
57,#2CY898QJ0,єηισ ƒαιχα⁷ 🥋,0xffcb5aff,28000224,1199,58,Candangos do BR
58,#PLQ0QRVQL,FMG | Flashᴷⁱⁿᴳ,0xffffffff,28000139,1199,59,ZETA|DIVISION'S
59,#UYUUQQ8Q,대왕❦(光),0xffcb5aff,28000115,1199,60,<c1>BBOBBY</c>
60,#JGUYRYQ,Nathan🩵,0xffff8afb,28000041,1199,61,NA Friends
61,#989GVG0UR,陰|₦Ї₦ℑ₳™👑,0xffa8e132,28000305,1189,62,Good Players 💫
62,#2PV9R9Q28,Melty297,0xffff9727,28000256,1188,63,<c5>ぷらねたりうむ</c>
63,#PGY9ULY,PollitoMan,0xffffffff,28000348,1187,64,7 Dwarves
64,#8LQ9JR82,Code: Eqwaak,0xfff9c908,28000004,1179,65,A Few Good Men
65,#9VU9R2LY,Terry!,0xffffffff,28000081,1164,66,✌️✌️✌️
66,#2LR22JC9V,𝑻𝒐𝒃𝒊😮‍💨❤️,0xffa2e3fe,28000272,1154,67,BMW M5 F90.COMP
67,#8QY08JUVC,♛해왕포세이돈｜고스트👻,0xffcb5aff,28000330,1153,68,じゃんHOUSE
68,#88JJLV020,𝑵𝒊𝒏𝒋𝒂☁️,0xffa2e3fe,28000058,1153,69,Apostles Creed
69,#8GVRY2Y0C,Dep100r,0xff1ba5f5,28000347,1153,70,Revaible 💗
70,#829LJ28CU,toxicgenie🃏,0xffcb5aff,28000286,1153,71,Real Ones
71,#GJ0JGCUV,PowerTech YT,0xffffffff,28000334,1150,72,<c7>幹嘛偷看我個資</c>
72,#8UUJVVJGQ,jonh,0xfff9c908,28000053,1149,73,BS LEGENDS
73,#R9G9YJYJ,園Ecsed🍃,0xffffffff,28000323,1149,74,DulcedeLeche
74,#PYJ0GRYPV,PoliCeS,0xfff05637,28000117,1149,75,Blazing Light⚡️
75,#PUUYYQPG,★彡ShaKa🌹頹,0xff1ba5f5,28000238,1149,76,🧀MUSSARELOS✨
76,#8J0JR80PC,AfizCZ,0xffff8afb,28000317,1149,77,KingdomRush
77,#Y989VP,『Tiziano™』,0xff1ba5f5,28000348,1149,78,Wasted🥱
78,#8JU9GVVJJ,Marko Pintarič,0xff1ba5f5,28000140,1149,79,100k
79,#82RGU8PR,TTM | Maury,0xff4ddba2,28000140,1149,80,A Few Good Men
80,#P08899RJG,Runávoys:),0xffff9727,28000044,1149,81,rainy︎ ︎☂︎
81,#JQCV9PCV,ЯvG★Complex,0xffffffff,28000135,1149,82,Revenge Gaming
82,#2RU0JLVCY,Abacaxi💘,0xffffffff,28000000,1149,83,★the Players★
83,#QRU0L0U,🐬ꜱᴏᴋʀᴀᴍ 🜲,0xff1ba5f5,28000201,1149,84,CONEXIÓN
84,#R2LR2QLG,NOUN | Mohtep,0xffffffff,28000243,1149,85,A Few Good Men
85,#VGQ0P2VU,Carry by Georg,0xffffffff,28000123,1149,86,A Few Good Men
86,#PJ9882U,Egnity|Ama🥀,0xffcb5aff,28000023,1149,87,ゆかいな仲間たち
87,#QUYCVC2,STMN | sans,0xffa8e132,28000136,1148,88,STMN Esports
88,#QJ0PRJCU,retired getsent,0xff4ddba2,28000010,1135,89,Beyond Swift
89,#9YLCYJ2C,₮₱|Ɍϟ|Mᴀᴛ💜Jᴀᴅ,0xfff9c908,28000277,1119,90,★the Players★
90,#V2Q080UU,Valembeau💜,0xffcb5aff,28000035,1116,91,A Few Clown Men
91,#9G0CJPJPY,Taha♛,0xffcb5aff,28000170,1114,92,GOOD BYE TAHA
92,#GG9GC002,DE |MASTER,0xff1ba5f5,28000225,1112,93,Türk Milleti
93,#VYVYVG8P,Alanta🤍Kobe,0xffffffff,28000257,1109,94,Big Ticks
94,#802VG829,LuRkz🩵Sq,0xffff8afb,28000014,1108,95,Demise 🥀
95,#8GUPLYY,FG | Jene,0xffff8afb,28000135,1108,96,clover
96,#2QCVLV2Q,Psychopant💧,0xffff8afb,28000334,1108,97,7 Dwarves
97,#9P2CUYJ8P,Scared,0xff4ddba2,28000167,1107,98,
98,#2PJJQV92,V3|Flamen🤍,0xffffce89,28000230,1107,99,CONEXIÓN
99,#8URCLRY8,球隊|RoUND🌠,0xfff9c908,28000061,1106,100,My social media
100,#Y9R9JPVPU,Xelium A🩸,0xffffffff,28000029,1106,101,
101,#YPP02G9L,Mxrf 🐝,0xff1ba5f5,28000291,1106,102,Beyond Washed
102,#989L0928Q,L1S|Sufiyan❦,0xff1ba5f5,28000033,1104,103,IMMORTAL SOULS
103,#9LV0Q00YV,영원한감동,0xff4ddba2,28000082,1104,104,새싹
104,#298JUYR29,Chase-Itz,0xffcb5aff,28000156,1104,105,Beyond Kratos
105,#88RGGCVQJ,My heart in AUS,0xff4ddba2,28000092,1104,106,ハナクソタケシ
106,#RRVVPG2Y,Brosta卡拉,0xff1ba5f5,28000206,1104,107,vMoove
107,#YLV8CL0R,Astaaaa❤️‍🔥😈,0xff4ddba2,28000347,1104,108,Tribe Turkey
108,#2RL8LGV9Q,🐼iBearQu❦︎,0xfff05637,28000352,1104,109,High Quality
109,#8UYQRLQQV,Cwowお,0xffa8e132,28000331,1104,110,InTeamRasur
110,#R2R2JV9C,S4W|Aste❤️‍🔥,0xffff8afb,28000214,1104,111,Spain4Win
111,#28YCQ9809,why so clown?🤡,0xffffffff,28000330,1104,112,Tribe Turkey
112,#GJ9PLGPL,ReSn|Snake🐍,0xff4ddba2,28000101,1104,113,Lose?
113,#8LC808G,Tuyu,0xff1ba5f5,28000349,1104,114,@Tuyu_Official
114,#9P98UCUV,Eydan,0xffff8afb,28000247,1104,115,Beyond Champs
115,#LG2RY8GP,Cyclxne,0xff1ba5f5,28000349,1103,116,Brawl King's
116,#9UG08PQUY,xSkywalker🦋ま,0xff1ba5f5,28000135,1103,117,Quant ESports🐾
117,#GRCYVRJG,Edgar🤍æ,0xffff9727,28000176,1103,118,7 Dwarves
118,#99YL0PV9V,𝐍𝐓|𝐋𝐮𝐢𝐬𝐮,0xffffce89,28000349,1103,119,✌️✌️✌️
119,#20JYLU8JU,でんじゃらすトミーさん邪！♨️,0xffff8afb,28000320,1101,120,オーシャンズビュー
120,#809ULJU2,KLIMtm,0xffffffff,28000151,1101,121,take a break.
121,#LRJ9YYQL,☞Տӈᴀ⚜ᴅᴏΧ๛,0xffffce89,28000014,1101,122,CONEXIÓN
122,#GV00QCYL,ɆⱠĐł₦™×͜×,0xfff9c908,28000019,1101,123,🧀MUSSARELOS✨
123,#2RG0LV02,STMN | Scofield,0xff4ddba2,28000136,1101,124,vMoove
124,#YQUQUUG,Ferlol,0xff1ba5f5,28000294,1100,125,minuta:3
125,#8CVCJVVV9,Եթ Շαɱเℓα ☆*❥⃝*,0xffff9727,28000302,1100,126,★the Players★
126,#P99QGPLU2,Davex,0xffffce89,28000129,1100,127,Brawl King's
127,#20RV9LCGY,Loki🌙,0xff1ba5f5,28000167,1100,128,<c3>ÉLITE</c>
128,#2YR9PPYUY,A1AL|DzonDzon🍌,0xffcb5aff,28000073,1100,129,Golden Legion
129,#29JJCQULC,BC* |Crusher🍉,0xfff05637,28000175,1100,130,The rise
130,#CLCPQ2R,Agûstin ᴹᴰᴮ,0xffffffff,28000349,1099,131,Elite Saiyan🔱
131,#2VG02RU0,ThorN3X,0xffcb5aff,28000018,1099,132,Brawl King's
132,#PVJJLYPJ,dmstk,0xfff9c908,28000278,1099,133,<c1>BBOBBY</c>
133,#RPQUY9VQ,Lamine🍜,0xffffffff,28000278,1099,134,<c7>幹嘛偷看我個資</c>
134,#22VG89JL9,Joey🖤,0xfff9c908,28000213,1099,135,boring game
135,#2282LR0YG,Ken-G,0xff1ba5f5,28000122,1099,136,STMN Esports
136,#22JGLCURJ,Mr. RadiuS,0xff4ddba2,28000280,1099,137,Süleyman YTB
137,#2UQGCL2R0,It's Grind♡,0xffffffff,28000135,1099,138,A Few Kиски
138,#2Y9QGVQGP,Wingamer,0xfff05637,28000129,1099,139,SY Origin
139,#88QCRPLJV,Togi☁️,0xffff8afb,28000303,1099,140,7 Dwarves
140,#URG2PY00,Zay,0xffffffff,28000333,1099,141,Beyond Alpha
141,#20L88L2J,FUT | LeNain,0xffff8afb,28000321,1099,142,A Few Good Men
142,#QCLV9CL,RC | Menmi,0xffff8afb,28000280,1099,143,Cipher Pol
143,#9Q8LP2Y09,Lag,0xff1ba5f5,28000044,1099,144,Dredd
144,#PR08GJ8JY,{jxst.Samuel},0xff4ddba2,28000257,1099,145,Golden Legion
145,#8QCU2LUUR,FC | Luan mito,0xfff9c908,28000091,1099,146,Fora da Curva®
146,#2YCR9RLCJ,Tris🍃,0xffcb5aff,28000095,1099,147,
147,#2L892GP,YAPIMARU_YT,0xffffffff,28000186,1099,148,Cipher Pol
148,#PJ02GQJ,$HIVAM I$ B+,0xffa8e132,28000151,1099,149,TT: niiil_06
149,#P0PULRC,Trebor🐣💛,0xffff9727,28000207,1099,150,A Few Good Men
150,#PLRGQL9VY,MR_quakquak🦆,0xffcb5aff,28000090,1099,151,Easy Ltda
151,#C2CP8YG,∅∅∅∅∅∅∅,0xffffffff,28000038,1099,152,a<c
152,#PPG8C2P2,Zimon,0xffffffff,28000184,1096,153,<c5>Just Us</c>
153,#2JGPCL0RU,d'y,0xffff8afb,28000008,1093,154,clover
154,#9JPJQGCU2,Agent｜takayuki,0xffffffff,28000183,1087,155,DEEMO
155,#PR9U2JL,Juan Carlos,0xffffffff,28000119,1086,156,Humble Grinders
156,#889P9GJ98,Jason❤️Sebi,0xffcb5aff,28000305,1084,157,
157,#J8YPGR,Twitch: Tobi,0xffcb5aff,28000000,1084,158,Brawl King's
158,#89JJV992Y,ZL|caldera,0xfff9775d,28000040,1081,159,めろんぱん食堂
159,#GRRGLVVJV,Bleaff🍁,0xffff8afb,28000321,1080,160,
160,#29UC8UV98,🔥Mma Ukr🔥,0xfff05637,28000263,1078,161,Brawl King's
161,#PRP9UGU9Q,ZL|Chaser!,0xffcb5aff,28000297,1077,162,✌️✌️✌️
162,#20P2GP99,Ducky🐝,0xffa8e132,28000136,1076,163,NA Friends
163,#L88R8LPL,OM|BR$O 21🖤,0xff1ba5f5,28000341,1071,164,𝑶𝓜|𝓐𝑹𝑨𝑷🥀
164,#QJPRP8J8,Sardo,0xffff9727,28000164,1071,165,F/A India
165,#90RQYP98U,♡•bestie•♡🧸,0xffa2e3fe,28000221,1070,166,7 Dwarves
166,#9PVU00U2P,Kaso💘,0xffcb5aff,28000036,1070,167,Brawl King's
167,#2LY99YGP8,HJK┃エネ↯,0xffcb5aff,28000338,1064,168,<c2>エホヤキム</c>
168,#9VP2R0P9,ToxicZan,0xff1ba5f5,28000352,1062,169,Real Ones
169,#8Y98Q8U,CR | Sitetampo,0xffff8afb,28000014,1060,170,A Few Good Men
170,#28PP0C82J,YAIⓂMA_Return❕,0xffcb5aff,28000164,1060,171,<c1>BBOBBY</c>
171,#PJ9JCYLCQ,猿|Epic🐒,0xff1ba5f5,28000069,1059,172,Ex0tic-E-Sport
172,#2C92PYV2R,uriel,0xff1ba5f5,28000108,1059,173,HeadShoterZ💣
173,#80PC2QJCR,❥Hazzēиs✧,0xff1ba5f5,28000348,1058,174,7 Dwarves
174,#2P08V02Q,⛩|žwřq🥀,0xff1ba5f5,28000134,1056,175,𝑶𝓜|𝓐𝑹𝑨𝑷🥀
175,#2RJ00JUUV,musty🪼,0xff4ddba2,28000257,1055,176,TheRedsDragons
176,#9U0P9CYJJ,Venom🕊️,0xffcb5aff,28000328,1054,177,Real Ones
177,#YRVG09CUL,👙こぶちん🏖,0xffa2e3fe,28000257,1054,178,絶対にさせない
178,#LL0092JU,SnipHer,0xffffffff,28000072,1054,179,AFGM GENESIS
179,#9Q9C9JU0,Lavastoviglie™️,0xff1ba5f5,28000069,1053,180,F/A India
180,#JGCCCQG9,leave a regret,0xff4ddba2,28000341,1053,181,we love rabbits
181,#22992CG0G,元Leobardo™,0xffa8e132,28000129,1052,182,7 Dwarves
182,#8GJY9G8UQ,Lollo ヤー🥱.,0xffff9727,28000237,1052,183,Celestyn
183,#PQJVG9LG2,REX Kai💫🥀,0xff1ba5f5,28000110,1052,184,REX💫
184,#L99892JJ,要|мeɢα♕❤️‍🔥,0xfff05637,28000349,1052,185,BC*|Family*
185,#2JUUJQCGQ,Gregor❤️Nassin,0xffffffff,28000348,1051,186,BC*|Family*
186,#QGLCPJ2J,Ansel,0xff1ba5f5,28000014,1051,187,CHEESEFOREVAR
187,#8QVGJQGGC,ᴀsᴛʀᴏ >.< 🖤,0xffff9727,28000272,1051,188,Kings United II
188,#R0YC0VGV,木 | TrueTım❤️,0xff4ddba2,28000322,1050,189,SY Infinity™
189,#2PGRYULC0,◆Janđrø■,0xff1ba5f5,28000259,1050,190,No Mercy
190,#P9JLP88C8,LP|FortiStarsYT,0xffcb5aff,28000125,1050,191,Ex0tic-E-Sport
191,#L8UQ2GVR,KMZ|ȺnͥɗrͣeͫṨ⁣ツ,0xfff05637,28000294,1049,192,AR.ES
192,#2JLC2UYLJ,Hinanoharü🐰,0xffffce89,28000302,1049,193,동물농장
193,#8G29G92,MyS|Beast❤️Devi,0xff4ddba2,28000067,1049,194,I Feel Like God
194,#2U0GULV2Y,おっすオラあーてる(੭ ᐕ),0xfff05637,28000042,1049,195,つよいもん
195,#LGR9V0UL,はるめろでぃ💍,0xffa2e3fe,28000196,1049,196,ぽこ様を守り隊
196,#8Y8VVCR22,★𝐁𝐚𝐥𝐚𝐳𝐬ヤギ,0xffcb5aff,28000305,1049,197,Golden Eagles
197,#RLU029RL,Dbomb™️,0xff1ba5f5,28000348,1049,198,Beyond Kratos
198,#JJPY8Q0,LorenzoVGX,0xffa2e3fe,28000293,1049,199,AFGM GENESIS
199,#RP8JJ9VG,れき,0xffff8afb,28000203,1049,200,ぶろすた合宿inばとろい
