,tag,name,nameColor,icon,trophies,rank,club
0,#VL0GPPJV,Physic Gear 5,0xfff9c908,28000014,1401,1,Eclipse 🌖
1,#2Y92C2Q8V,NOMAD|かーず。❄❄,0xfff9c908,28000119,1399,2,
2,#VLQPVPY,Naz❤️Hyra,0xffff8afb,28000303,1399,3,Fenernazçe 💙💛
3,#JQVQYVY,Code: VTzim 🌑,0xffff8afb,28000339,1309,4,Eclipse 🌖
4,#RRVVPG2Y,Brosta卡拉,0xff1ba5f5,28000206,1307,5,vMoove
5,#89UPQJJVV,+BraboX 🎩,0xffa8e132,28000236,1302,6,Ghost Team👻☔
6,#VYGVV08Q,🍅domates,0xffffffff,28000261,1302,7,
7,#2Y2Y99GQR,VizeZ,0xffffffff,28000230,1302,8,Ex0tic-E-Sport
8,#8GV2CP2J8,☔ZORLU☔,0xffcb5aff,28000003,1301,9,<c0>ＬＯＮＥＬＹ★</c>
9,#2G90YQ9CQ,ʸᵗᴍɪʀᴀɴᴅɪɴʜᴀᵇˢ乡,0xffa8e132,28000174,1301,10,Wᴏʟғ ɢᴀɴɢ 🐾
10,#9RVPL0Q0P,Arthur🌸,0xfff9c908,28000018,1269,11,Home Of Esports
11,#8UQ9GQJJ,↝𝑉𝑖𝑝𝑒𝑟⍨꙳,0xff4ddba2,28000272,1262,12,めろんぱん食堂
12,#298L8YR90,Ameyöu🩶🧬,0xffa2e3fe,28000291,1258,13,<c5>ぽんみちょった</c>
13,#J8UR8002,SKC | Prozy,0xffa8e132,28000029,1254,14,Emi's bar 🍻
14,#82PQUPGU0,Ryohei🐬,0xff1ba5f5,28000240,1254,15,数え役満🀄️
15,#2PGGR8Y9P,Asuna Yuuki,0xff1ba5f5,28000201,1254,16,Follow?
16,#Y29V28JYJ,ナイフを持った天使,0xfff9c908,28000014,1253,17,Brawl King's
17,#8UGJ82UL2,AoC|Alex🌷,0xff4ddba2,28000310,1252,18,octos
18,#889R9J9UU,AI2,0xffffffff,28000040,1252,19,数え役満🀄️
19,#28CVQGURJ,kxrtofvl,0xffffffff,28000061,1252,20,UNDERDOG 🇵🇱
20,#GV9GRLJJ,Counter,0xffff9727,28000265,1252,21,NA Friends
21,#9GGU9C9Y,RNT | Trashant,0xff1ba5f5,28000033,1252,22,Imperial
22,#9QCJPL20,Golden Kawaii🌕,0xffffce89,28000045,1252,23,Eclipse 🌖
23,#2CQ9008JV,けちまる〜♬おぅおぅ⤴︎,0xffffce89,28000035,1251,24,Uchronia
24,#GUQY9VGP,Joah 🍪,0xffffce89,28000108,1251,25,NA Friends
25,#URV8JPY,ormy🎄,0xffffffff,28000176,1251,26,Havoc Echo
26,#YGQYGCR,Portox😡,0xff1ba5f5,28000191,1251,27,Blue Label
27,#P9UVCQ2U2,Amazing,0xffff8afb,28000337,1251,28,help ranks
28,#9P2CUYJ8P,Scared,0xff4ddba2,28000167,1251,29,
29,#29UGLJV2G,Lёvi,0xfff9c908,28000244,1251,30,✌️✌️✌️
30,#99VLVGRJG,BootyBaptizer69,0xffffce89,28000000,1251,31,Humble Grinders
31,#8R99PJ890,xSkylasz•,0xffff9727,28000321,1251,32,Vitality
32,#JGP8LV8P,Gear5 SiteJr.11,0xffff8afb,28000215,1251,33,最高到達点
33,#PQ28JP0P,亲Jσтα,0xffff9727,28000175,1250,34,7 Dwarves
34,#C2CULQP0,❤️‍🔥Mazoex♛,0xff1ba5f5,28000314,1250,35,VV eSport
35,#2JPRQPJ92,さうざん,0xff4ddba2,28000305,1250,36,だから私は族
36,#2CUYQ8RQC,🥷🏿,0xffffffff,28000272,1250,37,
37,#92VJ8VQUP,🔥an_hayp🔥,0xfff05637,28000047,1250,38,
38,#PYPQUG80,Zava💞Sunfote,0xffff9727,28000195,1250,39,Showdown💔Kings
39,#PR9U2JL,Juan Carlos,0xffffffff,28000119,1250,40,Humble Grinders
40,#P99QGPLU2,Davex,0xffffce89,28000129,1250,41,Brawl King's
41,#QUYCVC2,STMN | sans,0xffa8e132,28000136,1250,42,STMN Esports
42,#80UQP9UYR,え𝚟𝚎𝚗𝚘𝚡ツ,0xffffffff,28000139,1250,43,No Mercy
43,#PGY9ULY,PollitoMan,0xffffffff,28000348,1249,44,7 Dwarves
44,#88RGGCVQJ,My heart in AUS,0xff4ddba2,28000092,1249,45,ハナクソタケシ
45,#89JJV992Y,ZL|caldera,0xfff9775d,28000040,1249,46,めろんぱん食堂
46,#8CVCJVVV9,Եթ Շαɱเℓα ☆*❥⃝*,0xffff9727,28000302,1249,47,★the Players★
47,#YRURQRPUR,Skibidi Chipz,0xff1ba5f5,28000018,1249,48,Talents
48,#PGL2UL0CR,SS+|Psychokid,0xffffffff,28000164,1249,49,Talents
49,#P92C29RRG,dqwed,0xffff8afb,28000167,1249,50,<c8>Inspire</c>
50,#9VU9R2LY,Terry!,0xffffffff,28000081,1249,51,✌️✌️✌️
51,#8PJRRG2C,SK|GuilleVGX,0xffa8e132,28000099,1249,52,CONEXIÓN
52,#V888YPGU,IME|Minepro,0xfff9c908,28000164,1249,53,Invincible
53,#UG2JJ89,Redziin🫀,0xfff05637,28000272,1249,54,Ghost Team👻☔
54,#8LQQCCPRG,MyS|Efim👾,0xffa8e132,28000101,1249,55,Quant ESports🐾
55,#P8UGQ0882,Minterrr🪄,0xffffffff,28000102,1249,56,оупи челики
56,#29JJ8LLQ,DM ✯,0xffffffff,28000198,1249,57,ChasmacGaming
57,#29UR00VP,あやとたたん🍒,0xff4ddba2,28000093,1249,58,TMG
58,#99JQ9PQP,Artem4ic🤍W,0xff4ddba2,28000018,1249,59,
59,#2YPC2LL02,RV|kakawo,0xfff9c908,28000300,1249,60,RV
60,#QRUQQLV0,Code: Nukleo,0xffa8e132,28000186,1249,61,LA Instinct
61,#QLCJGQUP,BOH|Diego💚Wolf,0xff4ddba2,28000320,1249,62,7 Dwarves
62,#2CYUCRCPC,もちどっぐ🐶🩶,0xfff9775d,28000285,1249,63,ホネルトンズ
63,#PC9LPPYV,Nico❤️Heys,0xff1ba5f5,28000196,1249,64,No Mercy
64,#Y22RU8YQ2,Seis,0xffcb5aff,28000159,1249,65,Brawl King's
65,#8JV08U8GR,NightMare❤️‍🔥,0xffcb5aff,28000280,1243,66,NHY E-SporTS
66,#JV29L0LV,FaZzen,0xffcb5aff,28000327,1229,67,Ghost Team👻☔
67,#RL02R0GR,Alche❤️Perse,0xffffce89,28000187,1223,68,Emi's bar 🍻
68,#8LQ9JR82,Code: Eqwaak,0xfff9c908,28000004,1221,69,A Few Good Men
69,#2LG8QJ9L,Fade,0xffffffff,28000013,1217,70,STMN Esports
70,#2R9JQ0C8G,Xionsᶫᵒᵛᵉᵧₒᵤ,0xffa8e132,28000018,1207,71,Zoológico NA
71,#J8UQ2UUG,SEKAI NO SHOUPI,0xffa8e132,28000140,1206,72,Cipher Pol
72,#99LLQYY9,Joeh,0xfff9c908,28000335,1205,73,👋 🤷‍♂️
73,#JV2L02VV,SíJaauaq,0xffff8afb,28000303,1204,74,
74,#CPPV2PQG,MeliodasBot🐐,0xffa8e132,28000006,1203,75,No Mercy
75,#CGQCYJGY,TTV | SnakeThug,0xfff9c908,28000341,1203,76,Deadly Vipers🐍
76,#U9GC8G02,CMG | R B M,0xffffffff,28000058,1203,77,ChasmacGaming
77,#2UYJV98J2,all 1500🏆,0xffffffff,28000000,1203,78,
78,#82GPP9LQ,BC*| Tobi🍉,0xff1ba5f5,28000303,1203,79,BC*|Family*
79,#8R29PY9RJ,Darkez🤍Audrey,0xff1ba5f5,28000207,1203,80,Ghost Team👻☔
80,#VGQ0P2VU,Carry by Georg,0xffffffff,28000123,1203,81,A Few Good Men
81,#P2V2GGLJY,NM | Quinx™♊,0xffff8afb,28000111,1202,82,Quinx Academy
82,#2CRRRRYJR,моё,0xfff9c908,28000213,1202,83,✌️✌️✌️
83,#PQ09LC889,sinaayy🤍kアナー,0xffff8afb,28000196,1201,84,luv sinayy.🤍🪽
84,#90V9VYJ8C,しょうけい,0xfff05637,28000242,1201,85,なかよし部
85,#9PJQ9V8L9,banny♜︎,0xffffffff,28000303,1201,86,Real Ones
86,#2J2PJ0UV,ikarosita,0xffa8e132,28000136,1200,87,Humble Grinders
87,#2RQGVLRVG,₹GuilleX,0xffff8afb,28000036,1200,88,No Mercy
88,#G99CYGL,𝒁𝒂𝒊𝒌𝒐❄️,0xff4ddba2,28000194,1200,89,ChillOG
89,#PLUGLRG28,4SV_MaSTeP,0xffffffff,28000233,1200,90,Quant ESports🐾
90,#J0QQ8000,ˢᵃᵈкαριℓ²²,0xff1ba5f5,28000305,1199,91,‧✧˚✶𝙆𝙑𝙇✶˚✧‧
91,#YUGUVGYL,edson v2 🪐,0xffcb5aff,28000176,1199,92,You and me 💜
92,#PRVJJQUUR,Mundial を',0xffffffff,28000004,1199,93,WOLVES HUNGRY
93,#LL09UJ2J,Saki🩵,0xfff05637,28000018,1199,94,DEEMO
94,#202RGUPUG,☆FrankensteIn☆❤,0xffcb5aff,28000170,1199,95,Quant ESports🐾
95,#YY9PPLQL9,Yume𓅦,0xff4ddba2,28000149,1199,96,Cipher Pol
96,#8Y29YVV2C,れもん,0xffcb5aff,28000112,1199,97,おぱんちゅみせて
97,#20YJ9PLLV,ま|Shadows • 💫,0xffffffff,28000041,1199,98,what happened
98,#9QYQ9YJV9,Marveleetos,0xffff8afb,28000247,1199,99,HolyPower
99,#8LYQPLP29,🖤MKZ🖤,0xffffffff,28000032,1199,100,ᴅᴀɪʟʏ
100,#YCP0JCUQ,VD|Mo.D.Lufy🐣,0xff1ba5f5,28000065,1199,101,Beyond Kratos
101,#JGCCGY80,prostislavv,0xffff9727,28000042,1199,102,BOBR gaming
102,#8LC808G,Tuyu,0xff1ba5f5,28000349,1199,103,@Tuyu_Official
103,#UYUUQQ8Q,대왕❦(光),0xffcb5aff,28000115,1199,104,<c1>BBOBBY</c>
104,#PLGJJJC2Q,L7L7,0xffffffff,28000048,1199,105,معتزل
105,#2LC0LQCRP,Evaツんﾌﾒ,0xff1ba5f5,28000241,1199,106,Brawl King's
106,#9GJPJUQGJ,Xorox❤️‍🩹Byrox,0xffcb5aff,28000273,1199,107,Tribe Turkey
107,#8Q2JCGP00,きゃんでぃ,0xff1ba5f5,28000014,1191,108,キングダム乱
108,#CJP08CU0,Uriel,0xffffffff,28000135,1187,109,Brawl King's
109,#QRU0L0U,🐬ꜱᴏᴋʀᴀᴍ 🜲,0xff1ba5f5,28000201,1184,110,CONEXIÓN
110,#P22J8JP8,ZETA | BADBOY,0xffff9727,28000284,1180,111,No Mercy
111,#8URCLRY8,球隊|RoUND🌠,0xfff9c908,28000061,1180,112,My social media
112,#9J2JLUR8G,Aspect 🃏,0xffffffff,28000304,1178,113,7 Dwarves
113,#22PJGVJYJ,히치Luxito🥀,0xffffffff,28000321,1176,114,No Mercy
114,#20CJVQQYU,[₮₱] ₱ɆⱠ₳Ɖ₳Ø,0xffcb5aff,28000291,1173,115,★the Players★
115,#20JR92CYU,ice🖤sophia,0xffffffff,28000139,1172,116,NGGL
116,#2LY99YGP8,HJK┃エネ↯,0xffcb5aff,28000338,1172,117,<c2>エホヤキム</c>
117,#2UJQQ0YL,TOC,0xfff9c908,28000212,1170,118,anyway🤷🏻‍♂️
118,#CJV2PJ0R,SK | Yoshi,0xffcb5aff,28000135,1166,119,Yoshi Fans
119,#V8JP99J0,ZKN|Fantas🦊,0xffffce89,28000014,1164,120,Monkey’s Island
120,#989L0928Q,L1S|Sufiyan❦,0xff1ba5f5,28000033,1161,121,IMMORTAL SOULS
121,#VCPJQQ,Jealous🤍Y,0xffffce89,28000196,1157,122,люблю даню<3💓
122,#9UG08PQUY,xSkywalker🦋ま,0xff1ba5f5,28000135,1155,123,Quant ESports🐾
123,#280RJ92JC,ExP |BloocK,0xfff9c908,28000242,1153,124,CONEXIÓN
124,#V2Q080UU,Valembeau💜,0xffcb5aff,28000035,1153,125,A Few Clown Men
125,#2P088J29C,Matt,0xffff8afb,28000333,1153,126,<c5>Just Us</c>
126,#9V9GQJG8,hobbit,0xffa8e132,28000005,1153,127,
127,#2VQR2Y0G,Janky🦊,0xfff05637,28000272,1153,128,anomaly
128,#802VG829,LuRkz🩵Sq,0xffff8afb,28000014,1151,129,Demise 🥀
129,#YLV8CL0R,Astaaaa❤️‍🔥😈,0xff4ddba2,28000347,1151,130,Tribe Turkey
130,#L8J9JJVC,Across🦭,0xfff9c908,28000338,1151,131,INVICTOS 2
131,#URVJVRRQ,愛野美奈子💛✨,0xffff8afb,28000018,1149,132,してたんぽ
132,#2QU2RGLVC,밍밍아또죽냐 ☻,0xffffffff,28000000,1149,133,☻ Smile ☻ 2기
133,#29L028GQL,Djahsta,0xffff9727,28000306,1149,134,BC*|Family*
134,#QL9G8JR8C,KY,0xfff9c908,28000267,1149,135,<c5>ぽんみちょった</c>
135,#P2G8CUUPU,August🥷,0xffffffff,28000241,1149,136,BC*|Family*
136,#2UQVJP98Q,愛~ToastZ ↯,0xffffffff,28000314,1149,137,
137,#2P0V0CQQ2,FG | Naipishu,0xffff8afb,28000034,1149,138,clover
138,#PQCQJ8L00,ĺastik💘,0xffffffff,28000153,1149,139,AFGM дагестан
139,#2PLVJ0GLV,Sniper🐙,0xffff9727,28000244,1149,140,Brawl Kings
140,#2G0PL0LRU,Axel🧸🍯,0xff1ba5f5,28000288,1149,141,You and me 💜
141,#2YVQ98Q8C,DF | Tory,0xff4ddba2,28000166,1145,142,Melody
142,#2QPJQ8QRQ,bagi,0xff1ba5f5,28000335,1137,143,Brawl King's
143,#9GVQQ2VJL,𝑳𝒊𝒈𝒉𝒕❦,0xffffffff,28000097,1137,144,Easy Ltda
144,#Q9YC0J0G9,Rusya🤍Bloodyハニ,0xfff9c908,28000004,1135,145,KingdomRush
145,#LUP0QRC8,L1S|D4NTE❦,0xffff9727,28000129,1134,146,Mini Me’s
146,#220C002,서울대전동킥보드레이서쌈바우,0xffffffff,28000014,1133,147,SNU CLAN
147,#2PV9YRJUG,leciel Ke!ta🌟,0xffa2e3fe,28000234,1129,148,∞黄金のたまご∞ ♠️
148,#Y0JLQVQQ,THF|Lark,0xff1ba5f5,28000347,1128,149,Kiwithatgame
149,#QJQ0YPV,Danko,0xffff8afb,28000014,1128,150,
150,#PQPR2GQGJ,MatCha✈️,0xffcb5aff,28000014,1126,151,HK瘋
151,#GRLUYG0R,NiceShøt 🌓,0xffcb5aff,28000347,1124,152,Ex0tic-E-Sport
152,#220PGLU02,家|𝑴𝒆𝒎𝒆𝒏ϟ,0xffa8e132,28000163,1121,153,You and me 💜
153,#J8YPGR,Twitch: Tobi,0xffcb5aff,28000000,1120,154,Brawl King's
154,#VP0CQCLV,Jin玄,0xffcb5aff,28000129,1119,155,RealDutch
155,#GVJ82JR8,Kazumi,0xffcb5aff,28000291,1118,156,Ex0tic-E-Sport
156,#QJULVGU,QLS | Edinho,0xff1ba5f5,28000194,1118,157,Ghost Team👻☔
157,#2P2URUV8G,Foncho,0xffcb5aff,28000209,1117,158,Dragon Chileno
158,#82C8R800R,原型の無い優しさが知りたい,0xffff8afb,28000138,1115,159,キングダム乱
159,#GRCYVRJG,Edgar🤍æ,0xffff9727,28000176,1114,160,7 Dwarves
160,#2PG00PG02,Jooja💜Ryo,0xff4ddba2,28000136,1113,161,
161,#9P98UCUV,Eydan,0xffff8afb,28000247,1113,162,Beyond Champs
162,#LQVY9UPY,Neetn玄,0xff4ddba2,28000259,1109,163,RealDutch
163,#RC8GU2G,Ascend-.-,0xffcb5aff,28000014,1109,164,Havoc Echo
164,#PVQRLV090,ちぃずけぇき,0xff4ddba2,28000038,1109,165,ホワイトカンパニー
165,#C2CP8YG,∅∅∅∅∅∅∅,0xffffffff,28000038,1109,166,a<c
166,#VJUQ0Y,LG | Chino,0xff1ba5f5,28000322,1108,167,Havoc Echo
167,#GCJCRVQ8,tacos ☍,0xffff8afb,28000177,1108,168,NA Friends
168,#YY2908UG,v̷Strøng⛈️,0xffffffff,28000023,1107,169,LA Crystal
169,#9QC02VJV8,nyx1k?🤍ニックス,0xffffffff,28000137,1105,170,Lost Hell
170,#QR2GC8V,BKB|❄IC£CRØW❄,0xfff9c908,28000348,1105,171,Tribe Turkey
171,#P0YG02Q8,MG | Abhishek,0xffff9727,28000018,1104,172,IMMORTAL SOULS
172,#88QCRPLJV,Togi☁️,0xffff8afb,28000303,1104,173,7 Dwarves
173,#209G0UUGY,Ylli🐬,0xffff8afb,28000321,1104,174,Tribe Gaming NA
174,#J8URCRCJ,vxdka :p,0xffff9727,28000095,1104,175,No Mercy
175,#YCGG2UQC,♡Larisa.,0xffcb5aff,28000018,1104,176,RoStars Academy
176,#20CQLYP2C,TBEjason,0xffff8afb,28000336,1104,177,Brawl King's
177,#8CRC9QUY9,팀원 버스타는Daye🤱,0xfff9c908,28000124,1104,178,<c1>BBOBBY</c>
178,#2PC29VJP0,feyen✞,0xffffffff,28000000,1104,179,Real Ones
179,#8VJYGP2R8,+＋爽凛❇︎SOURIN＋+,0xff1ba5f5,28000267,1104,180,Uchronia
180,#22GQU2LLP,IᴛᴢFɪʀᴇ❤️‍🔥,0xffff9727,28000333,1104,181,CONEXIÓN
181,#82R8C28JY,MerT☔️,0xff1ba5f5,28000201,1104,182,Serenity🍃
182,#LLQ8GY8,𝐓𝐡𝐨𝐧𝐲会,0xfff9c908,28000334,1104,183,BC*|Family*
183,#QGG2UUV0,P4S|Kurumi,0xffcb5aff,28000014,1104,184,Real Ones
184,#CLCPQ2R,Agûstin ᴹᴰᴮ,0xffffffff,28000349,1104,185,Elite Saiyan🔱
185,#CPYUR8QR,KD|Buff♡,0xfff9c908,28000132,1104,186,Quant ESports🐾
186,#2JGVVPY,Nobody 🕊,0xffff8afb,28000006,1104,187,NA Friends
187,#JP9P0LJG,Byrox❤️‍🩹Xorox,0xff1ba5f5,28000302,1104,188,ᴅᴀɪʟʏ
188,#Q82Y09LVP,xTago_cL,0xff4ddba2,28000239,1104,189,Dragon Basado
189,#YVG2LJG,SN|scattered,0xff1ba5f5,28000285,1104,190,Talents
190,#8GGQC0UP,SHW|Tattier,0xff1ba5f5,28000138,1104,191,MegaPigEnjoyers
191,#99YL0PV9V,𝐍𝐓|𝐋𝐮𝐢𝐬𝐮,0xffffce89,28000349,1104,192,✌️✌️✌️
192,#9VP2R0P9,ToxicZan,0xff1ba5f5,28000352,1103,193,Real Ones
193,#20QUGCVQ9,Mirrox 🐺,0xffffffff,28000345,1103,194,HolyPower
194,#RRQQJPG2,Rabbithop,0xff1ba5f5,28000349,1103,195,we love rabbits
195,#2RG0LV02,STMN | Scofield,0xff4ddba2,28000136,1103,196,vMoove
196,#VRRPQ2J,ᴩᴀʙʟᴏˢᵃᵈ:'),0xffa8e132,28000018,1103,197,WOLFMX
197,#2L80JP00L,Hillen,0xffff8afb,28000335,1103,198,Ex0tic-E-Sport
198,#9LYQR9QC,Stas.,0xffff8afb,28000321,1103,199,Affective.
199,#2JLVRQ9,STMN | Zhar,0xffa8e132,28000347,1103,200,STMN Esports
