,tag,name,nameColor,icon,trophies,rank,club
0,#2GYY989GU,あ|Nouggetシ🦋,0xffa8e132,28000075,1499,1,VV eSport
1,#VLQPVPY,Naz❤️Hyra,0xffff8afb,28000303,1402,2,Fenernazçe 💙💛
2,#P9UVCQ2U2,Amazing,0xffff8afb,28000337,1303,3,help ranks
3,#2C9PLLUG8,Efecan|Apple♎🖤,0xffff8afb,28000321,1303,4,<c0>ＬＯＮＥＬＹ★</c>
4,#VL0GPPJV,Physic Gear 5,0xfff9c908,28000014,1302,5,Eclipse 🌖
5,#VYGVV08Q,🍅domates,0xffffffff,28000261,1302,6,
6,#8GV2CP2J8,☔ZORLU☔,0xffcb5aff,28000003,1301,7,<c0>ＬＯＮＥＬＹ★</c>
7,#2PGGR8Y9P,Asuna Yuuki,0xff1ba5f5,28000201,1300,8,Follow?
8,#92VJ8VQUP,🔥an_hayp🔥,0xfff05637,28000047,1299,9,
9,#2RJLYQQ8C,紜💛,0xffa2e3fe,28000062,1287,10,🌴<c5>|HM</c>
10,#9QC02VJV8,nyx1k?🤍ニックス,0xffffffff,28000137,1254,11,Lost Hell
11,#P99QGPLU2,Davex,0xffffce89,28000129,1254,12,Brawl King's
12,#8VRPJPLU2,Moon🤍アーセン,0xffffffff,28000000,1254,13,devxssted19うぇっ
13,#2LC9RU2UG,ƇЄƊƦƖƇ🍁,0xffff9727,28000124,1253,14,+12 yaş sew
14,#YR2RY9Y2L,あ | 𝓐𝓻𝔀𝓪🥀,0xffcb5aff,28000224,1253,15,weird gamers
15,#9R9899GJ2,差|Stàr💘,0xfff9c908,28000018,1253,16,
16,#Q9YC0J0G9,Rusya🤍Bloodyハニ,0xfff9c908,28000004,1252,17,KingdomRush
17,#22LJJCJ2G,Ferhât🦁,0xffff8afb,28000150,1252,18,BS|KoalisyoN
18,#2PLVJ0GLV,Sniper🐙,0xffff9727,28000244,1252,19,Brawl Kings
19,#URYL2JU2,ᶜᵗ|♡︎20/04♡︎シ︎,0xffa8e132,28000179,1252,20,Nҽɯ Sƚαɠҽ🎖️
20,#2RUVRJYJ2,SY|Faͥbͣuͫᴳᵒᵈ☔,0xff1ba5f5,28000061,1252,21,Ex0tic-E-Sport
21,#JQVQYVY,Code: VTzim 🌑,0xffff8afb,28000339,1252,22,Eclipse 🌖
22,#9LY0YG9QP,を|Sed🍀,0xffa8e132,28000197,1251,23,DragonArmy
23,#8VP882CR2,♡Mr_ido♡,0xffcb5aff,28000041,1251,24,Tribe Turkey
24,#VUQV0ULV,𝓚𝔂𝔀𝔂,0xffcb5aff,28000031,1251,25,Beyond Fresh
25,#9UG08PQUY,xSkywalker🦋ま,0xff1ba5f5,28000135,1251,26,Quant ESports🐾
26,#9P2CUYJ8P,Scared,0xff4ddba2,28000167,1251,27,
27,#82PQUPGU0,Ryohei🐬,0xff1ba5f5,28000240,1251,28,数え役満🀄️
28,#LLQVJYPCQ,チネミDropizZz💞,0xffcb5aff,28000303,1251,29,JeTeMangeArmy
29,#2ULUP8VG9,ぜ|КеКzzz🌖,0xffff9727,28000003,1251,30,ᴅᴀɪʟʏ
30,#QRUQQLV0,Code: Nukleo,0xffa8e132,28000186,1251,31,LA Instinct
31,#YGQYGCR,Portox😡,0xff1ba5f5,28000191,1251,32,Blue Label
32,#8QJU2CCY,Fearless,0xffff9727,28000017,1251,33,WOLFMX
33,#82LRGLQ02,あ| 𝓕𝓪𝓱𝓪𝓓🥀,0xff1ba5f5,28000283,1251,34,OG Mute
34,#88LULYLR,༄JokerParc💫,0xfff9775d,28000239,1251,35,Beyond Swift
35,#9G0CJPJPY,Taha♛,0xffcb5aff,28000170,1250,36,GOOD BYE TAHA
36,#VPGGUU9U,|🌬ŦƤ⋆SsnıɔıuıΛ,0xff1ba5f5,28000243,1250,37,★the Players★
37,#8LLJ92VQ,あ| 𝓐𝓱𝓶𝓮𝓓🥀,0xff1ba5f5,28000349,1250,38,OG Mute
38,#9CY99GQLC,Calc.,0xff4ddba2,28000320,1250,39,Uchronia
39,#2CUYQ8RQC,🥷🏿,0xffffffff,28000272,1250,40,
40,#PYPQUG80,Zava💞Sunfote,0xffff9727,28000195,1250,41,Showdown💔Kings
41,#29Q0899,ごめん。,0xffffffff,28000286,1249,42,キングダム乱
42,#8Y082R2GG,추카|RapZ ✶,0xffff9727,28000211,1249,43,Beyond Swift
43,#YLV8CL0R,Astaaaa❤️‍🔥😈,0xff4ddba2,28000347,1249,44,Tribe Turkey
44,#8CVCJVVV9,Եթ Շαɱเℓα ☆*❥⃝*,0xffff9727,28000302,1249,45,★the Players★
45,#8JV08U8GR,NightMare❤️‍🔥,0xffcb5aff,28000280,1249,46,NHY E-SporTS
46,#8888G9JG9,🥀𝐢𝐭𝐚𝐜𝐡𝐢☔,0xffff9727,28000349,1249,47,YT|CRESTALE🔥⚡
47,#2RQGVLRVG,₹GuilleX,0xffff8afb,28000036,1249,48,No Mercy
48,#LVVCQJR8Y,MyS l boosty,0xffff8afb,28000301,1249,49,
49,#YRURQRPUR,Skibidi Chipz,0xff1ba5f5,28000018,1249,50,Talents
50,#20YJ9PLLV,ま|Shadows • 💫,0xffffffff,28000041,1249,51,what happened
51,#8QY2Y80CG,godikk❤️‍🔥,0xffcb5aff,28000014,1249,52,Ex0tic-E-Sport
52,#22LCG2RLJ,ZT|Yősuki̸❦,0xff1ba5f5,28000349,1249,53,weird gamers
53,#LPQJCR0Q2,katayyou🤍Endi,0xffcb5aff,28000139,1249,54,アリーナ ♡︎ で
54,#80UCUVPP8,さちょめろ🐶,0xff4ddba2,28000140,1249,55,Cipher Pol
55,#2VQ2V99CC,MMs🌙Nemuo,0xfff9c908,28000190,1249,56,めろんぱん食堂
56,#2082JRYUV,GooD•G,0xffcb5aff,28000033,1249,57,<c5>Just Us</c>
57,#8LYQPLP29,🖤MKZ🖤,0xffffffff,28000032,1249,58,ᴅᴀɪʟʏ
58,#GCQVYGJU,Netlook#1,0xffff8afb,28000349,1249,59,Las Diablitas🧘
59,#P8U8JQLG,感|WarMan⚔️,0xff1ba5f5,28000148,1249,60,OG Mute
60,#8LGGPUVP2,EâglePâW❤️‍🔥,0xff1ba5f5,28000207,1249,61,RAXENS~
61,#8LQQCCPRG,MyS|Efim👾,0xffa8e132,28000101,1249,62,Quant ESports🐾
62,#9CPP2CJQ9,WhyLansik?,0xffff8afb,28000321,1249,63,Tribe Turkey
63,#9L0UQRPJJ,İRONMAN,0xffcb5aff,28000314,1249,64,₮Ɽ₩`eSports
64,#2UGV0ULQC,MONSTER,0xfff9c908,28000187,1249,65,Жосткие профи
65,#99LLQYY9,Joeh,0xfff9c908,28000335,1249,66,👋 🤷‍♂️
66,#2YJ2UJLCU,FR｜ちびっ子,0xff4ddba2,28000016,1242,67,あてぃしのこと好きすぎ―！❤️
67,#GYYYP8P9U,бист|Kristina ♡,0xffffffff,28000210,1238,68,
68,#QGLCPJ2J,Ansel,0xff1ba5f5,28000014,1237,69,CHEESEFOREVAR
69,#299PPJ22L,[MMA]nagibatori,0xffa2e3fe,28000235,1237,70,Showdown💔Kings
70,#8PJRRG2C,SK|GuilleVGX,0xffa8e132,28000099,1233,71,CONEXIÓN
71,#2P088J29C,Matt,0xffff8afb,28000333,1228,72,<c5>Just Us</c>
72,#9GJLVLYYU,Sad💔HOBi,0xfff05637,28000332,1223,73,destroyers🦇
73,#Y02L2GGC,Weeeeisit🍒,0xffff8afb,28000073,1214,74,Showdown💔Kings
74,#90RCQQJ,tuni,0xffffffff,28000003,1209,75,STMN Esports
75,#2VCR08Q92,シ︎𝕊𝕖𝕣𝕣𝕒⌫☯︎,0xffff8afb,28000291,1204,76,IG|Guiserrabs
76,#PQRJCVULY,疲 | Viper ✘,0xff4ddba2,28000322,1204,77,
77,#9J2JLUR8G,Aspect 🃏,0xffffffff,28000304,1203,78,7 Dwarves
78,#98QJC2YPU,LUCİ😈,0xffcb5aff,28000194,1203,79,Tribe Turkey
79,#8URCLRY8,球隊|RoUND🌠,0xfff9c908,28000061,1203,80,My social media
80,#2UYJV98J2,all 1500🏆,0xffffffff,28000000,1203,81,
81,#28CVQGURJ,kxrtofvl,0xffffffff,28000061,1203,82,UNDERDOG 🇵🇱
82,#802VG829,LuRkz🩵Sq,0xffff8afb,28000014,1202,83,Demise 🥀
83,#90V9VYJ8C,しょうけい,0xfff05637,28000242,1201,84,なかよし部
84,#JV2L02VV,SíJaauaq,0xffff8afb,28000303,1201,85,
85,#29UGLJV2G,Lёvi,0xfff9c908,28000244,1200,86,✌️✌️✌️
86,#CGQCYJGY,TTV | SnakeThug,0xfff9c908,28000341,1200,87,Deadly Vipers🐍
87,#2CRRRRYJR,моё,0xfff9c908,28000213,1200,88,✌️✌️✌️
88,#202RGUPUG,☆FrankensteIn☆❤,0xffcb5aff,28000170,1199,89,Quant ESports🐾
89,#8QYULL08R,lonex,0xfff9c908,28000335,1199,90,Lost Hell
90,#RRVVPG2Y,Brosta卡拉,0xff1ba5f5,28000206,1199,91,vMoove
91,#8Y98Q8U,CR | Sitetampo,0xffff8afb,28000014,1199,92,A Few Good Men
92,#9RRQYPY8Q,𝑷𝒐𝒕𝒆𝒎𝒆𝒏☃,0xff1ba5f5,28000339,1199,93,めろんぱん食堂
93,#P0GCYJY20,ＮＴ| ᴹᵃʲᵒʳ❃,0xffcb5aff,28000198,1199,94,HolyPower
94,#YY9PPLQL9,Yume𓅦,0xff4ddba2,28000149,1199,95,Cipher Pol
95,#GJPVYUQG,👑Joaco09J👑,0xffff9727,28000139,1199,96,Diablitas Team
96,#CJVR0P8,Matt🃏,0xffcb5aff,28000349,1199,97,Eternal Eclipse
97,#2LL8JYYVJ,алхимик38,0xffff9727,28000160,1199,98,анскиллы
98,#ULCPJJ8,Kat 🍄,0xffcb5aff,28000003,1199,99,Real Ones
99,#9JJYPJVVG,BigBosss.<3,0xfff9775d,28000244,1199,100,BigBoss Army
100,#2CCULGVPG,SG♡Sire●︎X,0xffcb5aff,28000047,1199,101,
101,#Y2QGGY29,Born to Live♡,0xffffffff,28000254,1199,102,LaWs Controll
102,#8R9VJLGLP,Blâex♛,0xffffffff,28000014,1199,103,YT: Murat Onat
103,#JGCCGY80,prostislavv,0xffff9727,28000042,1199,104,BOBR gaming
104,#2CY898QJ0,єηισ ƒαιχα⁷ 🥋,0xffcb5aff,28000224,1199,105,Candangos do BR
105,#8ULJJPYG2,Âtahan🖤Ubéyd,0xffffffff,28000333,1199,106,
106,#80808J2QV,🪐ᴳᵒᵈνϟcᴛᴏʀ 🜲,0xff4ddba2,28000140,1199,107,Tribe Turkey
107,#8LC808G,Tuyu,0xff1ba5f5,28000349,1199,108,@Tuyu_Official
108,#8LQ9JR82,Code: Eqwaak,0xfff9c908,28000004,1199,109,A Few Good Men
109,#29CVP0V9U,Almighty Push💐,0xffcb5aff,28000335,1199,110,Beyond Champs
110,#29RPVJCC,LOVE,0xffa2e3fe,28000224,1199,111,House Tully
111,#LGG9UY02C,を|Terrox🌺,0xff1ba5f5,28000305,1199,112,House Greyjoy
112,#92QUPQLQ2,longsliive🤍ソフィ,0xff1ba5f5,28000322,1199,113,Хижина Снайпов
113,#JRYLGVYV,QLS|Glory™️,0xffff9727,28000132,1195,114,Ex0tic-E-Sport
114,#J8UR8002,SKC | Prozy,0xffa8e132,28000029,1190,115,Emi's bar 🍻
115,#9LCP0VC0L,領域展開,0xffffffff,28000044,1187,116,친추 마스터만 받음
116,#2YVQ98Q8C,DF | Tory,0xff4ddba2,28000166,1187,117,Melody
117,#2PRG9V0PL,Mrs.♡colette♡,0xffa2e3fe,28000210,1185,118,MasterOfWar
118,#QP92PQV8V,Stanyslawes,0xffcb5aff,28000304,1185,119,mlpzaq
119,#8R99PJ890,xSkylasz•,0xffff9727,28000321,1181,120,Vitality
120,#89JJV992Y,ZL|caldera,0xfff9775d,28000040,1160,121,めろんぱん食堂
121,#C2CULQP0,❤️‍🔥Mazoex♛,0xff1ba5f5,28000314,1154,122,VV eSport
122,#220PGLU02,家|𝑴𝒆𝒎𝒆𝒏ϟ,0xffa8e132,28000163,1153,123,You and me 💜
123,#999GQG80J,Nᴇᴍᴇɪss♡,0xffff8afb,28000138,1153,124,
124,#2LR22JC9V,𝑻𝒐𝒃𝒊😮‍💨❤️,0xffa2e3fe,28000272,1151,125,BMW M5 F90.COMP
125,#80UQP9UYR,え𝚟𝚎𝚗𝚘𝚡ツ,0xffffffff,28000139,1150,126,No Mercy
126,#2PG00PG02,Jooja💜Ryo,0xff4ddba2,28000136,1149,127,
127,#82LGRVRPV,スラン💞whereend?,0xffffffff,28000058,1149,128,<c6>?</c>
128,#PYGR8CPJ2,〆ϻɪs͢τɪӄ🩸,0xfff9c908,28000018,1149,129,Spain4Win
129,#VP0CQCLV,Jin玄,0xffcb5aff,28000129,1149,130,RealDutch
130,#9UY0V22GG,MyS|Wintrader🤡,0xff4ddba2,28000067,1149,131,Showdown💔Kings
131,#JYYPU82P,次|🥀༄𝓜7̶m͠𝓓⸅✨,0xffcb5aff,28000054,1149,132,memoş
132,#P8RVQCQ2,KenDli,0xffff9727,28000244,1149,133,ферма kendli
133,#8J0LUV9QQ,ZETA | TvorojOK,0xffff8afb,28000058,1149,134,Showdown💔Kings
134,#9GG9R8GPG,🎋Ms|SAKUTA|🖤,0xffff8afb,28000081,1149,135,🎋| MS |🖤
135,#8JL2RYYVY,⚜️СоБаКа МоТя⚜️,0xffff9727,28000059,1149,136,LEGION🎴LEGEND
136,#CP99QPCQ,Joe🗿,0xffffffff,28000243,1149,137,
137,#98PUCCR2Q,Lenz🤍,0xfff9c908,28000095,1149,138,on the grind
138,#UGQJURVJ,𝑴𝒊𝒚𝒂𝒎𝒆𝒏☃,0xffa8e132,28000196,1149,139,めろんぱん食堂
139,#U2PRPLP,OU鸥,0xffffffff,28000341,1149,140,anyway🤷🏻‍♂️
140,#28C8RQQJ2,を|Wolf🍃,0xffffffff,28000256,1149,141,
141,#8QVGJQGGC,ᴀsᴛʀᴏ >.< 🖤,0xffff9727,28000272,1149,142,Kings United II
142,#2L80JP00L,Hillen,0xffff8afb,28000335,1149,143,Ex0tic-E-Sport
143,#PC9LPPYV,Nico❤️Heys,0xff1ba5f5,28000196,1149,144,No Mercy
144,#8UQPQJRPV,Galib,0xffffffff,28000321,1149,145,Sherlock
145,#8UQ9GQJJ,↝𝑉𝑖𝑝𝑒𝑟⍨꙳,0xff4ddba2,28000272,1149,146,めろんぱん食堂
146,#8CLC2YCYQ,M1xa🏓,0xffffffff,28000139,1149,147,A Few Kиски
147,#G9GC2CJLQ,Yolo,0xffff9727,28000349,1149,148,absolute w🪽
148,#PRP9UGU9Q,ZL|Chaser!,0xffcb5aff,28000297,1140,149,✌️✌️✌️
149,#Y28RJCCPL,あ|Nouggetシ🦋,0xfff9c908,28000075,1137,150,艾~ℰ𝓈𝓅ℴ𝓇𝓉
150,#P0Y9VPGLY,Sky ˡᵒᵛᵉʸᵒᵘ,0xffffffff,28000003,1136,151,
151,#8GUPLYY,FG | Jene,0xffff8afb,28000135,1136,152,clover
152,#989L0928Q,L1S|Sufiyan❦,0xff1ba5f5,28000033,1135,153,IMMORTAL SOULS
153,#VGLY2G88,はRyuji🍢,0xffffce89,28000247,1129,154,
154,#PQ28JP0P,亲Jσтα,0xffff9727,28000175,1127,155,7 Dwarves
155,#88RGGCVQJ,My heart in AUS,0xff4ddba2,28000092,1127,156,ハナクソタケシ
156,#99JQ9PQP,Artem4ic🤍W,0xff4ddba2,28000018,1126,157,
157,#PQPR2GQGJ,MatCha✈️,0xffcb5aff,28000014,1122,158,HK瘋
158,#VJUQ0Y,LG | Chino,0xff1ba5f5,28000322,1119,159,Havoc Echo
159,#PQJVG9LG2,REX Kai💫🥀,0xff1ba5f5,28000110,1117,160,REX💫
160,#CPPV2PQG,MeliodasBot🐐,0xffa8e132,28000006,1116,161,No Mercy
161,#82JGY0UC0,_D e n,0xffcb5aff,28000244,1115,162,Импрессив
162,#PR9U2JL,Juan Carlos,0xffffffff,28000119,1114,163,Humble Grinders
163,#99YL0PV9V,𝐍𝐓|𝐋𝐮𝐢𝐬𝐮,0xffffce89,28000349,1114,164,✌️✌️✌️
164,#9YYUPGJ2V,Nerf⁷💯,0xffff9727,28000121,1113,165,Havoc Echo
165,#YPP02G9L,Mxrf 🐝,0xff1ba5f5,28000291,1110,166,Beyond Washed
166,#29L028GQL,Djahsta,0xffff9727,28000306,1109,167,BC*|Family*
167,#9L09YYQ8L,⛩️Panda G.m⛩️,0xffcb5aff,28000330,1108,168,HolyGuns
168,#Q82Y09LVP,xTago_cL,0xff4ddba2,28000239,1108,169,Dragon Basado
169,#GRCYVRJG,Edgar🤍æ,0xffff9727,28000176,1107,170,7 Dwarves
170,#8CRC9QUY9,팀원 버스타는Daye🤱,0xfff9c908,28000124,1107,171,<c1>BBOBBY</c>
171,#9VU9R2LY,Terry!,0xffffffff,28000081,1107,172,✌️✌️✌️
172,#2J2P9YGLC,relts YT,0xff1ba5f5,28000056,1105,173,PIKACHU⚡
173,#GRVL8ULV,陰|SuperLab ☯︎,0xff1ba5f5,28000141,1105,174,7 Dwarves
174,#2P2URUV8G,Foncho,0xffcb5aff,28000209,1105,175,Dragon Chileno
175,#QGG2UUV0,P4S|Kurumi,0xffcb5aff,28000014,1105,176,Real Ones
176,#YQUQUUG,Ferlol,0xff1ba5f5,28000294,1104,177,minuta:3
177,#2VG02RU0,ThorN3X,0xffcb5aff,28000018,1104,178,Brawl King's
178,#20CJVQQYU,[₮₱] ₱ɆⱠ₳Ɖ₳Ø,0xffcb5aff,28000291,1104,179,★the Players★
179,#G99CYGL,𝒁𝒂𝒊𝒌𝒐❄️,0xff4ddba2,28000194,1104,180,ChillOG
180,#88QCRPLJV,Togi☁️,0xffff8afb,28000303,1104,181,7 Dwarves
181,#90RQYP98U,♡•bestie•♡🧸,0xffa2e3fe,28000221,1104,182,7 Dwarves
182,#20CQLYP2C,TBEjason,0xffff8afb,28000336,1104,183,Brawl King's
183,#CJP08CU0,Uriel,0xffffffff,28000135,1104,184,Brawl King's
184,#2008RLPYC,ChrisG,0xff1ba5f5,28000081,1104,185,Hadel•Va•
185,#VGUG9RGG,Copito🐈‍⬛,0xffcb5aff,28000267,1104,186,<c8>BibiGum</c>
186,#8J8U8L9YG,VN|A🤍,0xffff8afb,28000317,1104,187,<c5>Just Us</c>
187,#PLUGLRG28,4SV_MaSTeP,0xffffffff,28000233,1104,188,Quant ESports🐾
188,#CG0YQP2C,Bavioツんﾌﾒ,0xffffffff,28000014,1104,189,Arab Empire
189,#280RJ92JC,ExP |BloocK,0xfff9c908,28000242,1104,190,CONEXIÓN
190,#YCC8CJU,Captainroxx⚡️,0xffff9727,28000262,1104,191,<c7>BLITZ</c>
191,#298JUYR29,Chase-Itz,0xffcb5aff,28000156,1103,192,Beyond Kratos
192,#82GPP9LQ,BC*| Tobi🍉,0xff1ba5f5,28000303,1103,193,BC*|Family*
193,#29YQ0JR2Y,れい｜ray🤷🏻‍♂️,0xffa8e132,28000151,1103,194,ユーロ
194,#9VP2R0P9,ToxicZan,0xff1ba5f5,28000352,1103,195,Real Ones
195,#80G89U99R,Chibro,0xffcb5aff,28000018,1103,196,ETERNAL FLAME
196,#209G0UUGY,Ylli🐬,0xffff8afb,28000321,1103,197,Tribe Gaming NA
197,#PP8URGQL8,J. Álvarez ⁹🕷️,0xff1ba5f5,28000139,1103,198,Emi's bar 🍻
198,#8GJY9G8UQ,Lollo ヤー🥱.,0xffff9727,28000237,1103,199,Celestyn
199,#J8YPGR,Twitch: Tobi,0xffcb5aff,28000000,1103,200,Brawl King's
