,tag,name,nameColor,icon,trophies,rank,club
0,#2C9PLLUG8,Efecan|Apple♎🖤,0xffff8afb,28000321,1503,1,<c0>ＬＯＮＥＬＹ★</c>
1,#8GV2CP2J8,☔ZORLU☔,0xffcb5aff,28000003,1501,2,<c0>ＬＯＮＥＬＹ★</c>
2,#VL0GPPJV,Physic Gear 5,0xfff9c908,28000014,1500,3,Eclipse 🌖
3,#20L88L2J,FUT | LeNain,0xffff8afb,28000321,1499,4,A Few Good Men
4,#JQVQYVY,Code: VTzim 🌑,0xffff8afb,28000339,1499,5,Eclipse 🌖
5,#R2LR2QLG,NOUN | Mohtep,0xffffffff,28000243,1452,6,A Few Good Men
6,#VYGVV08Q,🍅domates,0xffffffff,28000261,1431,7,
7,#2PGGR8Y9P,Asuna Yuuki,0xff1ba5f5,28000201,1399,8,Follow?
8,#P9UVCQ2U2,Amazing,0xffff8afb,28000337,1399,9,help ranks
9,#8LYQPLP29,🖤MKZ🖤,0xffffffff,28000032,1399,10,ᴅᴀɪʟʏ
10,#GRRGLVVJV,Bleaff🍁,0xffff8afb,28000321,1354,11,
11,#9LJJ8QQPY,гамi💘,0xffffffff,28000000,1349,12,
12,#88QVPU00U,TT | CONTENDERS,0xfff05637,28000290,1316,13,RK Esport
13,#22LQGCYUP,Pumm,0xffffffff,28000118,1309,14,Quinx Academy
14,#Q2JVVRJVJ,tengo novia🥰,0xffffffff,28000075,1303,15,
15,#20QUGCVQ9,Mirrox 🐺,0xffffffff,28000345,1302,16,HolyPower
16,#200VQUPRP,TQ | Blaksxy⛧,0xffffffff,28000018,1300,17,A Few Good Men
17,#PQPR2GQGJ,MatCha✈️,0xffcb5aff,28000014,1300,18,HK瘋
18,#8VGPQLG98,⛩️|MedoMark64🥀,0xffffffff,28000163,1299,19,LA Global
19,#2P088J29C,Matt,0xffff8afb,28000333,1299,20,<c5>Just Us</c>
20,#8LQ9JR82,Code: Eqwaak,0xfff9c908,28000004,1299,21,A Few Good Men
21,#JRYLGVYV,QLS|Glory™️,0xffff9727,28000132,1297,22,Ex0tic-E-Sport
22,#2JGPCL0RU,d'y,0xffff8afb,28000008,1278,23,clover
23,#28GR908QJ,P4S|MasTeR,0xffff9727,28000014,1265,24,P4SSANGERS
24,#8JU922PJ8,Deniz❤️🔥,0xffffffff,28000321,1256,25,
25,#YV8U29VLY,Oh My Bibi🥵,0xffcb5aff,28000129,1255,26,❤️‍🩹
26,#8C0PLGQRV,Duo♡nubik,0xff4ddba2,28000254,1254,27,Quant ESports🐾
27,#PYUJGV290,🪃在profikk🏔️,0xffcb5aff,28000207,1254,28,Ladder Warriors
28,#8CJLU9GVR,DatKill,0xffcb5aff,28000335,1254,29,Showdown💔Kings
29,#8PRC9029Y,гуль тиграа<3,0xffffffff,28000000,1254,30,A Few Kиски
30,#889VRC0QJ,🦅|Matheo>.<,0xffffffff,28000197,1254,31,
31,#99JQ9PQP,Artem4ic🤍W,0xff4ddba2,28000018,1254,32,
32,#CPYUR8QR,KD|Buff♡,0xfff9c908,28000132,1254,33,Quant ESports🐾
33,#PLLRJC2V,Wesley534,0xff1ba5f5,28000210,1254,34,Ghost Team👻☔
34,#8GULV80RP,wortekz,0xfff9c908,28000345,1254,35,Brawl King's
35,#80Y88YLVP,メ•𝑳𝒆𝑛𝑛𝘺🤍,0xffcb5aff,28000196,1254,36,VV eSport
36,#PL09VC89J,xMehmet🤍,0xffcb5aff,28000125,1253,37,LA Global
37,#2GYY989GU,あ|Nouggetシ🦋,0xffa8e132,28000075,1253,38,VV eSport
38,#2ULUP8VG9,ぜ|КеКzzz🌖,0xffff9727,28000003,1253,39,ᴅᴀɪʟʏ
39,#P88G9CGYV,KY,0xffff9727,28000267,1253,40,<c5>ぽんみちょった</c>
40,#9G0CJPJPY,Taha♛,0xffcb5aff,28000170,1253,41,GOOD BYE TAHA
41,#RPQUY9VQ,Lamine🍜,0xffffffff,28000278,1253,42,<c7>幹嘛偷看我個資</c>
42,#22LJJCJ2G,Ferhât🦁,0xffff8afb,28000150,1253,43,BS|KoalisyoN
43,#UYUUQQ8Q,대왕❦(光),0xffcb5aff,28000115,1253,44,<c1>BBOBBY</c>
44,#22VUV8VJ9,ˢᴸᴳ᭄Nสt๏x,0xffcb5aff,28000139,1253,45,YT : ELCANGRI
45,#PJ9882U,Egnity|Ama🥀,0xffcb5aff,28000023,1253,46,ゆかいな仲間たち
46,#Q9YC0J0G9,Rusya🤍Bloodyハニ,0xfff9c908,28000004,1252,47,KingdomRush
47,#LQJC9QL2,HJK┃アチャ,0xffffffff,28000000,1252,48,豚骨ラーメンファンキー
48,#802VG829,LuRkz🩵Sq,0xffff8afb,28000014,1252,49,Demise 🥀
49,#8LJPGJ2JL,❤️Like_섭이💙,0xffff8afb,28000244,1252,50,홀릿군단
50,#YGQYGCR,Portox😡,0xff1ba5f5,28000191,1252,51,Blue Label
51,#82UCLY9C8,Kronos🇧🇷,0xffff8afb,28000029,1252,52,Brawl King's
52,#8LQQCCPRG,MyS|Efim👾,0xffa8e132,28000101,1252,53,Quant ESports🐾
53,#GPPRCRLQG,sQwiRtl支,0xffffffff,28000156,1252,54,Talents
54,#2PLYGLPPJ,Joel玄,0xffff9727,28000020,1252,55,
55,#2UYJR9VL,Corwas,0xffcb5aff,28000349,1252,56,Brawl Kings
56,#P99QGPLU2,Davex,0xffffce89,28000129,1252,57,Brawl King's
57,#2UQCRP90,ばくいけまめちゃんふぉん6,0xfff9c908,28000149,1252,58,数え役満🀄️
58,#PVLQR8Y2L,Sam 🔪,0xffffffff,28000322,1252,59,anomaly
59,#29UGLJV2G,Lёvi,0xfff9c908,28000244,1252,60,✌️✌️✌️
60,#U0UQUVGU,Crux✨,0xff1ba5f5,28000300,1252,61,Meow
61,#2PJJQV92,V3|Flamen🤍,0xffffce89,28000230,1252,62,CONEXIÓN
62,#QRUQQLV0,Code: Nukleo,0xffa8e132,28000186,1252,63,LA Instinct
63,#2Y2Y99GQR,VizeZ,0xffffffff,28000230,1252,64,Ex0tic-E-Sport
64,#2028QGJ99,AUV|Noob玄,0xffffce89,28000345,1252,65,Brawl King's
65,#QR2GC8V,BKB|❄IC£CRØW❄,0xfff9c908,28000348,1252,66,Tribe Turkey
66,#PCJV8PCP2,SEKHON SAN,0xffff8afb,28000224,1251,67,<c0>IMPACT</c>
67,#2YCRJQJJU,『ⁱ ᵃᵐ₣₳฿ł₳₦🎭🥀,0xfff9c908,28000091,1251,68,NHY E-SporTS
68,#C2CULQP0,❤️‍🔥Mazoex♛,0xff1ba5f5,28000314,1251,69,VV eSport
69,#88QCRPLJV,Togi☁️,0xffff8afb,28000303,1251,70,7 Dwarves
70,#CJUL0RYJ,BLZ|ᵒᵖKozmo ♛,0xff1ba5f5,28000129,1251,71,Tribe Turkey
71,#9UG08PQUY,xSkywalker🦋ま,0xff1ba5f5,28000135,1251,72,Quant ESports🐾
72,#LRLQPU09,Quantic 🌵,0xffa8e132,28000284,1251,73,LA Global
73,#PUJ8JCU2P,ѕυηѕє∂なさた🥷🤍,0xffff9727,28000337,1251,74,NA|Legends❤️‍🩹
74,#9VU9R2LY,Terry!,0xffffffff,28000081,1251,75,✌️✌️✌️
75,#YG2QP288P,Ñîćoなさた🥷🤍,0xffff9727,28000340,1251,76,LA Global
76,#8VJYGP2R8,+＋爽凛❇︎SOURIN＋+,0xff1ba5f5,28000267,1251,77,Uchronia
77,#80CJRRVJ8,MommyM7D🍎🦖,0xffff8afb,28000314,1251,78,<c0>IMPACT</c>
78,#PYPQUG80,Zava💞Sunfote,0xffff9727,28000195,1251,79,Showdown💔Kings
79,#8VP882CR2,♡Mr_ido♡,0xffcb5aff,28000041,1251,80,Tribe Turkey
80,#CYUVPCUV,Yusuf19,0xffcb5aff,28000003,1251,81,NHY E-SporTS
81,#PR9U2JL,Juan Carlos,0xffffffff,28000119,1251,82,Humble Grinders
82,#20VGJ98U,❦ ɴᴇꜰᴇʀᴘɪᴛᴏᴜ ❦,0xfff9c908,28000244,1251,83,FEROZ FORCE⚔️
83,#80GPQ2RGP,薙| Juice🧃,0xff4ddba2,28000337,1251,84,Tribe Turkey
84,#2PLVJ0GLV,Sniper🐙,0xffff9727,28000244,1251,85,Brawl Kings
85,#JP92YUJL,ϚĦ͢Ʌ|★₳Ɽ₳₴ツ,0xffff9727,28000334,1251,86,<c7>ＣＨＡ</c>ＯＳ⭐
86,#9CG8LJU8,『ᴵ ᵃᵐⱧ₳₥Ⱬ₳🎭🥀』,0xffcb5aff,28000293,1251,87,Tribe Turkey
87,#8Q9Y92PG0,kamo,0xffff8afb,28000113,1251,88,KingdomRush
88,#8R99PJ890,xSkylasz•,0xffff9727,28000321,1251,89,Vitality
89,#PQ28JP0P,亲Jσтα,0xffff9727,28000175,1250,90,7 Dwarves
90,#98RV0YRL,dudus,0xffa8e132,28000044,1250,91,✌️✌️✌️
91,#2LY99YGP8,HJK┃エネ↯,0xffcb5aff,28000338,1250,92,<c2>エホヤキム</c>
92,#2LGCUYYPP,🎀ТАЧАЧЦ🎀,0xffcb5aff,28000207,1250,93,Lost Hell
93,#8PJRRG2C,SK|GuilleVGX,0xffa8e132,28000099,1250,94,CONEXIÓN
94,#PCLQQ0Q2L,Yunooo.<3,0xffffffff,28000175,1250,95,JeTeMangeArmy
95,#JV2L02VV,SíJaauaq,0xffff8afb,28000303,1250,96,
96,#Q2LCJV9Q,ぴょんまる〜♫おぅおぅ⤴︎,0xffffce89,28000035,1250,97,Uchronia
97,#92VJ8VQUP,🔥an_hayp🔥,0xfff05637,28000047,1250,98,
98,#GVQUYG90,Shattered ⟡,0xffffffff,28000000,1250,99,7 Dwarves
99,#8LLJ92VQ,あ| 𝓐𝓱𝓶𝓮𝓓🥀,0xff1ba5f5,28000349,1250,100,OG Mute
100,#2082JRYUV,GooD•G,0xffcb5aff,28000033,1250,101,<c5>Just Us</c>
101,#2PJJQLR8L,Ruru star🩵,0xffffce89,28000044,1250,102,친추 마스터만 받음
102,#82GC0CU8,XP|beko🦊,0xffff9727,28000223,1250,103,
103,#JGCCCQG9,leave a regret,0xff4ddba2,28000341,1250,104,we love rabbits
104,#2LJ9QCCL,tedd💞💞,0xffffffff,28000112,1250,105,
105,#989L0928Q,L1S|Sufiyan❦,0xff1ba5f5,28000033,1249,106,IMMORTAL SOULS
106,#999JCRY2Y,savchukk<3.,0xffffce89,28000139,1249,107,Havos Echo
107,#YQUQUUG,Ferlol,0xff1ba5f5,28000294,1249,108,minuta:3
108,#2UU2V2L0G,æncore💘,0xff1ba5f5,28000000,1249,109,Revaible 💗
109,#89CGJQ08G,Lônély🖤ClârX,0xffcb5aff,28000003,1249,110,LA Global
110,#289QGVYRQ,TyM|Ârda🦁,0xffff9727,28000014,1249,111,TyM`eSports
111,#2UGYQURUG,HeGs:)🇹🇷❤️‍🔥,0xffcb5aff,28000018,1249,112,NHY E-SporTS
112,#8QY2Y80CG,godikk❤️‍🔥,0xffcb5aff,28000014,1249,113,Ex0tic-E-Sport
113,#GL92QR808,오리,0xfff9c908,28000348,1249,114,친추 마스터만 받음
114,#89YL8VC,|🌬тρ⋆SsoɔɹɐW彡,0xffff9727,28000349,1249,115,★the Players★
115,#PPUPP8GV0,Yusuf❦,0xffa2e3fe,28000352,1249,116,
116,#UUPCPJLJ,brawl pro,0xffff9727,28000290,1249,117,Meow
117,#L29P20PL,𝓝𝓮𝓻𝓸👻🖤,0xffcb5aff,28000285,1249,118,Music Surface
118,#GJRV99Q8,我不Enzoo🤍在你,0xfff05637,28000321,1249,119,Ex0tic-E-Sport
119,#2LVG20QQG,ソロ対決vezun4ik1💞,0xff1ba5f5,28000349,1249,120,ETERNAL FLAME
120,#8Y2Y0GYYG,与田祐希𓃵,0xfff9c908,28000240,1249,121,Cipher Pol
121,#8G29J8V8C,💠黄昏れるまんじ💠,0xffcb5aff,28000297,1249,122,三好の横乳
122,#URV8JPY,ormy🎄,0xffffffff,28000176,1249,123,Havoc Echo
123,#JLRJ9PY,NW|King🕊,0xffff9727,28000139,1249,124,Nøᵂᵅᵞ
124,#22GUVLJQ,椹Nιcσσн.🥀,0xff4ddba2,28000136,1249,125,Ghost's Juice
125,#8QPQUJUPU,Sacrifício,0xfff05637,28000014,1249,126,[™BLIND™]
126,#YR89G8GQL,TheGoatLuca 🌴,0xffff8afb,28000244,1249,127,Prime Is Coming
127,#80808J2QV,🪐ᴳᵒᵈνϟcᴛᴏʀ 🜲,0xff4ddba2,28000140,1249,128,Tribe Turkey
128,#UG2JJ89,Redziin🫀,0xfff05637,28000272,1249,129,Ghost Team👻☔
129,#99PRPGQYC,ᴳᵒᵈD̷y̷n̷a̷🎋,0xffff9727,28000346,1249,130,🗡️| Impossible
130,#2LQJJGCUU,🎭數Mуѕтic×͜×🖤,0xffcb5aff,28000305,1249,131,Lions eSports™
131,#2UYJV98J2,all 1500🏆,0xffffffff,28000000,1249,132,
132,#8YUV9V9YR,༺Iคᴍ༻bipppo<3,0xff1ba5f5,28000331,1249,133,minuta:3
133,#QG9UUURGU,Натан🐶✨,0xff1ba5f5,28000194,1249,134,はい「s❤️‍🔥World
134,#99LLQYY9,Joeh,0xfff9c908,28000335,1249,135,👋 🤷‍♂️
135,#20RUGRYGP,最強卍ちゃそ君卍,0xfff9c908,28000220,1249,136,
136,#RUGUJPR8,☠ĆØΜβΔŦ€ŇŦ€☠,0xff4ddba2,28000253,1249,137,★the Players★
137,#2GU22C2GY,打打小朋友,0xffff8afb,28000341,1249,138,一万又一万
138,#2RP0U2CUV,BERAT❤️ELA,0xfff05637,28000244,1249,139,₮Ɽ₩`eSports
139,#C8PLP8VQ,Zaikuu ☘️,0xff4ddba2,28000000,1249,140,EternityCry ✨
140,#LJPQRPRCC,愛|𝖲𝚑𝚘ԵԵᴢʸ•❦︎,0xffffffff,28000294,1249,141,Eᴍᴘɪʀᴇ Vɪᴋɪɴɢs⚒
141,#PRUCG288Y,•☆Fynn冬,0xffff8afb,28000317,1249,142,BC*|Family*
142,#2LC9RU2UG,ƇЄƊƦƖƇ🍁,0xffff9727,28000124,1249,143,+12 yaş sew
143,#82GPP9LQ,BC*| Tobi🍉,0xff1ba5f5,28000303,1249,144,BC*|Family*
144,#8GQU8JUPJ,AST_Asterøid⁸⁹,0xffff9727,28000221,1249,145,Asteroid
145,#YLV8CL0R,Astaaaa❤️‍🔥😈,0xff4ddba2,28000347,1249,146,Tribe Turkey
146,#8YQV9UPRL,AvalSElguu🌫️,0xffffffff,28000331,1249,147,MEGATROLL
147,#8JV08U8GR,NightMare❤️‍🔥,0xffcb5aff,28000280,1249,148,NHY E-SporTS
148,#2RL8LGV9Q,🐼iBearQu❦︎,0xfff05637,28000352,1249,149,High Quality
149,#8YUVLQQLG,TEM | Gluttonyʕ,0xff1ba5f5,28000088,1249,150,おなかすいたよ🍖🍔🍟🍕
150,#20YJ9PLLV,ま|Shadows • 💫,0xffffffff,28000041,1249,151,what happened
151,#GRC9RRJR,TQ | Javi,0xfff9c908,28000137,1249,152,A Few Good Men
152,#90RQYP98U,♡•bestie•♡🧸,0xffa2e3fe,28000221,1249,153,7 Dwarves
153,#820JCJJG,Jxcr🚮,0xffff9727,28000118,1249,154,Emi's bar 🍻
154,#RJRQU08C,❦☽Vice ⚜︎Yuki❦,0xffa8e132,28000242,1249,155,🦠🦠🦠
155,#8QJ0YUV8Q,千 | Kai,0xffa8e132,28000018,1249,156,Beyond Swift
156,#GRCYVRJG,Edgar🤍æ,0xffff9727,28000176,1249,157,7 Dwarves
157,#20P2GP99,Ducky🐝,0xffa8e132,28000136,1249,158,NA Friends
158,#8Q0RCVRVJ,샤논,0xffffffff,28000210,1249,159,Magicians
159,#98P92U0UU,ARX|Numan,0xfff9c908,28000047,1249,160,
160,#9GVQQ2VJL,𝑳𝒊𝒈𝒉𝒕❦,0xffffffff,28000097,1249,161,Easy Ltda
161,#2Q2JQURJR,あSerhâtt❤️‍🔥,0xff1ba5f5,28000297,1249,162,NHY E-SporTS
162,#8RYP9VYQC,Buğrâ🦁,0xfff9c908,28000050,1249,163,...
163,#2UJ08RQJG,꧁Rìøt | Znmr꧂,0xfff9c908,28000210,1249,164,
164,#P8U8JQLG,感|WarMan⚔️,0xff1ba5f5,28000148,1249,165,OG Mute
165,#299PPJ22L,[MMA]nagibatori,0xffa2e3fe,28000235,1249,166,Showdown💔Kings
166,#8LGGPUVP2,EâglePâW❤️‍🔥,0xff1ba5f5,28000207,1249,167,RAXENS~
167,#2LR22JC9V,𝑻𝒐𝒃𝒊😮‍💨❤️,0xffa2e3fe,28000272,1249,168,BMW M5 F90.COMP
168,#CYLL2GG,XP|Utku🖤,0xffcb5aff,28000014,1249,169,ᴅᴀɪʟʏ
169,#90LPVYVUP,Yusuf♛,0xffffffff,28000112,1249,170,SALDİM
170,#9ULYPV8,CR | Tensai,0xffff8afb,28000186,1249,171,A Few Good Men
171,#L92LJC99Y,❦NL|Kisara❦,0xffcb5aff,28000000,1249,172,Venus
172,#9L0UQRPJJ,İRONMAN,0xffcb5aff,28000314,1249,173,₮Ɽ₩`eSports
173,#YRJ0PGJLC,そふちゃ🪄🫧,0xff4ddba2,28000222,1249,174,めろんぱん食堂
174,#9QUQYYRJG,NoLiFer❤️‍🔥,0xffffffff,28000018,1249,175,Invincible
175,#9RCCLP288,Zest✨️Sternᴬᵖᵉˣ,0xff1ba5f5,28000018,1249,176,Illusion Gaming
176,#8VJCP2UJ,のしおちゃん,0xffcb5aff,28000300,1249,177,侍Blue
177,#GLYU9P8UJ,болдстеп🤍,0xffff9727,28000254,1249,178,Paranoid Tales
178,#J8YPGR,Twitch: Tobi,0xffcb5aff,28000000,1246,179,Brawl King's
179,#YRURQRPUR,Skibidi Chipz,0xff1ba5f5,28000018,1245,180,Talents
180,#9L09YYQ8L,⛩️Panda G.m⛩️,0xffcb5aff,28000330,1245,181,HolyGuns
181,#QJULVGU,QLS | Edinho,0xff1ba5f5,28000194,1239,182,Ghost Team👻☔
182,#PPG8C2P2,Zimon,0xffffffff,28000184,1237,183,<c5>Just Us</c>
183,#LGG9UY02C,を|Terrox🌺,0xff1ba5f5,28000305,1237,184,House Greyjoy
184,#9QULJUR8Q,Øs |lulu,0xffffffff,28000140,1237,185,JeTeMangeArmy
185,#LCVLCGUGP,whysweet<3.,0xffffffff,28000135,1236,186,Lost Hell
186,#GV9GRLJJ,Counter,0xffff9727,28000265,1236,187,NA Friends
187,#202RGUPUG,☆FrankensteIn☆❤,0xffcb5aff,28000170,1236,188,Quant ESports🐾
188,#J8UR8002,SKC | Prozy,0xffa8e132,28000029,1232,189,Emi's bar 🍻
189,#PC9LPPYV,Nico❤️Heys,0xff1ba5f5,28000196,1232,190,No Mercy
190,#8L98VJ0RJ,あ|EJDER'🎩,0xffcb5aff,28000207,1231,191,
191,#8QGRR8VUG,オ様helsing❤️‍🔥,0xffffffff,28000014,1231,192,destroyers🦇
192,#YY9PPLQL9,Yume𓅦,0xff4ddba2,28000149,1227,193,Cipher Pol
193,#VPGGUU9U,|🌬ŦƤ⋆SsnıɔıuıΛ,0xff1ba5f5,28000243,1226,194,★the Players★
194,#29UC8UV98,🔥Mma Ukr🔥,0xfff05637,28000263,1225,195,Brawl King's
195,#P22J8JP8,ZETA | BADBOY,0xffff9727,28000284,1224,196,No Mercy
196,#Y0GLYCYVY,Maho❤️🔥,0xff1ba5f5,28000129,1223,197,<c0>ＬＯＮＥＬＹ★</c>
197,#P9YCRRRVL,Zelephh,0xff1ba5f5,28000123,1219,198,Brawl Kings
198,#98QJC2YPU,LUCİ😈,0xffcb5aff,28000194,1217,199,Tribe Turkey
199,#P90RJQ8C,Sizuku🐬,0xff1ba5f5,28000044,1216,200,数え役満🀄️
