,tag,name,nameColor,icon,trophies,rank,club
0,#Q92PG0RG8,Dilara💗,0xffcb5aff,28000135,1403,1,Washed
1,#YRURQRPUR,Skibidi Chipz,0xff1ba5f5,28000018,1302,2,Talents
2,#VLQPVPY,Naz❤️Hyra,0xffff8afb,28000303,1302,3,Fenernazçe 💙💛
3,#JQVQYVY,Code: VTzim 🌑,0xffff8afb,28000339,1302,4,Eclipse 🌖
4,#VYGVV08Q,🍅domates,0xffffffff,28000261,1301,5,
5,#8CCRG9P99,ɪɴᴄᴏɢɴɪᴛᴏ,0xffff9727,28000284,1299,6,DarkUnWanted👾
6,#8UQY02U29,少年A,0xffffce89,28000071,1299,7,小野ハゲを助け隊
7,#VL0GPPJV,Physic Gear 5,0xfff9c908,28000014,1280,8,Eclipse 🌖
8,#L8RGRURG,lapaPsa,0xffffce89,28000244,1275,9,true religion🫀
9,#CJP08CU0,Uriel,0xffffffff,28000135,1267,10,Brawl King's
10,#PLQ0QRVQL,FMG | Flashᴷⁱⁿᴳ,0xffffffff,28000139,1257,11,ZETA|DIVISION'S
11,#PLUGLRG28,4SV_MaSTeP,0xffffffff,28000233,1254,12,Quant ESports🐾
12,#2LC0LQCRP,Evaツんﾌﾒ,0xff1ba5f5,28000241,1254,13,Brawl King's
13,#2LC9RU2UG,ƇЄƊƦƖƇ🍁,0xffff9727,28000124,1253,14,+12 yaş sew
14,#8ULJJPYG2,Âtahan🖤Ubéyd,0xffffffff,28000333,1253,15,
15,#CPPV2PQG,MeliodasBot🐐,0xffa8e132,28000006,1252,16,No Mercy
16,#2LY99YGP8,HJK┃エネ↯,0xffcb5aff,28000338,1252,17,<c2>エホヤキム</c>
17,#P99QGPLU2,Davex,0xffffce89,28000129,1252,18,Brawl King's
18,#8CULYYLVC,たんじろう🧸,0xffcb5aff,28000014,1252,19,Emi's bar 🍻
19,#PYJLL2QQL,たか/みく推し🎧❄️,0xff1ba5f5,28000334,1252,20,めろんぱん食堂
20,#9G89LGUJP,CELAVIE,0xffff8afb,28000303,1252,21,Easy Ltda
21,#9JJYPJVVG,BigBosss.<3,0xfff9775d,28000244,1252,22,BigBoss Army
22,#P2G8CUUPU,August🥷,0xffffffff,28000241,1252,23,BC*|Family*
23,#80PC2QJCR,❥Hazzēиs✧,0xff1ba5f5,28000348,1252,24,7 Dwarves
24,#9VU9R2LY,Terry!,0xffffffff,28000081,1252,25,✌️✌️✌️
25,#YGQYGCR,Portox😡,0xff1ba5f5,28000191,1252,26,Blue Label
26,#UCVGRLL8,Kon☪︎,0xffffffff,28000338,1252,27,Trophy
27,#8GYJGVYR,thicc❤️basta,0xffff9727,28000233,1252,28,TheBrawlingKiwi
28,#28CVQGURJ,kxrtofvl,0xffffffff,28000061,1252,29,UNDERDOG 🇵🇱
29,#P9UVCQ2U2,Amazing,0xffff8afb,28000337,1251,30,help ranks
30,#8R99QVPYQ,YT|Gunnar BS,0xffffffff,28000334,1251,31,Ash's Club
31,#9RRQYPY8Q,𝑷𝒐𝒕𝒆𝒎𝒆𝒏☃,0xff1ba5f5,28000339,1251,32,めろんぱん食堂
32,#GV00QCYL,ɆⱠĐł₦™×͜×,0xfff9c908,28000019,1251,33,🧀MUSSARELOS✨
33,#P8RQ90UY9,FMG | Vitorᴷⁱⁿᴳ,0xffffce89,28000349,1251,34,Ex0tic-E-Sport
34,#GRJY0J0R,SKC | Lukitas,0xfff9c908,28000244,1251,35,Emi's bar 🍻
35,#29UGLJV2G,Lёvi,0xfff9c908,28000244,1251,36,✌️✌️✌️
36,#8Y2Y0GYYG,与田祐希𓃵,0xfff9c908,28000240,1251,37,Cipher Pol
37,#QRUQQLV0,Code: Nukleo,0xffa8e132,28000186,1251,38,LA Instinct
38,#JV2L02VV,SíJaauaq,0xffff8afb,28000303,1251,39,
39,#8R99PJ890,xSkylasz•,0xffff9727,28000321,1251,40,Vitality
40,#PYPQUG80,Zava💞Sunfote,0xffff9727,28000195,1251,41,Showdown💔Kings
41,#2VQ2L8P0,crawfy,0xffffce89,28000336,1250,42,Kiwithatgame
42,#PQ28JP0P,亲Jσтα,0xffff9727,28000175,1250,43,7 Dwarves
43,#88RGGCVQJ,My heart in AUS,0xff4ddba2,28000092,1250,44,ハナクソタケシ
44,#8Y082R2GG,추카|RapZ ✶,0xffff9727,28000211,1250,45,Beyond Swift
45,#RVLQ0VUR,风暴|kerem🎃,0xffff9727,28000257,1250,46,ᴅᴀɪʟʏ
46,#9L09YYQ8L,⛩️Panda G.m⛩️,0xffcb5aff,28000330,1250,47,HolyGuns
47,#99VLVGRJG,BootyBaptizer69,0xffffce89,28000000,1250,48,Humble Grinders
48,#2CUYQ8RQC,🥷🏿,0xffffffff,28000272,1250,49,
49,#8GV2CP2J8,☔ZORLU☔,0xffcb5aff,28000003,1250,50,<c0>ＬＯＮＥＬＹ★</c>
50,#82LRGLQ02,あ| 𝓕𝓪𝓱𝓪𝓓🥀,0xff1ba5f5,28000283,1250,51,OG Mute
51,#92VJ8VQUP,🔥an_hayp🔥,0xfff05637,28000047,1250,52,
52,#QR2GC8V,BKB|❄IC£CRØW❄,0xfff9c908,28000348,1250,53,Tribe Turkey
53,#2CLP2PGGR,Paulø⚡,0xfff9c908,28000114,1249,54,Time Room⏳
54,#222JQRL02,ayax,0xffff9727,28000330,1249,55,T.Cyberneticos
55,#89JJV992Y,ZL|caldera,0xfff9775d,28000040,1249,56,めろんぱん食堂
56,#8JV08U8GR,NightMare❤️‍🔥,0xffcb5aff,28000280,1249,57,NHY E-SporTS
57,#89V2LPJR2,Seipan,0xfff9c908,28000006,1249,58,✌️✌️✌️
58,#8YUVLQQLG,TEM | Gluttonyʕ,0xff1ba5f5,28000088,1249,59,おなかすいたよ🍖🍔🍟🍕
59,#PP8URGQL8,J. Álvarez ⁹🕷️,0xff1ba5f5,28000139,1249,60,Emi's bar 🍻
60,#J8URCRCJ,vxdka :p,0xffff9727,28000095,1249,61,No Mercy
61,#J8UR8002,SKC | Prozy,0xffa8e132,28000029,1249,62,Emi's bar 🍻
62,#20Y9L28RV,P2PÄ0,0xffffffff,28000216,1249,63,Sede de Poder
63,#L8UPY2RCL,rr,0xfff9775d,28000050,1249,64,Z드래곤볼Z
64,#QG9U0R2JV,Zinc.,0xff4ddba2,28000352,1249,65,
65,#2288RRJJG,MBS|Alan,0xff4ddba2,28000346,1249,66,Talents
66,#8LYQPLP29,🖤MKZ🖤,0xffffffff,28000032,1249,67,ᴅᴀɪʟʏ
67,#2008RLPYC,ChrisG,0xff1ba5f5,28000081,1249,68,Hadel•Va•
68,#2PYCJVL0,カフェイン中毒ゆーちぃ☕️,0xff1ba5f5,28000284,1249,69,Cipher Pol
69,#JGCCGY80,prostislavv,0xffff9727,28000042,1249,70,BOBR gaming
70,#UGQJURVJ,𝑴𝒊𝒚𝒂𝒎𝒆𝒏☃,0xffa8e132,28000196,1249,71,めろんぱん食堂
71,#CUCP09LJ,Hisaあかた👅,0xffcb5aff,28000331,1249,72,
72,#QRU0L0U,🐬ꜱᴏᴋʀᴀᴍ 🜲,0xff1ba5f5,28000201,1249,73,CONEXIÓN
73,#8GULV80RP,wortekz,0xfff9c908,28000345,1249,74,Brawl King's
74,#80UQP9UYR,え𝚟𝚎𝚗𝚘𝚡ツ,0xffffffff,28000139,1249,75,No Mercy
75,#2PUY2QRCV,Kσαԋ,0xffffffff,28000183,1249,76,Nҽɯ Sƚαɠҽ🎖️
76,#PC9LPPYV,Nico❤️Heys,0xff1ba5f5,28000196,1249,77,No Mercy
77,#88L2RGG9U,v3nus🎄,0xffffffff,28000176,1249,78,Havoc Echo
78,#2V98U2VC9,♉️AandR☯️,0xfff9c908,28000299,1249,79,BulgarianR
79,#YG8Q090V,vis,0xff1ba5f5,28000043,1249,80,Nҽɯ Sƚαɠҽ🎖️
80,#P2RVQ90L9,🖤ŠįŁ3Ñt🥀,0xffcb5aff,28000183,1249,81,Invincible
81,#UCCV2QVL,𝑀𝑎𝑟𝑟𝑒〆,0xfff9c908,28000334,1249,82,Violence Alpha
82,#99LLQYY9,Joeh,0xfff9c908,28000335,1249,83,👋 🤷‍♂️
83,#202RGUPUG,☆FrankensteIn☆❤,0xffcb5aff,28000170,1243,84,Quant ESports🐾
84,#2V8VCP2L0,I ❤AchoShunka,0xff1ba5f5,28000299,1243,85,BulgarianR
85,#2PGGR8Y9P,Asuna Yuuki,0xff1ba5f5,28000201,1239,86,Follow?
86,#208V0PPP9,BG|KingBOMBAT,0xffffffff,28000213,1238,87,CatalanWarriors
87,#28Y98GYGV,БобрДобр,0xff1ba5f5,28000063,1237,88,Bibi Elite💜
88,#Y0JLQVQQ,THF|Lark,0xff1ba5f5,28000347,1236,89,Kiwithatgame
89,#VUQV0ULV,𝓚𝔂𝔀𝔂,0xffcb5aff,28000031,1233,90,Beyond Fresh
90,#9P8RYPVR9,GS | Vadro,0xffffffff,28000201,1226,91,House Tully
91,#PQJVG9LG2,REX Kai💫🥀,0xff1ba5f5,28000110,1224,92,REX💫
92,#90RQYP98U,♡•bestie•♡🧸,0xffa2e3fe,28000221,1211,93,7 Dwarves
93,#28LYUL8JP,𝙲𝚘𝚍𝚎ˢˣ❥𝙹en,0xffcb5aff,28000337,1206,94,🧀MUSSARELOS✨
94,#2J0PC8VGY,律する小指の鎖,0xffffffff,28000213,1206,95,絶対時間⛓️
95,#82PQUPGU0,Ryohei🐬,0xff1ba5f5,28000240,1205,96,数え役満🀄️
96,#P2VCQ0VP,たかめろでぃ🤓,0xff1ba5f5,28000151,1203,97,REX💫
97,#22LJJCJ2G,Ferhât🦁,0xffff8afb,28000150,1203,98,BS|KoalisyoN
98,#9J2JLUR8G,Aspect 🃏,0xffffffff,28000304,1203,99,7 Dwarves
99,#99QU0PYJP,🔱ßoͥนgͣyͫツ,0xff1ba5f5,28000013,1203,100,Suki & Nemo
100,#2VV02GQ2C,RNT | Prime,0xff1ba5f5,28000044,1203,101,Imperial
101,#8QJ8G08PU,𝓀𝒾𝓁𝓁ℯ𝓇叶🥷,0xffffce89,28000006,1203,102,𝓀𝒾𝓁𝓁ℯ𝓇
102,#URV8JPY,ormy🎄,0xffffffff,28000176,1203,103,Havoc Echo
103,#22C0GV9CR,NoCrow,0xff1ba5f5,28000207,1203,104,HeroWarriorsTR
104,#2L08LGRPV,Mabo💞Katennka,0xffff8afb,28000138,1203,105,Purple Wave
105,#8PJRRG2C,SK|GuilleVGX,0xffa8e132,28000099,1202,106,CONEXIÓN
106,#URYL2JU2,ᶜᵗ|♡︎20/04♡︎シ︎,0xffa8e132,28000179,1202,107,Nҽɯ Sƚαɠҽ🎖️
107,#2CRRRRYJR,моё,0xfff9c908,28000213,1202,108,✌️✌️✌️
108,#CGQCYJGY,TTV | SnakeThug,0xfff9c908,28000341,1201,109,Deadly Vipers🐍
109,#GRLUYG0R,NiceShøt 🌓,0xffcb5aff,28000347,1201,110,Ex0tic-E-Sport
110,#8RQGU0Y9J,◦♡°Mιℓкѕнαкє°♡◦,0xfff9c908,28000169,1201,111,Wasted🥱
111,#PR9U2JL,Juan Carlos,0xffffffff,28000119,1200,112,Humble Grinders
112,#LQJC9QL2,HJK┃アチャ,0xffffffff,28000000,1200,113,豚骨ラーメンファンキー
113,#8YQV9UPRL,AvalSElguu🌫️,0xffffffff,28000331,1200,114,MEGATROLL
114,#802VG829,LuRkz🩵Sq,0xffff8afb,28000014,1200,115,Demise 🥀
115,#RLLRJ2,LG | Patchy,0xffffffff,28000320,1200,116,Humble Grinders
116,#8LQ9JR82,Code: Eqwaak,0xfff9c908,28000004,1200,117,A Few Good Men
117,#209JLGQ0V,×R͢ᴀɴɢᴀᵒᵖ🖤,0xffffffff,28000139,1200,118,Elite Saiyan🔱
118,#8GUPLYY,FG | Jene,0xffff8afb,28000135,1200,119,clover
119,#989L0928Q,L1S|Sufiyan❦,0xff1ba5f5,28000033,1199,120,IMMORTAL SOULS
120,#PJ9JCYLCQ,猿|Epic🐒,0xff1ba5f5,28000069,1199,121,Ex0tic-E-Sport
121,#9YYV2RRGV,ripcho#1,0xff1ba5f5,28000167,1199,122,BulgarianR
122,#809ULJU2,KLIMtm,0xffffffff,28000151,1199,123,take a break.
123,#2R8UYJYPC,Twinkle🪄︎︎れお,0xff1ba5f5,28000006,1199,124,fake ring…♡
124,#8Q80P982R,𝐍𝐓|𝐀𝐚𝐫𝐮,0xffffce89,28000303,1199,125,✌️✌️✌️
125,#2P2PQPR28,CS|𝖥𝗅𝖺𝗆𝖾🔥,0xffffffff,28000012,1199,126,WhiteBlood
126,#U8GQLPUG,thet1x支,0xff1ba5f5,28000004,1199,127,KingdomRush
127,#2LR9R90QV,JustTop,0xffffffff,28000266,1199,128,insensetive
128,#QUQ9PVLV,Josia🤍,0xff4ddba2,28000347,1199,129,Brawl Kings's
129,#G99CYGL,𝒁𝒂𝒊𝒌𝒐❄️,0xff4ddba2,28000194,1199,130,ChillOG
130,#PR22VQRCU,只會自動攻擊,0xffff9727,28000219,1199,131,<c7>幹嘛偷看我個資</c>
131,#YU9YC9CU0,WC|Orangotango,0xff1ba5f5,28000348,1199,132,Canal wcalixtoo
132,#PRCR82JLU,지니❦(友),0xff1ba5f5,28000090,1199,133,Miracle
133,#QL9G8JR8C,KY,0xfff9c908,28000267,1199,134,<c5>ぽんみちょった</c>
134,#QJ0PRJCU,retired getsent,0xff4ddba2,28000010,1199,135,Beyond Swift
135,#90V9VYJ8C,しょうけい,0xfff05637,28000242,1199,136,なかよし部
136,#28C9LCPY8,DaigoMR,0xff4ddba2,28000052,1199,137,Perro salchicha
137,#29V0GUG8,BATATINHA,0xff1ba5f5,28000156,1199,138,
138,#22GUVLJQ,椹Nιcσσн.🥀,0xff4ddba2,28000136,1199,139,Ghost's Juice
139,#PGL98YJJJ,Rain 🐊,0xff1ba5f5,28000024,1199,140,a<c
140,#9YYPQ29LV,Salty.,0xff1ba5f5,28000322,1199,141,
141,#QPV0R9QUR,Storm ⚘,0xffcb5aff,28000014,1199,142,Novacane🤍
142,#R0G02LP8,❤️‍🔥V1ad5teR ⚜,0xffa8e132,28000114,1199,143,BulgarianR
143,#8C8RJ9GJ,christine *✧♡°,0xff1ba5f5,28000322,1199,144,Havoc Echo
144,#2QCVLV2Q,Psychopant💧,0xffff8afb,28000334,1199,145,7 Dwarves
145,#2UYQP9RV,✨Srßr3nnø_Br✨,0xffcb5aff,28000110,1192,146,Kings United II
146,#YLV8CL0R,Astaaaa❤️‍🔥😈,0xff4ddba2,28000347,1191,147,Tribe Turkey
147,#2RQ9GPPUC,ツ『コレキング』☘,0xffffffff,28000222,1190,148,Perfect Unit
148,#2CY0CVU80,~Vi♡tal🪐,0xffffffff,28000297,1189,149,Импрессив
149,#8VLJ2YGGG,ChrisDaLobster,0xffff9727,28000244,1187,150,Beyond Kratos
150,#G0890VC82,Riley.★ᯤ,0xffffce89,28000222,1187,151,たつきすねげ
151,#PRP9UGU9Q,ZL|Chaser!,0xffcb5aff,28000297,1185,152,✌️✌️✌️
152,#20JRYL02,❛ 화난 SANG☯︎,0xffffce89,28000250,1184,153,washed🚿
153,#99088JQ8Q,ᴋᴄ|ʟᴜɪͩᴄͤɪͣᴛͩᴏ临,0xff1ba5f5,28000349,1183,154,No Mercy
154,#LPGYQ9CCV,Йeo:)🩵,0xff1ba5f5,28000134,1182,155,レインボーの風船
155,#P88G9CGYV,KY,0xffff9727,28000267,1181,156,<c5>ぽんみちょった</c>
156,#2VQ2V99CC,MMs🌙Nemuo,0xfff9c908,28000190,1180,157,めろんぱん食堂
157,#GPJQLRCG,Pain,0xff4ddba2,28000094,1179,158,Kings United
158,#Q2JVVRJVJ,tengo novia🥰,0xffffffff,28000075,1177,159,
159,#2RQGVLRVG,₹GuilleX,0xffff8afb,28000036,1174,160,No Mercy
160,#2RJ0UJCU0,FMG|LuisOMGᴷⁱⁿᴳ,0xfff9c908,28000139,1174,161,ZETA|DIVISION'S
161,#JLYP8C0J,meli✧,0xff1ba5f5,28000054,1173,162,Golden Legion
162,#9P2CUYJ8P,Scared,0xff4ddba2,28000167,1173,163,
163,#2Y2Y99GQR,VizeZ,0xffffffff,28000230,1170,164,Ex0tic-E-Sport
164,#8URCLRY8,球隊|RoUND🌠,0xfff9c908,28000061,1169,165,My social media
165,#8V2CLUQYC,ariana 💖,0xffcb5aff,28000335,1166,166,Starr Players
166,#8QVGJQGGC,ᴀsᴛʀᴏ >.< 🖤,0xffff9727,28000272,1161,167,Kings United II
167,#80CGPGVQ9,猫耳なのるん（女の子）,0xffff8afb,28000244,1158,168,ひーさんず
168,#2V9PPQ8G9,ottoia,0xffffffff,28000004,1155,169,シュバルツフラメ
169,#98VG9809Q,𝐏ʀαᴅ❥𝐍ᴅ,0xffffffff,28000241,1155,170,Mini Me’s
170,#RRQQJPG2,Rabbithop,0xff1ba5f5,28000349,1154,171,we love rabbits
171,#2PJJQLR8L,Ruru star🩵,0xffffce89,28000044,1153,172,친추 마스터만 받음
172,#8LC808G,Tuyu,0xff1ba5f5,28000349,1153,173,@Tuyu_Official
173,#UVVULJUQ,AG |Luis Miguel,0xfff05637,28000290,1153,174,LitheX🐢
174,#8UL0U08V,winq ☃️🤍,0xffff8afb,28000175,1153,175,Havoc Echo
175,#8UY0JPVYL,＃BENI＿￣tackle,0xff4ddba2,28000197,1153,176,Venus
176,#LR08G9C8,BC*| Kubaba♡,0xffff8afb,28000008,1153,177,BC*|Family*
177,#YQ9JVYV,ToniMxf.💘,0xffcb5aff,28000272,1152,178,ChillOG
178,#29P0CQ0P,HL|Ive🖤,0xfff9c908,28000244,1152,179,홀릿군단
179,#220PGLU02,家|𝑴𝒆𝒎𝒆𝒏ϟ,0xffa8e132,28000163,1151,180,You and me 💜
180,#8PVJQ2PP,Taylor Swift ☄,0xffcb5aff,28000207,1151,181,Guerreritos
181,#LG2RY8GP,Cyclxne,0xff1ba5f5,28000349,1150,182,Brawl King's
182,#2JUUJQCGQ,Gregor❤️Nassin,0xffffffff,28000348,1150,183,BC*|Family*
183,#C2CULQP0,❤️‍🔥Mazoex♛,0xff1ba5f5,28000314,1150,184,VV eSport
184,#9YP0CY0V,「Iamtree♡Grayツ」,0xfff9c908,28000303,1150,185,NRW|Flay🔝
185,#2J2U29V8V,suraj,0xff4ddba2,28000302,1150,186,Trashmeta
186,#98UL2YRYY,DeeryH猫🕊️,0xffff8afb,28000244,1150,187,Yan燕涛Tao
187,#9VV9V0UCC,あ Quan ツ,0xffff8afb,28000023,1149,188,TTV Kingsebi26
188,#P9RLCJ8UC,ZL|Kinkuni,0xffa2e3fe,28000098,1149,189,レインボーの風船
189,#8R2V0P0,Lukie,0xffffffff,28000348,1149,190,STMN Esports
190,#2J2PJ0UV,ikarosita,0xffa8e132,28000136,1149,191,Humble Grinders
191,#CUL90Y,trashphil 驶离,0xffffffff,28000263,1149,192,
192,#C8ULQCUY,Holter,0xff4ddba2,28000330,1149,193,оупи челики
193,#2CJVCG8V,驰|Veloxity ⚡️,0xff1ba5f5,28000018,1149,194,Arctic Blitz
194,#902YVUL,✨|ѕρнуχαℓ,0xffff9727,28000108,1149,195,Primal Revenge
195,#8UL0RVUG0,ずっあなたを愛します,0xffcb5aff,28000335,1149,196,Memories World
196,#2J00V98R9,𝐿𝑖𝑎𝑚𝑜𝑜〆,0xff4ddba2,28000136,1149,197,Violence Alpha
197,#8G20JCP98,みつは👻,0xffffffff,28000091,1149,198,임포스터
198,#GVJ82JR8,Kazumi,0xffcb5aff,28000291,1149,199,Ex0tic-E-Sport
199,#2QJQG2CPL,Mei ¨̮♪,0xff1ba5f5,28000163,1149,200,〜ぬくぬくゆるゆる〜
