,tag,name,nameColor,icon,trophies,rank,club
0,#JV2L02VV,SíJaauaq,0xffff8afb,28000303,1503,1,
1,#29RQQQ88R,Cheeks,0xffff8afb,28000322,1499,2,Apostles Creed
2,#VL0GPPJV,Physic Gear 5,0xfff9c908,28000014,1499,3,Eclipse 🌖
3,#92VJ8VQUP,🔥an_hayp🔥,0xfff05637,28000047,1433,4,
4,#VLQPVPY,Naz❤️Hyra,0xffff8afb,28000303,1399,5,Fenernazçe 💙💛
5,#PRC8PV98Q,𝐕𝐞𝐧𝐮𝐬𝐬♡Н,0xffffce89,28000307,1349,6,Saint Devils
6,#VYGVV08Q,🍅domates,0xffffffff,28000261,1301,7,
7,#JQVQYVY,Code: VTzim 🌑,0xffff8afb,28000339,1300,8,Eclipse 🌖
8,#20L88L2J,FUT | LeNain,0xffff8afb,28000321,1299,9,A Few Good Men
9,#2PGGR8Y9P,Asuna Yuuki,0xff1ba5f5,28000201,1299,10,Follow?
10,#L9RRP8QQP,pro players,0xff1ba5f5,28000221,1255,11,あてぃしのこと好きすぎ―！❤️
11,#9QC02VJV8,nyx1k?🤍ニックス,0xffffffff,28000137,1254,12,Lost Hell
12,#2C9PLLUG8,Efecan|Apple♎🖤,0xffff8afb,28000321,1253,13,<c0>ＬＯＮＥＬＹ★</c>
13,#8GV2CP2J8,☔ZORLU☔,0xffcb5aff,28000003,1253,14,<c0>ＬＯＮＥＬＹ★</c>
14,#P9UVCQ2U2,Amazing,0xffff8afb,28000337,1252,15,help ranks
15,#CQLR0Y80,QLS | Tufa,0xffa8e132,28000016,1252,16,Ghost Team👻☔
16,#Y02L2GGC,Weeeeisit🍒,0xffff8afb,28000073,1252,17,Showdown💔Kings
17,#2UJQQ0YL,TOC,0xfff9c908,28000212,1252,18,anyway🤷🏻‍♂️
18,#888GJGP2C,-12|Dolphin 🐬♡,0xffffffff,28000140,1252,19,
19,#8VRPJPLU2,Moon🤍アーセン,0xffffffff,28000000,1252,20,devxssted19うぇっ
20,#GRLUYG0R,NiceShøt 🌓,0xffcb5aff,28000347,1252,21,Ex0tic-E-Sport
21,#PRQGVULVQ,iAlmaaaazik🥺,0xffffffff,28000135,1252,22,KingdomRush
22,#QURRQP0JY,ϟWaskøv々™,0xffffffff,28000004,1252,23,
23,#9LY0YG9QP,を|Sed🍀,0xffa8e132,28000197,1251,24,DragonArmy
24,#P2VCQ0VP,たかめろでぃ🤓,0xff1ba5f5,28000151,1251,25,REX💫
25,#9G9GYJ9J2,ωнiτєʑiท🤍ネヶマア,0xff1ba5f5,28000071,1251,26,
26,#P9YPY9U8J,MeTa | duo♡van,0xff4ddba2,28000262,1251,27,TyM`eSports
27,#9R8RU92JY,★฿eͥnaisͣsͫa★z|,0xffffffff,28000067,1251,28,La Piraterie🏴‍
28,#Y8082RLP,ł̇₵Ɇ ₥ØⱤ₮ł₴,0xfff9c908,28000262,1251,29,
29,#2YYL89J8G,psychc🦈,0xffffffff,28000003,1251,30,🌴|<c3>HM</c>
30,#QLVQQ2G0,🎭L u i z👻,0xff1ba5f5,28000135,1251,31,★the Players★
31,#8R99PJ890,xSkylasz•,0xffff9727,28000321,1251,32,Vitality
32,#PYPQUG80,Zava💞Sunfote,0xffff9727,28000195,1251,33,Showdown💔Kings
33,#QR2GC8V,BKB|❄IC£CRØW❄,0xfff9c908,28000348,1251,34,Tribe Turkey
34,#9G0CJPJPY,Taha♛,0xffcb5aff,28000170,1250,35,GOOD BYE TAHA
35,#PQ28JP0P,亲Jσтα,0xffff9727,28000175,1250,36,7 Dwarves
36,#8Y082R2GG,추카|RapZ ✶,0xffff9727,28000211,1250,37,Beyond Swift
37,#VPGGUU9U,|🌬ŦƤ⋆SsnıɔıuıΛ,0xff1ba5f5,28000243,1250,38,★the Players★
38,#8LLJ92VQ,あ| 𝓐𝓱𝓶𝓮𝓓🥀,0xff1ba5f5,28000349,1250,39,OG Mute
39,#82GC0CU8,XP|beko🦊,0xffff9727,28000223,1250,40,
40,#PRC8P8989,↯︎Vertex | 地和↯︎,0xffffffff,28000071,1250,41,キングダム乱
41,#JRYLGVYV,QLS|Glory™️,0xffff9727,28000132,1250,42,Ex0tic-E-Sport
42,#989L0928Q,L1S|Sufiyan❦,0xff1ba5f5,28000033,1249,43,IMMORTAL SOULS
43,#8VP882CR2,♡Mr_ido♡,0xffcb5aff,28000041,1249,44,Tribe Turkey
44,#RQQ08UV,XD|KENDAᵖʳᵒ💜😈,0xffcb5aff,28000014,1249,45,
45,#2UGYQURUG,HeGs:)🇹🇷❤️‍🔥,0xffcb5aff,28000018,1249,46,NHY E-SporTS
46,#GCVPVRQY,MyS|Goman,0xff4ddba2,28000137,1249,47,Tribe Turkey
47,#8QY2Y80CG,godikk❤️‍🔥,0xffcb5aff,28000014,1249,48,Ex0tic-E-Sport
48,#L880JGGL,LeleONinja👺👹,0xffcb5aff,28000350,1249,49,
49,#J8UR8002,SKC | Prozy,0xffa8e132,28000029,1249,50,Emi's bar 🍻
50,#J8YPGR,Twitch: Tobi,0xffcb5aff,28000000,1249,51,Brawl King's
51,#9VU9R2LY,Terry!,0xffffffff,28000081,1249,52,✌️✌️✌️
52,#JP9P0LJG,Byrox❤️‍🩹Xorox,0xff1ba5f5,28000302,1249,53,ᴅᴀɪʟʏ
53,#8J9PV8RUY,GW|Jaydan,0xffff8afb,28000230,1249,54,Golden Age
54,#2LR22JC9V,𝑻𝒐𝒃𝒊😮‍💨❤️,0xffa2e3fe,28000272,1249,55,BMW M5 F90.COMP
55,#PUUGRULPU,Marquinho brawl,0xfff9c908,28000304,1249,56,Imperium Z
56,#PLCPU928R,ØFFŁÎŃÈ,0xff1ba5f5,28000019,1249,57,.....
57,#8LQQCCPRG,MyS|Efim👾,0xffa8e132,28000101,1249,58,Quant ESports🐾
58,#8PVJR8V2V,Raphaxzz ぎ,0xffff8afb,28000348,1249,59,The Crias🐉
59,#2UYJV98J2,all 1500🏆,0xffffffff,28000000,1249,60,
60,#PVQ80LGJJ,sk |ki._.zu,0xffffffff,28000210,1249,61,𝓘𝐥𝐨𝐧ଈ𝓜𝐚𝐧
61,#QGLCPJ2J,Ansel,0xff1ba5f5,28000014,1237,62,CHEESEFOREVAR
62,#920PC9CVC,AlOnE_DaRk,0xffff9727,28000348,1237,63,NHY E-SporTS
63,#8QJ0YUV8Q,千 | Kai,0xffa8e132,28000018,1235,64,Beyond Swift
64,#P22J8JP8,ZETA | BADBOY,0xffff9727,28000284,1235,65,No Mercy
65,#299PPJ22L,[MMA]nagibatori,0xffa2e3fe,28000235,1233,66,Showdown💔Kings
66,#YG8VYGJRP,RX|Star💮,0xffff8afb,28000321,1228,67,девчуули
67,#9UG08PQUY,xSkywalker🦋ま,0xff1ba5f5,28000135,1225,68,Quant ESports🐾
68,#8LQ9JR82,Code: Eqwaak,0xfff9c908,28000004,1225,69,A Few Good Men
69,#QRUQQLV0,Code: Nukleo,0xffa8e132,28000186,1216,70,LA Instinct
70,#PLUGLRG28,4SV_MaSTeP,0xffffffff,28000233,1207,71,Quant ESports🐾
71,#22U8CPP8Q,ŁŞƬ|Apurⅴ☘️,0xff1ba5f5,28000230,1204,72,ŁŞƬ☘️
72,#PR9U2JL,Juan Carlos,0xffffffff,28000119,1203,73,Humble Grinders
73,#PJ9JCYLCQ,猿|Epic🐒,0xff1ba5f5,28000069,1203,74,Ex0tic-E-Sport
74,#P99QGPLU2,Davex,0xffffce89,28000129,1203,75,Brawl King's
75,#82PQUPGU0,Ryohei🐬,0xff1ba5f5,28000240,1203,76,数え役満🀄️
76,#8RCQLG0RQ,Duo♡Zey4ik,0xff1ba5f5,28000210,1203,77,Quant ESports🐾
77,#28CVQGURJ,kxrtofvl,0xffffffff,28000061,1203,78,UNDERDOG 🇵🇱
78,#PYGR8CPJ2,〆ϻɪs͢τɪӄ🩸,0xfff9c908,28000018,1202,79,Spain4Win
79,#9LC9VP8QR,笑っちゃう男,0xffffce89,28000203,1202,80,レインボーの風船
80,#82LRGLQ02,あ| 𝓕𝓪𝓱𝓪𝓓🥀,0xff1ba5f5,28000283,1202,81,OG Mute
81,#CPPV2PQG,MeliodasBot🐐,0xffa8e132,28000006,1201,82,No Mercy
82,#YP28LYR8G,GHS|Phoenix ❦,0xfff9c908,28000213,1201,83,Ghost eSports
83,#8PJRRG2C,SK|GuilleVGX,0xffa8e132,28000099,1201,84,CONEXIÓN
84,#CGQCYJGY,TTV | SnakeThug,0xfff9c908,28000341,1200,85,Deadly Vipers🐍
85,#2CRRRRYJR,моё,0xfff9c908,28000213,1200,86,✌️✌️✌️
86,#22CL00PG0,ZETA | Nowy297,0xffffffff,28000164,1199,87,A Few Good Men
87,#LUG08JGUY,sijaaквай🔪🩸,0xff1ba5f5,28000322,1199,88,A Few Kиски
88,#LLJ90L82G,⛩️𝒵คʰi͢͢͢⚡,0xff4ddba2,28000204,1199,89,OG Mute
89,#9RRQYPY8Q,𝑷𝒐𝒕𝒆𝒎𝒆𝒏☃,0xff1ba5f5,28000339,1199,90,めろんぱん食堂
90,#YRURQRPUR,Skibidi Chipz,0xff1ba5f5,28000018,1199,91,Talents
91,#9CVGVGGJY,「KaoS」EﾌĐe尺ツ,0xffff9727,28000018,1199,92,ᴅᴀɪʟʏ
92,#G9C9VJ2GL,Vá♡neèk🪐,0xffff8afb,28000303,1199,93,<c0>PWNZ</c>
93,#8L0PJ0R0V,Kryzz❦,0xffff9727,28000265,1199,94,🌴|<c3>HM</c>
94,#9J2JLUR8G,Aspect 🃏,0xffffffff,28000304,1199,95,7 Dwarves
95,#PRP9UGU9Q,ZL|Chaser!,0xffcb5aff,28000297,1199,96,✌️✌️✌️
96,#2CJVCG8V,驰|Veloxity ⚡️,0xff1ba5f5,28000018,1199,97,Arctic Blitz
97,#98L2G2UP9,Zerinn,0xffffffff,28000265,1199,98,Easy Ltda
98,#2VQ2V99CC,MMs🌙Nemuo,0xfff9c908,28000190,1199,99,めろんぱん食堂
99,#2R2V00JJ,𝙳𝚎✗𝚝𝚎𝚛ｱ,0xfff9c908,28000272,1199,100,Dr eSports
100,#P8RQ90UY9,FMG | Vitorᴷⁱⁿᴳ,0xffffce89,28000349,1199,101,Ex0tic-E-Sport
101,#Y99G8VPL0,BIG | ARTIN🦁,0xff1ba5f5,28000199,1199,102,YT | Nigena
102,#9P2CUYJ8P,Scared,0xff4ddba2,28000167,1199,103,
103,#2UQ22U89Q,₮₵ツɎ₳Ɽ₲łᵏᶦˡˡᵧₒᵤ,0xffcb5aff,28000135,1199,104,BC*|Family*
104,#P0Y9VPGLY,Sky ˡᵒᵛᵉʸᵒᵘ,0xffffffff,28000003,1199,105,
105,#989QYRUPP,我｜Giza 🥷,0xffff9727,28000004,1199,106,OG Mute
106,#90J8YJ0Y0,yeetusbtw,0xffff8afb,28000081,1199,107,Floppa Lovers
107,#PP9CYV8GG,4K VINI,0xfff05637,28000213,1199,108,Amazones1
108,#JGCCGY80,prostislavv,0xffff9727,28000042,1199,109,BOBR gaming
109,#2CY898QJ0,єηισ ƒαιχα⁷ 🥋,0xffcb5aff,28000224,1199,110,Candangos do BR
110,#8ULJJPYG2,Âtahan🖤Ubéyd,0xffffffff,28000333,1199,111,
111,#202QJ9V8,⚘Polar🌕,0xffffce89,28000175,1199,112,United Stars ✨
112,#2PVCG892,Chicken🖤Axe,0xffff9727,28000098,1199,113,ChasmacGaming
113,#9CC0RCYR,diego💙hahnsky,0xffff8afb,28000037,1199,114,
114,#P28J9J8QP,🌴HM| Pacify ツ,0xfff9c908,28000272,1199,115,🌴|<c3>HM</c>
115,#R92UQ2Q2,期|Khaled🥀,0xffcb5aff,28000167,1199,116,𝑶𝓜|𝓐𝑹𝑨𝑷🥀
116,#20J9PYQUY,S!imy Kazya,0xfff05637,28000110,1199,117,Cipher Pol
117,#PG08LVPJQ,通りすがりのけん子ちゃん,0xffffce89,28000210,1199,118,ぷるんぷるんたまたま
118,#2JJRQ0LCP,Mvp ぎ,0xffff9727,28000175,1199,119,The Crias🐉
119,#2UGV0ULQC,MONSTER,0xfff9c908,28000187,1199,120,Жосткие профи
120,#9LY90298P,疲 | Akuma ✘,0xfff9c908,28000061,1199,121,
121,#QRLVVPR28,sad💔keksik,0xffa8e132,28000333,1196,122,🎀🤍
122,#2Q028GQQP,MTM | Zeus,0xfff9c908,28000018,1194,123,NA Friends
123,#9GRP8LR09,sad💔kekcik,0xffa8e132,28000011,1190,124,
124,#2JL2Y0JU2,Forcé,0xffff8afb,28000081,1187,125,Celestyn
125,#2JYGUYUG,AAMIR LORD,0xffffffff,28000207,1187,126,CHEESEFOREVAR
126,#8UJC08UYL,ᴼᵖᵭҟe̷🥀×᷼×,0xffcb5aff,28000330,1187,127,🧀MUSSARELOS✨
127,#Q2JVVRJVJ,tengo novia🥰,0xffffffff,28000075,1186,128,
128,#V2Q080UU,Valembeau💜,0xffcb5aff,28000035,1179,129,A Few Clown Men
129,#989GVG0UR,陰|₦Ї₦ℑ₳™👑,0xffa8e132,28000305,1176,130,Good Players 💫
130,#8JQGCVRG2,"m.ghost👻/""♪",0xfff05637,28000151,1171,131,
131,#GVQUYG90,Shattered ⟡,0xffffffff,28000000,1171,132,7 Dwarves
132,#8Y98Q8U,CR | Sitetampo,0xffff8afb,28000014,1166,133,A Few Good Men
133,#PL2P020J8,Núbis Gear 4,0xffffffff,28000317,1157,134,GamePlay D
134,#2ULUP8VG9,ぜ|КеКzzz🌖,0xffff9727,28000003,1157,135,ᴅᴀɪʟʏ
135,#P90RJQ8C,Sizuku🐬,0xff1ba5f5,28000044,1156,136,数え役満🀄️
136,#JPV0PQGR,ғ¡яεʑiท🖤ネヶマア,0xffcb5aff,28000281,1155,137,Magics🐉
137,#2CY0CVU80,~Vi♡tal🪐,0xffffffff,28000297,1154,138,Импрессив
138,#2GP8RRLUJ,𝑹𝒆𝒎𝒐𝒎𝒆𝒏☃,0xff1ba5f5,28000339,1154,139,めろんぱん食堂
139,#2VG02RU0,ThorN3X,0xffcb5aff,28000018,1153,140,Brawl King's
140,#809ULJU2,KLIMtm,0xffffffff,28000151,1153,141,take a break.
141,#LGVL9JRLY,𝒂𝒊𝒑𝒂𝒑𝒂’🥵,0xffffffff,28000009,1153,142,<c5>ぽんみちょった</c>
142,#L2VPY80L,imply❤️‍🔥,0xff1ba5f5,28000162,1153,143,<c0>PWNZ</c>
143,#YGQYGCR,Portox😡,0xff1ba5f5,28000191,1153,144,Blue Label
144,#9U0G8JPU2,mir,0xfff9775d,28000232,1153,145,Talents
145,#LJQPG9P0C,AF|Cotoel,0xffff8afb,28000150,1151,146,最後に勝つのは俺らだお！
146,#Q8VJURJ9,آنـ❤ـسـ❤ـ,0xffcb5aff,28000335,1150,147,باي باي شيلي؟
147,#PQJVG9LG2,REX Kai💫🥀,0xff1ba5f5,28000110,1150,148,REX💫
148,#JR8JG82C,chewiee🀄,0xff1ba5f5,28000018,1150,149,octos
149,#8UL0U08V,winq ☃️🤍,0xffff8afb,28000175,1150,150,Havoc Echo
150,#29YQ0JR2Y,れい｜ray🤷🏻‍♂️,0xffa8e132,28000151,1149,151,ユーロ
151,#9L0LCYGQ2,私|Byeasy💞私🐇,0xffffffff,28000348,1149,152,👑 The Kings 👑
152,#YG9PC2UPG,dirty,0xffff9727,28000090,1149,153,
153,#2RL8LGV9Q,🐼iBearQu❦︎,0xfff05637,28000352,1149,154,High Quality
154,#8YUQJQ0VG,FST | MECHA,0xffcb5aff,28000274,1149,155,
155,#209G0UUGY,Ylli🐬,0xffff8afb,28000321,1149,156,Tribe Gaming NA
156,#29GCP8UR,record,0xfff9775d,28000026,1149,157,ワナルお借りします
157,#PYRVVP0P0,Senpai,0xffffffff,28000262,1149,158,Crønies🀄
158,#802GUPYLG,Flechâzo😡,0xffffffff,28000207,1149,159,NHY E-SporTS
159,#8J0LUV9QQ,ZETA | TvorojOK,0xffff8afb,28000058,1149,160,Showdown💔Kings
160,#8Y2Y0GYYG,与田祐希𓃵,0xfff9c908,28000240,1149,161,Cipher Pol
161,#PP0CGJVVQ,ᶻRapZ🤍ᶜ ͛,0xffffffff,28000053,1149,162,Swift<c5>NA</c>
162,#98PUCCR2Q,Lenz🤍,0xfff9c908,28000095,1149,163,on the grind
163,#9P0QYJ98L,確朝〆ワンコ,0xffa2e3fe,28000349,1149,164,ぽこ様を守り隊
164,#22LQL2PV9,SL | Hamza 〆,0xfff05637,28000321,1149,165,Sherlock
165,#8Q0VYVPQU,Rain💛,0xffffffff,28000139,1149,166,Elite Saiyan🔱
166,#2J92LRQ,el brayan*,0xffffffff,28000218,1149,167,
167,#2PQYVCP8G,COLORIDIN🏳️‍🌈,0xffff8afb,28000196,1149,168,White House🐻‍❄
168,#VCPJQQ,Jealous🤍Y,0xffffce89,28000196,1148,169,люблю даню<3💓
169,#9CV8VQPCL,ℕ𝔼𝕟𝕚𝕜𝕚🥶,0xff1ba5f5,28000285,1145,170,LaWs Controll
170,#PV9U8PU8Q,Raul Clash,0xffffffff,28000200,1145,171,🌴<c5>|HM</c>
171,#8URCLRY8,球隊|RoUND🌠,0xfff9c908,28000061,1144,172,My social media
172,#PC9LPPYV,Nico❤️Heys,0xff1ba5f5,28000196,1144,173,No Mercy
173,#8C0PLGQRV,Duo♡nubik,0xff4ddba2,28000254,1140,174,Quant ESports🐾
174,#GPPRCRLQG,sQwiRtl支,0xffffffff,28000156,1139,175,Talents
175,#VGLY2G88,はRyuji🍢,0xffffce89,28000247,1138,176,
176,#2RR2JYYLP,Lone•D•Crissz🥱,0xffffffff,28000254,1137,177,Kings ladder
177,#QUYCVC2,STMN | sans,0xffa8e132,28000136,1135,178,STMN Esports
178,#QL9G8JR8C,KY,0xfff9c908,28000267,1131,179,<c5>ぽんみちょった</c>
179,#802VG829,LuRkz🩵Sq,0xffff8afb,28000014,1128,180,Demise 🥀
180,#2Y2Y99GQR,VizeZ,0xffffffff,28000230,1127,181,Ex0tic-E-Sport
181,#QRU0L0U,🐬ꜱᴏᴋʀᴀᴍ 🜲,0xff1ba5f5,28000201,1121,182,CONEXIÓN
182,#PUJ00G8YJ,コラソン「愛してるぜ✌️！」,0xffffffff,28000000,1120,183,A&N&D
183,#8LC808G,Tuyu,0xff1ba5f5,28000349,1119,184,@Tuyu_Official
184,#9CPP2CJQ9,WhyLansik?,0xffff8afb,28000321,1117,185,Tribe Turkey
185,#29VGU29RQ,CLR | Kezucha🍀,0xff4ddba2,28000352,1117,186,めろんぱん食堂
186,#2YCR9RLCJ,Tris🍃,0xffcb5aff,28000095,1116,187,
187,#GVCU0U9L,FernanlonŽöᶜᵗᵐʳ,0xffcb5aff,28000002,1115,188,ARCANEᴄʀᴇᴡ
188,#220PGLU02,家|𝑴𝒆𝒎𝒆𝒏ϟ,0xffa8e132,28000163,1114,189,You and me 💜
189,#9V9GQJG8,hobbit,0xffa8e132,28000005,1113,190,
190,#88RGGCVQJ,My heart in AUS,0xff4ddba2,28000092,1112,191,ハナクソタケシ
191,#G0U8YQCJ9,✨️Energy✨️,0xfff9c908,28000047,1112,192,LIGHT #2
192,#90RQYP98U,♡•bestie•♡🧸,0xffa2e3fe,28000221,1110,193,7 Dwarves
193,#20P2GP99,Ducky🐝,0xffa8e132,28000136,1110,194,NA Friends
194,#Y9LYC98PG,LMD🍋Aimer,0xffffffff,28000265,1110,195,たつきすねげ
195,#22LCG2RLJ,ZT|Yősuki̸❦,0xff1ba5f5,28000349,1109,196,weird gamers
196,#2P0V0CQQ2,FG | Naipishu,0xffff8afb,28000034,1109,197,clover
197,#2YJCP8L9R,₩ith໒꒱はなまる🐾,0xffcb5aff,28000267,1109,198,REX💫
198,#20QUGCVQ9,Mirrox 🐺,0xffffffff,28000345,1108,199,HolyPower
199,#2UYP920Q0,Wanel,0xfff9c908,28000018,1108,200,NA Friends
