,tag,name,nameColor,icon,trophies,rank,club
0,#PYPQUG80,Zava💞Sunfote,0xffff9727,28000195,1499,1,Showdown💔Kings
1,#CG8R0JJC,⛩️ivͥaͣnͫ 🎋,0xffcb5aff,28000330,1453,2,Blue Star 💙
2,#P9UVCQ2U2,Amazing,0xffff8afb,28000337,1449,3,help ranks
3,#VLQPVPY,Naz❤️Hyra,0xffff8afb,28000303,1402,4,Fenernazçe 💙💛
4,#2JY2GQC0L,кruсtaлuк🤍1500,0xffffffff,28000210,1399,5,destroyers🦇
5,#PUQ892PJ2,Ruben💞Solo,0xffff8afb,28000118,1374,6,NA|Legends❤️‍🩹
6,#2C9PLLUG8,Efecan|Apple♎🖤,0xffff8afb,28000321,1369,7,<c0>ＬＯＮＥＬＹ★</c>
7,#P2U2GRQLG,野なKira 🎈,0xfff05637,28000138,1352,8,Showdown💔Kings
8,#PGLL8Y0RV,あ| playpower 🐉,0xffcb5aff,28000018,1345,9,La Piraterie🏴‍
9,#8GCV08Q8L,MAHz⌘ M1ya,0xfff9c908,28000047,1310,10,ONCE
10,#VYGVV08Q,🍅domates,0xffffffff,28000261,1304,11,
11,#LQ8Q928G2,𝑫𝒙𝒓𝒌😮‍💨❤️,0xff4ddba2,28000238,1303,12,
12,#VL0GPPJV,Physic Gear 5,0xfff9c908,28000014,1302,13,Eclipse 🌖
13,#8GV2CP2J8,☔ZORLU☔,0xffcb5aff,28000003,1300,14,<c0>ＬＯＮＥＬＹ★</c>
14,#YV8U29VLY,Oh My Bibi🥵,0xffcb5aff,28000129,1299,15,❤️‍🩹
15,#Y0GLYCYVY,Maho❤️🔥,0xff1ba5f5,28000129,1299,16,<c0>ＬＯＮＥＬＹ★</c>
16,#88Y9URR0,MyS|m1ndi❤️‍🔥,0xffcb5aff,28000038,1277,17,Хижина Минди❤
17,#9QUCYUQC0,又小二人kseeway🩸,0xffcb5aff,28000224,1272,18,Lost Hell
18,#YG2QP288P,Ñîćoなさた🥷🤍,0xffff9727,28000340,1267,19,LA Global
19,#82G82LVGQ,メRatoZ🤍,0xff1ba5f5,28000160,1267,20,La Piraterie🏴‍
20,#2PLYGLPPJ,Joel玄,0xffff9727,28000020,1261,21,
21,#20RQ80PJ0,Aͥleͣxͫ シ,0xffff8afb,28000348,1259,22,LA Global
22,#PLR90Y80R,SANS 7,0xffff9727,28000306,1257,23,UNITED ESPORTS
23,#9LGYG2PLY,🖤爱sͥa̷↳tͣyͫ〆🐣,0xffffffff,28000167,1257,24,<c5>❤Quitt❤</c>
24,#8RV80LUC,§ø§/☆Axel☆,0xffffffff,28000000,1256,25,
25,#PRUCG288Y,•☆Fynn冬,0xffff8afb,28000317,1254,26,BC*|Family*
26,#QPPLJC8,Sᴀʏғғ❤️‍🔥,0xffff9727,28000263,1254,27,FUT ESPORTS
27,#9JPJQGCU2,Agent｜takayuki,0xffffffff,28000183,1254,28,DEEMO
28,#8J98J9J88,꧁⪻★多ȴācⲕ多ơx★⪼꧂,0xfff9775d,28000278,1254,29,Relics
29,#JPJ2Q09L,MyS|JeTeNebel✈️,0xffffffff,28000208,1254,30,Brawl Birds🐤⚔️
30,#VQY2090Y,Cocoあをさ🏚️🤍,0xffff9727,28000230,1254,31,Showdown🤍
31,#2RY2090YR,ГарденГном🦇✨,0xffff9727,28000103,1254,32,Rio de Janeiro
32,#2JLGRVGGG,·𝘛𝘺𝘳↯💯🖤,0xffffffff,28000070,1254,33,The Real World
33,#C2GPV0V,王 | Potassium,0xffff9727,28000348,1254,34,Beyond Swift
34,#88UYYQPPU,ClaYnxスヤ🤍👅,0xff1ba5f5,28000349,1254,35,Next side
35,#V8V0YYPQ,timmy𓃟,0xffffffff,28000000,1253,36,
36,#89CGJQ08G,Lônély🖤ClârX,0xffcb5aff,28000003,1253,37,LA Global
37,#QJCRLQ9Q,ζ͜͡Enéss🦋,0xfff05637,28000256,1253,38,MasterOfWar
38,#22LJJCJ2G,Ferhât🦁,0xffff8afb,28000150,1253,39,BS|KoalisyoN
39,#9UY82PG00,❤ABNNoor❤,0xffffce89,28000221,1253,40,THE NEW RULERS
40,#98QJC2YPU,LUCİ😈,0xffcb5aff,28000194,1253,41,Tribe Turkey
41,#2CUVQVGQ,𝓢𝓟❦𝕹𝖔̈𝖎𝖗,0xffff9727,28000230,1253,42,Excellent🏆
42,#9QG89UV0Y,『𝕽𝖆𝖚𝖑❦︎』,0xffcb5aff,28000014,1253,43,TT: niiil_06
43,#9R8RU92JY,★฿eͥnaisͣsͫa★z|,0xffffffff,28000067,1253,44,La Piraterie🏴‍
44,#PRPGQ8UGC,❥Angel¨̮♡,0xffcb5aff,28000302,1253,45,𝓘𝐥𝐨𝐧ଈ𝓜𝐚𝐧
45,#2GYY989GU,あ|Nouggetシ🦋,0xffa8e132,28000075,1253,46,VV eSport
46,#L99892JJ,要|мeɢα♕❤️‍🔥,0xfff05637,28000349,1253,47,BC*|Family*
47,#90R2J0YG0,pozithrt 가ㅢㅡ,0xffffce89,28000150,1253,48,whys in life 😕
48,#PLYC08QLG,꧁『𝑨𝒍𝒑𝒉𝒂』꧂,0xffcb5aff,28000347,1253,49,RwTH |club 🌘
49,#22VUV8VJ9,ˢᴸᴳ᭄Nสt๏x,0xffcb5aff,28000139,1253,50,YT : ELCANGRI
50,#92VJ8VQUP,🔥an_hayp🔥,0xfff05637,28000047,1253,51,
51,#9VRG9V0VL,Wyzø🥥テルアキ。,0xff1ba5f5,28000243,1252,52,TL|Team Luzou
52,#82VQ9LQYL,ZY|Kai,0xffffffff,28000323,1252,53,𝐂𝐡𝐞𝐞𝐫 𝐮𝐩
53,#29UYQ90J9,ℂℝ| 𝑩rownies🪐,0xffff9727,28000000,1252,54,Illuminate ✨
54,#2GPV0LRQC,TTeJIbMeIIIka,0xffff8afb,28000347,1252,55,Quant ESports🐾
55,#QPJ2VG8C8,Dragon 🐊,0xff1ba5f5,28000014,1252,56,Real Ones
56,#L2U9P2CRC,𝐽𝑢𝑠𝑡 𝑐ℎ𝑖,0xffffffff,28000014,1252,57,خليها على الله
57,#2LL8JYYVJ,алхимик38,0xffff9727,28000160,1252,58,анскиллы
58,#20U8J0QLQ,Damy❤Kitty,0xffa2e3fe,28000135,1252,59,apuki55club
59,#9UG08PQUY,xSkywalker🦋ま,0xff1ba5f5,28000135,1252,60,Quant ESports🐾
60,#8VJ8GJR2,Nova💔Winkiii,0xffa8e132,28000148,1252,61,Quant ESports🐾
61,#LU9PVCP08,沙皇|MaXoU❤️🔥,0xffcb5aff,28000138,1252,62,La Piraterie🏴‍
62,#YC8JPCV8J,ЛУНТИК,0xff1ba5f5,28000135,1252,63,Lost Hell
63,#2Q20U8V88,RUTVIK ROCKY,0xffa8e132,28000159,1252,64,Legendary club
64,#888GJGP2C,-12|Dolphin 🐬♡,0xffffffff,28000140,1252,65,
65,#YG8V8QCJ8,일상,0xff1ba5f5,28000175,1252,66,Freedom
66,#PL92YU2G,Shadow_Shooter☆,0xffcb5aff,28000129,1252,67,CritiCalZz✨
67,#JV2L02VV,SíJaauaq,0xffff8afb,28000303,1252,68,
68,#UY280J89,𝐒𝐞𝐧𝐲❃,0xffffce89,28000020,1252,69,<c5>ぽんみちょった</c>
69,#Y22RU8YQ2,Seis,0xffcb5aff,28000159,1252,70,Brawl King's
70,#C0UUC920,是 | 𝚂𝚘𝚔𝚛𝚊ᴍ,0xffffffff,28000349,1252,71,Italy❤️‍🩹DUO👿
71,#QP92PQV8V,Stanyslawes,0xffcb5aff,28000304,1252,72,mlpzaq
72,#9LY0YG9QP,を|Sed🍀,0xffa8e132,28000197,1251,73,DragonArmy
73,#28YJ0880V,AQM_BTATA_200,0xffa2e3fe,28000203,1251,74,Ghost eSports
74,#2LRU2J2PU,愛~𝒩𝒾𝓂𝒷𝓁ℯ🤍,0xff1ba5f5,28000284,1251,75,Shydrosphere
75,#8CP8PYCR8,༒☬с̸м̸е̸р̸т̸ь̸☬,0xffff9727,28000275,1251,76,Beyond Swift
76,#8JV08U8GR,NightMare❤️‍🔥,0xffcb5aff,28000280,1251,77,NHY E-SporTS
77,#2UGYQURUG,HeGs:)🇹🇷❤️‍🔥,0xffcb5aff,28000018,1251,78,NHY E-SporTS
78,#LUJYJUR0L,〇〇マン2号,0xffa2e3fe,28000241,1251,79,Excellent🏆
79,#GCVPVRQY,MyS|Goman,0xff4ddba2,28000137,1251,80,Tribe Turkey
80,#P9YPY9U8J,MeTa | duo♡van,0xff4ddba2,28000262,1251,81,TyM`eSports
81,#C2CULQP0,❤️‍🔥Mazoex♛,0xff1ba5f5,28000314,1251,82,VV eSport
82,#2RQ02UV99,DJ SMOKE,0xff1ba5f5,28000019,1251,83,
83,#8LLJ92VQ,あ| 𝓐𝓱𝓶𝓮𝓓🥀,0xff1ba5f5,28000349,1251,84,OG Mute
84,#99PYCCRU9,Eᴍᴇʀɪᴄᴋ♡ᴾᶦᵖᵉʳ,0xff1ba5f5,28000241,1251,85,FEROZ FORCE⚔️
85,#8GGJ8JQJV,Zosia❤️‍🔥Me,0xffcb5aff,28000207,1251,86,NA|Legends❤️‍🩹
86,#PJGRPUPPR,🔥*฿Ɇ₭łⱤ₦₲*🔥,0xffff9727,28000346,1251,87,GOOD BYE TAHA
87,#8CUGG9CG2,GreamReaper,0xffffffff,28000150,1251,88,Anteiku☕
88,#Y22PRLR22,×Ammārعممار|Ksa,0xfff9775d,28000207,1251,89,Mōnster’s ☄️
89,#9CG8LJU8,『ᴵ ᵃᵐⱧ₳₥Ⱬ₳🎭🥀』,0xffcb5aff,28000293,1251,90,Tribe Turkey
90,#82GC0CU8,XP|beko🦊,0xffff9727,28000223,1251,91,
91,#PQ09LC889,sinaayy🤍kアナー,0xffff8afb,28000196,1251,92,luv sinayy.🤍🪽
92,#29RP882G8,Zyroラ,0xffffffff,28000129,1251,93,TT: niiil_06
93,#Y0UCRJVUP,turtle/Rise💜🔥,0xffcb5aff,28000302,1251,94,ちゃくまひ
94,#9GRP8LR09,sad💔kekcik,0xffa8e132,28000011,1251,95,
95,#PY90VRRCQ,iKrisss.🕊️,0xfff9775d,28000333,1251,96,<c0>PWNZ</c>
96,#PCGCLPGJG,|MɪKᴇXシ︎,0xff1ba5f5,28000150,1251,97,Master Players
97,#Y2CJ0GYRY,wwaasskk1dd👅,0xff4ddba2,28000021,1251,98,
98,#QGC9JGLVY,〆𝓝𝓾𝓫𝓪𝔁🎈,0xffff9727,28000343,1251,99,TikTok : nubaxx
99,#JQVQYVY,Code: VTzim 🌑,0xffff8afb,28000339,1251,100,Eclipse 🌖
100,#LGRVQ2CY,(*☻-☻*)choコbi🐝,0xffcb5aff,28000284,1251,101,ぴーなっつと愉快な仲間達
101,#YCJ28Y8,𝕿❥𝖙𝖍𝖆𝖑𝖊𝖘,0xffa2e3fe,28000303,1251,102,HONRA BRAWL
102,#9GJPJUQGJ,Xorox❤️‍🩹Byrox,0xffcb5aff,28000273,1251,103,Tribe Turkey
103,#PQ28JP0P,亲Jσтα,0xffff9727,28000175,1250,104,7 Dwarves
104,#Y0VPJ89Q,Ｓㄚ 么 乙 ツ,0xffffce89,28000237,1250,105,Quant ESports🐾
105,#8Y082R2GG,추카|RapZ ✶,0xffff9727,28000211,1250,106,Beyond Swift
106,#VPGGUU9U,|🌬ŦƤ⋆SsnıɔıuıΛ,0xff1ba5f5,28000243,1250,107,★the Players★
107,#P0Y2JLLLQ,メTя𝔞sћ🤍,0xffff9727,28000233,1250,108,WereWolf💘
108,#22Q0J0P2P,LUCKRASS,0xffa8e132,28000210,1250,109,BC*|Family*
109,#90Q09Q8RR,『ツ ☂︎Maxibs🐣,0xfff9c908,28000199,1250,110,🧀MUSSARELOS 2✨
110,#2JCVYJRRJ,Yozöra:)🩵,0xffcb5aff,28000334,1250,111,レインボーの風船
111,#9L09YYQ8L,⛩️Panda G.m⛩️,0xffcb5aff,28000330,1250,112,HolyGuns
112,#Q0YVVP892,Hyr1z,0xfff9c908,28000278,1250,113,あてぃしのこと好きすぎ―！❤️
113,#28C8Y92PU,メSℓeepy❤️🔥,0xffcb5aff,28000347,1250,114,TL|Team Luzou
114,#JRYLGVYV,QLS|Glory™️,0xffff9727,28000132,1250,115,Ex0tic-E-Sport
115,#PQPR2GQGJ,MatCha✈️,0xffcb5aff,28000014,1250,116,HK瘋
116,#8GC092U9Q,𝚍𝚒z🕷️𝚗𝚘v𝚊,0xff1ba5f5,28000234,1250,117,A Few Kиски
117,#CGQCYJGY,TTV | SnakeThug,0xfff9c908,28000341,1250,118,Deadly Vipers🐍
118,#YGQYGCR,Portox😡,0xff1ba5f5,28000191,1250,119,Blue Label
119,#2UG22V89G,Agent schali,0xffffffff,28000159,1250,120,New Community
120,#82LRGLQ02,あ| 𝓕𝓪𝓱𝓪𝓓🥀,0xff1ba5f5,28000283,1250,121,OG Mute
121,#Q0RL2ULY9,༄|チャオズ🦋,0xffff8afb,28000284,1250,122,ブロスタenjoy勢
122,#8CRU0JRUV,Desse❦,0xffffffff,28000210,1249,123,A Few Kиски
123,#22LQGCYUP,Pumm,0xffffffff,28000118,1249,124,Quinx Academy
124,#8VP882CR2,♡Mr_ido♡,0xffcb5aff,28000041,1249,125,Tribe Turkey
125,#2RP0U2CUV,BERAT❤️ELA,0xfff05637,28000244,1249,126,₮Ɽ₩`eSports
126,#882GQJCV9,Moxier🐍❤️🐀,0xffffffff,28000065,1249,127,YT:Bilek Gücü
127,#2UU2V2L0G,æncore💘,0xff1ba5f5,28000000,1249,128,Revaible 💗
128,#L9JG82VPY,REX Roland💫🍁,0xfff9c908,28000321,1249,129,𝓘𝐥𝐨𝐧ଈ𝓜𝐚𝐧
129,#28YCUGPJC,Niki♡JoJo,0xffff8afb,28000044,1249,130,Showdown💔Kings
130,#2L2Y9Q2QJ,Shêrlôck♕,0xfff9c908,28000017,1249,131,Tribe Turkey
131,#289QGVYRQ,TyM|Ârda🦁,0xffff9727,28000014,1249,132,TyM`eSports
132,#8RYP08RQV,🀄️|Feyshape_🌹,0xffa2e3fe,28000284,1249,133,
133,#C808CUQ,данилка🐶✨,0xff1ba5f5,28000014,1249,134,Пайпер Мирная
134,#PGL9UP2GV,ET|TheOrdeR⚡,0xffcb5aff,28000352,1249,135,HeroWarriorsTR
135,#2CVGQL0J0,Costa?,0xffff9727,28000129,1249,136,
136,#L8C09GYR8,Pavlik🌬️💙,0xffa8e132,28000204,1249,137,
137,#9VRYY9VGP,Moͥdͣyͫᴳᵒᵈ,0xffff9727,28000004,1249,138,
138,#8CJLU9GVR,DatKill,0xffcb5aff,28000335,1249,139,Showdown💔Kings
139,#20YJ9PLLV,ま|Shadows • 💫,0xffffffff,28000041,1249,140,what happened
140,#8QY2Y80CG,godikk❤️‍🔥,0xffcb5aff,28000014,1249,141,Ex0tic-E-Sport
141,#Y2R99QUU,愛|drowsyy,0xff1ba5f5,28000207,1249,142,アリーナ ♡︎ で
142,#8L98VJ0RJ,あ|EJDER'🎩,0xffcb5aff,28000207,1249,143,
143,#90RQYP98U,♡•bestie•♡🧸,0xffa2e3fe,28000221,1249,144,7 Dwarves
144,#28U0JUCQ9,reali♡︎willed🧚,0xfff9775d,28000065,1249,145,NotForgive
145,#89YL8VC,|🌬тρ⋆SsoɔɹɐW彡,0xffff9727,28000349,1249,146,★the Players★
146,#PJYUUCCPC,でぃあぴの‪ღ,0xffcb5aff,28000210,1249,147,Excellent🏆
147,#CJUL0RYJ,BLZ|ᵒᵖKozmo ♛,0xff1ba5f5,28000129,1249,148,Tribe Turkey
148,#CPYUR8QR,KD|Buff♡,0xfff9c908,28000132,1249,149,Quant ESports🐾
149,#8QJ0YUV8Q,千 | Kai,0xffa8e132,28000018,1249,150,Beyond Swift
150,#QYUJ0YL0,XP|Utqq,0xffcb5aff,28000189,1249,151,XP|REALM
151,#9PGYVLY9,M.P.Gamer,0xffff8afb,28000342,1249,152,Amore💘EU
152,#J8YPGR,Twitch: Tobi,0xffcb5aff,28000000,1249,153,Brawl King's
153,#L28GPRVC,jase,0xff4ddba2,28000302,1249,154,<c8>Mystic</c>
154,#89L889CJC,Golden Aqua💛,0xffa2e3fe,28000109,1249,155,Ex0tic-E-Sport
155,#9YCUUVVPU,_Prôsty❦.,0xfff9c908,28000176,1249,156,Tribe Turkey
156,#P0UCP29G,Noah↯Crafy➴,0xffffffff,28000242,1249,157,最後に勝つのは俺らだお！
157,#989QYRUPP,我｜Giza 🥷,0xffff9727,28000004,1249,158,OG Mute
158,#2J28R0UPC,🍼鬼ばぶちゃん🍼,0xfff9c908,28000002,1249,159,Excellent🏆
159,#PYYP0LRU,™Dany❤️‍🩹SaLe™,0xff1ba5f5,28000347,1249,160,Spin Legends
160,#90UGPCJPL,‼️xᝣ𝖾ท𝚘‼️,0xffff9727,28000291,1249,161,ATM☔️|Team🔥⚡️
161,#8UCJVL2C9,hanamaru,0xffffffff,28000180,1249,162,NF_8888
162,#2VG9CUUQY,Temari ↯,0xffff8afb,28000212,1249,163,Rugrats
163,#8RYP9VYQC,Buğrâ🦁,0xfff9c908,28000050,1249,164,...
164,#QGLCPJ2J,Ansel,0xff1ba5f5,28000014,1249,165,CHEESEFOREVAR
165,#2UCC8202,guti 💙,0xff1ba5f5,28000101,1249,166,Emi's bar 🍻
166,#UJRRQV92,✧k̤̮a̤̮z̤̮ṳ̮✧,0xff1ba5f5,28000261,1249,167,Venus
167,#8R9VJLGLP,Blâex♛,0xffffffff,28000014,1249,168,YT: Murat Onat
168,#9YGRRP09V,ぱちったん🐥,0xffffffff,28000241,1249,169,𝓘𝐥𝐨𝐧ଈ𝓜𝐚𝐧
169,#8QPQUJUPU,Sacrifício,0xfff05637,28000014,1249,170,[™BLIND™]
170,#Y9CJCQ0YJ,愛~TitoZ♕,0xffcb5aff,28000001,1249,171,HeadShoterZ💣
171,#8LGGPUVP2,EâglePâW❤️‍🔥,0xff1ba5f5,28000207,1249,172,RAXENS~
172,#8ULJJPYG2,Âtahan🖤Ubéyd,0xffffffff,28000333,1249,173,
173,#2RJL8PGUV,TRW|Corwas🥶,0xff1ba5f5,28000162,1249,174,Turkish Shadow
174,#2LR22JC9V,𝑻𝒐𝒃𝒊😮‍💨❤️,0xffa2e3fe,28000272,1249,175,BMW M5 F90.COMP
175,#YR89G8GQL,TheGoatLuca 🌴,0xffff8afb,28000244,1249,176,Prime Is Coming
176,#8L2UU28PJ,🌱｜葉っぱ|Leaf｜🌱,0xffa8e132,28000348,1249,177,Excellent🏆
177,#20VVC8LU2,Cryzz❦︎,0xffffffff,28000108,1249,178,
178,#9L2LV8JCV,MyS|Camon❤️Аnya,0xff1ba5f5,28000243,1249,179,
179,#902YQPYYC,PSG|HİLECİ❦,0xff1ba5f5,28000194,1249,180,LA Global
180,#UG2JJ89,Redziin🫀,0xfff05637,28000272,1249,181,Ghost Team👻☔
181,#90LPVYVUP,Yusuf♛,0xffffffff,28000112,1249,182,SALDİM
182,#LP8QV80Q,CM|Fly🖤,0xffcb5aff,28000137,1249,183,Showdown💔Kings
183,#2LQJJGCUU,🎭數Mуѕтic×͜×🖤,0xffcb5aff,28000305,1249,184,Lions eSports™
184,#9CPP2CJQ9,WhyLansik?,0xffff8afb,28000321,1249,185,Tribe Turkey
185,#9L0UQRPJJ,İRONMAN,0xffcb5aff,28000314,1249,186,₮Ɽ₩`eSports
186,#UGYCG2R9,AE|Êmre,0xffcb5aff,28000003,1249,187,Deutschland X
187,#2YJ2UJLCU,FR｜ちびっ子,0xff4ddba2,28000016,1249,188,あてぃしのこと好きすぎ―！❤️
188,#9RUVVJLRV,🔥*ɆɎ₥Ɇ₦*🔥,0xff4ddba2,28000204,1249,189,TÜRKİYE
189,#LGG9UY02C,を|Terrox🌺,0xff1ba5f5,28000305,1249,190,House Greyjoy
190,#9PYGUR9PJ,又小人Juliaии🩸,0xffff8afb,28000321,1249,191,BN|Family💘
191,#80UUQPJRC,🥀Dada•愛,0xfff05637,28000321,1249,192,Spirit-E-Sport
192,#20YQVUYQ9,Yoshh.🤍,0xffffffff,28000230,1249,193,Whyy?💔
193,#2LGPRP02P,♣️turtle/PERU♣️,0xff1ba5f5,28000253,1249,194,sea1
194,#99LLQYY9,Joeh,0xfff9c908,28000335,1249,195,👋 🤷‍♂️
195,#9G80CPQCV,Bêrk🖤🔥,0xfff9775d,28000347,1249,196,Come Back 🤡
196,#2QCVLV2Q,Psychopant💧,0xffff8afb,28000334,1249,197,7 Dwarves
197,#2JPYUVYVG,×Petersonx❤️‍🔥,0xffcb5aff,28000014,1248,198,Rangers
198,#9V8VVR92P,xZak🪐,0xffffffff,28000014,1247,199,La Piraterie🏴‍
199,#822P9QVCU,Yoͥຮhͣiͫ,0xffff9727,28000305,1246,200,Rugrats
