,tag,name,nameColor,icon,trophies,rank,club
0,#JQVQYVY,Code: VTzim 🌑,0xffff8afb,28000339,1499,1,Eclipse 🌖
1,#VL0GPPJV,Physic Gear 5,0xfff9c908,28000014,1377,2,Eclipse 🌖
2,#2PGGR8Y9P,Asuna Yuuki,0xff1ba5f5,28000201,1299,3,Follow?
3,#Y0GLYCYVY,Maho❤️🔥,0xff1ba5f5,28000129,1299,4,<c0>ＬＯＮＥＬＹ★</c>
4,#VLQPVPY,Naz❤️Hyra,0xffff8afb,28000303,1287,5,Fenernazçe 💙💛
5,#8GV2CP2J8,☔ZORLU☔,0xffcb5aff,28000003,1254,6,<c0>ＬＯＮＥＬＹ★</c>
6,#GGCPV9J9L,★฿uͥrgͣeͫr★z|🍔,0xffffffff,28000092,1252,7,Sneax💞Short🐍
7,#Q0VP0JP8,玄Ghost🎴,0xffa8e132,28000167,1252,8,Dr eSports
8,#U0UQUVGU,Crux✨,0xff1ba5f5,28000300,1252,9,Meow
9,#9GJPJUQGJ,Xorox❤️‍🩹Byrox,0xffcb5aff,28000273,1252,10,Tribe Turkey
10,#YVQR8VUP9,Lunax🌙,0xfff9c908,28000259,1251,11,
11,#PYPQUG80,Zava💞Sunfote,0xffff9727,28000195,1251,12,Showdown💔Kings
12,#P9UVCQ2U2,Amazing,0xffff8afb,28000337,1251,13,help ranks
13,#CP0YYG,Frayerok,0xffcb5aff,28000349,1251,14,
14,#QRUQQLV0,Code: Nukleo,0xffa8e132,28000186,1251,15,LA Instinct
15,#9UG08PQUY,xSkywalker🦋ま,0xff1ba5f5,28000135,1250,16,Quant ESports🐾
16,#8PJRRG2C,SK|GuilleVGX,0xffa8e132,28000099,1250,17,CONEXIÓN
17,#VYGVV08Q,🍅domates,0xffffffff,28000261,1250,18,
18,#9LY0YG9QP,を|Sed🍀,0xffa8e132,28000197,1250,19,DragonArmy
19,#QUYCVC2,STMN | sans,0xffa8e132,28000136,1250,20,STMN Esports
20,#J9QCJLU0,RX|Enzo💮,0xffff8afb,28000321,1250,21,Ex0tic-E-Sport
21,#QR2GC8V,BKB|❄IC£CRØW❄,0xfff9c908,28000348,1250,22,Tribe Turkey
22,#29VGU29RQ,CLR | Kezucha🍀,0xff4ddba2,28000352,1250,23,めろんぱん食堂
23,#YQUQUUG,Ferlol,0xff1ba5f5,28000294,1249,24,minuta:3
24,#URVJVRRQ,愛野美奈子💛✨,0xffff8afb,28000018,1249,25,してたんぽ
25,#82PQUPGU0,Ryohei🐬,0xff1ba5f5,28000240,1249,26,数え役満🀄️
26,#YGQYGCR,Portox😡,0xff1ba5f5,28000191,1249,27,Blue Label
27,#89QY9P0L0,Luckz を',0xffffffff,28000095,1249,28,Sala
28,#2JCURGC2C,Sin ヤギ,0xffffffff,28000339,1249,29,
29,#8CC9QUR,FMG|Kaioneᶜᵒˡᵗ,0xffffce89,28000139,1249,30,ZETA|DIVISION'S
30,#8C29Q0RYR,Arin the bot,0xff1ba5f5,28000115,1249,31,octos
31,#QGLCPJ2J,Ansel,0xff1ba5f5,28000014,1249,32,CHEESEFOREVAR
32,#2VV02GQ2C,RNT | Prime,0xff1ba5f5,28000044,1249,33,Imperial
33,#P8U8JQLG,感|WarMan⚔️,0xff1ba5f5,28000148,1249,34,OG Mute
34,#20VVC8LU2,Cryzz❦︎,0xffffffff,28000108,1249,35,
35,#8LQ9JR82,Code: Eqwaak,0xfff9c908,28000004,1249,36,A Few Good Men
36,#8GUPLYY,FG | Jene,0xffff8afb,28000135,1249,37,clover
37,#QL9G8JR8C,KY,0xfff9c908,28000267,1244,38,<c5>ぽんみちょった</c>
38,#YY9PPLQL9,Yume𓅦,0xff4ddba2,28000149,1239,39,Cipher Pol
39,#PLUGLRG28,4SV_MaSTeP,0xffffffff,28000233,1238,40,Quant ESports🐾
40,#2J2PJ0UV,ikarosita,0xffa8e132,28000136,1230,41,Humble Grinders
41,#28CVQGURJ,kxrtofvl,0xffffffff,28000061,1203,42,UNDERDOG 🇵🇱
42,#29UGLJV2G,Lёvi,0xfff9c908,28000244,1203,43,✌️✌️✌️
43,#PC9LPPYV,Nico❤️Heys,0xff1ba5f5,28000196,1203,44,No Mercy
44,#2CRRRRYJR,моё,0xfff9c908,28000213,1203,45,✌️✌️✌️
45,#PR9U2JL,Juan Carlos,0xffffffff,28000119,1201,46,Humble Grinders
46,#8R99PJ890,xSkylasz•,0xffff9727,28000321,1201,47,Vitality
47,#CGQCYJGY,TTV | SnakeThug,0xfff9c908,28000341,1200,48,Deadly Vipers🐍
48,#2UYJV98J2,all 1500🏆,0xffffffff,28000000,1200,49,
49,#9QURJ9J9V,FMG|Biscoito 🍄,0xffffffff,28000348,1199,50,BULL NEED YOU
50,#G99CYGL,𝒁𝒂𝒊𝒌𝒐❄️,0xff4ddba2,28000194,1199,51,ChillOG
51,#J8UQ2UUG,SEKAI NO SHOUPI,0xffa8e132,28000140,1199,52,Cipher Pol
52,#80PC2QJCR,❥Hazzēиs✧,0xff1ba5f5,28000348,1199,53,7 Dwarves
53,#PUYC899U,ZM | yerico,0xff1ba5f5,28000271,1199,54,Beyond Champs
54,#209PQ2QPG,Narek❤️Love🍒,0xff4ddba2,28000140,1199,55,Bloody Kings
55,#2CY898QJ0,єηισ ƒαιχα⁷ 🥋,0xffcb5aff,28000224,1199,56,Candangos do BR
56,#QRU0L0U,🐬ꜱᴏᴋʀᴀᴍ 🜲,0xff1ba5f5,28000201,1199,57,CONEXIÓN
57,#LQVY9UPY,Neetn玄,0xff4ddba2,28000259,1199,58,RealDutch
58,#9YVP9LJU0,V7|Lostyy,0xffff9727,28000299,1199,59,
59,#202RGUPUG,☆FrankensteIn☆❤,0xffcb5aff,28000170,1199,60,Quant ESports🐾
60,#9JJVVC98G,FG | Tapimaro,0xff1ba5f5,28000322,1199,61,clover
61,#VGLY2G88,はRyuji🍢,0xffffce89,28000247,1199,62,
62,#2Y92C2Q8V,NOMAD|かーず。❄❄,0xfff9c908,28000119,1199,63,
63,#P99QGPLU2,Davex,0xffffce89,28000129,1199,64,Brawl King's
64,#ULCPJJ8,Kat 🍄,0xffcb5aff,28000003,1199,65,Real Ones
65,#2RR2JYYLP,Lone•D•Crissz🥱,0xffffffff,28000254,1199,66,Kings ladder
66,#9P2CUYJ8P,Scared,0xff4ddba2,28000167,1199,67,
67,#JGCCGY80,prostislavv,0xffff9727,28000042,1199,68,BOBR gaming
68,#LRYCL0QV,Baby Kyric,0xfff9c908,28000303,1199,69,7 Dwarves
69,#UYUUQQ8Q,대왕❦(光),0xffcb5aff,28000115,1199,70,<c1>BBOBBY</c>
70,#9QCJPL20,Golden Kawaii🌕,0xffffce89,28000045,1199,71,Eclipse 🌖
71,#YRURQRPUR,Skibidi Chipz,0xff1ba5f5,28000018,1191,72,Talents
72,#GJJ880CY0,sxmpl,0xffcb5aff,28000000,1187,73,にゃふにゃふ
73,#GP8RQP0LP,YodaZ🌑,0xff4ddba2,28000099,1183,74,Showdown💚
74,#PGY9ULY,PollitoMan,0xffffffff,28000348,1177,75,7 Dwarves
75,#8URCLRY8,球隊|RoUND🌠,0xfff9c908,28000061,1175,76,My social media
76,#2RQGVLRVG,₹GuilleX,0xffff8afb,28000036,1169,77,No Mercy
77,#YGJVVU9G9,1NQ|Aqua?,0xffffffff,28000053,1156,78,NAVI|LOVE❣️
78,#99RPYU9JC,Cartier⛧,0xffffffff,28000000,1156,79,RCN|Esports X
79,#92VJ8VQUP,🔥an_hayp🔥,0xfff05637,28000047,1154,80,
80,#989L0928Q,L1S|Sufiyan❦,0xff1ba5f5,28000033,1153,81,IMMORTAL SOULS
81,#88RGGCVQJ,My heart in AUS,0xff4ddba2,28000092,1153,82,ハナクソタケシ
82,#209G0UUGY,Ylli🐬,0xffff8afb,28000321,1153,83,Tribe Gaming NA
83,#98VPCJQ0C,sr america,0xffcb5aff,28000267,1153,84,
84,#V2Q080UU,Valembeau💜,0xffcb5aff,28000035,1153,85,A Few Clown Men
85,#882YLCV8U,乙口刀工丹匚Ｋ,0xffa2e3fe,28000339,1153,86,Diamante Elite
86,#9P9QCG0UJ,キングᵏⁱⁿᵍ👑,0xff1ba5f5,28000134,1153,87,QLASH Italy
87,#GCJCRVQ8,tacos ☍,0xffff8afb,28000177,1152,88,NA Friends
88,#VCPJQQ,Jealous🤍Y,0xffffce89,28000196,1151,89,люблю даню<3💓
89,#YUYYLVJ,Perry💜Lukie,0xfff9c908,28000213,1150,90,NA Friends
90,#GVQUYG90,Shattered ⟡,0xffffffff,28000000,1150,91,7 Dwarves
91,#2R8UYJYPC,Twinkle🪄︎︎れお,0xff1ba5f5,28000006,1149,92,fake ring…♡
92,#8CJLU9GVR,DatKill,0xffcb5aff,28000335,1149,93,Showdown💔Kings
93,#80CLL0UGQ,シ︎,0xffffffff,28000291,1149,94,
94,#P8RQ90UY9,FMG | Vitorᴷⁱⁿᴳ,0xffffce89,28000349,1149,95,Ex0tic-E-Sport
95,#29L028GQL,Djahsta,0xffff9727,28000306,1149,96,BC*|Family*
96,#R0PCVR2J,Honë❦,0xfff9c908,28000176,1149,97,<c3>ÉLITE</c>
97,#R2LR2QLG,NOUN | Mohtep,0xffffffff,28000243,1149,98,A Few Good Men
98,#22GQU2LLP,IᴛᴢFɪʀᴇ❤️‍🔥,0xffff9727,28000333,1149,99,CONEXIÓN
99,#YPP02G9L,Mxrf 🐝,0xff1ba5f5,28000291,1149,100,Beyond Washed
100,#PYGR8CPJ2,〆ϻɪs͢τɪӄ🩸,0xfff9c908,28000018,1149,101,Spain4Win
101,#2RL8LGV9Q,🐼iBearQu❦︎,0xfff05637,28000352,1149,102,High Quality
102,#92L2GYQUQ,krolikk💖tans👅,0xff4ddba2,28000140,1149,103,HolyPower
103,#20L2PRG9,殺°𝙺𝙸𝙳ᴮᵘᵘ 🍫,0xfff05637,28000014,1149,104,
104,#LUGQ9UPC,guesti,0xfff9775d,28000018,1149,105,<c5>Just Us</c>
105,#GGY0G29PU,NF|Ymran🎈,0xffffffff,28000321,1149,106,
106,#J00RYP0,Abdelbasset,0xff1ba5f5,28000036,1149,107,Arab Empire
107,#GLRV8L8,🍁ᴋιʀιᴛᴏ☬,0xff1ba5f5,28000175,1149,108,7 Dwarves
108,#99YL0PV9V,𝐍𝐓|𝐋𝐮𝐢𝐬𝐮,0xffffce89,28000349,1149,109,✌️✌️✌️
109,#8YQV9UPRL,AvalSElguu🌫️,0xffffffff,28000331,1145,110,MEGATROLL
110,#9VCJV98R8,LOL,0xfff9c908,28000129,1145,111,16-14|Esport🏓
111,#J8UR8002,SKC | Prozy,0xffa8e132,28000029,1144,112,Emi's bar 🍻
112,#22PJGVJYJ,히치Luxito🥀,0xffffffff,28000321,1144,113,No Mercy
113,#P0GCYJY20,ＮＴ| ᴹᵃʲᵒʳ❃,0xffcb5aff,28000198,1138,114,HolyPower
114,#80J80JC92,AT | Mr Ice ❄,0xff1ba5f5,28000168,1137,115,Brawl King's
115,#Y0UL8VPG,meli :p,0xffff9727,28000095,1132,116,No Mercy
116,#8YPU2Q9CP,valott🃏,0xfff9c908,28000023,1132,117,Venus
117,#90RQYP98U,♡•bestie•♡🧸,0xffa2e3fe,28000221,1130,118,7 Dwarves
118,#2J2U29V8V,suraj,0xff4ddba2,28000302,1128,119,Trashmeta
119,#2Y2Y99GQR,VizeZ,0xffffffff,28000230,1127,120,Ex0tic-E-Sport
120,#89JUJUVYL,𝓓𝓸𝓻𝓪👻🐉,0xfff9c908,28000020,1126,121,❅︎Merryの家𓍄𓂃𓈒
121,#PJYGUJLPY,ギョドンさん,0xff4ddba2,28000338,1121,122,キングダム乱
122,#8UQ9GQJJ,↝𝑉𝑖𝑝𝑒𝑟⍨꙳,0xff4ddba2,28000272,1120,123,めろんぱん食堂
123,#LLQ8GY8,𝐓𝐡𝐨𝐧𝐲会,0xfff9c908,28000334,1116,124,BC*|Family*
124,#2L80JP00L,Hillen,0xffff8afb,28000335,1114,125,Ex0tic-E-Sport
125,#QJULVGU,QLS | Edinho,0xff1ba5f5,28000194,1112,126,Ghost Team👻☔
126,#2VG02RU0,ThorN3X,0xffcb5aff,28000018,1109,127,Brawl King's
127,#9VU9R2LY,Terry!,0xffffffff,28000081,1108,128,✌️✌️✌️
128,#2P088J29C,Matt,0xffff8afb,28000333,1108,129,<c5>Just Us</c>
129,#GU898VQ,Levi,0xffcb5aff,28000014,1108,130,Brawl King's
130,#2LG8QJ9L,Fade,0xffffffff,28000013,1108,131,STMN Esports
131,#8P8VPQQR9,Dxarkie😈,0xffffffff,28000174,1107,132,TeamHard
132,#8Q80P982R,𝐍𝐓|𝐀𝐚𝐫𝐮,0xffffce89,28000303,1106,133,✌️✌️✌️
133,#802VG829,LuRkz🩵Sq,0xffff8afb,28000014,1106,134,Demise 🥀
134,#PQJVG9LG2,REX Kai💫🥀,0xff1ba5f5,28000110,1106,135,REX💫
135,#8LC808G,Tuyu,0xff1ba5f5,28000349,1106,136,@Tuyu_Official
136,#88QCRPLJV,Togi☁️,0xffff8afb,28000303,1105,137,7 Dwarves
137,#PQ09LC889,sinaayy🤍kアナー,0xffff8afb,28000196,1105,138,luv sinayy.🤍🪽
138,#8LQQCCPRG,MyS|Efim👾,0xffa8e132,28000101,1105,139,Quant ESports🐾
139,#99LP2PUQ9,jxbkofvl,0xffff9727,28000303,1104,140,ŚrednioNaPsa
140,#8UYQRLQQV,Cwowお,0xffa8e132,28000331,1104,141,InTeamRasur
141,#20CQLYP2C,TBEjason,0xffff8afb,28000336,1104,142,Brawl King's
142,#2QPJQ8QRQ,bagi,0xff1ba5f5,28000335,1104,143,Brawl King's
143,#P9Y9RP9Y,PEDRO| ᴷⁱˡˡᵧₒᵤツ,0xffa2e3fe,28000286,1104,144,CaféDeMañana
144,#RRVVPG2Y,Brosta卡拉,0xff1ba5f5,28000206,1104,145,vMoove
145,#VLY0PQQG,(+Wizkid_06 +),0xffcb5aff,28000113,1104,146,Beyond Kratos
146,#PP8URGQL8,J. Álvarez ⁹🕷️,0xff1ba5f5,28000139,1104,147,Emi's bar 🍻
147,#CJP08CU0,Uriel,0xffffffff,28000135,1104,148,Brawl King's
148,#90V9VYJ8C,しょうけい,0xfff05637,28000242,1104,149,なかよし部
149,#9CQGLG0CV,Świnia🐷,0xfff05637,28000117,1104,150,ŚrednioNaPsa
150,#GJ9PLGPL,ReSn|Snake🐍,0xff4ddba2,28000101,1104,151,Lose?
151,#2LGRP0UUG,Hawks🎴,0xffa8e132,28000136,1104,152,7 Dwarves
152,#P2RVQ90L9,🖤ŠįŁ3Ñt🥀,0xffcb5aff,28000183,1104,153,Invincible
153,#9P98UCUV,Eydan,0xffff8afb,28000247,1104,154,Beyond Champs
154,#9GVGY29QC,Human核能,0xff1ba5f5,28000272,1103,155,Tribe Turkey
155,#2RG0LV02,STMN | Scofield,0xff4ddba2,28000136,1103,156,vMoove
156,#82UCLY9C8,Kronos🇧🇷,0xffff8afb,28000029,1103,157,Brawl King's
157,#99GP0Y2,Werys2JZ❤️‍🩹,0xffff8afb,28000018,1103,158,WOLFMX
158,#CG0YQP2C,Bavioツんﾌﾒ,0xffffffff,28000014,1103,159,Arab Empire
159,#280RJ92JC,ExP |BloocK,0xfff9c908,28000242,1103,160,CONEXIÓN
160,#LUP0QRC8,L1S|D4NTE❦,0xffff9727,28000129,1103,161,Mini Me’s
161,#20RV9LCGY,Loki🌙,0xff1ba5f5,28000167,1103,162,<c3>ÉLITE</c>
162,#8GGQC0UP,SHW|Tattier,0xff1ba5f5,28000138,1103,163,MegaPigEnjoyers
163,#9VP2R0P9,ToxicZan,0xff1ba5f5,28000352,1102,164,Real Ones
164,#8Y98Q8U,CR | Sitetampo,0xffff8afb,28000014,1102,165,A Few Good Men
165,#P9YCRRRVL,Zelephh,0xff1ba5f5,28000123,1102,166,Brawl Kings
166,#RRQQJPG2,Rabbithop,0xff1ba5f5,28000349,1102,167,we love rabbits
167,#8Q2JCGP00,きゃんでぃ,0xff1ba5f5,28000014,1102,168,キングダム乱
168,#2P2URUV8G,Foncho,0xffcb5aff,28000209,1102,169,Dragon Chileno
169,#PQQRJUPY,FMG| 𝕭єℓℓσ🍄,0xffffce89,28000349,1102,170,Ex0tic-E-Sport
170,#LG2RY8GP,Cyclxne,0xff1ba5f5,28000349,1102,171,Brawl King's
171,#YLV8CL0R,Astaaaa❤️‍🔥😈,0xff4ddba2,28000347,1102,172,Tribe Turkey
172,#R2R2JV9C,S4W|Aste❤️‍🔥,0xffff8afb,28000214,1102,173,Spain4Win
173,#LJY9PR9R,✦Troper🍂,0xffffffff,28000132,1102,174,Emi's bar 🍻
174,#PQPR2GQGJ,MatCha✈️,0xffcb5aff,28000014,1102,175,HK瘋
175,#29CVP0V9U,Almighty Push💐,0xffcb5aff,28000335,1102,176,Beyond Champs
176,#YVG2LJG,SN|scattered,0xff1ba5f5,28000285,1102,177,Talents
177,#Y22RU8YQ2,Seis,0xffcb5aff,28000159,1102,178,Brawl King's
178,#VGQ0P2VU,Carry by Georg,0xffffffff,28000123,1102,179,A Few Good Men
179,#29Q0GJR,Gene♆,0xff1ba5f5,28000122,1101,180,Real Ones
180,#20JR92CYU,ice🖤sophia,0xffffffff,28000139,1101,181,NGGL
181,#VJUQ0Y,LG | Chino,0xff1ba5f5,28000322,1101,182,Havoc Echo
182,#999YGVQ,GianFranco:D,0xff1ba5f5,28000010,1101,183,TB|Team Bull
183,#PUYRY99J,SEA|kumachi♪god,0xfff05637,28000294,1101,184,gloria🎈
184,#220PGLU02,家|𝑴𝒆𝒎𝒆𝒏ϟ,0xffa8e132,28000163,1101,185,You and me 💜
185,#2GRJ0Q9UC,DEW│Luismen🤍,0xff1ba5f5,28000125,1101,186,めろんぱん食堂
186,#9G0CJPJPY,Taha♛,0xffcb5aff,28000170,1101,187,GOOD BYE TAHA
187,#82GPP9LQ,BC*| Tobi🍉,0xff1ba5f5,28000303,1101,188,BC*|Family*
188,#2PLVJ0GLV,Sniper🐙,0xffff9727,28000244,1101,189,Brawl Kings
189,#99JRGQ0C9,King⚡️,0xffcb5aff,28000135,1101,190,Affective.
190,#GRCYVRJG,Edgar🤍æ,0xffff9727,28000176,1101,191,7 Dwarves
191,#2YCR9RLCJ,Tris🍃,0xffcb5aff,28000095,1101,192,
192,#QR90UY9L,Lipe❤️Pandora,0xffff9727,28000203,1101,193,Revenge Gaming
193,#LYR0Q9C,TRB | Zoulan,0xff1ba5f5,28000138,1101,194,Tribe Gaming NA
194,#Y29V28JYJ,ナイフを持った天使,0xfff9c908,28000014,1100,195,Brawl King's
195,#298JUYR29,Chase-Itz,0xffcb5aff,28000156,1100,196,Beyond Kratos
196,#809ULJU2,KLIMtm,0xffffffff,28000151,1100,197,take a break.
197,#2098RP8RJ,crayola,0xffff8afb,28000224,1100,198,amphibianman
198,#GRLUYG0R,NiceShøt 🌓,0xffcb5aff,28000347,1100,199,Ex0tic-E-Sport
199,#JV2L02VV,SíJaauaq,0xffff8afb,28000303,1100,200,
