,tag,name,nameColor,icon,trophies,rank,club
0,#2UU2V2L0G,æncore💘,0xff1ba5f5,28000000,1459,1,Revaible 💗
1,#VL0GPPJV,Physic Gear 5,0xfff9c908,28000014,1341,2,Eclipse 🌖
2,#8GV2CP2J8,☔ZORLU☔,0xffcb5aff,28000003,1301,3,<c0>ＬＯＮＥＬＹ★</c>
3,#VLQPVPY,Naz❤️Hyra,0xffff8afb,28000303,1300,4,Fenernazçe 💙💛
4,#JQVQYVY,Code: VTzim 🌑,0xffff8afb,28000339,1300,5,Eclipse 🌖
5,#VYGVV08Q,🍅domates,0xffffffff,28000261,1300,6,
6,#Y9R9JPVPU,Xelium A🩸,0xffffffff,28000029,1254,7,
7,#GJV90V22Q,киска эль примо,0xffffffff,28000229,1252,8,
8,#GRU992LGV,³Xmæster's❦,0xffff9727,28000020,1252,9,
9,#29UGLJV2G,Lёvi,0xfff9c908,28000244,1252,10,✌️✌️✌️
10,#8PJRRG2C,SK|GuilleVGX,0xffa8e132,28000099,1252,11,CONEXIÓN
11,#GUQJ9QLV2,ダーリンhold.🤍,0xffffffff,28000031,1252,12,ニースwonderful 🎀
12,#92VJ8VQUP,🔥an_hayp🔥,0xfff05637,28000047,1252,13,
13,#9U0G8JPU2,mir,0xfff9775d,28000232,1252,14,Talents
14,#P9UVCQ2U2,Amazing,0xffff8afb,28000337,1251,15,help ranks
15,#P99QGPLU2,Davex,0xffffce89,28000129,1251,16,Brawl King's
16,#2C9PLLUG8,Efecan|Apple♎🖤,0xffff8afb,28000321,1251,17,<c0>ＬＯＮＥＬＹ★</c>
17,#8R99PJ890,xSkylasz•,0xffff9727,28000321,1251,18,Vitality
18,#PYPQUG80,Zava💞Sunfote,0xffff9727,28000195,1251,19,Showdown💔Kings
19,#9LY0YG9QP,を|Sed🍀,0xffa8e132,28000197,1250,20,DragonArmy
20,#RVLQ0VUR,风暴|kerem🎃,0xffff9727,28000257,1250,21,ᴅᴀɪʟʏ
21,#9L09YYQ8L,⛩️Panda G.m⛩️,0xffcb5aff,28000330,1250,22,HolyGuns
22,#QUYCVC2,STMN | sans,0xffa8e132,28000136,1250,23,STMN Esports
23,#20VVC8LU2,Cryzz❦︎,0xffffffff,28000108,1250,24,
24,#2CUYQ8RQC,🥷🏿,0xffffffff,28000272,1250,25,
25,#2J2PJ0UV,ikarosita,0xffa8e132,28000136,1249,26,Humble Grinders
26,#URVJVRRQ,愛野美奈子💛✨,0xffff8afb,28000018,1249,27,してたんぽ
27,#YRURQRPUR,Skibidi Chipz,0xff1ba5f5,28000018,1249,28,Talents
28,#20YJ9PLLV,ま|Shadows • 💫,0xffffffff,28000041,1249,29,what happened
29,#90RQYP98U,♡•bestie•♡🧸,0xffa2e3fe,28000221,1249,30,7 Dwarves
30,#9UG08PQUY,xSkywalker🦋ま,0xff1ba5f5,28000135,1249,31,Quant ESports🐾
31,#2082JRYUV,GooD•G,0xffcb5aff,28000033,1249,32,<c5>Just Us</c>
32,#2P088J29C,Matt,0xffff8afb,28000333,1249,33,<c5>Just Us</c>
33,#QL9G8JR8C,KY,0xfff9c908,28000267,1249,34,<c5>ぽんみちょった</c>
34,#PLUGLRG28,4SV_MaSTeP,0xffffffff,28000233,1238,35,Quant ESports🐾
35,#R2R2JV9C,S4W|Aste❤️‍🔥,0xffff8afb,28000214,1233,36,Spain4Win
36,#C2CULQP0,❤️‍🔥Mazoex♛,0xff1ba5f5,28000314,1215,37,VV eSport
37,#8Y082R2GG,추카|RapZ ✶,0xffff9727,28000211,1207,38,Beyond Swift
38,#9PP880VPC,モモきゅん,0xffffffff,28000264,1206,39,CLUB ACQUA
39,#2PGGR8Y9P,Asuna Yuuki,0xff1ba5f5,28000201,1206,40,Follow?
40,#GRCYVRJG,Edgar🤍æ,0xffff9727,28000176,1203,41,7 Dwarves
41,#YGQYGCR,Portox😡,0xff1ba5f5,28000191,1203,42,Blue Label
42,#9J2JLUR8G,Aspect 🃏,0xffffffff,28000304,1202,43,7 Dwarves
43,#PR9U2JL,Juan Carlos,0xffffffff,28000119,1201,44,Humble Grinders
44,#802VG829,LuRkz🩵Sq,0xffff8afb,28000014,1201,45,Demise 🥀
45,#29L028GQL,Djahsta,0xffff9727,28000306,1201,46,BC*|Family*
46,#2CRRRRYJR,моё,0xfff9c908,28000213,1201,47,✌️✌️✌️
47,#QRUQQLV0,Code: Nukleo,0xffa8e132,28000186,1200,48,LA Instinct
48,#JV2L02VV,SíJaauaq,0xffff8afb,28000303,1200,49,
49,#QLPYVRYCY,☾해안꽃,0xfff9c908,28000136,1199,50,Space Ibiza 🤒.
50,#88RGGCVQJ,My heart in AUS,0xff4ddba2,28000092,1199,51,ハナクソタケシ
51,#82GPP9LQ,BC*| Tobi🍉,0xff1ba5f5,28000303,1199,52,BC*|Family*
52,#2R8UYJYPC,Twinkle🪄︎︎れお,0xff1ba5f5,28000006,1199,53,fake ring…♡
53,#PY0U8VUQQ,Wirtz,0xffffffff,28000187,1199,54,
54,#JGCCGY80,prostislavv,0xffff9727,28000042,1199,55,BOBR gaming
55,#8LC808G,Tuyu,0xff1ba5f5,28000349,1199,56,@Tuyu_Official
56,#8LQ9JR82,Code: Eqwaak,0xfff9c908,28000004,1199,57,A Few Good Men
57,#8GUPLYY,FG | Jene,0xffff8afb,28000135,1199,58,clover
58,#PRVJJQUUR,Mundial を',0xffffffff,28000004,1199,59,WOLVES HUNGRY
59,#G9C9VJ2GL,Vá♡neèk🪐,0xffff8afb,28000303,1191,60,<c0>PWNZ</c>
60,#8GVRY2Y0C,Dep100r,0xff1ba5f5,28000347,1187,61,Revaible 💗
61,#U9GC8G02,CMG | R B M,0xffffffff,28000058,1184,62,ChasmacGaming
62,#8URCLRY8,球隊|RoUND🌠,0xfff9c908,28000061,1178,63,My social media
63,#QR2GC8V,BKB|❄IC£CRØW❄,0xfff9c908,28000348,1177,64,Tribe Turkey
64,#Q0VP0JP8,玄Ghost🎴,0xffa8e132,28000167,1153,65,Dr eSports
65,#QPJ2VG8C8,Dragon 🐊,0xff1ba5f5,28000014,1153,66,Real Ones
66,#U2PRPLP,OU鸥,0xffffffff,28000341,1153,67,anyway🤷🏻‍♂️
67,#GQJ2JJ2J9,Andrés,0xff1ba5f5,28000262,1153,68,
68,#220PGLU02,家|𝑴𝒆𝒎𝒆𝒏ϟ,0xffa8e132,28000163,1151,69,You and me 💜
69,#8QVGJQGGC,ᴀsᴛʀᴏ >.< 🖤,0xffff9727,28000272,1151,70,Kings United II
70,#PYGR8CPJ2,〆ϻɪs͢τɪӄ🩸,0xfff9c908,28000018,1150,71,Spain4Win
71,#PGY9ULY,PollitoMan,0xffffffff,28000348,1149,72,7 Dwarves
72,#P0RC0J29Q,𝕶ō𝖘𝖊𝖓 💘,0xffff8afb,28000335,1149,73,
73,#P0GCYJY20,ＮＴ| ᴹᵃʲᵒʳ❃,0xffcb5aff,28000198,1149,74,HolyPower
74,#CPPV2PQG,MeliodasBot🐐,0xffa8e132,28000006,1149,75,No Mercy
75,#G92Y9JL00,Arrow☆verse支,0xffcb5aff,28000349,1149,76,Talents
76,#280QLG8V,Yuki's〆,0xff1ba5f5,28000300,1149,77,🧀MUSSARELOS 2✨
77,#2Q2JQURJR,あSerhâtt❤️‍🔥,0xff1ba5f5,28000297,1149,78,NHY E-SporTS
78,#9YV8R0QCV,↻さー͛が↺￤Yucyi!!,0xffff9727,28000214,1149,79,Cipher Pol
79,#Y9LYC98PG,LMD🍋Aimer,0xffffffff,28000265,1149,80,たつきすねげ
80,#QPV0R9QUR,Storm ⚘,0xffcb5aff,28000014,1149,81,Novacane🤍
81,#2JYUV9PG,ᴿᵃᵍᵉ𝕮𝖗𝖎𝖟愛,0xffff8afb,28000348,1149,82,øX House🦉
82,#20J9PYQUY,S!imy Kazya,0xfff05637,28000110,1149,83,Cipher Pol
83,#9QCJPL20,Golden Kawaii🌕,0xffffce89,28000045,1149,84,Eclipse 🌖
84,#YUGUVGYL,edson v2 🪐,0xffcb5aff,28000176,1149,85,You and me 💜
85,#2QCVLV2Q,Psychopant💧,0xffff8afb,28000334,1149,86,7 Dwarves
86,#YY9PPLQL9,Yume𓅦,0xff4ddba2,28000149,1144,87,Cipher Pol
87,#2RR2JYYLP,Lone•D•Crissz🥱,0xffffffff,28000254,1144,88,Kings ladder
88,#PC9LPPYV,Nico❤️Heys,0xff1ba5f5,28000196,1134,89,No Mercy
89,#2RL8LGV9Q,🐼iBearQu❦︎,0xfff05637,28000352,1133,90,High Quality
90,#2UYJV98J2,all 1500🏆,0xffffffff,28000000,1126,91,
91,#989L0928Q,L1S|Sufiyan❦,0xff1ba5f5,28000033,1120,92,IMMORTAL SOULS
92,#RRVVPG2Y,Brosta卡拉,0xff1ba5f5,28000206,1120,93,vMoove
93,#9L0UQRPJJ,İRONMAN,0xffcb5aff,28000314,1116,94,₮Ɽ₩`eSports
94,#CPYUR8QR,KD|Buff♡,0xfff9c908,28000132,1113,95,Quant ESports🐾
95,#2YCR9RLCJ,Tris🍃,0xffcb5aff,28000095,1112,96,
96,#2PJJQV92,V3|Flamen🤍,0xffffce89,28000230,1108,97,CONEXIÓN
97,#28CVQGURJ,kxrtofvl,0xffffffff,28000061,1108,98,UNDERDOG 🇵🇱
98,#YLV8CL0R,Astaaaa❤️‍🔥😈,0xff4ddba2,28000347,1107,99,Tribe Turkey
99,#90V9VYJ8C,しょうけい,0xfff05637,28000242,1107,100,なかよし部
100,#2VCR08Q92,シ︎𝕊𝕖𝕣𝕣𝕒⌫☯︎,0xffff8afb,28000291,1106,101,IG|Guiserrabs
101,#82PQUPGU0,Ryohei🐬,0xff1ba5f5,28000240,1106,102,数え役満🀄️
102,#VGQ0P2VU,Carry by Georg,0xffffffff,28000123,1105,103,A Few Good Men
103,#9G0CJPJPY,Taha♛,0xffcb5aff,28000170,1104,104,GOOD BYE TAHA
104,#2VG02RU0,ThorN3X,0xffcb5aff,28000018,1104,105,Brawl King's
105,#VCPJQQ,Jealous🤍Y,0xffffce89,28000196,1104,106,люблю даню<3💓
106,#88QCRPLJV,Togi☁️,0xffff8afb,28000303,1104,107,7 Dwarves
107,#2LY99YGP8,HJK┃エネ↯,0xffcb5aff,28000338,1104,108,<c2>エホヤキム</c>
108,#8UYQRLQQV,Cwowお,0xffa8e132,28000331,1104,109,InTeamRasur
109,#2CY0CVU80,~Vi♡tal🪐,0xffffffff,28000297,1104,110,Импрессив
110,#20CQLYP2C,TBEjason,0xffff8afb,28000336,1104,111,Brawl King's
111,#8CRC9QUY9,팀원 버스타는Daye🤱,0xfff9c908,28000124,1104,112,<c1>BBOBBY</c>
112,#GU898VQ,Levi,0xffcb5aff,28000014,1104,113,Brawl King's
113,#LPQQLYL2,roledu 🪼,0xffcb5aff,28000333,1104,114,MandySimps
114,#GJ9PLGPL,ReSn|Snake🐍,0xff4ddba2,28000101,1104,115,Lose?
115,#8GULV80RP,wortekz,0xfff9c908,28000345,1104,116,Brawl King's
116,#28PP0C82J,YAIⓂMA_Return❕,0xffcb5aff,28000164,1104,117,<c1>BBOBBY</c>
117,#2L80JP00L,Hillen,0xffff8afb,28000335,1104,118,Ex0tic-E-Sport
118,#YVG2LJG,SN|scattered,0xff1ba5f5,28000285,1104,119,Talents
119,#P2RVQ90L9,🖤ŠįŁ3Ñt🥀,0xffcb5aff,28000183,1104,120,Invincible
120,#QR90UY9L,Lipe❤️Pandora,0xffff9727,28000203,1104,121,Revenge Gaming
121,#9P98UCUV,Eydan,0xffff8afb,28000247,1104,122,Beyond Champs
122,#LLQ8GY8,𝐓𝐡𝐨𝐧𝐲会,0xfff9c908,28000334,1104,123,BC*|Family*
123,#QGG2UUV0,P4S|Kurumi,0xffcb5aff,28000014,1104,124,Real Ones
124,#99YL0PV9V,𝐍𝐓|𝐋𝐮𝐢𝐬𝐮,0xffffce89,28000349,1104,125,✌️✌️✌️
125,#8Q80P982R,𝐍𝐓|𝐀𝐚𝐫𝐮,0xffffce89,28000303,1103,126,✌️✌️✌️
126,#9VP2R0P9,ToxicZan,0xff1ba5f5,28000352,1103,127,Real Ones
127,#VGUG9RGG,Copito🐈‍⬛,0xffcb5aff,28000267,1103,128,<c8>BibiGum</c>
128,#PQJVG9LG2,REX Kai💫🥀,0xff1ba5f5,28000110,1103,129,REX💫
129,#UVVULJUQ,AG |Luis Miguel,0xfff05637,28000290,1103,130,LitheX🐢
130,#8UL0U08V,winq ☃️🤍,0xffff8afb,28000175,1103,131,Havoc Echo
131,#YCC8CJU,Captainroxx⚡️,0xffff9727,28000262,1103,132,<c7>BLITZ</c>
132,#9LV0Q00YV,영원한감동,0xff4ddba2,28000082,1102,133,새싹
133,#Y02L2GGC,Weeeeisit🍒,0xffff8afb,28000073,1102,134,Showdown💔Kings
134,#8Y98Q8U,CR | Sitetampo,0xffff8afb,28000014,1102,135,A Few Good Men
135,#209G0UUGY,Ylli🐬,0xffff8afb,28000321,1102,136,Tribe Gaming NA
136,#2PLVJ0GLV,Sniper🐙,0xffff9727,28000244,1102,137,Brawl Kings
137,#2P2URUV8G,Foncho,0xffcb5aff,28000209,1102,138,Dragon Chileno
138,#2RG0LV02,STMN | Scofield,0xff4ddba2,28000136,1102,139,vMoove
139,#2QJJ2CPG,Elvis,0xfff05637,28000203,1102,140,MegaPigEnjoyers
140,#2LGRP0UUG,Hawks🎴,0xffa8e132,28000136,1102,141,7 Dwarves
141,#280RJ92JC,ExP |BloocK,0xfff9c908,28000242,1102,142,CONEXIÓN
142,#89JJV992Y,ZL|caldera,0xfff9775d,28000040,1101,143,めろんぱん食堂
143,#G99CYGL,𝒁𝒂𝒊𝒌𝒐❄️,0xff4ddba2,28000194,1101,144,ChillOG
144,#289YVRL0Y,ж Mєℓєє ж,0xff1ba5f5,28000004,1101,145,B T H Alfa
145,#V2Q080UU,Valembeau💜,0xffcb5aff,28000035,1101,146,A Few Clown Men
146,#9P2CUYJ8P,Scared,0xff4ddba2,28000167,1101,147,
147,#PLQ0PYJVV,THB|Pipe♟️,0xffff8afb,28000262,1101,148,7 Dwarves
148,#2RP0U2CUV,BERAT❤️ELA,0xfff05637,28000244,1100,149,₮Ɽ₩`eSports
149,#PQ28JP0P,亲Jσтα,0xffff9727,28000175,1100,150,7 Dwarves
150,#298JUYR29,Chase-Itz,0xffcb5aff,28000156,1100,151,Beyond Kratos
151,#L0PQLCLY,기롱❦(卯),0xffffce89,28000247,1100,152,<c1>BBOBBY</c>
152,#P90RJQ8C,Sizuku🐬,0xff1ba5f5,28000044,1100,153,数え役満🀄️
153,#LQJC9QL2,HJK┃アチャ,0xffffffff,28000000,1100,154,豚骨ラーメンファンキー
154,#LRJ9YYQL,☞Տӈᴀ⚜ᴅᴏΧ๛,0xffffce89,28000014,1100,155,CONEXIÓN
155,#GVQUYG90,Shattered ⟡,0xffffffff,28000000,1100,156,7 Dwarves
156,#9GVGY29QC,Human核能,0xff1ba5f5,28000272,1100,157,Tribe Turkey
157,#9Q8LP2Y09,Lag,0xff1ba5f5,28000044,1100,158,Dredd
158,#PQPR2GQGJ,MatCha✈️,0xffcb5aff,28000014,1100,159,HK瘋
159,#CGQCYJGY,TTV | SnakeThug,0xfff9c908,28000341,1100,160,Deadly Vipers🐍
160,#22GURLG00,NoRvie 〆,0xffff8afb,28000054,1100,161,
161,#YGR92L92,Bøbuś😈,0xff1ba5f5,28000282,1100,162,ŚrednioNaPsa
162,#YPP02G9L,Mxrf 🐝,0xff1ba5f5,28000291,1100,163,Beyond Washed
163,#CLCPQ2R,Agûstin ᴹᴰᴮ,0xffffffff,28000349,1099,164,Elite Saiyan🔱
164,#29Q0GJR,Gene♆,0xff1ba5f5,28000122,1099,165,Real Ones
165,#20JYLU8JU,でんじゃらすトミーさん邪！♨️,0xffff8afb,28000320,1099,166,オーシャンズビュー
166,#29LVGP0PC,リー将軍,0xffffffff,28000038,1099,167,オーシャンズビュー
167,#GG8RL2CP,Kevin❤️‍🔥,0xffffffff,28000135,1099,168,……
168,#UVYGRYJU,Resicstine,0xffffffff,28000058,1099,169,TEAM DARKNESS
169,#8GVG8GR08,くりすたる,0xffffce89,28000244,1099,170,🦠🦠🦠
170,#JRU9882V,Магiiо🎈,0xffffffff,28000058,1099,171,TT: niiil_06
171,#UP29Q9C9,.Chūky.,0xffff9727,28000350,1099,172,Aubs Crew
172,#80GQJ9YYP,Fynxboy,0xffff8afb,28000349,1099,173,DPB | ⚡Esport⚡
173,#CP0YYG,Frayerok,0xffcb5aff,28000349,1099,174,
174,#808YCJQ0,Shafin,0xffffce89,28000339,1099,175,Mini Me’s
175,#2J29C0C0Q,火|Ja͢͢͢y💛,0xfff9775d,28000170,1099,176,RealDutch
176,#2JY989R0R,Queen,0xffffffff,28000207,1099,177,k ttc
177,#29JJCQULC,BC* |Crusher🍉,0xfff05637,28000175,1099,178,The rise
178,#9PY9V2UG2,TM|Bax✨,0xffffffff,28000196,1099,179,Eternal Esports
179,#Y22RU8YQ2,Seis,0xffcb5aff,28000159,1099,180,Brawl King's
180,#CG0YQP2C,Bavioツんﾌﾒ,0xffffffff,28000014,1099,181,Arab Empire
181,#90YGQVCV,Jonas🤭,0xff1ba5f5,28000167,1099,182,Cuties🤭
182,#2L892GP,YAPIMARU_YT,0xffffffff,28000186,1093,183,Cipher Pol
183,#2Q028GQQP,MTM | Zeus,0xfff9c908,28000018,1091,184,NA Friends
184,#J99YU9QY,KuruNero🐬,0xff1ba5f5,28000264,1089,185,Cipher Pol
185,#2Y2Y99GQR,VizeZ,0xffffffff,28000230,1085,186,Ex0tic-E-Sport
186,#2098RP8RJ,crayola,0xffff8afb,28000224,1084,187,amphibianman
187,#2RQGVLRVG,₹GuilleX,0xffff8afb,28000036,1080,188,No Mercy
188,#2YR9PPYUY,A1AL|DzonDzon🍌,0xffcb5aff,28000073,1077,189,Golden Legion
189,#8CJJCUY,Awa De Piña ツ,0xffa2e3fe,28000046,1077,190,WOLFMX
190,#PUYRY99J,SEA|kumachi♪god,0xfff05637,28000294,1075,191,gloria🎈
191,#Y2QGGY29,Born to Live♡,0xffffffff,28000254,1074,192,LaWs Controll
192,#2LV8CQ0YP,ARX | Fint,0xfff9c908,28000224,1071,193,Game House
193,#UR02VU99,TwG | Minato,0xff1ba5f5,28000335,1068,194,Twig Elite
194,#Q09RRVL,히치TheDead🥀,0xffffffff,28000280,1067,195,No Mercy
195,#PPG8C2P2,Zimon,0xffffffff,28000184,1065,196,<c5>Just Us</c>
196,#9VU9R2LY,Terry!,0xffffffff,28000081,1064,197,✌️✌️✌️
197,#JQCV9PCV,ЯvG★Complex,0xffffffff,28000135,1063,198,Revenge Gaming
198,#R902Y02J,Oscarreno11 ↯,0xfff9c908,28000123,1063,199,Chapulines 🦗
199,#J8UR8002,SKC | Prozy,0xffa8e132,28000029,1061,200,Emi's bar 🍻
