,tag,name,nameColor,icon,trophies,rank,club
0,#JQVQYVY,Code: VTzim 🌑,0xffff8afb,28000339,1499,1,Eclipse 🌖
1,#VLQPVPY,Naz❤️Hyra,0xffff8afb,28000303,1399,2,Fenernazçe 💙💛
2,#VL0GPPJV,Physic Gear 5,0xfff9c908,28000014,1332,3,Eclipse 🌖
3,#VYGVV08Q,🍅domates,0xffffffff,28000261,1311,4,
4,#PRQGVULVQ,iAlmaaaazik🥺,0xffffffff,28000135,1303,5,KingdomRush
5,#8PJRRG2C,SK|GuilleVGX,0xffa8e132,28000099,1302,6,CONEXIÓN
6,#2098RP8RJ,crayola,0xffff8afb,28000224,1300,7,amphibianman
7,#8QJ0YUV8Q,千 | Kai,0xffa8e132,28000018,1299,8,Beyond Swift
8,#G82ULC9UY,It’s Mistik?🖤,0xffffffff,28000347,1263,9,Lose?
9,#8R002P0JP,Kitt,0xff1ba5f5,28000201,1259,10,Real Ones
10,#CJP08CU0,Uriel,0xffffffff,28000135,1258,11,Brawl King's
11,#QJULVGU,QLS | Edinho,0xff1ba5f5,28000194,1255,12,Ghost Team👻☔
12,#P0GCYJY20,ＮＴ| ᴹᵃʲᵒʳ❃,0xffcb5aff,28000198,1254,13,HolyPower
13,#Y29V28JYJ,ナイフを持った天使,0xfff9c908,28000014,1253,14,Brawl King's
14,#LRLQPU09,Quantic 🌵,0xffa8e132,28000284,1253,15,LA Global
15,#8GV2CP2J8,☔ZORLU☔,0xffcb5aff,28000003,1253,16,<c0>ＬＯＮＥＬＹ★</c>
16,#2UJQQ0YL,TOC,0xfff9c908,28000212,1252,17,anyway🤷🏻‍♂️
17,#2G0RRLU2R,Shu²³,0xffffce89,28000244,1252,18,Magicians
18,#P99QGPLU2,Davex,0xffffce89,28000129,1252,19,Brawl King's
19,#28UUY2PRQ,MSP | Rémyoupi,0xfff9c908,28000056,1252,20,MSP TEAM
20,#29UGLJV2G,Lёvi,0xfff9c908,28000244,1252,21,✌️✌️✌️
21,#8Q0RCVRVJ,샤논,0xffffffff,28000210,1252,22,Magicians
22,#GCQVYGJU,Netlook#1,0xffff8afb,28000349,1252,23,Las Diablitas🧘
23,#20G029UJU,食べ様まで❣️,0xff1ba5f5,28000018,1252,24,Lose?
24,#QR2GC8V,BKB|❄IC£CRØW❄,0xfff9c908,28000348,1252,25,Tribe Turkey
25,#9GJPJUQGJ,Xorox❤️‍🩹Byrox,0xffcb5aff,28000273,1252,26,Tribe Turkey
26,#9G0CJPJPY,Taha♛,0xffcb5aff,28000170,1251,27,GOOD BYE TAHA
27,#PR9U2JL,Juan Carlos,0xffffffff,28000119,1251,28,Humble Grinders
28,#QL9G8JR8C,KY,0xfff9c908,28000267,1251,29,<c5>ぽんみちょった</c>
29,#9VU9R2LY,Terry!,0xffffffff,28000081,1251,30,✌️✌️✌️
30,#2J2U29V8V,suraj,0xff4ddba2,28000302,1251,31,Trashmeta
31,#22C0GV9CR,NoCrow,0xff1ba5f5,28000207,1251,32,HeroWarriorsTR
32,#YGQYGCR,Portox😡,0xff1ba5f5,28000191,1251,33,Blue Label
33,#YGR92L92,Bøbuś😈,0xff1ba5f5,28000282,1251,34,ŚrednioNaPsa
34,#8LLJ92VQ,あ| 𝓐𝓱𝓶𝓮𝓓🥀,0xff1ba5f5,28000349,1250,35,OG Mute
35,#QUYCVC2,STMN | sans,0xffa8e132,28000136,1250,36,STMN Esports
36,#QRUQQLV0,Code: Nukleo,0xffa8e132,28000186,1250,37,LA Instinct
37,#GRLUYG0R,NiceShøt 🌓,0xffcb5aff,28000347,1250,38,Ex0tic-E-Sport
38,#82LRGLQ02,あ| 𝓕𝓪𝓱𝓪𝓓🥀,0xff1ba5f5,28000283,1250,39,OG Mute
39,#PYPQUG80,Zava💞Sunfote,0xffff9727,28000195,1250,40,Showdown💔Kings
40,#28QV8YJRP,༄Zeή͢͢͢yc♛,0xffff8afb,28000321,1249,41,AFGMela
41,#V8JP99J0,ZKN|Fantas🦊,0xffffce89,28000014,1249,42,Monkey’s Island
42,#2R8UYJYPC,Twinkle🪄︎︎れお,0xff1ba5f5,28000006,1249,43,fake ring…♡
43,#2RQGVLRVG,₹GuilleX,0xffff8afb,28000036,1249,44,No Mercy
44,#YRURQRPUR,Skibidi Chipz,0xff1ba5f5,28000018,1249,45,Talents
45,#2RL8LGV9Q,🐼iBearQu❦︎,0xfff05637,28000352,1249,46,High Quality
46,#VUQV0ULV,𝓚𝔂𝔀𝔂,0xffcb5aff,28000031,1249,47,Beyond Fresh
47,#2YPC2LL02,RV|kakawo,0xfff9c908,28000300,1249,48,RV
48,#2V0L08LU,Lucario,0xffcb5aff,28000335,1249,49,Die Tafelrunde
49,#90JCYPQU,ZETA | MeOw,0xffffffff,28000074,1249,50,Talents
50,#GRJY0J0R,SKC | Lukitas,0xfff9c908,28000244,1249,51,Emi's bar 🍻
51,#2RR2JYYLP,Lone•D•Crissz🥱,0xffffffff,28000254,1249,52,Kings ladder
52,#2LGCUYYPP,🎀ТАЧАЧЦ🎀,0xffcb5aff,28000207,1249,53,Lost Hell
53,#99VLVGRJG,BootyBaptizer69,0xffffce89,28000000,1249,54,Humble Grinders
54,#8Q2JCGP00,きゃんでぃ,0xff1ba5f5,28000014,1249,55,キングダム乱
55,#GJ9PLGPL,ReSn|Snake🐍,0xff4ddba2,28000101,1249,56,Lose?
56,#2CUYQ8RQC,🥷🏿,0xffffffff,28000272,1249,57,
57,#8R99PJ890,xSkylasz•,0xffff9727,28000321,1249,58,Vitality
58,#29LYV0CQG,Asta 🜲,0xffffce89,28000195,1239,59,Salchicha Team
59,#PVP2CVVVJ,@金リコ@イチャイチャ,0xffffffff,28000123,1237,60,ちんかわ
60,#G2CY80Q2,4Tune|Sunnyᵛⁱᵛⁱ,0xffff8afb,28000331,1234,61,백화
61,#P9YCRRRVL,Zelephh,0xff1ba5f5,28000123,1231,62,Brawl Kings
62,#QLYJ2RGJ,ɢʀᴏᴍᶜʰᵃᵈง'̀-'́ง,0xfff05637,28000218,1231,63,AE Cosmic
63,#JPGRR9UV,Bowserr🥷被,0xff1ba5f5,28000206,1228,64,Brawl King's
64,#R899R0VR,𝐀κ❥𝐃ᴇᴠɪʟ,0xffffffff,28000349,1228,65,IMMORTAL SOULS
65,#89JJV992Y,ZL|caldera,0xfff9775d,28000040,1227,66,めろんぱん食堂
66,#2PGGR8Y9P,Asuna Yuuki,0xff1ba5f5,28000201,1219,67,Follow?
67,#Y008UPY,edq🖤🐼,0xffffffff,28000331,1213,68,OLS|CLUB
68,#URV8JPY,ormy🎄,0xffffffff,28000176,1213,69,Havoc Echo
69,#GYR0L0JG,Alexis💘,0xff1ba5f5,28000018,1212,70,Tribe Gaming NA
70,#PJ0GRPR8,FirEyal 🕯️,0xffff9727,28000020,1212,71,Brawl Kings
71,#8LQ9JR82,Code: Eqwaak,0xfff9c908,28000004,1212,72,A Few Good Men
72,#9L0UQRPJJ,İRONMAN,0xffcb5aff,28000314,1209,73,₮Ɽ₩`eSports
73,#P9UVCQ2U2,Amazing,0xffff8afb,28000337,1207,74,help ranks
74,#2J2PJ0UV,ikarosita,0xffa8e132,28000136,1203,75,Humble Grinders
75,#PP8URGQL8,J. Álvarez ⁹🕷️,0xff1ba5f5,28000139,1203,76,Emi's bar 🍻
76,#2LY99YGP8,HJK┃エネ↯,0xffcb5aff,28000338,1203,77,<c2>エホヤキム</c>
77,#90LPVYVUP,Yusuf♛,0xffffffff,28000112,1203,78,SALDİM
78,#J8UR8002,SKC | Prozy,0xffa8e132,28000029,1202,79,Emi's bar 🍻
79,#8GUPLYY,FG | Jene,0xffff8afb,28000135,1202,80,clover
80,#8YQV9UPRL,AvalSElguu🌫️,0xffffffff,28000331,1201,81,MEGATROLL
81,#802VG829,LuRkz🩵Sq,0xffff8afb,28000014,1201,82,Demise 🥀
82,#90RQYP98U,♡•bestie•♡🧸,0xffa2e3fe,28000221,1201,83,7 Dwarves
83,#2CRRRRYJR,моё,0xfff9c908,28000213,1201,84,✌️✌️✌️
84,#8Y98Q8U,CR | Sitetampo,0xffff8afb,28000014,1200,85,A Few Good Men
85,#G99CYGL,𝒁𝒂𝒊𝒌𝒐❄️,0xff4ddba2,28000194,1200,86,ChillOG
86,#CGQCYJGY,TTV | SnakeThug,0xfff9c908,28000341,1200,87,Deadly Vipers🐍
87,#2YU2YJJR8,Marin Kitagawa,0xffffffff,28000039,1199,88,ARX Esports
88,#2PG00PG02,Jooja💜Ryo,0xff4ddba2,28000136,1199,89,
89,#RRVVPG2Y,Brosta卡拉,0xff1ba5f5,28000206,1199,90,vMoove
90,#CPPV2PQG,MeliodasBot🐐,0xffa8e132,28000006,1199,91,No Mercy
91,#20YJ9PLLV,ま|Shadows • 💫,0xffffffff,28000041,1199,92,what happened
92,#GRC9RRJR,TQ | Javi,0xfff9c908,28000137,1199,93,A Few Good Men
93,#9J2JLUR8G,Aspect 🃏,0xffffffff,28000304,1199,94,7 Dwarves
94,#QRLRPR2,Tenshi 🍥,0xffffffff,28000348,1199,95,BarbaFantastico
95,#2UQ22U89Q,₮₵ツɎ₳Ɽ₲łᵏᶦˡˡᵧₒᵤ,0xffcb5aff,28000135,1199,96,BC*|Family*
96,#QJ0PRJCU,retired getsent,0xff4ddba2,28000010,1199,97,Beyond Swift
97,#90V9VYJ8C,しょうけい,0xfff05637,28000242,1199,98,なかよし部
98,#22PJGVJYJ,히치Luxito🥀,0xffffffff,28000321,1199,99,No Mercy
99,#2P0V0CQQ2,FG | Naipishu,0xffff8afb,28000034,1199,100,clover
100,#JGCCGY80,prostislavv,0xffff9727,28000042,1199,101,BOBR gaming
101,#QRU0L0U,🐬ꜱᴏᴋʀᴀᴍ 🜲,0xff1ba5f5,28000201,1199,102,CONEXIÓN
102,#8URCLRY8,球隊|RoUND🌠,0xfff9c908,28000061,1199,103,My social media
103,#8LC808G,Tuyu,0xff1ba5f5,28000349,1199,104,@Tuyu_Official
104,#8PCCG2982,Lynëy,0xffff9727,28000197,1199,105,✌️✌️✌️
105,#99GP0Y2,Werys2JZ❤️‍🩹,0xffff8afb,28000018,1199,106,WOLFMX
106,#8CYYGJYLJ,Kuba PL,0xff1ba5f5,28000175,1199,107,Ex0tic-E-Sport
107,#8JU922PJ8,Deniz❤️🔥,0xffffffff,28000321,1199,108,
108,#YPP02G9L,Mxrf 🐝,0xff1ba5f5,28000291,1199,109,Beyond Washed
109,#88RGGCVQJ,My heart in AUS,0xff4ddba2,28000092,1197,110,ハナクソタケシ
110,#PLUGLRG28,4SV_MaSTeP,0xffffffff,28000233,1189,111,Quant ESports🐾
111,#2Y2Y99GQR,VizeZ,0xffffffff,28000230,1187,112,Ex0tic-E-Sport
112,#20L88L2J,FUT | LeNain,0xffff8afb,28000321,1186,113,A Few Good Men
113,#989L0928Q,L1S|Sufiyan❦,0xff1ba5f5,28000033,1182,114,IMMORTAL SOULS
114,#82PQUPGU0,Ryohei🐬,0xff1ba5f5,28000240,1182,115,数え役満🀄️
115,#809P8LJUP,🧸まるちん💕,0xffffffff,28000234,1180,116,トロ上げ警備員
116,#820G8JLC2,Justiceiro 365,0xffffffff,28000011,1180,117,The Crias🐉
117,#9V9GQJG8,hobbit,0xffa8e132,28000005,1175,118,
118,#PRVJJQUUR,Mundial を',0xffffffff,28000004,1175,119,WOLVES HUNGRY
119,#80GPQ2RGP,薙| Juice🧃,0xff4ddba2,28000337,1171,120,Tribe Turkey
120,#2L92L9Y2V,TS|℟℞1̷4̷4̷6̷,0xff1ba5f5,28000052,1168,121,Arab Empire
121,#PC9LPPYV,Nico❤️Heys,0xff1ba5f5,28000196,1168,122,No Mercy
122,#8CC9QUR,FMG|Kaioneᶜᵒˡᵗ,0xffffce89,28000139,1163,123,ZETA|DIVISION'S
123,#2GU80UCP8,PLで私にMAXを推奨しない,0xffffffff,28000044,1155,124,친추 마스터만 받음
124,#GY80YCCGR,Shn1ksナ,0xffffffff,28000265,1154,125,Lose?
125,#VP0CQCLV,Jin玄,0xffcb5aff,28000129,1153,126,RealDutch
126,#209G0UUGY,Ylli🐬,0xffff8afb,28000321,1153,127,Tribe Gaming NA
127,#V2Q080UU,Valembeau💜,0xffcb5aff,28000035,1153,128,A Few Clown Men
128,#VGQ0P2VU,Carry by Georg,0xffffffff,28000123,1153,129,A Few Good Men
129,#PYJLL2QQL,たか/みく推し🎧❄️,0xff1ba5f5,28000334,1152,130,めろんぱん食堂
130,#2VV02GQ2C,RNT | Prime,0xff1ba5f5,28000044,1152,131,Imperial
131,#PYVYLCL2U,I Love You So,0xffcb5aff,28000337,1151,132,家族🌸
132,#QGPCU0CYP,exuberantEthanR,0xffff8afb,28000139,1149,133,команда 228
133,#PGY9ULY,PollitoMan,0xffffffff,28000348,1149,134,7 Dwarves
134,#98L2PPGQ2,T-Guys|Shiki,0xffcb5aff,28000203,1149,135,もけランド🐒
135,#YG9LCG82J,The Gizaline,0xff1ba5f5,28000347,1149,136,친추 마스터만 받음
136,#2G0JQJGRP,みつにーは2週間に1回😵,0xff1ba5f5,28000281,1149,137,<c0>UV❦専門学校</c>
137,#RVQR9GYJ,Misfortune,0xffcb5aff,28000336,1149,138,Cruel Summer
138,#2Y92C2Q8V,NOMAD|かーず。❄❄,0xfff9c908,28000119,1149,139,
139,#9VRJQCRPU,iLucas💜,0xffcb5aff,28000059,1149,140,Apenas eu💜
140,#GVCU0U9L,FernanlonŽöᶜᵗᵐʳ,0xffcb5aff,28000002,1149,141,ARCANEᴄʀᴇᴡ
141,#9U8G0G8P9,𝒁𝑳 | 𝐀𝐳𝐮🍥,0xffcb5aff,28000350,1149,142,Allez Laaa
142,#2Q9CGLRGP,FS | Norunza,0xffff8afb,28000175,1149,143,꽐루의 컨텐츠 종합 제작소
143,#LLR9PP00J,rico op,0xffa2e3fe,28000123,1149,144,nenes goo
144,#GQJ8RG9VC,🍿🍿🍿🍿🍿🍿🍿,0xffffffff,28000011,1149,145,nenes goo
145,#9VJG9LPGR,Plague 🐊,0xffff8afb,28000252,1149,146,a<c
146,#GLGUQPU,kurxww,0xffffffff,28000136,1149,147,vMoove PiliPili
147,#20J9PYQUY,S!imy Kazya,0xfff05637,28000110,1149,148,Cipher Pol
148,#20VVJRU8V,❦𝙾𝚞𝚝.𝚓𝚁❦,0xffcb5aff,28000010,1149,149,Swift<c5>NA</c>
149,#2RVJLRQYV,필연,0xffffffff,28000280,1149,150,새싹
150,#2GRJ0Q9UC,DEW│Luismen🤍,0xff1ba5f5,28000125,1149,151,めろんぱん食堂
151,#2L0CYU0GY,◤Jᴇᴠᴛᴀ🥀◢,0xfff05637,28000014,1149,152,Brawl King's
152,#99YL0PV9V,𝐍𝐓|𝐋𝐮𝐢𝐬𝐮,0xffffce89,28000349,1149,153,✌️✌️✌️
153,#2Y0RY0YRC,Cowxrd𐦖,0xffff9727,28000018,1149,154,RCN|Esports X
154,#28Q2LQ002,dhruv<3,0xffff8afb,28000014,1146,155,The Revengers
155,#29L028GQL,Djahsta,0xffff9727,28000306,1144,156,BC*|Family*
156,#8PCJV2Y8U,M♂️SS♀️L|SAZO🔥,0xffff9727,28000011,1140,157,Illusion Gaming
157,#220PGLU02,家|𝑴𝒆𝒎𝒆𝒏ϟ,0xffa8e132,28000163,1137,158,You and me 💜
158,#8C8RJ9GJ,christine *✧♡°,0xff1ba5f5,28000322,1133,159,Havoc Echo
159,#98RV0YRL,dudus,0xffa8e132,28000044,1132,160,✌️✌️✌️
160,#J8UQ2UUG,SEKAI NO SHOUPI,0xffa8e132,28000140,1132,161,Cipher Pol
161,#GV9GRLJJ,Counter,0xffff9727,28000265,1130,162,NA Friends
162,#J8URCRCJ,vxdka :p,0xffff9727,28000095,1128,163,No Mercy
163,#2L0909JJU,Pickle🧃,0xffffffff,28000113,1127,164,cheese el pro
164,#8V9U8VCLR,GG|⚡VÏTÏNHØ⚡,0xffcb5aff,28000207,1125,165,Kings United
165,#82JPG02,Sebas49,0xff1ba5f5,28000122,1124,166,Tribe Gaming NA
166,#GG9GC002,DE |MASTER,0xff1ba5f5,28000225,1123,167,Türk Milleti
167,#90QC892U8,でに。,0xff1ba5f5,28000077,1121,168,Uchronia
168,#80R0VQ8QP,xwy♕︎,0xffff9727,28000044,1120,169,Dysphoria
169,#GVJ82JR8,Kazumi,0xffcb5aff,28000291,1120,170,Ex0tic-E-Sport
170,#LQJC9QL2,HJK┃アチャ,0xffffffff,28000000,1119,171,豚骨ラーメンファンキー
171,#PVQRLV090,ちぃずけぇき,0xff4ddba2,28000038,1119,172,ホワイトカンパニー
172,#Q9PP8GRJ,🌺|Adrianna💖,0xffcb5aff,28000254,1116,173,Poland Esports
173,#80PC2QJCR,❥Hazzēиs✧,0xff1ba5f5,28000348,1116,174,7 Dwarves
174,#2UYP920Q0,Wanel,0xfff9c908,28000018,1116,175,NA Friends
175,#PQ28JP0P,亲Jσтα,0xffff9727,28000175,1115,176,7 Dwarves
176,#PCJV8PCP2,SEKHON SAN,0xffff8afb,28000224,1114,177,<c0>IMPACT</c>
177,#2JLVRQ9,STMN | Zhar,0xffa8e132,28000347,1114,178,STMN Esports
178,#LUJYJUR0L,〇〇マン2号,0xffa2e3fe,28000241,1114,179,Excellent🏆
179,#20P2GP99,Ducky🐝,0xffa8e132,28000136,1114,180,NA Friends
180,#8GGQC0UP,SHW|Tattier,0xff1ba5f5,28000138,1114,181,MegaPigEnjoyers
181,#8QY2Y80CG,godikk❤️‍🔥,0xffcb5aff,28000014,1113,182,Ex0tic-E-Sport
182,#2PJJQV92,V3|Flamen🤍,0xffffce89,28000230,1113,183,CONEXIÓN
183,#P8LVJU2R,💫👻𝒜𝓁𝒶𝓃🦁❤,0xfff9c908,28000259,1112,184,TS Old Comunity
184,#GRCYVRJG,Edgar🤍æ,0xffff9727,28000176,1112,185,7 Dwarves
185,#RRQQJPG2,Rabbithop,0xff1ba5f5,28000349,1112,186,we love rabbits
186,#20C80QUY9,GuGu 🌙,0xffcb5aff,28000212,1112,187,Brawl Kings
187,#C8299PVQ,🐬🐬🐬🐬🐬,0xffffffff,28000169,1111,188,数え役満🀄️
188,#2L80JP00L,Hillen,0xffff8afb,28000335,1111,189,Ex0tic-E-Sport
189,#J99YU9QY,KuruNero🐬,0xff1ba5f5,28000264,1109,190,Cipher Pol
190,#GVLRUG9Q,•PaiN🍌,0xfff9c908,28000272,1108,191,Humble Grinders
191,#98P92U0UU,ARX|Numan,0xfff9c908,28000047,1108,192,
192,#28CVQGURJ,kxrtofvl,0xffffffff,28000061,1108,193,UNDERDOG 🇵🇱
193,#98QJC2YPU,LUCİ😈,0xffcb5aff,28000194,1107,194,Tribe Turkey
194,#URVJVRRQ,愛野美奈子💛✨,0xffff8afb,28000018,1106,195,してたんぽ
195,#GVQUYG90,Shattered ⟡,0xffffffff,28000000,1106,196,7 Dwarves
196,#VLG0RYV2,Dario❤️Fab,0xffcb5aff,28000163,1106,197,No Mercy
197,#R2R2JV9C,S4W|Aste❤️‍🔥,0xffff8afb,28000214,1106,198,Spain4Win
198,#PQ09LC889,sinaayy🤍kアナー,0xffff8afb,28000196,1106,199,luv sinayy.🤍🪽
199,#820YRG8YL,Bgg|DuRimAn♡H,0xffff8afb,28000255,1106,200,nичtozheзтvo
