,tag,name,nameColor,icon,trophies,rank,club
0,#VL0GPPJV,Physic Gear 5,0xfff9c908,28000014,1501,1,Eclipse 🌖
1,#JQVQYVY,Code: VTzim 🌑,0xffff8afb,28000339,1501,2,Eclipse 🌖
2,#9QVYUJQ,JoKi,0xffffffff,28000010,1405,3,
3,#VLQPVPY,Naz❤️Hyra,0xffff8afb,28000303,1402,4,Fenernazçe 💙💛
4,#P2V2GGLJY,NM | Quinx™♊,0xffff8afb,28000111,1402,5,Quinx Academy
5,#2PGGR8Y9P,Asuna Yuuki,0xff1ba5f5,28000201,1399,6,Follow?
6,#9L98GJQGC,SakuraBlossom🌺,0xffcb5aff,28000118,1349,7,
7,#9UJU9P8RQ,Rub4ik🎩,0xfff05637,28000086,1349,8,
8,#22LQGCYUP,Pumm,0xffffffff,28000118,1325,9,Quinx Academy
9,#JJ09PC0P,AoC|vegeta🌷,0xffa8e132,28000115,1302,10,octos
10,#2LJ9QCCL,tedd💞💞,0xffffffff,28000112,1299,11,
11,#9YCV8GPR,Sad💔Smool,0xffffffff,28000010,1272,12,night-city|🌌
12,#YJCYQV82,He can’t 🥶,0xffffffff,28000230,1262,13,TrustGod
13,#YQLY9CYVY,nath,0xff1ba5f5,28000228,1260,14,vMoove
14,#PPJV9G2QJ,ss_ejaf,0xffa8e132,28000301,1259,15,X6
15,#20RQ80PJ0,Aͥleͣxͫ シ,0xffff8afb,28000348,1256,16,LA Global
16,#8G0YUG08L,iKêst🐳,0xff1ba5f5,28000300,1255,17,
17,#PRUCG288Y,•☆Fynn冬,0xffff8afb,28000317,1254,18,BC*|Family*
18,#2GPV0LRQC,TTeJIbMeIIIka,0xffff8afb,28000347,1254,19,Quant ESports🐾
19,#8VJ8GJR2,Nova💔Winkiii,0xffa8e132,28000148,1254,20,Quant ESports🐾
20,#9GVGY29QC,Human核能,0xff1ba5f5,28000272,1254,21,Tribe Turkey
21,#Q9JGYQJP,Stompn,0xff1ba5f5,28000205,1254,22,The Tugnut
22,#9LUVCLPCL,ソローcrístxxl🩸,0xffffffff,28000150,1254,23,
23,#C2CULQP0,❤️‍🔥Mazoex♛,0xff1ba5f5,28000314,1253,24,VV eSport
24,#88RRUQ08P,ㄞМаттео🖤,0xffff9727,28000333,1253,25,We❤️‍🩹Showdown
25,#9QG89UV0Y,『𝕽𝖆𝖚𝖑❦︎』,0xffcb5aff,28000014,1253,26,TT: niiil_06
26,#QRUQQLV0,Code: Nukleo,0xffa8e132,28000186,1253,27,LA Instinct
27,#22C0GV9CR,NoCrow,0xff1ba5f5,28000207,1253,28,HeroWarriorsTR
28,#VYGVV08Q,🍅domates,0xffffffff,28000261,1253,29,
29,#QG990QQJ,MyS|Donatik,0xfff05637,28000322,1253,30,LA Global
30,#Q9YC0J0G9,Rusya🤍Bloodyハニ,0xfff9c908,28000004,1252,31,KingdomRush
31,#28UURPLGU,DL|ℬℯ𝓃𝒹𝓎🀄,0xffff8afb,28000349,1252,32,DrachenLegion
32,#89JUJUVYL,𝓓𝓸𝓻𝓪👻🐉,0xfff9c908,28000020,1252,33,❅︎Merryの家𓍄𓂃𓈒
33,#2GYY989GU,あ|Nouggetシ🦋,0xffa8e132,28000075,1252,34,VV eSport
34,#PJGC2GUG9,愛へ吸いますbesovv🦋,0xffffce89,28000118,1252,35,
35,#P8GP9V9G,XP|Ankara🖤,0xfff05637,28000118,1252,36,PUBLO
36,#U92CLQ0Q,麗ⁱᵗᵃᶜʰⁱ ᵍᵒᵈ🌀,0xfff9c908,28000130,1252,37,
37,#URYL2JU2,ᶜᵗ|♡︎20/04♡︎シ︎,0xffa8e132,28000179,1252,38,Nҽɯ Sƚαɠҽ🎖️
38,#8R99PJ890,xSkylasz•,0xffff9727,28000321,1252,39,Vitality
39,#8GV2CP2J8,☔ZORLU☔,0xffcb5aff,28000003,1252,40,<c0>ＬＯＮＥＬＹ★</c>
40,#9GJPJUQGJ,Xorox❤️‍🩹Byrox,0xffcb5aff,28000273,1252,41,Tribe Turkey
41,#GJV90V22Q,киска эль примо,0xffffffff,28000229,1251,42,
42,#8JV08U8GR,NightMare❤️‍🔥,0xffcb5aff,28000280,1251,43,NHY E-SporTS
43,#PY9982U8P,➪Nil⁰² 🍓,0xfff9775d,28000200,1251,44,TT: niiil_06
44,#2RQGVLRVG,₹GuilleX,0xffff8afb,28000036,1251,45,No Mercy
45,#YRURQRPUR,Skibidi Chipz,0xff1ba5f5,28000018,1251,46,Talents
46,#RVLQ0VUR,风暴|kerem🎃,0xffff9727,28000257,1251,47,ᴅᴀɪʟʏ
47,#CY9CQY2V,Mm2552,0xfff9c908,28000170,1251,48,<c5>OG Mute</c>
48,#9VU9R2LY,Terry!,0xffffffff,28000081,1251,49,✌️✌️✌️
49,#8PJRRG2C,SK|GuilleVGX,0xffa8e132,28000099,1251,50,CONEXIÓN
50,#PQ09LC889,sinaayy🤍kアナー,0xffff8afb,28000196,1251,51,luv sinayy.🤍🪽
51,#9Q8RQJRCR,名 | Mr_NeeZy 🔱,0xffcb5aff,28000014,1251,52,LyNow🌗
52,#2UP82YLQ,alex 🫧,0xffcb5aff,28000024,1251,53,RicoLover06 ☔️
53,#88CLV8QQQ,Rëar:)🩵,0xffffce89,28000057,1251,54,
54,#PYPQUG80,Zava💞Sunfote,0xffff9727,28000195,1251,55,Showdown💔Kings
55,#8GYJGVYR,thicc❤️basta,0xffff9727,28000233,1251,56,TheBrawlingKiwi
56,#290LJC89U,L1S|Unique❦,0xffa2e3fe,28000035,1250,57,Night Stars
57,#8R0GQ292R,真|Jelly🥀,0xffffffff,28000000,1250,58,HeadShoterZ💣
58,#P9UVCQ2U2,Amazing,0xffff8afb,28000337,1250,59,help ranks
59,#PQ28JP0P,亲Jσтα,0xffff9727,28000175,1250,60,7 Dwarves
60,#20CJVQQYU,[₮₱] ₱ɆⱠ₳Ɖ₳Ø,0xffcb5aff,28000291,1250,61,★the Players★
61,#PQ0Q0G0CC,𝑨𝒊𝒛𝒆𝒏💜星,0xffcb5aff,28000347,1250,62,Anteiku☕
62,#9L09YYQ8L,⛩️Panda G.m⛩️,0xffcb5aff,28000330,1250,63,HolyGuns
63,#8LLJ92VQ,あ| 𝓐𝓱𝓶𝓮𝓓🥀,0xff1ba5f5,28000349,1250,64,OG Mute
64,#L28GPRVC,jase,0xff4ddba2,28000302,1250,65,<c8>Mystic</c>
65,#YC8JPCV8J,ЛУНТИК,0xff1ba5f5,28000135,1250,66,Lost Hell
66,#8RPPJ8Y8L,Lyoko | DiMii🌽,0xffcb5aff,28000014,1250,67,Wasted🥱
67,#99VLVGRJG,BootyBaptizer69,0xffffce89,28000000,1250,68,Humble Grinders
68,#URV8JPY,ormy🎄,0xffffffff,28000176,1250,69,Havoc Echo
69,#2ULUP8VG9,ぜ|КеКzzz🌖,0xffff9727,28000003,1250,70,ᴅᴀɪʟʏ
70,#GCY08V22C,₮₱ | Ѕ₮ØꞦⅯ⛈️,0xfff9c908,28000348,1250,71,Cavalo De 🍫
71,#8YPQU82RL,水|аквамарін🧩,0xffffffff,28000010,1250,72,Пакт Psychokid
72,#2CUYQ8RQC,🥷🏿,0xffffffff,28000272,1250,73,
73,#82LRGLQ02,あ| 𝓕𝓪𝓱𝓪𝓓🥀,0xff1ba5f5,28000283,1250,74,OG Mute
74,#Y0GLYCYVY,Maho❤️🔥,0xff1ba5f5,28000129,1250,75,<c0>ＬＯＮＥＬＹ★</c>
75,#2C2CVCG0,•Adriel🪬,0xfff9775d,28000302,1249,76,Elite Latina
76,#2GU22C2GY,打打小朋友,0xffff8afb,28000341,1249,77,一万又一万
77,#9G0CJPJPY,Taha♛,0xffcb5aff,28000170,1249,78,GOOD BYE TAHA
78,#809Y22YYL,Kenz🧃,0xff1ba5f5,28000000,1249,79,UNDERDOG 🇵🇱
79,#99088JQ8Q,ᴋᴄ|ʟᴜɪͩᴄͤɪͣᴛͩᴏ临,0xff1ba5f5,28000349,1249,80,No Mercy
80,#2UU2V2L0G,æncore💘,0xff1ba5f5,28000000,1249,81,Revaible 💗
81,#289QGVYRQ,TyM|Ârda🦁,0xffff9727,28000014,1249,82,TyM`eSports
82,#8VJUYGUYR,女|Spike,0xffffffff,28000139,1249,83,Invincible
83,#P0GCYJY20,ＮＴ| ᴹᵃʲᵒʳ❃,0xffcb5aff,28000198,1249,84,HolyPower
84,#Q29RUJ9UQ,✘𝓛𝓮𝔁✘이렇게,0xffcb5aff,28000224,1249,85,おぱんちゅみせて
85,#20YJ9PLLV,ま|Shadows • 💫,0xffffffff,28000041,1249,86,what happened
86,#RRJ8Y00,Fraax🐝,0xffcb5aff,28000347,1249,87,Wasted🥱
87,#90RQYP98U,♡•bestie•♡🧸,0xffa2e3fe,28000221,1249,88,7 Dwarves
88,#J98LR0UR,✴LOGAN 2006✴,0xffff8afb,28000129,1249,89,SoloDuo🥶
89,#LRLQPU09,Quantic 🌵,0xffa8e132,28000284,1249,90,LA Global
90,#2RVVUQJGQ,Tensai ✯,0xffffffff,28000139,1249,91,Invincible
91,#2082JRYUV,GooD•G,0xffcb5aff,28000033,1249,92,<c5>Just Us</c>
92,#2VRLQ8J,🐛< ﾜｧ~,0xfff9775d,28000105,1249,93,らんちゃーむ
93,#V9QPG880,陰|Adriano ☪️,0xfff05637,28000065,1249,94,FWs Club 🌮
94,#8L9JUCY0G,Sigma Male,0xffffffff,28000009,1249,95,Demise 🥀
95,#2CJ0RCJ,B4st🖤,0xffff9727,28000331,1249,96,🫡🫡🫡🫡🫡🫡🫡
96,#QGLCPJ2J,Ansel,0xff1ba5f5,28000014,1249,97,CHEESEFOREVAR
97,#9CG8LJU8,『ᴵ ᵃᵐⱧ₳₥Ⱬ₳🎭🥀』,0xffcb5aff,28000293,1249,98,Tribe Turkey
98,#P8U8JQLG,感|WarMan⚔️,0xff1ba5f5,28000148,1249,99,OG Mute
99,#LCCU9J2C,﷽ʆοʀɢɛ⅂Ο⅂❦ֆօʟօ,0xffcb5aff,28000014,1249,100,Showdown💔Kings
100,#9P0QYJ98L,確朝〆ワンコ,0xffa2e3fe,28000349,1249,101,ぽこ様を守り隊
101,#YGQYGCR,Portox😡,0xff1ba5f5,28000191,1249,102,Blue Label
102,#20VVC8LU2,Cryzz❦︎,0xffffffff,28000108,1249,103,
103,#902YQPYYC,PSG|HİLECİ❦,0xff1ba5f5,28000194,1249,104,LA Global
104,#9CC0RCYR,diego💙hahnsky,0xffff8afb,28000037,1249,105,
105,#LP8QV80Q,CM|Fly🖤,0xffcb5aff,28000137,1249,106,Showdown💔Kings
106,#PLJR9VLR8,Arnast,0xffff8afb,28000164,1249,107,
107,#CG0CGL,Frozzy⭐,0xffcb5aff,28000118,1249,108,
108,#2JUGUQ2GR,Solo♡︎Smoke,0xffcb5aff,28000058,1249,109,LA Temis
109,#Y22RU8YQ2,Seis,0xffcb5aff,28000159,1249,110,Brawl King's
110,#9Y8QL8YG,荻原 纱优,0xff1ba5f5,28000263,1249,111,Trilokos
111,#99LLQYY9,Joeh,0xfff9c908,28000335,1249,112,👋 🤷‍♂️
112,#2QCVLV2Q,Psychopant💧,0xffff8afb,28000334,1249,113,7 Dwarves
113,#8Y98Q8U,CR | Sitetampo,0xffff8afb,28000014,1243,114,A Few Good Men
114,#8PQYUJ29G,𝚏𝚒𝚗𝚎𝚜𝚝❦︎,0xfff9c908,28000132,1243,115,Хижина Снайпов
115,#20CQCV8JY,꧁ ℙ𝕠𝕚$𝕠𝕟꧂🌀,0xff1ba5f5,28000253,1240,116,Zaibatsu
116,#Q92UR0U,timmy:(,0xffffffff,28000218,1238,117,Twisted Ballz
117,#89UPQJJVV,+BraboX 🎩,0xffa8e132,28000236,1235,118,Ghost Team👻☔
118,#8JQLLUP09,DragonFire💤,0xffa8e132,28000349,1234,119,proDragons
119,#Q2JVVRJVJ,tengo novia🥰,0xffffffff,28000075,1229,120,
120,#29UGLJV2G,Lёvi,0xfff9c908,28000244,1218,121,✌️✌️✌️
121,#8UQV2UP8V,💥{GG|Tema}💥,0xffcb5aff,28000349,1218,122,はい「s❤️‍🔥World
122,#8QY2Y80CG,godikk❤️‍🔥,0xffcb5aff,28000014,1216,123,Ex0tic-E-Sport
123,#LLQVJYPCQ,チネミDropizZz💞,0xffcb5aff,28000303,1215,124,JeTeMangeArmy
124,#20P2GP99,Ducky🐝,0xffa8e132,28000136,1215,125,NA Friends
125,#UG2JJ89,Redziin🫀,0xfff05637,28000272,1213,126,Ghost Team👻☔
126,#PR99Q9RUV,Wysplashネスメ👅,0xffa8e132,28000331,1212,127,Showdown💔Kings
127,#YV8LLGV2,ϲʊʈɛ Ƥɩɳɛ >.<,0xffffffff,28000321,1211,128,TT: niiil_06
128,#J8UR8002,SKC | Prozy,0xffa8e132,28000029,1207,129,Emi's bar 🍻
129,#89JJV992Y,ZL|caldera,0xfff9775d,28000040,1206,130,めろんぱん食堂
130,#L82U9CVPQ,ᴼᵖɳe̷żu̷ҟσ🥀×᷼×,0xffff9727,28000213,1204,131,🧀MUSSARELOS✨
131,#P99QGPLU2,Davex,0xffffce89,28000129,1203,132,Brawl King's
132,#20JUUQU0G,ChamaQle⚑,0xffa8e132,28000063,1203,133,Venus
133,#8LQQCCPRG,MyS|Efim👾,0xffa8e132,28000101,1203,134,Quant ESports🐾
134,#82JGY0UC0,_D e n,0xffcb5aff,28000244,1201,135,Импрессив
135,#802VG829,LuRkz🩵Sq,0xffff8afb,28000014,1201,136,Demise 🥀
136,#2J2P9YGLC,relts YT,0xff1ba5f5,28000056,1201,137,PIKACHU⚡
137,#820JCJJG,Jxcr🚮,0xffff9727,28000118,1201,138,Emi's bar 🍻
138,#2PLVJ0GLV,Sniper🐙,0xffff9727,28000244,1201,139,Brawl Kings
139,#CGQCYJGY,TTV | SnakeThug,0xfff9c908,28000341,1201,140,Deadly Vipers🐍
140,#JV2L02VV,SíJaauaq,0xffff8afb,28000303,1201,141,
141,#P0PY0YJQP,这是AT|Jojo❤️🔥,0xff1ba5f5,28000175,1200,142,Aqua🐳Team
142,#2J2G8ULG2,WarmPotato,0xffff9727,28000138,1200,143,Astral Knights
143,#29L028GQL,Djahsta,0xffff9727,28000306,1200,144,BC*|Family*
144,#82PQUPGU0,Ryohei🐬,0xff1ba5f5,28000240,1200,145,数え役満🀄️
145,#2CRRRRYJR,моё,0xfff9c908,28000213,1200,146,✌️✌️✌️
146,#YLV8CL0R,Astaaaa❤️‍🔥😈,0xff4ddba2,28000347,1199,147,Tribe Turkey
147,#2R8UYJYPC,Twinkle🪄︎︎れお,0xff1ba5f5,28000006,1199,148,fake ring…♡
148,#8Y29YVV2C,れもん,0xffcb5aff,28000112,1199,149,おぱんちゅみせて
149,#YQ9JVYV,ToniMxf.💘,0xffcb5aff,28000272,1199,150,ChillOG
150,#ULCPJJ8,Kat 🍄,0xffcb5aff,28000003,1199,151,Real Ones
151,#QJ0PRJCU,retired getsent,0xff4ddba2,28000010,1199,152,Beyond Swift
152,#UV9UL02J,CemSSJ,0xfff9c908,28000037,1199,153,
153,#JGCCGY80,prostislavv,0xffff9727,28000042,1199,154,BOBR gaming
154,#99Y9V99LR,kacper⚽,0xffcb5aff,28000118,1199,155,Waffle House 🏠
155,#8LQ9JR82,Code: Eqwaak,0xfff9c908,28000004,1199,156,A Few Good Men
156,#PLGJJJC2Q,L7L7,0xffffffff,28000048,1199,157,معتزل
157,#RL098Q0Y,ChineseName,0xfff9c908,28000216,1199,158,Clubs Suck
158,#QURRQP0JY,ϟWaskøv々™,0xffffffff,28000004,1199,159,
159,#8089VYY,•Kāfāøtıs⁴🍣,0xffcb5aff,28000201,1199,160,GoatLife
160,#202RGUPUG,☆FrankensteIn☆❤,0xffcb5aff,28000170,1195,161,Quant ESports🐾
161,#2P0CUQ9Q0,rojdar❥,0xffffffff,28000000,1193,162,Showdown💘
162,#VUQV0ULV,𝓚𝔂𝔀𝔂,0xffcb5aff,28000031,1191,163,Beyond Fresh
163,#PUQ892PJ2,Ruben💞Solo,0xffff8afb,28000118,1191,164,NA|Legends❤️‍🩹
164,#Y9CJCQ0YJ,愛~TitoZ♕,0xffcb5aff,28000001,1189,165,HeadShoterZ💣
165,#QGQRGGP2C,am lesbian,0xffcb5aff,28000041,1187,166,Support Team 2
166,#20J9PYQUY,S!imy Kazya,0xfff05637,28000110,1186,167,Cipher Pol
167,#2RU0JLVCY,Abacaxi💘,0xffffffff,28000000,1182,168,★the Players★
168,#9V8QV9Y82,𝗗un𝗛ill 🧸💛,0xffff9727,28000170,1180,169,<c5>OG Mute</c>
169,#LGY8VJ2PU,通りすがりのえんどうたん☪️,0xffffffff,28000022,1180,170,めろんぱん食堂
170,#YGVG98YYQ,🔥Ashíllie봇🔥,0xffff9727,28000132,1180,171,💙💛UKRAINE✨
171,#8VPGUR90Y,MorteAosFranks,0xffa2e3fe,28000275,1178,172,Easy Ltda II
172,#99G0C9VVP,сдохла,0xffff9727,28000254,1178,173,ChillOut
173,#8Y2Y0GYYG,与田祐希𓃵,0xfff9c908,28000240,1175,174,Cipher Pol
174,#92J80YL2J,ГудБай👅,0xffffce89,28000014,1173,175,NotForgive
175,#2CGCYLPP2,愛ƚ͢ɢυιzιɴнo👻,0xffffffff,28000000,1169,176,
176,#9LPCGPV2L,卡尔| 𝖯𝖾𝗅𝗂🦂,0xfff05637,28000349,1165,177,Beyond Alpha
177,#8GGJ8JQJV,Zosia❤️‍🔥Me,0xffcb5aff,28000207,1165,178,NA|Legends❤️‍🩹
178,#GU220LGG,GHS|PatricK👻,0xffff8afb,28000211,1163,179,Ghost eSports
179,#Y2QVPP2R9,Анбалчат✈️🤍,0xffffffff,28000349,1161,180,はい「s❤️‍🔥World
180,#289009V98,asuibibi,0xff4ddba2,28000284,1160,181,PearlNight 🌘
181,#9J2JLUR8G,Aspect 🃏,0xffffffff,28000304,1159,182,7 Dwarves
182,#LJY9PR9R,✦Troper🍂,0xffffffff,28000132,1157,183,Emi's bar 🍻
183,#2PYR2LY0,lemoncbon 🍋,0xfff9c908,28000136,1156,184,vMoove
184,#2VC9V8JY,DC |Knox,0xffffffff,28000280,1155,185,Distant Legends
185,#220P8L82Q,メmiek🤍,0xffffffff,28000039,1154,186,DRS|Family
186,#JLJQ8CRY,ㅎㅇ,0xffffce89,28000095,1154,187,MSEW
187,#8PP9PRL28,san☦︎sŧefan🇮🇹,0xffcb5aff,28000274,1154,188,Wendetta Sqd♿
188,#980GJCYVQ,⭐GG|AMJAD☔☄,0xff4ddba2,28000341,1153,189,OG Mute
189,#29UYQ90J9,ℂℝ| 𝑩rownies🪐,0xffff9727,28000000,1153,190,Illuminate ✨
190,#9GJ9CUQYY,AO|SLAYER❤️🔥,0xffff9727,28000090,1153,191,Night Stars
191,#PUUJRRRG,Rauw Alejandro,0xffffffff,28000300,1152,192,爱STARLIGHT|🌒
192,#U8PQP0UR,JaProTyDno ➰,0xff1ba5f5,28000167,1151,193,Królowie Legend
193,#PGPUR0YG,Tal,0xffffce89,28000066,1151,194,OG Mute
194,#2VVGLR0QV,RK|❦₱łƵƵ₳🤍,0xffff8afb,28000321,1150,195,RK Esport
195,#2G0VY29LV,WT BATLL,0xffff9727,28000003,1150,196,FULL_CONTROL🎮
196,#PR0JGVR0Y,RZM|LEGEND리즈갓,0xff4ddba2,28000291,1150,197,Dizzy💫😵‍💫
197,#YV8VL2GG9,『Atom❦Solo』,0xfff9775d,28000000,1150,198,JeTeMangeArmy
198,#Q9R0QCJLQ,Wxkow 〆,0xfff05637,28000332,1149,199,一万又一万
199,#2RVQJL09G,WT | Ukawaa🐙,0xffffffff,28000118,1149,200,PURE ONES
