,tag,name,nameColor,icon,trophies,rank,club
0,#VL0GPPJV,Physic Gear 5,0xfff9c908,28000014,1499,1,Eclipse 🌖
1,#G0LYU9JY,YNS|CAmPErr🌃,0xffa8e132,28000262,1449,2,<c0>PWNZ</c>
2,#VLQPVPY,Naz❤️Hyra,0xffff8afb,28000303,1406,3,Fenernazçe 💙💛
3,#20L88L2J,FUT | LeNain,0xffff8afb,28000321,1399,4,A Few Good Men
4,#2PGGR8Y9P,Asuna Yuuki,0xff1ba5f5,28000201,1399,5,Follow?
5,#LRYCL0QV,Baby Kyric,0xfff9c908,28000303,1349,6,7 Dwarves
6,#P9UVCQ2U2,Amazing,0xffff8afb,28000337,1338,7,help ranks
7,#VYGVV08Q,🍅domates,0xffffffff,28000261,1276,8,
8,#8LJR900GU,Murât♛,0xffcb5aff,28000191,1252,9,ᴅᴀɪʟʏ
9,#90R9Q2UP,@stardragonOP,0xffff9727,28000209,1252,10,SpenLC Youtube
10,#2CRRRRYJR,моё,0xfff9c908,28000213,1252,11,✌️✌️✌️
11,#2082JRYUV,GooD•G,0xffcb5aff,28000033,1251,12,<c5>Just Us</c>
12,#99UJVQV08,Yunus❤️🔥,0xff1ba5f5,28000175,1251,13,
13,#JQVQYVY,Code: VTzim 🌑,0xffff8afb,28000339,1250,14,Eclipse 🌖
14,#PYPQUG80,Zava💞Sunfote,0xffff9727,28000195,1250,15,Showdown💔Kings
15,#9QLL2UYPR,❄️Pika❄️,0xff1ba5f5,28000010,1249,16,Real Ones
16,#9UG08PQUY,xSkywalker🦋ま,0xff1ba5f5,28000135,1249,17,Quant ESports🐾
17,#20P2GP99,Ducky🐝,0xffa8e132,28000136,1249,18,NA Friends
18,#QLCJGQUP,BOH|Diego💚Wolf,0xff4ddba2,28000320,1249,19,7 Dwarves
19,#9L09YYQ8L,⛩️Panda G.m⛩️,0xffcb5aff,28000330,1245,20,HolyGuns
20,#8UGJ82UL2,AoC|Alex🌷,0xff4ddba2,28000310,1225,21,octos
21,#2JY2GQC0L,кruсtaлuк🤍1500,0xffffffff,28000210,1223,22,destroyers🦇
22,#2UJQQ0YL,TOC,0xfff9c908,28000212,1208,23,anyway🤷🏻‍♂️
23,#2GCCGQ2Q,Shine,0xffcb5aff,28000020,1203,24,Havoc Echo
24,#P99QGPLU2,Davex,0xffffce89,28000129,1203,25,Brawl King's
25,#8PJRRG2C,SK|GuilleVGX,0xffa8e132,28000099,1203,26,CONEXIÓN
26,#QRUQQLV0,Code: Nukleo,0xffa8e132,28000186,1203,27,LA Instinct
27,#CGQCYJGY,TTV | SnakeThug,0xfff9c908,28000341,1203,28,Deadly Vipers🐍
28,#JV2L02VV,SíJaauaq,0xffff8afb,28000303,1203,29,
29,#2UYJV98J2,all 1500🏆,0xffffffff,28000000,1203,30,
30,#P9YPY9U8J,MeTa | duo♡van,0xff4ddba2,28000262,1200,31,TyM`eSports
31,#2LC9RU2UG,ƇЄƊƦƖƇ🍁,0xffff9727,28000124,1199,32,+12 yaş sew
32,#2P022YC0U,bat9 ваня,0xffffffff,28000058,1199,33,Quant ESports🐾
33,#J8URCRCJ,vxdka :p,0xffff9727,28000095,1199,34,No Mercy
34,#QJ0PRJCU,retired getsent,0xff4ddba2,28000010,1199,35,Beyond Swift
35,#8PQYUJ29G,𝚏𝚒𝚗𝚎𝚜𝚝❦︎,0xfff9c908,28000132,1199,36,Хижина Снайпов
36,#Y2QGGY29,Born to Live♡,0xffffffff,28000254,1199,37,LaWs Controll
37,#GRVL8ULV,陰|SuperLab ☯︎,0xff1ba5f5,28000141,1199,38,7 Dwarves
38,#29V0GUG8,BATATINHA,0xff1ba5f5,28000156,1199,39,
39,#2CY898QJ0,єηισ ƒαιχα⁷ 🥋,0xffcb5aff,28000224,1199,40,Candangos do BR
40,#2PVCG892,Chicken🖤Axe,0xffff9727,28000098,1199,41,ChasmacGaming
41,#PLJR9VLR8,Arnast,0xffff8afb,28000164,1199,42,
42,#PLQ0QRVQL,FMG | Flashᴷⁱⁿᴳ,0xffffffff,28000139,1199,43,ZETA|DIVISION'S
43,#JR8JG82C,chewiee🀄,0xff1ba5f5,28000018,1193,44,octos
44,#8LQ9JR82,Code: Eqwaak,0xfff9c908,28000004,1188,45,A Few Good Men
45,#9VU9R2LY,Terry!,0xffffffff,28000081,1178,46,✌️✌️✌️
46,#2UGV0ULQC,MONSTER,0xfff9c908,28000187,1178,47,Жосткие профи
47,#2LJ2JJY0Y,Ye,0xffffffff,28000207,1175,48,Havoc Echo
48,#82PQUPGU0,Ryohei🐬,0xff1ba5f5,28000240,1172,49,数え役満🀄️
49,#JGCCGY80,prostislavv,0xffff9727,28000042,1167,50,BOBR gaming
50,#8Y2Y0GYYG,与田祐希𓃵,0xfff9c908,28000240,1164,51,Cipher Pol
51,#8ULJJPYG2,Âtahan🖤Ubéyd,0xffffffff,28000333,1160,52,
52,#8Y98Q8U,CR | Sitetampo,0xffff8afb,28000014,1159,53,A Few Good Men
53,#PC9LPPYV,Nico❤️Heys,0xff1ba5f5,28000196,1158,54,No Mercy
54,#YGQYGCR,Portox😡,0xff1ba5f5,28000191,1157,55,Blue Label
55,#QPJ2VG8C8,Dragon 🐊,0xff1ba5f5,28000014,1153,56,Real Ones
56,#JPJ2Q09L,MyS|JeTeNebel✈️,0xffffffff,28000208,1153,57,Brawl Birds🐤⚔️
57,#QRU0L0U,🐬ꜱᴏᴋʀᴀᴍ 🜲,0xff1ba5f5,28000201,1153,58,CONEXIÓN
58,#92VJ8VQUP,🔥an_hayp🔥,0xfff05637,28000047,1151,59,
59,#8R99PJ890,xSkylasz•,0xffff9727,28000321,1150,60,Vitality
60,#Y0VPJ89Q,Ｓㄚ 么 乙 ツ,0xffffce89,28000237,1149,61,Quant ESports🐾
61,#RU9YPQQY,Mecha,0xffcb5aff,28000324,1149,62,
62,#PUGLR8J2C,🌈RainBow🌈,0xffcb5aff,28000165,1149,63,Импрессив
63,#LV2R8QJQ,oti is cool,0xffcb5aff,28000021,1149,64,
64,#YPP02G9L,Mxrf 🐝,0xff1ba5f5,28000291,1149,65,Beyond Washed
65,#29L028GQL,Djahsta,0xffff9727,28000306,1148,66,BC*|Family*
66,#2CUYQ8RQC,🥷🏿,0xffffffff,28000272,1145,67,
67,#ULGLR9LV,Nubz ❤️‍🔥,0xffffffff,28000138,1144,68,Beyond Kratos
68,#QUYCVC2,STMN | sans,0xffa8e132,28000136,1142,69,STMN Esports
69,#RRVVPG2Y,Brosta卡拉,0xff1ba5f5,28000206,1136,70,vMoove
70,#8YPU2Q9CP,valott🃏,0xfff9c908,28000023,1120,71,Venus
71,#89JJV992Y,ZL|caldera,0xfff9775d,28000040,1119,72,めろんぱん食堂
72,#8LC808G,Tuyu,0xff1ba5f5,28000349,1119,73,@Tuyu_Official
73,#2P088J29C,Matt,0xffff8afb,28000333,1116,74,<c5>Just Us</c>
74,#PRP9UGU9Q,ZL|Chaser!,0xffcb5aff,28000297,1113,75,✌️✌️✌️
75,#QR90UY9L,Lipe❤️Pandora,0xffff9727,28000203,1111,76,Revenge Gaming
76,#P9YCRRRVL,Zelephh,0xff1ba5f5,28000123,1109,77,Brawl Kings
77,#QLVP829R,Gas,0xff1ba5f5,28000122,1108,78,A Few Good Men
78,#28CVQGURJ,kxrtofvl,0xffffffff,28000061,1108,79,UNDERDOG 🇵🇱
79,#R2LR2QLG,NOUN | Mohtep,0xffffffff,28000243,1105,80,A Few Good Men
80,#2UQRYJUUR,샤단니,0xff4ddba2,28000175,1105,81,ANG
81,#989L0928Q,L1S|Sufiyan❦,0xff1ba5f5,28000033,1104,82,IMMORTAL SOULS
82,#PGY9ULY,PollitoMan,0xffffffff,28000348,1104,83,7 Dwarves
83,#VYU8V8VV,Jorgemdz💛,0xfff9c908,28000014,1104,84,AFGM GENESIS
84,#9VP2R0P9,ToxicZan,0xff1ba5f5,28000352,1104,85,Real Ones
85,#8UYQRLQQV,Cwowお,0xffa8e132,28000331,1104,86,InTeamRasur
86,#R2R2JV9C,S4W|Aste❤️‍🔥,0xffff8afb,28000214,1104,87,Spain4Win
87,#9P2CUYJ8P,Scared,0xff4ddba2,28000167,1104,88,
88,#299PPJ22L,[MMA]nagibatori,0xffa2e3fe,28000235,1104,89,Showdown💔Kings
89,#GJ9PLGPL,ReSn|Snake🐍,0xff4ddba2,28000101,1104,90,Lose?
90,#2LQVQG9Q9,iWiked 🖤 Grifo,0xffcb5aff,28000335,1104,91,Havoc Echo
91,#PVPCUQV90,1v3 | 7ō|_t 👑,0xff4ddba2,28000136,1104,92,Blazing Light⚡️
92,#GRLUYG0R,NiceShøt 🌓,0xffcb5aff,28000347,1104,93,Ex0tic-E-Sport
93,#QR2GC8V,BKB|❄IC£CRØW❄,0xfff9c908,28000348,1104,94,Tribe Turkey
94,#88RGGCVQJ,My heart in AUS,0xff4ddba2,28000092,1103,95,ハナクソタケシ
95,#LRJ9YYQL,☞Տӈᴀ⚜ᴅᴏΧ๛,0xffffce89,28000014,1103,96,CONEXIÓN
96,#J99YU9QY,KuruNero🐬,0xff1ba5f5,28000264,1103,97,Cipher Pol
97,#2RL8LGV9Q,🐼iBearQu❦︎,0xfff05637,28000352,1103,98,High Quality
98,#G99CYGL,𝒁𝒂𝒊𝒌𝒐❄️,0xff4ddba2,28000194,1103,99,ChillOG
99,#Y22RU8YQ2,Seis,0xffcb5aff,28000159,1103,100,Brawl King's
100,#GV9GRLJJ,Counter,0xffff9727,28000265,1103,101,NA Friends
101,#9LV0Q00YV,영원한감동,0xff4ddba2,28000082,1102,102,새싹
102,#82GPP9LQ,BC*| Tobi🍉,0xff1ba5f5,28000303,1102,103,BC*|Family*
103,#CPYUR8QR,KD|Buff♡,0xfff9c908,28000132,1102,104,Quant ESports🐾
104,#GRCYVRJG,Edgar🤍æ,0xffff9727,28000176,1102,105,7 Dwarves
105,#9Q8LP2Y09,Lag,0xff1ba5f5,28000044,1102,106,Dredd
106,#2YCR9RLCJ,Tris🍃,0xffcb5aff,28000095,1102,107,
107,#PJ0VPVJG2,컵초,0xff4ddba2,28000176,1102,108,단니 부계
108,#9G0CJPJPY,Taha♛,0xffcb5aff,28000170,1101,109,GOOD BYE TAHA
109,#PR9U2JL,Juan Carlos,0xffffffff,28000119,1101,110,Humble Grinders
110,#2JUUJQCGQ,Gregor❤️Nassin,0xffffffff,28000348,1101,111,BC*|Family*
111,#YRURQRPUR,Skibidi Chipz,0xff1ba5f5,28000018,1101,112,Talents
112,#90RQYP98U,♡•bestie•♡🧸,0xffa2e3fe,28000221,1101,113,7 Dwarves
113,#209G0UUGY,Ylli🐬,0xffff8afb,28000321,1101,114,Tribe Gaming NA
114,#8LQQCCPRG,MyS|Efim👾,0xffa8e132,28000101,1101,115,Quant ESports🐾
115,#8GUPLYY,FG | Jene,0xffff8afb,28000135,1101,116,clover
116,#280RJ92JC,ExP |BloocK,0xfff9c908,28000242,1101,117,CONEXIÓN
117,#CPPV2PQG,MeliodasBot🐐,0xffa8e132,28000006,1100,118,No Mercy
118,#9YP0CY0V,「Iamtree♡Grayツ」,0xfff9c908,28000303,1100,119,NRW|Flay🔝
119,#PUYRY99J,SEA|kumachi♪god,0xfff05637,28000294,1100,120,gloria🎈
120,#2C99CJJC0,Jriska☙,0xff1ba5f5,28000348,1100,121,BlackLight
121,#2Y2Y99GQR,VizeZ,0xffffffff,28000230,1100,122,Ex0tic-E-Sport
122,#8J0P282,Silver Fang X,0xffcb5aff,28000294,1099,123,Beyond Champs
123,#9CLYP9YGJ,在船上自爆的滴答王,0xffff8afb,28000214,1099,124,一生只愛滴答2
124,#V8JP99J0,ZKN|Fantas🦊,0xffffce89,28000014,1099,125,Monkey’s Island
125,#20JYLU8JU,でんじゃらすトミーさん邪！♨️,0xffff8afb,28000320,1099,126,オーシャンズビュー
126,#GG8RL2CP,Kevin❤️‍🔥,0xffffffff,28000135,1099,127,……
127,#28CGVVJGG,Mewtu👉🏻👈🏻,0xffffce89,28000339,1099,128,walener
128,#88QCRPLJV,Togi☁️,0xffff8afb,28000303,1099,129,7 Dwarves
129,#YQLY9CYVY,nath,0xff1ba5f5,28000228,1099,130,vMoove
130,#PRU09L020,Tripple,0xffcb5aff,28000018,1099,131,New Community
131,#2RG0LV02,STMN | Scofield,0xff4ddba2,28000136,1099,132,vMoove
132,#808YCJQ0,Shafin,0xffffce89,28000339,1099,133,Mini Me’s
133,#2YGU9VVRV,CR|Jalilツ,0xfff9c908,28000221,1099,134,
134,#RQ0QL,RNT | Response,0xffff8afb,28000349,1099,135,Imperial
135,#PJ02GQJ,$HIVAM I$ B+,0xffa8e132,28000151,1099,136,TT: niiil_06
136,#2JCURGC2C,Sin ヤギ,0xffffffff,28000339,1099,137,
137,#QGG2UUV0,P4S|Kurumi,0xffcb5aff,28000014,1099,138,Real Ones
138,#8URCLRY8,球隊|RoUND🌠,0xfff9c908,28000061,1096,139,My social media
139,#8CRU0JRUV,Desse❦,0xffffffff,28000210,1086,140,A Few Kиски
140,#2VV02GQ2C,RNT | Prime,0xff1ba5f5,28000044,1085,141,Imperial
141,#YLV8CL0R,Astaaaa❤️‍🔥😈,0xff4ddba2,28000347,1084,142,Tribe Turkey
142,#9PVU00U2P,Kaso💘,0xffcb5aff,28000036,1084,143,Brawl King's
143,#802VG829,LuRkz🩵Sq,0xffff8afb,28000014,1080,144,Demise 🥀
144,#P9GRC09,히치Lucky🥀,0xffffffff,28000185,1072,145,No Mercy
145,#8PJCY9UP9,YT|HUB,0xffffce89,28000298,1072,146,Golden Legion
146,#GVQUYG90,Shattered ⟡,0xffffffff,28000000,1070,147,7 Dwarves
147,#CJP08CU0,Uriel,0xffffffff,28000135,1070,148,Brawl King's
148,#9YP00CQPV,Aspect ↯,0xff1ba5f5,28000080,1067,149,
149,#808JYV089,본우❦(本),0xff1ba5f5,28000019,1065,150,홀릿군단
150,#YUYYLVJ,Perry💜Lukie,0xfff9c908,28000213,1065,151,NA Friends
151,#2PC29VJP0,feyen✞,0xffffffff,28000000,1065,152,Real Ones
152,#8J29RU8G2,るじゃお,0xffffffff,28000000,1064,153,Venus
153,#QP92PQV8V,Stanyslawes,0xffcb5aff,28000304,1064,154,mlpzaq
154,#LQJC9QL2,HJK┃アチャ,0xffffffff,28000000,1062,155,豚骨ラーメンファンキー
155,#9VUGQC09P,Erik,0xffff9727,28000156,1061,156,Violence Alpha
156,#90YGQVCV,Jonas🤭,0xff1ba5f5,28000167,1061,157,Cuties🤭
157,#CG0YQP2C,Bavioツんﾌﾒ,0xffffffff,28000014,1060,158,Arab Empire
158,#28QCGCU28,🦀,0xfff9c908,28000242,1058,159,McDonald's
159,#90JCCGPGL,Georgeッ,0xffff8afb,28000081,1057,160,AFGM GENESIS
160,#220PGLU02,家|𝑴𝒆𝒎𝒆𝒏ϟ,0xffa8e132,28000163,1056,161,You and me 💜
161,#2J2P9YGLC,relts YT,0xff1ba5f5,28000056,1055,162,PIKACHU⚡
162,#22PJGVJYJ,히치Luxito🥀,0xffffffff,28000321,1055,163,No Mercy
163,#8RP08QGR,☔|Ben♡Clari,0xffcb5aff,28000288,1055,164,RicoLover06 ☔️
164,#RPQUY9VQ,Lamine🍜,0xffffffff,28000278,1054,165,<c7>幹嘛偷看我個資</c>
165,#P2P809VUQ,OM.L.1vs3,0xff1ba5f5,28000278,1054,166,𝑶𝓜|𝓐𝑹𝑨𝑷🥀
166,#289YVRL0Y,ж Mєℓєє ж,0xff1ba5f5,28000004,1054,167,B T H Alfa
167,#2GCVRLR8Q,zxcsoqql,0xffff8afb,28000301,1054,168,Badland Team
168,#LCGRUP0J,Nono 🖤,0xffffffff,28000000,1054,169,
169,#JQCV9PCV,ЯvG★Complex,0xffffffff,28000135,1054,170,Revenge Gaming
170,#L99892JJ,要|мeɢα♕❤️‍🔥,0xfff05637,28000349,1054,171,BC*|Family*
171,#90LPVYVUP,Yusuf♛,0xffffffff,28000112,1053,172,SALDİM
172,#P0YG02Q8,MG | Abhishek,0xffff9727,28000018,1052,173,IMMORTAL SOULS
173,#9YCUUVVPU,_Prôsty❦.,0xfff9c908,28000176,1052,174,Tribe Turkey
174,#2L80JP00L,Hillen,0xffff8afb,28000335,1052,175,Ex0tic-E-Sport
175,#2P08V02Q,⛩|žwřq🥀,0xff1ba5f5,28000134,1052,176,𝑶𝓜|𝓐𝑹𝑨𝑷🥀
176,#PJGGV2Q80,LG | charlz,0xffff8afb,28000244,1051,177,Dog Walkers
177,#22Q0J0P2P,LUCKRASS,0xffa8e132,28000210,1051,178,BC*|Family*
178,#Y8082RLP,ł̇₵Ɇ ₥ØⱤ₮ł₴,0xfff9c908,28000262,1051,179,
179,#90V9VYJ8C,しょうけい,0xfff05637,28000242,1051,180,なかよし部
180,#8L2RPR8U0,Destroyer❤Chess,0xfff9c908,28000170,1050,181,Ash's Club
181,#22CL00PG0,ZETA | Nowy297,0xffffffff,28000164,1050,182,A Few Good Men
182,#2LPJYPPR,𝐀𝐍𝐓𝐇𝐎𝐍𝐘,0xff1ba5f5,28000185,1050,183,Tᴇᴏᴛɪʜᴜᴀᴄᴀɴ
183,#9Q9C9JU0,Lavastoviglie™️,0xff1ba5f5,28000069,1050,184,F/A India
184,#8P29V29YQ,SEA|Satogori♪M9,0xffff8afb,28000050,1049,185,Cipher Pol
185,#8092PP8VU,sleepy sqeed🕊️,0xffffffff,28000321,1049,186,<c0>Odium个</c>
186,#YP8802YP8,Playdead,0xffcb5aff,28000333,1049,187,Miracle
187,#2PYCJVL0,カフェイン中毒ゆーちぃ☕️,0xff1ba5f5,28000284,1049,188,Cipher Pol
188,#2PGRYULC0,◆Janđrø■,0xff1ba5f5,28000259,1049,189,No Mercy
189,#9YVP00CG,세집,0xfff9c908,28000271,1049,190,세계 정상수
190,#L9JLRPGPQ,buffmenhugger,0xffffffff,28000009,1049,191,aren't we good
191,#8Q2QUV00J,ZM | razuen,0xffa8e132,28000005,1049,192,Dog Walkers
192,#8VJYGP2R8,+＋爽凛❇︎SOURIN＋+,0xff1ba5f5,28000267,1049,193,Uchronia
193,#8JUJCQ0JP,@l.urbinaa ♟️,0xff1ba5f5,28000012,1049,194,
194,#JVCC9,Hammer❤️Suletta,0xff1ba5f5,28000334,1049,195,Black Hearts🖤
195,#JPVU828,伯|𝑩𝒆𝒍,0xffffffff,28000041,1049,196,
196,#9UCUJ29C,king faheem,0xff1ba5f5,28000046,1049,197,The Revengers
197,#GC982J9L,悪𝕸𝖆𝖙𝖍❤️‍🔥,0xfff05637,28000090,1049,198,
198,#9RLJ8L22P,⛩࿐тιɴᴅzᴾᴿᴼシ,0xfff05637,28000340,1049,199,Anya Simpers
199,#8UR02QQL2,Fire 🧡 Wuffel,0xff4ddba2,28000279,1049,200,Chimaera
