,tag,name,nameColor,icon,trophies,rank,club
0,#RG9P29CU,爱丈|Can🖤🔥,0xff1ba5f5,28000003,1644,1,CAN 2000
1,#GY0YV098P,your Xeslliwe♡,0xffffffff,28000132,1512,2,Last Hope ❤️
2,#UY280J89,𝐒𝐞𝐧𝐲❃,0xffffce89,28000020,1506,3,<c5>ぽんみちょった</c>
3,#GGL0QRQYV,SHELLY,0xffffffff,28000091,1504,4,
4,#28UURPLGU,DL|ℬℯ𝓃𝒹𝓎🀄,0xffff8afb,28000349,1502,5,DrachenLegion
5,#R2LR2QLG,NOUN | Mohtep,0xffffffff,28000243,1502,6,A Few Good Men
6,#GRLUYG0R,NiceShøt 🌓,0xffcb5aff,28000347,1502,7,Ex0tic-E-Sport
7,#8GV2CP2J8,☔ZORLU☔,0xffcb5aff,28000003,1502,8,<c0>ＬＯＮＥＬＹ★</c>
8,#8PYRRVP00,Oh My Shelly🥵,0xffffffff,28000139,1499,9,Come Back 🤡
9,#2YYL89J8G,psychc🦈,0xffffffff,28000003,1499,10,🌴|<c3>HM</c>
10,#VL0GPPJV,Physic Gear 5,0xfff9c908,28000014,1499,11,Eclipse 🌖
11,#P9UVCQ2U2,Amazing,0xffff8afb,28000337,1499,12,help ranks
12,#9QVYUJQ,JoKi,0xffffffff,28000010,1499,13,
13,#89YR2LV29,Baby 1,0xffffce89,28000003,1494,14,<c7>Berserk</c>
14,#Q8VJURJ9,آنـ❤ـسـ❤ـ,0xffcb5aff,28000335,1494,15,باي باي شيلي؟
15,#JQVQYVY,Code: VTzim 🌑,0xffff8afb,28000339,1456,16,Eclipse 🌖
16,#CG0CGL,Frozzy⭐,0xffcb5aff,28000118,1449,17,
17,#2VV2RCV0P,⚔️やiͥzzͣaͫᴳᵒᵈ⚔️,0xffcb5aff,28000280,1408,18,Jubas Community
18,#PUJ8JCU2P,ѕυηѕє∂なさた🥷🤍,0xffff9727,28000337,1399,19,NA|Legends❤️‍🩹
19,#GQR20RJPR,Realishあなたは高で🦋,0xff1ba5f5,28000091,1399,20,
20,#8VP882CR2,♡Mr_ido♡,0xffcb5aff,28000041,1399,21,Tribe Turkey
21,#20L88L2J,FUT | LeNain,0xffff8afb,28000321,1399,22,A Few Good Men
22,#8LQ9JR82,Code: Eqwaak,0xfff9c908,28000004,1399,23,A Few Good Men
23,#2PGGR8Y9P,Asuna Yuuki,0xff1ba5f5,28000201,1375,24,Follow?
24,#LRLQPU09,Quantic 🌵,0xffa8e132,28000284,1353,25,LA Global
25,#2C9PLLUG8,Efecan|Apple♎🖤,0xffff8afb,28000321,1351,26,<c0>ＬＯＮＥＬＹ★</c>
26,#28YCUGPJC,Niki♡JoJo,0xffff8afb,28000044,1351,27,Showdown💔Kings
27,#22CL00PG0,ZETA | Nowy297,0xffffffff,28000164,1349,28,A Few Good Men
28,#209G0UUGY,Ylli🐬,0xffff8afb,28000321,1349,29,Tribe Gaming NA
29,#Y8082RLP,ł̇₵Ɇ ₥ØⱤ₮ł₴,0xfff9c908,28000262,1349,30,
30,#RPVU2L29,ᴼᵖɱa̷ṡ†e̷ꭆ🥀×᷼×,0xffff8afb,28000097,1349,31,🧀MUSSARELOS 2✨
31,#P0Y9VPGLY,Sky ˡᵒᵛᵉʸᵒᵘ,0xffffffff,28000003,1349,32,
32,#LYR0Q9C,TRB | Zoulan,0xff1ba5f5,28000138,1349,33,Tribe Gaming NA
33,#8GPVC9Y0U,Jᴜsᴛ|𝒎𝟳𝒎𝒅,0xffffffff,28000003,1327,34,Jᴜsᴛ|3TB
34,#Y22PRLR22,×Ammārعممار|Ksa,0xfff9775d,28000207,1323,35,Mōnster’s ☄️
35,#L9RRP8QQP,pro players,0xff1ba5f5,28000221,1308,36,あてぃしのこと好きすぎ―！❤️
36,#8L08R28GG,『Shad🖤⁵⁷』,0xffcb5aff,28000291,1307,37,Polish League
37,#PQ0PYYV9C,𝓐𝓻𝔁𝓮𝓷𝓽💫,0xfff9c908,28000062,1307,38,
38,#CJV8Y29Q,itself,0xffff9727,28000003,1306,39,Friends United
39,#Y8GUL9R8J,~Bedo64🦋,0xffffffff,28000129,1304,40,SavageSolo+
40,#PQJVG9LG2,REX Kai💫🥀,0xff1ba5f5,28000110,1304,41,REX💫
41,#GJV90V22Q,киска эль примо,0xffffffff,28000229,1304,42,
42,#2GYPJUQUY,Mill❦ⁿᵃᵐᵉ,0xff4ddba2,28000002,1302,43,Illusion Gaming
43,#8GYCL8RR8,Yura🤍Lオナー,0xffff8afb,28000321,1301,44,Ѕℓυѕнιє
44,#VYGVV08Q,🍅domates,0xffffffff,28000261,1301,45,
45,#JV2L02VV,SíJaauaq,0xffff8afb,28000303,1300,46,
46,#9R9899GJ2,差|Stàr💘,0xfff9c908,28000018,1300,47,
47,#80UP02L9G,wiz🧛🏼‍♀️,0xffff8afb,28000097,1299,48,Ash's Club
48,#9G2JLCL8U,🥀⛩FMC🎋,0xffa2e3fe,28000136,1299,49,🥀Retired💫
49,#PL2P020J8,Núbis Gear 4,0xffffffff,28000317,1299,50,GamePlay D
50,#8PYPJPUJP,仲良くしよう！！！！！！！！！,0xffcb5aff,28000136,1299,51,路地裏のダンディー
51,#P9JLP88C8,LP|FortiStarsYT,0xffcb5aff,28000125,1299,52,Ex0tic-E-Sport
52,#90UYULC9J,𝄹𝐻𝑎𝑐𝑘𝑒𝑟⚚,0xffffce89,28000102,1299,53,
53,#UCP822P9,rash rider,0xffa8e132,28000291,1299,54,IMMORTAL SOULS
54,#2CY0CVU80,~Vi♡tal🪐,0xffffffff,28000297,1299,55,Импрессив
55,#YGCYUJLLL,⛩️ɎɄⱤł⚔️FØRÇE⚔️,0xff1ba5f5,28000091,1297,56,AR|FØRÇEᵏⁱˡˡ
56,#P89CPULPG,XF|Brave,0xff1ba5f5,28000347,1294,57,Braveの住処
57,#PJGC2GUG9,愛へ吸いますbesovv🦋,0xffffce89,28000118,1276,58,
58,#GYC8QQC8U,ζ͜͡⸙Nᴇxɪᴀᴋ🖤〆,0xfff05637,28000014,1272,59,
59,#2YJ9GJGC2,앵무새❤️,0xffff8afb,28000174,1271,60,Freedom
60,#92VJ8VQUP,🔥an_hayp🔥,0xfff05637,28000047,1269,61,
61,#29CVP0V9U,Almighty Push💐,0xffcb5aff,28000335,1267,62,Beyond Champs
62,#2VC2QCQ,あ|Ghost 🎭,0xffff8afb,28000336,1265,63,★the Players★
63,#GCY08V22C,₮₱ | Ѕ₮ØꞦⅯ⛈️,0xfff9c908,28000348,1263,64,Cavalo De 🍫
64,#V2CLUQY2,PrJ|HeyBrother,0xffcb5aff,28000305,1259,65,Ultra Showdown
65,#20QUGCVQ9,Mirrox 🐺,0xffffffff,28000345,1255,66,HolyPower
66,#2RGR2GCGR,₱Ø₦|Mͥamͣmaͫd☔️,0xffcb5aff,28000003,1255,67,Night Stars
67,#28GR908QJ,P4S|MasTeR,0xffff9727,28000014,1255,68,P4SSANGERS
68,#PC0GJUPP2,-12|Patø👻,0xffffce89,28000352,1254,69,TT: niiil_06
69,#JC99G0VY,疾風〒▽〒海嘯🌌天崩地裂,0xff1ba5f5,28000345,1254,70,<c7>T0</c>
70,#980GJCYVQ,⭐GG|AMJAD☔☄,0xff4ddba2,28000341,1254,71,OG Mute
71,#PQVVCJV8U,四葉のくまちゃんぱんつ☘️,0xff4ddba2,28000110,1254,72,「一番よりNo.2」
72,#2GPV0LRQC,TTeJIbMeIIIka,0xffff8afb,28000347,1254,73,Quant ESports🐾
73,#92C08YG00,愛~Not HumanZ❖,0xffff9727,28000033,1254,74,HeadShoterZ💣
74,#2LJQQ0CRJ,ShellyLover❣,0xfff05637,28000243,1254,75,ブリリアントぶた劇場
75,#YL0JQRRU,♠Dark_SpadeYT♠,0xffffffff,28000139,1254,76,Beyond Reality
76,#YG8V8QCJ8,일상,0xff1ba5f5,28000175,1254,77,Freedom
77,#882V9GJP,Mr Uriel ☠️,0xff1ba5f5,28000305,1254,78,Club  #2G922VJLR
78,#2L2VPC0P9,𝘉𝘚|𝕯𝖆𝖓iel☾,0xffa8e132,28000170,1254,79,
79,#P8U8JQLG,感|WarMan⚔️,0xff1ba5f5,28000148,1254,80,OG Mute
80,#8P09RLGGQ,TRW|Syniox❤️‍🔥,0xffcb5aff,28000041,1253,81,Turkish Shadow
81,#CGJCVPVC,Bank Jota oN,0xff1ba5f5,28000279,1253,82,
82,#PPQQJQPQU,愛Astrø 🖤,0xffffffff,28000018,1253,83,🧀MUSSARELOS✨
83,#8VQ08LVLU,❤️🌑SHIVAM🌕💛,0xffa8e132,28000003,1253,84,DEMONS PARADISE
84,#20CJVQQYU,[₮₱] ₱ɆⱠ₳Ɖ₳Ø,0xffcb5aff,28000291,1253,85,★the Players★
85,#GCVPVRQY,MyS|Goman,0xff4ddba2,28000137,1253,86,Tribe Turkey
86,#8GPJLRVV,AmassedBydIego,0xff1ba5f5,28000175,1253,87,clash on
87,#YJ0C0GURG,メMaxZ🤍,0xff1ba5f5,28000302,1253,88,TL|Team Luzou
88,#8QY2Y80CG,godikk❤️‍🔥,0xffcb5aff,28000014,1253,89,Ex0tic-E-Sport
89,#2GYY989GU,あ|Nouggetシ🦋,0xffa8e132,28000075,1253,90,VV eSport
90,#Y88QYRPRC,₮₱ ¥¥₳₦ ₲₳ɃɌƗɆⱠ,0xfff05637,28000334,1253,91,Kings United II
91,#L99892JJ,要|мeɢα♕❤️‍🔥,0xfff05637,28000349,1253,92,BC*|Family*
92,#YG2QP288P,Ñîćoなさた🥷🤍,0xffff9727,28000340,1253,93,LA Global
93,#8JLRVYRU,- NOZÉ -,0xffa8e132,28000194,1253,94,★the Players★
94,#YGGL29R,OP | PrOROD13,0xff1ba5f5,28000346,1253,95,🧀MUSSARELOS 2✨
95,#88YJV08U2,❣️MASOOM❣️,0xffffffff,28000139,1253,96,
96,#2RUVRJYJ2,SY|Faͥbͣuͫᴳᵒᵈ☔,0xff1ba5f5,28000061,1253,97,Ex0tic-E-Sport
97,#290LJC89U,L1S|Unique❦,0xffa2e3fe,28000035,1253,98,Night Stars
98,#2PLYGLPPJ,Joel玄,0xffff9727,28000020,1253,99,
99,#9G0CJPJPY,Taha♛,0xffcb5aff,28000170,1253,100,GOOD BYE TAHA
100,#RVLQ0VUR,风暴|kerem🎃,0xffff9727,28000257,1253,101,ᴅᴀɪʟʏ
101,#P9YPY9U8J,MeTa | duo♡van,0xff4ddba2,28000262,1253,102,TyM`eSports
102,#YP28LYR8G,GHS|Phoenix ❦,0xfff9c908,28000213,1253,103,Ghost eSports
103,#GUUGV89GG,𝐊𝐒|𝐬𝐚𝐲𝐥𝐢,0xffcb5aff,28000156,1253,104,KS FRENCH
104,#QLG89YRCC,SZG|Fad17🍁,0xffffffff,28000014,1253,105,Ogorod
105,#QYYPQL8,⭐RealCr7⭐,0xffff9727,28000302,1252,106,TXLR_Q
106,#8UGJ82UL2,AoC|Alex🌷,0xff4ddba2,28000310,1252,107,octos
107,#UR02VU99,TwG | Minato,0xff1ba5f5,28000335,1252,108,Twig Elite
108,#GRU992LGV,³Xmæster's❦,0xffff9727,28000020,1252,109,
109,#PL2P2JY9V,Ferreira🌩️,0xff1ba5f5,28000048,1252,110,802
110,#2QUPGU2R,Lesenee✨️,0xfff9c908,28000336,1252,111,FREE MM
111,#8JQRQ80R8,RZ | KIEMS,0xffff9727,28000135,1252,112,FUR TEAM
112,#82UCLY9C8,Kronos🇧🇷,0xffff8afb,28000029,1252,113,Brawl King's
113,#Y02QUURQL,style дезик<3,0xffcb5aff,28000045,1252,114,
114,#PPUPGRC98,Theo 最高の,0xffffffff,28000175,1252,115,Pitagyro
115,#88CLV8QQQ,Rëar:)🩵,0xffffce89,28000057,1252,116,
116,#2C92PYV2R,uriel,0xff1ba5f5,28000108,1252,117,HeadShoterZ💣
117,#29Y0CJ0GP,Physic Gear 3,0xffa8e132,28000196,1252,118,ŁŞƬ☘️
118,#CQLR0Y80,QLS | Tufa,0xffa8e132,28000016,1252,119,Ghost Team👻☔
119,#JPGRR9UV,Bowserr🥷被,0xff1ba5f5,28000206,1252,120,Brawl King's
120,#JUCC2CJ9,santiago72341,0xffcb5aff,28000293,1252,121,Los Trotamundos
121,#C2999RG8,𝓛 ucasツ🤍,0xffcb5aff,28000293,1252,122,BRASIL INPERIO
122,#2RY2090YR,ГарденГном🦇✨,0xffff9727,28000103,1252,123,Rio de Janeiro
123,#8J8G9CJVJ,CᴀʟʟMᴇ𝓩artis🦍,0xffffffff,28000150,1252,124,RK Esport
124,#8GUPLYY,FG | Jene,0xffff8afb,28000135,1252,125,clover
125,#QR2GC8V,BKB|❄IC£CRØW❄,0xfff9c908,28000348,1252,126,Tribe Turkey
126,#YQRU90J00,sweet.illusion❦,0xffffce89,28000018,1252,127,Apawwse
127,#8GPG9V0GU,Sunex玄,0xffffffff,28000125,1251,128,TT: niiil_06
128,#2Q9PYVQLP,HelloWorld,0xffff8afb,28000096,1251,129,
129,#8G0P89RL9,Dragos🐙,0xffcb5aff,28000138,1251,130,Mizmiripsis🛐
130,#9RPPY2CCJ,Crazy|Arukir🫠,0xffffffff,28000206,1251,131,Crazy op🫠
131,#P9JL9VVPV,AE|𝕱𝖗𝖊𝖆𝖐夔❥,0xffff8afb,28000321,1251,132,AE|JusT Play
132,#80P9LJLV,愛~ScoobZ❖,0xffffffff,28000122,1251,133,Showdown🤍
133,#YR89G8GQL,TheGoatLuca 🌴,0xffff8afb,28000244,1251,134,Prime Is Coming
134,#YGCVPR8U8,Swifty | 戈,0xff1ba5f5,28000122,1251,135,Rapid Q
135,#902YQPYYC,PSG|HİLECİ❦,0xff1ba5f5,28000194,1251,136,LA Global
136,#9YLJGUP29,Duo♡ChildZuzia⚘,0xff4ddba2,28000254,1251,137,
137,#9GJ9CUQYY,AO|SLAYER❤️🔥,0xffff9727,28000090,1251,138,Night Stars
138,#QGC9JGLVY,〆𝓝𝓾𝓫𝓪𝔁🎈,0xffff9727,28000343,1251,139,TikTok : nubaxx
139,#8LQP0CGVL,𝓡𝔂𝓪𝓷 𝓗𝔃,0xff1ba5f5,28000167,1251,140,The French |BS
140,#2YRUURC90,⛩️|Meͥssͣiͫ64|⚡,0xffff9727,28000090,1251,141,DEMONS PARADISE
141,#LJPQ9QCPV,Lukas🤍Thays,0xffffffff,28000014,1251,142,Noob Gang
142,#YY9RR2L2P,♛해왕 포세이돈｜별💫,0xfff9c908,28000139,1251,143,REX💫
143,#889VRC0QJ,🦅|Matheo>.<,0xffffffff,28000197,1251,144,
144,#80GPQ2RGP,薙| Juice🧃,0xff4ddba2,28000337,1251,145,Tribe Turkey
145,#9QG89UV0Y,『𝕽𝖆𝖚𝖑❦︎』,0xffcb5aff,28000014,1251,146,TT: niiil_06
146,#2Q20U8V88,RUTVIK ROCKY,0xffa8e132,28000159,1251,147,Legendary club
147,#Q2UVV2VV8,王 | Carry💘,0xff4ddba2,28000075,1251,148,
148,#Y0GLYCYVY,Maho❤️🔥,0xff1ba5f5,28000129,1251,149,<c0>ＬＯＮＥＬＹ★</c>
149,#QG990QQJ,MyS|Donatik,0xfff05637,28000322,1251,150,LA Global
150,#PVJGUP980,ペリカン〆神,0xff1ba5f5,28000349,1250,151,牙城
151,#C2CULQP0,❤️‍🔥Mazoex♛,0xff1ba5f5,28000314,1250,152,VV eSport
152,#9L09YYQ8L,⛩️Panda G.m⛩️,0xffcb5aff,28000330,1250,153,HolyGuns
153,#P22J8JP8,ZETA | BADBOY,0xffff9727,28000284,1250,154,No Mercy
154,#82LRGLQ02,あ| 𝓕𝓪𝓱𝓪𝓓🥀,0xff1ba5f5,28000283,1250,155,OG Mute
155,#9UY82PG00,❤ABNNoor❤,0xffffce89,28000221,1250,156,THE NEW RULERS
156,#QUYCVC2,STMN | sans,0xffa8e132,28000136,1250,157,STMN Esports
157,#9U9Y8VUPV,Nova I Kid,0xffffffff,28000138,1250,158,ZoneOfInfinity
158,#PQGRRLU0,ѳℓ | ʝαყ ᴶᵒ❅,0xffff8afb,28000261,1250,159,⚡ Olimpo🌿
159,#989L0928Q,L1S|Sufiyan❦,0xff1ba5f5,28000033,1249,160,IMMORTAL SOULS
160,#Y2QL9LJLP,Yxhya❤️‍🩹🍚,0xffffffff,28000321,1249,161,𝐒𝐡𝐚𝐝𝐞❤️‍🔥
161,#2VG02RU0,ThorN3X,0xffcb5aff,28000018,1249,162,Brawl King's
162,#GGC2292Q8,マリーナが大好きです,0xffffffff,28000003,1249,163,каразюк
163,#PVJJLYPJ,dmstk,0xfff9c908,28000278,1249,164,<c1>BBOBBY</c>
164,#RQRGLR9R,ViVi_get,0xff1ba5f5,28000175,1249,165,<c5>LUCID</c>
165,#J8P90LJ,LeeknowBoy 🧸,0xffffffff,28000345,1249,166,🧀MUSSARELOS 2✨
166,#GYQR9Q9QG,メEsca🤍,0xff1ba5f5,28000349,1249,167,Los Pollos
167,#2UU2V2L0G,æncore💘,0xff1ba5f5,28000000,1249,168,Revaible 💗
168,#8J9PPC880,𝐁𝐫𝐞𝐞𝐳𝐲❦,0xffcb5aff,28000218,1249,169,🧀MUSSARELOS✨
169,#YRJJ29V9P,エドワード•ニューゲート,0xff1ba5f5,28000196,1249,170,❦𝕶𝕽|𝕭𝖊𝖆𝖙ஐ
170,#VPGGUU9U,|🌬ŦƤ⋆SsnıɔıuıΛ,0xff1ba5f5,28000243,1249,171,★the Players★
171,#289QGVYRQ,TyM|Ârda🦁,0xffff9727,28000014,1249,172,TyM`eSports
172,#98VG9809Q,𝐏ʀαᴅ❥𝐍ᴅ,0xffffffff,28000241,1249,173,Mini Me’s
173,#PGJ0G922R,⛩️|GUIᴳᵒᵈ🖤,0xfff9c908,28000196,1249,174,
174,#YRURQRPUR,Skibidi Chipz,0xff1ba5f5,28000018,1249,175,Talents
175,#2P022YC0U,bat9 ваня,0xffffffff,28000058,1249,176,Quant ESports🐾
176,#9UY0V22GG,MyS|Wintrader🤡,0xff4ddba2,28000067,1249,177,Showdown💔Kings
177,#VC9P2YR,愛Aʟᴘʜᴀᴼᵖ❤,0xffff9727,28000272,1249,178,
178,#8JQGCVRG2,"m.ghost👻/""♪",0xfff05637,28000151,1249,179,
179,#G2YP02089,MTM -マメクス💘,0xffcb5aff,28000293,1249,180,
180,#2CC9QLGYY,我|Scripter 🔥,0xff1ba5f5,28000231,1249,181,TL|Team Luzou
181,#YJ9GJQL,亜前|ᗰᗩᑭI᙭᙭,0xfff9c908,28000219,1249,182,Beyond Reality
182,#2G2VVUR80,〆𝓢𝓲𝓷𝓼𝓽𝓻🎈,0xffffffff,28000139,1249,183,Family 69 💯🦾
183,#GCQQPLPU,nellkenss<3,0xffffffff,28000280,1249,184,
184,#U8GGJY08,🐙 ѕρє︎є︎η シ,0xff1ba5f5,28000335,1249,185,
185,#GJRV99Q8,我不Enzoo🤍在你,0xfff05637,28000321,1249,186,Ex0tic-E-Sport
186,#2QPPPRU9P,Vêfaâ.☇,0xffcb5aff,28000003,1249,187,
187,#L28PVRRQP,ST|⛈️Storm,0xffa2e3fe,28000280,1249,188,Primal Revenge
188,#QL9G8JR8C,KY,0xfff9c908,28000267,1249,189,<c5>ぽんみちょった</c>
189,#8LCJJ2L2,ToSlowあ,0xffffffff,28000108,1249,190,A Crew Ready⛄
190,#PPU9RV8,AE|Ârda🥶,0xff1ba5f5,28000322,1249,191,AE|JusT Play
191,#2J28R0UPC,🍼鬼ばぶちゃん🍼,0xfff9c908,28000002,1249,192,Excellent🏆
192,#QY92R8JU,⚘|A_polocreed™️,0xff1ba5f5,28000014,1249,193,Brawl Kings's
193,#9VU9R2LY,Terry!,0xffffffff,28000081,1249,194,✌️✌️✌️
194,#2UU8YGVPV,AlanOp,0xfff05637,28000014,1249,195,Bunny Hole 🐰
195,#LL0092JU,SnipHer,0xffffffff,28000072,1249,196,AFGM GENESIS
196,#8QPQUJUPU,Sacrifício,0xfff05637,28000014,1249,197,[™BLIND™]
197,#8UG2YQ20P,ざま〜みろてかにゃん🖤,0xffcb5aff,28000230,1249,198,あてぃしのこと好きすぎ―！❤️
198,#Y28PL2Q0V,I’m xenoxz 🕊,0xff4ddba2,28000140,1249,199,Dysphoria
199,#8J9PV8RUY,GW|Jaydan,0xffff8afb,28000230,1249,200,Golden Age
