,tag,name,nameColor,icon,trophies,rank,club
0,#JQVQYVY,Code: VTzim 🌑,0xffff8afb,28000339,1499,1,Eclipse 🌖
1,#PL2P020J8,Núbis Gear 4,0xffffffff,28000317,1423,2,GamePlay D
2,#VL0GPPJV,Physic Gear 5,0xfff9c908,28000014,1399,3,Eclipse 🌖
3,#2PGGR8Y9P,Asuna Yuuki,0xff1ba5f5,28000201,1399,4,Follow?
4,#YQLY9CYVY,nath,0xff1ba5f5,28000228,1354,5,vMoove
5,#28CVQGURJ,kxrtofvl,0xffffffff,28000061,1338,6,UNDERDOG 🇵🇱
6,#920PC9CVC,AlOnE_DaRk,0xffff9727,28000348,1318,7,NHY E-SporTS
7,#8GV2CP2J8,☔ZORLU☔,0xffcb5aff,28000003,1303,8,<c0>ＬＯＮＥＬＹ★</c>
8,#VYGVV08Q,🍅domates,0xffffffff,28000261,1303,9,
9,#GRLUYG0R,NiceShøt 🌓,0xffcb5aff,28000347,1302,10,Ex0tic-E-Sport
10,#22GURLG00,NoRvie 〆,0xffff8afb,28000054,1301,11,
11,#90JCYPQU,ZETA | MeOw,0xffffffff,28000074,1299,12,Talents
12,#QR2GC8V,BKB|❄IC£CRØW❄,0xfff9c908,28000348,1299,13,Tribe Turkey
13,#JQ8L0YYL,RNG | Cauebr,0xfff9c908,28000314,1293,14,Ghost Team👻☔
14,#20L88L2J,FUT | LeNain,0xffff8afb,28000321,1272,15,A Few Good Men
15,#8UQ9J2VLY,koki/tatu55,0xffff9727,28000280,1267,16,Banda Nocturna
16,#29L028GQL,Djahsta,0xffff9727,28000306,1263,17,BC*|Family*
17,#U0UQUVGU,Crux✨,0xff1ba5f5,28000300,1260,18,Meow
18,#QRUQQLV0,Code: Nukleo,0xffa8e132,28000186,1260,19,LA Instinct
19,#88V8UUGRG,おにまる〜♬︎おぅおぅ⤴︎︎︎,0xffffce89,28000035,1259,20,たつきすねげ
20,#QR8RU922,Karmaa,0xfff9c908,28000047,1255,21,Brawl King's
21,#88RGGCVQJ,My heart in AUS,0xff4ddba2,28000092,1254,22,ハナクソタケシ
22,#22RGVUUCQ,916kny,0xffffffff,28000234,1254,23,
23,#L82U9CVPQ,ᴼᵖɳe̷żu̷ҟσ🥀×᷼×,0xffff9727,28000213,1253,24,🧀MUSSARELOS✨
24,#PPQQJQPQU,愛Astrø 🖤,0xffffffff,28000018,1253,25,🧀MUSSARELOS✨
25,#20CJVQQYU,[₮₱] ₱ɆⱠ₳Ɖ₳Ø,0xffcb5aff,28000291,1253,26,★the Players★
26,#290LJC89U,L1S|Unique❦,0xffa2e3fe,28000035,1253,27,Night Stars
27,#8Q2YR88LJ,QLS|nair397,0xffffffff,28000294,1253,28,Blue Star 💙
28,#PUUYYQPG,★彡ShaKa🌹頹,0xff1ba5f5,28000238,1253,29,🧀MUSSARELOS✨
29,#YP28LYR8G,GHS|Phoenix ❦,0xfff9c908,28000213,1253,30,Ghost eSports
30,#PL92YG8R,Եρ ՐɿՇk☆*❥⃝*,0xff4ddba2,28000341,1253,31,★₮ĦɆ ₱Ⱡ₳¥ɆɌ$2 ★
31,#GU220LGG,GHS|PatricK👻,0xffff8afb,28000211,1253,32,Ghost eSports
32,#PCQP2LY0V,€nub¥guga₩,0xffffffff,28000000,1253,33,PusH ReVeRsO 🥵
33,#99LP2PUQ9,jxbkofvl,0xffff9727,28000303,1252,34,ŚrednioNaPsa
34,#P0GCYJY20,ＮＴ| ᴹᵃʲᵒʳ❃,0xffcb5aff,28000198,1252,35,HolyPower
35,#9VVYGYGU0,Zsofiaaaa ♡,0xffff8afb,28000348,1252,36,Tribe Gaming NA
36,#2RJ0UJCU0,FMG|LuisOMGᴷⁱⁿᴳ,0xfff9c908,28000139,1252,37,ZETA|DIVISION'S
37,#9G0CJPJPY,Taha♛,0xffcb5aff,28000170,1252,38,GOOD BYE TAHA
38,#QUPU8GPUY,t1rehs🦖,0xffa8e132,28000136,1252,39,Dysphoria
39,#29UGLJV2G,Lёvi,0xfff9c908,28000244,1252,40,✌️✌️✌️
40,#QGLCPJ2J,Ansel,0xff1ba5f5,28000014,1252,41,CHEESEFOREVAR
41,#2YJ2UJLCU,FR｜ちびっ子,0xff4ddba2,28000016,1252,42,あてぃしのこと好きすぎ―！❤️
42,#Y29V28JYJ,ナイフを持った天使,0xfff9c908,28000014,1251,43,Brawl King's
43,#C2CULQP0,❤️‍🔥Mazoex♛,0xff1ba5f5,28000314,1251,44,VV eSport
44,#8JLRVYRU,- NOZÉ -,0xffa8e132,28000194,1251,45,★the Players★
45,#82LRGLQ02,あ| 𝓕𝓪𝓱𝓪𝓓🥀,0xff1ba5f5,28000283,1251,46,OG Mute
46,#P99QGPLU2,Davex,0xffffce89,28000129,1251,47,Brawl King's
47,#PUQ8G8ULU,Cristhian✞.,0xffa8e132,28000284,1251,48,Allied Exiles
48,#9V9GQJG8,hobbit,0xffa8e132,28000005,1251,49,
49,#Q9YC0J0G9,Rusya🤍Bloodyハニ,0xfff9c908,28000004,1250,50,KingdomRush
50,#PQ28JP0P,亲Jσтα,0xffff9727,28000175,1250,51,7 Dwarves
51,#2L92L9Y2V,TS|℟℞1̷4̷4̷6̷,0xff1ba5f5,28000052,1250,52,Arab Empire
52,#LPGYQ9CCV,Йeo:)🩵,0xff1ba5f5,28000134,1250,53,レインボーの風船
53,#809R8JV8Q,Tizzou❤Clzs,0xffff8afb,28000166,1250,54,Allez Laaa
54,#88QCRPLJV,Togi☁️,0xffff8afb,28000303,1250,55,7 Dwarves
55,#G800VUQY9,📚不登校🍿ともゆき🎓,0xfff05637,28000205,1250,56,シャシャまると愉快な仲間たち
56,#8PJRRG2C,SK|GuilleVGX,0xffa8e132,28000099,1250,57,CONEXIÓN
57,#8QVGYCV2J,✰IQ|קαͥᴛαͣтͫα✰,0xffffffff,28000207,1250,58,ᵀᵉᵃᵐ★IQ★
58,#LL0092JU,SnipHer,0xffffffff,28000072,1250,59,AFGM GENESIS
59,#CGQCYJGY,TTV | SnakeThug,0xfff9c908,28000341,1250,60,Deadly Vipers🐍
60,#P9UVCQ2U2,Amazing,0xffff8afb,28000337,1250,61,help ranks
61,#Y0VPJ89Q,Ｓㄚ 么 乙 ツ,0xffffce89,28000237,1250,62,Quant ESports🐾
62,#8Y082R2GG,추카|RapZ ✶,0xffff9727,28000211,1250,63,Beyond Swift
63,#22Q0J0P2P,LUCKRASS,0xffa8e132,28000210,1250,64,BC*|Family*
64,#P9YPY9U8J,MeTa | duo♡van,0xff4ddba2,28000262,1250,65,TyM`eSports
65,#99JQ9PQP,Artem4ic🤍W,0xff4ddba2,28000018,1250,66,
66,#28LYUL8JP,𝙲𝚘𝚍𝚎ˢˣ❥𝙹en,0xffcb5aff,28000337,1250,67,🧀MUSSARELOS✨
67,#8LLJ92VQ,あ| 𝓐𝓱𝓶𝓮𝓓🥀,0xff1ba5f5,28000349,1250,68,OG Mute
68,#QUYCVC2,STMN | sans,0xffa8e132,28000136,1250,69,STMN Esports
69,#99088JQ8Q,ᴋᴄ|ʟᴜɪͩᴄͤɪͣᴛͩᴏ临,0xff1ba5f5,28000349,1249,70,No Mercy
70,#2J2PJ0UV,ikarosita,0xffa8e132,28000136,1249,71,Humble Grinders
71,#VPGGUU9U,|🌬ŦƤ⋆SsnıɔıuıΛ,0xff1ba5f5,28000243,1249,72,★the Players★
72,#8CVCJVVV9,Եթ Շαɱเℓα ☆*❥⃝*,0xffff9727,28000302,1249,73,★the Players★
73,#PL2QGQ8JV,MBA | Yusùfff❦,0xffff9727,28000156,1249,74,Maho_ming_bise
74,#VC9P2YR,愛Aʟᴘʜᴀᴼᵖ❤,0xffff9727,28000272,1249,75,
75,#J8UR8002,SKC | Prozy,0xffa8e132,28000029,1249,76,Emi's bar 🍻
76,#2YUCYVLUV,DWE|Fenuks🔱,0xff1ba5f5,28000141,1249,77,Imba House
77,#YGQYGCR,Portox😡,0xff1ba5f5,28000191,1249,78,Blue Label
78,#PLCPU928R,ØFFŁÎŃÈ,0xff1ba5f5,28000019,1249,79,.....
79,#2R82G0QY0,Loading...,0xffff8afb,28000098,1249,80,★the Players★
80,#2CUYQ8RQC,🥷🏿,0xffffffff,28000272,1249,81,
81,#99LLQYY9,Joeh,0xfff9c908,28000335,1249,82,👋 🤷‍♂️
82,#9YUJP2QGP,FC | Reverse🌑,0xffff9727,28000341,1249,83,Fora da Curva®
83,#LJPQRPRCC,愛|𝖲𝚑𝚘ԵԵᴢʸ•❦︎,0xffffffff,28000294,1249,84,Eᴍᴘɪʀᴇ Vɪᴋɪɴɢs⚒
84,#PP8URGQL8,J. Álvarez ⁹🕷️,0xff1ba5f5,28000139,1249,85,Emi's bar 🍻
85,#VR89R280,Bℓeedそ,0xfff05637,28000339,1249,86,Elite Saiyan🔱
86,#9GVQQ2VJL,𝑳𝒊𝒈𝒉𝒕❦,0xffffffff,28000097,1249,87,Easy Ltda
87,#P8U8JQLG,感|WarMan⚔️,0xff1ba5f5,28000148,1249,88,OG Mute
88,#20VVC8LU2,Cryzz❦︎,0xffffffff,28000108,1249,89,
89,#8LQ9JR82,Code: Eqwaak,0xfff9c908,28000004,1249,90,A Few Good Men
90,#8R99PJ890,xSkylasz•,0xffff9727,28000321,1249,91,Vitality
91,#LVJP8U9L,愛FᴀɴDᴏAʟᴘʜᴀᴼᵖ❤️,0xffffffff,28000279,1249,92,
92,#202PGR2RL,SL | SrRYUTZ,0xff1ba5f5,28000134,1249,93,PusH ReVeRsO 🥵
93,#YRURQRPUR,Skibidi Chipz,0xff1ba5f5,28000018,1245,94,Talents
94,#Y0GLYCYVY,Maho❤️🔥,0xff1ba5f5,28000129,1243,95,<c0>ＬＯＮＥＬＹ★</c>
95,#89YL8VC,|🌬тρ⋆SsoɔɹɐW彡,0xffff9727,28000349,1231,96,★the Players★
96,#98L2G2UP9,Zerinn,0xffffffff,28000265,1230,97,Easy Ltda
97,#LJPQ9QCPV,Lukas🤍Thays,0xffffffff,28000014,1229,98,Noob Gang
98,#PC9LPPYV,Nico❤️Heys,0xff1ba5f5,28000196,1221,99,No Mercy
99,#9VU9R2LY,Terry!,0xffffffff,28000081,1220,100,✌️✌️✌️
100,#GG9GC002,DE |MASTER,0xff1ba5f5,28000225,1219,101,Türk Milleti
101,#YY9PPLQL9,Yume𓅦,0xff4ddba2,28000149,1218,102,Cipher Pol
102,#GV00QCYL,ɆⱠĐł₦™×͜×,0xfff9c908,28000019,1218,103,🧀MUSSARELOS✨
103,#8UQJPQVY2,CN |🐳Yagami☆,0xff1ba5f5,28000225,1214,104,
104,#89UPQJJVV,+BraboX 🎩,0xffa8e132,28000236,1209,105,Ghost Team👻☔
105,#8QY2Y80CG,godikk❤️‍🔥,0xffcb5aff,28000014,1208,106,Ex0tic-E-Sport
106,#9LJ0G22RL,QLS|MITO,0xffa8e132,28000347,1206,107,🧀MUSSARELOS✨
107,#PPJQ9GYUY,SG|SPIKE♡,0xffcb5aff,28000279,1204,108,Импрессив 2.0
108,#QR88UL98,DeNova🍷💋,0xffff8afb,28000194,1204,109,CONEXIÓN
109,#802PJVYGR,varungamingYT,0xffa8e132,28000016,1204,110,Elegant Smile
110,#80QLC8292,🧀|FeLiPeᶠᵇˢ⚜️,0xffff9727,28000231,1204,111,🧀MUSSARELOS✨
111,#QPJ2VG8C8,Dragon 🐊,0xff1ba5f5,28000014,1203,112,Real Ones
112,#GV9GRLJJ,Counter,0xffff9727,28000265,1203,113,NA Friends
113,#PYGR8CPJ2,〆ϻɪs͢τɪӄ🩸,0xfff9c908,28000018,1203,114,Spain4Win
114,#89JUJUVYL,𝓓𝓸𝓻𝓪👻🐉,0xfff9c908,28000020,1203,115,❅︎Merryの家𓍄𓂃𓈒
115,#2RQGVLRVG,₹GuilleX,0xffff8afb,28000036,1201,116,No Mercy
116,#82PQUPGU0,Ryohei🐬,0xff1ba5f5,28000240,1201,117,数え役満🀄️
117,#JV2L02VV,SíJaauaq,0xffff8afb,28000303,1201,118,
118,#PYPQUG80,Zava💞Sunfote,0xffff9727,28000195,1201,119,Showdown💔Kings
119,#9LY0YG9QP,を|Sed🍀,0xffa8e132,28000197,1201,120,DragonArmy
120,#RUGUJPR8,☠ĆØΜβΔŦ€ŇŦ€☠,0xff4ddba2,28000253,1201,121,★the Players★
121,#UR02VU99,TwG | Minato,0xff1ba5f5,28000335,1200,122,Twig Elite
122,#9J2JLUR8G,Aspect 🃏,0xffffffff,28000304,1200,123,7 Dwarves
123,#8GP0GQ2V8,Jᴜsᴛ|H̸a̸s̸a̸n̸,0xffffffff,28000023,1200,124,Just|Justice
124,#PR9U2JL,Juan Carlos,0xffffffff,28000119,1200,125,Humble Grinders
125,#GRCYVRJG,Edgar🤍æ,0xffff9727,28000176,1200,126,7 Dwarves
126,#2CRRRRYJR,моё,0xfff9c908,28000213,1200,127,✌️✌️✌️
127,#8RQQJ9JPP,FMG | Nandoᴷⁱⁿᴳ,0xfff9c908,28000196,1200,128,Kings United
128,#YQUQUUG,Ferlol,0xff1ba5f5,28000294,1199,129,minuta:3
129,#GUGVPU2,🔥Z€RØ🔥,0xfff9c908,28000282,1199,130,★the Players★
130,#G99CYGL,𝒁𝒂𝒊𝒌𝒐❄️,0xff4ddba2,28000194,1199,131,ChillOG
131,#VUQV0ULV,𝓚𝔂𝔀𝔂,0xffcb5aff,28000031,1199,132,Beyond Fresh
132,#22P229RJ0,Tisi04,0xffa8e132,28000206,1199,133,Kidz With Gunz
133,#YYG9RQYJ9,✴️DARKknight✴️,0xffff9727,28000132,1199,134,Новая надежда
134,#2UY2RPRJ,RCN | William,0xffffffff,28000320,1199,135,<c5>Just Me</c>
135,#2CY898QJ0,єηισ ƒαιχα⁷ 🥋,0xffcb5aff,28000224,1199,136,Candangos do BR
136,#2PVCG892,Chicken🖤Axe,0xffff9727,28000098,1199,137,ChasmacGaming
137,#989GVG0UR,陰|₦Ї₦ℑ₳™👑,0xffa8e132,28000305,1199,138,Good Players 💫
138,#2JJRQ0LCP,Mvp ぎ,0xffff9727,28000175,1199,139,The Crias🐉
139,#GCGYLL0G,ᴵᴬᴹᴷ͢͢͢ⁱʳᵃ,0xffffce89,28000054,1199,140,WOLFMX
140,#RRVVPG2Y,Brosta卡拉,0xff1ba5f5,28000206,1199,141,vMoove
141,#2Q8L022Y8,🌈Ш|K1lka☔,0xffcb5aff,28000054,1199,142,⭐Star Gang⭐
142,#LVVCQJR8Y,MyS l boosty,0xffff8afb,28000301,1199,143,
143,#8YUVLQQLG,TEM | Gluttonyʕ,0xff1ba5f5,28000088,1199,144,おなかすいたよ🍖🍔🍟🍕
144,#GRC9RRJR,TQ | Javi,0xfff9c908,28000137,1199,145,A Few Good Men
145,#J2CR99J,✴JAIR✴,0xff4ddba2,28000106,1199,146,Zoológico NA
146,#UUGYQ0U0,MyS |ggoddy❤‍🩹,0xffcb5aff,28000272,1199,147,Хижина Снайпов
147,#8UJC08UYL,ᴼᵖᵭҟe̷🥀×᷼×,0xffcb5aff,28000330,1199,148,🧀MUSSARELOS✨
148,#JGCCGY80,prostislavv,0xffff9727,28000042,1199,149,BOBR gaming
149,#YJG9GQLY8,BS|☔bobo13ツ,0xff4ddba2,28000348,1199,150,TGE Esport
150,#80UQP9UYR,え𝚟𝚎𝚗𝚘𝚡ツ,0xffffffff,28000139,1199,151,No Mercy
151,#8JQPJ2Q2C,banana:(,0xffa2e3fe,28000044,1199,152,Kiwithatgame
152,#P28J9J8QP,🌴HM| Pacify ツ,0xfff9c908,28000272,1199,153,🌴|<c3>HM</c>
153,#PPVQ9YPV,愛~ConradZ⛯,0xff4ddba2,28000294,1199,154,Spike lovers 💚
154,#P82RQR2PY,独|$weetRevenge〽,0xffffffff,28000018,1199,155,LaWs Controll
155,#2QCVLV2Q,Psychopant💧,0xffff8afb,28000334,1199,156,7 Dwarves
156,#98P92U0UU,ARX|Numan,0xfff9c908,28000047,1196,157,
157,#2J2U29V8V,suraj,0xff4ddba2,28000302,1193,158,Trashmeta
158,#QRU0L0U,🐬ꜱᴏᴋʀᴀᴍ 🜲,0xff1ba5f5,28000201,1191,159,CONEXIÓN
159,#8J00YVPY9,AgEnT|【尺ㄖ几几ㄚ】,0xffcb5aff,28000095,1189,160,ŁŞƬ☘️
160,#29CVP0V9U,Almighty Push💐,0xffcb5aff,28000335,1189,161,Beyond Champs
161,#PLQ0QRVQL,FMG | Flashᴷⁱⁿᴳ,0xffffffff,28000139,1187,162,ZETA|DIVISION'S
162,#9299LP2P,雷神Fotzsi™,0xffcb5aff,28000336,1187,163,Phoenix Coffee
163,#2JVJLQ0UR,Shoot the moon,0xffffffff,28000207,1187,164,ブリリアントぶた劇場
164,#9P2CUYJ8P,Scared,0xff4ddba2,28000167,1187,165,
165,#8Y2Y0GYYG,与田祐希𓃵,0xfff9c908,28000240,1186,166,Cipher Pol
166,#2920V8Y99,RAJPUT THE KING,0xffffffff,28000280,1184,167,Radiance
167,#2J2JQGLV,• Yan ❄,0xffff9727,28000104,1183,168,Easy Ltda
168,#2Y2Y99GQR,VizeZ,0xffffffff,28000230,1183,169,Ex0tic-E-Sport
169,#8LQQCCPRG,MyS|Efim👾,0xffa8e132,28000101,1180,170,Quant ESports🐾
170,#802VG829,LuRkz🩵Sq,0xffff8afb,28000014,1179,171,Demise 🥀
171,#PCJV8PCP2,SEKHON SAN,0xffff8afb,28000224,1178,172,<c0>IMPACT</c>
172,#GY80YCCGR,Shn1ksナ,0xffffffff,28000265,1173,173,Lose?
173,#VGLY2G88,はRyuji🍢,0xffffce89,28000247,1172,174,
174,#99GJPU9JU,RennyKeoo,0xffff8afb,28000097,1171,175,Super Troopers
175,#2CY02V8QP,⚔️Jester⚔️,0xffa2e3fe,28000295,1170,176,CSM Eclipse
176,#2YQVRL99J,ℝ𝕊|𝑅𝑦𝑤𝑡𝑜™,0xffa2e3fe,28000302,1165,177,LaViejaSchool
177,#89JJV992Y,ZL|caldera,0xfff9775d,28000040,1164,178,めろんぱん食堂
178,#2VYYGUUJQ,𝕓𝕠𝕠𝕤𝕥,0xffff9727,28000215,1164,179,Bibi Elite💜
179,#CPPV2PQG,MeliodasBot🐐,0xffa8e132,28000006,1162,180,No Mercy
180,#PQPR2GQGJ,MatCha✈️,0xffcb5aff,28000014,1161,181,HK瘋
181,#CJV2PJ0R,SK | Yoshi,0xffcb5aff,28000135,1160,182,Yoshi Fans
182,#8URCLRY8,球隊|RoUND🌠,0xfff9c908,28000061,1160,183,My social media
183,#CJP08CU0,Uriel,0xffffffff,28000135,1160,184,Brawl King's
184,#V888YPGU,IME|Minepro,0xfff9c908,28000164,1159,185,Invincible
185,#P8RQ90UY9,FMG | Vitorᴷⁱⁿᴳ,0xffffce89,28000349,1157,186,Ex0tic-E-Sport
186,#9RU08UCQL,Sheremeta=),0xffcb5aff,28000139,1157,187,WeGamers
187,#828UVY2L9,AbdeL🌹,0xff1ba5f5,28000011,1157,188,GoatLife
188,#9QJRGLU8Q,❦Ƭρ/ทigђƬ_ખѳℓԲ❦,0xfff9c908,28000345,1157,189,★the Players★
189,#989L0928Q,L1S|Sufiyan❦,0xff1ba5f5,28000033,1156,190,IMMORTAL SOULS
190,#22PJGVJYJ,히치Luxito🥀,0xffffffff,28000321,1156,191,No Mercy
191,#8RQ00LYUC,DA|ᴀꜱᴛʀᴀ🕊🥀,0xffff8afb,28000018,1154,192,"""DA-MARRIOT"""
192,#8QPQUJUPU,Sacrifício,0xfff05637,28000014,1153,193,[™BLIND™]
193,#JL0VYP0C,❄️Alexi☃️,0xffff8afb,28000194,1153,194,tontonflingueur
194,#2JJGQPYLG,joaxis.<3,0xffffffff,28000095,1153,195,Elite Saiyan🔱
195,#P2G8CUUPU,August🥷,0xffffffff,28000241,1152,196,BC*|Family*
196,#220PGLU02,家|𝑴𝒆𝒎𝒆𝒏ϟ,0xffa8e132,28000163,1151,197,You and me 💜
197,#GGVQ8J2C,ARX|Onur,0xffffffff,28000167,1151,198,Türk Milleti
198,#2VRYRLG,Savage Shelly,0xff1ba5f5,28000003,1150,199,SavageSolo+
199,#PQ09LC889,sinaayy🤍kアナー,0xffff8afb,28000196,1150,200,luv sinayy.🤍🪽
