,tag,name,nameColor,icon,trophies,rank,club
0,#20L88L2J,FUT | LeNain,0xffff8afb,28000321,1502,1,A Few Good Men
1,#VL0GPPJV,Physic Gear 5,0xfff9c908,28000014,1499,2,Eclipse 🌖
2,#92VJ8VQUP,🔥an_hayp🔥,0xfff05637,28000047,1422,3,
3,#GRLUYG0R,NiceShøt 🌓,0xffcb5aff,28000347,1350,4,Ex0tic-E-Sport
4,#PL2P020J8,Núbis Gear 4,0xffffffff,28000317,1349,5,GamePlay D
5,#28QV8YJRP,༄Zeή͢͢͢yc♛,0xffff8afb,28000321,1349,6,AFGMela
6,#8LQ9JR82,Code: Eqwaak,0xfff9c908,28000004,1349,7,A Few Good Men
7,#2PGGR8Y9P,Asuna Yuuki,0xff1ba5f5,28000201,1325,8,Follow?
8,#2R8UYJYPC,Twinkle🪄︎︎れお,0xff1ba5f5,28000006,1315,9,fake ring…♡
9,#8GV2CP2J8,☔ZORLU☔,0xffcb5aff,28000003,1305,10,<c0>ＬＯＮＥＬＹ★</c>
10,#2GYY989GU,あ|Nouggetシ🦋,0xffa8e132,28000075,1303,11,VV eSport
11,#QGC9JGLVY,〆𝓝𝓾𝓫𝓪𝔁🎈,0xffff9727,28000343,1303,12,TikTok : nubaxx
12,#VYGVV08Q,🍅domates,0xffffffff,28000261,1303,13,
13,#80GPQ2RGP,薙| Juice🧃,0xff4ddba2,28000337,1303,14,Tribe Turkey
14,#JQVQYVY,Code: VTzim 🌑,0xffff8afb,28000339,1302,15,Eclipse 🌖
15,#QR2GC8V,BKB|❄IC£CRØW❄,0xfff9c908,28000348,1302,16,Tribe Turkey
16,#P9YCRRRVL,Zelephh,0xff1ba5f5,28000123,1299,17,Brawl Kings
17,#URG2PY00,Zay,0xffffffff,28000333,1299,18,Beyond Alpha
18,#9G0CJPJPY,Taha♛,0xffcb5aff,28000170,1261,19,GOOD BYE TAHA
19,#9QC02VJV8,nyx1k?🤍ニックス,0xffffffff,28000137,1254,20,Lost Hell
20,#2JUCGCR9L,ÜMÂ.유마❦,0xff1ba5f5,28000125,1254,21,Relax❦
21,#J8LYYQ0J,Gamer Egg,0xfff05637,28000023,1253,22,II Omega
22,#8VQ08LVLU,❤️🌑SHIVAM🌕💛,0xffa8e132,28000003,1253,23,DEMONS PARADISE
23,#LVQLJLPRU,GreenDAY🦠💚,0xffa8e132,28000323,1253,24,ずっと昼間でいいのに
24,#2ULUP8VG9,ぜ|КеКzzz🌖,0xffff9727,28000003,1253,25,ᴅᴀɪʟʏ
25,#8JLRVYRU,- NOZÉ -,0xffa8e132,28000194,1253,26,★the Players★
26,#889VRC0QJ,🦅|Matheo>.<,0xffffffff,28000197,1253,27,
27,#Q2JVVRJVJ,tengo novia🥰,0xffffffff,28000075,1253,28,
28,#PVL82C90C,Rōninz|Ghost👻,0xffffffff,28000000,1253,29,Rōninz Esports
29,#Y0GLYCYVY,Maho❤️🔥,0xff1ba5f5,28000129,1253,30,<c0>ＬＯＮＥＬＹ★</c>
30,#92C08YG00,愛~Not HumanZ❖,0xffff9727,28000033,1252,31,HeadShoterZ💣
31,#2UJQQ0YL,TOC,0xfff9c908,28000212,1252,32,anyway🤷🏻‍♂️
32,#QUUGLJGQC,ᴡɪɴᴄʜᴇsᴛᴇʀ♡,0xffcb5aff,28000014,1252,33,Lost Hell
33,#JJ09PC0P,AoC|vegeta🌷,0xffa8e132,28000115,1252,34,octos
34,#GLUPGRVUP,Kotuk🐱,0xffff8afb,28000299,1252,35,Masterpiece❤‍🩹
35,#PRQGVULVQ,iAlmaaaazik🥺,0xffffffff,28000135,1252,36,KingdomRush
36,#JPGRR9UV,Bowserr🥷被,0xff1ba5f5,28000206,1252,37,Brawl King's
37,#LUJYJUR0L,〇〇マン2号,0xffa2e3fe,28000241,1252,38,Excellent🏆
38,#P99QGPLU2,Davex,0xffffce89,28000129,1252,39,Brawl King's
39,#V2Q080UU,Valembeau💜,0xffcb5aff,28000035,1252,40,A Few Clown Men
40,#8R99PJ890,xSkylasz•,0xffff9727,28000321,1252,41,Vitality
41,#980GJCYVQ,⭐GG|AMJAD☔☄,0xff4ddba2,28000341,1251,42,OG Mute
42,#2CQ9008JV,けちまる〜♬おぅおぅ⤴︎,0xffffce89,28000035,1251,43,Uchronia
43,#LRLQPU09,Quantic 🌵,0xffa8e132,28000284,1251,44,LA Global
44,#Y88QYRPRC,₮₱ ¥¥₳₦ ₲₳ɃɌƗɆⱠ,0xfff05637,28000334,1251,45,Kings United II
45,#8R9VJLGLP,Blâex♛,0xffffffff,28000014,1251,46,YT: Murat Onat
46,#2YYL89J8G,psychc🦈,0xffffffff,28000003,1251,47,🌴|<c3>HM</c>
47,#9LY0YG9QP,を|Sed🍀,0xffa8e132,28000197,1251,48,DragonArmy
48,#P9UVCQ2U2,Amazing,0xffff8afb,28000337,1251,49,help ranks
49,#PRUCG288Y,•☆Fynn冬,0xffff8afb,28000317,1251,50,BC*|Family*
50,#2Q2JQURJR,あSerhâtt❤️‍🔥,0xff1ba5f5,28000297,1251,51,NHY E-SporTS
51,#JP9P0LJG,Byrox❤️‍🩹Xorox,0xff1ba5f5,28000302,1251,52,ᴅᴀɪʟʏ
52,#YRUP8VJ,あ|ADITYA 🥀,0xffff9727,28000151,1250,53,PAK CHAMPS
53,#VPGGUU9U,|🌬ŦƤ⋆SsnıɔıuıΛ,0xff1ba5f5,28000243,1250,54,★the Players★
54,#RY0GVQ2U,Daisy❦ⁿᵃᵐᵉ,0xff1ba5f5,28000347,1250,55,Illusion Gaming
55,#Y890CGQGP,м͢єͥϲͣнͫαˢᵘʳᵍᵉ,0xffff9727,28000090,1250,56,PUNCH BR
56,#GP2Q0L92Y,다이너 저격수,0xffffce89,28000198,1250,57,ブリリアントぶた劇場
57,#P0L9Y2P8,在地上爬的小小蟲011,0xffffffff,28000000,1250,58,<c7>幹嘛偷看我個資</c>
58,#82LRGLQ02,あ| 𝓕𝓪𝓱𝓪𝓓🥀,0xff1ba5f5,28000283,1250,59,OG Mute
59,#Y9R9JPVPU,Xelium A🩸,0xffffffff,28000029,1250,60,
60,#8LLJ92VQ,あ| 𝓐𝓱𝓶𝓮𝓓🥀,0xff1ba5f5,28000349,1250,61,OG Mute
61,#9GJGLCVYG,TRX|神|PHANTOM,0xfff05637,28000000,1250,62,<c0>RETIRED</c>
62,#QUYCVC2,STMN | sans,0xffa8e132,28000136,1250,63,STMN Esports
63,#PYJLL2QQL,たか/みく推し🎧❄️,0xff1ba5f5,28000334,1250,64,めろんぱん食堂
64,#GUUGV89GG,𝐊𝐒|𝐬𝐚𝐲𝐥𝐢,0xffcb5aff,28000156,1250,65,KS FRENCH
65,#82GC0CU8,XP|beko🦊,0xffff9727,28000223,1250,66,
66,#PRC8P8989,↯︎Vertex | 地和↯︎,0xffffffff,28000071,1250,67,キングダム乱
67,#JRYLGVYV,QLS|Glory™️,0xffff9727,28000132,1250,68,Ex0tic-E-Sport
68,#QRUQQLV0,Code: Nukleo,0xffa8e132,28000186,1250,69,LA Instinct
69,#22CL00PG0,ZETA | Nowy297,0xffffffff,28000164,1249,70,A Few Good Men
70,#YQUQUUG,Ferlol,0xff1ba5f5,28000294,1249,71,minuta:3
71,#22LQGCYUP,Pumm,0xffffffff,28000118,1249,72,Quinx Academy
72,#PJ9JCYLCQ,猿|Epic🐒,0xff1ba5f5,28000069,1249,73,Ex0tic-E-Sport
73,#222QGJPLU,𝙴𝙶𝙾|𝙼𝚛𝚝🫀,0xffffffff,28000230,1249,74,
74,#8J98RQJY0,HowToLive🕊️,0xffffffff,28000341,1249,75,Lord dragon
75,#8JQGCVRG2,"m.ghost👻/""♪",0xfff05637,28000151,1249,76,
76,#2CC9QLGYY,我|Scripter 🔥,0xff1ba5f5,28000231,1249,77,TL|Team Luzou
77,#YJ9GJQL,亜前|ᗰᗩᑭI᙭᙭,0xfff9c908,28000219,1249,78,Beyond Reality
78,#J8UR8002,SKC | Prozy,0xffa8e132,28000029,1249,79,Emi's bar 🍻
79,#9UG08PQUY,xSkywalker🦋ま,0xff1ba5f5,28000135,1249,80,Quant ESports🐾
80,#P8RQ90UY9,FMG | Vitorᴷⁱⁿᴳ,0xffffce89,28000349,1249,81,Ex0tic-E-Sport
81,#GQ9LYYUR9,ジャスティン💘👅,0xffff8afb,28000188,1249,82,walener
82,#88G2QJULP,†Sᴋʏχᴳᵒᵈ ×͜×,0xffcb5aff,28000291,1249,83,★the Players★
83,#QL9G8JR8C,KY,0xfff9c908,28000267,1249,84,<c5>ぽんみちょった</c>
84,#Y8082RLP,ł̇₵Ɇ ₥ØⱤ₮ł₴,0xfff9c908,28000262,1249,85,
85,#9VU9R2LY,Terry!,0xffffffff,28000081,1249,86,✌️✌️✌️
86,#22PJGVJYJ,히치Luxito🥀,0xffffffff,28000321,1249,87,No Mercy
87,#QRU0L0U,🐬ꜱᴏᴋʀᴀᴍ 🜲,0xff1ba5f5,28000201,1249,88,CONEXIÓN
88,#8URCLRY8,球隊|RoUND🌠,0xfff9c908,28000061,1249,89,My social media
89,#202QJ9V8,⚘Polar🌕,0xffffce89,28000175,1249,90,United Stars ✨
90,#YGQYGCR,Portox😡,0xff1ba5f5,28000191,1249,91,Blue Label
91,#209JLGQ0V,×R͢ᴀɴɢᴀᵒᵖ🖤,0xffffffff,28000139,1249,92,Elite Saiyan🔱
92,#PLCPU928R,ØFFŁÎŃÈ,0xff1ba5f5,28000019,1249,93,.....
93,#8LQQCCPRG,MyS|Efim👾,0xffa8e132,28000101,1249,94,Quant ESports🐾
94,#LP8QV80Q,CM|Fly🖤,0xffcb5aff,28000137,1249,95,Showdown💔Kings
95,#89Y080YYQ,MyS|Xenord🤍вн$,0xffffffff,28000243,1249,96,La Piraterie🏴‍
96,#2UYJV98J2,all 1500🏆,0xffffffff,28000000,1249,97,
97,#8Y082R2GG,추카|RapZ ✶,0xffff9727,28000211,1249,98,Beyond Swift
98,#9RRQYPY8Q,𝑷𝒐𝒕𝒆𝒎𝒆𝒏☃,0xff1ba5f5,28000339,1249,99,めろんぱん食堂
99,#YY9PPLQL9,Yume𓅦,0xff4ddba2,28000149,1249,100,Cipher Pol
100,#2LYRCQ8CU,Ethan🐬,0xffffce89,28000241,1249,101,Demise 🥀
101,#20YJ9PLLV,ま|Shadows • 💫,0xffffffff,28000041,1249,102,what happened
102,#90RQYP98U,♡•bestie•♡🧸,0xffa2e3fe,28000221,1249,103,7 Dwarves
103,#20P2GP99,Ducky🐝,0xffa8e132,28000136,1249,104,NA Friends
104,#Y2QGGY29,Born to Live♡,0xffffffff,28000254,1249,105,LaWs Controll
105,#QGLCPJ2J,Ansel,0xff1ba5f5,28000014,1249,106,CHEESEFOREVAR
106,#C820RVVY,あべどっぐ🐶❤️,0xfff05637,28000090,1249,107,ホネルトンズ
107,#P8U8JQLG,感|WarMan⚔️,0xff1ba5f5,28000148,1249,108,OG Mute
108,#8YQ9VJYYV,𝑬𝑮𝑶|Enigma🌠,0xfff9c908,28000258,1249,109,
109,#2LR22JC9V,𝑻𝒐𝒃𝒊😮‍💨❤️,0xffa2e3fe,28000272,1249,110,BMW M5 F90.COMP
110,#90LPVYVUP,Yusuf♛,0xffffffff,28000112,1249,111,SALDİM
111,#2LJ9QCCL,tedd💞💞,0xffffffff,28000112,1249,112,
112,#8PVJR8V2V,Raphaxzz ぎ,0xffff8afb,28000348,1249,113,The Crias🐉
113,#LVJP8U9L,愛FᴀɴDᴏAʟᴘʜᴀᴼᵖ❤️,0xffffffff,28000279,1249,114,
114,#LR08G9C8,BC*| Kubaba♡,0xffff8afb,28000008,1249,115,BC*|Family*
115,#GY80YCCGR,Shn1ksナ,0xffffffff,28000265,1249,116,Lose?
116,#8JGPPVY8G,L1S|ITACHI❦,0xfff9c908,28000132,1249,117,Katze 🐱🐈
117,#QURRQP0JY,ϟWaskøv々™,0xffffffff,28000004,1249,118,
118,#8PJRRG2C,SK|GuilleVGX,0xffa8e132,28000099,1248,119,CONEXIÓN
119,#202GJJR28,Doritos 🐉,0xffffffff,28000341,1245,120,BRZ Storm🏆
120,#9JCRLGG8G,まさめぇ¿,0xfff9c908,28000018,1245,121,たつきすねげ
121,#8QY2Y80CG,godikk❤️‍🔥,0xffcb5aff,28000014,1243,122,Ex0tic-E-Sport
122,#8UUJVVJGQ,jonh,0xfff9c908,28000053,1241,123,BS LEGENDS
123,#P22J8JP8,ZETA | BADBOY,0xffff9727,28000284,1237,124,No Mercy
124,#CJP08CU0,Uriel,0xffffffff,28000135,1222,125,Brawl King's
125,#20CJVQQYU,[₮₱] ₱ɆⱠ₳Ɖ₳Ø,0xffcb5aff,28000291,1221,126,★the Players★
126,#PC9LPPYV,Nico❤️Heys,0xff1ba5f5,28000196,1221,127,No Mercy
127,#PCQP2LY0V,€nub¥guga₩,0xffffffff,28000000,1221,128,PusH ReVeRsO 🥵
128,#989L0928Q,L1S|Sufiyan❦,0xff1ba5f5,28000033,1220,129,IMMORTAL SOULS
129,#YRJJ29V9P,エドワード•ニューゲート,0xff1ba5f5,28000196,1219,130,❦𝕶𝕽|𝕭𝖊𝖆𝖙ஐ
130,#YLV8CL0R,Astaaaa❤️‍🔥😈,0xff4ddba2,28000347,1215,131,Tribe Turkey
131,#8QJ0YUV8Q,千 | Kai,0xffa8e132,28000018,1215,132,Beyond Swift
132,#8VP882CR2,♡Mr_ido♡,0xffcb5aff,28000041,1213,133,Tribe Turkey
133,#P0L99Y092,🎆NINJAGAMER🎆,0xffa2e3fe,28000263,1211,134,OverPowers
134,#209G0UUGY,Ylli🐬,0xffff8afb,28000321,1209,135,Tribe Gaming NA
135,#L2VPY80L,imply❤️‍🔥,0xff1ba5f5,28000162,1204,136,<c0>PWNZ</c>
136,#QPPLJC8,Sᴀʏғғ❤️‍🔥,0xffff9727,28000263,1204,137,FUT ESPORTS
137,#2CUVC2L9U,たこ焼き,0xffff9727,28000122,1204,138,Venus
138,#8UQ9GQJJ,↝𝑉𝑖𝑝𝑒𝑟⍨꙳,0xff4ddba2,28000272,1204,139,めろんぱん食堂
139,#PPLG2CVJR,ももめろでぃ🥀,0xffa2e3fe,28000287,1203,140,フランケンしか勝たん🥹🎀
140,#8C0PLGQRV,Duo♡nubik,0xff4ddba2,28000254,1203,141,Quant ESports🐾
141,#UR02VU99,TwG | Minato,0xff1ba5f5,28000335,1203,142,Twig Elite
142,#80PC2QJCR,❥Hazzēиs✧,0xff1ba5f5,28000348,1203,143,7 Dwarves
143,#PJ0GRPR8,FirEyal 🕯️,0xffff9727,28000020,1203,144,Brawl Kings
144,#CGQCYJGY,TTV | SnakeThug,0xfff9c908,28000341,1203,145,Deadly Vipers🐍
145,#PQJVG9LG2,REX Kai💫🥀,0xff1ba5f5,28000110,1203,146,REX💫
146,#2RJLYQQ8C,紜💛,0xffa2e3fe,28000062,1203,147,🌴<c5>|HM</c>
147,#PYGR8CPJ2,〆ϻɪs͢τɪӄ🩸,0xfff9c908,28000018,1203,148,Spain4Win
148,#2YPC2LL02,RV|kakawo,0xfff9c908,28000300,1203,149,RV
149,#2QLJPQP0Y,🍁OR|tako🍄,0xffcb5aff,28000233,1203,150,ゴロ寝帝国
150,#90V9VYJ8C,しょうけい,0xfff05637,28000242,1203,151,なかよし部
151,#PYPQUG80,Zava💞Sunfote,0xffff9727,28000195,1202,152,Showdown💔Kings
152,#RVLQ0VUR,风暴|kerem🎃,0xffff9727,28000257,1202,153,ᴅᴀɪʟʏ
153,#88RGGCVQJ,My heart in AUS,0xff4ddba2,28000092,1201,154,ハナクソタケシ
154,#8J9PPC880,𝐁𝐫𝐞𝐞𝐳𝐲❦,0xffcb5aff,28000218,1200,155,🧀MUSSARELOS✨
155,#8CVCJVVV9,Եթ Շαɱเℓα ☆*❥⃝*,0xffff9727,28000302,1200,156,★the Players★
156,#G99CYGL,𝒁𝒂𝒊𝒌𝒐❄️,0xff4ddba2,28000194,1200,157,ChillOG
157,#Q9VUQ2UG9,позерочек,0xfff9c908,28000132,1200,158,оупи челики
158,#PQGR29RCL,Luna,0xff4ddba2,28000024,1200,159,TS友達の集い
159,#89JJV992Y,ZL|caldera,0xfff9775d,28000040,1199,160,めろんぱん食堂
160,#JJPY8Q0,LorenzoVGX,0xffa2e3fe,28000293,1199,161,AFGM GENESIS
161,#GGUQCG0G,KaioDog,0xffff8afb,28000349,1199,162,
162,#VUQV0ULV,𝓚𝔂𝔀𝔂,0xffcb5aff,28000031,1199,163,Beyond Fresh
163,#P8U8P8822,Eloquence¿,0xffcb5aff,28000291,1199,164,AGONY
164,#PCR9VC8GQ,⛩️|TôpG🥀,0xfff05637,28000349,1199,165,𝑶𝓜|𝓐𝑹𝑨𝑷🥀
165,#VY8R0CJV,Ax🖤,0xfff9c908,28000348,1199,166,retired
166,#2P0V0CQQ2,FG | Naipishu,0xffff8afb,28000034,1199,167,clover
167,#2QJJ2CPG,Elvis,0xfff05637,28000203,1199,168,MegaPigEnjoyers
168,#PQVUJJQJG,inquis🖤sober,0xffcb5aff,28000207,1199,169,IcedOut
169,#R92UQ2Q2,期|Khaled🥀,0xffcb5aff,28000167,1199,170,𝑶𝓜|𝓐𝑹𝑨𝑷🥀
170,#989GVG0UR,陰|₦Ї₦ℑ₳™👑,0xffa8e132,28000305,1199,171,Good Players 💫
171,#8YUV9V9YR,༺Iคᴍ༻bipppo<3,0xff1ba5f5,28000331,1199,172,minuta:3
172,#2C0CJ2QPC,KáBúS♛,0xfff9c908,28000017,1199,173,Tribe Turkey
173,#8YPU2Q9CP,valott🃏,0xfff9c908,28000023,1199,174,Venus
174,#P2VCQ0VP,たかめろでぃ🤓,0xff1ba5f5,28000151,1199,175,REX💫
175,#202RGUPUG,☆FrankensteIn☆❤,0xffcb5aff,28000170,1199,176,Quant ESports🐾
176,#29YQ0JR2Y,れい｜ray🤷🏻‍♂️,0xffa8e132,28000151,1199,177,ユーロ
177,#2RL8LGV9Q,🐼iBearQu❦︎,0xfff05637,28000352,1199,178,High Quality
178,#GRC9RRJR,TQ | Javi,0xfff9c908,28000137,1199,179,A Few Good Men
179,#2Y92C2Q8V,NOMAD|かーず。❄❄,0xfff9c908,28000119,1199,180,
180,#2920V8Y99,RAJPUT THE KING,0xffffffff,28000280,1199,181,Radiance
181,#2VQ2V99CC,MMs🌙Nemuo,0xfff9c908,28000190,1199,182,めろんぱん食堂
182,#LP2LVRRU,THALES💙BIEL,0xffffffff,28000021,1199,183,Good Game
183,#299PPJ22L,[MMA]nagibatori,0xffa2e3fe,28000235,1199,184,Showdown💔Kings
184,#JGCCGY80,prostislavv,0xffff9727,28000042,1199,185,BOBR gaming
185,#LG8PCJG8,BC*|Tex🥀,0xff4ddba2,28000122,1199,186,BC*|Family*
186,#8LC808G,Tuyu,0xff1ba5f5,28000349,1199,187,@Tuyu_Official
187,#2L9R8U0CR,AO | Anton,0xfff05637,28000304,1199,188,Vain aktiiviset
188,#P8GR8CP28,↻さー͛が↺￤Nyades!!,0xfff9775d,28000330,1199,189,Endeavor❤️‍🔥
189,#8GUPLYY,FG | Jene,0xffff8afb,28000135,1199,190,clover
190,#9LY90298P,疲 | Akuma ✘,0xfff9c908,28000061,1199,191,
191,#90UGGUY2L,愛ᴛʜᴏʀ🃏,0xffffffff,28000011,1193,192,LUA DO SOL 🌙🌒
192,#UJ9QQUU,Ojita🍃,0xfff9c908,28000176,1189,193,Moonlight 🧚🏻
193,#802VG829,LuRkz🩵Sq,0xffff8afb,28000014,1188,194,Demise 🥀
194,#C9Q0C0VQ,❦𝘿ᴀʀᴋ🖤™,0xfff9c908,28000000,1187,195,RushMax
195,#LLJ90L82G,⛩️𝒵คʰi͢͢͢⚡,0xff4ddba2,28000204,1187,196,OG Mute
196,#220PGLU02,家|𝑴𝒆𝒎𝒆𝒏ϟ,0xffa8e132,28000163,1187,197,You and me 💜
197,#28Q9PYQR2,❦Janey🧸,0xfff05637,28000347,1187,198,
198,#8888G9JG9,🥀𝐢𝐭𝐚𝐜𝐡𝐢☔,0xffff9727,28000349,1187,199,YT|CRESTALE🔥⚡
199,#2UQ22U89Q,₮₵ツɎ₳Ɽ₲łᵏᶦˡˡᵧₒᵤ,0xffcb5aff,28000135,1187,200,BC*|Family*
