,tag,name,nameColor,icon,trophies,rank,club
0,#VL0GPPJV,Physic Gear 5,0xfff9c908,28000014,1401,1,Eclipse 🌖
1,#VLQPVPY,Naz❤️Hyra,0xffff8afb,28000303,1400,2,Fenernazçe 💙💛
2,#2C9PLLUG8,Efecan|Apple♎🖤,0xffff8afb,28000321,1305,3,<c0>ＬＯＮＥＬＹ★</c>
3,#VYGVV08Q,🍅domates,0xffffffff,28000261,1303,4,
4,#JQVQYVY,Code: VTzim 🌑,0xffff8afb,28000339,1302,5,Eclipse 🌖
5,#LRLQPU09,Quantic 🌵,0xffa8e132,28000284,1301,6,LA Global
6,#8GV2CP2J8,☔ZORLU☔,0xffcb5aff,28000003,1301,7,<c0>ＬＯＮＥＬＹ★</c>
7,#2PGGR8Y9P,Asuna Yuuki,0xff1ba5f5,28000201,1299,8,Follow?
8,#Y8082RLP,ł̇₵Ɇ ₥ØⱤ₮ł₴,0xfff9c908,28000262,1259,9,
9,#92VJ8VQUP,🔥an_hayp🔥,0xfff05637,28000047,1253,10,
10,#GRLUYG0R,NiceShøt 🌓,0xffcb5aff,28000347,1252,11,Ex0tic-E-Sport
11,#PYPQUG80,Zava💞Sunfote,0xffff9727,28000195,1251,12,Showdown💔Kings
12,#RVLQ0VUR,风暴|kerem🎃,0xffff9727,28000257,1251,13,ᴅᴀɪʟʏ
13,#QR2GC8V,BKB|❄IC£CRØW❄,0xfff9c908,28000348,1251,14,Tribe Turkey
14,#20CJVQQYU,[₮₱] ₱ɆⱠ₳Ɖ₳Ø,0xffcb5aff,28000291,1249,15,★the Players★
15,#289QGVYRQ,TyM|Ârda🦁,0xffff9727,28000014,1249,16,TyM`eSports
16,#VC9P2YR,愛Aʟᴘʜᴀᴼᵖ❤,0xffff9727,28000272,1249,17,
17,#9UG08PQUY,xSkywalker🦋ま,0xff1ba5f5,28000135,1249,18,Quant ESports🐾
18,#V9QPG880,陰|Adriano ☪️,0xfff05637,28000065,1249,19,FWs Club 🌮
19,#PLCPU928R,ØFFŁÎŃÈ,0xff1ba5f5,28000019,1249,20,.....
20,#99PRPGQYC,ᴳᵒᵈD̷y̷n̷a̷🎋,0xffff9727,28000346,1249,21,🗡️| Impossible
21,#8VP882CR2,♡Mr_ido♡,0xffcb5aff,28000041,1249,22,Tribe Turkey
22,#8Y082R2GG,추카|RapZ ✶,0xffff9727,28000211,1249,23,Beyond Swift
23,#GU898VQ,Levi,0xffcb5aff,28000014,1249,24,Brawl King's
24,#90LPVYVUP,Yusuf♛,0xffffffff,28000112,1249,25,SALDİM
25,#P9UVCQ2U2,Amazing,0xffff8afb,28000337,1242,26,help ranks
26,#YRURQRPUR,Skibidi Chipz,0xff1ba5f5,28000018,1212,27,Talents
27,#Q2JVVRJVJ,tengo novia🥰,0xffffffff,28000075,1208,28,
28,#9L09YYQ8L,⛩️Panda G.m⛩️,0xffcb5aff,28000330,1204,29,HolyGuns
29,#8LLJ92VQ,あ| 𝓐𝓱𝓶𝓮𝓓🥀,0xff1ba5f5,28000349,1204,30,OG Mute
30,#P99QGPLU2,Davex,0xffffce89,28000129,1203,31,Brawl King's
31,#2PJJQV92,V3|Flamen🤍,0xffffce89,28000230,1203,32,CONEXIÓN
32,#8ULJJPYG2,Âtahan🖤Ubéyd,0xffffffff,28000333,1203,33,
33,#9U0G8JPU2,mir,0xfff9775d,28000232,1203,34,Talents
34,#8PJRRG2C,SK|GuilleVGX,0xffa8e132,28000099,1202,35,CONEXIÓN
35,#CGQCYJGY,TTV | SnakeThug,0xfff9c908,28000341,1202,36,Deadly Vipers🐍
36,#8URCLRY8,球隊|RoUND🌠,0xfff9c908,28000061,1201,37,My social media
37,#9P2CUYJ8P,Scared,0xff4ddba2,28000167,1200,38,
38,#QRUQQLV0,Code: Nukleo,0xffa8e132,28000186,1200,39,LA Instinct
39,#YY9PPLQL9,Yume𓅦,0xff4ddba2,28000149,1199,40,Cipher Pol
40,#20P2GP99,Ducky🐝,0xffa8e132,28000136,1199,41,NA Friends
41,#29V0GUG8,BATATINHA,0xff1ba5f5,28000156,1199,42,
42,#8PJ8Y8Y,uncivil :p,0xff1ba5f5,28000322,1199,43,Elite Saiyan🔱
43,#JGCCGY80,prostislavv,0xffff9727,28000042,1199,44,BOBR gaming
44,#8LQ9JR82,Code: Eqwaak,0xfff9c908,28000004,1199,45,A Few Good Men
45,#29L028GQL,Djahsta,0xffff9727,28000306,1185,46,BC*|Family*
46,#2GJRLJ2LJ,爱|Cђrisτian🀄,0xffff8afb,28000047,1179,47,Dragon Chileno
47,#G99CYGL,𝒁𝒂𝒊𝒌𝒐❄️,0xff4ddba2,28000194,1175,48,ChillOG
48,#8P2G9PUJC,I'm right here,0xfff05637,28000095,1175,49,
49,#YGQYGCR,Portox😡,0xff1ba5f5,28000191,1171,50,Blue Label
50,#2YYL89J8G,psychc🦈,0xffffffff,28000003,1154,51,🌴|<c3>HM</c>
51,#989L0928Q,L1S|Sufiyan❦,0xff1ba5f5,28000033,1153,52,IMMORTAL SOULS
52,#2RQGVLRVG,₹GuilleX,0xffff8afb,28000036,1153,53,No Mercy
53,#8R99PJ890,xSkylasz•,0xffff9727,28000321,1152,54,Vitality
54,#8Y2Y0GYYG,与田祐希𓃵,0xfff9c908,28000240,1149,55,Cipher Pol
55,#8YPU2Q9CP,valott🃏,0xfff9c908,28000023,1149,56,Venus
56,#YPP02G9L,Mxrf 🐝,0xff1ba5f5,28000291,1149,57,Beyond Washed
57,#2GLVR9RRQ,who asked? hoyl,0xfff9c908,28000014,1149,58,HolyPower
58,#9QCJPL20,Golden Kawaii🌕,0xffffce89,28000045,1149,59,Eclipse 🌖
59,#GLUPGRVUP,Kotuk🐱,0xffff8afb,28000299,1147,60,Masterpiece❤‍🩹
60,#2Y2Y99GQR,VizeZ,0xffffffff,28000230,1145,61,Ex0tic-E-Sport
61,#9VU9R2LY,Terry!,0xffffffff,28000081,1144,62,✌️✌️✌️
62,#GV9GRLJJ,Counter,0xffff9727,28000265,1144,63,NA Friends
63,#J0L2Q0U0,Jayden🩵,0xff4ddba2,28000256,1137,64,辛蒂的小跟班們❤️
64,#PC9LPPYV,Nico❤️Heys,0xff1ba5f5,28000196,1136,65,No Mercy
65,#GVQUYG90,Shattered ⟡,0xffffffff,28000000,1132,66,7 Dwarves
66,#PR9U2JL,Juan Carlos,0xffffffff,28000119,1125,67,Humble Grinders
67,#8QY2Y80CG,godikk❤️‍🔥,0xffcb5aff,28000014,1123,68,Ex0tic-E-Sport
68,#9J2JLUR8G,Aspect 🃏,0xffffffff,28000304,1120,69,7 Dwarves
69,#802VG829,LuRkz🩵Sq,0xffff8afb,28000014,1119,70,Demise 🥀
70,#CPPV2PQG,MeliodasBot🐐,0xffa8e132,28000006,1116,71,No Mercy
71,#2JYGUYUG,AAMIR LORD,0xffffffff,28000207,1116,72,CHEESEFOREVAR
72,#VGLY2G88,はRyuji🍢,0xffffce89,28000247,1112,73,
73,#8LYQPLP29,🖤MKZ🖤,0xffffffff,28000032,1111,74,ᴅᴀɪʟʏ
74,#2J2PJ0UV,ikarosita,0xffa8e132,28000136,1109,75,Humble Grinders
75,#9QJGLJJ8,YoungMartinez,0xfff9c908,28000004,1108,76,Ghost Team👻☔
76,#8LC808G,Tuyu,0xff1ba5f5,28000349,1108,77,@Tuyu_Official
77,#J8UR8002,SKC | Prozy,0xffa8e132,28000029,1107,78,Emi's bar 🍻
78,#J99YU9QY,KuruNero🐬,0xff1ba5f5,28000264,1106,79,Cipher Pol
79,#9VP2R0P9,ToxicZan,0xff1ba5f5,28000352,1104,80,Real Ones
80,#209G0UUGY,Ylli🐬,0xffff8afb,28000321,1104,81,Tribe Gaming NA
81,#YQLP8LP8,Gral. Loko 🪖,0xfff05637,28000305,1104,82,Las Diablitas🧘
82,#20CQLYP2C,TBEjason,0xffff8afb,28000336,1104,83,Brawl King's
83,#2QJJ2CPG,Elvis,0xfff05637,28000203,1104,84,MegaPigEnjoyers
84,#220PGLU02,家|𝑴𝒆𝒎𝒆𝒏ϟ,0xffa8e132,28000163,1104,85,You and me 💜
85,#YR89G8GQL,TheGoatLuca 🌴,0xffff8afb,28000244,1104,86,Prime Is Coming
86,#82UCLY9C8,Kronos🇧🇷,0xffff8afb,28000029,1104,87,Brawl King's
87,#JV2L02VV,SíJaauaq,0xffff8afb,28000303,1104,88,
88,#2UYJV98J2,all 1500🏆,0xffffffff,28000000,1104,89,
89,#Q0VP0JP8,玄Ghost🎴,0xffa8e132,28000167,1104,90,Dr eSports
90,#RRVVPG2Y,Brosta卡拉,0xff1ba5f5,28000206,1104,91,vMoove
91,#2RL8LGV9Q,🐼iBearQu❦︎,0xfff05637,28000352,1104,92,High Quality
92,#90RQYP98U,♡•bestie•♡🧸,0xffa2e3fe,28000221,1104,93,7 Dwarves
93,#V2Q080UU,Valembeau💜,0xffcb5aff,28000035,1104,94,A Few Clown Men
94,#GRCYVRJG,Edgar🤍æ,0xffff9727,28000176,1104,95,7 Dwarves
95,#80UQP9UYR,え𝚟𝚎𝚗𝚘𝚡ツ,0xffffffff,28000139,1104,96,No Mercy
96,#QLCJGQUP,BOH|Diego💚Wolf,0xff4ddba2,28000320,1104,97,7 Dwarves
97,#9L0UQRPJJ,İRONMAN,0xffcb5aff,28000314,1104,98,₮Ɽ₩`eSports
98,#P2RVQ90L9,🖤ŠįŁ3Ñt🥀,0xffcb5aff,28000183,1104,99,Invincible
99,#9P98UCUV,Eydan,0xffff8afb,28000247,1104,100,Beyond Champs
100,#99YL0PV9V,𝐍𝐓|𝐋𝐮𝐢𝐬𝐮,0xffffce89,28000349,1104,101,✌️✌️✌️
101,#2QCVLV2Q,Psychopant💧,0xffff8afb,28000334,1104,102,7 Dwarves
102,#YQUQUUG,Ferlol,0xff1ba5f5,28000294,1103,103,minuta:3
103,#8R99QVPYQ,YT|Gunnar BS,0xffffffff,28000334,1103,104,Ash's Club
104,#88RGGCVQJ,My heart in AUS,0xff4ddba2,28000092,1103,105,ハナクソタケシ
105,#9GVGY29QC,Human核能,0xff1ba5f5,28000272,1103,106,Tribe Turkey
106,#8QPQUJUPU,Sacrifício,0xfff05637,28000014,1103,107,[™BLIND™]
107,#2RJL8PGUV,TRW|Corwas🥶,0xff1ba5f5,28000162,1103,108,Turkish Shadow
108,#280RJ92JC,ExP |BloocK,0xfff9c908,28000242,1103,109,CONEXIÓN
109,#9G0CJPJPY,Taha♛,0xffcb5aff,28000170,1103,110,GOOD BYE TAHA
110,#QUYCVC2,STMN | sans,0xffa8e132,28000136,1103,111,STMN Esports
111,#R2R2JV9C,S4W|Aste❤️‍🔥,0xffff8afb,28000214,1103,112,Spain4Win
112,#CLV890QQ,Mêrt💞🔥,0xfff05637,28000140,1103,113,RAXENS~
113,#GJ9PLGPL,ReSn|Snake🐍,0xff4ddba2,28000101,1103,114,Lose?
114,#8UYQRLQQV,Cwowお,0xffa8e132,28000331,1102,115,InTeamRasur
115,#P8RQ90UY9,FMG | Vitorᴷⁱⁿᴳ,0xffffce89,28000349,1102,116,Ex0tic-E-Sport
116,#2RJLYQQ8C,紜💛,0xffa2e3fe,28000062,1102,117,🌴<c5>|HM</c>
117,#PP8URGQL8,J. Álvarez ⁹🕷️,0xff1ba5f5,28000139,1102,118,Emi's bar 🍻
118,#82GC0CU8,XP|beko🦊,0xffff9727,28000223,1102,119,
119,#2YCR9RLCJ,Tris🍃,0xffcb5aff,28000095,1102,120,
120,#8Y98Q8U,CR | Sitetampo,0xffff8afb,28000014,1101,121,A Few Good Men
121,#QPJ2VG8C8,Dragon 🐊,0xff1ba5f5,28000014,1101,122,Real Ones
122,#PRP9UGU9Q,ZL|Chaser!,0xffcb5aff,28000297,1101,123,✌️✌️✌️
123,#22PJGVJYJ,히치Luxito🥀,0xffffffff,28000321,1101,124,No Mercy
124,#2P2URUV8G,Foncho,0xffcb5aff,28000209,1101,125,Dragon Chileno
125,#CG0YQP2C,Bavioツんﾌﾒ,0xffffffff,28000014,1101,126,Arab Empire
126,#28CVQGURJ,kxrtofvl,0xffffffff,28000061,1101,127,UNDERDOG 🇵🇱
127,#2082JRYUV,GooD•G,0xffcb5aff,28000033,1101,128,<c5>Just Us</c>
128,#CJP08CU0,Uriel,0xffffffff,28000135,1101,129,Brawl King's
129,#9GVQQ2VJL,𝑳𝒊𝒈𝒉𝒕❦,0xffffffff,28000097,1101,130,Easy Ltda
130,#QR90UY9L,Lipe❤️Pandora,0xffff9727,28000203,1101,131,Revenge Gaming
131,#Y22RU8YQ2,Seis,0xffcb5aff,28000159,1101,132,Brawl King's
132,#9YCVC8RQL,Hahn🧸❤️‍🔥,0xffffce89,28000272,1100,133,Dog Walkers
133,#89JJV992Y,ZL|caldera,0xfff9775d,28000040,1100,134,めろんぱん食堂
134,#8Q80P982R,𝐍𝐓|𝐀𝐚𝐫𝐮,0xffffce89,28000303,1100,135,✌️✌️✌️
135,#82PQUPGU0,Ryohei🐬,0xff1ba5f5,28000240,1100,136,数え役満🀄️
136,#QRU0L0U,🐬ꜱᴏᴋʀᴀᴍ 🜲,0xff1ba5f5,28000201,1100,137,CONEXIÓN
137,#82LRGLQ02,あ| 𝓕𝓪𝓱𝓪𝓓🥀,0xff1ba5f5,28000283,1100,138,OG Mute
138,#2RJ0UJCU0,FMG|LuisOMGᴷⁱⁿᴳ,0xfff9c908,28000139,1100,139,ZETA|DIVISION'S
139,#82GPP9LQ,BC*| Tobi🍉,0xff1ba5f5,28000303,1100,140,BC*|Family*
140,#2VV02GQ2C,RNT | Prime,0xff1ba5f5,28000044,1100,141,Imperial
141,#QJULVGU,QLS | Edinho,0xff1ba5f5,28000194,1100,142,Ghost Team👻☔
142,#29CVP0V9U,Almighty Push💐,0xffcb5aff,28000335,1100,143,Beyond Champs
143,#UVVULJUQ,AG |Luis Miguel,0xfff05637,28000290,1100,144,LitheX🐢
144,#8GUPLYY,FG | Jene,0xffff8afb,28000135,1100,145,clover
145,#2CRRRRYJR,моё,0xfff9c908,28000213,1100,146,✌️✌️✌️
146,#29Q0GJR,Gene♆,0xff1ba5f5,28000122,1099,147,Real Ones
147,#P0YG02Q8,MG | Abhishek,0xffff9727,28000018,1099,148,IMMORTAL SOULS
148,#GG8RL2CP,Kevin❤️‍🔥,0xffffffff,28000135,1099,149,……
149,#LRJ9YYQL,☞Տӈᴀ⚜ᴅᴏΧ๛,0xffffce89,28000014,1099,150,CONEXIÓN
150,#8PP8UGCL0,♠️💜Emerson💜♠️,0xffa8e132,28000333,1099,151,WOLFMX
151,#Q9CLRLQYL,Cu6ickk,0xffa2e3fe,28000132,1099,152,topi
152,#8CRC9QUY9,팀원 버스타는Daye🤱,0xfff9c908,28000124,1099,153,<c1>BBOBBY</c>
153,#PUJ8JCU2P,ѕυηѕє∂なさた🥷🤍,0xffff9727,28000337,1099,154,NA|Legends❤️‍🩹
154,#PJJURPQP0,Zeton🐍❤️🐁,0xffffffff,28000122,1099,155,AFGMela
155,#PJ0GRPR8,FirEyal 🕯️,0xffff9727,28000020,1099,156,Brawl Kings
156,#2RG0LV02,STMN | Scofield,0xff4ddba2,28000136,1099,157,vMoove
157,#22C0J98GY,R.I.P | ZeUs™🔱,0xffffffff,28000341,1099,158,ŁŞƬ☘️
158,#90JCCGPGL,Georgeッ,0xffff8afb,28000081,1099,159,AFGM GENESIS
159,#28PP0C82J,YAIⓂMA_Return❕,0xffcb5aff,28000164,1099,160,<c1>BBOBBY</c>
160,#2L80JP00L,Hillen,0xffff8afb,28000335,1099,161,Ex0tic-E-Sport
161,#2P08V02Q,⛩|žwřq🥀,0xff1ba5f5,28000134,1099,162,𝑶𝓜|𝓐𝑹𝑨𝑷🥀
162,#L0PQLCLY,기롱❦(卯),0xffffce89,28000247,1099,163,<c1>BBOBBY</c>
163,#8YQV9UPRL,AvalSElguu🌫️,0xffffffff,28000331,1099,164,MEGATROLL
164,#9YP00CQPV,Aspect ↯,0xff1ba5f5,28000080,1099,165,
165,#UP29Q9C9,.Chūky.,0xffff9727,28000350,1099,166,Aubs Crew
166,#VUC2U2QC,Warn1nk;(,0xff1ba5f5,28000196,1099,167,Real Ones
167,#Y9LYC98PG,LMD🍋Aimer,0xffffffff,28000265,1099,168,たつきすねげ
168,#P029VYJ2C,Mishka🍯,0xffff9727,28000242,1099,169,HolyPower
169,#GVCV9P9Y,Smoov Chocolate,0xffff8afb,28000326,1099,170,Beyond Champs
170,#9UCUJ29C,king faheem,0xff1ba5f5,28000046,1099,171,The Revengers
171,#8RQQJ9JPP,FMG | Nandoᴷⁱⁿᴳ,0xfff9c908,28000196,1099,172,Kings United
172,#20J9PYQUY,S!imy Kazya,0xfff05637,28000110,1094,173,Cipher Pol
173,#808YCJQ0,Shafin,0xffffce89,28000339,1093,174,Mini Me’s
174,#20C80QUY9,GuGu 🌙,0xffcb5aff,28000212,1091,175,Brawl Kings
175,#8QJU2CCY,Fearless,0xffff9727,28000017,1091,176,WOLFMX
176,#22JGLCURJ,Mr. RadiuS,0xff4ddba2,28000280,1088,177,Süleyman YTB
177,#29JJCQULC,BC* |Crusher🍉,0xfff05637,28000175,1088,178,The rise
178,#CUJQRCQJ,PineappleZ,0xfff9c908,28000230,1088,179,<c5>Just Us</c>
179,#GJJQPYC9,Storm🪐,0xffcb5aff,28000345,1088,180,GAMEOVER
180,#8CJJCUY,Awa De Piña ツ,0xffa2e3fe,28000046,1088,181,WOLFMX
181,#QGG2UUV0,P4S|Kurumi,0xffcb5aff,28000014,1088,182,Real Ones
182,#29UGLJV2G,Lёvi,0xfff9c908,28000244,1088,183,✌️✌️✌️
183,#PYGR8CPJ2,〆ϻɪs͢τɪӄ🩸,0xfff9c908,28000018,1085,184,Spain4Win
184,#2LGRP0UUG,Hawks🎴,0xffa8e132,28000136,1085,185,7 Dwarves
185,#LYR0Q9C,TRB | Zoulan,0xff1ba5f5,28000138,1083,186,Tribe Gaming NA
186,#2L892GP,YAPIMARU_YT,0xffffffff,28000186,1077,187,Cipher Pol
187,#JQCV9PCV,ЯvG★Complex,0xffffffff,28000135,1077,188,Revenge Gaming
188,#PQPR2GQGJ,MatCha✈️,0xffcb5aff,28000014,1076,189,HK瘋
189,#8888G9JG9,🥀𝐢𝐭𝐚𝐜𝐡𝐢☔,0xffff9727,28000349,1075,190,YT|CRESTALE🔥⚡
190,#Y8GUL9R8J,~Bedo64🦋,0xffffffff,28000129,1071,191,SavageSolo+
191,#88QCRPLJV,Togi☁️,0xffff8afb,28000303,1070,192,7 Dwarves
192,#CLCPQ2R,Agûstin ᴹᴰᴮ,0xffffffff,28000349,1069,193,Elite Saiyan🔱
193,#2QPJQ8QRQ,bagi,0xff1ba5f5,28000335,1067,194,Brawl King's
194,#P9GRC09,히치Lucky🥀,0xffffffff,28000185,1067,195,No Mercy
195,#PY0PQ90QU,Pingou.🦅d'or,0xffffffff,28000247,1066,196,BC*|Family*
196,#8JQRQ80R8,RZ | KIEMS,0xffff9727,28000135,1065,197,FUR TEAM
197,#82JGY0UC0,_D e n,0xffcb5aff,28000244,1065,198,Импрессив
198,#2LP9RCGV,Massiel Sprou🍒,0xffff8afb,28000150,1065,199,Guerreritos
199,#22RLC0JU0,YT | BALA🍬,0xff1ba5f5,28000166,1059,200,WOLVES HUNGRY
