,tag,name,nameColor,icon,trophies,rank,club
0,#Q9YC0J0G9,Rusya🤍Bloodyハニ,0xfff9c908,28000004,1499,1,KingdomRush
1,#VLQPVPY,Naz❤️Hyra,0xffff8afb,28000303,1479,2,Fenernazçe 💙💛
2,#VL0GPPJV,Physic Gear 5,0xfff9c908,28000014,1466,3,Eclipse 🌖
3,#JQVQYVY,Code: VTzim 🌑,0xffff8afb,28000339,1453,4,Eclipse 🌖
4,#9JQYQL2Q2,𝐳Celi𝐚𝐱𝐱🤍,0xffcb5aff,28000150,1370,5,EternityCry ✨
5,#8GV2CP2J8,☔ZORLU☔,0xffcb5aff,28000003,1357,6,<c0>ＬＯＮＥＬＹ★</c>
6,#YV8U29VLY,Oh My Bibi🥵,0xffcb5aff,28000129,1317,7,❤️‍🩹
7,#QLG89YRCC,SZG|Fad17🍁,0xffffffff,28000014,1303,8,Ogorod
8,#2PGGR8Y9P,Asuna Yuuki,0xff1ba5f5,28000201,1302,9,Follow?
9,#2C9PLLUG8,Efecan|Apple♎🖤,0xffff8afb,28000321,1301,10,<c0>ＬＯＮＥＬＹ★</c>
10,#GRLUYG0R,NiceShøt 🌓,0xffcb5aff,28000347,1300,11,Ex0tic-E-Sport
11,#VYGVV08Q,🍅domates,0xffffffff,28000261,1300,12,
12,#P9UVCQ2U2,Amazing,0xffff8afb,28000337,1300,13,help ranks
13,#8QY2Y80CG,godikk❤️‍🔥,0xffcb5aff,28000014,1277,14,Ex0tic-E-Sport
14,#GRJY0J0R,SKC | Lukitas,0xfff9c908,28000244,1255,15,Emi's bar 🍻
15,#8J8G9CJVJ,CᴀʟʟMᴇ𝓩artis🦍,0xffffffff,28000150,1254,16,RK Esport
16,#92C08YG00,愛~Not HumanZ❖,0xffff9727,28000033,1253,17,HeadShoterZ💣
17,#PUJ8JCU2P,ѕυηѕє∂なさた🥷🤍,0xffff9727,28000337,1253,18,NA|Legends❤️‍🩹
18,#2GYY989GU,あ|Nouggetシ🦋,0xffa8e132,28000075,1253,19,VV eSport
19,#8RU8G89C0,Hyra,0xffcb5aff,28000021,1253,20,
20,#PQ09LC889,sinaayy🤍kアナー,0xffff8afb,28000196,1253,21,luv sinayy.🤍🪽
21,#Y9R9JPVPU,Xelium A🩸,0xffffffff,28000029,1253,22,
22,#290LJC89U,L1S|Unique❦,0xffa2e3fe,28000035,1253,23,Night Stars
23,#80GPQ2RGP,薙| Juice🧃,0xff4ddba2,28000337,1253,24,Tribe Turkey
24,#PY9982U8P,➪Nil⁰² 🍓,0xfff9775d,28000200,1253,25,TT: niiil_06
25,#28LYUL8JP,𝙲𝚘𝚍𝚎ˢˣ❥𝙹en,0xffcb5aff,28000337,1253,26,🧀MUSSARELOS✨
26,#Q2JVVRJVJ,tengo novia🥰,0xffffffff,28000075,1253,27,
27,#Y0GLYCYVY,Maho❤️🔥,0xff1ba5f5,28000129,1253,28,<c0>ＬＯＮＥＬＹ★</c>
28,#QG990QQJ,MyS|Donatik,0xfff05637,28000322,1253,29,LA Global
29,#8VQ08LVLU,❤️🌑SHIVAM🌕💛,0xffa8e132,28000003,1252,30,DEMONS PARADISE
30,#8GPG9V0GU,Sunex玄,0xffffffff,28000125,1252,31,TT: niiil_06
31,#2CUYQ8RQC,🥷🏿,0xffffffff,28000272,1252,32,
32,#82LRGLQ02,あ| 𝓕𝓪𝓱𝓪𝓓🥀,0xff1ba5f5,28000283,1252,33,OG Mute
33,#22ULYJJ8Q,𝑉𝑖𝑜𝑙𝑒𝑡❦︎,0xffcb5aff,28000226,1252,34,
34,#2CY0CVU80,~Vi♡tal🪐,0xffffffff,28000297,1252,35,Импрессив
35,#29UGLJV2G,Lёvi,0xfff9c908,28000244,1252,36,✌️✌️✌️
36,#PJ02GQJ,$HIVAM I$ B+,0xffa8e132,28000151,1252,37,TT: niiil_06
37,#QR2GC8V,BKB|❄IC£CRØW❄,0xfff9c908,28000348,1252,38,Tribe Turkey
38,#2UGYQURUG,HeGs:)🇹🇷❤️‍🔥,0xffcb5aff,28000018,1251,39,NHY E-SporTS
39,#C2CULQP0,❤️‍🔥Mazoex♛,0xff1ba5f5,28000314,1251,40,VV eSport
40,#9L9P2PLY0,佐切「静かに、、激しく、、」,0xffffffff,28000303,1251,41,🌺🥀🌸🌼🌷
41,#CJUL0RYJ,BLZ|ᵒᵖKozmo ♛,0xff1ba5f5,28000129,1251,42,Tribe Turkey
42,#8G0P89RL9,Dragos🐙,0xffcb5aff,28000138,1251,43,Mizmiripsis🛐
43,#9J20Q092L,TxC|CraZy,0xff4ddba2,28000140,1251,44,Turkish Shadow
44,#2ULUP8VG9,ぜ|КеКzzz🌖,0xffff9727,28000003,1251,45,ᴅᴀɪʟʏ
45,#YYJUVRG8Q,❦︎TIGER❥︎SA,0xffa8e132,28000096,1251,46,Italy❤️‍🩹DUO👿
46,#8LQQCCPRG,MyS|Efim👾,0xffa8e132,28000101,1251,47,Quant ESports🐾
47,#92VJ8VQUP,🔥an_hayp🔥,0xfff05637,28000047,1251,48,
48,#9G0CJPJPY,Taha♛,0xffcb5aff,28000170,1251,49,GOOD BYE TAHA
49,#889VRC0QJ,🦅|Matheo>.<,0xffffffff,28000197,1251,50,
50,#RVLQ0VUR,风暴|kerem🎃,0xffff9727,28000257,1251,51,ᴅᴀɪʟʏ
51,#G0LYU9JY,YNS|CAmPErr🌃,0xffa8e132,28000262,1251,52,<c0>PWNZ</c>
52,#PP2JLG88,TyM|Cicimo🦁,0xffffffff,28000029,1251,53,TyM`eSports II
53,#2LJ9QCCL,tedd💞💞,0xffffffff,28000112,1251,54,
54,#Y2CJ0GYRY,wwaasskk1dd👅,0xff4ddba2,28000021,1251,55,
55,#8R99PJ890,xSkylasz•,0xffff9727,28000321,1251,56,Vitality
56,#9CPP2CJQ9,WhyLansik?,0xffff8afb,28000321,1251,57,Tribe Turkey
57,#V2CLUQY2,PrJ|HeyBrother,0xffcb5aff,28000305,1251,58,Ultra Showdown
58,#PQ28JP0P,亲Jσтα,0xffff9727,28000175,1250,59,7 Dwarves
59,#89JJV992Y,ZL|caldera,0xfff9775d,28000040,1250,60,めろんぱん食堂
60,#GCVPVRQY,MyS|Goman,0xff4ddba2,28000137,1250,61,Tribe Turkey
61,#JGULRL2Y,RuRu,0xffff9727,28000139,1250,62,Mumei Brawl YT
62,#98QJC2YPU,LUCİ😈,0xffcb5aff,28000194,1250,63,Tribe Turkey
63,#PYPQUG80,Zava💞Sunfote,0xffff9727,28000195,1250,64,Showdown💔Kings
64,#9LY0YG9QP,を|Sed🍀,0xffa8e132,28000197,1250,65,DragonArmy
65,#LUJYJUR0L,〇〇マン2号,0xffa2e3fe,28000241,1250,66,Excellent🏆
66,#8LLJ92VQ,あ| 𝓐𝓱𝓶𝓮𝓓🥀,0xff1ba5f5,28000349,1250,67,OG Mute
67,#P99QGPLU2,Davex,0xffffce89,28000129,1250,68,Brawl King's
68,#QUYCVC2,STMN | sans,0xffa8e132,28000136,1250,69,STMN Esports
69,#8VJ8GJR2,Nova💔Winkiii,0xffa8e132,28000148,1250,70,Quant ESports🐾
70,#JP9P0LJG,Byrox❤️‍🩹Xorox,0xff1ba5f5,28000302,1250,71,ᴅᴀɪʟʏ
71,#82GC0CU8,XP|beko🦊,0xffff9727,28000223,1250,72,
72,#JRYLGVYV,QLS|Glory™️,0xffff9727,28000132,1250,73,Ex0tic-E-Sport
73,#989L0928Q,L1S|Sufiyan❦,0xff1ba5f5,28000033,1249,74,IMMORTAL SOULS
74,#89CGJQ08G,Lônély🖤ClârX,0xffcb5aff,28000003,1249,75,LA Global
75,#2J2PJ0UV,ikarosita,0xffa8e132,28000136,1249,76,Humble Grinders
76,#20CJVQQYU,[₮₱] ₱ɆⱠ₳Ɖ₳Ø,0xffcb5aff,28000291,1249,77,★the Players★
77,#8CVCJVVV9,Եթ Շαɱเℓα ☆*❥⃝*,0xffff9727,28000302,1249,78,★the Players★
78,#289QGVYRQ,TyM|Ârda🦁,0xffff9727,28000014,1249,79,TyM`eSports
79,#GL8G898VC,~ahmaa💘,0xff1ba5f5,28000000,1249,80,I love you so🤍
80,#VC9P2YR,愛Aʟᴘʜᴀᴼᵖ❤,0xffff9727,28000272,1249,81,
81,#G92Y9JL00,Arrow☆verse支,0xffcb5aff,28000349,1249,82,Talents
82,#J98LR0UR,✴LOGAN 2006✴,0xffff8afb,28000129,1249,83,SoloDuo🥶
83,#P9YCRRRVL,Zelephh,0xff1ba5f5,28000123,1249,84,Brawl Kings
84,#LRLQPU09,Quantic 🌵,0xffa8e132,28000284,1249,85,LA Global
85,#800PYLQJJ,ƓටᎠ🐉|eͥneͣaͫ ﾂ,0xffa8e132,28000140,1249,86,
86,#9PVJYYCV8,YT:Bilek Gücü,0xffff9727,28000267,1249,87,YT:Bilek Gücü
87,#9VU9R2LY,Terry!,0xffffffff,28000081,1249,88,✌️✌️✌️
88,#22PJGVJYJ,히치Luxito🥀,0xffffffff,28000321,1249,89,No Mercy
89,#8R08UP2G8,🐐Goated♑️,0xffff9727,28000261,1249,90,WOLFMX
90,#2YYL89J8G,psychc🦈,0xffffffff,28000003,1249,91,🌴|<c3>HM</c>
91,#Q28GGL8VL,🀄️|extuzzik=),0xffffffff,28000321,1249,92,
92,#VCJGYUVY,ARX|Nesś🥷,0xffffffff,28000321,1249,93,Thunder⚡️
93,#YGQYGCR,Portox😡,0xff1ba5f5,28000191,1249,94,Blue Label
94,#R2LR2QLG,NOUN | Mohtep,0xffffffff,28000243,1249,95,A Few Good Men
95,#80808J2QV,🪐ᴳᵒᵈνϟcᴛᴏʀ 🜲,0xff4ddba2,28000140,1249,96,Tribe Turkey
96,#8LL0PCPLG,Śwêxcîâ😡,0xffffffff,28000000,1249,97,TyM`eSports
97,#PLCPU928R,ØFFŁÎŃÈ,0xff1ba5f5,28000019,1249,98,.....
98,#99PRPGQYC,ᴳᵒᵈD̷y̷n̷a̷🎋,0xffff9727,28000346,1249,99,🗡️| Impossible
99,#LP8QV80Q,CM|Fly🖤,0xffcb5aff,28000137,1249,100,Showdown💔Kings
100,#9C2090QVR,愛𝕰𝖘𝖙𝖊🤍,0xfff05637,28000200,1249,101,Les Laps
101,#9JQURQ2QJ,❥Ömêrᵍᵒᵈ❦,0xff4ddba2,28000116,1249,102,LA Global
102,#LUP0QRC8,L1S|D4NTE❦,0xffff9727,28000129,1249,103,Mini Me’s
103,#RUGUJPR8,☠ĆØΜβΔŦ€ŇŦ€☠,0xff4ddba2,28000253,1249,104,★the Players★
104,#28QV8YJRP,༄Zeή͢͢͢yc♛,0xffff8afb,28000321,1249,105,AFGMela
105,#8VP882CR2,♡Mr_ido♡,0xffcb5aff,28000041,1249,106,Tribe Turkey
106,#8JV08U8GR,NightMare❤️‍🔥,0xffcb5aff,28000280,1249,107,NHY E-SporTS
107,#9G9GYJ9J2,ωнiτєʑiท🤍ネヶマア,0xff1ba5f5,28000071,1249,108,
108,#RPVU2L29,ᴼᵖɱa̷ṡ†e̷ꭆ🥀×᷼×,0xffff8afb,28000097,1249,109,🧀MUSSARELOS 2✨
109,#20YJ9PLLV,ま|Shadows • 💫,0xffffffff,28000041,1249,110,what happened
110,#90RQYP98U,♡•bestie•♡🧸,0xffa2e3fe,28000221,1249,111,7 Dwarves
111,#8GJY9G8UQ,Lollo ヤー🥱.,0xffff9727,28000237,1249,112,Celestyn
112,#2RLLG9CUG,ITR|Cђe๏թs💘,0xffcb5aff,28000280,1249,113,InTeamRasur
113,#GRCYVRJG,Edgar🤍æ,0xffff9727,28000176,1249,114,7 Dwarves
114,#CG8R0JJC,⛩️ivͥaͣnͫ 🎋,0xffcb5aff,28000330,1249,115,Blue Star 💙
115,#20P2GP99,Ducky🐝,0xffa8e132,28000136,1249,116,NA Friends
116,#2Q2JQURJR,あSerhâtt❤️‍🔥,0xff1ba5f5,28000297,1249,117,NHY E-SporTS
117,#8RYP9VYQC,Buğrâ🦁,0xfff9c908,28000050,1249,118,...
118,#QGLCPJ2J,Ansel,0xff1ba5f5,28000014,1249,119,CHEESEFOREVAR
119,#9CG8LJU8,『ᴵ ᵃᵐⱧ₳₥Ⱬ₳🎭🥀』,0xffcb5aff,28000293,1249,120,Tribe Turkey
120,#YCQ29Q0UG,iFixaaaaa.🕊,0xffcb5aff,28000023,1249,121,<c0>PWNZ</c>
121,#P8U8JQLG,感|WarMan⚔️,0xff1ba5f5,28000148,1249,122,OG Mute
122,#8Q8R9C8J0,ζMirai•I 💘,0xffff8afb,28000281,1249,123,Zaibatsu
123,#PRV2URCVV,HMZ〆,0xfff9c908,28000299,1249,124,𝑶𝓜|𝓐𝑹𝑨𝑷🥀
124,#QRUQQLV0,Code: Nukleo,0xffa8e132,28000186,1249,125,LA Instinct
125,#PGL98YJJJ,Rain 🐊,0xff1ba5f5,28000024,1249,126,a<c
126,#8LGGPUVP2,EâglePâW❤️‍🔥,0xff1ba5f5,28000207,1249,127,RAXENS~
127,#2PYGQ0U8U,メ•Enzo🤍,0xffffffff,28000352,1249,128,La Piraterie🏴‍
128,#2LR22JC9V,𝑻𝒐𝒃𝒊😮‍💨❤️,0xffa2e3fe,28000272,1249,129,BMW M5 F90.COMP
129,#20VVC8LU2,Cryzz❦︎,0xffffffff,28000108,1249,130,
130,#QRPUYVGJ,•ChRiStOpHeR•™,0xffff9727,28000297,1249,131,Brawl Con Limón
131,#CYLL2GG,XP|Utku🖤,0xffcb5aff,28000014,1249,132,ᴅᴀɪʟʏ
132,#90LPVYVUP,Yusuf♛,0xffffffff,28000112,1249,133,SALDİM
133,#LRYCL0QV,Baby Kyric,0xfff9c908,28000303,1249,134,7 Dwarves
134,#9L0UQRPJJ,İRONMAN,0xffcb5aff,28000314,1249,135,₮Ɽ₩`eSports
135,#GY80YCCGR,Shn1ksナ,0xffffffff,28000265,1249,136,Lose?
136,#9L09YYQ8L,⛩️Panda G.m⛩️,0xffcb5aff,28000330,1246,137,HolyGuns
137,#YRURQRPUR,Skibidi Chipz,0xff1ba5f5,28000018,1245,138,Talents
138,#JGCCGY80,prostislavv,0xffff9727,28000042,1243,139,BOBR gaming
139,#8PJRRG2C,SK|GuilleVGX,0xffa8e132,28000099,1241,140,CONEXIÓN
140,#VGLY2G88,はRyuji🍢,0xffffce89,28000247,1229,141,
141,#8UQJPQVY2,CN |🐳Yagami☆,0xff1ba5f5,28000225,1226,142,
142,#8Q2YR88LJ,QLS|nair397,0xffffffff,28000294,1222,143,Blue Star 💙
143,#2RJLYQQ8C,紜💛,0xffa2e3fe,28000062,1217,144,🌴<c5>|HM</c>
144,#GGC0L02R,༄ObsΞssioи↯❦,0xffff8afb,28000321,1215,145,VV eSport
145,#8JU922PJ8,Deniz❤️🔥,0xffffffff,28000321,1213,146,
146,#89UPQJJVV,+BraboX 🎩,0xffa8e132,28000236,1211,147,Ghost Team👻☔
147,#9GJPJUQGJ,Xorox❤️‍🩹Byrox,0xffcb5aff,28000273,1209,148,Tribe Turkey
148,#PC9LPPYV,Nico❤️Heys,0xff1ba5f5,28000196,1208,149,No Mercy
149,#PVR9ULPRG,を|Hâliss🌖,0xffff8afb,28000054,1207,150,Crønies🀄
150,#88YJV08U2,❣️MASOOM❣️,0xffffffff,28000139,1206,151,
151,#88QCRPLJV,Togi☁️,0xffff8afb,28000303,1205,152,7 Dwarves
152,#99JQ9PQP,Artem4ic🤍W,0xff4ddba2,28000018,1205,153,
153,#PL09VC89J,xMehmet🤍,0xffcb5aff,28000125,1204,154,LA Global
154,#2LC9RU2UG,ƇЄƊƦƖƇ🍁,0xffff9727,28000124,1204,155,+12 yaş sew
155,#8LVPGL0GG,Akane ✭,0xffff8afb,28000044,1204,156,Arab Empire
156,#2UJUQ90QL,𝐂ɱ❥𝐀я𝐜𝐞𝖚𝐬,0xffffffff,28000259,1203,157,
157,#2VCR08Q92,シ︎𝕊𝕖𝕣𝕣𝕒⌫☯︎,0xffff8afb,28000291,1203,158,IG|Guiserrabs
158,#CPPV2PQG,MeliodasBot🐐,0xffa8e132,28000006,1203,159,No Mercy
159,#QRU0L0U,🐬ꜱᴏᴋʀᴀᴍ 🜲,0xff1ba5f5,28000201,1203,160,CONEXIÓN
160,#902YQPYYC,PSG|HİLECİ❦,0xff1ba5f5,28000194,1203,161,LA Global
161,#LLQ8GY8,𝐓𝐡𝐨𝐧𝐲会,0xfff9c908,28000334,1203,162,BC*|Family*
162,#22U8CPP8Q,ŁŞƬ|Apurⅴ☘️,0xff1ba5f5,28000230,1203,163,ŁŞƬ☘️
163,#LGC2LP08Y,xandeerror,0xffcb5aff,28000321,1203,164,AFGMela
164,#PVLQR8Y2L,Sam 🔪,0xffffffff,28000322,1203,165,anomaly
165,#9GR90LY0Y,Smoufo❦,0xffffffff,28000150,1203,166,HeroWarriorsTR
166,#8LQ9JR82,Code: Eqwaak,0xfff9c908,28000004,1203,167,A Few Good Men
167,#89L8RG8QC,какиш богдана,0xffffce89,28000196,1203,168,Only Chill💞
168,#9Q22YCP9Q,Sunwait💞...?,0xffffffff,28000115,1201,169,Only Winners
169,#9J2JLUR8G,Aspect 🃏,0xffffffff,28000304,1201,170,7 Dwarves
170,#JV2L02VV,SíJaauaq,0xffff8afb,28000303,1201,171,
171,#8LC808G,Tuyu,0xff1ba5f5,28000349,1201,172,@Tuyu_Official
172,#LVJP8U9L,愛FᴀɴDᴏAʟᴘʜᴀᴼᵖ❤️,0xffffffff,28000279,1201,173,
173,#8GUPLYY,FG | Jene,0xffff8afb,28000135,1201,174,clover
174,#J8UR8002,SKC | Prozy,0xffa8e132,28000029,1200,175,Emi's bar 🍻
175,#CGQCYJGY,TTV | SnakeThug,0xfff9c908,28000341,1200,176,Deadly Vipers🐍
176,#PP8URGQL8,J. Álvarez ⁹🕷️,0xff1ba5f5,28000139,1200,177,Emi's bar 🍻
177,#90V9VYJ8C,しょうけい,0xfff05637,28000242,1200,178,なかよし部
178,#PGY9ULY,PollitoMan,0xffffffff,28000348,1199,179,7 Dwarves
179,#88RGGCVQJ,My heart in AUS,0xff4ddba2,28000092,1199,180,ハナクソタケシ
180,#2YVQ98Q8C,DF | Tory,0xff4ddba2,28000166,1199,181,Melody
181,#G99CYGL,𝒁𝒂𝒊𝒌𝒐❄️,0xff4ddba2,28000194,1199,182,ChillOG
182,#2CC9QLGYY,我|Scripter 🔥,0xff1ba5f5,28000231,1199,183,TL|Team Luzou
183,#22LCG2RLJ,ZT|Yősuki̸❦,0xff1ba5f5,28000349,1199,184,weird gamers
184,#UVQVJP0,Tribe | Lipe╰☆╮,0xffff8afb,28000333,1199,185,The Crias🐉
185,#2R2V00JJ,𝙳𝚎✗𝚝𝚎𝚛ｱ,0xfff9c908,28000272,1199,186,Dr eSports
186,#L8UPY2RCL,rr,0xfff9775d,28000050,1199,187,Z드래곤볼Z
187,#QL9G8JR8C,KY,0xfff9c908,28000267,1199,188,<c5>ぽんみちょった</c>
188,#PJ9GRYCVU,〆ℛ𝓎𝓇ℴ𝓊𝓊🎈,0xffffffff,28000278,1199,189,La Honda
189,#22G9LR2YP,ぱわりんちー❕,0xffff8afb,28000212,1199,190,친추 마스터만 받음
190,#8QYRYCL0,Reim❄️,0xffff9727,28000262,1199,191,<c7>NeOnシ︎</c>
191,#8QPQUJUPU,Sacrifício,0xfff05637,28000014,1199,192,[™BLIND™]
192,#GQ2QV00Q2,Hisaあかた👅,0xffcb5aff,28000316,1199,193,оупи челики
193,#2CVYPV0YP,THF|Yanny,0xffa8e132,28000136,1199,194,i own u
194,#202QJ9V8,⚘Polar🌕,0xffffce89,28000175,1199,195,United Stars ✨
195,#9CC0RCYR,diego💙hahnsky,0xffff8afb,28000037,1199,196,
196,#UYP89R2Q,V7|Roks,0xfff9c908,28000336,1199,197,<c0>VERSO 7</c>
197,#9CRGVGQLR,-_-MaTHiX-_-,0xffa2e3fe,28000304,1199,198,TL|Team Luzou
198,#CRYCRCYQ,TM|有毒的Ghost🐬💙,0xff1ba5f5,28000264,1199,199,
199,#LGG9UY02C,を|Terrox🌺,0xff1ba5f5,28000305,1199,200,House Greyjoy
