,tag,name,nameColor,icon,trophies,rank,club
0,#G9Q0GPGYQ,ダ|Red ²🌹,0xfff05637,28000261,1401,1,BruceTheKing
1,#VLQPVPY,Naz❤️Hyra,0xffff8afb,28000303,1401,2,Fenernazçe 💙💛
2,#JQVQYVY,Code: VTzim 🌑,0xffff8afb,28000339,1302,3,Eclipse 🌖
3,#VL0GPPJV,Physic Gear 5,0xfff9c908,28000014,1301,4,Eclipse 🌖
4,#2QQPYLJ02,↯︎Vertex｜RR↯︎,0xffffffff,28000113,1299,5,𝐂𝐡𝐞𝐞𝐫 𝐮𝐩
5,#92VJ8VQUP,🔥an_hayp🔥,0xfff05637,28000047,1253,6,
6,#8JV0CQLGU,𝙅𝙭𝙞𝙞𝙧☁️,0xff1ba5f5,28000013,1252,7,7 Dwarves
7,#29LVRQV2L,ENVY|LelOP ❦,0xff1ba5f5,28000200,1252,8,Brawl Kings's
8,#QRUQQLV0,Code: Nukleo,0xffa8e132,28000186,1252,9,LA Instinct
9,#URYL2JU2,ᶜᵗ|♡︎20/04♡︎シ︎,0xffa8e132,28000179,1252,10,Nҽɯ Sƚαɠҽ🎖️
10,#8R99PJ890,xSkylasz•,0xffff9727,28000321,1252,11,Vitality
11,#9GJPJUQGJ,Xorox❤️‍🩹Byrox,0xffcb5aff,28000273,1252,12,Tribe Turkey
12,#RUGUJPR8,☠ĆØΜβΔŦ€ŇŦ€☠,0xff4ddba2,28000253,1251,13,★the Players★
13,#99VLVGRJG,BootyBaptizer69,0xffffce89,28000000,1251,14,Humble Grinders
14,#JV2L02VV,SíJaauaq,0xffff8afb,28000303,1251,15,
15,#PYPQUG80,Zava💞Sunfote,0xffff9727,28000195,1251,16,Showdown💔Kings
16,#9LY0YG9QP,を|Sed🍀,0xffa8e132,28000197,1250,17,DragonArmy
17,#P9UVCQ2U2,Amazing,0xffff8afb,28000337,1250,18,help ranks
18,#PQ28JP0P,亲Jσтα,0xffff9727,28000175,1250,19,7 Dwarves
19,#RVLQ0VUR,风暴|kerem🎃,0xffff9727,28000257,1250,20,ᴅᴀɪʟʏ
20,#8PJRRG2C,SK|GuilleVGX,0xffa8e132,28000099,1250,21,CONEXIÓN
21,#PLUGLRG28,4SV_MaSTeP,0xffffffff,28000233,1250,22,Quant ESports🐾
22,#8GV2CP2J8,☔ZORLU☔,0xffcb5aff,28000003,1250,23,<c0>ＬＯＮＥＬＹ★</c>
23,#L82U9CVPQ,ᴼᵖɳe̷żu̷ҟσ🥀×᷼×,0xffff9727,28000213,1249,24,🧀MUSSARELOS✨
24,#82GPP9LQ,BC*| Tobi🍉,0xff1ba5f5,28000303,1249,25,BC*|Family*
25,#YLV8CL0R,Astaaaa❤️‍🔥😈,0xff4ddba2,28000347,1249,26,Tribe Turkey
26,#20CJVQQYU,[₮₱] ₱ɆⱠ₳Ɖ₳Ø,0xffcb5aff,28000291,1249,27,★the Players★
27,#8CVCJVVV9,Եթ Շαɱเℓα ☆*❥⃝*,0xffff9727,28000302,1249,28,★the Players★
28,#L8UPY2RCL,rr,0xfff9775d,28000050,1249,29,Z드래곤볼Z
29,#LUVC92G8J,@SimpleOri,0xffffffff,28000089,1249,30,
30,#YGQYGCR,Portox😡,0xff1ba5f5,28000191,1249,31,Blue Label
31,#PLJR9VLR8,Arnast,0xffff8afb,28000164,1249,32,
32,#2UYJV98J2,all 1500🏆,0xffffffff,28000000,1249,33,
33,#88L2RGG9U,v3nus🎄,0xffffffff,28000176,1249,34,Havoc Echo
34,#8RVLRVYYP,yeiyei,0xfff9c908,28000281,1249,35,Ex0tic-E-Sport
35,#VPGGUU9U,|🌬ŦƤ⋆SsnıɔıuıΛ,0xff1ba5f5,28000243,1243,36,★the Players★
36,#P99QGPLU2,Davex,0xffffce89,28000129,1239,37,Brawl King's
37,#PC9LPPYV,Nico❤️Heys,0xff1ba5f5,28000196,1206,38,No Mercy
38,#2CJVCG8V,驰|Veloxity ⚡️,0xff1ba5f5,28000018,1204,39,Arctic Blitz
39,#2P088J29C,Matt,0xffff8afb,28000333,1203,40,<c5>Just Us</c>
40,#CPPV2PQG,MeliodasBot🐐,0xffa8e132,28000006,1202,41,No Mercy
41,#P2G8CUUPU,August🥷,0xffffffff,28000241,1202,42,BC*|Family*
42,#9QQV92C29,ﾒ𝟽🐝,0xfff05637,28000259,1201,43,<c5>Dogs</c>
43,#PR9U2JL,Juan Carlos,0xffffffff,28000119,1201,44,Humble Grinders
44,#802VG829,LuRkz🩵Sq,0xffff8afb,28000014,1201,45,Demise 🥀
45,#9J2JLUR8G,Aspect 🃏,0xffffffff,28000304,1201,46,7 Dwarves
46,#2PGGR8Y9P,Asuna Yuuki,0xff1ba5f5,28000201,1201,47,Follow?
47,#2J2PJ0UV,ikarosita,0xffa8e132,28000136,1200,48,Humble Grinders
48,#CGQCYJGY,TTV | SnakeThug,0xfff9c908,28000341,1200,49,Deadly Vipers🐍
49,#2CRRRRYJR,моё,0xfff9c908,28000213,1200,50,✌️✌️✌️
50,#VYGVV08Q,🍅domates,0xffffffff,28000261,1200,51,
51,#CQCVP0J,нагибатор 2000,0xff4ddba2,28000140,1199,52,BulgarianR
52,#82Y2800L0,ᶻChuka🤍ᴿ ͛,0xffffffff,28000349,1199,53,
53,#809ULJU2,KLIMtm,0xffffffff,28000151,1199,54,take a break.
54,#2RQGVLRVG,₹GuilleX,0xffff8afb,28000036,1199,55,No Mercy
55,#G99CYGL,𝒁𝒂𝒊𝒌𝒐❄️,0xff4ddba2,28000194,1199,56,ChillOG
56,#9P2CUYJ8P,Scared,0xff4ddba2,28000167,1199,57,
57,#J8YPGR,Twitch: Tobi,0xffcb5aff,28000000,1199,58,Brawl King's
58,#29V0GUG8,BATATINHA,0xff1ba5f5,28000156,1199,59,
59,#2QPJQ8QRQ,bagi,0xff1ba5f5,28000335,1199,60,Brawl King's
60,#URV8JPY,ormy🎄,0xffffffff,28000176,1199,61,Havoc Echo
61,#8UJC08UYL,ᴼᵖᵭҟe̷🥀×᷼×,0xffcb5aff,28000330,1199,62,🧀MUSSARELOS✨
62,#JGCCGY80,prostislavv,0xffff9727,28000042,1199,63,BOBR gaming
63,#8LQ9JR82,Code: Eqwaak,0xfff9c908,28000004,1199,64,A Few Good Men
64,#P2RVQ90L9,🖤ŠįŁ3Ñt🥀,0xffcb5aff,28000183,1199,65,Invincible
65,#GC982J9L,悪𝕸𝖆𝖙𝖍❤️‍🔥,0xfff05637,28000090,1199,66,
66,#2Q9C922GY,WizZ💘,0xff1ba5f5,28000229,1199,67,Brawl King's
67,#YQ9JVYV,ToniMxf.💘,0xffcb5aff,28000272,1194,68,ChillOG
68,#8URCLRY8,球隊|RoUND🌠,0xfff9c908,28000061,1187,69,My social media
69,#28CVQGURJ,kxrtofvl,0xffffffff,28000061,1184,70,UNDERDOG 🇵🇱
70,#PUUYYQPG,★彡ShaKa🌹頹,0xff1ba5f5,28000238,1173,71,🧀MUSSARELOS✨
71,#2QCVLV2Q,Psychopant💧,0xffff8afb,28000334,1173,72,7 Dwarves
72,#2UVUU28L8,Dede 最高の,0xffffffff,28000156,1169,73,Brawl King's
73,#JG08RYCQ,IMP|Devansh,0xffa8e132,28000279,1167,74,<c0>IMPACT</c>
74,#8GUPLYY,FG | Jene,0xffff8afb,28000135,1164,75,clover
75,#8UUUUL2VQ,♡アメ♡,0xffffffff,28000207,1162,76,Chapulines 🦗
76,#YRURQRPUR,Skibidi Chipz,0xff1ba5f5,28000018,1162,77,Talents
77,#20JRYL02,❛ 화난 SANG☯︎,0xffffce89,28000250,1160,78,washed🚿
78,#8UQJPQVY2,CN |🐳Yagami☆,0xff1ba5f5,28000225,1159,79,
79,#89UPQJJVV,+BraboX 🎩,0xffa8e132,28000236,1157,80,Ghost Team👻☔
80,#RRVVPG2Y,Brosta卡拉,0xff1ba5f5,28000206,1156,81,vMoove
81,#J8UR8002,SKC | Prozy,0xffa8e132,28000029,1153,82,Emi's bar 🍻
82,#29L028GQL,Djahsta,0xffff9727,28000306,1153,83,BC*|Family*
83,#YUCVV0P02,GogetaX50,0xffa8e132,28000101,1153,84,<c2>Phoenix</c>
84,#LRLGLP9GJ,『weakness🌪』,0xffff8afb,28000256,1153,85,Revaible 💗
85,#P88G9CGYV,KY,0xffff9727,28000267,1151,86,<c5>ぽんみちょった</c>
86,#8YVJRYGG,Kiyo 🌺,0xffff8afb,28000303,1149,87,Humble Grinders
87,#2LY99YGP8,HJK┃エネ↯,0xffcb5aff,28000338,1149,88,<c2>エホヤキム</c>
88,#20CQLYP2C,TBEjason,0xffff8afb,28000336,1149,89,Brawl King's
89,#88G2QJULP,†Sᴋʏχᴳᵒᵈ ×͜×,0xffcb5aff,28000291,1149,90,★the Players★
90,#V82CU9J8,LYN|Kai🌸,0xffff8afb,28000261,1149,91,BC*|Gaming GER
91,#8J0LUV9QQ,ZETA | TvorojOK,0xffff8afb,28000058,1149,92,Showdown💔Kings
92,#P08899RJG,Runávoys:),0xffff9727,28000044,1149,93,rainy︎ ︎☂︎
93,#8UQ9VGY,Pretzel,0xffffce89,28000194,1149,94,STMN Esports
94,#98PUCCR2Q,Lenz🤍,0xfff9c908,28000095,1149,95,on the grind
95,#9J9CGLLP,Ana ⊹ ࣪ ˖,0xff1ba5f5,28000294,1149,96,Dictatorship
96,#98L9G0JVJ,ᵐʳ𝑀ʏ𝑠𝑡𝑒𝑟ʏシ,0xffcb5aff,28000151,1149,97,Kings United
97,#UVVULJUQ,AG |Luis Miguel,0xfff05637,28000290,1149,98,LitheX🐢
98,#2JCURGC2C,Sin ヤギ,0xffffffff,28000339,1149,99,
99,#989GVG0UR,陰|₦Ї₦ℑ₳™👑,0xffa8e132,28000305,1149,100,Good Players 💫
100,#9RJLPQL,Ηόꭆսꜱ〤,0xfff9c908,28000032,1144,101,pusinig4
101,#QUYCVC2,STMN | sans,0xffa8e132,28000136,1144,102,STMN Esports
102,#29UGLJV2G,Lёvi,0xfff9c908,28000244,1141,103,✌️✌️✌️
103,#90RQYP98U,♡•bestie•♡🧸,0xffa2e3fe,28000221,1140,104,7 Dwarves
104,#YPP02G9L,Mxrf 🐝,0xff1ba5f5,28000291,1138,105,Beyond Washed
105,#J8URCRCJ,vxdka :p,0xffff9727,28000095,1135,106,No Mercy
106,#YPRJQCPJU,💎legendary💎,0xff1ba5f5,28000057,1135,107,Halloween 🎃👻
107,#8QVGJQGGC,ᴀsᴛʀᴏ >.< 🖤,0xffff9727,28000272,1134,108,Kings United II
108,#280RJ92JC,ExP |BloocK,0xfff9c908,28000242,1133,109,CONEXIÓN
109,#P2VCQ0VP,たかめろでぃ🤓,0xff1ba5f5,28000151,1126,110,REX💫
110,#8C20RCL9L,POPEYE,0xff1ba5f5,28000352,1125,111,Easy Ltda
111,#89JJV992Y,ZL|caldera,0xfff9775d,28000040,1123,112,めろんぱん食堂
112,#GJ9PLGPL,ReSn|Snake🐍,0xff4ddba2,28000101,1121,113,Lose?
113,#GVQUYG90,Shattered ⟡,0xffffffff,28000000,1118,114,7 Dwarves
114,#8LC808G,Tuyu,0xff1ba5f5,28000349,1118,115,@Tuyu_Official
115,#YP802RY8G,佥 Áℓєẋ ❤️‍🩹,0xffff8afb,28000336,1116,116,GTP Esports
116,#22PJGVJYJ,히치Luxito🥀,0xffffffff,28000321,1116,117,No Mercy
117,#Y9LYC98PG,LMD🍋Aimer,0xffffffff,28000265,1116,118,たつきすねげ
118,#989L0928Q,L1S|Sufiyan❦,0xff1ba5f5,28000033,1110,119,IMMORTAL SOULS
119,#Y22RU8YQ2,Seis,0xffcb5aff,28000159,1110,120,Brawl King's
120,#8G8P2VL,SN|Faker,0xfff05637,28000262,1109,121,PTYMaleante 2.0
121,#2R8UYJYPC,Twinkle🪄︎︎れお,0xff1ba5f5,28000006,1109,122,fake ring…♡
122,#Y0UL8VPG,meli :p,0xffff9727,28000095,1108,123,No Mercy
123,#88RGGCVQJ,My heart in AUS,0xff4ddba2,28000092,1106,124,ハナクソタケシ
124,#GV00QCYL,ɆⱠĐł₦™×͜×,0xfff9c908,28000019,1106,125,🧀MUSSARELOS✨
125,#LVV00982,Killyöu☪︎👼,0xff1ba5f5,28000300,1105,126,🔥Blaze Soul🔥
126,#2VG02RU0,ThorN3X,0xffcb5aff,28000018,1104,127,Brawl King's
127,#LQJC9QL2,HJK┃アチャ,0xffffffff,28000000,1104,128,豚骨ラーメンファンキー
128,#22LYCRGLL,✨Zar-D🎴,0xff1ba5f5,28000000,1104,129,Mumei Brawl YT
129,#PRCCP2V9C,ℳ𝒾𝓃𝓃𝓉ℴ🍃모두,0xff4ddba2,28000271,1104,130,RV
130,#PP8URGQL8,J. Álvarez ⁹🕷️,0xff1ba5f5,28000139,1104,131,Emi's bar 🍻
131,#8UYQRLQQV,Cwowお,0xffa8e132,28000331,1104,132,InTeamRasur
132,#8CRC9QUY9,팀원 버스타는Daye🤱,0xfff9c908,28000124,1104,133,<c1>BBOBBY</c>
133,#GRVL8ULV,陰|SuperLab ☯︎,0xff1ba5f5,28000141,1104,134,7 Dwarves
134,#2ULVLQCYR,IceLuvAsians,0xffcb5aff,28000337,1104,135,Beyond Fresh
135,#28YCQ9809,why so clown?🤡,0xffffffff,28000330,1104,136,Tribe Turkey
136,#29CVP0V9U,Almighty Push💐,0xffcb5aff,28000335,1104,137,Beyond Champs
137,#2PJP02RQL,•Rainyyx♛,0xffffffff,28000135,1104,138,худший джин
138,#9LV0Q00YV,영원한감동,0xff4ddba2,28000082,1103,139,새싹
139,#L9RRP8QQP,pro players,0xff1ba5f5,28000221,1103,140,あてぃしのこと好きすぎ―！❤️
140,#PYGR8CPJ2,〆ϻɪs͢τɪӄ🩸,0xfff9c908,28000018,1103,141,Spain4Win
141,#VCPJQQ,Jealous🤍Y,0xffffce89,28000196,1103,142,люблю даню<3💓
142,#J8UQ2UUG,SEKAI NO SHOUPI,0xffa8e132,28000140,1103,143,Cipher Pol
143,#2PLVJ0GLV,Sniper🐙,0xffff9727,28000244,1103,144,Brawl Kings
144,#2082JRYUV,GooD•G,0xffcb5aff,28000033,1103,145,<c5>Just Us</c>
145,#QJQ0YPV,Danko,0xffff8afb,28000218,1103,146,
146,#82PQUPGU0,Ryohei🐬,0xff1ba5f5,28000240,1103,147,数え役満🀄️
147,#829LJ28CU,toxicgenie🃏,0xffcb5aff,28000286,1103,148,Real Ones
148,#9QCJPL20,Golden Kawaii🌕,0xffffce89,28000045,1103,149,Eclipse 🌖
149,#C9C0LCQP,DA|𝙈𝙞𝙠𝙚𝙮☁️,0xffff9727,28000047,1102,150,"""DA-MARRIOT"""
150,#2RL8LGV9Q,🐼iBearQu❦︎,0xfff05637,28000352,1102,151,High Quality
151,#9GVGY29QC,Human核能,0xff1ba5f5,28000272,1102,152,Tribe Turkey
152,#U8VVCUC,ぽちったん,0xff1ba5f5,28000203,1102,153,エメハン大学
153,#GVJ82JR8,Kazumi,0xffcb5aff,28000291,1102,154,Ex0tic-E-Sport
154,#RC8GU2G,Ascend-.-,0xffcb5aff,28000014,1102,155,Havoc Echo
155,#2V98U2VC9,♉️AandR☯️,0xfff9c908,28000299,1102,156,BulgarianR
156,#QR2GC8V,BKB|❄IC£CRØW❄,0xfff9c908,28000348,1102,157,Tribe Turkey
157,#PGY9ULY,PollitoMan,0xffffffff,28000348,1101,158,7 Dwarves
158,#PJ9JCYLCQ,猿|Epic🐒,0xff1ba5f5,28000069,1101,159,Ex0tic-E-Sport
159,#8R9JQY9UU,mikishikita🕊️,0xffcb5aff,28000198,1101,160,NA Friends
160,#9VP2R0P9,ToxicZan,0xff1ba5f5,28000352,1101,161,Real Ones
161,#V2Q080UU,Valembeau💜,0xffcb5aff,28000035,1101,162,A Few Clown Men
162,#YUYYLVJ,Perry💜Lukie,0xfff9c908,28000213,1101,163,NA Friends
163,#PLQ0PYJVV,THB|Pipe♟️,0xffff8afb,28000262,1101,164,7 Dwarves
164,#2P2URUV8G,Foncho,0xffcb5aff,28000209,1101,165,Dragon Chileno
165,#8UL0U08V,winq ☃️🤍,0xffff8afb,28000175,1101,166,Havoc Echo
166,#YGR92L92,Bøbuś😈,0xff1ba5f5,28000282,1101,167,ŚrednioNaPsa
167,#8QJU2CCY,Fearless,0xffff9727,28000017,1101,168,WOLFMX
168,#8UQPPJQ0U,Medlinks,0xffff9727,28000139,1101,169,YT|YAGUAR 2
169,#8UQ9GQJJ,↝𝑉𝑖𝑝𝑒𝑟⍨꙳,0xff4ddba2,28000272,1101,170,めろんぱん食堂
170,#298JUYR29,Chase-Itz,0xffcb5aff,28000156,1100,171,Beyond Kratos
171,#98RV0YRL,dudus,0xffa8e132,28000044,1100,172,✌️✌️✌️
172,#2JGVVPY,Nobody 🕊,0xffff8afb,28000006,1100,173,NA Friends
173,#2PC29VJP0,feyen✞,0xffffffff,28000000,1100,174,Real Ones
174,#QGLCPJ2J,Ansel,0xff1ba5f5,28000014,1100,175,CHEESEFOREVAR
175,#8QPQUJUPU,Sacrifício,0xfff05637,28000014,1100,176,[™BLIND™]
176,#2YR9PPYUY,A1AL|DzonDzon🍌,0xffcb5aff,28000073,1100,177,Golden Legion
177,#PLQ0QRVQL,FMG | Flashᴷⁱⁿᴳ,0xffffffff,28000139,1100,178,ZETA|DIVISION'S
178,#QR90UY9L,Lipe❤️Pandora,0xffff9727,28000203,1100,179,Revenge Gaming
179,#GV9GRLJJ,Counter,0xffff9727,28000265,1100,180,NA Friends
180,#CLCPQ2R,Agûstin ᴹᴰᴮ,0xffffffff,28000349,1099,181,Elite Saiyan🔱
181,#29Q0GJR,Gene♆,0xff1ba5f5,28000122,1099,182,Real Ones
182,#2RQRYR2G2,愛|Kristofer🕊️,0xffffffff,28000348,1099,183,7 Dwarves
183,#20JYLU8JU,でんじゃらすトミーさん邪！♨️,0xffff8afb,28000320,1099,184,オーシャンズビュー
184,#GUGVPU2,🔥Z€RØ🔥,0xfff9c908,28000282,1099,185,★the Players★
185,#GG8RL2CP,Kevin❤️‍🔥,0xffffffff,28000135,1099,186,……
186,#CUUCQRQ9,A-B-N-SYRIA,0xff1ba5f5,28000168,1099,187,BC*|Family*
187,#8VQCRGPVU,🌴HM|Я3NNAN,0xff4ddba2,28000349,1099,188,🌴|<c3>HM</c>
188,#VP0CQCLV,Jin玄,0xffcb5aff,28000129,1099,189,RealDutch
189,#2GLGPVLL0,RF | Static,0xffcb5aff,28000297,1099,190,Allied Exiles
190,#89V2LPJR2,Seipan,0xfff9c908,28000006,1099,191,✌️✌️✌️
191,#YJP2PGGY,CRISTIAN,0xffcb5aff,28000290,1099,192,Beyond Kratos
192,#JJPY8Q0,LorenzoVGX,0xffa2e3fe,28000293,1099,193,AFGM GENESIS
193,#PY0PQ90QU,Pingou.🦅d'or,0xffffffff,28000247,1099,194,BC*|Family*
194,#P0YCCYPP,AW,0xffcb5aff,28000261,1099,195,Real Ones
195,#YCGG2UQC,♡Larisa.,0xffcb5aff,28000018,1099,196,RoStars Academy
196,#92J9U2JY9,❦|𝗺𝗲𝗹𝗶𝗵ツ,0xffffffff,28000065,1099,197,Bonsai 🥢
197,#JRU9882V,Магiiо🎈,0xffffffff,28000058,1099,198,TT: niiil_06
198,#9Q8LP2Y09,Lag,0xff1ba5f5,28000044,1099,199,Dredd
199,#GVR2Y2GC,ャ-ßɾɏαɳ🍁,0xffcb5aff,28000273,1099,200,ÑañisLovers
