,tag,name,badgeId,trophies,rank,memberCount
0,#U08RPUU2,Brawl Invictus,8000003,2135337,1,30
1,#28VR8VQ20,YGF |DARKNES,8000016,1932235,2,9
2,#292Y2JRVL,BrawL TikTokS,8000010,1905068,3,1
3,#28RPU802C,Козаки_UA,8000027,1707820,4,30
4,#28PYRUUPV,LUN4TICS,8000004,1473384,5,30
5,#289G99Y2G,★DarkSecret★,8000006,1133917,6,27
6,#82VYLQQ9,P.N.A.Y,8000006,1101471,7,30
7,#PJJCYC8R,マイクラ,8000043,1079969,8,30
8,#29UJ0YP2J,ми УКРАЇНЦІ⭐,8000018,1077314,9,3
9,#2YRYQR8GL,NOLIFERI,8000057,1060854,10,27
10,#CUL08UU9,кароль бравла😎,8000029,1047202,11,28
11,#CGVUQJUV,Masters Rus,8000029,1023688,12,23
12,#2QY0VPGR0,Albanian people,8000049,1007647,13,30
13,#2R2QQQ0UQ,Hørrat,8000029,995561,14,24
14,#2J2J0J9RJ,THE RESISTANCE,8000023,986205,15,30
15,#2R2CRRRVY,Tatakae,8000007,972728,16,30
16,#LRCUCRUP,THE LEGENDS,8000029,909507,17,30
17,#2RYQ00JGU,ALBANIA KBS,8000029,907533,18,30
18,#29LUQYRCR,LA BANDA,8000013,897634,19,29
19,#20UVR9Y8R,CLUB BLUFRESH,8000039,893081,20,30
20,#JPY09C8P,🌠GECE🌠,8000059,875552,21,30
21,#2QPYL2QV2,best klub,8000045,874692,22,30
22,#2Q8Q0PRL,кабанчики,8000011,873704,23,30
23,#28QUQ9RLL,IR_Team,8000055,850807,24,30
24,#29YRQ8PRP,THE LEGENDS,8000029,818388,25,30
25,#Y989RGYG,<c9>red</c>room,8000006,811576,26,1
26,#2J9CCPYPG,<c7>Dead</c>Boy,8000007,790622,27,21
27,#2L9YLCRV8,ᶜᵘᵖᵃ ᴄᴜᴘs🍭,8000023,790414,28,1
28,#2G89LJYRJ,BFF,8000023,784404,29,30
29,#2G8Y2UC22,ALBANIA,8000048,779735,30,30
30,#2CR8LLJ9Y,행복한 브롤,8000046,767588,31,30
31,#2C2RPQQVV,레전드,8000055,762392,32,30
32,#2PPYJGU2G,ARDEI LU'ANDREI,8000007,758732,33,9
33,#PY2VLL90,Albania,8000021,755487,34,30
34,#2JCLYULGG,KING TEAM,8000029,749565,35,30
35,#28VLPLR80,Black Eagles,8000019,746479,36,28
36,#YJYVQJP9,الملوك,8000059,746065,37,30
37,#2CLY8VRYL,ALBANIA🇦🇱🇦🇱,8000055,735907,38,30
38,#2GY80VGJG,TTM|Carry👑🔥,8000023,729980,39,30
39,#QRUUQ02Y,HIGERRI,8000008,728479,40,30
40,#YGRRCP88,malaya zemlya,8000008,712595,41,29
41,#QL2C90LU,Legendary 💫✨⚽,8000023,698397,42,30
42,#YC2UYRVJ,ALB🇦🇱-GANG,8000023,693544,43,30
43,#2G2JQLVLY,👑🇦🇱👑,8000023,692984,44,26
44,#2J0CCQ88G,Albania,8000036,687019,45,30
45,#2CRUYQC09,ليوث الصحراء,8000049,686291,46,27
46,#2Q8980G8Y,meuf bonne❤️😏,8000010,662476,47,27
47,#9GRP89U0,team infiniti,8000018,662317,48,30
48,#29GCPC8PJ,Helium Gang,8000055,657382,49,30
49,#2CRUYCPR2,Freddy_Fazbear,8000029,655879,50,30
50,#2Y9Q0PL9J,BORN 2 WIN💤,8000037,655270,51,30
51,#2J2JRYLPG,한국인 모여라,8000037,655015,52,30
52,#GYCV9JJC,Albania,8000037,652774,53,30
53,#QCGPULQ0,Ukraine kozaki,8000009,651573,54,30
54,#QY90YJGC,THE|『ʟᴇɢᴇɴᴅ』,8000007,641385,55,30
55,#29LLQYCLC,Albenian team,8000037,639260,56,27
56,#2PGQLVLJC,Albania Esport,8000057,638685,57,30
57,#VU8URPGJ,COVID-19,8000023,637068,58,6
58,#2R00Y89GV,hard work,8000011,631368,59,30
59,#U2QPV8JL,sztos,8000018,627719,60,29
60,#2C99R2LPU,돼지저금통pig,8000047,626934,61,30
61,#QGLPRC9U,IllyrianGuard,8000023,624589,62,30
62,#209Q09QC9,❅MΐⱥMor❅❤️,8000005,623392,63,28
63,#29R88LCVP,DONNER💫💛,8000019,622199,64,30
64,#282PCJYJ0,Family ro,8000029,613582,65,28
65,#LLYYY0YC,BRAWL STARS,8000000,611985,66,30
66,#2G0PYJCCL,lagendarys😎,8000041,611124,67,20
67,#2JGR0CVYP,🦈OP|ALBANIA✨,8000023,601277,68,29
68,#29QP22YCU,al.capone,8000037,600160,69,30
69,#208UV80VC,бухие✨печеньки,8000029,597743,70,4
70,#29PJ9QQPQ,BS ALBANIA,8000035,596803,71,30
71,#PLC2JL8Y,BR Albania,8000036,589469,72,30
72,#298GCQGPL,🇹🇷KANKALAR,8000037,588190,73,30
73,#2LJ98LYCC,Albanian Boys,8000023,588182,74,30
74,#Q2Y9RRQV,Albania,8000043,581688,75,29
75,#90P8UU8G,PLAY4FUN ALB,8000029,581314,76,30
76,#2G0U8VJQC,P9 LEGENDS,8000029,581004,77,30
77,#QQ90L8LU,The pride 🦁,8000013,576409,78,30
78,#VUJLL2YR,Tiktoksuchtis,8000029,575410,79,29
79,#90JR92YJ,Conejos,8000011,574264,80,28
80,#QP2CU2CU,OTR_ME_ZEMER,8000029,570871,81,30
81,#292PVR9PP,Die Krassen,8000058,569177,82,30
82,#2JC0VRJYJ,Українці🥑🇺🇦,8000058,568378,83,30
83,#LQVJ2C9J,SHQIPE,8000006,567681,84,30
84,#2Q9Q8RR8V,Hell of albania,8000004,565382,85,30
85,#2902QVY2Q,amici,8000029,564562,86,30
86,#29U2GJQU8,السعوديه 🇸🇦💚,8000027,561694,87,30
87,#LYVQG900,Pros AL 🇦🇱,8000023,561089,88,30
88,#2C0QLL890,乞食だお,8000057,552890,89,19
89,#2QV0RRYG0,GX ToTeM,8000027,550934,90,1
90,#2CY8Q0YJ,РОССИЯ,8000013,547199,91,27
91,#YJ8GGV8U,ALBANIAN,8000037,541101,92,30
92,#8YVGY0LR,albania,8000004,536835,93,28
93,#2RVUV0QJG,dionygay,8000029,535318,94,30
94,#UCURQ2GQ,Jancsi stars,8000013,533725,95,30
95,#2QVRPC0PC,지린세스 공화국,8000026,530841,96,28
96,#28UPVVC02,the F2P snipers,8000044,530801,97,30
97,#28G0YQCPQ,Brawl Talk Mort,8000018,529317,98,30
98,#2CQ9PURQ0,TH | Esports™️,8000036,528558,99,30
99,#2C99UPRCP,CİGER,8000039,527447,100,30
100,#2LYPYQ28V,MASKA ARMIJA,8000059,520252,101,30
101,#QC2GCGG8,쉘리군단,8000037,519223,102,30
102,#29PYGULGQ,만화,8000059,518603,103,30
103,#U2YCGQJR,20,8000013,514233,104,30
104,#29J2RPPU9,BigKogDestroyer,8000040,513795,105,30
105,#8RCUC9,Albania,8000023,512854,106,30
106,#2Y2PLL8JR,도레미온클럽,8000029,502812,107,28
107,#2929JVCPU,Galactic Empire,8000023,502112,108,27
108,#2C9PJL2J8,CORDELİUS,8000000,500377,109,30
109,#28ULP0QP8,ALB|CHAMPIONS,8000023,498750,110,29
110,#22J9UG9C0,EĞLENCE NOKTASI,8000029,492020,111,30
111,#28GLJL8LQ,LOS FANS,8000010,488044,112,23
112,#2JLQQY922,LION’S,8000039,487520,113,24
113,#208LVRJQ0,😈THE👑KINGS😈,8000048,486474,114,30
114,#29Q2QYLYU,Best Brawlers,8000004,484193,115,25
115,#2CRV082UC,creamers,8000047,482630,116,30
116,#2JVRLPL0C,Sky Limmit,8000043,482274,117,30
117,#20V8G2RJ,edoscimmia,8000005,481354,118,28
118,#YRYCYRVU,전투민족,8000048,480391,119,30
119,#QQC2889G,ابطال براول,8000007,479874,120,30
120,#2GQ0CYQC8,Destiny,8000052,478672,121,24
121,#2PQQG2QJL,чябупели,8000013,476827,122,30
122,#CLJUJVLU,ALB ALB,8000006,476488,123,30
123,#CGC2VQ92,SUPERCELL 1,8000023,474796,124,29
124,#2C8RRQ80P,드림에듀 군단,8000037,474427,125,30
125,#2Y02VYRLJ,ALB,8000049,473094,126,29
126,#2RLCRQL9R,ALBANIAS KING,8000057,471314,127,30
127,#29RVPVYRV,اذكر ربك💟,8000037,471240,128,30
128,#LLPC9LCQ,CLUB 😃😃😃,8000007,469872,129,5
129,#2JR29PY0P,AL |TEAM,8000023,464166,130,30
130,#2CRRL98LY,악마덕후,8000046,463837,131,30
131,#2C8VCQR0C,Capybara azul,8000057,463150,132,29
132,#2JU80PQ0Q,BNE,8000034,462945,133,30
133,#QQ8U2GR9,Sh@dow,8000011,462205,134,30
134,#L20P0C8G,friends forever,8000011,461559,135,30
135,#2G8GQUPQG,ПОДВАЛ УКРОПА,8000013,458966,136,30
136,#U0RVJLC8,ALBANIA,8000056,458420,137,30
137,#29V88V02Y,albania stars,8000006,455549,138,30
138,#28JRJPG2,BRAWL STARS 3E,8000022,451964,139,30
139,#2Q8J8VUCC,Topi i zi,8000032,450732,140,30
140,#2LLP02PPV,Born to fly,8000007,449027,141,26
141,#2Y2LR8CCQ,MAVİ AY,8000002,448323,142,28
142,#88VVL9V2,Rubik Clan,8000023,448196,143,24
143,#8VLLGC22,☯️EL MAS FEROZ☯,8000037,445535,144,13
144,#2JYPVG0UR,paokara,8000029,444099,145,29
145,#PPPQU2UU,Global Pro,8000012,440880,146,30
146,#2CGQC8PP0,어니언맛,8000030,436353,147,30
147,#8GL9CJ0C,brawl genial,8000012,435422,148,27
148,#2Y280RV8Y,LA MEXAMAFIA,8000046,435116,149,27
149,#CLRQQ88R,The Stars,8000029,433478,150,24
150,#2C0LC9RRL,Shqiponja,8000023,433221,151,28
151,#2Y8LY00GC,巨蕉聯盟,8000028,432960,152,30
152,#9JV8PL28,재미,8000037,432143,153,30
153,#29CRL2LP9,💜KANKALAR💜,8000025,430789,154,3
154,#2G0L8LJV0,ה'1 המלכים,8000029,429826,155,30
155,#C00PYQLU,ÖLMEZ AILESI,8000029,429565,156,23
156,#2C88YYU8V,Brawl Bandits,8000049,429294,157,29
157,#2Q2VJC2C8,홀릿군단,8000059,425321,158,30
158,#LYU8YQY0,BIG GUYS,8000049,421034,159,29
159,#2G9YGVJQP,Н.Д.Е.К.Д,8000025,420119,160,28
160,#2JYG8P9GY,sub-t 클럽,8000049,419666,161,29
161,#28V899J2R,Butter|CM,8000033,418151,162,3
162,#2CG2GJR2Y,Al Otaibi,8000037,414649,163,29
163,#2LQ8J8GLP,💔YALNIZIM💔,8000023,414091,164,3
164,#GYC22GYL,🌃gecelik🌃,8000021,413677,165,25
165,#LG9R2LC9,عصابة زمزم,8000017,412172,166,30
166,#QY0CYR9Y,The Noob's,8000057,412017,167,21
167,#UP2VUJ2C,:3.,8000057,411231,168,30
168,#LU8C0J0Y,衝杯俱樂部,8000035,410011,169,30
169,#2JPYRRGGU,Albania 69,8000036,400947,170,27
170,#28V9LVGLY,polpini,8000017,397599,171,28
171,#2Q0GJQLYL,花生戰隊,8000013,396052,172,30
172,#R880LQCC,Shqiponjat1,8000029,391529,173,26
173,#28822Q828,Europe Team,8000023,391172,174,23
174,#29R9Y8R2P,BYTKOBORCI. SK,8000040,391005,175,30
175,#LVLUL9PP,Kosovo is alban,8000023,389605,176,29
176,#2G929VGVY,La racchetta2.0,8000023,389106,177,27
177,#2G920GPJV,ALBANIA🇦🇱,8000022,388876,178,30
178,#2PYUGRG8U,Königs 8-Bit 10,8000029,387824,179,21
179,#28299VC9R,Gamer' Club,8000029,387700,180,27
180,#2JV2CPG9Q,뿅뿅 지구오락실,8000003,387235,181,30
181,#2QP8YJPPY,ZORO|TM,8000059,385801,182,15
182,#QR0GL0RJ,Albania,8000037,383747,183,30
183,#2PGGU9CVP,kings,8000023,383213,184,28
184,#V2RR8YJ,yung clan,8000017,382139,185,27
185,#2GPCCC22P,spike,8000013,380683,186,30
186,#280YQ02QU,FRANKFUTGANG,8000029,379325,187,28
187,#2PR2JPQP,cherche meuf,8000028,378905,188,29
188,#9JU0PPJL,Dark nights,8000004,378706,189,30
189,#J2UGVYC8,го друзья 2,8000004,377713,190,6
190,#2QYJ9Y89V,{}{}{},8000003,375948,191,27
191,#2QUJCRC98,유찬 군단,8000013,373430,192,30
192,#29P9CPGP0,רוצים לשחק,8000037,373058,193,29
193,#2JYJ9YVYY,palude,8000047,370166,194,13
194,#2LGUU8JUV,ЛУНА🌜🌛,8000059,367862,195,28
195,#YG999PRU,короли бравла,8000029,366580,196,21
196,#UYLCVULY,KosovaKing,8000021,366480,197,30
197,#QJ92JLCC,Albania,8000004,365228,198,29
198,#CJUV8LVL,😈Lord😈,8000019,363941,199,4
199,#29LVRUC2L,FRIENDS CLUB,8000004,361665,200,30
