,tag,name,badgeId,trophies,rank,memberCount
0,#22U22YCJC,Zombi|Team🧟‍♂️,8000004,2912617,1,18
1,#2LJV0CRLR,ȶɦɛ ʟɛɢɛռɖֆ,8000021,2309689,2,29
2,#L09GCCJL,Terzo piano,8000040,1520570,3,23
3,#VG08UL9P,polsalm,8000029,1253183,4,29
4,#VUJG20J9,BS|Warriors,8000057,1182249,5,30
5,#29RGJCQQ2,Gods of wars,8000027,1135530,6,30
6,#20G0QQ0RV,I LEGGENDARI,8000029,1127904,7,1
7,#82RYQGGV,Catalunya,8000006,1030084,8,30
8,#2JY2GVJQ0,Españoles🇪🇸✨,8000023,997472,9,29
9,#2Y88C28YC,DK<c7> GODS</c>,8000057,984196,10,30
10,#2RGYRRV8G,SOY ESPAÑOL,8000029,918598,11,30
11,#8PLQ2PRJ,301 CREW,8000059,915491,12,30
12,#2LRLGYGL8,✨ORDEN✨,8000018,912836,13,22
13,#2CR8PG2VV,LEGIONS,8000029,897467,14,30
14,#2GP2LQJ2G,Imperio Estelar,8000021,882031,15,30
15,#2RJ20UVJQ,✨Los Mains✨,8000041,872360,16,30
16,#9JULL8LQ,Anonymous,8000004,867338,17,30
17,#YRQCJLVJ,Alianza LDC,8000023,854391,18,30
18,#29L29R9PY,Abraza Arbustos,8000037,840450,19,30
19,#28V2PL0QP,Bombarderos,8000056,840147,20,29
20,#29RPL8R2L,БЕЛЯШ✨🗿🥐,8000029,836129,21,30
21,#29QJC92GL,구독과 좋아요 나이뜨~,8000037,826101,22,30
22,#L2Q8GPUU,ESQUIPULAS GT,8000057,820798,23,30
23,#Q9J9RRJ9,<c3>AG10</c>,8000043,808862,24,30
24,#2P2RRVJL2,홀릿군단,8000059,805825,25,30
25,#2QPL0JJGP,Clan Hub,8000037,804999,26,28
26,#2CL9VUV0P,xLeague,8000037,793431,27,30
27,#JR0UQ9VG,Prietenia❤️😈❤️,8000025,791233,28,28
28,#2C9C92U29,마지막,8000023,790296,29,30
29,#2GU98V8Q8,PatriCastill0,8000041,777726,30,28
30,#2CYJYU0JR,🇦🇩🏳️‍🌈🚀,8000049,775887,31,30
31,#CPQRR92P,mongolos,8000029,771216,32,30
32,#2LJ2J0CJV,🇹🇷C2W E-Sport,8000023,739591,33,2
33,#28RJUGQ98,THE RØMĀŃØS,8000031,736359,34,30
34,#2G8CJL8G0,For The Win,8000029,730300,35,30
35,#2R229QYLG,OneGods,8000023,729727,36,30
36,#2G9Q2LGUP,✨|SuperBrawl|✨,8000049,728298,37,27
37,#28RV9PQ0L,MY KING 👑,8000023,724792,38,30
38,#J09G2CVV,UYUWA,8000009,714934,39,28
39,#2GVU9JY2Q,Los Fénix Rojos,8000037,714193,40,30
40,#2RGCCP0YC,Team|Lions🦁💥,8000018,713548,41,30
41,#29GV8JUUU,🤑Insanidady🤑,8000058,709489,42,30
42,#VPCLGGUU,☄️✨🌌GALAXY🌌✨☄,8000052,709006,43,30
43,#UYLPL9UP,أساطير العرب,8000023,693230,44,2
44,#2CYVLCGR0,XKatsu,8000049,692501,45,30
45,#2LVUYPLRP,fiction,8000025,688329,46,30
46,#29QJGQGQR,كرستيانو KSA,8000059,681627,47,26
47,#PGCGR99C,chamoys,8000035,680252,48,29
48,#2R8ULRV,PuroHumo42O,8000045,679155,49,30
49,#QCQ98R8,andaluces,8000027,678753,50,30
50,#2GR8GUUV0,sevgililer😎,8000049,677497,51,4
51,#29PQLJ28Y,SQUIKY,8000058,660069,52,30
52,#2C98PG8GR,MARISTESMAFIA,8000027,649847,53,30
53,#2CRYCCLV0,럭키가이,8000037,641163,54,30
54,#QY08PU98,CXF | Warriors,8000010,636954,55,27
55,#8CPQVQCL,정우고수,8000022,633632,56,30
56,#CLL0RGPL,¡OnlyPaquiFans!,8000029,623057,57,30
57,#QYLRLV,Lasagna Titans,8000037,619124,58,30
58,#29LCLVPUY,CR7🤫MESSI,8000033,617361,59,29
59,#9QG0RVC,moraos AND,8000013,617141,60,25
60,#2C9RU298,Gaudí Resort,8000048,614549,61,30
61,#2UQJVQ2P,KieresMasTosta?,8000017,607648,62,30
62,#J0CVQVJU,CAMPEJADORS PRO,8000023,605809,63,28
63,#2CL22G90R,hola,8000037,605595,64,30
64,#2GLPUPJVJ,Клуб Орда,8000059,598757,65,27
65,#Q2UU9Y89,크롱,8000033,596854,66,30
66,#CG8R8209,Los pvtos,8000057,593388,67,27
67,#U92U8G2G,JB,8000002,588844,68,30
68,#QLJUPJ2Q,"LA LU, CHAT",8000037,587709,69,30
69,#LU92U9R9,🇺🇦UKRAINE🇺🇦,8000050,586310,70,30
70,#29LRRJYC2,LOS PANKEKESaña,8000035,576625,71,30
71,#2QCLRV82V,Peeeeeeeeeeeeee,8000035,574709,72,30
72,#29QJV9V90,X_TeaM,8000015,573144,73,30
73,#2JJ0QP8UR,《brawl♧kings》,8000059,571117,74,30
74,#2G8YLGR82,Team Przyjaciół,8000007,570822,75,4
75,#2GPP20999,At the highest,8000059,570075,76,28
76,#QYJJL0UP,Brawl_Good,8000049,564410,77,30
77,#C2LL28GP,للأساطير فقط👑,8000004,564273,78,2
78,#2GY9P9UJR,עם ישראל חיי,8000029,563583,79,30
79,#GU8GPQC2,🇮🇹L'ITALIA🇮,8000029,563537,80,24
80,#28V820JLQ,Team Papita,8000007,561967,81,30
81,#2CRPY289C,Los troleros,8000057,560610,82,30
82,#2JJCRQLUC,Séquitos BRAWL,8000033,558541,83,30
83,#2RCQQQCVU,cabezonabos,8000034,558323,84,29
84,#VG9JGUQY,😎CLUB😎,8000037,553153,85,30
85,#2J99C0UVV,김한빈,8000029,550862,86,30
86,#2C9LJ2V9J,돼지저금통열심히하자,8000037,550808,87,30
87,#2YPCU0LJL,ASIS CREW,8000053,543545,88,26
88,#YCURJRCP,Joqkes pra,8000029,543376,89,30
89,#2R09PL0YV,LOS F4ZE,8000021,542233,90,30
90,#2J8YVJP29,winersᴄʀᴇᴡ,8000036,541647,91,30
91,#2PJQVR2C,Brawl Fair,8000016,541326,92,29
92,#G82QGYCQ,Gorros Clan,8000012,540063,93,30
93,#200UVVPYQ,Geologist,8000006,539352,94,29
94,#2G2LPRL9Q,ʙʀᴀᴡʟ sᴛᴀʀs ɪᴛᴀ,8000022,535445,95,1
95,#299QCRRCR,OS BR 2 🇧🇷❤️,8000016,531291,96,30
96,#2C9YL0QU9,LabHub,8000015,521755,97,28
97,#20J9LLRYU,417wwe,8000036,517953,98,30
98,#2C9YPRGRC,Dark&Start,8000029,516258,99,30
99,#JRGY9PV,PetterRabbit2.0,8000029,515388,100,29
100,#2CQU2YRVP,MAPACHE TIMIDO,8000012,513759,101,29
101,#20GYRUPQL,ElPerroLoco,8000027,513284,102,30
102,#2GPJGCCGR,MegaChucha,8000015,509354,103,30
103,#2Q9RV0CCJ,사랑의 문구사,8000028,502970,104,30
104,#2JPYUCV0L,los insanos,8000047,498396,105,30
105,#QLPG0QVJ,Los pros,8000019,497465,106,30
106,#2C8GUUPJL,불닭볶음면,8000011,496072,107,28
107,#2RG98VUPL,🌟Ǥaϻes Adç🌟,8000054,494706,108,30
108,#2J9Q20JQL,VARDYS,8000034,493961,109,29
109,#QVQUGQYV,GECE,8000021,490401,110,4
110,#2P8G8PYV8,😈ANONYMOUS 2😈,8000047,487231,111,28
111,#2QUGQPV0,ΤΑ ΠΟΡΟΜΕΝΑ,8000022,484860,112,15
112,#2JYRY9VGP,COCODRILOOOSS,8000036,480625,113,30
113,#29PUG9YJC,escuadrón papu,8000031,480211,114,28
114,#20RY9LY20,청룡도,8000019,477331,115,30
115,#2CRP8P9GC,Kasztany🗿,8000031,473839,116,30
116,#U29YCQC0,CITI - BRAWL¥£,8000019,473814,117,22
117,#22J2LC8LY,tha supreme,8000000,472001,118,30
118,#2CPYCJJC0,더킹모여라,8000018,466589,119,29
119,#2CGVJVJRJ,Testiculs,8000013,462850,120,21
120,#YCJVPU9G,darkness,8000007,460880,121,2
121,#29J8R8RQU,ΞPanDoraΞ ɱ,8000023,460266,122,30
122,#U0U2R8RL,de goude clan⛺,8000004,460110,123,1
123,#2GP8G9L02,ICE,8000052,456168,124,21
124,#28R8J0GPV,lobos,8000047,456008,125,30
125,#2R82JP9V,Basics,8000004,455161,126,27
126,#228LQP0R,super colegas,8000016,451384,127,27
127,#2GUVLYUGC,This Is Galaxy,8000039,450484,128,28
128,#RQCVRUU,TREZE,8000044,448418,129,29
129,#P829CCP,Team Galiza,8000013,448332,130,24
130,#CP02Y8L2,♪★_Friends_★♪,8000009,446871,131,2
131,#LQCCQR80,مناف,8000035,446703,132,23
132,#QQ20JGUP,Rovestar,8000045,446505,133,18
133,#2C99QJPG8,Dark Necrotemor,8000043,445804,134,30
134,#VUU2RQ98,ИГРАТЬ И ИГРАТЬ,8000025,445072,135,30
135,#2CR92VLU0,тимоха,8000008,445050,136,30
136,#2GP02LJ08,BBB BacoBurger,8000012,444455,137,25
137,#28VVUVRGC,dream,8000024,443834,138,30
138,#QLRVCVJ0,solo Heters👍🧐,8000029,442624,139,30
139,#YPGGUUPP,小學雞 2.0,8000003,442457,140,10
140,#88JLGUR0,UYUWA,8000015,441410,141,25
141,#2QV8CJ88G,골드 스타파크,8000018,438394,142,30
142,#2JJPULLLV,trembolonicos,8000004,436663,143,30
143,#J2L9RLYL,Greek iluminati,8000031,435505,144,6
144,#QCR0VL,Weird Army,8000041,435008,145,30
145,#20QGRLRR9,vamos españa,8000034,431531,146,29
146,#28JYVVCC,brawl skrr,8000029,431006,147,30
147,#JG8GGR8,I NOVA ESPORT,8000010,430126,148,30
148,#2RYC2JGPJ,나의 클럽,8000037,429293,149,28
149,#2VCRQ9VQ,losproxd,8000006,428367,150,30
150,#2JQ99YJP0,Zero🧽,8000049,427382,151,29
151,#2PRVJQL9P,One$quad ™,8000025,425726,152,30
152,#2JUCQ22GP,MAHALLA BRAWL,8000001,423170,153,30
153,#2GR2QGQL2,toumanYvalhalla,8000030,420664,154,23
154,#2GY8CVCJU,코리아 Korea team,8000034,419072,155,30
155,#2CGUCU9QQ,양정이기자,8000022,417698,156,26
156,#29JR88C9V,só os melhores,8000027,417229,157,30
157,#2GPGCQU8Q,MMA сила,8000037,417185,158,30
158,#20Y8CLRY,Nova Prime’s,8000023,414814,159,30
159,#20JYGYQUL,Yo yo,8000021,412995,160,29
160,#GCPYVU0,ÜMİDİ AİLESİ 2,8000029,412615,161,4
161,#92JG2YGL,חרב בוהקת,8000037,410352,162,30
162,#289UGY898,Horuspro,8000033,408418,163,30
163,#2C9Q0LRQV,Espluguenc A Fc,8000043,407124,164,30
164,#UYJP9VV8,CNM KANKAM💘,8000010,406581,165,1
165,#2C0GVUR99,최고의 클럽,8000031,405961,166,30
166,#2R92CJJLJ,DKC,8000030,405036,167,30
167,#2JJUCY0VY,영대군단,8000049,404044,168,27
168,#29L8Q9L88,ANIME TEAM🇬🇷,8000055,403739,169,10
169,#L9JGR82L,mec+meuf=💖😍,8000012,403431,170,29
170,#JGCGL828,Team zercent,8000034,403234,171,30
171,#28GU2J8VJ,ЧИКИБАМБОДИ,8000027,402736,172,26
172,#2LRVUGJPP,행운의 클럽,8000000,399986,173,30
173,#Q2PPR8C2,попа тика,8000023,397837,174,30
174,#2PQ9R9Y2C,Seasonal Sprout,8000059,397824,175,6
175,#22LV8V8UC,50k push,8000029,395841,176,30
176,#JRG2VRRU,Românii,8000000,394606,177,30
177,#2JUGJ0VG8,짹짹이 인라인,8000008,392086,178,30
178,#PPUJP9V0,FRANCOPS,8000007,390603,179,26
179,#8YVCPUVY,vasa,8000000,390350,180,30
180,#29QYQR0RU,פטריק,8000034,387910,181,30
181,#UJC808PV,Lh|Good show|•,8000023,386899,182,4
182,#QRVUYRVL,MEGACOFRE🥇🏆,8000037,386640,183,28
183,#UGGGRLG0,MMH/Rank,8000029,386619,184,19
184,#2029VP0G,lucentilianos,8000017,386321,185,30
185,#29VC00GRG,los andorranos,8000053,385755,186,30
186,#2RQQ90YCY,Main Gadgets🤖,8000057,385087,187,13
187,#29LRJC0UY,Anashei junior,8000018,382905,188,18
188,#2G828QGQ8,📞👻,8000002,381968,189,29
189,#2GVGCPJJP,ㅇㅈㅎ,8000037,381310,190,30
190,#2LVVQYYJ9,The_Lords♡,8000021,380716,191,29
191,#VLR0LLY,COLOMBIA,8000011,378583,192,30
192,#2C8YGYGQR,УкРаЙнА ТоП🇺🇦,8000002,377913,193,30
193,#2998VU0CY,El team tesla,8000011,376022,194,30
194,#2RURR8PJL,ОпасныеШипастые,8000001,375279,195,22
195,#PUUJ0JPJ,Toți prieteni!,8000043,373742,196,23
196,#2299YGLRC,слава Украине,8000058,372764,197,20
197,#PQUL22Q,VIRTUS 2.0,8000027,371822,198,24
198,#2CLLJRPCY,𝒟𝒶𝒴𝓈𝓉𝒶𝓇,8000059,371538,199,25
199,#2C2QJLP8P,화성에서엘프리모,8000025,371154,200,30
