,tag,name,badgeId,trophies,rank,memberCount
0,#JJLQUJJP,Kwiaty Spajka,8000013,2256789,1,12
1,#2QG2V8Q0Y,Asyaa Squad 🐢❤,8000023,2252004,2,1
2,#L8P0YUYY,QARABAĞ🇦🇿,8000031,2033874,3,30
3,#2PP9YGYGV,FrïēñdlyFôrtúñe,8000057,1991881,4,30
4,#2C2G2GUPJ,No Mercy,8000029,1885765,5,28
5,#2JQ89LCJV,B T H Alfa,8000025,1776194,6,30
6,#2RUQ9R0VG,LA Instinct,8000035,1747470,7,30
7,#2CRQG9VJ0,Kidz With Gunz,8000059,1580475,8,30
8,#RCL2PRVR,●°A M U S°●,8000025,1546934,9,30
9,#2RC9LRJU0,AR.ES,8000052,1526689,10,28
10,#28LQCPLY2,<c2>Phoenix</c>,8000037,1494045,11,30
11,#VRG22YU0,Tower of God,8000023,1484683,12,30
12,#289R0YLPQ,B T H Gamma,8000025,1474778,13,29
13,#LYVRVQ99,chacareros,8000009,1473792,14,30
14,#P0J8RQYU,《BRAWL MASTER》,8000059,1472400,15,30
15,#P99PV2LG,AF|KINGS®🛡️,8000027,1467034,16,29
16,#2PGU0209,QuarrySecret,8000033,1454832,17,30
17,#2G2000UC2,Infinity ARG,8000003,1445561,18,30
18,#2QUPVUYVQ,<c0>ArgStar</c>,8000052,1441970,19,30
19,#2LYCR2GVU,Top Los Zarnas,8000025,1437368,20,29
20,#9RYG2V,DulcedeLeche,8000029,1420279,21,30
21,#28PPRR0RV,B T H Beta,8000025,1420245,22,30
22,#VRUC0LJ8,Los Fantasmas👻,8000057,1409566,23,29
23,#2C29UUG8V,MT Leyendas,8000059,1401357,24,28
24,#22VPQ2VU9,<c5>Sky</c>Crew,8000052,1399789,25,30
25,#2CQ0R9JQQ,Retirated Crew,8000039,1398688,26,30
26,#CJ2GPGUL,|Bandurri|,8000023,1396396,27,30
27,#299UY02PP,los picantes🌶️,8000037,1384351,28,30
28,#2GURGGCGQ,Arg marpla,8000035,1383920,29,30
29,#2JVR9G8QL,SQUAD ELITE,8000034,1360914,30,30
30,#2C9LRRYCV,Los Marginales™,8000019,1351771,31,30
31,#2RL2LLUPU,Aston B¡rra,8000001,1343165,32,30
32,#VU0VCRQ,¥MilanesayPapas,8000025,1341220,33,30
33,#29PGJY92Y,New Era,8000021,1333055,34,30
34,#2L9VPV2JP,Golden Monkeys,8000018,1330869,35,28
35,#222LVL298,><Dark Place><,8000011,1325061,36,29
36,#2GPR2RPJQ,xGaming,8000023,1324443,37,29
37,#2GYY90U00,<c2>Won</c>Kru,8000037,1321967,38,30
38,#2C8LGVCRY,BFF Comunity💖,8000039,1319514,39,30
39,#29QGQGUQQ,Endless Team,8000003,1314124,40,30
40,#LJ0JLQPP,los gorditos,8000037,1308798,41,30
41,#2GCCCL9LG,Natus Vinceres,8000025,1303256,42,30
42,#VUYL2LRQ,<c7>GOLDENS</c>,8000018,1291665,43,29
43,#28CYYQ9YP,🔥AkUmA🔥,8000024,1290559,44,30
44,#2JJ2YUQL8,Imperio Estelar,8000006,1280969,45,30
45,#2GRQUCLQ2,Élite Argentina,8000052,1278081,46,30
46,#8CR8CGYV,🔱🔥OLIMPUS🔥🔱,8000037,1275467,47,30
47,#20Q28UCYP,ARGMG,8000030,1272099,48,30
48,#2R0QYCVP9,Club Argentino,8000010,1269507,49,30
49,#2R2J2V8JJ,ARGENTINA >c2,8000037,1264716,50,30
50,#228U9UQQ,Devil's Luck,8000008,1259236,51,28
51,#2GGYLPGPC,LA SCALONETA,8000033,1259122,52,30
52,#20UV2PQL,Equipo Rocket,8000015,1257470,53,30
53,#299CQJ80V,Los pibes,8000029,1249848,54,28
54,#YVYLQGG2,LeYeNda-Arg,8000029,1249273,55,30
55,#2CRJLR9Q0,MT Míticos,8000037,1244784,56,27
56,#28G9GRVRY,Top Los Zarnas',8000021,1244005,57,30
57,#2PP0Q90QR,kal,8000037,1239386,58,30
58,#9U0L0G2U,I love randoms.,8000039,1231831,59,30
59,#2RY8YRURV,<c8>BibiGum</c>,8000039,1229076,60,29
60,#2YPYJ2QGL,hola,8000038,1225785,61,30
61,#28CCC0LQR,🔥ᵀᴱᴬᴹ ᶠᴵᴿᴱ🔥,8000037,1224920,62,29
62,#2LV9LLPQJ,GAME OVER,8000000,1222540,63,30
63,#L8QGCV82,VivaCristoRey🔥,8000029,1222140,64,29
64,#2G20PJGP9,A Few Good Men,8000037,1218705,65,29
65,#UUQGG888,Legendarios,8000029,1216749,66,30
66,#2C8PCPCRL,SMG| [Doritos]™,8000037,1216710,67,30
67,#2QCUYUU92,<c7>Do</c>Stay™,8000017,1215195,68,30
68,#2LGJPJ9RL,JESSIE ON,8000025,1215178,69,1
69,#2PLPVL282,Nova,8000037,1214662,70,30
70,#2CQCY9GJ8,🌵LX Team🌵,8000013,1214273,71,30
71,#LLCV0LJG,B T H Kappa,8000025,1212786,72,30
72,#VPQC2JL8,m1np,8000023,1211681,73,30
73,#9YQ2Y9,Team Salame,8000037,1206136,74,30
74,#GUPRJGCR,Legendarios,8000007,1204269,75,30
75,#2C9CCQ2UP,Black Storm,8000037,1203345,76,30
76,#2RVL98JVQ,DontFearUs,8000023,1202958,77,30
77,#2JQQC9YGV,IQ|VEREDA,8000000,1202446,78,30
78,#2CRVRJJR2,MateArgento🧉,8000056,1202201,79,30
79,#29882UPJG,BS|Elite🔥,8000059,1201548,80,29
80,#RCCUPYVU,LaMesaPesa,8000033,1197323,81,30
81,#22QV9YL2,TEAM ARG,8000018,1196478,82,30
82,#2RUC22QVL,UnitedDemons,8000039,1196118,83,30
83,#2GVC0QRPY,Tribal Gaming,8000013,1195826,84,29
84,#2GGRUVV2G,La Scaloneta,8000055,1195396,85,30
85,#2R929Y08P,Multiverso,8000029,1195369,86,30
86,#V2GQ8YJR,HOGWARTS ⚡,8000007,1195105,87,30
87,#2JL029G92,I Will,8000037,1193270,88,29
88,#2JC08JCRR,Monkey Team🐵🍌,8000029,1190006,89,30
89,#22JRU92RU,toman,8000029,1187147,90,30
90,#2JV2PPCL0,🇦🇷,8000029,1186985,91,30
91,#C9R28RRY,Master Top,8000025,1186905,92,30
92,#2JJVG9GLY,Trofilos,8000035,1186833,93,30
93,#U0Q9ULRQ,Team Ghould,8000057,1184488,94,30
94,#28C2QRQ9,ARGENTINA,8000008,1182682,95,30
95,#2JCRCCCLR,GgJ/LML,8000014,1179488,96,29
96,#28QVYYY98,MVPs,8000028,1179239,97,30
97,#2JUPP9R9J,Vendetta ARG,8000025,1178340,98,28
98,#29JYYU9G9,Blue Label,8000021,1177618,99,29
99,#2G0JRGJL2,🌴|SRchorII,8000013,1175134,100,30
100,#2RV9G8GJP,𝖔𝖑𝖉,8000023,1170858,101,30
101,#22UJLVV92,Zama División ⚡,8000035,1170280,102,30
102,#2P8G2QVR9,STAR LEGENDS,8000029,1169582,103,30
103,#VCP0PVR8,La Banqueta 🍔,8000041,1169477,104,30
104,#V2J2C8R,smoke li,8000042,1168089,105,28
105,#2RVUVCJQ8,Argentina,8000048,1163283,106,30
106,#2PRCPC9UY,<c2>Tri</c>Crew,8000018,1162542,107,29
107,#2CGQ0GL28,DeCode,8000021,1162124,108,30
108,#20VQRPG8L,Interstellar,8000006,1160800,109,30
109,#PL2JYRJ2,GINTAMA™,8000011,1159826,110,30
110,#2G0JU00RJ,ARG UNIDA,8000029,1154897,111,30
111,#28G2GP8YL,los dinochaurio,8000037,1150880,112,30
112,#2JU8CQQ98,Clob Club,8000023,1148018,113,30
113,#2C2RUYY9U,Piratas|SPD,8000000,1146510,114,29
114,#298QYYQUL,party poison,8000038,1140895,115,26
115,#29YQYCY8Q,<c7>KING</c> 👑,8000029,1139597,116,30
116,#JR8GVG22,Infinity Brawl,8000037,1136547,117,30
117,#VPUJVQUC,Espada sagrada,8000029,1136359,118,4
118,#Q8RJRV98,legión PAPU,8000023,1134165,119,30
119,#2R90QY89Q,TeamSecretX,8000035,1132090,120,29
120,#29828PYLV,Ƭʜᴇ Sᴘɪᴅᴇʀ🕸,8000037,1131741,121,30
121,#CUVRQQ9R,Argentina Team,8000029,1130391,122,27
122,#22JJYR99C,Maggios Crew,8000025,1129399,123,30
123,#U8UU8J92,LA DeRuta,8000013,1127769,124,30
124,#22LGVQ8CC,Space ARG,8000007,1125500,125,30
125,#YLRVCYC2,Rαz⊕r,8000007,1123823,126,30
126,#2P0V2LG8V,🐝FANS DE BEA🍯,8000018,1120096,127,29
127,#2C0C8VPLC,Fantasmarg,8000057,1119990,128,30
128,#2J2Y8PU9U,Tunometecabra,8000004,1117577,129,24
129,#QLCYVPVV,SDLG play,8000025,1117158,130,30
130,#2GJU92R9V,Recklees Tiem,8000039,1116365,131,30
131,#2Q9YC0GC0,TheInfernal'S,8000023,1114331,132,30
132,#2JVUPPYL2,Hell's Soldiers,8000037,1113787,133,30
133,#2J2U2VUUQ,Latam Gaming,8000050,1110733,134,30
134,#2PR0V0CRC,Mini Pros,8000010,1109820,135,30
135,#2PP9U2G8,Club Argentino,8000021,1109629,136,30
136,#VV9CCP00,La Milanga⭐╚②╝⚽,8000023,1109422,137,30
137,#2CL90LR9Q,brARGstar,8000018,1106428,138,30
138,#2CRL28Q8V,dark og 2.0,8000023,1102231,139,30
139,#RQG0U8CG,TEAM RICHARDO,8000037,1101053,140,28
140,#2JCCGJY89,Duo Leña,8000023,1099841,141,30
141,#2GPYCY2JC,AG|killer⬆️,8000003,1096793,142,30
142,#29R8C9CYR,ARG 🔥|Flare,8000037,1096522,143,30
143,#200LL0UY2,BLU | LEGEND,8000037,1096168,144,30
144,#28QJYPU9P,siiii,8000049,1095851,145,30
145,#2C9892CUU,brawl champions,8000025,1095234,146,30
146,#2RJ29RUYP,➣𝕋𝕠𝕡#1,8000058,1095208,147,30
147,#2R80YLQ0Y,Blunt,8000023,1091289,148,30
148,#2RL29C9VJ,V3nners Den,8000041,1089066,149,30
149,#2JGLVP2YG,彡[ŦĦ€ ҜƗŁŁ€ŘŞ]彡,8000016,1087960,150,30
150,#2GPJYVPJJ,The Top stars✨,8000018,1087852,151,29
151,#28QQR808L,TuRrO fC,8000004,1085356,152,30
152,#9JULL8LQ,Anonymous,8000004,1085344,153,30
153,#2P8PQ9RJY,😎LEGENDARIOS😎,8000059,1084322,154,30
154,#22VQJU8QG,EXTERMINION,8000049,1084129,155,30
155,#2Y9GV0LQ0,yaeo,8000047,1084123,156,30
156,#2JVU098JP,SDK Team,8000010,1083818,157,30
157,#UJQCGQCP,Pollo con Arroz,8000041,1083577,158,29
158,#LUV0RLJV,La Cofradía,8000004,1083260,159,30
159,#20CU2R8V8,ATR Bro,8000053,1083218,160,30
160,#L2CRGLL2,EXPLORATION🎃,8000029,1082380,161,30
161,#29J882C20,<c5>Glacial</c>,8000050,1081273,162,30
162,#2C2CLRUC2,🔥𝓖𝓡𝓐𝓢𝓤🔥,8000037,1080610,163,30
163,#2JJG98LYJ,LA SCALONETTA,8000018,1079474,164,30
164,#2Q90VV9LY,ARG WARRIORS,8000030,1079471,165,30
165,#UUQQYLYC,❤️K TEAM F❤️,8000035,1077617,166,30
166,#29JQPY8JY,Hydra star 🦋,8000041,1077374,167,29
167,#QYQCULG,BrawlArgento,8000050,1074606,168,30
168,#2LCVPP20L,mecha mecha,8000039,1071694,169,30
169,#2RVQ2C099,<c8>QBrawl</c>,8000041,1071671,170,30
170,#2GQVG2QYQ,potaxianos,8000043,1070979,171,30
171,#20V82LUG,Corrientes Clan,8000002,1070169,172,30
172,#229R0VRU9,YOUTUBE,8000023,1070143,173,30
173,#QQLPVR82,💛X-Men💛,8000049,1068772,174,30
174,#888L90R,Argentina piola,8000046,1068065,175,30
175,#C98YY2C,TeamBrawl,8000016,1065061,176,30
176,#2JJYYJPJQ,~BS~CASTIGADOR,8000004,1065034,177,30
177,#2JGLQUURQ,La escaloneta,8000049,1064518,178,30
178,#2JU92GVC9,TeamGMRW,8000057,1063427,179,30
179,#2JLRLPQ0Q,TC|🎃Calabaza🎃,8000047,1061866,180,30
180,#2RJY9JLUY,Cockoronch🦅,8000030,1061767,181,30
181,#2C9QRP2QU,Dedos Lentos,8000003,1059672,182,29
182,#2RY2VV8V9,Herny Carrea,8000037,1059318,183,29
183,#QQC0JR,La Trini,8000029,1055386,184,30
184,#2QLUJCQU0,Inter Series,8000047,1053893,185,30
185,#GG9LVV,LOS REBELDES,8000049,1053197,186,30
186,#2JR2GUGCL,ARGENTINA,8000058,1050772,187,30
187,#2YLR0QCV0,NightMare🖤,8000036,1047915,188,30
188,#QGL8GYCU,TrueBankaiVK,8000059,1046778,189,30
189,#2C8L99C0Y,<c5>Latinos</c>,8000055,1046006,190,30
190,#2CRP2QUR9,Infinity ARG,8000007,1044194,191,30
191,#2G8VYVUYC,The Besto Club☆,8000029,1043903,192,30
192,#22LLCPVPV,UNION ARGENTINA,8000052,1042035,193,30
193,#YYGLYYGC,activos,8000055,1040250,194,30
194,#LUR9JQR8,AQM|TEAM,8000035,1038633,195,30
195,#2GJ0VU8RU,pasharingas_no,8000039,1035663,196,30
196,#LUQJJVY,Alianza Royale,8000034,1035012,197,30
197,#2QUUU9JGC,anti gringos,8000024,1034978,198,30
198,#20RP9VUCY,Olimpia,8000059,1032999,199,30
199,#29Q2UQLJJ,Union Latam,8000052,1032826,200,30
