,tag,name,badgeId,trophies,rank,memberCount
0,#2PUUYJLQL,XIII Legion,8000029,4000458,1,29
1,#2G2QGCRL2,GStars Power,8000014,3327187,2,30
2,#2QV0RCUC2,Legion Augusta,8000037,3250884,3,29
3,#VL9JLRJ,ILKA GAME,8000014,3103703,4,30
4,#RVUURC9G,🔥Red Dragons🔥,8000029,2566558,5,1
5,#2QQR99809,...,8000023,1928426,6,30
6,#V8JVC9Y0,CHAMPİONS,8000025,1832253,7,30
7,#29U2090R2,TeamRaiper,8000045,1757346,8,30
8,#2RR8QG8G,PastelDequeijo,8000029,1606576,9,29
9,#2PUGVGRJL,Legion I Flavia,8000029,1605572,10,29
10,#G8UQV0Y2,бонжур картошки,8000023,1476502,11,30
11,#UJCJLLLJ,חרדים בנשמה,8000018,1464788,12,25
12,#JJURV2QL,MIDNIGHT,8000023,1443728,13,2
13,#QPVRRV9L,Лега блин,8000016,1378001,14,30
14,#QUJ9JYCG,اسطول شعر احمر,8000023,1325362,15,30
15,#2P22U889P,「Ţhę」`FłąśH☆🌠,8000027,1255198,16,29
16,#20PCJ8U8V,Warriors of Lig,8000029,1246547,17,30
17,#QPCLUQJR,les Capello,8000023,1243462,18,30
18,#QCPVQC2C,ReBorn🖤11,8000033,1224639,19,30
19,#VJ80V28J,ENDIKHUB 2,8000023,1141648,20,8
20,#8VYVUV0R,THE NOBLES,8000009,1116334,21,2
21,#2G0U0QC2J,Old Team|AM🇦🇲,8000021,1112347,22,30
22,#2CYVQGJ28,Адская Боль,8000023,1086580,23,29
23,#URVYYC2J,Slovak Elite🌟,8000027,1055630,24,30
24,#29QJ89L9C,<c2>GS</c>|BJK,8000025,1052801,25,30
25,#2CY8CG02J,🌺Pink Vision🌺,8000011,1041874,26,30
26,#29RLLU8RU,Arm-Smile🇦🇲🔥,8000037,1035777,27,29
27,#2GU8RJUL8,Legion Claudia,8000029,1029588,28,6
28,#JGGU9CVY,۞ᴋɪᴛsᴜɴᴇ۞,8000021,1016795,29,4
29,#2QV228QJ8,Bullet Echo,8000059,1006136,30,30
30,#2JVCRY29U,The Titans,8000036,1005601,31,30
31,#V99R0GRP,<c7>✨|Frenz</c>,8000029,997415,32,3
32,#88VYCR82,🌜моои🌛,8000029,972423,33,30
33,#2J9PGR20C,Badminton Lin,8000035,957147,34,30
34,#202LUP9JJ,<c7>PRO</c>,8000004,932745,35,2
35,#29RR0LRPC,BadBoy Esports,8000057,920492,36,29
36,#29GGC8RR0,<c8>ＬＯＶＥＬＹ</c>,8000010,917977,37,8
37,#29LP00GGQ,Purple_club,8000041,895769,38,30
38,#29LR9URGC,My World🌍,8000021,895253,39,28
39,#2080Y9CU9,KIDS BRAWL🇦🇲,8000029,887637,40,29
40,#2C9UQLPG8,ossetian hawks,8000007,887415,41,30
41,#2JCQV0JUR,A # A ABC,8000047,886591,42,30
42,#8JJPRP2L,Legion Dacia,8000029,884510,43,29
43,#2CQC9PLR9,Domínio do Ódio,8000040,871469,44,29
44,#2G88GYVUV,DRAGONS IL,8000016,867475,45,30
45,#29Y28VJYV,ARM Holding,8000025,861661,46,28
46,#9222L8JR,@ШОКЕРФЕЙС@,8000034,856056,47,30
47,#Q9JC2PCG,BRAWL AMIGOS,8000023,848371,48,30
48,#YQV0U8YJ,ТОПЫ ЛИГИ,8000037,832475,49,30
49,#2JRCVR9J2,K.O.M.A.Z,8000029,830160,50,30
50,#2RVU8YV2V,NewLegends,8000027,821553,51,27
51,#2JCRRR0LC,pivofanat club,8000023,811331,52,30
52,#2RPLR99PQ,PELMEN,8000059,799305,53,30
53,#LUJGJC99,POLSKIE ROŚLINY,8000047,776459,54,30
54,#29JUUY8UJ,Elite,8000002,773428,55,29
55,#2C2LC89JU,_otm❤️club😎👎_,8000029,773386,56,30
56,#20Y82RC89,Hay,8000046,753106,57,29
57,#2JL90L829,ПРЕДАТЕЛЬИ✌,8000054,746630,58,30
58,#9RVJCQ2Q,fino señores,8000021,744647,59,30
59,#2JVYU0QY8,vinchers team,8000055,744166,60,30
60,#2CLJCCCV,🌘GECE🌘,8000029,740899,61,30
61,#2QY0PU2U2,1 место🇦🇲🇦🇲,8000023,739167,62,30
62,#2JGVL9P0J,Wild Wild West,8000023,726650,63,27
63,#2G99C880L,Hayerov🇦🇲✌️,8000004,723310,64,29
64,#QR2YU0RV,ARM GANGSTER,8000059,723173,65,29
65,#2CPYPV9PU,Просто в соло,8000034,718706,66,30
66,#2G9YQJU80,LA5,8000023,718303,67,30
67,#VP9YRJR2,La Familia 🤗😊,8000059,716621,68,30
68,#C8VYLLG8,Edo-Bedo,8000057,712219,69,29
69,#9CQUYJVL,猴强削,8000020,706222,70,29
70,#28PUGYUP9,Relics HAWKS,8000003,705708,71,30
71,#2QQGG9LRR,Тик токерский,8000044,704135,72,30
72,#2CGLUVYLG,Бандерас 🇷🇺,8000059,694336,73,30
73,#22RQL2R9Y,ASKIM💙💜❤️,8000025,694244,74,10
74,#29G92R0QC,хижина👅кентов,8000043,694189,75,30
75,#2YPU0GYGL,🇦🇲Հայերով🇦🇲,8000021,692539,76,30
76,#2PVUGL2UP,Sharm|Armenia,8000049,678098,77,30
77,#R2Y9PGVY,Armenia Elite,8000006,670112,78,30
78,#29GPUYGCP,ArmGamers,8000051,662923,79,28
79,#29RGG99Q2,Armenia Noah,8000037,655413,80,30
80,#2JL9GYPVY,Армия Рол,8000023,653818,81,30
81,#RQCQQ0VL,Geceyi Sevenler,8000010,651148,82,4
82,#2RLV8UUUJ,любители мам,8000035,649521,83,26
83,#28CQQVPLC,ggttt,8000059,649398,84,28
84,#JCLQ9C0G,Леон,8000019,648887,85,8
85,#CCJ8CY9G,청담동 박박이,8000057,648253,86,30
86,#2C0PUU88P,LosUwU,8000036,645612,87,30
87,#28GLPVP90,DRINKS BR,8000037,645594,88,30
88,#29QRQPQPV,ARM🇦🇲🤍🖤 god,8000021,644653,89,30
89,#2G9VCY82V,Pitbike|Team🔥,8000049,642865,90,27
90,#2C2UQQU2V,САКУРА112,8000037,642708,91,30
91,#28Q8YJRQ,Michis crew,8000033,641463,92,19
92,#28RQU82V9,meuf belle,8000004,639770,93,28
93,#2C2QRUJYQ,Angel’s Eye,8000004,639292,94,29
94,#LQ0VLJJP,ННИ,8000036,638070,95,30
95,#2JYLRJGCR,эх шарик..,8000039,634478,96,30
96,#209U89RU8,ЭНДЭР-БУБЕДЖ,8000039,634042,97,30
97,#ULLVRR2G,브롤스타즈,8000029,634024,98,29
98,#2P8G8PYV8,😈ANONYMOUS 2😈,8000047,628065,99,28
99,#YQVGRC22,İYİLERİN GÜCÜ😇,8000009,626470,100,12
100,#2C98JUCLG,<c5>BIGBO$$</c>,8000034,625275,101,29
101,#2809Q0R8L,Areg YT,8000037,622987,102,30
102,#29GQVQL0Q,ARM_LIONS🇦🇲✝️,8000045,618420,103,30
103,#Q0JJ08UR,🇦🇲Հայերով🇦🇲,8000006,618138,104,25
104,#29022228C,POISONG,8000036,617289,105,30
105,#29YGLPQUV,T.H.J,8000054,616646,106,30
106,#202CYVPGG,🇦🇲KILLER🇦🇲,8000049,616332,107,28
107,#28P8PYVRY,TOP CLAN ARM,8000035,616032,108,30
108,#2RRGVRJL2,ПАБЛЁНОК,8000037,615052,109,28
109,#2LUVUGJRG,братеки,8000029,610696,110,30
110,#2JJJVLL0R,[Arm]Yerevan,8000023,609718,111,30
111,#29C28VGLC,Academy Dark🏴,8000035,607959,112,30
112,#2LC8P2VC8,√|νєησм 💥,8000057,604126,113,27
113,#29Q890Y0V,MER @NTANIC,8000023,601363,114,29
114,#2QYQ9GLCC,DABLOX,8000057,600069,115,30
115,#2JJ0YRQQ9,ARMPRIDE,8000004,599465,116,29
116,#2J2920YPP,Adaptive Strike,8000037,596879,117,30
117,#2G0UGRVJR,🔥😎BS TEAM😎🔥,8000006,596769,118,3
118,#2CQ8JVJQY,아무나 드루와,8000058,593692,119,30
119,#2C0RQCVLG,XatunarxX,8000049,591959,120,30
120,#29R8LPU8Q,게임하는사람,8000043,590836,121,27
121,#2GJ9Q9VL8,🥀The_Olds｡💜,8000056,587008,122,27
122,#QGPCJP8Q,Prietenii :D,8000003,586371,123,1
123,#22PYJYJL8,Carl's Club,8000029,581602,124,30
124,#2C820U0RP,🇦🇲ARM_OLD🇦🇲,8000037,579974,125,30
125,#VP920CGQ,Sharm YT|Red,8000023,579812,126,27
126,#2P0PRJL8V,5TB,8000059,579631,127,21
127,#2QL2QCCQP,og,8000059,579393,128,30
128,#28LGVJVC8,@Mega team@,8000029,579088,129,30
129,#98LQ0YRU,Mr.Бравлер,8000023,577929,130,30
130,#2R2YV2928,🤖terminator🤖,8000017,577922,131,30
131,#2229QRGU9,HAYEROV,8000055,577427,132,30
132,#2Y0GJQY28,19 Days,8000018,575975,133,30
133,#29RQRC88P,Sharm YT | 1915,8000029,572358,134,30
134,#QGC9URPJ,⭐MEGA🔥STAR ⭐,8000023,568424,135,30
135,#2QGVC8CCP,🇦🇲Shelby|,8000023,566491,136,29
136,#QQYY298U,Skill. Team,8000019,564526,137,30
137,#80J8JLGY,KANKALAR💜💛💕,8000018,564169,138,14
138,#V99C2CYV,КУЛИЙБАБЫ ❤️✌️,8000007,562356,139,2
139,#JC2L20L2,Аууууф,8000004,559956,140,26
140,#G2LV089Q,Papaya-ya,8000000,559256,141,24
141,#2QGL0P0QG,ARM Legends,8000029,559074,142,30
142,#2CR2UVJCV,BS | Family,8000004,559034,143,30
143,#UYJVY0CR,iubitii:))❤,8000007,556901,144,3
144,#2CY0GCUUQ,🇦🇲🇦🇲🇦🇲,8000021,553982,145,30
145,#22YJUJGR9,Chill|Zone,8000045,551652,146,28
146,#2JVLYYQPL,HAYER🇦🇲❤️🇦🇲,8000007,551240,147,30
147,#QJLYRP02,NAVI_ARMENIA,8000037,551150,148,29
148,#R0GUCR0R,Brawl Stars,8000006,549145,149,1
149,#Q8C808VY,Armenia,8000055,549053,150,23
150,#2GGC8PQ0L,I Morti Dentro,8000043,547224,151,30
151,#2RPYPCQC8,Sharm Family,8000021,546897,152,30
152,#280GYLYCL,LeGeNdArY KiNgS,8000029,542662,153,30
153,#J0YR22U2,İlk Aşk🤗❤,8000006,540135,154,30
154,#2YP8UYPQ0,Masis_Hayer,8000000,535541,155,30
155,#22VLYRLUP,🇦🇲ՀՀ ԿԼՈՒԲ AM,8000023,534256,156,30
156,#288UR220J,ARMENIA🇦🇲🇦🇲,8000055,531010,157,30
157,#2JR22C8LU,мегаящик,8000057,527559,158,30
158,#280RVJYYC,մեր դեմ խաղ չկա,8000029,527399,159,29
159,#2G8CCC0L8,$ARM🇦🇲ENIA$,8000027,527074,160,30
160,#YUPVV29Y,House Party🪬,8000029,525015,161,30
161,#YYC8VYQG,☆<c0>GeCe</c>☆,8000029,522076,162,1
162,#288Q2V8R9,эшкере,8000043,520012,163,30
163,#2QPY0UPGJ,StrongMans,8000057,517849,164,30
164,#L2CQRVLC,los umilldes,8000048,515732,165,30
165,#QJGUR8LG,ПИЖТ,8000000,515277,166,28
166,#2J8YV02JP,♂️Samurai♂️,8000041,514441,167,30
167,#CVRRLULG,Кто любит мортл,8000023,513167,168,26
168,#2VPGGC9P,ARMENIA,8000037,512371,169,29
169,#VCYUUQUC,Arm Kings,8000059,511659,170,30
170,#29GUQJ98Q,Нелч,8000059,510332,171,30
171,#29PUC9LCJ,MONSTER,8000004,509187,172,22
172,#8RG0GR99,ՀԱՅԱՍՏԱՆ,8000004,508736,173,30
173,#UUJJYQV9,Гачи Браво Стас,8000013,506868,174,30
174,#CR2JP8Q2,ArmChampions,8000023,498991,175,28
175,#2JV9GCJ2Q,ComebaK,8000022,498860,176,23
176,#QC8928U2,새대갈,8000000,498563,177,30
177,#22C2G092R,GermanElite,8000029,496227,178,28
178,#28GP9CVRG,Armenian King,8000023,495697,179,29
179,#28LVP09U8,GL Esports,8000037,495293,180,18
180,#2CRR9CG9P,MEGA PIG,8000018,494689,181,29
181,#QGULCPVJ,shadow,8000034,494439,182,30
182,#2LV0ULPCV,Code: Ronald,8000059,494175,183,29
183,#2JG8C0RUQ,클럽코인 생산소3,8000014,493094,184,30
184,#2GPUCGLRY,myszopipki,8000034,492457,185,30
185,#LCC98CUL,Eesti mängiad,8000016,491874,186,29
186,#28V8RUGVR,a kiralyok,8000000,491861,187,30
187,#2GV0CQ2YP,BOJOVNÍCI_cz,8000023,489988,188,30
188,#YQLYG0GJ,ՀԱՅԵՐՈՎ,8000019,489828,189,30
189,#28C02G9P8,TÜRKİYE,8000037,489788,190,29
190,#URJYJC8J,고동,8000056,489692,191,29
191,#2G2QJJ8L2,Yoooo,8000033,488957,192,30
192,#2Y0GLP2RC,FNC|Esport,8000036,487200,193,29
193,#2L0Y82228,SBS Elite,8000037,484846,194,28
194,#2LLUYLGYG,BrawlTown🚫🇦🇲,8000048,483857,195,27
195,#29Q2YY8RQ,Fire🔥Topers,8000037,481662,196,30
196,#2QGJQLJQP,BC•|Family,8000008,479625,197,29
197,#29RQRYCC2,Wolf_Israeli🕎,8000033,478208,198,27
198,#2PGR02JVC,Royal Frost,8000021,478079,199,30
199,#U2G2RG9P,МЫ АРМЯНИ🇦🇲,8000021,476990,200,30
