,tag,name,badgeId,trophies,rank,memberCount
0,#2YVG28QG2,Adult League,8000031,1204485,1,30
1,#2988L9CL2,LOS PANETES,8000053,1170875,2,28
2,#QUC0Q289,Легион,8000027,1090911,3,24
3,#29P9G9RQR,Sons Of Greece,8000002,922296,4,14
4,#28CRV8LRJ,кукумберы,8000013,878486,5,30
5,#LVLU0J9Y,الحياهـ❤️.حلوه],8000025,878394,6,30
6,#2YY9GV9GV,YT:Florian BS,8000029,876849,7,30
7,#C8PCC29G,Ðєαтн νєиσм,8000004,859748,8,30
8,#QYUUVQQP,Ro Romania🇷🇴,8000056,795823,9,27
9,#QPYJYR0C,The sami squad,8000014,744391,10,30
10,#29RRCR0PP,Team Swift,8000059,703017,11,30
11,#29QUVJG9C,🌃 Fabir's Team,8000041,687394,12,29
12,#YC8RR8RG,🖤YANLIZLIK🖤,8000058,672460,13,3
13,#29L9JVGLY,مظلومين 😔😔😔,8000059,660428,14,29
14,#2LJY2Q8R9,ЛЕ0Н ИЩЕТ МАТЬ,8000048,654392,15,28
15,#URRL9VGR,lets go,8000023,653419,16,30
16,#G09JQ209,בראולר פגום,8000050,638953,17,30
17,#2QVR22QY2,Asla vazgeçme!!,8000034,637062,18,26
18,#QQC2V9RG,★T▴H▴E▴ G▴A▴N▴G,8000021,633194,19,30
19,#29QJ2VL2P,Los hacer legen,8000059,622461,20,29
20,#22RJRLGR9,OS CAPUDOS,8000007,608446,21,1
21,#LCLJPPR9,🔥PICANȚII🔥😈,8000019,580042,22,8
22,#QP09LYP9,A+,8000029,576250,23,30
23,#20U8QU8VL,ابطال براول,8000049,565338,24,30
24,#9JG09LY8,Nova Ir,8000025,558610,25,18
25,#CYUCCYLU,Russia Brawler,8000029,550187,26,26
26,#2GUP0ULY9,зебр,8000057,539785,27,30
27,#2RVQCQVGG,OP is OP,8000029,537278,28,30
28,#Q989GV9J,مدينة الاصدقاء,8000055,535701,29,30
29,#QGQUPY0P,أساطير العرب,8000005,528876,30,30
30,#9JPGQQUY,I LOVE YOU ❤,8000021,528470,31,29
31,#2QLR08GCP,Pfannenkuchen,8000058,517890,32,29
32,#JYCL988P,bs_hikaye05,8000025,499501,33,1
33,#20L8G98C0,Kocury Bambika,8000021,488467,34,1
34,#LQV8RVQV,hi,8000041,483364,35,30
35,#2G9VY28LG,Эгемберди сила,8000035,477099,36,28
36,#RRPC2U9Q,أسطورة حية,8000035,476410,37,29
37,#209L2RYV8,sand,8000057,474979,38,30
38,#2CR09Y0GV,bs_home,8000047,473601,39,30
39,#C029YJP9,WHITE SHARK,8000000,473584,40,2
40,#2YU0LLCQG,starx,8000006,469826,41,30
41,#QLLVL0VY,👑جلادين👑,8000036,469630,42,20
42,#2C8LGJCCJ,떡잎마을방법대,8000017,463041,43,30
43,#28020UQ9Y,الكويت,8000029,460963,44,29
44,#2222RGV9,ArubaVikings,8000004,460826,45,27
45,#Y8YV0J90,S.O.V.U.N.I.A,8000013,450551,46,14
46,#29JUQPPY,LEON VS SPİKE,8000023,440561,47,28
47,#2RGP0VL2R,까꿍이,8000047,435934,48,30
48,#22J98L8G8,die gewiner,8000036,425593,49,29
49,#2JJYYYG2C,Lubię arbuzy,8000001,424364,50,30
50,#CC28QGUY,<c2>TÜRKİYE</c>,8000029,423171,51,25
51,#QP0RJ9R2,ELIZA.MELIO❤,8000025,421021,52,4
52,#G2P2PGP2,somos catalanes,8000026,413858,53,29
53,#2C8U08JQJ,goferki,8000005,404383,54,29
54,#29RRUC9GU,جيش الاسلام☪️❤️,8000036,403045,55,30
55,#2J2GLLJQG,محطموا العضام,8000003,398716,56,30
56,#2LP0Y9GQC,ใครเล่นเก่งมา,8000055,398515,57,21
57,#2JJCQC9PL,짐승당,8000047,396394,58,30
58,#2YG2P829G,ADALET,8000007,389839,59,13
59,#CGQVQ80U,ÖS LĘGËNDÁRÌØ🍀,8000018,386931,60,2
60,#RYUVY92G,ТОЛЬКО ПАРАМ,8000013,385696,61,29
61,#2CYGUCPJ2,Bratishkin_Top,8000021,385332,62,18
62,#QGJJRL8V,ode.ym,8000032,376468,63,20
63,#JJV9V88J,mart28,8000035,376197,64,30
64,#QV89C9Q,漢寶寶之王,8000023,376150,65,30
65,#LCPP82LP,KARDEŞ MIYIZ ?,8000029,373552,66,29
66,#22CRJRPVV,Timaubinmacher,8000034,372747,67,26
67,#LCGJCQGL,Україна,8000017,372022,68,30
68,#29L0LRU22,👑🥇WINNERS🥇👑,8000025,371728,69,30
69,#2882CU0LU,ГУЛЬ|1000-7,8000029,370824,70,30
70,#2JJUY2R2U,VoBroTik,8000019,368910,71,15
71,#QLL8YLJ2,ESSA LESZEK,8000032,365530,72,28
72,#2CJJV2CYC,니정원 쌍둥이,8000058,363023,73,29
73,#U8UVYL0,أبطال القطيف,8000023,361354,74,29
74,#CPLJJPG0,💖KANKALAR💜,8000025,360787,75,29
75,#29YRPYVCR,THE BEST OF 1,8000059,357723,76,29
76,#29LYPV2LY,FJB,8000040,353221,77,30
77,#2GPG0JQR8,ישראל איתנו בלב,8000013,352115,78,30
78,#29LVL92LG,kupa kasma ligi,8000018,349791,79,25
79,#22PVQ0QQY,YT|π¥Dg,8000029,349701,80,23
80,#2GYGC2VG8,Школяра,8000031,349080,81,30
81,#28GLG0YQJ,GLI IPPOPOTAMI,8000008,343468,82,30
82,#J8R8JYJ2,софия2.0,8000021,343446,83,30
83,#QGVJUJL2,ATUM ENLATADO,8000032,341659,84,29
84,#2JGL2PJ98,حي العطلات,8000007,338487,85,30
85,#VG2UGJJ0,Elite Recruits,8000057,334014,86,23
86,#28Q00QG9P,OLD STARS,8000016,323444,87,29
87,#JC9CPV9Y,Sadece davetle,8000023,321343,88,7
88,#29LGR9Q02,مصمم فينسيوس 🇸,8000023,312144,89,30
89,#Q28QYQ9J,пока тика,8000059,310809,90,26
90,#28VRRVYP2,stx 4F,8000013,307220,91,29
91,#2G082V28Y,proДаня,8000051,306419,92,26
92,#2C00LRUGC,nNablux YT,8000034,301276,93,23
93,#V8G2CR9R,kraloj,8000042,300964,94,26
94,#2CJ20RL2G,POLAKI🔥,8000027,299947,95,17
95,#P80GGU2C,m.m fussball,8000029,299430,96,20
96,#UQ02YGRC,SXB ON TOP,8000033,297089,97,28
97,#2LV2929V0,PAPA FRITA,8000037,295455,98,30
98,#QJJQRGPC,legia,8000025,289866,99,30
99,#CRYQQRC2,Amit Games yt,8000027,289338,100,25
100,#PUVLU9QC,🇺🇦я і ти🇺🇦,8000058,288412,101,30
101,#LC8VJQPR,L !!! LOL,8000029,288157,102,30
102,#2YJUVJRCP,pieski,8000006,284947,103,30
103,#C80UL9V9,роллл,8000023,283001,104,30
104,#28L9PCGU2,REX.TEAM.1Q,8000034,282157,105,30
105,#2LRLR0LLY,A. S. A. L. A,8000049,281745,106,26
106,#C9CGPPVY,(БАН) РОБЗИ,8000029,278976,107,28
107,#2RUCG092G,Мария♡_Star1,8000021,278344,108,30
108,#VGC9QL2U,pecatori,8000016,277676,109,27
109,#YVC8Q808,los cracs,8000004,277653,110,30
110,#2JCYJRPVG,dollo pretu,8000011,276879,111,18
111,#U989GGRP,TRgamingTR,8000020,275682,112,29
112,#2C8UR08QR,Diddy Kongs,8000047,274548,113,30
113,#LPRLQGUJ,легенда,8000029,274015,114,17
114,#29P8VUQ0Y,⛩️Giappon⛩️,8000035,273943,115,30
115,#2C2J8R8LV,빵빵이,8000059,273800,116,30
116,#2QL22YRJV,風神,8000029,273077,117,30
117,#2JQ09C092,מים,8000055,273003,118,30
118,#2QQ0RQG2P,brawlbells,8000013,271220,119,27
119,#RLYYVY9V,🟢Al-Amari🟢,8000015,270846,120,22
120,#2C0GGUVQU,부여초,8000033,270811,121,30
121,#2J9CPUUJP,마 드가자!,8000002,268994,122,30
122,#L0PCGQUU,чичо бг,8000009,268455,123,27
123,#2C9RV8QY0,انتم بخير,8000037,267489,124,30
124,#QRRYGVGY,فلسطين🇵🇸,8000005,266824,125,30
125,#2G9PPVYLC,فلسطين حرة,8000023,266783,126,24
126,#2LJ8GQLU9,подвалUWU,8000029,262777,127,29
127,#VQUR9PJ2,крутыелюди228,8000044,262088,128,15
128,#2G9UUR9Y9,Joy Boy,8000005,261569,129,30
129,#2JRUQ9L2C,ALEK I PRIATELY,8000008,258582,130,17
130,#2LCYGU9R9,MI META 50K🥺👍,8000045,258378,131,13
131,#VYRC9YV2,Калашников,8000029,257626,132,17
132,#PUGCJYQL,Украина,8000034,257437,133,30
133,#VUJJ92Y9,банда бомжей,8000047,256721,134,30
134,#GQU0L99V,AMOUR OU AMITIÉ,8000029,256302,135,8
135,#2292QUGUC,the pub,8000000,255968,136,9
136,#LYUL9QGR,бобры,8000057,255626,137,22
137,#QL00VGCP,аджаре,8000012,255435,138,23
138,#2JVQLQ0PL,ник222,8000053,255362,139,21
139,#2R0YPUG8R,my club,8000035,254235,140,21
140,#2CCLRG8UL,60_ИнВаЛиДы_60,8000043,253561,141,15
141,#QLUQYYCU,הגלגולים,8000027,253414,142,30
142,#88LR2JYC,傳說哥,8000004,252771,143,30
143,#29CYP0U0L,kaz_brastar,8000016,249578,144,25
144,#20LCRY9G8,꼬마펭귄,8000037,248632,145,19
145,#VQ20QLYL,한국,8000047,248450,146,30
146,#2QL08RPLY,فرانك,8000057,248194,147,30
147,#2QGGV29V2,пробный ютубер,8000029,247873,148,29
148,#2P02C8QUR,suthi-re,8000039,247827,149,12
149,#QC08QQPJ,los 80 pros,8000018,247323,150,30
150,#28CPLU9RV,Гг орг,8000042,246464,151,15
151,#VGQV8CVL,주원희원,8000018,245620,152,14
152,#QG0GQR9P,BRAWL STARS,8000037,245144,153,30
153,#CP8V22RJ,Arm Ed|YT,8000038,244700,154,13
154,#JQ99JPY2,нашдружныйкласс,8000013,244418,155,16
155,#UQQ8RQP2,Arche🐟Club,8000000,243756,156,22
156,#2Q8PQR882,Calleban,8000013,243659,157,9
157,#2C9VPUYUP,최고의아이돌,8000010,241982,158,30
158,#29YRGUYGV,MONSESTERS 👌🏻,8000017,239989,159,17
159,#2C2LG9JUG,Wojtek Gola,8000021,239712,160,20
160,#2QRPRYL0Y,it,8000048,238976,161,26
161,#8Y288980,ita,8000015,238612,162,30
162,#22L99J80,club,8000024,238153,163,15
163,#PULGCRRY,mix,8000041,236677,164,29
164,#2Q009QG98,natox esport,8000057,236542,165,30
165,#20C88R9UL,the best,8000058,234618,166,13
166,#2C8G8YYGP,профики😎,8000030,233946,167,30
167,#CL9908UY,хлеб цаца,8000013,232919,168,22
168,#2GPY09GU,топ,8000022,232500,169,11
169,#RL0QR8CP,: ( :),8000013,232413,170,30
170,#V9CVJG0,Nova Egg,8000010,231071,171,26
171,#2GPL9CPCR,TOTEM,8000043,230645,172,29
172,#UQLPRQ02,سورين تاج راسك,8000004,229763,173,19
173,#2LUQRLQUL,1 Master 1,8000058,229257,174,27
174,#2R0QJY2QR,سورين تاج راسك,8000007,228917,175,21
175,#29YC09Q90,супер поророро,8000015,228883,176,30
176,#2JGLRGRJ2,pupsy,8000042,228725,177,27
177,#LPQ9QJ2U,санчоусы,8000043,228090,178,20
178,#209VQ0Q8R,ใครเล่นเก่งมา,8000055,227977,179,17
179,#LYG88YQG,Hatschi007,8000053,227559,180,26
180,#JUCPQCUL,are3,8000028,227027,181,30
181,#2RR82YY0Q,Ондатра 🤤,8000023,226616,182,15
182,#28JCUPPY2,GTS CLASS,8000036,226546,183,27
183,#LP98C2UR,Русские,8000035,226343,184,30
184,#CY0CCC,Aruba Crew,8000022,226328,185,30
185,#2G0URP02L,الاساطير 🔥,8000007,225250,186,25
186,#2902YRGVQ,español,8000020,224673,187,30
187,#VVLRL2G2,енот бомж,8000029,224554,188,25
188,#29VG0YGJ9,LLEGAMOS AL MIL,8000019,223134,189,29
189,#2JCVPYV2G,02/016,8000058,222533,190,13
190,#JQVQV2LY,Lima,8000000,222486,191,30
191,#2PVJJY20P,Prietenii💪💪💪,8000015,221856,192,28
192,#28GCQQ2P0,OYUN GRUBU,8000049,221827,193,17
193,#28G0C9VY2,топ бравл,8000029,221772,194,30
194,#YRVCYPCQ,ХОЛДИК,8000036,221120,195,30
195,#PLY8YYUR,агенты морковки,8000013,220687,196,16
196,#2C0CYCCPP,천우맹,8000023,220462,197,30
197,#PJ9QCCP,誰でもOK（╹◡╹）,8000029,220077,198,28
198,#YJ90GL8R,леги это жизнь,8000023,219837,199,22
199,#JG0LJC28,хоккей топ,8000000,219573,200,30
