,tag,name,badgeId,trophies,rank,memberCount
0,#2LQ02JR8R,<c2>ＬＯＣＫＥＤ</c>,8000023,1684125,1,1
1,#UJYPYJV2,🔥i leggendari,8000037,1082014,2,3
2,#2CLY0RYLY,Pizza|BS,8000029,1032347,3,30
3,#2PGVUYRQR,BRAWL STARS ITA,8000026,940614,4,24
4,#L02URQCV,SUPER AÑA CLUB,8000000,732148,5,30
5,#QQCQLVRG,sbghartberg/güt,8000035,732137,6,24
6,#2RCG2L0Q0,Club #2RCG2L0Q0,8000027,728052,7,30
7,#29PY9LJ0G,(∂ + m) ψ = 0,8000023,686570,8,29
8,#U999JLV,yonkostars,8000029,675288,9,30
9,#VGQV8YL8,SANGE DE LEU😈,8000029,673051,10,2
10,#JYYJQL9Y,ITALY ACADEMY 2,8000029,669076,11,30
11,#L2Y2U0VP,БАЛКОННЫЕ ШНЫРИ,8000013,626847,12,30
12,#V2LU2GR0,💔TOXICIDAD😈,8000029,611331,13,30
13,#2QCLCLRU8,Stream Snipers,8000048,605665,14,30
14,#JQJJUJCG,ITALIA❤️,8000029,571114,15,19
15,#2CRRGQUUQ,TT|Lucky|Bam,8000007,568189,16,30
16,#2R88JV0Y8,Requiem,8000004,567855,17,30
17,#2JPR92RL9,Ratten E Sports,8000057,564322,18,29
18,#208L0CRGC,TÜRKİYE GÜCÜ,8000027,555597,19,12
19,#CCJG802V,Buenas >:D,8000023,552469,20,22
20,#2Q8G0L9G8,6э любимки💕,8000001,510605,21,30
21,#2JVCYUU02,TheyCallMeClan,8000029,490972,22,30
22,#29U9CY0UL,tob x bot,8000025,487496,23,30
23,#2J822JPYC,JUDOUKRAINE,8000009,472518,24,24
24,#288J0C8QY,<c8> POWER</c>,8000041,467717,25,29
25,#2GPQL00RU,die brotbrecher,8000057,467584,26,30
26,#2JGL0U8C2,무원무도관 화이팅!,8000057,463424,27,30
27,#2Q2LJV9VR,Türkiye🇹🇷🇹🇷,8000006,458879,28,28
28,#2CJU8QGPL,포브군단,8000004,422060,29,30
29,#YPJJUPR,Da Pros,8000026,415417,30,30
30,#2GQUU0009,Jlucas,8000057,412509,31,30
31,#2GQJGJQGP,red squid,8000037,403593,32,23
32,#2LPY89LVJ,🐥Nisoş🐥,8000029,395926,33,29
33,#2JYLJPLQL,FAMILIA SAD,8000026,389611,34,18
34,#8GQLRR8R,送愛到荒野,8000031,389194,35,30
35,#2G8YLR2J9,kaleciler,8000059,387665,36,30
36,#PQCQU02,242 champions,8000023,384148,37,30
37,#2LYJLL2JJ,ChristosArmy,8000013,382027,38,29
38,#2C0YUYJ8J,학테,8000003,368211,39,21
39,#2G8RUL9YG,THE DAME,8000049,345385,40,30
40,#2QU09V2PQ,우주를 날아,8000031,344190,41,29
41,#90U9LVJ2,БЛЭТ,8000022,339927,42,24
42,#V02VG8J2,Bienvenue,8000019,337385,43,11
43,#YRUL2PUJ,прошки🥱,8000030,326172,44,30
44,#VUVRJUP2,КОПИЛКА,8000029,325944,45,30
45,#V09LPL82,Kankalar❤,8000025,323356,46,15
46,#Y0U8YU8J,МЭЛ,8000024,320313,47,18
47,#202L8VP0U,jimos,8000056,319719,48,29
48,#LY08V2CY,Der Nita,8000011,318470,49,29
49,#2Q8RJYJYQ,Navi,8000019,316083,50,28
50,#QCY9CGPV,KLASA 5A,8000029,315924,51,30
51,#CQY8G0RU,Rumo Top 1 BR,8000002,309115,52,21
52,#2QRVPUR90,💗🎴terka🃏💗,8000047,305021,53,16
53,#L2C0RL99,club of legends,8000029,304267,54,19
54,#2JJPCR8L8,The Program,8000029,302616,55,11
55,#PR9PRVGJ,SdQ official,8000016,302612,56,26
56,#LR90YPGJ,RUSHEA NOOBS,8000008,293807,57,24
57,#2C8QR20C0,거창수박,8000006,293023,58,28
58,#29JUQPPY,LEON VS SPİKE,8000023,288620,59,28
59,#YJY8LJC2,AY YILDIZ👑,8000006,284796,60,8
60,#2P9208CRV,EX_POTE,8000057,283737,61,23
61,#QYL8LUGU,sasacoco,8000036,282947,62,30
62,#UC9UC8RY,空中牛逼,8000022,282862,63,28
63,#YPUP0QGR,⭐YILDIZ⭐|TEAM,8000018,280652,64,2
64,#20CPPGPVC,БАНДА ТОПОВ,8000022,280643,65,30
65,#2J2GGR9RP,Gaming_22,8000053,279148,66,27
66,#2JCUYLP28,кринжуликиಥ😁,8000009,278539,67,30
67,#2C9802VL2,부안초,8000002,278434,68,29
68,#2C8GVQP80,hehdushd,8000037,266337,69,30
69,#P82CRQ9Q,KARAPANTER,8000023,264169,70,21
70,#Y0YJ0PRU,SkyFall⚡️,8000048,261637,71,30
71,#20J8P8G02,드볼,8000007,258673,72,29
72,#YU2QUCPR,Polska🇵🇱,8000007,257549,73,30
73,#9L8GPQRL,OOOFERS,8000023,256360,74,30
74,#22GPLQQYL,Arturin,8000055,254489,75,29
75,#QJLPGGU8,ПЕКА 1,8000005,254486,76,27
76,#2Q98U9YYG,SUETA MITINO🖤,8000031,253165,77,14
77,#2YY9L2PRQ,кубасик,8000057,251690,78,24
78,#2GPR22YJY,PonçikSpor,8000055,250840,79,17
79,#2JVGRUVCR,los._.,8000039,250442,80,27
80,#28CQRQQ9P,gas mat val g,8000005,248757,81,22
81,#UPUQYGQR,Skid y Pump,8000008,245493,82,30
82,#GGQCUR0,242Brawlerz,8000043,242911,83,29
83,#20QV9RPP9,-KULÜP,8000036,239748,84,22
84,#CRRCJRU0,홀릿군단,8000012,239101,85,30
85,#YUCCRUCC,2 nil bir idil,8000006,238498,86,24
86,#Y9VV09YJ,LGD|eSPORT,8000023,238157,87,2
87,#292QGUJLU,SPR,8000029,225968,88,29
88,#RL0GRR9P,а ( анти б ),8000029,225852,89,30
89,#20G8V2J2G,Unknown Kingdom,8000029,224196,90,11
90,#VJYGYPJ8,pikaciu😎😎,8000057,223267,91,29
91,#28QYPLJU2,друзя века!!😘,8000057,222250,92,23
92,#PP9C2V89,los otakus🥵,8000049,221841,93,12
93,#2992J88L9,Spicy Clan,8000037,220269,94,21
94,#RQGGQG8Q,모여봐요브롤숲!!!,8000013,220005,95,14
95,#282VPQJGL,тут задроты,8000007,219247,96,28
96,#29RY20GVU,عرب🇸🇦✨,8000029,218757,97,15
97,#220RQ900J,i pro,8000009,218485,98,17
98,#U8UJCPR2,666,8000019,216631,99,29
99,#2LPQQ800Q,UNREAL LEGENDS,8000023,215881,100,8
100,#29JY9PGG2,QLS,8000023,215001,101,27
101,#2Q8CQYRGU,legendary,8000029,214067,102,20
102,#GCR2CPLR,ПАУКЕНТ,8000027,212524,103,29
103,#290JLR08,легендарный01,8000035,211360,104,27
104,#P8JP8YL8,sarbi Les pro,8000057,210474,105,16
105,#290RQJYPG,🌴rpo Rio🦜🌴,8000003,210238,106,13
106,#2QV2PGYJJ,ЗА УКРАИНУ,8000014,209709,107,30
107,#2JGR8GVYL,THE IMPURES 👽,8000057,208842,108,30
108,#U2JLJC2G,krallar,8000056,208428,109,21
109,#2PG9P9QCP,키즈 크리에이터,8000019,208258,110,30
110,#29R02YCPY,bizim grup🤪🤪,8000030,207242,111,30
111,#2C2P900JU,나아,8000026,206961,112,26
112,#29QVCGR8L,Brawl Squad,8000055,204852,113,9
113,#YP8LRUVU,Μαζι,8000021,204824,114,8
114,#2JCGRCGUL,дед инсайдики),8000057,204764,115,23
115,#22C8P0J9Y,СМЕРЧЬ,8000035,204669,116,30
116,#2GGY20GGL,サッカー部⚽️,8000050,204665,117,11
117,#JQ9UG8C2,Bus Stop,8000023,204614,118,29
118,#JYRVLPVL,Brawl amici,8000017,204305,119,18
119,#VJCY0P0G,SRBIJAA,8000027,203226,120,24
120,#U9JRU2JC,лорх,8000029,202004,121,30
121,#PVG9CJG,jurvec,8000006,199372,122,21
122,#2QQ2LUUVQ,Польша Антона,8000023,198758,123,19
123,#Y28CC8Q9,Energy Dodo,8000019,197686,124,30
124,#2QRGQ0Y0Q,XD,8000039,196991,125,29
125,#2JQLURQGY,FBI,8000053,196431,126,30
126,#RPJURRUY,CebulaNaBahamah,8000011,195375,127,27
127,#YG9VRL0P,TÜRKİYE,8000002,193745,128,5
128,#8QLRVG20,пик пик,8000023,193045,129,25
129,#2GYPYR9P8,7 А,8000054,192995,130,13
130,#2LPYJPLJQ,Oss@ML,8000006,192619,131,7
131,#28QQV2VVP,Assasins Creed,8000003,192432,132,13
132,#9UY9VL9,101FLAMES9,8000036,192392,133,24
133,#VLVQ2C8L,Tokio manji >:D,8000046,192325,134,12
134,#22YJ90Q0P,путь мифика,8000057,190626,135,19
135,#Q829GYQ2,я блетт,8000029,190579,136,30
136,#Q0VP2YG0,Just For Proz,8000037,190499,137,27
137,#29928RVQP,hero pro club !,8000058,189773,138,30
138,#20V822G8J,нр55,8000004,189005,139,26
139,#2GPVURGY8,ТОРТІК 50k🏆топ,8000057,188664,140,15
140,#RPUCQU2V,OS PRO DO MUNDO,8000018,187934,141,28
141,#UVJU0JCL,YALTA,8000058,186893,142,16
142,#8Q9P2VVL,벚꽃랄랄라,8000006,186816,143,5
143,#2RCQUJ0UJ,писюки,8000024,186670,144,21
144,#292JUPUVJ,_ hop kek,8000011,185863,145,15
145,#CQPYVUGY,$поймал кайф$,8000043,185751,146,29
146,#2CJLCCG22,România,8000023,185578,147,17
147,#2CC0U8GGY,최강잼민이,8000011,185285,148,14
148,#C8GVURUV,гуся и гага,8000029,184635,149,30
149,#20CLQLG8V,все про,8000001,183950,150,18
150,#QUUU8GV2,patrões,8000029,183720,151,28
151,#2QYRVG22C,NAVIUA,8000029,182704,152,30
152,#2PQ28V9CJ,13?ii,8000011,182579,153,29
153,#RC0VL9Q2,✨Gardaslar✨,8000029,180795,154,4
154,#RGV8URRJ,BRAWL STARS,8000029,180509,155,29
155,#JULC2PLG,D4RK_T34M,8000006,180349,156,21
156,#Q2L2882L,BeyStars,8000009,180202,157,18
157,#P9YQQGY8,ניימאר 11,8000003,179530,158,25
158,#29LJVVCUU,레몬들의 하루,8000000,178160,159,23
159,#P0RJLRLR,друзья-чемпионы,8000014,177918,160,26
160,#9UL82PLU,бул изи,8000014,177685,161,29
161,#2828CCPQ0,OP_ARMY,8000026,177467,162,30
162,#292J2C0CP,Balkan,8000015,177440,163,28
163,#VL8CVRG,Brawlers Den,8000036,177403,164,17
164,#2J9V8QJ2P,супчик,8000057,177238,165,22
165,#L88GVV22,Romania,8000017,177055,166,14
166,#29Y9UVVU8,Банда DSH3,8000030,177008,167,30
167,#8PVC2JJV,אדם ואילעאי,8000003,176362,168,30
168,#28JYU9G8Q,kerem arda berk,8000029,175552,169,30
169,#9PJJJR20,Samo najaci,8000022,175078,170,26
170,#GJYL9UG9,familiabsYT,8000006,173848,171,27
171,#2RPP8UG8P,FlexSquad,8000041,173737,172,28
172,#29GJJCYGG,FT|LT FT,8000021,173075,173,30
173,#2YGQ220CQ,5adw,8000017,172290,174,28
174,#PYLGR0J2,רק מנצחים,8000027,171567,175,24
175,#RQ2VGYRG,Мани роблокс,8000059,171447,176,27
176,#VLL8QL0U,💩👍,8000019,171163,177,28
177,#2PUVVLVJG,иллкабосс,8000006,170552,178,29
178,#22GLLP8R8,gheorghe,8000029,170410,179,28
179,#UYQLCP,мрек,8000003,170096,180,26
180,#2CQ2V0JQC,Çalışganlar,8000048,168728,181,28
181,#2022PP8Y9,майнкрафт,8000055,168415,182,30
182,#29QQGVGV2,παμε στροφα,8000047,168248,183,30
183,#J0U9RLY8,응 기모띠,8000018,167462,184,30
184,#C0298JQC,ПРО БАНДА☢️☢️☢️,8000023,166501,185,29
185,#2GR9PRPLP,❄️WINTER☃️,8000052,165788,186,26
186,#LUQUP2GV,kf,8000029,165317,187,26
187,#28LRR89L,Bahamas,8000029,165174,188,15
188,#2PQP00PVL,пацаны мем,8000057,164969,189,23
189,#8VGCQ8JC,лега007,8000008,163630,190,29
190,#28LQ80JUL,FantazzI Team,8000055,163579,191,19
191,#8YJVJC8,РОЛ БОГ,8000029,163282,192,27
192,#28V08VVQY,hey sisters,8000010,162674,193,29
193,#2PQRCYYY0,Laki hop,8000047,162541,194,13
194,#20YP8CU88,sefaxcan57,8000004,161822,195,25
195,#28JC9YCUR,го вклуб,8000049,161643,196,15
196,#28GGRQJVV,agahyaya,8000029,161515,197,24
197,#L2YUPCQ2,крутые езиды,8000004,160947,198,30
198,#2GQURR0V9,BEBRA SQUAD1544,8000003,159818,199,13
199,#2J2CLJ0JP,blackhole,8000038,159782,200,26
