,tag,name,badgeId,trophies,rank,memberCount
0,#28CUGPU9G,TÜRK YILDIZI,8000018,1384636,1,30
1,#2LGJPJ9RL,JESSIE ON,8000025,1194578,2,1
2,#22VCL2PRV,Leg|Legendary,8000003,971905,3,28
3,#LQ8CQPV8,Green Room,8000014,915044,4,29
4,#J2YJPCRV,the king friend,8000055,857193,5,22
5,#20CYLJJV,BAHRAIN,8000023,826348,6,30
6,#G2GQQ0YG,The Lucky Dons,8000055,820471,7,30
7,#QP8YV2Q,Hujair,8000039,768280,8,29
8,#2PLGLUL9,PlantBox,8000013,741958,9,28
9,#289GQRU8U,XeRoX,8000016,667528,10,25
10,#82U0RGU2,BH TOP,8000029,631068,11,30
11,#29Y2V9VRR,𝓩𝓐𝓡|❤️‍🩹🐑,8000041,616205,12,30
12,#29GJPQ80Q,Anajem,8000003,604984,13,30
13,#GRYJ9V,The phenomenon,8000030,599826,14,30
14,#2R9R2GG,BAHRAIN CHAMPS,8000023,565912,15,30
15,#2PY9PGJRL,OP PLAYERS II,8000037,559380,16,24
16,#2GL2V9CPG,pls join,8000039,544830,17,30
17,#2GGQC0YLG,CHAMPIONS,8000018,542962,18,30
18,#QV8PGUQY,les meilleurs ❤,8000021,540437,19,28
19,#RJQVYC89,العوضي,8000033,533654,20,30
20,#289YUPLV,I6oKyoI,8000004,522384,21,30
21,#UC28PYCQ,عرب,8000021,511619,22,26
22,#2QCULLGGQ,DZ⚡Gang,8000045,503580,23,30
23,#2CLQV0P0Q,메이저리그,8000034,500977,24,30
24,#CYYL8VJ,فغاليل,8000055,497000,25,21
25,#29QQGJ2PG,أصاطير البحرين,8000037,481426,26,30
26,#QGCQV09R,♛『NFT』♛,8000023,480382,27,30
27,#2GJCUGJVQ,friendly club,8000037,470808,28,30
28,#2P8PGJLVP,BH_SWORD,8000018,461689,29,16
29,#CLCUQQYR,امبراطورية,8000057,454449,30,30
30,#VGLJ9PR2,Lightning Arrow,8000018,439177,31,30
31,#QG2UVPJG,Da boiss,8000003,435579,32,30
32,#280RPVPGR,les amis,8000029,430627,33,6
33,#2JUGUJCCV,보고싶은 그녀가잇다.,8000029,426773,34,30
34,#2CQVV2GVR,جلاد تعال,8000037,425619,35,21
35,#Q8VGPYGV,ابطال البحرين,8000023,422766,36,29
36,#RGRYGQPQ,Шамбала,8000023,411228,37,30
37,#QYCVQY22,OS MELHORES,8000031,408547,38,29
38,#2C8LQC2CV,الفريق المدمر,8000037,400145,39,26
39,#20JLRULGJ,인터 내,8000047,381417,40,30
40,#2LPGU2PRG,KAÇAK KANKALAR,8000055,377773,41,30
41,#PQGGJ00,brn_veterans,8000023,354861,42,30
42,#CCGV9R2,The D devils,8000004,353689,43,24
43,#Q28PVCJC,SASHA(10000000),8000010,351941,44,30
44,#2L990228R,. ابطال البحرين,8000004,350916,45,30
45,#YJ90VQVL,ابطال البحرين,8000037,348043,46,30
46,#290VLY2GL,CHEL S MIAMI🤑,8000057,344518,47,23
47,#2GPG98RRJ,5. A,8000045,343555,48,30
48,#28URVJ09U,⇜♛☣₮ℝĪτǿℕ☣♛⇝,8000040,343318,49,15
49,#22CLLY80,77,8000023,342584,50,30
50,#YYGQR98Y,LES SUPER PRO,8000006,337178,51,30
51,#2LPVU9GCG,HMHXD,8000023,324768,52,29
52,#2RLULV8Y9,Brawl BH,8000038,322952,53,30
53,#2G28VGVRC,فقط للمعـرقــين,8000037,321855,54,30
54,#2C8UVCL9G,بـنـ💜ـات,8000041,318756,55,30
55,#22CJLJ80,i super player,8000008,313827,56,10
56,#2CLVYYGCY,المعرقيه,8000004,311536,57,23
57,#QPU8PJQL,البحرين,8000006,309783,58,29
58,#29RRLVVV0,ozomake Naruto,8000019,309039,59,20
59,#2JCQ8L9QQ,ILMETOV SKVAD,8000021,307165,60,30
60,#2YV22PVRU,💫StarPark⭐,8000058,306377,61,30
61,#2CYQ9QR0J,ngger,8000000,300789,62,30
62,#YY0PPV,شباب الحبة,8000057,300153,63,15
63,#22JVQV8LP,Bahrain,8000004,296874,64,28
64,#UQQR82LR,Los Logroñeses,8000023,294092,65,26
65,#2JCRRJCP0,zaza12.01,8000037,293273,66,2
66,#29U09UL9Y,goni&goni,8000025,290523,67,26
67,#2G2LVYYYU,JMH,8000059,290119,68,20
68,#2R02QJJLV,Anti pro,8000017,285916,69,20
69,#2Y89UPCL2,[UA]УКРАЇНА,8000029,281518,70,28
70,#RVUPRV90,نجوم العرب,8000002,280367,71,29
71,#8UJRU8JU,Bahrain Team,8000023,277460,72,30
72,#2G82U09JG,"BHY,ESP",8000004,277120,73,19
73,#GJQP0JRJ,ملوك البحرين,8000027,275958,74,28
74,#VJ2CR9UG,KIZIL ELMA,8000006,274560,75,30
75,#2YPJ2VQ0P,😈NF😈,8000037,273343,76,15
76,#P0RV0C02,الزاحفين 💪💪🧠,8000002,272641,77,29
77,#2P9UUUYJC,killer team,8000036,264665,78,19
78,#2C2QGPCLR,stay strong 💪,8000012,259077,79,30
79,#90288YYV,MOOTHH,8000028,256245,80,30
80,#J0YLQLCV,جبابرة البحرين,8000012,255637,81,15
81,#URYPRCPP,akarama09isapro,8000029,253139,82,29
82,#V2GYVC9L,the monsters,8000027,252670,83,11
83,#2G0RGVU8P,깨 있다,8000059,252540,84,30
84,#2CRY9YJGG,z²,8000058,251660,85,30
85,#2C9P9YGLV,Fire Ballz,8000037,248261,86,20
86,#28UY2GY0U,H1TB0KS,8000037,245967,87,30
87,#29CQYQJV0,احنا عربيين,8000042,245777,88,30
88,#2JGVLUVUL,|👎🏿|=(+200IQ),8000013,245492,89,16
89,#29UVCR9UJ,СПАЙК!,8000013,243096,90,30
90,#G0L2GJYL,البحرين,8000029,242048,91,30
91,#20Q2LUVRY,new pups,8000007,241753,92,13
92,#LVJC9YG2,الدون رونالدو,8000018,238591,93,28
93,#2JC08PYQV,Leon,8000053,238219,94,28
94,#2LGJV02V2,يوسف,8000029,237737,95,30
95,#GJRVURLV,البحرين,8000057,236195,96,30
96,#8Y2GPL0Y,⭐️⭐️⭐️⭐️⭐️,8000018,236058,97,19
97,#2QYUGQJC8,OVER POWER,8000041,235959,98,10
98,#2Q002JYGL,Легенды Чупаево,8000037,235900,99,24
99,#2GPJRJYV2,- After life 🎃,8000017,235845,100,11
100,#U0C0QVGP,بس البحرينيين,8000047,234229,101,30
101,#29L8CLYGV,Royale Beasts,8000053,233814,102,16
102,#2JGV0Q0C8,...,8000059,233724,103,29
103,#RQLRU0LR,C8,8000004,231849,104,29
104,#28LVL82J,ولاية علي,8000026,231357,105,27
105,#VGRLJYPY,Rift Riders49T,8000016,230945,106,25
106,#20L8RQP8U,riffa gang,8000004,230060,107,25
107,#28GPYLCRU,OnePiecePirates,8000029,229640,108,30
108,#VP22QVCC,فافا,8000058,227932,109,30
109,#9VU0UJJL,Dark shadow,8000059,227904,110,16
110,#VGPUQLV0,AI BOOTS,8000053,226973,111,19
111,#2QVJJVC8Q,BEST FRIENDS 2,8000025,226971,112,16
112,#2G2YG9L8J,sr ponbo,8000037,226744,113,28
113,#2LY90C20,знаете вы......,8000031,226485,114,19
114,#QQ82PRPP,THE SCORPION,8000021,223145,115,8
115,#98RV9G8Q,١٢٣٤,8000037,222929,116,18
116,#208YYVC88,حياك سوح لو عرق,8000033,221733,117,30
117,#229J2JGV0,задроты,8000013,221595,118,13
118,#2GGQPUY9L,BAHRAIN,8000023,219082,119,12
119,#YQJGG8PR,valeria cleb,8000029,217833,120,30
120,#2GG2P8VR8,فينق الروح,8000029,216291,121,13
121,#20GPRCY9U,GOPNIKI,8000004,214843,122,30
122,#P89PU9VV,benjy,8000023,214510,123,29
123,#YC02Y09Y,TÜRKİYE 🇹🇷,8000025,214468,124,6
124,#202JQYCJ9,بحرين,8000055,213858,125,29
125,#C9P0UJ0V,prolar kulübü,8000029,213689,126,30
126,#29PJUPJRQ,AAAA,8000003,213101,127,17
127,#2LPPVJULR,ادخل ياحلو 🖤💯,8000033,212428,128,30
128,#2P9QJ8YY0,les Bons,8000034,211967,129,20
129,#2QRRCLVGP,Try Hard,8000004,211940,130,30
130,#2UGC2080,Bahrain Crusher,8000004,211833,131,28
131,#LQ8CVGR,Bahrain,8000007,210261,132,30
132,#UQ8QGU8R,The first klan,8000050,209165,133,22
133,#QV92RP0V,沙漠仙人掌,8000013,208837,134,28
134,#2GJLP2PPY,BSF,8000037,208535,135,17
135,#VPUJVJG0,ابطال العالم,8000023,207878,136,29
136,#20G2QLPYC,WOLVES,8000021,207001,137,20
137,#Y2CLUUGG,puddi,8000008,205932,138,23
138,#299YGYG99,(ПОТ)банда.ru,8000018,204942,139,11
139,#2GPYGGU9L,جيش المونسريون,8000049,204532,140,30
140,#2PCRCQ88Y,جنود الفضاء,8000029,204333,141,18
141,#VG9LQPGR,THE KINGS,8000059,203263,142,29
142,#2Y9C00RY9,Bahrain,8000033,203180,143,26
143,#U0PJLRVY,احلى🤘متابعين🔥,8000029,202494,144,30
144,#22LJRGY88,I re di browl,8000029,201663,145,30
145,#2R0UP890J,bluds😫🥶,8000004,201547,146,30
146,#2GPGV9JQY,الأشباح,8000057,200586,147,28
147,#U88GP980,كرونا,8000004,200561,148,22
148,#29UUUV9CY,پادشاهان براول,8000023,199754,149,22
149,#2L2PRYCVP,cr_rc,8000016,199393,150,15
150,#222PLCYU9,جيش السوحات,8000004,199148,151,30
151,#Q2Y0Q28U,阿伯 阿伯長出來,8000016,198797,152,19
152,#PYYJC289,BHR,8000023,198551,153,13
153,#2C9V8V9CQ,<c7>BH</c>|00,8000023,197970,154,7
154,#29RRVQGQJ,80097,8000013,197938,155,29
155,#RQCCQYCP,Team | Toxic,8000012,197872,156,29
156,#Y2C92L8C,liga eroilor,8000021,197366,157,29
157,#L8CQVQVL,Nidalcr7,8000025,196879,158,29
158,#J9CGVLY0,BAHRAIN,8000016,196815,159,30
159,#R8G9CV0Q,جاكم البحريني,8000025,196141,160,28
160,#2RCJ0LVVL,WeAreStillOP,8000003,195406,161,9
161,#2Q9VVJUP9,tall,8000059,193067,162,30
162,#2YYUVL0CQ,صياد,8000032,192342,163,27
163,#2CR00VCRQ,os donos,8000021,190893,164,30
164,#208QGLRV9,معرقين البحرين,8000006,190172,165,30
165,#QL8YVC9J,akai2,8000007,189952,166,28
166,#8U9G8RU,العزوة الهاشمية,8000025,189597,167,17
167,#288JYLYLV,the killers,8000049,188215,168,30
168,#2YVUGG9PR,الأساطير 30,8000059,187968,169,25
169,#2GCCVC9CY,الشله,8000057,187284,170,27
170,#2JYRL8YPQ,Red Salvation,8000029,186835,171,30
171,#2LPLQYCYG,dark world😈,8000032,186286,172,19
172,#2YJ8P0LG2,killua,8000004,185194,173,28
173,#2JJRJY0QR,الجمهوريه العرب,8000055,185017,174,15
174,#299RRQYRC,هاي,8000004,184787,175,30
175,#2QRQYL2VL,Trebor VGX,8000058,184134,176,27
176,#22LQ0UU8L,✌SYRIA _STARS✌,8000059,183291,177,7
177,#28VC0JR2R,king of yaers,8000029,182972,178,30
178,#2LYVC8YGR,رمضان كريم,8000027,182819,179,26
179,#RVR0CYUU,شيوخ البحرين🤍,8000023,181880,180,30
180,#2JPJRGY8G,بس بحرينين,8000023,181721,181,30
181,#C9Q92GCQ,momo.r.247,8000008,181660,182,29
182,#GUJP0QCC,ratillas,8000028,181487,183,29
183,#28YR0L888,MAYDS,8000043,180974,184,28
184,#2QV9YY9G0,الربع الكبير,8000019,180032,185,30
185,#2JQ98JPPU,Grave Yard,8000004,179612,186,26
186,#PQ2JPUP,aaaaa123,8000004,179337,187,29
187,#QQP8U9YP,بيض,8000022,178669,188,19
188,#2GVLJR0QG,مفجرين الكون😎,8000056,177856,189,28
189,#2LL9UU2VC,BHبحرين!,8000029,177726,190,24
190,#2JRVUQQPY,Dark gamer,8000037,177482,191,10
191,#2PPG80QJP,"Mister ""Lama""",8000057,177166,192,30
192,#G0QPYLRG,البحرين,8000006,176858,193,11
193,#RPC8CR0C,أساطير العرب,8000029,176641,194,28
194,#VLP2QUY9,traze,8000022,175402,195,26
195,#PGQ0L9YV,خاطف ارواح,8000000,175205,196,30
196,#VVRPPJU9,diego,8000036,175064,197,30
197,#2GJL0LLLY,❤️‍🔥❤️‍🔥❤️‍🔥,8000002,174834,198,30
198,#2LVP89QCV,رجال ممنوع بنات,8000029,174689,199,28
199,#2J0P0QYU9,داعس777,8000045,174371,200,29
