,tag,name,badgeId,trophies,rank,memberCount
0,#29PP2RPQR,<c5>MARVEL</c>,8000055,3004068,1,30
1,#G980GUJY,CLAN (-F-),8000018,1521188,2,30
2,#92LRQ,X-Force Bolivia,8000037,1505445,3,30
3,#8828P9L0,Team GV,8000029,1499931,4,30
4,#G0PR8GQ2,»Bubble♡Gum«,8000010,1436563,5,30
5,#VJ0PR90U,<c4>OMEGA X</c>,8000033,1399930,6,30
6,#2RQCQJVJG,LEGENDS DREAMS,8000037,1345641,7,30
7,#2Y0G0JPPV,★ʙᴏʟɪᴠɪᴀˢᵗᵃʳˢ★,8000018,1319985,8,29
8,#2JYJ8U8V8,Serviron,8000059,1317894,9,30
9,#2GYQUJCPV,Imperio LatamGG,8000029,1308239,10,30
10,#2R9UG29VC,A-B-C-D,8000057,1307341,11,30
11,#2YV2GJL8J,THE BURNING ICE,8000059,1265482,12,30
12,#229RGPPGG,Club de Amigos,8000013,1255755,13,30
13,#2GJ9CCLUG,"SCZ_BRAWL""B""",8000045,1231551,14,30
14,#2GPQVYQ90,TheDead,8000008,1210757,15,30
15,#2YYU0GL,SCZ_BRAWL,8000043,1206535,16,30
16,#28JYU2CYJ,X-Force Latin,8000025,1206072,17,30
17,#2LR0V8RCP,AutoFireGod's™,8000059,1202334,18,30
18,#V9RYR80,☆LatinosDeath☆,8000023,1185869,19,30
19,#2JVUUJU8R,NETS GAMING,8000025,1166037,20,30
20,#2QUYUCUYL,ωø͢͢͢lf†eaϻ🐺,8000000,1153548,21,30
21,#8VJRLC,Os brawls,8000019,1144969,22,26
22,#28GGJYQRP,AJAR MM,8000039,1139603,23,30
23,#28GUUR0YP,Team RG🐲,8000049,1138829,24,27
24,#2L29L982Q,god lag,8000056,1135207,25,30
25,#20GGC2VV0,the best,8000037,1130987,26,30
26,#YRJ2RCCJ,ClanDrek🔰,8000048,1128692,27,30
27,#200G2UJVY,Brotherhood X,8000037,1127550,28,28
28,#9LPLJY,Team X Force,8000029,1127104,29,30
29,#22Q8Q082J,<c9>WeaponX</c>,8000004,1122942,30,30
30,#2YUYVRUU9,TESELIA,8000043,1121477,31,30
31,#2R9Q88V,OHANA.BRAWL.BO,8000034,1099341,32,30
32,#2CLQPPJ88,LA TRIFECTA,8000035,1084429,33,30
33,#2PUV09VJP,el campeon,8000029,1057397,34,30
34,#29YVRQYRU,LA GRAN MANADA,8000021,1055322,35,29
35,#2QRLLJUYG,LEYENDAS🔱⚡️,8000025,1055178,36,30
36,#22CCPGLJV,SANGRE NUEVA,8000037,1053572,37,30
37,#LUJ22Y,CABRALANDIA,8000029,1046249,38,30
38,#VUU88RJ,50 legendarios,8000023,1035788,39,30
39,#LLRJP8C8,Lobo gelido,8000059,1032618,40,30
40,#2JLLU2UC8,LATAM,8000029,1030859,41,30
41,#UQR8VR0G,NigthDreams,8000003,1026659,42,30
42,#2JLJLQQ02,🌟Heroicos-X🌟,8000037,1025655,43,30
43,#QU222289,Club de Amigos2,8000027,1025579,44,30
44,#VRLL2QC2,HALCÓN DORADO,8000037,1024235,45,30
45,#LY9C9VG,makurcasapos,8000023,1013445,46,30
46,#LCLP9VV9,LOS LOCOTITOS,8000029,1011401,47,30
47,#2RY9YC98Q,SCZ BRAWL🇧🇴,8000023,1006356,48,30
48,#YU8YRV0R,fenix,8000057,1005660,49,30
49,#RQG8J0U,apuki55club,8000034,1000578,50,30
50,#J8YYC9CR,LOS ACTIVOS,8000019,998658,51,30
51,#9C080UGY,《¤DĄŘĶ-Ł€Ğ€ŅĐ¤》,8000004,998404,52,30
52,#YYR09J2,BolBrawlers,8000036,998023,53,30
53,#22G9QLG00,TEAM RED STAR,8000006,995135,54,30
54,#2R0V9VPRC,LA ELITE,8000004,992478,55,30
55,#2QVQCVV9Y,[WXL]WxxaL,8000004,992473,56,30
56,#YJQJ0RLV,LOS GAMER XD,8000034,987192,57,29
57,#222YRYGUL,Bolivia,8000048,985281,58,30
58,#2JVV8LLLU,los lomitos🥪,8000059,978154,59,30
59,#CYGRG0,D-Generation X,8000001,977065,60,30
60,#PY2V8PU0,ᴍs | ʟᴇᴍᴏɴ ʙᴏʏ™,8000013,976729,61,30
61,#29LGUU9L,GUERREROS SELTA,8000025,972785,62,30
62,#Q80QYU8,BOLIVIA EMPIRE,8000016,971304,63,30
63,#CYVV8PG,Bolivia Top,8000029,969708,64,30
64,#2RLG2YYJ0,Estrellas fugaz,8000050,967785,65,30
65,#Q8Q2L0C0,Pan Con Queso🍞,8000029,966536,66,30
66,#Y9JR9GPG,Stu's Club,8000031,958634,67,30
67,#2QGPV0LCR,a™,8000043,956980,68,30
68,#8LL0UV0,(-BOLIVIA-) ®,8000013,955849,69,30
69,#2PCRGRRRL,ARC,8000048,955269,70,30
70,#2P9Q9RVJ8,los pibes:),8000039,953370,71,30
71,#2C8CCC9RQ,El Éxito!,8000049,948883,72,30
72,#2YPU089YC,los fuertes,8000036,948677,73,30
73,#2C0LRCPVP,LOS PAPUS 👻,8000049,945310,74,30
74,#JU29V0CC,_.Legendary._,8000018,941464,75,30
75,#CUPR9VG,X-Force 2,8000005,938412,76,30
76,#Q2J9GJ02,Reyes/Ocultos✓,8000029,935878,77,30
77,#28YCCVP80,Lok'tar ogar,8000013,931664,78,30
78,#28UV2JVRY,SCZ|Bolivia :),8000023,928231,79,30
79,#CYVURL8J,La Sombra,8000053,926937,80,30
80,#YCLJPQVL,XT|⛩️⛩️|XT,8000007,922127,81,30
81,#29QYRVUYG,Bolivia☆Pro,8000022,921389,82,30
82,#2JVLR8YUL,☠️_THE KILLERS_,8000057,920020,83,30
83,#2R0V0PJC8,StrongWarriors,8000057,918325,84,30
84,#VGU9U0PG,BOLIVIA,8000048,917814,85,30
85,#8RR2JUG2,Nova Bolivia,8000010,914776,86,30
86,#2LJG92C9P,Que miras..? 😡,8000037,914543,87,30
87,#2CRCG8GJR,Team Cebollitas,8000059,911311,88,28
88,#2G2V90JJL,belle's club,8000047,908382,89,30
89,#QQUPVL2U,bolivia,8000055,908186,90,30
90,#PCC9VJRV,ﾑ刀乃|ｲ尺ひ乇刀の⚡,8000019,908021,91,30
91,#2G0VG08CJ,ACTIBRAWL,8000023,907488,92,30
92,#2PJ0QUC0R,ULTRA $u$,8000059,906577,93,30
93,#2CJ8QRVQG,ᵀᴴᴱ ᴸᴬˢᵀ ᴷᴵᴺᴳ👑,8000025,904928,94,30
94,#29Q9GC8PC,<c3>ERUDITO</c>,8000044,902782,95,30
95,#2YPGVRJJR,Furia de titan,8000023,894718,96,30
96,#20JVJ8G09,Bolivia,8000045,894348,97,30
97,#2QGQ2QG9J,Omega,8000037,889357,98,30
98,#228L0GP08,Grupim do Brau,8000039,887754,99,30
99,#2L9UJUQ9Q,<c0>BBGUM♡</c>,8000010,887225,100,30
100,#CGLJYCCG,Panchita 8.3❤,8000024,886740,101,30
101,#UPGQRYLP,LOVE TO GAME,8000021,885852,102,30
102,#2JQ08GQ0L,Totsu,8000034,884440,103,30
103,#LYPC88U9,🇧🇴BOLIVIA,8000037,882664,104,30
104,#2YQJQ998J,LOS LEGENDARIOS,8000047,882440,105,29
105,#2LCURU0JR,BOLIVIA🇧🇴,8000023,882327,106,30
106,#2QUP80JPU,New Force | LA,8000023,880310,107,30
107,#28QURJCJR,FAZE-CLUB,8000027,879555,108,29
108,#2Q2R8U9LU,⛓️TRYHARDS⛓️,8000034,879213,109,30
109,#2CYRRP29C,・DムRK乛FLAME・,8000037,876897,110,30
110,#2GJ09LJLY,Team Chuño 🌑,8000035,875541,111,30
111,#2JUPPY9LG,FAMILIA STARS,8000034,874605,112,30
112,#URLR2JCR,AQM|🇧🇴Bolivia,8000021,873202,113,30
113,#P2Q0J0V,WAKANDA,8000042,872018,114,30
114,#QPJV9GVC,STAR CLASH 🤑👍,8000005,869273,115,30
115,#20UCQ9QR0,los pro😎,8000041,865882,116,28
116,#2R9V2CQ20,犬<c5>Blue</c>犬,8000002,862774,117,30
117,#2QJ8VJPPL,NO MERC¥,8000025,861336,118,27
118,#JP28CRPC,TEAM SHADOW,8000055,860565,119,30
119,#2CCYLGP9U,Club de Mujer🏳,8000041,857631,120,30
120,#29880JLGC,BØĹIVIĄ 🏆ŞŢÃŘ§,8000027,854822,121,30
121,#9RGP08,Brawl Legends,8000019,854501,122,30
122,#290YRC89V,👻Wazateam👻,8000037,853981,123,30
123,#2R029RR82,ST BOLIVIA 🇧🇴,8000059,853661,124,30
124,#2YPQUJQ88,SDLG BS :v,8000037,853345,125,30
125,#2RPL2YRVP,TheBolDusky,8000055,852128,126,30
126,#2JCPJGVG0,TH3 L3G3NDS,8000021,849484,127,29
127,#2CYCPPC2U,insanos waza👻,8000057,848880,128,30
128,#2R290J0GL,BOLIVIA,8000014,846149,129,30
129,#29QP9GVG9,LOS PERUANOS,8000057,845732,130,30
130,#PGV9LGY,FURIA NOCTURNA,8000034,845321,131,29
131,#228PLJV02,Someday,8000037,843633,132,30
132,#JPR0Q2R,Kochalos Stars,8000014,843485,133,30
133,#2UPVCPP0,GEM!-2,8000025,842626,134,30
134,#298V2PUJ9,Los randons💛🐣,8000018,842491,135,30
135,#2QJGU2G,WALKERS,8000004,839947,136,30
136,#QLL88JCG,SCZ |Bolivia 🔥,8000051,837766,137,30
137,#898LUVJ2,soliz,8000036,831314,138,30
138,#2C8VU90VJ,“LOS QUITONES”,8000037,830435,139,30
139,#20UPQ9UV8,LOS AVENGERS,8000016,829728,140,30
140,#2JLPPPCGY,tilines,8000034,829182,141,30
141,#RJ22U0G,=BOLIVIA=,8000023,827257,142,30
142,#2R988R98L,FAMILY C.C.,8000056,827195,143,30
143,#P2LJ0CRL,Brawl Estars,8000037,825992,144,30
144,#2GP8GRLUG,Nor Lipez,8000037,824884,145,30
145,#QQ80VJ0Y,Sandia,8000025,824565,146,30
146,#20RL2GQR,unchepesito,8000055,824330,147,30
147,#2GVJJ0YJG,Club Hazbin,8000037,822364,148,30
148,#2C9Y2PQ2U,Huevos😦,8000015,821460,149,30
149,#2GVR8CCGY,Los Rompemuelas,8000004,820979,150,30
150,#2CPCRL8R2,los insanos,8000037,820574,151,29
151,#299QYGQ9J,Team Legacy,8000021,819195,152,30
152,#9GYUVV2J,Nova | Elite,8000013,818959,153,30
153,#2C8L8P8P0,ғίĕ𝕣y┊Spartan♤,8000029,818606,154,30
154,#2Q9QR0CU9,xd,8000002,818334,155,30
155,#2QV8CCV00,SC|🐧,8000029,817676,156,30
156,#Y998GJUU,Shelly's Club,8000032,817516,157,30
157,#2G0V2R2U,Bolivia,8000004,815990,158,30
158,#2Q9VV92UR,SIMPS DE LOLA,8000035,813962,159,30
159,#2CLRPG2LV,Y.A.M.A.F <3,8000002,813023,160,30
160,#22CGUP2Q8,Coca-Cola,8000009,812703,161,30
161,#VVUGVQJQ,∆|You Mercy|∆™,8000034,811429,162,30
162,#2QCLCG2LL,ACTIVOS:V,8000034,810768,163,30
163,#2GQYJ2RCV,TH€ B¡G B@NG,8000049,809659,164,30
164,#QUGPRR0,Stars Elite VIP,8000029,809404,165,30
165,#922Q8PJ2,Kun Falo Panda,8000004,809148,166,30
166,#2YY28JCUJ,MEGA BOLIVIA,8000020,808669,167,30
167,#LYYQCJGC,NEXTUN,8000029,807622,168,30
168,#2C09YPJ0J,pr.de brawls s,8000037,806176,169,29
169,#2YYVYJ988,Hakuna Matata,8000057,806095,170,30
170,#2GL88Q0C2,Super Mains,8000057,806081,171,30
171,#PLQ9L280,Team_BOLIVIA,8000029,803061,172,29
172,#2QPP228VG,LOS PAPUS,8000037,803017,173,30
173,#J920RJYV,Tóxicos 😈,8000004,800976,174,30
174,#Q9P99QCU,onii-chans uwu,8000041,800804,175,30
175,#2CPUUUUGR,Club  #2CPUUUUGR,8000008,799830,176,30
176,#2C9RJCVQQ,Los Faltones,8000027,798949,177,30
177,#2GRVCYV8R,NECTAR,8000031,796449,178,29
178,#GV8222GQ,los michis,8000039,795920,179,30
179,#2LPCQPYY8,brawl legalment,8000055,794830,180,30
180,#VVQY209P,BrawlPapusCorp,8000018,793011,181,30
181,#2GRJRGJ0C,Team charizard,8000047,791797,182,30
182,#2YPUURUCG,BOLIVIA CAMPEON,8000055,790768,183,30
183,#QYYURL8V,poderosos,8000058,789711,184,30
184,#ULGR98YV,Brawl Gaming,8000039,788723,185,30
185,#J29PV80Q,AVENGERS,8000023,788046,186,30
186,#2JP8U29GV,LT ●|TOXICOS |●,8000035,787204,187,30
187,#299UL0LLQ,Adquiriendo📖🧠,8000037,786524,188,30
188,#2LYGP9JUR,LethalGunsX-LGX,8000049,785050,189,30
189,#2UGJP000,Puj,8000007,784078,190,30
190,#98LRUCPG,Samuel .exe,8000004,783519,191,30
191,#209Y9YC9,La•Hermandad,8000037,783392,192,27
192,#YQ2P9RJR,Team Hueso,8000050,780551,193,30
193,#RGYQJ2VU,ELITE LITORAL,8000007,780343,194,30
194,#2929R22CV,★OTAKUS★,8000016,779958,195,30
195,#2YR28Q0PC,Onę Piece,8000029,777508,196,30
196,#20U9UYYYP,100% Activos,8000023,774177,197,30
197,#PYCQG299,BOLIVIA,8000049,773426,198,30
198,#2CQ928QYY,Panas Finos,8000008,772441,199,30
199,#2G9RRRQ0J,PLAN 3000 BO,8000020,771817,200,30
