,tag,name,badgeId,trophies,rank,memberCount
0,#2L02RGUCG,NewHorizon🥀,8000006,1833717,1,27
1,#2L2UQ2LR8,бравл мини игры,8000056,1125101,2,29
2,#22CV8RJ8L,CZ/SK GAMERS,8000018,947166,3,11
3,#GYG0CUV2,EMANUEL🙏❤,8000025,759807,4,2
4,#28YJ0PJRU,The Tropics,8000055,740056,5,30
5,#QQUGRPPQ,los PatotaHeros,8000039,696854,6,4
6,#CGL28LP8,Zehir,8000012,641245,7,1
7,#PR0U20Q0,птичий стояк,8000022,589298,8,27
8,#CUUP8RGU,✨❤️KANKALAR❤️✨,8000023,560790,9,3
9,#29QLYLV02,Only_real GaNgS,8000057,551032,10,28
10,#2CRJLR88R,Hanghwa가버렷,8000034,538017,11,30
11,#2CJCCVYRU,THE BRAWL BOYS,8000047,533174,12,30
12,#29QP8J00Y,Time for 60K,8000030,497647,13,30
13,#29GQ920J2,HL Brawlers,8000046,496300,14,30
14,#2YQ22Q9R2,dlack,8000029,487300,15,22
15,#2C0RYJRPG,나니군단,8000053,482709,16,30
16,#2RQQCCJQ0,вован и валерон,8000005,462000,17,30
17,#2GGGVV8L0,Günay,8000023,439565,18,28
18,#2YQCR8G2,nubs,8000021,433869,19,30
19,#RLG208R2,Die o Freunde,8000041,417899,20,30
20,#28PLUP8JU,Way Too OP,8000003,417654,21,21
21,#29LCYYVJU,~ 🧼🌟~,8000018,415957,22,1
22,#2QQQLV9U2,de groene noob2,8000043,413161,23,30
23,#CY9UCJQP,TEŞKİLAT☠️🇹🇷,8000021,404256,24,30
24,#28J0G2Q08,Ukrainian Team,8000021,385021,25,9
25,#2J0QL82L2,Do U Xavier?,8000006,370973,26,24
26,#2Y8R8U2U0,конюшня,8000014,367280,27,27
27,#2LG89LQG0,Дрим.,8000004,358147,28,30
28,#YLLLQL,Popodo,8000018,357996,29,30
29,#2GPPY2RCL,ישראל🇮🇱🇮🇱,8000021,349083,30,30
30,#298YCU0Q8,bk dokeys,8000027,343322,31,30
31,#2C28CVUYJ,Короли силовой,8000008,335693,32,30
32,#2R2ULUP2,patat&saus,8000037,331778,33,29
33,#2YCVV9Q28,DE PUSHERS,8000004,322197,34,30
34,#QQPPJ28C,KÜRD❤️TÜRK,8000059,321392,35,15
35,#J0C2PGYJ,haki gaciora,8000009,313734,36,27
36,#YYQR2UUJ,boefjes,8000025,304122,37,30
37,#2LQQG0VUJ,челы👀,8000059,293504,38,30
38,#V0UJC99Y,топ лучших,8000029,290946,39,25
39,#U8PVQ8CV,heemskerkjes,8000046,288569,40,27
40,#YU8V9R9,MuchDank,8000013,278879,41,29
41,#2PQPJL9J8,Жижный амогус,8000013,276499,42,27
42,#GQGL2G29,Brawl stars,8000005,273634,43,28
43,#2G29JQ99U,andris ATG YT,8000045,272221,44,30
44,#2Q99LR0Y9,gewoon kaasje,8000005,268746,45,30
45,#809Q0LQP,ARISTOCRATS,8000027,268148,46,14
46,#JPVYP98J,опасная зона,8000004,267791,47,26
47,#2CLULYGQV,QR7,8000021,264450,48,27
48,#2YRP88U0U,Akif is kaster,8000019,261603,49,22
49,#2GVVU2UVG,De gang,8000037,261274,50,26
50,#2YV2PY0JQ,지환이,8000018,259582,51,30
51,#2RVLGRLG2,the_homies,8000037,259382,52,30
52,#VU02CYVR,Смешарики,8000006,256322,53,30
53,#2G9VR8CR0,ANTI-Teamers 😡,8000004,254625,54,30
54,#2QJ9YLCG,ГЕЙ(М) КЛУБ,8000047,254578,55,14
55,#PL8LVV9L,huisboys,8000034,249899,56,22
56,#2Y9G8JPQ9,de legendary's,8000007,249347,57,25
57,#2QJJL082,tyazity clan,8000059,248968,58,22
58,#2RYYRLCC8,Никита Мазепин,8000025,247740,59,21
59,#L90CQGG0,スポーツ大好きマン,8000004,246603,60,30
60,#9JGLQGJP,LA LEGIÓN,8000027,244507,61,30
61,#2QVCJYC0Y,GHOST TEAM,8000052,241760,62,25
62,#2CJ0PRJU2,축구,8000000,240071,63,17
63,#2G9CR89LL,Die Killerherde,8000055,239653,64,30
64,#2JLG29VLQ,TTV_CLUB,8000055,238581,65,13
65,#CGR088UC,Super Guillem,8000033,236118,66,29
66,#2989P9Y8U,YBJ/LAZ,8000058,234961,67,16
67,#222C0J992,KRALLAR,8000029,234019,68,28
68,#2GCU09RVQ,Klin,8000045,232257,69,10
69,#2CYQ80CC2,opas gang,8000020,230880,70,27
70,#P0JUJYJY,daatje,8000029,230510,71,29
71,#29Y2LRC82,клуб леон,8000016,230389,72,30
72,#2L9PGJVL,The Asian Clan,8000024,230301,73,30
73,#CJUPLCC2,ninja vistick,8000057,228341,74,23
74,#2P992G8L2,Люльпаны_матва,8000029,228162,75,27
75,#209VCU08,瑪瑪阿瑪,8000018,227846,76,28
76,#VYJUJGRQ,de legendaaris,8000013,224038,77,29
77,#2GV9R9Q0U,ех ты,8000036,223349,78,29
78,#2PLYJCLG,King poochie,8000017,221904,79,22
79,#GVVPUGQP,лига МАНЧЕСТЕРА,8000027,221820,80,23
80,#2GGUL8J0J,👑KARATEL👑,8000055,221757,81,11
81,#JLVQ9808,NONLOSO NONLOSO,8000003,220947,82,30
82,#2GP008GGV,فريق الامارات,8000037,220775,83,26
83,#29Y9JPLJU,이든군단,8000058,218678,84,30
84,#29PV920PP,7777 KANKALAR,8000029,218148,85,18
85,#290V8G0YJ,KING³⁶⁵,8000034,218036,86,14
86,#20QP8LPY9,de leeuw,8000003,216906,87,6
87,#80VP9RLJ,туалетный ёршик,8000027,216809,88,17
88,#29RV8GLGJ,TEYYAREDÜZÜ FC,8000048,216212,89,22
89,#20CR0PQ99,goed zijn!,8000015,214920,90,30
90,#V9UQ98J,akatsuki,8000056,213215,91,26
91,#29L8UV2QG,Mineblox,8000013,213168,92,17
92,#2P98JC9V2,team_shadow🇽🇰,8000010,210679,93,30
93,#2LLLCR8,copii talent,8000000,209294,94,30
94,#2QCG900C8,Death Surge,8000035,209108,95,11
95,#22L0VQG80,death clutch,8000023,207273,96,14
96,#22R28GQ9R,про ММА,8000055,206801,97,29
97,#QRRJPY8G,Rijeka ❤,8000004,206761,98,30
98,#LC9VQPV8,kropka,8000013,206075,99,30
99,#28LLUJJVQ,los insanos👻,8000044,206007,100,29
100,#2RQ289GGC,master baiters,8000057,202982,101,12
101,#28022PVY9,voetbal gang,8000055,202583,102,19
102,#22R8U9GRL,toy story,8000057,202433,103,30
103,#2GYYYUYC9,Chain Saw Man,8000037,201040,104,13
104,#UQLY00VQ,skyguys,8000057,200909,105,15
105,#9R9V8C0C,Leoniki,8000012,200548,106,6
106,#2PGUY22VY,tutti dentro,8000019,200166,107,30
107,#28LJ9Q80G,megapoep 23564#,8000021,199381,108,28
108,#QQ98U2U8,Анти_корона*,8000059,198058,109,15
109,#Q8YVLPRV,РОССИЯ 🇷🇺,8000029,197276,110,26
110,#28CLPULCP,shiny legends,8000059,197108,111,30
111,#2009CVU9V,het biebeltje,8000039,196287,112,24
112,#2Q9YV8LJG,7B,8000059,196097,113,14
113,#2GJ9JUUGR,BR ultimate,8000027,192081,114,19
114,#2Y2VCRCL8,счастливый хоте,8000000,191705,115,15
115,#29JCJG9VG,şimşek,8000057,191513,116,20
116,#289JPCYJJ,spike friends,8000059,191291,117,30
117,#8V2JQJCU,TEAM SHARK,8000010,190599,118,7
118,#2JQRCYV90,🤑gift shop🤑,8000018,190326,119,30
119,#UUY2GJPY,хрустіки),8000049,188738,120,28
120,#202JP28JJ,huts en nifo,8000015,188215,121,28
121,#LRY0VCUU,MMA,8000057,188133,122,12
122,#2PJ0J8C20,31 TİME,8000057,187285,123,29
123,#92GR890C,АНГЕЛКИ 😇😇😇,8000029,185543,124,27
124,#UC2Y8899,brawl stars,8000019,184117,125,29
125,#22C2CGUPG,SAMXLKS,8000029,183192,126,29
126,#LVJU9U2,Wester tije,8000012,183161,127,29
127,#99R9V2JG,DRAGONCASE,8000018,183007,128,25
128,#2QUQ0Q0LQ,voor vrieden,8000058,182463,129,16
129,#2090GGLG9,Pandy Nity,8000059,182180,130,27
130,#2QYVV8GJ8,нека gey,8000017,181327,131,12
131,#UUU0Q0GJ,эронек,8000013,180942,132,30
132,#2C8VY8Y22,"M,A,M PRO",8000009,180376,133,30
133,#2J8JJP0PV,BBN,8000055,179066,134,29
134,#GRUUUCRU,ИДЬОМ К ТОП МИР,8000019,178148,135,30
135,#JLJ8UCU2,пурпак,8000029,176857,136,26
136,#2PJU0QLQC,gengsters,8000046,176754,137,30
137,#Q9P2RGCG,de Juliana club,8000010,175915,138,30
138,#UYPQULC8,BAD BOY’S,8000009,175241,139,18
139,#220YGQ9YJ,המזליסטים בעולם,8000003,174741,140,21
140,#2J28JU8PQ,israel,8000029,173598,141,17
141,#2J02V2UQV,los supers,8000015,173441,142,30
142,#902VRU99,시몬이네 가족,8000029,172915,143,30
143,#YUQ0C0RL,coole club,8000019,171769,144,30
144,#29CP980UL,Taha Mert YTB 2,8000027,171514,145,30
145,#2JVRLGL9Y,DEOR 13,8000048,167622,146,8
146,#292YJPQ2R,los compas,8000043,167326,147,30
147,#2CYVY8G0Q,pennies,8000055,167300,148,29
148,#CC8L9GQ2,morangoo,8000003,166442,149,22
149,#2JC2L89YP,RAIO☢,8000038,165442,150,30
150,#20LUP0L9L,echte mannen,8000026,165127,151,30
151,#2L0QVQ8RP,Ва да за,8000023,164696,152,28
152,#V28UGLGC,guus geluk club,8000033,163899,153,15
153,#28UG90LYG,снег в лицо,8000037,161920,154,27
154,#2C82PYVL8,great români,8000030,161911,155,29
155,#29YL9URLP,ЧИЖИКИ,8000004,161495,156,14
156,#2JRURJLR,TROPA DO BRAWL,8000029,161354,157,30
157,#Q2LJ9YQY,mekrans,8000025,160883,158,28
158,#JQVLVU08,SUPER-GAST,8000029,159931,159,27
159,#JYJY2R8U,горький перец,8000037,159804,160,21
160,#JJJCGYJ2,de Hackers,8000024,159172,161,30
161,#2C9R92JYC,화이팅해야쥐,8000051,158569,162,10
162,#QPCJPJVV,vova top,8000000,158405,163,29
163,#200PCJQYJ,harm2,8000000,157301,164,26
164,#QQP09YLY,solo hakers😎,8000025,157145,165,29
165,#QRLL82GU,ПРИДАКОН,8000036,156844,166,30
166,#2JQGYP8J8,BakirKertenkele,8000049,156589,167,30
167,#2RR8V2JYV,Die Bois 88,8000021,153845,168,13
168,#2QRVR0RGL,НЕ НУБИ,8000034,153662,169,30
169,#2082LYL8Y,Про в стандофф,8000037,153385,170,12
170,#JUYJQLQJ,GamerPro Player,8000004,153249,171,26
171,#CJYP0YJJ,De Quits,8000004,153074,172,30
172,#9LG98PLP,gianfranco,8000005,153036,173,15
173,#20UJJLYJ8,Макара,8000009,152502,174,8
174,#2LG90YUC9,juda,8000028,152338,175,23
175,#QGL8Y82C,hyster,8000016,152238,176,29
176,#P2JJYJC,Liefste mama💙❤,8000010,151539,177,25
177,#2P2U2RLY,БАНДА ХЛЕБУШКОВ,8000029,151230,178,29
178,#2JJU2J20P,뭉쳐야브롤,8000011,149642,179,11
179,#C8UVJUQ8,EWA,8000015,149521,180,29
180,#209UCVCQ0,ik ben niet tim,8000002,149334,181,13
181,#JCV92QU2,Лодейка✔️,8000003,148489,182,12
182,#YGR0RLJP,Ankaralılar,8000007,146453,183,24
183,#2G08QUVPQ,фаер шоу,8000055,146353,184,29
184,#2RGQPQP22,leger club,8000030,146309,185,30
185,#2GQCGPJC2,Janik Louis,8000005,146294,186,12
186,#CR0U9U9Y,NagAg,8000035,146139,187,16
187,#8LYQYVPP,готого,8000033,145550,188,11
188,#2JV2YPCPU,💪The best club,8000002,145501,189,30
189,#2Q9JCQ2JP,Sacha et moi,8000056,144921,190,24
190,#2LLR22QGV,<c6>ツ</c>,8000041,144619,191,18
191,#299VVJJV9,"brawlie,s",8000024,144531,192,28
192,#GQRQ2YGG,Даня и коля,8000013,143896,193,30
193,#YCLRU80,솔저클랜,8000037,143836,194,29
194,#PULRJ8RV,nederland,8000022,142916,195,30
195,#2208URPGG,voetbal legende,8000004,142489,196,24
196,#2RQRLJG9V,ㅋ ㅋㄱ,8000022,142057,197,19
197,#2RCLY2GLY,CONİler,8000055,142022,198,11
198,#2P898G9VU,tick js leuk,8000028,141977,199,30
199,#Y9L2VCV8,глент,8000016,141830,200,28
