,tag,name,badgeId,trophies,rank,memberCount
0,#U8LG0CQ0,Snus🖤,8000011,1604872,1,30
1,#2P2CVL9VL,未來之地,8000029,1218422,2,2
2,#22LYCVJ0P,Blue+?,8000055,1126569,3,30
3,#288LJLYR8,だから私は族,8000047,972556,4,29
4,#QC9RVYR8,WenoRain⛩️,8000023,958437,5,30
5,#2GCG2CG9L,BONDING,8000055,937134,6,28
6,#202UUPVV8,🖤Balkan🖤,8000005,914965,7,30
7,#LPV2UCC0,Elite Blue,8000004,899890,8,25
8,#22GL8L9JR,NTR,8000018,847644,9,30
9,#LYGPJ2U2,подвал для гиив,8000057,803855,10,30
10,#C8ULPP9L,ur good 2.0,8000005,771947,11,29
11,#L9YYPJ82,СССР,8000019,761159,12,23
12,#2JURVQ0YL,Survivors,8000057,754751,13,30
13,#2CGUJUUJC,My Friends💅,8000034,738494,14,30
14,#2JRQQG0G9,幹嘛這樣,8000059,690414,15,29
15,#8VC09V2C,mode zombie,8000027,686591,16,2
16,#JRJPU09G,la team fr🇫🇷,8000029,674741,17,22
17,#28VC9UJU9,Electric family,8000019,673520,18,7
18,#ULYYYRQQ,Leny hasse dich,8000029,668174,19,30
19,#QQPPRRVG,I❤️Capybara🦫,8000034,666889,20,30
20,#QRVCLY8U,Galaxyﾠﾠ🥋,8000038,629785,21,30
21,#YGUUCYJ0,Bravest_Brawler,8000055,619421,22,5
22,#QU8PUR29,KOA//AİLESİ,8000000,619332,23,3
23,#20Q0QR0LP,ITA,8000029,603218,24,30
24,#2LVVC2CJL,team gogos,8000036,602387,25,27
25,#2C8VL0JJU,Cool kids,8000034,596615,26,28
26,#228U0PQL9,Revenants©🥀,8000025,559862,27,30
27,#9P920CGJ,아무나들어와!,8000034,556425,28,30
28,#2C80PPJP9,da boys,8000017,555909,29,30
29,#2PC8VVYRG,🇮🇹ITALIANI🍕,8000058,501539,30,20
30,#2YLUV089U,brawlers pablos,8000046,501220,31,30
31,#L89UJLG8,🥇🥇🥇🥇🥇🥇🥇,8000018,474645,32,30
32,#2JV2JJP09,CF클럽,8000033,461795,33,30
33,#2RGCGUCL2,Pilots#,8000052,460394,34,21
34,#2GP9U2QJP,ネタキャラの集まり,8000057,447153,35,30
35,#2J9C8GJ88,evoza rg,8000039,444258,36,28
36,#2J9V0LPRJ,вступи пж,8000031,434689,37,28
37,#2JURRCCPV,🍃Bong🍃,8000013,431275,38,30
38,#2CG2QC2RU,Por nstars,8000047,428121,39,30
39,#YPPG802C,Ку-Ми-Ки,8000037,426961,40,25
40,#2PL8CCJRC,YENİLMEZLER,8000051,417764,41,30
41,#280J8J2PP,아다리신발려언,8000035,413069,42,29
42,#2R088P9GJ,New era✍,8000042,406449,43,29
43,#2RGG0LLC9,T.A.B.S.A.,8000005,402877,44,23
44,#YYUCV229,Leon's Club,8000007,392364,45,23
45,#GY0CURCQ,❤KANKALAR❤,8000018,392087,46,2
46,#208VCL8U8,Gangster Team,8000036,391009,47,30
47,#2C8PQ9JPR,РУБЛИ,8000059,387510,48,30
48,#2R89RP8QG,🍌банан🍌,8000017,386546,49,16
49,#29GRYLV8P,LET'S GOO BABY,8000035,384630,50,30
50,#2CGPR9PPQ,palacios🎂🍰,8000003,384002,51,26
51,#P0R0VJ0,dernitaistcool,8000029,383873,52,29
52,#2QGL8Y0RJ,Слави Трифонов,8000016,383618,53,30
53,#2QP8GQG8L,AND,8000035,374790,54,15
54,#2CJVU2VP2,NAVI,8000039,369881,55,21
55,#2J8PY0QL8,КУСТИ 3000,8000049,369340,56,30
56,#LU9U8LU0,💫🖤GİZEMLİ🖤💫,8000029,363845,57,3
57,#V9GCL20J,СПАЙКИ ТАЩУТ👍,8000036,356316,58,30
58,#Y8LJUQ8U,God_Xulian,8000009,354915,59,29
59,#28C9Q2Q9L,상상2,8000018,354063,60,30
60,#2UJJ9R2V,Gli Aloe,8000055,349748,61,28
61,#L9GVLVPV,Team Gary,8000058,345217,62,24
62,#2JV8U908P,신평중학교,8000036,342322,63,30
63,#29RLPJ82J,Pro,8000058,340133,64,30
64,#CQPC92UQ,❤️Kankalar❤️,8000013,335382,65,25
65,#9YCY9CVV,原野活動隊,8000029,329122,66,26
66,#202GGLY99,Brawl Stars777,8000057,325494,67,25
67,#28YVL0LGG,Zocker !!!!,8000034,320395,68,30
68,#2QUQR0Y0Q,CottaConnect,8000042,320084,69,28
69,#RUR92L90,słodkie pandy,8000027,318326,70,29
70,#22PGYVLL2,雑談の部屋,8000018,316283,71,30
71,#QR8RRGG2,синій привид,8000031,313000,72,30
72,#2JLQ0JP8P,FinBridge Clan,8000037,311227,73,28
73,#2JGV2LVYC,[TT] Vadim432,8000031,303289,74,30
74,#GQGLQ8LL,дЕвА4кИ,8000025,302799,75,12
75,#LC0GJRV9,RATONII,8000028,301007,76,10
76,#RYQUR9UQ,HOFVI AK,8000037,299814,77,29
77,#RQ9P8C0R,T.K.M. THE BEST,8000023,299512,78,29
78,#VULCJYC2,The best❤️‍🔥,8000011,297245,79,23
79,#VL90LV9,VeryDapperGang,8000029,295531,80,30
80,#9GUY0VVL,설추니,8000013,294051,81,30
81,#VRPUVPCV,ПриЗраКи 👻,8000057,293844,82,22
82,#2GRQ2Q82,Los Bichos,8000018,290473,83,30
83,#22LJ8CP98,KRESTINATOR,8000013,290037,84,21
84,#JG2CU8YR,엉덩이탐정,8000017,288715,85,30
85,#UG9JV992,GLN Reunited,8000029,287087,86,13
86,#VQ99CJG0,Hun Fighters,8000012,286170,87,29
87,#CVV8LUPC,FANTA YT,8000021,277519,88,16
88,#28UU8LQUV,joran bawz,8000007,273953,89,29
89,#988QRJUR,eatpyubezplz,8000029,272587,90,30
90,#9GUJ2QL8,KO_LO_VE_RA,8000018,270324,91,11
91,#VP0PGPG8,PRO KLUB PL,8000057,270187,92,30
92,#PYVYVURC,チキンコケコケクラブ,8000009,269289,93,30
93,#20J09L02,똥싸면서생각한다,8000029,268205,94,30
94,#2LLYURUV9,АУЕ_ТАТАРЫ_228,8000043,267865,95,16
95,#2GJPVQ08V,☁️AKATSUKI☁️,8000042,265734,96,11
96,#Y200Y9Q0,Mala's &CO,8000000,262993,97,24
97,#2QQ98Q8R0,peruanos XD,8000041,262802,98,30
98,#2P2CPYYR0,BaD RaNdoMs,8000000,260083,99,13
99,#2RUP8CR2G,헐렁걸레,8000031,258442,100,30
100,#2JJ9CQYLY,Soft Home,8000002,257348,101,9
101,#QC989CG9,CAÇAFRANK,8000006,256725,102,27
102,#P98C8UYP,Black storm,8000033,255608,103,27
103,#J9L8UPPU,🤓العامري,8000029,255602,104,30
104,#2GP2VLLG9,knokball kings,8000021,255479,105,12
105,#L89LYR0Y,전설반,8000018,253823,106,30
106,#VUJLPGGQ,YT furchek,8000007,249602,107,23
107,#98JC0VUP,клуб тимы,8000037,249037,108,22
108,#2QRQVLCJR,ЧУВАШКА,8000013,247941,109,27
109,#29PJ8VPYL,Driftowcy,8000018,247502,110,30
110,#29LJ09JR0,🖤|LøVe☘,8000029,247247,111,1
111,#2YR2PC8VP,KOLOMBO,8000017,244995,112,11
112,#2RPUJRUVG,FBIcactus,8000045,244692,113,30
113,#2RG0CGV88,서울신월초,8000052,244392,114,30
114,#QP80JL2Q,roope,8000030,243465,115,30
115,#2CRVLQC2Y,Victory,8000029,243343,116,12
116,#2YJJQ9L2G,SellBr,8000029,243006,117,29
117,#28V0VP8J9,ALPHA PREDATOR,8000029,239374,118,21
118,#UCRQQJL2,spike do like🌵,8000010,238907,119,29
119,#2J9LCGC8G,Rizvon,8000037,238104,120,13
120,#VQUCR2L,Movimento 5 ⭐,8000015,237839,121,28
121,#2YPQ9Q098,コスパ重視,8000010,237637,122,24
122,#2QUP2GU0C,비실이군단,8000035,236553,123,30
123,#2L9VVCLJG,gei777,8000047,235912,124,28
124,#2VVQC9YJ,Клуб друзей,8000029,234787,125,8
125,#RCJCUL8Y,Huevacos Gilaaa,8000007,234732,126,29
126,#2Q9CLLYCQ,бравл страрсеры,8000057,233719,127,17
127,#2U9VYUYQ,Фэлу,8000004,232922,128,29
128,#LRPY2U8L,CDBERRIZ,8000029,232650,129,30
129,#GQURL8QU,ابو جلمبو,8000025,232451,130,30
130,#UJ0RC02Y,A Club,8000007,232420,131,28
131,#2QJCGVPRQ,Dr.WEB,8000037,231962,132,30
132,#2RCCU0Q8,клуб пацонов#2,8000049,230891,133,17
133,#J9GYPG00,БАТЛЫ,8000027,229922,134,27
134,#2Y98ULY8C,🎃лунный🎃год🎃,8000058,229780,135,18
135,#8VVJPCGC,ValpoGang,8000029,229715,136,16
136,#2R8L8J0G8,???,8000039,229402,137,16
137,#9980CJG2,lamasse08,8000004,229004,138,29
138,#LQP9V0PL,du bist cool,8000050,228509,139,15
139,#29YLCP2VQ,OMGMORTESFENIX,8000057,228269,140,30
140,#2P90088YJ,合作金庫,8000023,227297,141,17
141,#2JVUL8RJG,Gold runo,8000005,227218,142,13
142,#9822L8P8,LOS POCHOCHI,8000002,226489,143,24
143,#PYRC22V0,הרשעים,8000008,224314,144,29
144,#20QGR99PY,Bayern München,8000007,224119,145,23
145,#2L9LLLRQU,Цените Мать,8000028,223439,146,16
146,#2Q8YY29YL,마루한모여라,8000017,223346,147,28
147,#29G2C000Q,pix,8000049,223083,148,29
148,#2CGRR2Q0P,박지윤 벅수,8000016,221456,149,30
149,#J8V80QV9,DEADLY ZODIACS2,8000004,220908,150,25
150,#2YL2PPLQJ,천하무적밴드 팀,8000013,220696,151,27
151,#2QYUGCRRP,..::Dragons::..,8000033,220434,152,11
152,#PLYRYQV8,Bull's Club,8000037,219540,153,29
153,#PYYGLQPR,_______________,8000001,219499,154,25
154,#28YJQQULJ,noobTraining,8000050,219016,155,27
155,#29JCYJLL2,Mori Club,8000016,218665,156,23
156,#22LUVLVQV,Comarnic e baza,8000029,218604,157,30
157,#PV0JPQ8,黑心一族,8000057,217480,158,17
158,#JVYULYGV,паперони,8000016,217212,159,28
159,#YJYVUP90,공동대표해주는 비둘기,8000027,215722,160,14
160,#UU2RCURY,I SUPER PRO!!!,8000003,214761,161,13
161,#CPLGGRJ,LegAmbiente,8000029,214712,162,14
162,#8GCJVUP8,Adai szmotánok,8000025,214611,163,25
163,#2099YU89L,X-SQUAD,8000012,214388,164,29
164,#2R0JYGCYL,愉快な仲間たち,8000016,213900,165,16
165,#LGUR22RY,Team Lexxi,8000022,213564,166,28
166,#GL8JPRQ2,Los black,8000016,213495,167,23
167,#JPVL909P,BRAWL STARS,8000023,213277,168,29
168,#LC0PVQQY,Безбаб,8000008,212548,169,12
169,#2GU9UP8PP,özel grup,8000029,210898,170,26
170,#222C9VRY8,СЛАВА РОССИИ,8000023,210583,171,21
171,#2LP92RJP9,зек емпаир,8000048,210466,172,30
172,#2YQ9CLYYR,🌿🍃PLANTS🌲🌳,8000013,210136,173,22
173,#2QVPPVG0G,császárok!,8000001,210042,174,26
174,#22UL2UL09,9lka4ok🥰🇺🇦🖤,8000037,208795,175,15
175,#2JVV2R22J,★NIGHTSTAR★,8000010,207506,176,9
176,#GPRLRPY9,🇧🇷brasileirão,8000025,207200,177,30
177,#LRQRJQJQ,КАРАУЛЬСТОГО,8000037,207034,178,22
178,#2Q89G0UVQ,Leon ver lann,8000035,207006,179,20
179,#P0VVJPCJ,El Rey Spike,8000013,206412,180,24
180,#2YLVUGJ0,robzi,8000029,205726,181,29
181,#V0JUCV9P,959595959595959,8000022,204538,182,28
182,#2RVVJ8GUR,New Year New us,8000047,203837,183,14
183,#2YPL2V9JV,PABLO 🌵🔥🌵,8000006,201534,184,8
184,#292VGYGVL,Skaven,8000042,200925,185,30
185,#2JU0P9L08,BFF Brawlyworld,8000055,200307,186,25
186,#VV0CGQR2,박닥2,8000016,198109,187,27
187,#2Q22LQJLL,ЭКОНОМИКА2022,8000048,197774,188,29
188,#2JRPP922J,лютиє ботики,8000023,197710,189,30
189,#29GLL9L9G,TROPA DO ZAP,8000037,197697,190,30
190,#P2LR900,꼽사부와 아이들,8000029,196318,191,22
191,#VRL0GVL9,apelão hs 2022,8000021,195580,192,30
192,#LGYGQ2G0,ляляля,8000018,195452,193,23
193,#2PGP2099L,⚽️Dark Feeil⚽️,8000057,194085,194,16
194,#YUR9U8L8,Michos,8000007,194075,195,29
195,#2CLU2P2P,good,8000029,191921,196,30
196,#CRCVQCLC,my cool club,8000018,190938,197,25
197,#2GLQ0VLG2,100i,8000056,189314,198,27
198,#YLP89JU0,1UP,8000037,188889,199,15
199,#2PV2GV2YQ,안우성,8000000,188881,200,30
