,tag,name,badgeId,trophies,rank,memberCount
0,#2CGJYPUQP,BulgarianR,8000003,1781414,1,30
1,#2GCCUQLY8,Bulgarian Army,8000037,1612432,2,29
2,#2GLPR0RJY,BulgarianTeam,8000055,1608556,3,30
3,#2R0JQG80J,Bulgarian Stars,8000052,1496800,4,30
4,#2LLRVJ88L,Misfits,8000045,1359043,5,30
5,#2CLJRYV92,Code Apocalypse,8000039,1341052,6,30
6,#2RQU8RL2L,New heroes,8000036,1333720,7,30
7,#2922GJCPV,VV power,8000029,1306862,8,30
8,#PVR2GP2,<c4>Guards</c>,8000000,1271652,9,30
9,#29UV8V0U,Brawls eSports,8000008,1254469,10,19
10,#29VVGGPC2,ScreameRs,8000013,1251601,11,30
11,#Y9Q9QUP8,umnite,8000004,1215349,12,30
12,#2JRGYPUQY,TheUndertakerBG,8000011,1210713,13,30
13,#CVLPL0G,Elena Ivanova,8000025,1209511,14,30
14,#29Q0JVY0L,Logic Community,8000021,1181158,15,30
15,#29YJYLCGV,Bulgarian Army2,8000037,1168158,16,30
16,#28PPC82UJ,Калчета,8000019,1138086,17,29
17,#2RRR2PQ2C,MasterClass,8000019,1133368,18,30
18,#P8YLPJL2,Bulgaria,8000023,1127665,19,30
19,#2C8C2VJYJ,BulgarianPros™,8000025,1110595,20,30
20,#2JCLLJQ2L,Stardust Gaming,8000002,1106495,21,29
21,#2RR8UGRC,DimoAcademy1.0,8000038,1088302,22,30
22,#2GCR8VQJR,GalacticFoxes🌌,8000041,1080877,23,30
23,#2GYP2LR09,Bulgarian Elite,8000057,1077722,24,29
24,#220YJJ0LY,Seek&Đestrøy™,8000034,1068340,25,30
25,#2J8GQLCLY,Bulgaria,8000029,1053582,26,29
26,#2CPLCQQ9R,9d8k7p,8000000,1042379,27,30
27,#22L8C8LJY,BG GANG,8000033,1041360,28,30
28,#2C0CQ990Y,<c5>BG NAVI</c>,8000058,1040622,29,30
29,#2GV09J2C8,DungeonCraft,8000013,1033489,30,29
30,#22UGVP22P,Global Team 2,8000056,1030943,31,30
31,#29QPY22GY,Chidory,8000050,1012369,32,30
32,#2JU9GRUPP,BulgarianStars™,8000018,1010238,33,29
33,#VY2C0QL,Dimo Academy YT,8000003,1010181,34,30
34,#2JQQUV022,Top G,8000037,1006041,35,28
35,#2PCCRVCLY,2ch/yoba,8000006,1002611,36,30
36,#2R8YQQ090,VladislavPro,8000059,1002440,37,30
37,#QVLJ20V8,Вики 02😍😍😍,8000025,998320,38,30
38,#2GCGC0GG,BG Empire,8000018,990274,39,30
39,#VJP0L09J,HELIOS,8000018,975189,40,30
40,#LVV2UQQU,Musaka,8000013,968485,41,29
41,#2C0Y8YUP0,лудитеее,8000020,964224,42,28
42,#22YJCPQU8,Propleari_bg,8000023,958282,43,28
43,#2GRC22JUG,BGN|WRLD2227,8000007,953592,44,30
44,#22VJJC8G0,BG TITANS ARMY,8000059,950696,45,30
45,#22UG29YR0,Have fun,8000014,944013,46,30
46,#2G2Y8PJVG,Mega,8000058,943390,47,29
47,#2G8VJ0VJU,BG/Dimo,8000040,943060,48,30
48,#2YCPU88JJ,BIG Лебовски!,8000032,942692,49,30
49,#20JLC99P,DataKur,8000007,942145,50,30
50,#28JL8CRQG,Active,8000034,940381,51,30
51,#2C2C28G02,BG CLAN,8000031,939467,52,29
52,#2JUL9YQCR,Team Chaos,8000052,935969,53,30
53,#RVQRVRL,BulgarianNoobs,8000008,925162,54,30
54,#2GJL0P0LU,BulgarianHeroes,8000037,916358,55,30
55,#2Q9PL9QLV,☔BGG|Magic☔,8000041,916349,56,30
56,#2C2RVC9LR,Esports 2.0 BG,8000059,912547,57,27
57,#2RQV0JJRV,Диванные Войска,8000037,908746,58,30
58,#JPYUU908,Джифорс 2,8000023,905261,59,30
59,#2C2PLVCC8,bslto,8000057,904520,60,30
60,#28JJLVV8G,batki,8000050,902574,61,30
61,#2QYGQQ9R0,10Mega's Gang,8000053,897963,62,30
62,#YLVQQ0PU,VarnaPro,8000029,895496,63,30
63,#2RY9PUL9L,Entity,8000031,893874,64,30
64,#YVL0YUPQ,Николови,8000037,883301,65,26
65,#CU2PJG88,legendary,8000026,880248,66,30
66,#2JYQU9CYR,G KLAS SA PEDAL,8000059,869078,67,29
67,#2JLLJQ9YQ,VankoLLL,8000002,867781,68,30
68,#2C09G9G80,CLUB,8000037,866394,69,30
69,#2C8VURYJU,BulgariansUnite,8000010,863753,70,30
70,#8PPUGQVL,Pro Gamers,8000007,860683,71,30
71,#PU0JL2YR,Bulgaria stars,8000021,859297,72,26
72,#8Y92V9GP,Bulgarian pros,8000006,858420,73,30
73,#29QUG0CQ2,The Art of War,8000034,853512,74,30
74,#2JUVG8L2J,Mastera_YT,8000025,850632,75,30
75,#2Y2UUQQCV,YT: MARTEN BS,8000021,845850,76,30
76,#2PLUL9RJV,Сидер цар,8000023,841766,77,30
77,#2R2029YP0,GoodFellas😎,8000055,838583,78,25
78,#2Y0PJY9RJ,BG|Kingdom 2,8000055,831767,79,30
79,#2GJQ2JRPY,Stella Regum,8000029,829941,80,30
80,#QGUJJYGY,WARDER,8000043,828934,81,30
81,#2YLG2LQYU,BulgarianTeam,8000055,826230,82,30
82,#2922UQVCJ,Stas Army,8000014,824136,83,30
83,#2C92YLJC0,CREEPY GANG,8000029,823730,84,30
84,#29YUV9UUY,1904,8000023,818883,85,30
85,#209QL99Q0,Bulgarian Boys,8000008,817978,86,30
86,#2C2QPYRQP,DAI ludite,8000023,815900,87,29
87,#2GP90QJVL,StopTheAutism,8000057,815673,88,29
88,#8LCRRCGP,Rokmetal bg2,8000049,815196,89,30
89,#2CRRCLRRY,BG_Brawl Stars,8000037,811183,90,29
90,#LPQRR29Y,krisi.raykova,8000023,807137,91,30
91,#QC0RV9J,Maslina,8000013,804442,92,30
92,#2QY9CRQ8U,DarkElite™,8000057,794664,93,30
93,#2GQRGYJCJ,Black Lotus,8000037,794037,94,30
94,#2CLJUP88P,Only up,8000037,792537,95,30
95,#PUCGPR8R,BG mania 3,8000023,791949,96,27
96,#QJL20UJ8,Bulgaria,8000037,791152,97,30
97,#29R29QU0Q,Лайна,8000032,790810,98,30
98,#QJ0G9RJ0,FireZone,8000037,786588,99,30
99,#2RQV9R89Q,Svet Army,8000052,786474,100,29
100,#2L90YY0LJ,Plamenis’s club,8000029,784377,101,30
101,#29GLRG009,Възраждане,8000040,784361,102,30
102,#2PRUPLJ2G,SAMBATA BG YT,8000006,781658,103,30
103,#2QV8UPJPJ,ZUMER😎,8000039,780756,104,30
104,#V29GUVV,България 2019,8000035,767475,105,30
105,#22P99UYPP,TheClashers Pro,8000037,764717,106,20
106,#2CJ2CU9RU,Frenzy Shooters,8000018,762945,107,30
107,#289CGJ8GP,Dungeon 4,8000022,762349,108,30
108,#2C00G,Cell-X-teaM,8000003,759668,109,30
109,#YL8CJRGU,BANDITA GAMING,8000027,759646,110,30
110,#2J02GGJPR,GoneInTheWind,8000054,759213,111,30
111,#2G2RU8QLU,international,8000027,756387,112,30
112,#28GC2Q2C2,SMG 5A,8000055,752955,113,30
113,#2GGU9UQL8,България,8000012,751405,114,30
114,#28L0PY9G0,game is soo fun,8000029,749263,115,30
115,#QJG0CRP0,Гейминг Stars,8000029,748415,116,30
116,#209UJ02G9,Bulgaria,8000029,748377,117,30
117,#2GGPPG2VG,Autism Center,8000022,747496,118,30
118,#2GQUQJRPJ,YT : DekOTo_We,8000022,747211,119,30
119,#Q0JY2CL2,Баничка,8000028,746443,120,30
120,#2JU0Q0PR9,BG| Viki,8000018,745021,121,30
121,#QJRVYY00,BS|Bulgaria,8000055,744002,122,30
122,#C8VPC0J9,AQUA PARK,8000059,742073,123,30
123,#2CRPQL2PC,ФК Ново Оряхово,8000001,741405,124,30
124,#2JPVPRY2L,DreamTeam,8000004,738886,125,30
125,#2GG0LP9GG,High Army,8000029,735522,126,30
126,#8GCJ9LL,OOS,8000037,732796,127,30
127,#VJR9RRCQ,ала бала бг,8000047,732495,128,30
128,#289QLG00Q,FaceSlaps,8000000,729601,129,30
129,#28YQ2J992,Crunchers,8000031,729328,130,30
130,#2C8J0R20G,BlessMyPump,8000056,728708,131,29
131,#2YPVYCV02,Chidory,8000003,727064,132,30
132,#20VJQRJR,BG BROTHERS,8000025,726852,133,29
133,#RCG29CC,България,8000002,726622,134,29
134,#2QUC80UC2,Asmak,8000053,724069,135,26
135,#28L8UR0C9,AURA,8000023,720086,136,30
136,#2GPUVGV0Q,Sladurite,8000035,718287,137,28
137,#2C8C80PP2,Bulgarian Gang,8000055,713949,138,20
138,#2QCVU0V8,кръчмата,8000013,713058,139,29
139,#2JYJL0UG0,Shadow Fighters,8000055,711063,140,30
140,#VJ2VP2UL,The Clashers 2,8000036,710463,141,30
141,#2CP88RV9J,BG 24/7,8000023,710366,142,23
142,#2C9VYQ9VJ,The GOATS 🐐,8000055,710329,143,29
143,#2099CRPQG,BulgarianGang™2,8000007,706213,144,28
144,#LQGUCQL8,All Stars 🌟,8000006,705405,145,30
145,#2Q0JU98L2,MasterBG🇧🇬,8000043,702523,146,30
146,#2CJ98YJ0L,Masturbinios,8000024,702258,147,30
147,#2RC2RGQP9,Дядовата Ръ̀ка,8000035,701789,148,28
148,#RQU0RPV8,Dimo Academy5.0,8000013,700906,149,30
149,#28P08RUPG,GOD(BG)DARKNESS,8000006,698432,150,30
150,#2GGPJJ898,Bulgaria,8000029,693569,151,30
151,#2GURGJ0R,Bulgaria,8000037,693536,152,30
152,#VV2988P0,BulgarianGang™,8000033,692067,153,30
153,#LCY08GQR,CPR 69,8000004,690126,154,30
154,#299P2GRC8,🇧🇬BG_Lions🦁,8000037,688586,155,30
155,#2CJCC9Q9G,Aleksini Army,8000053,688010,156,30
156,#29YRQRPG0,pog,8000043,686886,157,29
157,#2890R9ULJ,Brawl stars,8000027,685812,158,29
158,#2QVG9RUG8,Tribe gaming,8000037,685784,159,30
159,#YGQYPP8U,Plovdiv_army,8000029,685644,160,30
160,#2G2LR20Y0,xlqb4e,8000059,684417,161,30
161,#2GVLJRGY8,BG Team Club,8000056,682541,162,30
162,#VL0VJ008,Пазарджик-#1,8000021,681049,163,30
163,#8JP8Y2RV,dqdoVanio YT,8000029,678934,164,30
164,#29QYRL0JR,Belligol🦦,8000047,678398,165,28
165,#2CGJYL8CY,BG army,8000047,677856,166,30
166,#28PRJ8RPQ,bratletata$$$,8000019,677208,167,30
167,#2920PR8G,berry,8000004,673554,168,30
168,#C8C9LR08,МАХАЛАТА,8000000,673085,169,29
169,#20CPLJU,The Clashers,8000006,672842,170,23
170,#2PQJ2GCYQ,Power Army,8000057,671711,171,30
171,#2CGVLC8L9,Na miti mazeto,8000025,667507,172,30
172,#2RJ0J288P,gangster club,8000029,667378,173,30
173,#29LRRCJ2Q,Gaba Gaburana,8000049,666607,174,30
174,#2CLCUGCGR,BG TEAM,8000037,666452,175,29
175,#29GVLR0LG,Mashinite batio,8000038,662793,176,30
176,#2CYJQYRC9,🥀|NIGHT🧌,8000045,659436,177,30
177,#CY8CGP0U,Bulgaria,8000059,659236,178,30
178,#299G09PJV,Savages,8000041,658764,179,29
179,#20U00YRRC,brawl bg,8000016,658611,180,30
180,#2GV0YVP0J,&1-F@M$,8000023,658068,181,30
181,#28JCG9VLP,пичовете,8000033,657190,182,30
182,#C0LRJPR2,BAD BOYS,8000042,655864,183,30
183,#20Q22JV98,БГЛ,8000014,655863,184,30
184,#QJLV9UUR,MR_Bulgar4e™,8000008,655694,185,29
185,#9CGJ08JU,Dimo Academy 9,8000013,654662,186,29
186,#2VGPVPUG,Спайковците,8000013,652790,187,29
187,#2Y8CQJ9R0,BulgarianGold™,8000021,652741,188,29
188,#2C2VR0LVL,лудогорец,8000045,651935,189,30
189,#2CQG8L90R,X (Team),8000002,649708,190,30
190,#2G8PU2QP2,BG Undertakers,8000059,649436,191,30
191,#2CGJ2LQ0U,Bulgaria_png,8000029,648126,192,30
192,#2JJPJ2UGR,Ourcraft C,8000006,647753,193,30
193,#2GQ2VYJYC,Dark Legend™,8000041,647137,194,30
194,#2CRYL2GUQ,Brawl Stars BG,8000025,647130,195,30
195,#29J0VY88Q,SOP,8000035,643040,196,29
196,#2C8JGLYCP,⁶⁹,8000047,642222,197,30
197,#QRG9QCV8,Botev Vratsa,8000027,640935,198,30
198,#V2R0LRP2,Shameless,8000017,640017,199,24
199,#VLP8GVUU,Power Gaming,8000023,639227,200,30
