,tag,name,badgeId,trophies,rank,memberCount
0,#20LL8VQQJ,Pilvax Kávéház,8000022,1219131,1,30
1,#2GUUCULJU,Tw@Life☠√Go☠,8000030,1162243,2,29
2,#29GUCUGCG,Annihilation 👑,8000055,1142069,3,29
3,#20J0CL0RG,club cameroun,8000059,957196,4,30
4,#V2CPYGU,Be Stobon,8000035,859037,5,30
5,#R8LLJ2GG,БРАВЛ ГРОМ,8000003,793333,6,14
6,#C8RV0G9Q,JUDE,8000056,775436,7,30
7,#2C9VJR8VU,XY/Gaming YT,8000054,774732,8,29
8,#28PCR0QRY,The Exotic Crew,8000059,750259,9,30
9,#VL8UG220,lespotes,8000018,719643,10,30
10,#2JCPJYRCV,In_The_Darkness,8000029,703391,11,28
11,#988CYY8R,Evanaissance,8000045,688841,12,30
12,#2CGYY22R,紅色,8000004,653597,13,29
13,#PP22RVVC,Meng_11_TP,8000034,651611,14,30
14,#2RGPG8YPR,City Of Saints,8000013,638545,15,30
15,#2GYLV8YGR,Les Grillons,8000056,633994,16,30
16,#29QJYGV20,smile킬러,8000057,622636,17,28
17,#RRQR0PJJ,Aedrin,8000021,597443,18,2
18,#2JJ82PJ99,BRAWL MONARCH,8000023,580052,19,30
19,#8GV9LRL0,one for all,8000029,578013,20,30
20,#29P22C9G8,8280,8000004,528889,21,30
21,#9VVP8PP0,Клубная лига,8000002,528646,22,25
22,#2GLGL0YYC,天宮,8000029,525881,23,25
23,#2C2Q982VR,노노카,8000035,509962,24,30
24,#2GY82YPYL,Ee Gg Ee,8000029,500184,25,28
25,#90CLPVVV,The king of god,8000004,489665,26,7
26,#2JGLU8C8V,PROSTOV'10 AYAA,8000041,485039,27,26
27,#QLL9CJ80,nouveau club237,8000001,468668,28,26
28,#V82CCPRU,Riders BSC,8000017,454548,29,30
29,#2G22CR9GR,Wer Clan,8000040,448581,30,30
30,#2GV0UURRP,Foxtrivial,8000049,427910,31,27
31,#2YYQQV92U,BVB,8000021,417395,32,30
32,#2GRPUPUG9,stobon 1.2,8000000,407995,33,18
33,#29CLQJLLY,MMA|Шелли✓®,8000037,403125,34,28
34,#G299R2,demise,8000017,402943,35,15
35,#2GPYYJYL9,pomidorówka,8000037,396461,36,30
36,#LJUVGRJR,OLYMPE237,8000007,393457,37,18
37,#2C9GCUC0Q,KOREA IN NONOKA,8000035,391337,38,20
38,#YG820GC2,cameroun,8000048,375055,39,30
39,#2JQJ8C99C,Les Zigoullieur,8000004,368666,40,30
40,#2C2YL82YV,les parisiens,8000029,361200,41,22
41,#JRUL9PUP,@#$%&@#$%&,8000059,346607,42,30
42,#20R29RYGL,C # CLUB,8000037,346586,43,27
43,#2JQ9Y0LV9,☠️AFTERLIFE☠️,8000037,344933,44,15
44,#22UUYLQ0G,Cite verte,8000027,343943,45,26
45,#2QU0C0G9,GS,8000006,343442,46,30
46,#UL2RJR20,bala,8000059,338747,47,27
47,#2CJVJLJ0V,I❤️‍🔥Cameroon,8000007,329194,48,26
48,#2JCQV8LYL,현준따까리모임,8000049,325946,49,30
49,#2CQRGP9P8,도비들에세계,8000035,322961,50,29
50,#2JLPRRY8U,ROYAL.F,8000029,309883,51,27
51,#28L9UQP88,xorazm,8000057,309242,52,18
52,#2CPP8RVGV,CX🇨🇲,8000059,303700,53,27
53,#22RY999YG,zirvemahalesi,8000003,299778,54,30
54,#2G92JULJQ,ÇPCB Brawl,8000035,287342,55,28
55,#29CUVY9JR,Pdeláčci,8000016,286267,56,30
56,#9PY0298Y,njewaclub2000,8000003,285781,57,19
57,#2JGYCY2JG,<c7>繁華熱鬧孤兒院</c>,8000059,282313,58,12
58,#CCJJUUCJ,TR BİRİNCİLİĞİ,8000029,277946,59,30
59,#2RRCPVYP2,무릉초등학교,8000034,276165,60,29
60,#2RPYQ9GQG,CGI,8000033,275613,61,17
61,#29QCR90G2,CODEMAGIC RO,8000025,274286,62,4
62,#2L9RP298,guasipisimos,8000059,270570,63,18
63,#2RGRVPQJC,zeus,8000059,266258,64,27
64,#82C0Y9PU,고도치,8000016,264992,65,29
65,#2YLUL9LQR,doman 🏴‍☠️,8000049,262779,66,22
66,#2LVYYG2JJ,prisoners 50,8000042,261211,67,12
67,#CPJR9YY9,Der Teufel club,8000022,255607,68,30
68,#YP2VR2UL,𝓖𝓾𝓶-𝓖𝓾𝓶🌌,8000057,252304,69,17
69,#28C0Y8YV0,МЕДВЕДИ🍔🤣,8000022,247824,70,21
70,#2G9P89YCC,Otaku Brawl,8000007,247398,71,30
71,#2R89JU08U,Дворовой клуб,8000033,246441,72,21
72,#R0QV00JJ,브롤충 다모여,8000005,240614,73,29
73,#80JGU08R,너 이리와,8000029,240122,74,22
74,#LJ82Q200,KALIBq,8000023,237960,75,15
75,#VUCGUGCG,los primos Dias,8000019,235736,76,30
76,#2QRLC2L00,cl 13 enflammer,8000018,232169,77,3
77,#28Q80VLC2,лысый228,8000007,227935,78,29
78,#29JYUYU9Y,Galaxy clan,8000039,222545,79,16
79,#20QGGV99,ПТУ,8000008,222154,80,17
80,#22JGG8V8C,소나티나,8000050,220446,81,30
81,#2GG0R2UJ2,Superstar D,8000037,219697,82,25
82,#P2CJCQYY,не сливать,8000017,216614,83,22
83,#28CLVPYJ9,ENFLAMMÉS,8000059,215046,84,30
84,#2JVY2V29V,famelie brother,8000041,212852,85,21
85,#GYLRR8,OLYMPE237,8000004,211902,86,29
86,#2G2YQPP0J,Sarma adam,8000029,209253,87,30
87,#29P082J2Q,RUS VPN,8000048,208107,88,30
88,#2GVUQGV8Q,잼민,8000016,204712,89,12
89,#22PQ0YPVG,fortnite,8000021,203321,90,28
90,#2PQRG2LCP,the winners,8000002,202700,91,20
91,#RLJ82UQ,BustyClob,8000004,201353,92,30
92,#2CLJQ022L,فريق الضلام💥☠️,8000007,201259,93,30
93,#C2QY2CVY,MAH KRALLARI,8000018,201083,94,29
94,#G99RVCYU,전주놀이터,8000029,197137,95,29
95,#29CJ0L9QR,🙀THEkiller🙀,8000000,195865,96,8
96,#20UR89JPC,🖤Black Sky 🖤,8000023,195062,97,18
97,#VYP08RRY,سداحين 515,8000027,194428,98,29
98,#20Q9GQ99,Россия,8000007,194365,99,24
99,#VYJPGGQ0,Brawler Gang,8000016,193388,100,5
100,#209GJYCCU,yyuuyyuu,8000020,191257,101,30
101,#YCGG0VYG,be stobon2,8000001,190921,102,29
102,#29Q0Y8V8Q,K-MER CLUB,8000034,189496,103,9
103,#2RGU08C8C,neuf H quatre,8000047,188814,104,21
104,#20YLGVCPY,⚡STORM⚡,8000011,187972,105,12
105,#VYV0C8G9,Бравл Старс,8000023,187774,106,30
106,#2LJLUG8P2,Ancient killers,8000013,186825,107,27
107,#28QG0R9RY,клуб уток,8000004,185736,108,30
108,#92JQRUR9,team brawlStart,8000007,185279,109,17
109,#RJ2RYQUR,gong,8000024,184877,110,28
110,#2G82C8808,Senseti_BS,8000021,184666,111,12
111,#L99VYPPC,Россия,8000037,184081,112,30
112,#2GJ9LQGLP,7 б,8000050,183080,113,12
113,#GQLG09YP,два профи,8000059,181131,114,27
114,#229UCU2PP,Killer Force,8000037,180789,115,24
115,#V9R28RR8,BRAWL KINGS,8000029,178869,116,30
116,#2JL9QVLRL,CANDYLAND,8000006,178120,117,7
117,#2CGYU29Q0,최준건민,8000043,176272,118,30
118,#RPRRURJ0,leon,8000029,175982,119,23
119,#2RG9UYV9,ворон кикимара,8000009,175097,120,24
120,#2GVR0PV2Y,geri draugai,8000029,175072,121,25
121,#U8C0V9YQ,BATMANLI72,8000011,174272,122,15
122,#2JLJY2PUQ,Warps,8000054,173763,123,10
123,#2Y0LLGYYL,4남매tv,8000029,173298,124,30
124,#YLR2YPGV,34 ye ye ni ni,8000035,173169,125,26
125,#2RR2UVYGL,Konoha Legends,8000048,172248,126,30
126,#J0Q8ULJR,ALFA 04,8000022,171384,127,30
127,#2YYLY99PV,henriquebossaf,8000005,170491,128,30
128,#2GP8CYPR,Mateo,8000029,170086,129,30
129,#222G9PP99,青春掌握在自己手上,8000011,169197,130,9
130,#QQUVPGRU,Alma do Star,8000017,168508,131,30
131,#YJ8JV2CL,Absolute Duo,8000058,168502,132,30
132,#JGV088VR,arkadaşlık45,8000004,167629,133,30
133,#2LRYC9GGP,Tick's Club,8000034,167181,134,14
134,#2Q89Q20PV,пр,8000025,166728,135,17
135,#YCQV80GG,colco club 2,8000049,166294,136,14
136,#LL2RGYJ9,Унитаз Сотоны,8000005,166179,137,30
137,#9J9YPVP,умпалумпа,8000021,165810,138,20
138,#29PLCQ9YG,ПОБЛЁНКИ,8000057,165441,139,30
139,#2RVGVGL80,bane,8000055,164855,140,28
140,#U9Q9RPQQ,эсэрол,8000026,163986,141,29
141,#C9JQJL8,GTO,8000019,163671,142,30
142,#2RR8C2P22,Dostlarım🥰🇹🇷,8000059,163527,143,10
143,#UYJYVQ0V,now who is the,8000005,162804,144,30
144,#2JV9PUGG,про139😈,8000004,162691,145,30
145,#U82UY2JJ,Daro,8000018,162547,146,30
146,#Q9GLJ0PU,semih_yunus_kin,8000013,161929,147,29
147,#GRCJGQQY,бродяга,8000004,161569,148,29
148,#22QVLRVJJ,madaga,8000027,159195,149,13
149,#2020VRYV2,Los wolf,8000037,158599,150,30
150,#2R0VVY9QV,Singolarità,8000012,158255,151,14
151,#2CJ2C2QQ0,양진 초등,8000004,157757,152,12
152,#2JGRLGR8Y,бевые черви,8000027,157305,153,26
153,#82J0LL88,les sins,8000029,156311,154,15
154,#QG9CVY2,TÜRKİYE,8000025,156265,155,2
155,#UVV99QVL,ddef,8000059,153543,156,30
156,#VCUQVYCV,king brawlers,8000016,151992,157,24
157,#8GJJPCU,we are champs,8000023,151475,158,30
158,#V9Q0CL9L,mes cousin,8000048,150904,159,26
159,#2YRPQRUUL,killer,8000006,150501,160,27
160,#28G92RLL2,LelikSts,8000040,150459,161,12
161,#V98QCPJV,ПОТ,8000007,150305,162,24
162,#2980V2RJJ,מכת הברק,8000019,150024,163,28
163,#228JYL9Q2,اسطير العراب,8000020,147927,164,28
164,#2PQYJUVV0,тащеры друзья,8000057,147819,165,30
165,#22RLCGUQ0,주형민재 한빈,8000005,147733,166,30
166,#URVL2VQ9,스파이크 나와라!!!!!,8000017,147169,167,28
167,#28JCJ9YY8,👑AY.YILDIZ👑,8000023,146433,168,29
168,#P2PLR2UC,огонь,8000014,146297,169,29
169,#QPRV0UVQ,ghost rider,8000029,146160,170,29
170,#Y9RC2YCC,faticampachies,8000018,146065,171,24
171,#209RLCV8G,czarny,8000004,146009,172,27
172,#VU99R0YG,Татарины,8000059,142622,173,30
173,#2G8GJ9L8V,хлебушек.,8000059,141793,174,29
174,#QUVRY2Y0,тут живет путин,8000008,141281,175,26
175,#2CPPJGUGP,ФЕМЕНИСТКИ,8000008,141185,176,6
176,#2LYUY8VJU,BY ŞAHİN,8000031,140223,177,30
177,#GGJP9GVV,Brawl clan,8000004,140106,178,30
178,#2JL9LVG22,재욱재욱 왕국,8000006,140054,179,30
179,#29PC2G8JL,türk bs,8000023,139311,180,28
180,#200GVP0Q2,PSG CLUB,8000042,139158,181,18
181,#2L8QYR82P,a4,8000007,138349,182,25
182,#20U98C2CC,пелешик,8000054,137755,183,29
183,#2JCJ9GRUR,Die Schmitzes,8000043,137723,184,6
184,#29V9U208U,Свинки Бравол,8000023,137051,185,28
185,#LLCLY9V8,Riches pro,8000047,136374,186,13
186,#LQJUL0J2,Veneter Rus Kil,8000024,135437,187,12
187,#LPPUQJ92,ملوك العرب🔥,8000023,135036,188,7
188,#YQVC8VQ8,Паша топ,8000023,134493,189,30
189,#2G80LPJCQ,Sahil 🌴,8000027,132867,190,30
190,#2PGCRV2V9,Gladdort,8000013,132476,191,16
191,#CYGJJCL,namorados,8000029,131889,192,30
192,#2C2VV0V80,Hayat sitesi,8000016,131700,193,11
193,#GUJGUP2P,los messi,8000017,130978,194,30
194,#2Q0J92UUP,A/:Y/:E,8000029,130359,195,30
195,#8920LV8Y,BrawlBrothers,8000017,130243,196,25
196,#2LRVP9CC0,ALL STARS,8000050,130149,197,28
197,#220RC02P9,GG|E-Sport,8000029,130004,198,30
198,#PUP0Q9Y2,ленка 🤨,8000000,129981,199,19
199,#29JUYLR20,Klasse 6e GYM,8000023,129782,200,10
