,tag,name,badgeId,trophies,rank,memberCount
0,#2LVRJYCPU,Brodcast™,8000023,2335522,1,2
1,#JGJCGR08,BRAWL BRASIL,8000035,1012705,2,28
2,#2Y88C28YC,DK<c7> GODS</c>,8000057,984195,3,30
3,#2GJCQU8Y9,НАГИБАТОРЫ ШД,8000034,894427,4,27
4,#2G9V8RPY0,BS NA EZZ,8000046,765289,5,30
5,#209Q9CY9C,(+_+)NØØBS CV,8000014,763852,6,23
6,#2G9QYJ88J,⭐[STAR SOUL]⭐,8000018,706582,7,30
7,#8QVYJU9R,누구?,8000049,666037,8,29
8,#JRJPU09G,la team fr🇫🇷,8000029,665550,9,22
9,#YC228RRC,VAPE MIELEC,8000025,653695,10,28
10,#2G2Y2UUJ8,CV Games,8000025,613755,11,30
11,#29R9CGLCV,Guwniaże🇭🇲🍔,8000006,592386,12,30
12,#UP0QVG9Y,❤️Sevgililer❤️,8000014,589983,13,3
13,#2Q2Y9R8VY,TFm,8000035,585408,14,30
14,#28CVLYUVJ,사신,8000004,585005,15,28
15,#QYQU8CCY,40000,8000000,581235,16,30
16,#G9GUQ800,club nounours,8000036,568056,17,17
17,#PGRJCL2V,Byron's Club,8000047,555501,18,30
18,#L22C00PV,Azerbaijan,8000023,527945,19,30
19,#2C9CVPYC9,|ЧАКЧАКЛАР|,8000031,445201,20,30
20,#LUUV0VVV,신화의 왕국,8000057,433801,21,26
21,#CR8L0LJY,pro deti,8000057,428706,22,30
22,#22GY2QLGQ,GOOD CLUB,8000019,424147,23,4
23,#UCVP8G2J,ダークホース,8000022,421909,24,22
24,#29JU0J92G,Stars.G.Family,8000059,421210,25,15
25,#UUUV2VR,france,8000016,419821,26,30
26,#222QYVYUL,VI ST🆙R⭕🌝,8000019,397751,27,1
27,#PCR8L8QJ,LKS IZDEBKI,8000001,391828,28,30
28,#2Q9GGQU2P,ПИРОЖКИ,8000004,388545,29,30
29,#2YQY8UUG0,Miojo GANG™️,8000048,388278,30,30
30,#2C8QQC9PP,DREAM,8000021,382378,31,30
31,#2CRJUR90Y,만월초,8000000,369722,32,23
32,#2GJGJPQU8,트로피 마켓,8000043,365519,33,30
33,#28G8GJGJ,numero 1,8000017,363295,34,30
34,#2CPRV0J9Q,MG✨,8000055,360933,35,30
35,#2PQYRCYCG,victorieuse war,8000030,359268,36,26
36,#CYULVP0Q,🍫ALPEN GOLD😜,8000000,354276,37,2
37,#299VJ82JR,AniLord Team™,8000013,352958,38,23
38,#JJ2V8YJ0,los tapis,8000027,349334,39,29
39,#2YJY9G9G2,touros negros,8000015,345371,40,29
40,#20GPY29PL,穴があれば入りたい,8000013,345059,41,19
41,#2JC0RC8Y2,Shadow Team,8000035,316333,42,20
42,#JPPQUGQ0,клубчик друзей,8000029,313812,43,28
43,#2QJP9QPP8,Club of Clash!,8000037,312132,44,30
44,#2J0L8LVLV,Play To Win,8000004,309885,45,15
45,#2JGGGQ99J,няши,8000008,307821,46,20
46,#Q0GUJRJ,Ομαδα,8000008,306927,47,30
47,#CRL2QJYG,Os Pros de PT,8000013,301674,48,26
48,#JVVGQLPG,гей клуб))),8000037,299085,49,12
49,#29PGQRGRC,Amigos,8000039,297915,50,30
50,#PRRQJVLY,MIRABRAWL,8000056,291535,51,23
51,#RRCGC902,amigos:),8000057,286971,52,26
52,#2LY0U8820,Win,8000021,286716,53,16
53,#20U2PV82,Nova i cv,8000019,283547,54,19
54,#2RJ0C20C2,Overgeared,8000049,283308,55,29
55,#2822QR8G,CV One,8000049,283104,56,25
56,#2R2Y9RU0V,Дерьмо,8000059,277321,57,20
57,#202UC0PR9,SZTOSY#skilsy,8000015,267851,58,29
58,#2JV8PC9JY,taśma69,8000057,263767,59,30
59,#82VC0GJQ,GoldenXClan,8000023,257621,60,22
60,#LVQJLUJP,amigos estrella,8000018,254134,61,30
61,#2QGQUGJY,Loafers,8000037,250757,62,11
62,#VYYG2JV,QL,8000037,249353,63,30
63,#2LP9PGGPV,THE BEST OF CV,8000059,248987,64,30
64,#2GG8J9Q82,CV STARS⭐️,8000018,239216,65,17
65,#22P2J9GV8,ANDEL 2,8000057,235543,66,30
66,#20UGCVUY,where is the ba,8000025,234055,67,30
67,#2YUVJU28C,alalawabibica,8000042,233917,68,15
68,#CP9G29QU,Cabo Verde🇨🇻,8000020,228763,69,30
69,#YCJUVJPG,XTentacion Team,8000006,225317,70,24
70,#QRYUQJRC,KİNG,8000023,219696,71,22
71,#2G9QQ8G8L,Limurooo,8000043,215295,72,18
72,#UGCQYGP,PILGRIMS™,8000018,214217,73,27
73,#28PLLPGQL,Плохие парни,8000000,213192,74,29
74,#8QQRUJQ8,Brawl masterer,8000053,212218,75,25
75,#209YQYGVQ,우리 가족 공식 클럽,8000036,212115,76,30
76,#Y89UPY08,Само е про,8000007,211856,77,29
77,#YJYJQLGQ,dejj,8000059,211703,78,20
78,#UG0PU08Q,nazzakino,8000017,210438,79,25
79,#20JVGUCCL,los amos royals,8000029,210349,80,30
80,#P299YPYL,PURO_BRAWL_ITA,8000019,210036,81,27
81,#8YCYCQCU,Fussel clan,8000052,208828,82,29
82,#90VLUG2U,ro,8000012,208489,83,30
83,#20UYPGGJQ,ILON MASK,8000059,208381,84,14
84,#2G2UJ0C9C,КАРАНТИН🤩🤩,8000016,206560,85,28
85,#22QVCUV88,team burrito,8000010,204810,86,30
86,#28UV2V902,Dumm Dorf,8000058,203851,87,13
87,#20VJ9GJGR,Бабл квас,8000025,203005,88,18
88,#28GULG2UL,GS FB BJK,8000021,202598,89,30
89,#U2JUV8QQ,RHMS,8000023,202382,90,10
90,#22PGYQP99,ARTLS 82 KRAL,8000055,201971,91,18
91,#80P2JU89,BFF❤️,8000018,201232,92,5
92,#2GJRV80LU,真的是頂級美女欸,8000050,200347,93,14
93,#VV9GYQPL,Cabo Verde,8000031,198782,94,28
94,#29C0CVQLU,Lite_House_BS,8000015,198643,95,19
95,#29RGYRYVY,The Kenji Squad,8000058,198004,96,30
96,#2QCL90G9R,Мирт(про),8000000,196274,97,21
97,#2PJ9U08CC,Денис про и тим,8000004,195602,98,30
98,#PU88G0GR,🤍Roses💎,8000057,194544,99,14
99,#2YGV0GRRC,:),8000046,194275,100,23
100,#YQPVP9LP,Les Otakus!,8000057,192690,101,27
101,#28R0G2829,amigos pekkas,8000039,190393,102,30
102,#20J9JRGUJ,петарда91,8000057,189566,103,28
103,#28URLU8C2,de straatclub,8000004,189344,104,25
104,#920YJJ2U,Brawl Champions,8000019,188432,105,30
105,#GU0UCUPP,Pro gemer,8000000,187990,106,30
106,#Q9YY08CY,gtyr,8000017,185146,107,28
107,#2LL02VV98,빈센조,8000054,184101,108,29
108,#2JUGUJP0L,hktler,8000037,183715,109,30
109,#QL9UPCG0,🌽choclitos🌽,8000029,181337,110,30
110,#C88QQ8L8,los pajines,8000015,181085,111,23
111,#2QLC0Q92J,Presindente v,8000059,179443,112,30
112,#2Q2LG0RU8,CV pro,8000034,176017,113,7
113,#2RCYVJJVL,♠️Gladiators♠️,8000023,175008,114,27
114,#208990GCJ,топ 1488,8000043,172337,115,15
115,#2RRCUQJ9C,ihr Loser,8000035,171777,116,30
116,#R9RLP9LY,ILSEGRETO,8000006,170512,117,29
117,#YC2VRPRC,sckuad urbana,8000015,170488,118,22
118,#2G9CJ2JUP,Clubnicht,8000034,169679,119,15
119,#QP0RY0GP,태경이의 컨텐츠 종합 제작소,8000014,169145,120,25
120,#2C8C0CQ80,שי דניאל וארז,8000005,168629,121,30
121,#2QUJV2VYC,Pardon |Family,8000001,168143,122,29
122,#28YJR0PLU,Girls,8000008,167841,123,28
123,#2GGPQURJP,英語下,8000004,166890,124,8
124,#2JJ0RLY2,Kingsley,8000008,164964,125,29
125,#UJCR20CV,GANG SR,8000024,164766,126,29
126,#20PQYVU22,FORTA BELEKA,8000023,164503,127,27
127,#90JQ0GY8,Goku club,8000016,164005,128,30
128,#VJUYUL0Q,37865,8000000,162612,129,30
129,#2J2YQ9GU,Easy,8000027,162525,130,9
130,#2YU9GL082,5-г,8000029,162032,131,19
131,#P9QC90YG,צייסי,8000029,161264,132,12
132,#GY2R8GVC,q10,8000016,161154,133,28
133,#208Q9YGGG,семья ютуба,8000029,160863,134,15
134,#2JQY9JVJP,Happy X Brother,8000056,159805,135,30
135,#2L0GG9GY,Enjoy GV,8000004,159278,136,24
136,#YUC8Y0PJ,мортис,8000057,158628,137,14
137,#2C09GPGQ0,Jump force,8000039,158386,138,30
138,#209GCV2RU,aciklama123,8000055,156887,139,28
139,#UJ2QGUPU,Os x pro max,8000029,156122,140,28
140,#28Y9CY28R,amigos pekka,8000039,156043,141,27
141,#J9GJQCP0,эххх,8000021,154053,142,29
142,#LY2L998G,Akatsuki,8000034,154019,143,12
143,#2CY2LQUR,LOS TRAKETOS,8000004,153817,144,12
144,#2Q0QCJC2L,PUREZAMARIA4tC,8000019,153040,145,29
145,#2R2C90C0J,7B KINGPLAYER,8000034,152970,146,30
146,#P2VY290U,i cavalieri,8000016,152056,147,17
147,#208R8CJ0Y,сурикату,8000041,150715,148,14
148,#2YCJPRPPV,Rot Mat,8000037,150319,149,13
149,#2QUVU2URP,🐤civciv kaktüs,8000017,150252,150,30
150,#JJJ0UJGG,Lazerop Game,8000005,150183,151,29
151,#20VLP9CVQ,Los panas,8000031,147961,152,10
152,#RRYGL2YR,кракин,8000015,147925,153,30
153,#R0LQLC2C,כרישים,8000003,147498,154,29
154,#2982RVRQ0,(Мф)Мафия,8000031,147352,155,30
155,#2GR28CCQU,Пабло,8000018,146369,156,7
156,#2Q0PRLJGJ,FLAFI,8000016,146084,157,25
157,#2PRQ9Q2UJ,Gunner Quest,8000059,145656,158,30
158,#22LLJGYCG,kokoto,8000059,145150,159,28
159,#2RRRLU0Q2,shadow squad G,8000003,144912,160,18
160,#G8C2Y2GC,LOS PIOLAS,8000003,144536,161,28
161,#280GUUUR,IRMANDADE CV,8000023,144065,162,29
162,#V2PLCGQ2,hakerzy oskara,8000059,143815,163,16
163,#JGJ2RQQ9,ale pro,8000011,143309,164,30
164,#2L08LLPR8,100500,8000022,143282,165,30
165,#2PRP8JQJG,колбоса666,8000000,142779,166,28
166,#VVCLLR89,SNG|PUSHERI,8000020,142111,167,28
167,#VUUY0UJY,QPRV,8000040,141134,168,23
168,#JG0PQ9R8,YT ПРОЛ,8000059,140445,169,11
169,#88UPU2GP,Curinthia😎😎😎,8000059,137666,170,24
170,#29YLV02RP,Sigmas🗿🍷,8000019,137197,171,28
171,#G9GURCCY,NXJ,8000006,137080,172,28
172,#L280UYJG,oi bom dia,8000056,136983,173,29
173,#CYCR8GRP,прощуки,8000047,136719,174,29
174,#VYYCGQ8U,Stojkerukenema,8000007,136239,175,11
175,#CG2UJQLG,Rony gamer,8000007,136191,176,27
176,#22JV9UGV9,agairiki,8000023,136129,177,27
177,#2CPURQUP8,Azeri_Canavar,8000015,135664,178,14
178,#QJVYJG0U,KC|MARKO,8000000,135325,179,27
179,#Y2CJVPC9,10 estrelas,8000029,134992,180,27
180,#2YJJUC0JV,🔥 THE KINGS 🔥,8000023,134862,181,12
181,#QQCY09JC,TR|Esports,8000023,134669,182,19
182,#2Y2LJQPYY,fuja,8000004,134420,183,25
183,#299VJJL0P,ALVİN,8000025,133147,184,10
184,#22PUQPUJR,Новый Грей🪴😭,8000059,132935,185,8
185,#2UYYGLJY,бравл киз,8000039,131466,186,30
186,#2QLUPGYV2,БАНАНЧИК,8000032,130757,187,30
187,#2JLUC9U02,Нету папы,8000006,129916,188,6
188,#2GGLYQYJU,인제고등학교,8000058,129816,189,15
189,#29U2VGV8J,kyty gify,8000037,129787,190,29
190,#VC9CVRPP,Kaliteli,8000016,128016,191,2
191,#UR8L2QC8,Caca carftYT,8000057,127500,192,29
192,#82VQ9PV9,La Gente Fuerte,8000013,127021,193,13
193,#V98VPCL,AMLEONES,8000006,126886,194,24
194,#RULLU90P,鬼滅之刃總部,8000027,126131,195,24
195,#Y8PPJ2LP,i miti di como,8000035,125793,196,26
196,#200P8JG8R,топ 😆😆😆😆😆,8000029,125622,197,30
197,#2CJJCULQ,prietenie,8000007,125478,198,30
198,#YJGRLP80,шашлыки☢️☢️☢️☢️,8000005,125406,199,28
199,#2YGQUQPJ8,Чебуреки228,8000013,123796,200,13
