,tag,name,badgeId,trophies,rank,memberCount
0,#8UGJQJV0,LégendeFrench⭐️,8000016,1550911,1,30
1,#22LJYCJQ8,Rassismus=Nein,8000017,1503276,2,13
2,#2P0L900JJ,✨KosmoArmy✨,8000004,1338629,3,14
3,#UYVPGPLQ,A Fer Good Men2,8000029,1070804,4,30
4,#RRQUJG89,Gece🌆🌆,8000023,959020,5,19
5,#PG88Q2Q,G-FORCE,8000020,897361,6,29
6,#2GC0UQ998,Murda View,8000031,820680,7,30
7,#2QQV0YLPP,THE 🅱️EST,8000057,758154,8,30
8,#2R0CP9GLR,Гей клуб 9б,8000004,736084,9,30
9,#2G89Y0VCL,socks,8000005,670054,10,30
10,#9UCYJC00,Влад и Даня,8000029,601301,11,22
11,#GJ0CYRQ9,~КРУТЫЕ ДРУЗЬЯ~,8000029,548221,12,29
12,#2GUP2UCQ8,Canadian Shield,8000047,511334,13,20
13,#2CGVLLQ2U,BigBrawlsClan,8000005,497967,14,30
14,#2RQQLYCPQ,the phonies,8000046,484312,15,30
15,#2J88JQ088,ITA |TEAM,8000042,462320,16,30
16,#U2J88PG9,Mortisin Küreği,8000014,451174,17,30
17,#Q2UVQLQQ,GALATASARAY,8000037,430831,18,24
18,#VCPC228R,rys,8000058,428637,19,27
19,#20YR2CV02,жульен,8000043,405913,20,26
20,#2QY0PQCJV,77bayraktar cr7,8000019,376294,21,30
21,#Q2YYP20R,Хахлопалы,8000009,373794,22,21
22,#JQ9QGRJL,TÜRKİYE CLUB,8000023,368238,23,26
23,#2PPG9RRGV,АРМАТА 228,8000057,364151,24,23
24,#28L8URL0Y,Probuzzy,8000037,358292,25,23
25,#CRPVQCGU,biri osurdu,8000037,303135,26,30
26,#28LQ9JLG9,спраутик,8000037,300180,27,30
27,#2GUVVCJY8,"10 „А""",8000037,296640,28,16
28,#VLJ8J00L,Classe 25's,8000037,294252,29,13
29,#G2VR9J29,Fire Team,8000019,293893,30,30
30,#22YV928R,FireRubis,8000004,290986,31,22
31,#QJRJ2QRJ,KLAN NEGROV,8000004,288914,32,30
32,#2CJUC2RP2,клан белочки,8000057,285161,33,29
33,#2GGLPPRVG,TOP4IK UA,8000027,276955,34,15
34,#29PLQLVJY,CLUB BS,8000059,270951,35,29
35,#2898RYRRV,Brawler Ekibi,8000059,266297,36,28
36,#28GQVC2G0,QLS|Squad,8000037,265530,37,16
37,#29LCRUJJC,AŞ,8000023,260817,38,20
38,#2G8J2C2G,Алкашы,8000028,258779,39,30
39,#280P2GQLY,Chmurka Ekipy❤,8000007,258181,40,27
40,#R82L90CJ,ЛЮБОВ ЕТО...,8000004,255316,41,6
41,#2Y8V9YLYG,$Bany$,8000027,254143,42,24
42,#2JJRQ9V2L,_К_р_У_т_Ы_е,8000029,249170,43,16
43,#28PQ9U2LR,man,8000056,243577,44,26
44,#QGVU9LCU,BrawlikDod's,8000007,235445,45,15
45,#80PYRGC9,רעניני,8000003,234489,46,29
46,#2V2QQV29,31,8000019,229286,47,30
47,#29JQR2VVP,PROLAR🇦🇷MESSİ,8000059,228254,48,22
48,#80JUR00R,TIM'S RARE MEAT,8000024,221811,49,24
49,#QJRRY8RV,SokowirówkaTeam,8000023,218620,50,29
50,#22QRP9UYG,Mr,8000013,216736,51,29
51,#PU088UYQ,Krallar,8000029,214822,52,24
52,#YRQJG20R,везучии,8000029,209286,53,22
53,#2L229Y80,TROOL_HL,8000013,207978,54,26
54,#LP909VL2,saat 666,8000029,206260,55,28
55,#G8P2VQPP,Hola 3011,8000019,206201,56,24
56,#VJ9JLPQC,TOP MODEL,8000029,205409,57,27
57,#2QCJQL0YL,Ампропофагус,8000031,203735,58,27
58,#QPGRQLQR,10K?,8000049,200691,59,13
59,#20VPLJ89C,OKTAY BAKKAL,8000014,197022,60,27
60,#R8RC2PV9,Леги и хроматик,8000013,192380,61,29
61,#2G0CC2JLL,icna2022B,8000031,190883,62,29
62,#2YQQCP8JL,HighR1ders,8000044,190005,63,11
63,#JVRGCRCV,fan de minecraf,8000000,187761,64,23
64,#2C9Y20RGP,zakolaki FC,8000049,186422,65,30
65,#2VQ9RQ8P,lendarios123,8000029,183857,66,29
66,#2QLV9CVJC,ERENKÖY E-SPORT,8000055,183233,67,12
67,#P2JQ8JRU,TATANGALAR,8000029,181809,68,30
68,#CJ0JGGJC,меткий русский,8000009,181247,69,23
69,#2QJGLGY20,ОЧКОБУСЫ,8000037,180632,70,11
70,#R0GVYCUU,НуБиКи,8000029,180320,71,7
71,#G92VPQQ2,аршен$$,8000023,176977,72,29
72,#22V0VQVGY,ЛОХИ 3000,8000017,176816,73,22
73,#288L2U0JC,VVS,8000004,176223,74,25
74,#2GJ8JCG2U,Oppai_Archons,8000052,175475,75,30
75,#28G2VU8P8,|• MP •|,8000055,175444,76,9
76,#RP9YRR9V,CanzOfCawfee,8000026,175275,77,21
77,#288V0JQJJ,bimbo banane🍌,8000027,173130,78,30
78,#2GV8JQJUU,HANİ LİDERLERİ,8000059,172545,79,17
79,#2JLCRUURG,Sannano,8000038,169901,80,6
80,#2GQ88L2YG,los hackers,8000022,168565,81,14
81,#JGJ9J9C0,призраки),8000001,168370,82,30
82,#20GCLPRPL,毛毛,8000029,168264,83,30
83,#CVYYJPYV,Nsps Beast,8000018,167970,84,30
84,#2GJULJYC8,Легенды,8000057,167381,85,30
85,#YY09292Y,LEON CROW SPIKE,8000006,167031,86,20
86,#UJRCUQ0G,Ssollo1,8000029,165913,87,30
87,#2P882JQ99,лЕтаЮщиЙ кОтЯра,8000018,165688,88,14
88,#2GUC89JG2,hazen aa,8000049,165323,89,28
89,#29Q0C008C,1er CET 13,8000038,164431,90,18
90,#280VR8GJC,agalar,8000045,163689,91,11
91,#2QL08U0PV,AWM EKİBİ🥵🥀,8000001,162116,92,27
92,#22R8YPJU9,егор садист,8000022,161598,93,25
93,#9G9JVCJV,الاساطير,8000053,160110,94,30
94,#2C2PJLLP9,חןרררר,8000002,158668,95,30
95,#V29UG8UQ,🌉ВОРОН🌉,8000013,158264,96,22
96,#2L000U2U2,Робзибанда,8000022,157549,97,30
97,#2JL2CGYLJ,6/D KRALLARII,8000029,157350,98,17
98,#RVCJYYCL,MIX TOP,8000057,154992,99,28
99,#2C9JLY2PU,TED EGE,8000013,154770,100,19
100,#LGY29Q22,WİNNER KİNGS,8000029,154580,101,27
101,#2CGQRVRC9,😎KAZANANLAR😎O,8000029,154252,102,25
102,#8U2U9VLR,Наруто,8000059,152725,103,26
103,#28L2PQC09,бро мы крут,8000019,152639,104,20
104,#V8U00PR8,обсид империя,8000023,152220,105,30
105,#2PL20LUC,Klasse 5a Xd,8000019,151895,106,15
106,#PVJUYCL2,inigo,8000049,151391,107,30
107,#VPQ902QJ,непобидымие,8000003,150676,108,22
108,#QR0UJG9J,poco masters,8000009,149079,109,23
109,#20CUQ02CY,Max und Hugo,8000022,148711,110,29
110,#2QJRLY8U9,♀️femki♀️,8000041,147971,111,8
111,#LPL229V0,ivoc,8000000,147572,112,23
112,#QUUG9Q2P,Я Арина и ты,8000031,146499,113,29
113,#2GJRJLCPV,головка,8000024,146091,114,9
114,#UU299J9J,🇦🇿|🇹🇷,8000057,145599,115,20
115,#2820PPPCJ,МАРАЗМ,8000023,145005,116,30
116,#292YR0PYC,деревня коля,8000024,144500,117,29
117,#VJL0CUVP,ARDA ESPORTS,8000058,141653,118,14
118,#2GR09CCPU,ثحبمبم,8000012,141013,119,30
119,#22PYVUCYR,MASD,8000016,140852,120,28
120,#2Y8C2P0R,the HUNT3R5,8000018,140548,121,30
121,#2888JRCPC,KYRSK¦46rus,8000017,140432,122,13
122,#2PU0CR8YJ,Die KINGS,8000007,140159,123,24
123,#29QUPQCCP,agalar,8000045,139969,124,30
124,#PLV80QV8,LOS ROMPECRANEO,8000008,139711,125,18
125,#2QLCUUCC8,Мортисы в бой,8000000,137734,126,22
126,#QCRCUC9V,CAN DOSTLAR,8000029,135895,127,19
127,#200RQ2YP8,للاصدقاء,8000005,135760,128,28
128,#8CGRQ0VC,FAN CLAM,8000039,135381,129,29
129,#UP28Y0R0,<c0>GeCe|✨</c>,8000003,134246,130,2
130,#2YPVRP0UU,Jan Julian,8000007,131231,131,23
131,#2CPRVRYJ2,ah kızlar,8000000,131166,132,30
132,#LRYJYJJL,Оренбург,8000029,129720,133,30
133,#8V0G9U02,Бойцы,8000006,129600,134,28
134,#2RJ282U2C,30k,8000023,129101,135,11
135,#98J288P9,Thriller Killer,8000057,126794,136,7
136,#98ULUULQ,Дворняги,8000007,125947,137,30
137,#2QJ89JCRP,bad рус 90,8000049,125854,138,25
138,#20J9J2GQR,!?&@123,8000029,125236,139,13
139,#CPYUPGQY,Club Sráčú,8000017,125092,140,30
140,#2C0LU9VQ9,TÜRKİYE,8000004,124969,141,8
141,#22QLR0LLU,Полевая228,8000025,124416,142,28
142,#288CV9CJY,kurdo4721,8000059,124149,143,30
143,#GQ0VYY2V,вруя,8000029,124061,144,28
144,#2GC0C92UP,chamallow🍡,8000037,123923,145,30
145,#29GQC2YP0,PROLAR GRUBU,8000043,123046,146,30
146,#2LRY908UP,BA|Balım Army,8000032,122526,147,25
147,#UL9GRV0G,боты,8000029,122185,148,6
148,#2QLRY0GY,SPIKE,8000013,120865,149,29
149,#9GY8UPLR,профи все,8000000,120681,150,30
150,#R8G8LGGY,ьчв,8000012,119899,151,30
151,#Q9G0UCV0,Maksinka,8000023,119232,152,29
152,#LRLG0LRQ,BAŞKAN FURY,8000048,119149,153,11
153,#2PQVP0L28,клуб дедов,8000029,118788,154,15
154,#LQ9P9U8R,reD wIndows E,8000047,118497,155,26
155,#9YQQJ0R8,DiuLeilouMou,8000018,117494,156,12
156,#JV08CL9J,GİZEMLİLER,8000029,116806,157,28
157,#29J2VYGU9,Türkiye no1 i,8000047,116535,158,9
158,#2QVVYGUCV,LOS DRU,8000057,115844,159,22
159,#2JP98GUYJ,чунга чанги,8000057,115822,160,26
160,#29QGPC82P,энгар,8000016,115574,161,25
161,#LG0R9YR8,для читеров,8000009,115499,162,19
162,#2J9RQVUQJ,absolute,8000039,115316,163,8
163,#2UU2G8V9,Vutbegor Games,8000029,114969,164,22
164,#GCVVCLC2,Вори,8000005,114846,165,27
165,#20P2YQUUY,Bunny x Foxo 👍,8000055,114746,166,29
166,#29LYVURYV,ITreBro,8000047,114298,167,30
167,#2JLVCGQLP,ES Ghoulos,8000023,113555,168,5
168,#JRYQ8Q9P,тюремные будни,8000029,113199,169,23
169,#2QQLUJQP8,клуб про Brawl,8000036,112002,170,12
170,#2YYJVVVQR,hayalet kulübü,8000015,111971,171,29
171,#C8YG0P82,sevgili,8000023,111368,172,28
172,#JPCYL8YY,ALBAY/LEON,8000059,110957,173,25
173,#QPYG2Y9P,глисты,8000027,110093,174,10
174,#29G9PGCRJ,BJK,8000048,109838,175,30
175,#P2GJLLYC,Aze türk😎❤️,8000045,108909,176,30
176,#2CYY0GJR2,MYSZKA MIKI,8000024,108276,177,13
177,#RR2J0PV9,st Georges P5,8000021,107960,178,18
178,#JRJPLQ2U,RAYO MAX,8000015,107446,179,26
179,#GUV2P8PY,brawl jecker,8000004,107046,180,17
180,#2LJ2GPU80,4/A Erkekleri,8000027,106124,181,18
181,#9Q8Y80PV,ihhjhjjjjj,8000023,106108,182,26
182,#YCQPJJJU,LIN STARS,8000029,106097,183,27
183,#28QPUVURQ,стал бы,8000004,105986,184,25
184,#2GPVCCLGV,GOOD LUCK,8000023,105873,185,11
185,#2G0U2CVCG,I BRO DI CESENA,8000037,105547,186,8
186,#2GY8RQQ0U,батя топ,8000023,104257,187,21
187,#UJP9PV0J,RE DOU 😎😎😎,8000006,103767,188,6
188,#2QUJR0LC8,KANKALAR💕,8000018,103537,189,12
189,#2C992Q029,<c5>New</c>Era⛱,8000059,103344,190,5
190,#2YVUGU88G,جنات الكيوت,8000023,102825,191,29
191,#GQPRGGYU,CROW PRO,8000016,102021,192,29
192,#2RPRLLY89,Samir55,8000053,101388,193,29
193,#2922J8RG2,Tiktok Podle,8000000,100923,194,26
194,#PVVPG0G0,PabloSanchara,8000039,99705,195,28
195,#QVPLR8QU,бичь банчик:3,8000028,99320,196,29
196,#QGQ8QYG2,ятруп,8000001,99204,197,29
197,#2G299GJJG,Mkz United,8000055,98983,198,14
198,#2RLU28Y9Y,Cream Team,8000057,98368,199,6
199,#2QY0CUQCL,dangaus. debila,8000049,98207,200,29
