,tag,name,badgeId,trophies,rank,memberCount
0,#PPRL8LVP,Sandstorm,8000006,1569968,1,30
1,#2009URLJV,Storm Raiders,8000003,1244326,2,29
2,#2YPGJ28UP,C.JaliscoNuevaG,8000038,988351,3,30
3,#2UR2C88Y,Somos Estrellas,8000018,945518,4,30
4,#2G09R020U,ICE TEAM ❄️,8000031,937420,5,30
5,#29JUQ8GJC,WESO FANS,8000016,844527,6,30
6,#2CLVUVYVY,Panas del Lovin,8000021,844347,7,30
7,#PLPJYGVJ,tnpest,8000029,816600,8,30
8,#RV8JL9YJ,MMA RUSSIA,8000049,812247,9,29
9,#29GCQ2CLJ,TV | Wenxxq💞🥵,8000004,801966,10,30
10,#2GLU9PV0P,alpro 3021,8000056,774383,11,30
11,#QRYG2PUG,Dallo zio 2,8000012,724901,12,30
12,#29J02GVYQ,Brawl Welt,8000041,724315,13,30
13,#QJCLR0CQ,💀WESO💀,8000008,712630,14,29
14,#2GGYGY0J0,GANXO ZGZ KKK,8000029,702192,15,30
15,#8QJ00Q92,AmplifyScience,8000019,701907,16,30
16,#J0Q0QJPL,iubiti😘,8000029,701100,17,28
17,#2JRL0QRC0,Casual Stars,8000059,685513,18,30
18,#2CQYYQV82,gejowski krąg,8000025,650783,19,30
19,#2QQU8PJC8,tocino vecinos,8000056,628967,20,30
20,#29V2Y8RVL,YENİLMEZLER,8000029,617877,21,7
21,#22GJ89C2V,психокидс,8000004,609557,22,29
22,#29L0VGVJ0,BOSS|EMPIRE💥🔥,8000039,605434,23,30
23,#2QV8QPP92,Пупсики🐻,8000057,588155,24,30
24,#2JCPQRCGP,STERLI CHAD,8000027,567191,25,30
25,#2J02VPC0G,Y.J.,8000058,562634,26,30
26,#2QP9Y28YV,sussy,8000057,556417,27,30
27,#20GLL0GPU,<c3>Paralel</c>,8000013,551440,28,6
28,#29PUYVUP0,Entity Reality,8000023,549119,29,30
29,#2Y9RRG82G,забивные,8000051,528762,30,30
30,#2G9YVLGUY,Szkoła Gietek,8000039,516288,31,30
31,#2GGG0VCPL,VS-VIPERS,8000045,508044,32,30
32,#2G9RUGY2R,top bangladesh,8000057,506261,33,30
33,#2JLVP8PQ9,Универс,8000013,503133,34,22
34,#UQV082VU,💙KANKALAR🖤,8000026,492962,35,3
35,#208LV9U99,BC|ღッJigSawღ🍥,8000033,492704,36,29
36,#8CRRVQ92,CANIMIZ SIKILIR,8000018,487287,37,28
37,#L9C9UCGU,los panas,8000003,477142,38,30
38,#2LQ9Q9QUJ,AGA BEEE,8000029,469655,39,3
39,#229UGJ9YC,книжный магазин,8000046,464838,40,30
40,#YJ0LV900,fruit punch,8000007,461786,41,28
41,#2JLUCCVGJ,Stratos,8000004,460673,42,28
42,#22U8L80,Žbun,8000013,458829,43,26
43,#20UC0YUU0,NOOB'S,8000037,457306,44,28
44,#2Q2UCCG2P,this club,8000009,451778,45,29
45,#99ULY0LY,contra debochad,8000004,448965,46,26
46,#22VC2VRL,Desai Warriors,8000049,446295,47,21
47,#2RLCCLGPG,gx è op,8000033,440061,48,30
48,#2LU0LP8L,union,8000023,438723,49,30
49,#2RPJ8VPPL,Amino Jugend,8000037,437096,50,25
50,#2GGCCULGU,GANXO ZGZ KKK,8000037,433901,51,20
51,#2R282UY00,naskel,8000029,427432,52,30
52,#GJRYGPRP,브롤PC방,8000046,427072,53,30
53,#9PQ0YCQR,LOS GRANDE,8000059,422004,54,27
54,#U8GVJULU,el primo fans,8000036,418644,55,30
55,#29RQ9CV8C,GOD OF LEGENDS,8000024,415961,56,30
56,#JQ2RVVC2,Theclashers,8000017,412671,57,29
57,#VVYGRCRG,가 가가,8000027,412120,58,30
58,#Q2UCGPLQ,los MOSTERS,8000057,405685,59,30
59,#2GLP299GU,blaips,8000059,404778,60,21
60,#QRQC0VJC,AndrzejMariusz,8000029,400639,61,29
61,#2C0JQQU80,pro_sciutti🔥💯,8000037,399810,62,30
62,#28V8V299R,LOKUM BABA CY,8000003,397000,63,7
63,#28Y2PLU8J,FC Twente,8000022,392827,64,29
64,#20LRPQ0Q2,🖤Dostlar🖤,8000021,391549,65,10
65,#29LJRL0QV,les🚾son⛔,8000009,390175,66,2
66,#GCGV8CCV,KALBİM...💔,8000028,387430,67,18
67,#2YVLP9C9P,cub de los mejo,8000052,371199,68,30
68,#UVJCUGCJ,Пельмешки ТТ👑,8000051,369172,69,28
69,#RGQ2JCVP,ØP|FRINDS,8000023,368991,70,3
70,#2RPG88JY9,클럽리그 많이하세요,8000049,368594,71,28
71,#2GY8GG8Y0,strake,8000047,368574,72,26
72,#20U8LQJY2,THE REQUIEM,8000010,367043,73,25
73,#2GQGVC9PP,Club,8000002,365920,74,15
74,#PQ2CQGCP,Лютые оффники,8000029,360347,75,24
75,#2GVPLPY9R,???,8000010,352573,76,23
76,#2JP2JPVUP,SuperNova,8000037,349391,77,30
77,#PGQY82Q2,tytöt,8000009,349260,78,30
78,#QUG00PJ,Minionwerfer,8000013,347500,79,21
79,#29GUGGQGY,The poop,8000031,341507,80,30
80,#P9JG0LR9,그란돈까스,8000018,341325,81,30
81,#VQ0V2LCL,дошык!,8000029,341037,82,30
82,#QJ9QRQ9P,みんな大好き♥(*´ω｀*),8000008,340394,83,30
83,#28YPC0UG9,míticos😎,8000037,333998,84,30
84,#2CL29L9LR,7c coooool,8000023,333183,85,30
85,#2GP0QJQ0,Turbofreno,8000008,330619,86,20
86,#CJJVRCCL,Юсеки,8000058,327883,87,19
87,#PJ0PYJ00,siaw yu,8000019,326818,88,22
88,#29QCURLLV,losclaxoners77,8000059,321638,89,30
89,#28JYP28UU,só caramelito,8000013,319828,90,30
90,#2JLCVCJRL,The void storm⛈,8000039,315828,91,30
91,#CR9QLJY,removeautoaim,8000004,311814,92,23
92,#JUUULPQQ,어이가있네장,8000057,311779,93,29
93,#2QVJVLGYQ,romaaaa,8000046,309870,94,30
94,#2GQGR229C,voshi,8000057,309502,95,30
95,#8VY22U,Club,8000007,296188,96,22
96,#2Q0G90YR9,Full Metal Clan,8000018,296129,97,22
97,#QRLL9PQQ,Nova I Gang,8000029,293172,98,27
98,#28R9CLRYC,VJR/CR7,8000037,292745,99,28
99,#QRGL8VJU,{راسنقن☠️✨},8000013,279210,100,27
100,#VVJY9CCL,Excell Clan,8000029,275924,101,19
101,#8QPRGQ8P,Simple Clan,8000023,275748,102,2
102,#289J2JG9Y,SxTeam,8000049,275463,103,30
103,#G2VV8V99,UREICHARMY,8000027,275318,104,27
104,#2Q2R0UJ8L,말온초보의 성장기,8000032,273562,105,26
105,#2RUJUY98R,🥵🥵🥵,8000047,272604,106,30
106,#2GYU8CU2G,BGS•Imperium II,8000059,271290,107,9
107,#2YPYLC8LL,"Альянс ""7В""",8000029,270729,108,19
108,#YQL08G0R,Brawl-TOP,8000023,270120,109,29
109,#2RGPLV8VJ,Феечки Винкс,8000010,267982,110,23
110,#U2PYRYVY,جواد,8000059,266727,111,20
111,#YRJQPYLU,Татарстан,8000007,266616,112,16
112,#29GPCR292,브롤스타즈 대화방,8000037,260421,113,15
113,#G09QJ8P,labilabidu,8000017,259924,114,23
114,#RQ9R0RUU,вход за легу,8000013,257610,115,24
115,#20QQQJPR2,Losers,8000041,257494,116,18
116,#2CLQUJ0,FR PANTHERS,8000023,256694,117,23
117,#2J0R9CQUG,I_loVe.PiZzA,8000051,256248,118,29
118,#VGG9J2QR,молния,8000003,255024,119,20
119,#9QVUYP22,pros,8000037,253482,120,30
120,#29JL09CPC,Efsanevi Prolar,8000029,252840,121,25
121,#2JU0PPLYQ,BloomeZ,8000031,252020,122,13
122,#8RC820Q8,Babi oyunda,8000055,251691,123,2
123,#28GU80UPV,Cotton Esports,8000022,246567,124,29
124,#QJC89JRC,Эмоль,8000036,246383,125,30
125,#Q0G28JL,Добик Ли,8000011,245558,126,30
126,#CYPLJV,Derpy Corn,8000013,245133,127,18
127,#2YC22VYU0,Беженцы Мексики,8000005,244980,128,10
128,#RP0L8URJ,Brawl in tchad,8000019,243305,129,30
129,#2C8UPR20J,gli amici di 🏫,8000056,242484,130,26
130,#2YY0C0GGU,Arabskaya huina,8000027,242142,131,14
131,#2JQ8GCQVQ,Jabłonna,8000037,241843,132,30
132,#G2P2GUYU,danaweismanhot,8000008,240953,133,17
133,#2P8YR2LPG,LOS CAMILO JOSE,8000007,239878,134,30
134,#2GLLYGYLC,Os-tug∆s🇵🇹,8000039,238910,135,30
135,#GUR2L20J,мортиз,8000023,238231,136,28
136,#VLRVQLVY,david,8000000,236908,137,28
137,#2PRGJ0CV0,לגו נינג'גו,8000027,236218,138,30
138,#9Q9CU28P,demain gang,8000023,234470,139,29
139,#Y9U2YGJG,топ Украина,8000034,233005,140,16
140,#20CPG89JV,GreekHackers,8000059,232570,141,20
141,#2JCR8LY8Y,kavıoldualpo,8000058,230918,142,15
142,#2C900LUY0,Путь в Navi/MMA,8000006,230075,143,27
143,#2QL0CGPJ8,6г водичка,8000017,228010,144,30
144,#Q0LJ9UYY,Jon Gang,8000007,227968,145,30
145,#JG2UR2P2,SHEEP WARRIORS,8000059,227654,146,30
146,#2JUGRQ988,Diet Mountain🌪,8000035,225800,147,12
147,#29GRQ8UCG,🇰🇿қазақтар🇰,8000021,225783,148,30
148,#PJYPP8RV,клуб ли,8000025,225477,149,30
149,#2G8GJR98L,1graman BS KB,8000059,224151,150,16
150,#2088CPU2P,пэпсиманго,8000047,220569,151,13
151,#JC8L888V,나이트 메카크로우,8000021,219540,152,30
152,#VC022008,снупики-пуфики,8000000,219270,153,30
153,#2VYCVGVY,B.I.L.I.C.,8000029,217973,154,25
154,#2C88P2VL9,니거조이안,8000012,216551,155,22
155,#CPUCQ0LC,1 inch slayers,8000024,216121,156,30
156,#2LJUJUJ8Q,Песочница( ͡°,8000018,215294,157,14
157,#L0LYVP8L,KONJSKI BUREK,8000033,214749,158,30
158,#298JL0JPJ,DarLem's CLUB,8000013,214565,159,23
159,#292GYVUGV,SUPERCELL CHADD,8000037,213566,160,22
160,#2RLRV8JPY,тутка,8000035,213444,161,29
161,#99LGGLUR,minecraft fors,8000016,211294,162,29
162,#2RPYRPQLQ,멧꿀,8000048,209176,163,30
163,#22L0CCRRG,Донатеры,8000029,208509,164,25
164,#JQYLJU8U,마음대로 오세요,8000017,205490,165,27
165,#20GC0PPRG,puch frank ?😎,8000059,205275,166,15
166,#2QLRCV02V,базик алмазик,8000057,204712,167,24
167,#2JC88JP8C,Всім укр 🇺🇦сю,8000029,202843,168,30
168,#VY0VP880,QG BRAWL,8000005,201472,169,8
169,#2JR00PCGP,kulup ismi yok,8000036,200846,170,29
170,#C2UR0RLR,Андрей пацаны,8000007,200504,171,29
171,#JVLJPV2C,CROW❤,8000018,199820,172,30
172,#299QJVC9,ŞAMPİYON SVS,8000028,198927,173,30
173,#2QJJG82JC,Wlafiga,8000034,198157,174,14
174,#2GCUYYLPV,SPACEBAR,8000032,197137,175,18
175,#2YGCR0G9J,king maik,8000005,194917,176,30
176,#L0PG0CUR,LOS SOLDADOS,8000037,193307,177,18
177,#RGPJJ09L,admin Brawn Sta,8000037,192983,178,30
178,#Q0U0RVCG,DEPYTAT,8000024,192202,179,27
179,#28CG80VPL,Minoni,8000035,191715,180,29
180,#CYCJCP0U,Z Warriors,8000022,191417,181,25
181,#22V90JUYR,🤑VERSSACE🤩,8000057,190181,182,17
182,#28GJL9GU2,do bairro,8000051,188961,183,15
183,#2CQYJC9JR,les endek,8000059,186459,184,10
184,#229PCU9V9,Папарузики,8000032,185272,185,28
185,#Y2R00VGQ,Чтр 999,8000037,184977,186,23
186,#2R8CL8C90,DEVIL EYE,8000013,183816,187,30
187,#2Q0Q2YL9P,papitos club,8000031,183369,188,30
188,#LLCC9P2Y,pepes🐸,8000013,183236,189,30
189,#UR9CLV98,MZ -nabbo matti,8000020,182994,190,28
190,#L22LVP8V,BED,8000015,182756,191,30
191,#22VJC09RJ,Mine mestarit,8000008,182334,192,17
192,#2LRYLUQ0V,I ciuffi,8000009,182296,193,30
193,#2RLP0UCGL,망사모,8000037,181626,194,30
194,#2GUL0URPC,РЯДД,8000038,181564,195,24
195,#2Q0UL9PG8,друзья,8000038,181386,196,13
196,#QUC8202J,גדול,8000015,181111,197,21
197,#28VCYGV9Q,ABOBADOS.F.C,8000037,180898,198,30
198,#JC08RGC9,MANEX,8000011,180812,199,20
199,#2GCJ9UCY8,Movistar uwu,8000039,180782,200,30
