,tag,name,badgeId,trophies,rank,memberCount
0,#PLP8RVGR,Los Vaqueros,8000022,1486138,1,30
1,#22UL8QR9J,GUATEMALA,8000004,1247702,2,16
2,#V0UQL0L9,SRBI🙂🙃😃,8000055,841226,3,21
3,#2Y229G2R,Brawl_gamer_pro,8000004,759174,4,3
4,#YJ9Q99JL,barátok❤️❤️❤️,8000025,682333,5,30
5,#QG8JPJUU,☁️ТвОрОжОк☁️,8000037,661686,6,29
6,#2CLP8VR98,мои отчимы,8000046,654165,7,30
7,#J89V928J,だんで,8000023,641585,8,3
8,#QC2VP8V0,JÓ BARÁTOK,8000019,566137,9,30
9,#29LRQGJLJ,LSP TEAM&,8000029,495485,10,30
10,#J0PLJ298,ктулху,8000029,472181,11,25
11,#2GJ88C9QU,LOS PANAS,8000037,456701,12,28
12,#2GY2G2CY0,Team łysy,8000004,453743,13,23
13,#2Q2VJPRR9,бУдЕшЬ чАй?♡,8000016,451301,14,29
14,#202C2CRYP,FIDANZATI,8000025,428440,15,30
15,#2PV9YJ880,karma|_house,8000055,425639,16,24
16,#2LQULYPVY,김그기,8000023,411109,17,30
17,#2YV020P8Y,시비단,8000016,402920,18,30
18,#2C8YLG99V,Bratku…,8000029,362302,19,29
19,#2G9PJRPCR,вернибауловка,8000001,361002,20,20
20,#9892V8RJ,Lamy,8000029,341429,21,30
21,#2JL0PVQJ0,miss city,8000025,340846,22,27
22,#LGPGPLCJ,ПЕЛЬМЕНИ,8000046,340291,23,25
23,#28P2UYLPC,lenda,8000055,328920,24,30
24,#2CJR90QJV,NAŁĘCZOWIAŃCZYK,8000034,313298,25,30
25,#8P8GUV9Q,INTERMINENTES,8000017,299559,26,30
26,#2CJPQ8QYY,Navi,8000035,288683,27,30
27,#82JYCCQ8,PERÚ (:,8000023,286037,28,30
28,#28LY008CG,братья мамаевы,8000059,273990,29,17
29,#2CRR2U,os jatos cho,8000004,269517,30,23
30,#208UY0200,GT MAX only,8000057,255905,31,25
31,#2YU8GVQJC,the.SAXTO,8000031,254275,32,23
32,#8J8U9Y0V,גברי עולם,8000004,245374,33,24
33,#28CQRY29C,CROATIA GANG,8000050,224167,34,30
34,#29RVRQ92P,кибер спорт,8000049,220212,35,30
35,#2CRLP8PY8,불암중학교,8000025,217733,36,12
36,#QCGL8LJ,Каркарыч,8000037,216715,37,20
37,#2820U2RQP,pppd,8000009,210100,38,28
38,#2898J8JJ,석성초 모여라!!!,8000057,207007,39,30
39,#289Y9PLPG,SatanSoldiers,8000029,201004,40,13
40,#28RCC8R9Y,DJS KEJ WK💖,8000059,197507,41,17
41,#2Q82PJJ2Y,ты араб,8000041,195668,42,26
42,#288UY9PR2,Мазайка BS,8000029,194955,43,12
43,#2PQ9U22Q9,los chupalitos,8000003,194302,44,13
44,#VRRPYRUC,ОВОЩИ,8000022,192527,45,23
45,#20CJYLQJJ,VF Team🥶,8000049,192297,46,15
46,#RVC9Q2CV,ad andri,8000029,189019,47,29
47,#2Y2VULJ8V,pixelitos,8000017,188309,48,29
48,#8RCCLU02,😎TOXICOS😎,8000004,188185,49,4
49,#2GLURYGVL,Догоняй☃️,8000031,183263,50,30
50,#20VUY8Q9Q,BRAWL STARS,8000035,182854,51,28
51,#22JLQV8R,RedDiamonds,8000012,182770,52,18
52,#2QJCGJL8G,Saased,8000039,178074,53,16
53,#2Y22CV2CY,Brawl days,8000019,177107,54,8
54,#90QCU8CL,GS,8000046,176254,55,28
55,#JUU00808,Зенит Ростов,8000000,176019,56,9
56,#2JP9GYPP9,나만의브롤교실,8000002,172245,57,30
57,#2ULUP9G0,霸子,8000029,171151,58,27
58,#Y0GRPJR9,PLAY FOR CLUB,8000058,171133,59,14
59,#GVUR089P,세찬이클럽3,8000029,168899,60,29
60,#2QCVJ9880,المحترفين💪😎,8000025,168640,61,30
61,#RG8VY92R,الأصدقاء,8000002,168259,62,29
62,#CQJGLG2V,мир бравлеров,8000003,167584,63,30
63,#2JVYQC2Y9,이준수짱짱맨,8000059,167244,64,29
64,#29JY02UVJ,nunu78,8000029,164884,65,30
65,#2QCLC9CY0,Kiruxa's Club,8000002,164632,66,30
66,#20JQVJ98C,Yol arkadaşım,8000021,164004,67,20
67,#UPGGLP9L,801,8000010,163135,68,30
68,#29UC9QUGC,ㅍㅌㄴㅇㅌ,8000015,162592,69,29
69,#29UGCUVPJ,GX AMICI,8000050,159900,70,18
70,#LG8YPLRG,Konstant Family,8000018,157231,71,21
71,#2LRCLCQR8,S.T.A.L.K.E.R,8000032,157225,72,19
72,#29YCJ8YVR,ID KULÜBÜ,8000047,157057,73,30
73,#2YRY928GV,les pilotes,8000029,156098,74,29
74,#298882GYJ,RU|PRO BRAVLER,8000029,155499,75,23
75,#RJCJLYUY,🇹🇷YENİLMEZLER,8000015,153323,76,2
76,#J9008J8U,оло789,8000013,151143,77,28
77,#2C9LL8PCQ,KUZENLERR,8000057,149196,78,30
78,#2C88RCUC2,SAVAŞ KUBAŞ,8000004,148741,79,14
79,#LRC0LGUR,Schmockyyy1,8000007,148279,80,21
80,#2J9C0VG90,pando4ka.bs,8000039,148133,81,25
81,#Y8Q9GJL8,валеру,8000015,147102,82,30
82,#298PGQ9VR,NAVI|MMA,8000037,146111,83,6
83,#2P2PPYQ2R,🍪Печеньки🍪,8000058,145805,84,12
84,#2QC09R80,shid gang,8000025,145703,85,13
85,#2C2LUQ8V9,נדב המלך,8000027,144994,86,30
86,#2YYGGUCV2,A New Spind,8000014,144152,87,30
87,#22GY88UGY,서준짱,8000022,143378,88,28
88,#28QGPGYG9,meg,8000029,143239,89,24
89,#VP2PRJYV,재키군단,8000018,142363,90,28
90,#8VV9P920,пупинские орки,8000017,140726,91,17
91,#2YY8P8UU8,gondonys,8000043,140515,92,30
92,#2GY2G0VGP,КОРОНКА,8000049,140189,93,28
93,#2PYCP2G0G,abcde,8000013,139646,94,29
94,#22U2GQ089,TO Team,8000025,139597,95,30
95,#2JGRRQRCJ,File,8000042,139129,96,29
96,#GPUL9PY,Я не крыса,8000023,138890,97,19
97,#P8U2P090,ток,8000003,137551,98,30
98,#2R2GCUY89,😈ImPaRaToRR😈,8000004,136743,99,20
99,#28C9UQCGQ,фогель,8000016,136696,100,28
100,#2L909L9GG,corvini,8000016,136300,101,28
101,#P9GRVQ29,LCJYE,8000023,135659,102,10
102,#2JL2U8PLU,Холдик задонать,8000005,135400,103,11
103,#V09QUG0,клуб,8000022,135254,104,30
104,#CUUY0QLJ,чел подарил ак♥,8000018,134877,105,29
105,#8VG2QPUV,Легенды,8000059,134374,106,29
106,#G82P9G8V,txanpona kluba,8000018,132290,107,29
107,#CGJGRLPL,белый дракон,8000019,132068,108,14
108,#UR8QY8R8,ŞANSLILAR,8000015,131124,109,21
109,#2VJRR0GG,Bandata,8000029,129856,110,25
110,#2YPVV8CGP,Coole Kids,8000029,129661,111,9
111,#28Y8VQU0C,AKL Esports,8000027,128992,112,27
112,#2P9P2RP98,Holdik and Nik,8000002,128569,113,19
113,#2C2P200V9,[ZARA] TERORR?!,8000018,128279,114,10
114,#20JP00V2J,Hacivat Türkü,8000005,127930,115,14
115,#PGQLU9UL,тётеньки,8000039,126751,116,18
116,#2JGQLGCL8,ZAZALAR DERNEGİ,8000029,126367,117,9
117,#CJCRYYGJ,Ngirafe Family,8000001,126201,118,17
118,#2QQ2QUCG2,kovoma,8000034,125255,119,13
119,#202YVVVLQ,KRALIN OYUNÇULA,8000021,124187,120,25
120,#2LJGRG09U,❤️AŞK❤️,8000004,123723,121,21
121,#PQQLU0P9,Team Deluma,8000017,123698,122,7
122,#298JC999Y,Kolbasa❤🤍💜,8000041,123387,123,30
123,#U0RCU22G,Светлая банда ✊,8000023,123367,124,28
124,#LR89Q9JG,нита и леон,8000018,122770,125,12
125,#2Y89VY008,cei mai tari,8000057,122721,126,27
126,#Q0C9GY90,выпал спраут,8000017,122078,127,16
127,#LY0282JC,Ислам,8000049,121870,128,6
128,#QL02R80C,KISEL,8000000,120781,129,30
129,#LP2RQC9J,Друзья,8000053,120134,130,30
130,#2GGJU2J8V,дама и али топы,8000029,120021,131,30
131,#80PR2G8J,ТЕТЯ ГУЛЯ ЭТО Я,8000023,119061,132,30
132,#LVC8U2U9,про челы,8000003,118649,133,26
133,#U0LR0YG9,CM|cursed,8000021,118412,134,18
134,#90R8Q0JL,SoftBlueDev,8000046,118357,135,29
135,#2QUC988V8,Cadde Broları,8000026,118301,136,29
136,#2L8YJCUGL,mm1252,8000049,117401,137,29
137,#PQJUPCRV,🗿🗿🗿🗿🗿🗿🗿,8000029,115234,138,25
138,#CRVQUY29,кубаесмал,8000004,114962,139,30
139,#R9GJLUV0,2255,8000059,114902,140,29
140,#22URCGP9P,sale🇲🇰,8000029,114202,141,29
141,#2PU2Q980R,WMG6008,8000057,114072,142,13
142,#UJC8UCVC,Говорун,8000019,113860,143,25
143,#2C8RYPY89,zxc пупсики,8000057,113798,144,7
144,#2LPQU808,аниме,8000059,113791,145,30
145,#8V8G0ULV,мдгг,8000029,113339,146,28
146,#2J9U8V0Y8,лют пон,8000028,113048,147,30
147,#Q8LUGJC0,KRIMI HAKERI,8000007,112660,148,27
148,#2QRQ02GYG,solo tiks,8000037,112138,149,16
149,#2Y9UULYQY,Ботсман толя,8000013,112130,150,11
150,#YVYQJJUJ,嘿！兄弟粉絲團,8000055,111319,151,7
151,#8U08Q22J,축구랜드,8000016,110997,152,30
152,#QUU8RVC,скорость,8000007,110229,153,29
153,#2282RU9UR,Майнкрафт_095,8000003,109592,154,16
154,#2LCRPRQYQ,мы не токсики😉,8000029,109296,155,10
155,#2YJV0QQY0,Нилето,8000037,108866,156,29
156,#2R9LR80R8,1l bello,8000029,108671,157,10
157,#V28CP8GR,diren star,8000019,108224,158,29
158,#U9GYQ29C,GM ESPORT,8000057,107647,159,8
159,#LV8VJ02R,орден читеров,8000023,107426,160,25
160,#VVUCC8V2,vantilatör,8000044,107278,161,29
161,#2YGU9GPP,한도영12345678910,8000029,107263,162,28
162,#GP2U2CPL,дип тип,8000029,106394,163,29
163,#GUG9QCQQ,ДАУЛ,8000029,105642,164,27
164,#2JYR92R2C,sjsjsjsjs,8000046,105580,165,29
165,#2909YLYRP,тіма лунтіків,8000029,105559,166,4
166,#RPJ02V8G,темный тигр,8000022,104969,167,30
167,#2QYVCJ8,brawl squad,8000047,104764,168,7
168,#228JPGVLQ,LA TEAM RUSH,8000051,104670,169,17
169,#2G88CLPV2,1930,8000006,103905,170,28
170,#2Y888CCY,A4,8000011,103713,171,30
171,#LLPRUUVY,TMZ,8000037,103481,172,30
172,#2C99UPGQ2,잘하자 ㅈㅂ,8000038,102753,173,9
173,#2PCJ08CUQ,СИМПЛ,8000029,102725,174,30
174,#2LGGG9JVY,АБОБУСЫ,8000052,102301,175,7
175,#C2PCCP2J,тупой бабуин,8000006,102069,176,26
176,#RGVC0C0U,(Au)хох,8000010,101222,177,30
177,#R0URV2Q9,профіки,8000018,100933,178,14
178,#2GG0Q2UUY,КИКИТРУНИХИ,8000059,100780,179,27
179,#2LVGVC8RV,MAFIA,8000023,100275,180,8
180,#2G8UPJRUY,Dark Stars,8000058,100170,181,13
181,#UVU802QR,друзья абдулы,8000044,100071,182,27
182,#29P882R2L,كلان 52 وحوش,8000053,100020,183,30
183,#20Y02Q9Q2,찐이야,8000037,99721,184,19
184,#PYVQCJG2,Buscamos novios,8000006,99684,185,13
185,#22QUULJC9,нямням,8000058,98882,186,29
186,#29JV2P9GY,AKOLAR,8000033,98595,187,10
187,#2YJ9PU9PP,onekl^k,8000037,98194,188,10
188,#UP0Y0URL,Даня Максим,8000029,97533,189,22
189,#Y2JY2PGG,bravo pro,8000008,96450,190,30
190,#20QY2CJPC,МУШУ,8000013,96082,191,30
191,#2PUCVULQP,авсмит,8000058,95935,192,19
192,#2Y2Q90JL0,도주,8000007,94587,193,10
193,#2QRGVPRUR,ardaşlar,8000059,94067,194,9
194,#U92YRVUJ,чё нада,8000040,93363,195,28
195,#29CY8RCQ9,тамос,8000007,92681,196,24
196,#2YUL8C0PV,VENRICE SQUAD,8000003,92456,197,12
197,#UUP2LV9L,ново-талицы,8000017,91956,198,25
198,#2LRRPRP2J,ОРЛИ,8000059,91458,199,5
199,#229ULUYRY,Best squad⭐,8000044,91378,200,11
