,tag,name,badgeId,trophies,rank,memberCount
0,#9RC00GRQ,⚠TOP™⚠,8000003,1991023,1,30
1,#22Q2C2RJJ,Team Leonidas,8000011,1096862,2,30
2,#2GLR28LJ9,荒野死鱼,8000047,1065416,3,30
3,#9QVYYRUP,BLOOD DIAMOND,8000003,992105,4,30
4,#2R8VLVY2V,Serge Auurier,8000023,834703,5,26
5,#28JU08L22,cadours 🥵🥵,8000035,811617,6,30
6,#2RJQ20GUJ,пустыня спайков,8000013,771536,7,28
7,#22GV88L00,MIGLIORI AMICI,8000029,654851,8,30
8,#2LQ82VJGP,cherche amour💝,8000023,653897,9,30
9,#800CP9PY,💕LES BEST💕,8000010,622799,10,30
10,#LR90GYC,Tenacious D,8000012,616371,11,30
11,#89YU2UY8,I BRAWL BRO,8000021,555070,12,30
12,#CCYPRL8P,💪YENİLMEZLER💪,8000000,540499,13,2
13,#29LY80YVV,Xx Dark Team xX,8000037,517329,14,30
14,#2QVYUV8YQ,+243 gang🔥🔥🔥,8000053,512924,15,30
15,#2J8VQJ0R8,DoDo Millioners,8000037,502500,16,24
16,#2C09Y222U,Гоатманы,8000004,477542,17,30
17,#JY2VUQ8P,Makunza Stars,8000057,473288,18,24
18,#2QJY8JVQY,BABUINOSSALVAJE,8000017,465763,19,30
19,#289PVGG8Q,Khellos,8000047,453341,20,30
20,#2JVGQR22C,Lolitos FC,8000049,428883,21,30
21,#2JJG0YCRL,Magyarok!,8000023,421946,22,30
22,#2CPP0CQVG,ЧВК РАБОЧАЯ,8000023,403173,23,30
23,#2C8Q2CJY8,UWU:),8000047,388658,24,29
24,#C9GL98V8,govdakov2010,8000011,375726,25,28
25,#2JQP88YLG,Kamoši Sk,8000031,355840,26,30
26,#22R28G9PR,QARABAĞ,8000029,341445,27,23
27,#JQVC88PJ,pašáci,8000029,327330,28,24
28,#200R0PRQP,АРМИЯ СОЛЯ,8000059,323329,29,28
29,#88PPCGV8,ScoPe-_-,8000029,317682,30,30
30,#2RU29C0RU,dicastillo/topp,8000033,314855,31,22
31,#2LQU9L8VY,unlocky pikaču,8000033,290171,32,29
32,#2G00PQPUP,Hondureños,8000055,273096,33,28
33,#V8C2288J,Die besten,8000017,272775,34,29
34,#2JYPU28Y8,美少女戦士ハルムーン,8000029,272701,35,18
35,#2QJ2JRV2J,ALTÉRAX 02,8000059,267990,36,27
36,#9QGQQPG,Cactus Bois,8000013,265891,37,30
37,#9V22JRLP,Les gazés,8000000,261767,38,27
38,#CCCLYCVU,抽象ganggang,8000027,255265,39,29
39,#200VVR2C9,2010 DEBA,8000029,254430,40,28
40,#90U9GPY,Malocs,8000045,251700,41,25
41,#20YLP2P,PIRATES V2,8000027,246207,42,29
42,#2C9L2PYVJ,Congo esport,8000057,245451,43,13
43,#QPV8RC8G,НадеюсьТоп,8000017,241446,44,24
44,#CUQRJPJL,SİNSİLER,8000009,241391,45,22
45,#R98G099J,243BRAWLERSQUAD,8000018,240917,46,30
46,#8QV0LL0P,Новый год567,8000025,240503,47,28
47,#2YUPV99VR,ADVENT,8000019,238898,48,30
48,#2CPGQCRY9,RengoLovers,8000049,237223,49,30
49,#208VPJGV,nmkoli,8000005,236086,50,24
50,#2LVPC88CG,I MACACHI,8000055,233554,51,28
51,#LU2Q9PJ9,TEAM_ST4R,8000023,231288,52,5
52,#Q88LQY0Y,chizel,8000021,225021,53,30
53,#JRR20222,Najlepsi XD LOL,8000007,224355,54,20
54,#LUL2Q9GQ,SHADOW GARDEN,8000040,222324,55,27
55,#2CRJP98JJ,Ssanina Squad,8000036,220420,56,30
56,#YGRLYJ0R,Jelonki,8000029,218672,57,26
57,#UGJJP20R,vass kró,8000015,218597,58,19
58,#G9CULQY8,לחיל,8000029,217132,59,19
59,#LLJY2CQQ,наруто,8000033,207119,60,20
60,#290JVCP0J,⚔️⚔️Rebeldes⚔️⚔,8000013,203984,61,10
61,#CRLQGQRP,가자!!!!!!!!!!!!,8000029,199951,62,30
62,#UPVUY0LP,Danes,8000029,194858,63,30
63,#VQG9JVR8,🇹🇷TEAM,8000055,193571,64,20
64,#9CLRCR9Q,02468,8000018,190649,65,30
65,#YRUU09VL,amigo kawan,8000029,190455,66,30
66,#YJCPC0V,dieRentner,8000013,190227,67,27
67,#2QR802QG0,ADAMATÖRLER,8000013,189598,68,29
68,#229PQGG0L,Мы не геи,8000004,187078,69,14
69,#8U2JQVC9,MATAMESO,8000019,186331,70,30
70,#2JPL8QQPG,Güruh,8000036,185913,71,30
71,#LRLJL822,HERO BRAWL,8000007,183842,72,28
72,#P0VCJQQ8,humboldt 5A,8000027,183672,73,28
73,#2LUQVLL8V,뽀삐,8000009,183387,74,26
74,#2QRGGPY2U,g. d. p.,8000036,183022,75,11
75,#2G8JLUGCQ,муфри,8000043,179688,76,22
76,#2PYGPGU8,kdhen,8000016,176648,77,26
77,#VUC92LQ2,ОБУХОВО,8000029,176278,78,17
78,#2CRLJ829J,"동호,하랑 제군들",8000039,175786,79,29
79,#2CPLGRYGL,AWM Gaming,8000035,175666,80,30
80,#C29UPQU0,par hasard,8000013,175590,81,21
81,#LCYYY9V2,а6,8000057,175454,82,27
82,#P2JL92V0,الحب,8000027,174082,83,19
83,#2R98LYQUR,gayway,8000040,173548,84,30
84,#28CJGC2L8,CONGO STARS,8000039,172797,85,19
85,#20CL2P02P,les MAMADUDU,8000018,172773,86,23
86,#G0Y2GUU8,БЕА,8000019,172307,87,28
87,#PVGUQV0U,WARRIORS,8000023,171436,88,24
88,#2JRV8R8PV,ВИНОГРАД КРАСНИ,8000018,171336,89,7
89,#P0QU02Q9,CONGO ESPORT,8000017,169829,90,15
90,#29QV29RLP,aligátoři,8000044,169269,91,15
91,#29GY29Y2C,Shark Team 🦈,8000029,168925,92,30
92,#2QYYQRR8P,los yeah,8000019,168750,93,28
93,#2PV8LCPU,MRG Brawlers,8000029,167840,94,29
94,#9UGGC8CG,ВОРОН ТОП 1,8000028,165809,95,29
95,#20PPC8YCL,_veles_2,8000013,165302,96,13
96,#2JGR9PYPU,migliore amici,8000027,164762,97,30
97,#29RJQCJJ9,укр,8000047,164327,98,29
98,#QYGG0CQQ,клуб666,8000011,161904,99,29
99,#URUVG0VU,TT_MORTIS,8000023,161387,100,30
100,#JVCJRYY9,Nathan,8000005,161255,101,30
101,#2JP9UG28Q,New Champs,8000023,160067,102,30
102,#2PVQJC2LG,adri,8000017,159764,103,14
103,#2CJVL9CUJ,AfrikalıKöleler,8000034,159286,104,14
104,#R9RLGPUJ,UP tlv,8000019,158837,105,14
105,#2JR8G2PVC,HOLA XD,8000029,158557,106,30
106,#2CRG9RL0Y,viperr,8000057,157543,107,10
107,#22C9J88JL,Borci z kaufu,8000029,156819,108,30
108,#28G9GCV2U,Fire in the hom,8000035,156785,109,30
109,#2R0V9J9GC,дед инсайдеры,8000049,156768,110,13
110,#2JQ9GQR9C,一緒に、つよくなろう,8000026,156767,111,27
111,#2QR8R2YQV,YENİLMEZLER,8000022,156330,112,30
112,#PPL2Q2P,拎杯大GG,8000013,155565,113,30
113,#20G9YJ8U,BrawlTop,8000029,155283,114,29
114,#V2YLCGR2,€€&,8000048,154273,115,30
115,#228L8LPYY,jotkut,8000008,152034,116,28
116,#2L9Q28GJ0,LES BRAWLEURS,8000034,151475,117,8
117,#RCQVR0QJ,kin club,8000011,151172,118,27
118,#PJGLJR8L,ma88,8000029,150651,119,29
119,#28G00CRY0,зуб школьника,8000013,149891,120,20
120,#2JUQ02RY8,ice cream,8000021,148839,121,11
121,#229YUQ829,BS-PUSHER,8000023,148347,122,23
122,#CYP2PUUQ,Cz/Sk,8000021,148342,123,30
123,#2LP9CYV9G,ThankyouMoon,8000057,147444,124,30
124,#RYRJV99R,vedere ali,8000029,147391,125,30
125,#JV0R9QUJ,WbBoiz,8000006,145103,126,8
126,#VCJRJU8P,YT-spirovoU10,8000051,144474,127,27
127,#G29UGCPL,看看上面！,8000013,144158,128,29
128,#20J9LGUC2,Валерий 50 000,8000013,144007,129,29
129,#PJULUV89,[BUH]ТОП,8000027,143498,130,26
130,#2QPPJJ09U,ogog,8000029,143402,131,30
131,#2QJPP0LUJ,братва,8000030,142632,132,30
132,#QPYPU922,💎THE_EMPIRE⚔️,8000055,142242,133,30
133,#2L2LRCCCL,McDonalds🍔🍟,8000016,141004,134,30
134,#2CRJQPP8R,인벤불,8000029,140181,135,25
135,#2CQ2J0Q9,도이몬,8000023,139669,136,8
136,#UVR2G2LR,псж 11:11,8000007,138206,137,23
137,#CQ9JQYV9,6ге,8000025,138096,138,18
138,#2LUCYRL0,Z9I7-MX,8000005,137831,139,30
139,#28CRYL20C,cei mai tari,8000056,137531,140,30
140,#29PYYULU2,beşiktaş,8000004,136729,141,30
141,#9UG98LLV,PanosTeam,8000036,136141,142,28
142,#2LLJ00CQ0,8-bit is 27,8000000,135962,143,27
143,#2G8VCP2L,Топы,8000017,135308,144,10
144,#228U08P2R,Tokyo-Manji-kai,8000037,135122,145,27
145,#282C0PRLV,Друзья по двору,8000029,134902,146,6
146,#9V8CPCJC,гуси,8000022,134136,147,24
147,#2LQV8VRJ9,STAR TEAM,8000006,133409,148,17
148,#29Y82GUJQ,BAMBASIKI#,8000000,133328,149,25
149,#VLJ0G80G,КЕПСИ,8000057,133162,150,27
150,#U8J8GY20,용수초 학생 모여라!,8000000,132534,151,30
151,#PLU00V22,maenan,8000022,132340,152,22
152,#2Q2YCQ2G8,mama12345,8000021,131836,153,28
153,#2YQVLLPCG,🦇Tik Tom🦇,8000029,131530,154,30
154,#22LLLYCLU,GUR HAQYT777,8000019,131225,155,26
155,#29LLG02JL,S4,8000059,130067,156,9
156,#LU8JVVG2,ЛЮТЫЙ ПОН,8000035,130032,157,17
157,#2QVV88VQ8,Stars,8000057,128018,158,29
158,#VL9QC02C,les potes,8000021,126813,159,30
159,#2Q92GC00,hejo...,8000043,126508,160,24
160,#2L29LJYVV,ej,8000022,126101,161,28
161,#RLQ9P8LP,go crazy 🤑,8000059,126066,162,17
162,#2RQ0G2Q9Q,Костя топ,8000059,125822,163,29
163,#YQRPPGV2,The LuchaDragon,8000002,125650,164,29
164,#JYU2JYPQ,БАНДА МАКСА!,8000019,125361,165,30
165,#2YVGP000J,бабл квасеры,8000007,125296,166,18
166,#2090PV0VY,︎ ︎ ︎ ︎ ︎,8000039,124910,167,8
167,#2YRGLCV0U,ЯЯЯ.,8000007,124002,168,27
168,#29YJQ2YC2,LES ROIS 👑,8000029,123938,169,30
169,#2VCRPG98,Tomar 753,8000032,123643,170,28
170,#URVQL0UU,família Rossati,8000029,123129,171,29
171,#RULUYLLY,TaylorSwiftfans,8000029,123041,172,30
172,#2LVCVQ2RR,meri nakit,8000019,122998,173,30
173,#CLLCGLVY,мама сказала жо,8000003,122877,174,30
174,#29QGCLCL,CalVOX,8000017,122018,175,27
175,#28JVUV2LY,salihfurkansait,8000051,121921,176,29
176,#29290LPPC,3 b- spessi,8000006,121908,177,18
177,#PQVYPJ2G,блет[nike],8000013,120829,178,11
178,#VGP8QQJ0,flomiks топ,8000037,119860,179,29
179,#UYUCVLCQ,I LOVE ŠPAGETY,8000009,119724,180,29
180,#L0JCJYJV,косолапый медве,8000016,119135,181,11
181,#2JGCULPY9,+777🍀,8000055,118858,182,17
182,#J9Q0GQ2L,ALTÉRAX,8000009,118433,183,5
183,#P280R89,peepo guys,8000011,118112,184,30
184,#CVQ02RRJ,affen,8000017,117048,185,18
185,#2LCQY28JU,legendy bartka3,8000029,115795,186,26
186,#2PRQQGRC0,BPT CLUB,8000058,115554,187,11
187,#28V8RJ2RV,топ тим$₽¥,8000037,114717,188,12
188,#CRRYL202,DODO,8000013,114710,189,11
189,#292VPG9CP,байрон нуб,8000059,114318,190,30
190,#R88RQL28,BS Tik Tok,8000006,113159,191,27
191,#2JUPY8QQR,Ақк,8000020,113080,192,30
192,#2YQC9JL9J,Y.A.K,8000046,112218,193,15
193,#2QJLV8YVP,slávisti,8000003,112055,194,8
194,#898U08J,pro its life,8000029,111495,195,25
195,#2L0CR8VQJ,ковид 2018,8000046,111003,196,9
196,#UJCCUL09,Блахи,8000023,110964,197,21
197,#22LLGRLPL,shadow white,8000015,110129,198,30
198,#UYVL0J2,пельмешык,8000005,109755,199,29
199,#22RJUJC98,Медведи!!!,8000026,109369,200,30
