,tag,name,badgeId,trophies,rank,memberCount
0,#2QG2CV9YV,Edelweiss🐙,8000021,3672099,1,1
1,#VCLLL22C,Munches,8000015,2078875,2,2
2,#2YV90UCJR,🎋Fire Dragon🐉,8000015,956900,3,2
3,#2RGPUJYPL,Primo’s Punches,8000057,767634,4,30
4,#UYLPL9UP,أساطير العرب,8000023,739243,5,2
5,#P20P28PG,grażka,8000034,723019,6,30
6,#QYC2RJRV,snörp,8000001,679710,7,30
7,#2P9VUYULY,team angelYT,8000023,616231,8,1
8,#28PLVJGUJ,KURU FASULYE 😁,8000007,564182,9,30
9,#808PU0G0,wimbo,8000017,562160,10,30
10,#2C9JLPPV9,gurkenpuller,8000037,532797,11,29
11,#R8VJYYCC,AKATSUKI BR,8000035,510803,12,8
12,#Y22R9QLL,меп супер,8000008,466909,13,30
13,#CQVVU9UJ,UFO FRIENDS,8000029,450192,14,3
14,#9VP09VUU,TR|Şafak,8000013,415869,15,30
15,#RQJUL298,ФЛОКИ И ТОПСИ,8000029,411471,16,8
16,#2C8VU0282,👬XAKKER👭,8000053,409017,17,24
17,#2V0LGVY8,👎ТОКСИКИ👎,8000046,403667,18,24
18,#22PLPU2U2,Abacate,8000013,388715,19,7
19,#2GY8QVP9R,Конюшня,8000054,362307,20,30
20,#2JG9UVVLR,⭐GROXCLOUD⭐,8000017,361506,21,18
21,#909J9U09,блатные шлягеры,8000025,358527,22,18
22,#QGCRUURU,мапен,8000057,336976,23,30
23,#2LQJYPJUL,번듯한 호랑이,8000028,336429,24,30
24,#PGU2CL0Q,talub,8000029,314258,25,30
25,#29VY0G08J,Старый гусь,8000056,312217,26,30
26,#2LGPVU080,🤍GG🤍,8000029,311516,27,19
27,#9C8QQ9L2,Brock's Club,8000013,305467,28,12
28,#GCLQY8R,Los Tetes,8000016,299256,29,30
29,#2P82RUGLG,Fanns disciples,8000011,293140,30,30
30,#2RQPLYU2J,żeżułka,8000057,288121,31,19
31,#GQUJ2RJG,:BFF:,8000037,278348,32,29
32,#2JGGVQ8U0,Ссы в штаны,8000054,276985,33,27
33,#2JYPU88RC,Цвет Кадетский,8000059,274691,34,14
34,#2LJYL982Q,<c4>KRALLAR</c>,8000000,267899,35,27
35,#JUYU9CLR,Montaj Mafya,8000056,254462,36,23
36,#PYCUQU9P,Kos2019,8000017,252352,37,29
37,#228JVUY0U,<c1>Ап леги</c>,8000035,250663,38,13
38,#QR22RY0Y,gamer e surfy,8000017,238971,39,30
39,#2UGVPQG,URAK665,8000000,224224,40,11
40,#2GPCLUQ0J,ㅤㅤ,8000047,222328,41,30
41,#VPLRJGG9,기린,8000011,222116,42,30
42,#LPJG2RPP,Даниил Викулин,8000004,220894,43,26
43,#208VQ99YV,BlackBlood🥀🖤,8000006,220624,44,16
44,#28CP20QL,FUEGO CRUZADO,8000016,219376,45,22
45,#RULY9CQ9,clashroyale,8000057,219187,46,29
46,#JJ0LYPRC,П - ПеНиВаЙз,8000026,218347,47,30
47,#29YLP2V92,Döner kings,8000031,216889,48,21
48,#P2LYP0LR,Black Clover,8000058,215914,49,30
49,#J0VRLL9R,аис,8000050,214018,50,30
50,#2RUGR98Y8,отчимы пабло,8000013,211378,51,12
51,#CCGGCQ2P,Club bulC,8000016,210795,52,30
52,#2PYRQLJGR,초보들도 대환영😄😄,8000025,209432,53,28
53,#2QVV99QP0,LOST ANGELS BEE,8000040,209205,54,14
54,#98VYRY8P,добротвір 2.0,8000022,208471,55,14
55,#C00R9QGV,С - СЕНДИ,8000010,208101,56,29
56,#R82G8LU9,team bot,8000010,207014,57,23
57,#LU22L22G,ㅋㅋㄹㅃㅃ,8000035,202119,58,30
58,#UVQGYC9P,религия геев,8000038,201144,59,27
59,#GY8CJV9J,אלופים של צפת,8000016,198595,60,30
60,#GGQLQYU0,OG_TLS,8000007,195709,61,30
61,#QULL8RC,The CRXD,8000019,193522,62,27
62,#2JU208CYY,TU GEI,8000039,189905,63,30
63,#C8C80U8Y,П - ПеНиВаЙз,8000019,187417,64,30
64,#Y28J9CQ9,EL Batalla,8000017,187316,65,14
65,#22898C2CR,Loyal Wars,8000055,186979,66,12
66,#2JG8QC28J,♂️mini gym♂️,8000056,186529,67,13
67,#29GJP2UUL,SelamAleküm,8000007,185397,68,30
68,#9RLUC0LL,Henkarmy,8000002,182916,69,24
69,#Q9YLY9C,황금돼지띠,8000047,181889,70,30
70,#2LU98GC2U,loinse 2,8000059,181011,71,23
71,#2QU9PQQY9,Leg҉e҉nd҉a,8000039,180705,72,15
72,#29CJPVQ20,самокатеры,8000007,174154,73,29
73,#29RQCGPCJ,KSA TAYFA,8000029,172635,74,14
74,#2RL8GRRQP,홀ㄹㄹㄹㄹㄹㄹ,8000052,171630,75,29
75,#29C0YP0CQ,клуб для ютубер,8000046,170764,76,30
76,#2988YGG8R,FC Macchia,8000029,170060,77,13
77,#2JCR2VJYV,ONURKRNZ,8000041,169704,78,28
78,#GLJJP902,MAGICY,8000036,169457,79,11
79,#2JQ82LCVQ,GESORGAMER1M,8000043,167295,80,29
80,#20QYGQ0LC,Марк Мандарин,8000029,166457,81,29
81,#2QP00LU08,xxxxxxxzz,8000023,165784,82,28
82,#2QQY0L8RC,Reboot.,8000018,165573,83,30
83,#QRQJGGUL,varutiiiiiiiiii,8000025,164991,84,27
84,#2092RP9UV,У - УКРАЇНА,8000013,164688,85,29
85,#28YV9JV80,patsanchiki,8000039,163371,86,18
86,#22GU9YRLQ,Some Kids,8000019,161866,87,30
87,#JQ02Y88P,Legends,8000018,160806,88,9
88,#2R0GRPV8Y,Bargyz,8000007,160800,89,13
89,#C2VQ220Y,Л - ЛОНДОН,8000021,160513,90,29
90,#2G9V9R8UC,baz brawl,8000029,157595,91,27
91,#20YRLJPL0,фнаф9,8000023,157182,92,26
92,#29QP08GUJ,ауф,8000029,156078,93,24
93,#2C8Y0L0L0,AoC|Stars,8000037,154747,94,13
94,#QRVJV2PG,Mahalle Agaları,8000025,153770,95,13
95,#2R29JCJGQ,ВЕДСЕРЕВО❤,8000044,152154,96,23
96,#2Q0L08GVP,_ツ_The Mandarin,8000049,151741,97,30
97,#UCPQJLJU,TreborVGX,8000023,150215,98,26
98,#LPJCUCC8,насорог,8000037,150015,99,12
99,#U88GG9PL,HALLOWEEN🎃🎃🆎,8000041,149964,100,15
100,#2JCR8Q2GR,cwele,8000024,149794,101,10
101,#20JUPUG2Q,глент рыгнул,8000057,147487,102,28
102,#29J8GYVYY,бравллл,8000004,145279,103,30
103,#29Q22988G,Ваня ооп,8000026,144574,104,28
104,#2008R8RQQ,вова и армен,8000012,143981,105,28
105,#2Q8C9CRQJ,용이다,8000017,142750,106,15
106,#UPUYVQRJ,אאד,8000019,141764,107,21
107,#2YGCC009L,kucuk,8000020,141562,108,29
108,#29JR9UQ0J,Mižp'iardolle,8000047,140936,109,9
109,#220YR9980,скил Ютуберов,8000010,140329,110,14
110,#9LC0VP2Q,лучшие друзья,8000034,140238,111,15
111,#2CPYVY0VQ,řžm en ĥŷřă fãñ,8000028,140018,112,30
112,#88Y00U0J,цель 100 уча,8000029,140018,113,26
113,#RYCP9P9U,долговяз,8000029,139979,114,30
114,#QCL0QRUQ,WNAC BRAWL™,8000039,139705,115,28
115,#2GVL9U9QJ,333334,8000027,139390,116,29
116,#VY9QRPU,Rock Band,8000003,138918,117,19
117,#G2PC9GL2,οι 9 συγγενείς,8000019,137602,118,30
118,#20GC2QRQL,LennyPro YT,8000004,137543,119,27
119,#8Q9P9YR2,максим про макс,8000023,137485,120,17
120,#8LC9P9CQ,твёрдолобики🥳,8000029,137357,121,20
121,#PJYC2J8G,761,8000029,137002,122,19
122,#Q8CU8RQY,Lukas🐻 fan,8000002,135642,123,28
123,#8JQYLCLC,ьг,8000029,135135,124,26
124,#2LP82URV8,Tom and tricky,8000029,134955,125,28
125,#Q8QYCQLQ,балашка е,8000029,131562,126,28
126,#V2JU2LRQ,yassinne,8000029,131253,127,27
127,#PJ0YR8PR,иван тигр,8000029,130037,128,29
128,#2PVUGYP8Q,Банда 2021,8000037,129666,129,10
129,#290RRCG2C,gelin,8000007,129362,130,17
130,#8RJ9JURC,NJC Death,8000037,128900,131,28
131,#P980QUYQ,kulll,8000013,128469,132,28
132,#R8LCL8YY,Lite_House_BS,8000029,127823,133,28
133,#2GYJVCVLP,го иг,8000001,127563,134,27
134,#YYR9YQLY,$fan animals,8000039,127196,135,30
135,#29Y29PYRV,상수와아이들,8000004,125880,136,15
136,#2Y9PUVYLY,클클럽이다,8000034,125709,137,29
137,#28JRRYQ9,Cool bois,8000002,125470,138,28
138,#VGJ2CL9L,суса,8000004,123951,139,30
139,#U8G8VJG9,"KUZEN,LER",8000055,122300,140,19
140,#YC9UG9L0,하이로부,8000029,121944,141,24
141,#290UQ88CU,друзья профи,8000016,121925,142,30
142,#20V028YQV,국제식당,8000059,120789,143,15
143,#C8Q98U2J,Dark Moon,8000029,120559,144,29
144,#2LL8LGCP0,лев царь,8000005,119630,145,30
145,#2G0URUVLC,mullani e cardi,8000036,119086,146,22
146,#2J2Q98QCV,que paso crak,8000059,119032,147,13
147,#JJPG2Y0R,cooll,8000029,118916,148,30
148,#YYRCQ8P0,clube das 🌟,8000018,118821,149,26
149,#JQ9QYQPR,las castañeras,8000004,117861,150,24
150,#PR90YPJY,8-bit's Club,8000030,116355,151,30
151,#2C0GGPV9L,Zu Alt hierfür,8000025,115910,152,13
152,#292YYPUJY,У-Україна,8000033,115740,153,30
153,#VPLJG9C2,чёткие школьник,8000029,115547,154,28
154,#2GCUJ8GV,Акбар иЛатифа,8000048,114972,155,21
155,#28GGJR8QR,2013년생,8000029,113804,156,30
156,#2L2C02Q20,kanka lar,8000021,113549,157,8
157,#RUU90G2,YBJ HAYRANIYIM,8000018,113316,158,27
158,#2PCC0JGL2,токтотоко,8000009,113295,159,29
159,#2GYPU2J8Q,kızılejder36,8000029,113179,160,22
160,#9UJPJJV8,מדונה,8000000,112661,161,30
161,#8J222LLL,по,8000022,112621,162,30
162,#28VUPRVU8,клуб бобров,8000057,112077,163,28
163,#RGL2G0R8,добрые ребята,8000049,111192,164,21
164,#2GRCL0CLP,Toxic team,8000023,110950,165,5
165,#2L0RYVQ8J,семья бабуина,8000035,110901,166,20
166,#GPVJ0LQQ,Adrian LP,8000011,110567,167,21
167,#29R9V0J9J,клуб читеров 33,8000000,109621,168,28
168,#82U2QCVQ,아주나이스,8000019,109604,169,26
169,#CVLPYYLR,scp фонд,8000013,109438,170,29
170,#QRJ2UGV0,Tyrak,8000001,108757,171,12
171,#Y82Y9202,Floppa forever,8000029,108086,172,28
172,#8QG8LY0J,факел,8000005,108070,173,26
173,#GRLCR22,BJK,8000000,107822,174,26
174,#2GRQ9CYV9,чучулики,8000055,107317,175,8
175,#2JJR0QRUV,arsenlox,8000047,107138,176,7
176,#UCV82R9R,кубок,8000029,106634,177,30
177,#2PUG2922P,Seimyr,8000029,106453,178,17
178,#VGL9JY8L,MAN a,8000058,106218,179,28
179,#28LGLLQR2,Baby Katzen,8000029,106158,180,26
180,#PV0L990L,Арсений 666,8000029,106138,181,10
181,#Q0RGLQGU,Светлый Яр,8000004,106032,182,22
182,#98VPV088,LUPII DE AUR,8000024,105971,183,30
183,#LYCP9CQ8,denizefe,8000037,105545,184,12
184,#2LLPRYY0R,M.O.L.A!!!!🤙,8000029,105070,185,28
185,#2R29GLGUR,Вадим-формула1,8000057,104199,186,11
186,#2RQP2YC9L,Командор-помидо,8000057,104070,187,16
187,#2C2UUGRQ9,Las estrellas,8000018,103784,188,29
188,#U2G80PJQ,гробббббббббббб,8000008,103768,189,29
189,#22C8Y09QJ,슬기로운,8000013,103617,190,20
190,#RGG8CGLY,хор,8000003,103087,191,29
191,#VRR80JCG,Пацаны 4-Б итд,8000059,101741,192,20
192,#8QV822L8,メガボックス,8000015,101693,193,21
193,#2PCURR9GR,ТРЭШ,8000003,101442,194,29
194,#2C8GRRR2J,bolas azules,8000021,100962,195,4
195,#J9YV08JU,NOOBOK,8000023,100755,196,25
196,#V2VLVP2J,genç kardeşler,8000016,100417,197,30
197,#LUJGURL2,LoRd/$,8000049,100019,198,6
198,#2GYL8PC2G,кенти,8000057,98703,199,9
199,#20VCL80LL,아라리,8000029,98475,200,20
