,tag,name,badgeId,trophies,rank,memberCount
0,#22YV0G2QQ,Stars Of Sun,8000006,1906810,1,30
1,#P0RJVYLP,COOL CYPRIOTS,8000029,1299694,2,30
2,#VPQC2JL8,m1np,8000023,1298451,3,30
3,#2GP80LLLV,Singularity™️ 2,8000003,1288544,4,30
4,#Q8U0G9GP,Lost Ronins⚡,8000003,1206728,5,17
5,#20RVQ20Y,Singularity™️,8000003,1195716,6,30
6,#2C29VPY8P,Revenge 😈,8000041,1151561,7,30
7,#2RQQ802VR,CPK's Overworld,8000052,1127403,8,30
8,#29PQUCPV2,Commonality✨️2,8000053,1069459,9,29
9,#8PPRUQ0Y,🥇κον35 🥇,8000041,1023000,10,25
10,#2GLCJCYRR,Halloumi-inu,8000055,953462,11,30
11,#2C2LRJG8U,TBG&B,8000000,930225,12,30
12,#2QVLY8JCG,The Rejects,8000034,923888,13,30
13,#2JUGPJC8R,Cyprus Sleyers,8000057,923634,14,29
14,#8VUJ2Y2V,cyprus Legion,8000029,914050,15,30
15,#2C08JP8VY,✨Commonality 3✨,8000053,913077,16,30
16,#2CQ28LGL9,♡⃝ ʜᴇʟʟᴏ ◡̈ ☽⋆,8000059,894133,17,30
17,#JCPUQCU,WBC,8000049,868086,18,30
18,#C002CRV2,WarriorsCy,8000059,833883,19,27
19,#22PQ9GQ8G,banda bog 000,8000000,816823,20,30
20,#2C2YYR02C,KKTC e-sports,8000006,814528,21,30
21,#P9CLYCU,El Pyramidos,8000002,810452,22,30
22,#CVJLYPR8,KZ Club,8000059,791381,23,28
23,#VJ8RPLYP,ice gang ❄️,8000052,788608,24,30
24,#2LCL9YG8G,nik army💣⚡️,8000037,742195,25,30
25,#2C0GQQ00G,Uniqeness2023,8000053,722951,26,30
26,#2QJCP2UV,pieceOfships,8000028,714874,27,30
27,#2C9Y000QL,B.T.D,8000037,701664,28,28
28,#2JCVY88C2,Cyprus Warrios,8000021,692100,29,29
29,#2RV99VJU,TOP Cyprus,8000029,688654,30,30
30,#VL20UQ9Q,CYPRUS,8000032,677043,31,30
31,#QC89P2Y0,G.O.A.T.S,8000007,675995,32,30
32,#29G9LPGJ9,The Boys 👻,8000057,660655,33,30
33,#29GRQ0P8G,Pro gamers,8000057,646997,34,29
34,#20C0PJLY,Noob fc,8000019,640288,35,30
35,#2C0PC0LV9,KOTSIROI MAYROI,8000048,627392,36,30
36,#QJY22VQ,BRAWLER UNION,8000004,626875,37,30
37,#2R2QJ92C0,Antzougies,8000023,616898,38,22
38,#2CRLU88YQ,North Cyprus,8000055,614869,39,29
39,#U28U0Q9,ΠΕΛΛΟΚΥΠΡΑΙΟΙ,8000019,600063,40,28
40,#2C2QCQ980,King¹,8000027,597540,41,29
41,#2QJYV2R9U,COOL CYPRIOTS 3,8000029,594436,42,30
42,#2GQRPQLRQ,CY Brawl Stars,8000023,593335,43,30
43,#V2QUUCLG,CYPRUS BOSSES,8000059,579802,44,30
44,#90YUQC0L,пинчики(:👍,8000041,579018,45,25
45,#QQ9JC9Q8,BT21,8000052,575198,46,29
46,#2JJ08P0R8,Deadliest 🥐,8000039,571093,47,30
47,#2GPGLYJQC,ypsonas,8000004,562206,48,30
48,#QQGUG2JU,Zeroland,8000025,558649,49,30
49,#2G9YVCJRU,Nikolaidio,8000057,555417,50,29
50,#8YVJYP9P,LES AMOUREUX💖,8000011,555265,51,30
51,#22CCJL8VG,THE BOYS,8000055,554445,52,30
52,#2JJYJQPQJ,Too_Good,8000029,551887,53,30
53,#29C92U2VV,louvkia,8000040,539152,54,30
54,#209VG0YCR,cyprus Legion,8000029,535705,55,29
55,#28GR0GVG8,COOL CYPRIOTS 2,8000029,522228,56,28
56,#GJ88G2,Cyprus mafia,8000022,522036,57,19
57,#29G88G8LC,PRO🤩,8000037,517281,58,30
58,#QJ0YRG9L,AMEA,8000028,508026,59,30
59,#GU0RYQJQ,καλιτερο club,8000029,507343,60,29
60,#9G9JGRCQ,Brawlerhood,8000004,507327,61,18
61,#2CY8U9C9Q,zighail,8000005,506700,62,30
62,#29Q9J2GV9,|CY|BOSSES,8000048,506616,63,30
63,#CJV2VLCR,91 zivania,8000007,504690,64,28
64,#2YP9YGQRP,🤡🤡,8000006,498306,65,29
65,#2PQPVRUYU,LOVE YOU💞,8000052,497508,66,6
66,#2GL8JPG8P,stylis friends,8000058,493705,67,30
67,#YGYRP898,Cyprus_Stars,8000037,493297,68,19
68,#2JV08L2JP,⚡️FCE GANG⚡️,8000053,487228,69,29
69,#29JJYP8CP,PROLAR,8000029,485668,70,27
70,#2GR0GCQ0P,Los Cactos,8000013,483270,71,28
71,#28VL9GRVR,BS E2,8000026,483162,72,30
72,#2U0PYCPG,karotsaki,8000017,473936,73,25
73,#28CJ8J0PJ,brawl team,8000047,473918,74,29
74,#VUCGR8GQ,kint555,8000002,472377,75,25
75,#2GR0JLQGJ,NG,8000036,468210,76,30
76,#JRQLPPLY,Brawl family,8000029,465046,77,30
77,#2GYVGPLGL,LEVENTANTHROPOI,8000027,461992,78,30
78,#LGG9GLJP,⚔️Cyprus army⚔️,8000055,460684,79,18
79,#2QPUR0RJJ,ms33papischris,8000004,460081,80,30
80,#2LP2RVU20,AFK TEAM,8000055,454414,81,30
81,#2QVJGGLUJ,skilopeloi,8000037,452069,82,26
82,#QRL8Q8QR,PRO CYPRIOTS,8000058,446872,83,29
83,#2C8GUY0UQ,camila park,8000037,446130,84,30
84,#2RL8Y28UG,The Cyprus og's,8000040,443376,85,26
85,#2YQ9U00LV,брабус,8000017,442624,86,26
86,#2LYQY0JUL,TT Limpyxxx,8000035,441159,87,4
87,#29C0G2VCC,EFCN,8000019,439628,88,30
88,#29PCCY0UY,trent love123..,8000004,437561,89,30
89,#299GR2Q8Y,Campionii Brawl,8000059,436831,90,29
90,#RUV9UVG9,LEGENDARY,8000019,435938,91,26
91,#2CY89JRQ,ΤΑ ΞΑΔΕΛΦΙΑ,8000019,435798,92,27
92,#2JLYYLC2Q,Water Bottle,8000059,434363,93,24
93,#2YGLRJVC,9HooD,8000004,433881,94,26
94,#QLVU9J8V,panathinaikos,8000045,432413,95,29
95,#PG8PVL2C,same kruki,8000029,430108,96,29
96,#PRYQGRYU,TBSE PATTIXOUES,8000027,429456,97,26
97,#QJCLQYPP,Cyprus-E-Esport,8000058,428009,98,21
98,#JCY0V9YG,Browl Legens,8000036,424466,99,30
99,#C9RRQLVU,Veni Vidi Vici,8000059,421126,100,25
100,#P80G0V2Q,CY LEGENDS,8000007,416813,101,30
101,#G2J8CCV,FISHES,8000025,414849,102,23
102,#8PGJRQC9,JX Club,8000011,413785,103,30
103,#29Y2RGJGV,headshot,8000020,413297,104,30
104,#YRVRRUVP,Club del amor❤,8000000,412935,105,29
105,#2CLQ08VRY,Pelloi kyproi,8000029,411180,106,27
106,#P2GYCGQU,Aliler,8000029,410242,107,30
107,#2G82Q22VQ,Diego & Figaro,8000018,409938,108,30
108,#29CLLR89U,pontos fc,8000030,406700,109,30
109,#J9G2PYRJ,DRAGON,8000011,404975,110,29
110,#28P80PPQP,Cyprus Trainers,8000037,400959,111,30
111,#8PJ8V08,unpeftable,8000037,396676,112,20
112,#RJ8CU0,Star Brawl Club,8000000,392310,113,28
113,#2CYG98L22,Broos,8000034,391163,114,30
114,#2JQ2CQ9Q0,тикбобры,8000037,388859,115,30
115,#2080YJ8GU,PR0 DR4G0N,8000033,382261,116,30
116,#2GYL2LCVC,Hıyartolar,8000029,377748,117,27
117,#2900UV2UC,|CY|MAGIC ARMY,8000059,377385,118,15
118,#GP0Q9Q82,✨Parıltı✨,8000006,376254,119,2
119,#CGQLLGJG,galatya cyp,8000013,372398,120,30
120,#QC222VPQ,Venom ;),8000037,371102,121,26
121,#PJPRR,clash babies,8000031,370935,122,19
122,#2JUCVQGG0,PAME TRIO TEAM,8000035,370322,123,21
123,#GL9LL2QU,OMADA PIRAVLOS,8000050,369261,124,24
124,#2CG2GU9PY,stull/ap.82,8000049,369043,125,30
125,#808V00J,Daddy,8000009,365639,126,29
126,#2C9RVU98C,8A TMK,8000050,364812,127,20
127,#29222J8C2,TurkishWarriors,8000050,364258,128,18
128,#29QPJJC29,chicken nuggets,8000047,363719,129,29
129,#28R2U80V2,CYStars,8000006,361518,130,24
130,#2R2CPUCQ,KATO GITONIA,8000009,361495,131,24
131,#Q2UCLJ99,Банда Артёмав,8000055,358535,132,30
132,#Y8V0PUCR,💓Simge💓,8000029,356839,133,1
133,#2C090GG08,ERAM FC🐍💙🧡⚽️,8000019,353374,134,28
134,#LU9C28U,Semi-Skimmed,8000013,351698,135,19
135,#29CVL0R82,ZirVe VT,8000055,349312,136,29
136,#22GGJG2QC,pro,8000058,348014,137,30
137,#VUC8G8R9,cyprus pros,8000057,347606,138,27
138,#2RVV9ULGU,🔥Valeria🔥,8000005,347603,139,19
139,#Y9QYLV2P,ΛΥΘΡΟΔΟΝΤΙΑΤΕΣ,8000037,347313,140,27
140,#29RGL0Y2V,B3 siu,8000007,346760,141,30
141,#20J0RJUY,The Best XD,8000008,346638,142,28
142,#VYJP9V9U,brawl old,8000055,346526,143,30
143,#2GJPR9PP0,CY,8000023,345115,144,16
144,#2889GVJGQ,komikinsanlar,8000049,343143,145,29
145,#2LYYP20QV,REEDFAXT,8000044,342198,146,28
146,#J9U9YCJV,şimşek dostuluk,8000019,341757,147,22
147,#CGYYV99Q,Tiger PRO,8000053,337359,148,30
148,#Q8C8LJQ2,AiEN,8000033,336181,149,30
149,#UG8JVJUR,ΤΑ ΓΑΟΥΡΚΑ,8000028,335433,150,30
150,#2PUUP2RUP,CYPROUS UDIOTS,8000057,335092,151,19
151,#20RV0QYC0,INFINITY BRAWL,8000019,331930,152,30
152,#20GJRUYPV,fb2010,8000021,331892,153,30
153,#2YRVQQ9G,ANTICA®,8000009,330921,154,26
154,#22RVRUUJY,GYM,8000022,330201,155,18
155,#229LGCP0R,barbar ordusu,8000029,329065,156,30
156,#2Q2UGVR2P,ammogooss,8000029,327378,157,30
157,#RRLULQCY,KANKALAR,8000057,326193,158,26
158,#U8LL0JP,ELYE,8000004,324207,159,30
159,#VLVV2P2J,KANKA KULÜBÜ,8000025,322169,160,14
160,#29J8GVC0U,secret fantom,8000039,320916,161,30
161,#QQRL2GV,NO PASA NADA,8000035,319741,162,30
162,#PR9V8QRJ,Arkoudakia,8000016,317110,163,30
163,#9GRQ0U2P,gaouropeli,8000058,315548,164,27
164,#2R820LCQL,CYPRUS BRAWLERS,8000053,313953,165,28
165,#2G2R0Q28P,ardaya boydan,8000019,313833,166,29
166,#29J09GJGR,KKTC e-sports 2,8000037,313340,167,19
167,#RCVCU2YQ,ΠΡΟΟΥΛΛΑΕΣ,8000023,311985,168,29
168,#Y082PLYL,XYLOTYMBOU,8000021,309807,169,29
169,#2RL8UU9C2,Milko Gang 2,8000055,309753,170,25
170,#2GRCP9URV,unlucky,8000016,308565,171,11
171,#2R2L28YUY,poyshkiaes,8000004,308101,172,26
172,#2PYV2UUJ8,глина,8000041,308085,173,20
173,#V9Q8GPVG,Champion clan,8000023,307231,174,30
174,#9RVQR2YJ,Cobra,8000057,305952,175,29
175,#29L9CG2PY,Coniakcy Club,8000037,305657,176,30
176,#JPGJLV80,Sakat Krallığı,8000003,303879,177,29
177,#2JQ0Q2P0R,Cyprus 🇨🇾,8000049,302739,178,30
178,#CCLG9Y2V,toka,8000016,301413,179,30
179,#2C880QLCQ,TLM |Purify,8000053,300783,180,10
180,#9CL0Q2,Cyprus elites,8000004,296874,181,30
181,#2Y0R9UUUL,MSİ STARS,8000029,296691,182,28
182,#2YGQ9CRQU,Cyprus,8000036,296079,183,27
183,#UQ0P9QRV,Apoel+Omonia=❤,8000059,296047,184,26
184,#PRQRCJRL,E2,8000015,295036,185,30
185,#2YLQ0UG99,pater kleomenis,8000056,295034,186,18
186,#CGL8YVC8,СОЧНЫЕ ПЕЛЬМЕНИ,8000009,294884,187,22
187,#QQRJJV9U,GIGACHAT 🇨🇾,8000027,294580,188,30
188,#2CJ8QG8J2,Düdükler,8000055,293835,189,25
189,#QQRU8J8L,E.Ms pop,8000040,292806,190,30
190,#Y9VC8,C.Y.BROTHERS!,8000058,292443,191,12
191,#2880RP08P,polaster,8000047,292304,192,29
192,#2GGPQGJU2,Singularity™ 3,8000003,291518,193,23
193,#2VLPRG98,B&C Gaming Clan,8000029,289599,194,12
194,#2LPCQR99R,EN IYI PROLAR,8000059,289027,195,30
195,#29R090V9P,Star fitness,8000021,284690,196,30
196,#VV0L9UC2,sp familly,8000052,284518,197,30
197,#2LY0RPG9R,Cypriots bros,8000057,283934,198,30
198,#P8U8JUJJ,united gamers,8000029,282626,199,27
199,#2R90U0V2L,BanBibi,8000050,282310,200,26
