,tag,name,badgeId,trophies,rank,memberCount
0,#2Y2JG2YGY,Exalted Danes,8000018,1457079,1,30
1,#2C90CRPRC,Exalted Heroes,8000018,1389630,2,27
2,#9029P02,Holger Danske 1,8000023,1303799,3,30
3,#2GV2VQR92,Red Dragons,8000037,1243257,4,30
4,#LLUGC828,Danish Assassin,8000002,1233949,5,30
5,#YV9YUQQC,thumbs 🆙,8000008,1231992,6,30
6,#JLYPUG90,rygerkluben,8000013,1219235,7,30
7,#2YUQVGUUY,Qc |Hydro☔️,8000025,1215170,8,1
8,#280RLRRQU,bacon-banden,8000032,1181697,9,30
9,#2G9RURCVQ,Exalted Academy,8000018,1146201,10,30
10,#29QJ8V0JV,Monkey Mind🍻,8000049,1135387,11,28
11,#2RC2JGYUP,Flåden🐬,8000059,1117277,12,30
12,#280R9GYLC,Nasty brawlers,8000024,1080106,13,30
13,#VCUVLRPP,SKÆRSILDEN,8000037,1079529,14,29
14,#2RQYR0LP,Club Lauli,8000004,1076115,15,29
15,#2R92G90P9,[TH] TRYHARD,8000014,1055172,16,30
16,#2YR02UGGV,Blank Stars,8000052,1025764,17,30
17,#2C2UPCGGU,🌨️|IceAge|🌨️,8000027,1022190,18,29
18,#20GL8G280,Party Brawlers,8000029,999327,19,27
19,#2RGY0RQYV,Denmark,8000037,998826,20,30
20,#22RQYVQ9G,Friends,8000037,987266,21,28
21,#828C8289,The camps Dk,8000023,976127,22,30
22,#YLY9LLCG,Fader Ols klub,8000059,958867,23,30
23,#2G8VQUJGL,Brawl Society,8000048,958041,24,28
24,#22Q08QL2L,Dlp|Summer☀️,8000049,946171,25,30
25,#9P8CQJQG,TookaSquad,8000023,932287,26,30
26,#28YJVY0UY,Centerschock,8000020,924905,27,30
27,#292URJ0,Danish Brawlers,8000057,921882,28,30
28,#2RPU0YPLU,BCC Alliance,8000029,915735,29,30
29,#2QJPV8RQQ,PassTheDoobie,8000023,910619,30,28
30,#R2PPGV2,THE CHOSEN ONES,8000016,909408,31,30
31,#JC0GG00,Adam Squad,8000037,905381,32,30
32,#2PQ8QJJPU,Bad boys 4 life,8000043,897398,33,30
33,#2R0J9P89P,雨巷✨,8000019,887487,34,30
34,#2JJLQV2UU,Victory Gang,8000009,884094,35,30
35,#2QCPG2V89,✨LuckyStars✨,8000006,878411,36,30
36,#2YJGYQGJG,Sunds,8000043,875348,37,30
37,#2JC9UJGJL,WinnerLeague,8000029,868213,38,29
38,#29L20PRQC,A few good man,8000055,860689,39,28
39,#2R8J9GPY2,Rated,8000008,860096,40,30
40,#QPPG9GP,FALKO,8000029,849499,41,29
41,#L0LJRGCL,DK Gamers,8000029,842251,42,30
42,#JQQ8ULY,YSL,8000047,838682,43,30
43,#L99LPC20,Prometheus,8000037,836890,44,29
44,#2C9LPJ2YL,Danish Minds,8000023,836173,45,30
45,#VUUVCG8V,crispy amnesia,8000013,833348,46,30
46,#2G9CJVL80,The Goats,8000049,821923,47,30
47,#209LRVV9R,big boss liga,8000023,813221,48,30
48,#2Q99CJ0YP,The notes🎶,8000025,800461,49,30
49,#92LLU000,skibididibidiba,8000023,800135,50,30
50,#2C0LCR02J,Danish Delight,8000025,798071,51,28
51,#28RQQQYQG,Rotter,8000039,795834,52,30
52,#2C8LRUPR9,TX MASTERS,8000029,789458,53,30
53,#2JU2VQVL8,NFS/VB,8000029,786651,54,30
54,#2UVCPVCG,den danske klub,8000023,780373,55,30
55,#2YG09PPQR,petit bros,8000005,771907,56,30
56,#298LCU0GC,dk,8000047,759885,57,29
57,#2JY0Q9YL9,dragonfruits,8000034,757271,58,30
58,#2GVG09RUU,Denver,8000021,753977,59,30
59,#2LLYLYLJR,D3tgu773rn3,8000024,745644,60,30
60,#8JRV8U9Q,Danish Alliance,8000029,744641,61,30
61,#20LR8C0JV,Guds disciple,8000029,736615,62,29
62,#2CG2JYGYR,DW clan,8000037,736103,63,29
63,#2Y8VJ99JU,Danish Order’s,8000006,732890,64,26
64,#UY0URRV0,Bman,8000029,732685,65,30
65,#G8UQU8GJ,swag on lag,8000029,732420,66,30
66,#JVLR9L9L,Shambawarriors,8000013,730939,67,29
67,#2C8G2CV2C,milk busters,8000004,728573,68,30
68,#2909Q09P0,yallah bye,8000035,727445,69,30
69,#2QLPVCJ90,I Don’t Know,8000004,726331,70,30
70,#2JY2Q9U2C,the fire club,8000055,720154,71,30
71,#Q0JJ98R,DK boys,8000004,707283,72,30
72,#2902C8C8Q,club league,8000029,695712,73,30
73,#2J00JCRJU,the best way to,8000029,693824,74,30
74,#2JY0R0P8Y,rulius,8000017,687980,75,30
75,#28GLP2CQJ,MPCL,8000007,682685,76,30
76,#2R0R9LYYV,VALHALLA,8000019,677170,77,30
77,#29YJ90U9L,Legendary McD🔥,8000049,676491,78,30
78,#2JGRLRVL0,Goofy Ah Bros,8000034,674364,79,30
79,#29Q8CJYLQ,Danish Pandas,8000035,669559,80,30
80,#2C9L89G8Y,Da Doodads,8000043,667665,81,30
81,#9UYUR00P,Rodovre Gamere,8000036,665452,82,27
82,#VJJ9RL0,bumserne,8000023,661480,83,30
83,#2GJ22GCQ8,SKÆRSILDEN,8000047,658899,84,30
84,#29QRRQ90P,Nummer 1,8000029,654577,85,30
85,#2JG80C0LY,bruh,8000019,652798,86,30
86,#2CPRCP02Q,The best😎🏆,8000005,649169,87,30
87,#2QURQJYP0,AKATSUKI,8000006,645612,88,30
88,#UL9GLR9L,Boom! Boom!,8000043,642706,89,23
89,#PQGPL9R2,The cool guys,8000059,642340,90,30
90,#Q0Q28JY,Dansk,8000029,640723,91,30
91,#Q2Q0LY2J,Players Of Doom,8000012,635888,92,30
92,#QPQVP0V0,Club Kelsen,8000015,632744,93,30
93,#2JCLG28PR,Chaos,8000021,630950,94,30
94,#J00QC0UU,The Animals,8000056,629945,95,30
95,#2GJ0RUU8Y,Pandekager,8000049,625829,96,30
96,#2R8JVR2P8,Clash Club⚜️,8000023,625016,97,30
97,#2GQVUPVYR,Danish Alliance,8000029,620070,98,30
98,#V89GP00,Dansk Banditter,8000004,619787,99,30
99,#2PUUPCU9J,SpetskiJetski,8000039,617055,100,29
100,#CUQQLJ0V,ice cube,8000057,615715,101,30
101,#2G8CCQ2QU,danish dumpap,8000059,610159,102,30
102,#2PGG2J8P9,dreamteam,8000022,609079,103,30
103,#PJL80VY2,the pickels,8000014,601250,104,30
104,#29YQCRCCL,DK-DRENGENE,8000059,597269,105,30
105,#2YL2RYY9G,Team rocket,8000011,596484,106,30
106,#2GRJP80YJ,wennicks,8000015,594173,107,29
107,#29YVCPVG0,Die windeln,8000031,588712,108,27
108,#2GPQ8RJUL,SHABABS,8000037,588680,109,30
109,#2JV9P99QC,siuuuuuuu,8000007,586803,110,30
110,#2G90PYC0G,VRX,8000039,585559,111,30
111,#2CGVQQPCY,Wzburzeni,8000059,583833,112,30
112,#29LY088VQ,FARLIGE drenge,8000022,575798,113,30
113,#2CYPLJ9Y,Danmark,8000013,573575,114,30
114,#29YG80U0L,de muskuløse,8000021,571170,115,28
115,#LR0QL082,DK Drenene 321,8000046,570163,116,29
116,#2C8VGCVY2,Team Dominators,8000023,564864,117,30
117,#2RL0U92L2,De gamle damer,8000057,564269,118,30
118,#V9PQJPJY,GOSPODARI -_-,8000018,561569,119,30
119,#QR92GUVY,1+2=2,8000037,556578,120,30
120,#2YQLCVVRQ,MR | ONE PIECE,8000004,555793,121,18
121,#Y88GQCLU,andaemil,8000007,555361,122,30
122,#9UY8U2CY,Danmark,8000007,551532,123,30
123,#229RCR0VR,hej med dig,8000009,549479,124,29
124,#2JCPVU90Y,Emo club :D,8000004,548358,125,30
125,#29LUVCUU2,ExØtIc,8000030,548095,126,29
126,#90J8JYUV,KUS KUS INC,8000034,540316,127,29
127,#LCQQ8GP9,GOEster,8000059,540134,128,30
128,#2CY98VLJC,Club #2CY98VLJC,8000048,539710,129,29
129,#LJL2GPGR,Flækkerne,8000059,536687,130,30
130,#U0UL9CC,MOodyFoGgers,8000024,534267,131,21
131,#2R0LJVVLL,The primo gang,8000057,528656,132,30
132,#GGRP8GLU,shufiseret,8000037,526489,133,30
133,#2GGCR80Q8,denmark,8000051,525806,134,29
134,#2GJRRGYR0,Maulwurf denni,8000013,521627,135,30
135,#2G8UGQ0RG,Destruction,8000049,520768,136,30
136,#2PRVGJGJR,cheese,8000029,520327,137,30
137,#GJURY9C,Brawl Lords,8000049,519806,138,24
138,#L9Q980C8,Amba Boyz,8000004,518240,139,30
139,#2VRU8U00,Superheroes Inc,8000029,518080,140,30
140,#CQ0V8GGP,de tre amigos,8000019,517038,141,25
141,#2QR2JPQJ8,7.y,8000008,516858,142,30
142,#V9CL8JV,Slaughter House,8000022,516014,143,27
143,#2LV8QQ99,SUPER AND 5000,8000029,512191,144,27
144,#2QYV80UJY,cllllub,8000029,508742,145,30
145,#28CQRQPJ9,The Temo group,8000051,499639,146,30
146,#2QRCQYRVJ,zanzi,8000037,494895,147,30
147,#QRVP0GJ8,Kineser rap,8000005,493917,148,28
148,#2QVJJ90VP,danish kings,8000037,492292,149,27
149,#VVJC8YJ,fladfisk,8000013,487048,150,30
150,#2R8JG0PUU,iluminani,8000039,485935,151,21
151,#29Y2L2U92,a family,8000037,475595,152,30
152,#2GPPG0CCL,los panillas,8000037,469628,153,30
153,#2JPLGR20U,E CLUB,8000043,466371,154,30
154,#2YQUCY8GL,Marsters,8000003,465005,155,30
155,#28LJLQ2JR,Unbreakables,8000016,461294,156,30
156,#2JQY8UYL0,fissemagneterne,8000007,460402,157,29
157,#2CQ2VL9GV,die sucht,8000054,459570,158,30
158,#2CRV09J2R,escph. ltd,8000008,457517,159,30
159,#29R99CQPY,The Stars🌟🌟🌟,8000038,457176,160,30
160,#G82U80G,The League,8000029,454215,161,30
161,#2G08JQPJQ,⚡️BRAWL GODZ⚡️,8000019,453684,162,29
162,#2GYQVP8GL,gitterne,8000036,452819,163,28
163,#29L8J088V,СНГ THEAM,8000027,450140,164,30
164,#2CQPC808R,dk gods,8000026,448911,165,29
165,#2J0QU22CC,jegerdum1999,8000055,447382,166,30
166,#2QCVRRVG8,SpoungeBob,8000027,447273,167,28
167,#228UG0R9Q,ДИКИЙ ТУБЗИК,8000034,446993,168,28
168,#2CL0RVQVU,bing bong,8000035,443678,169,30
169,#28PYUL9L2,PØLSEMIX,8000037,442839,170,30
170,#8GLC290U,drengerøvene,8000029,435981,171,28
171,#2J9299QUY,Friggi wiggi,8000010,431233,172,30
172,#2QPJVJL9Q,buller,8000037,430179,173,30
173,#22GRPGGJL,BRUH😑,8000002,427448,174,30
174,#29PJULJ82,Flames(:,8000037,427090,175,25
175,#2CQR0GCV9,Tusem Essen E1,8000036,426849,176,30
176,#2R9U88URG,420,8000028,426443,177,30
177,#29QY9GPGP,Gisp,8000057,426042,178,30
178,#2CQJ8ULU,kun Danskerne,8000023,423971,179,20
179,#PJYLU09P,de seje,8000029,422047,180,28
180,#2CJJ8L229,danish empire,8000023,421767,181,30
181,#QGR9CQPU,Brawl Brawl 2.0,8000052,419710,182,30
182,#Q89V8G9,Dk's drengerøve,8000002,418105,183,26
183,#JV9YULU9,Danish clan,8000019,416673,184,27
184,#9L22CLUP,the stars,8000019,415363,185,30
185,#2G8YQJPGJ,Supreme,8000048,413479,186,30
186,#LLC80QGV,Absalon,8000019,412913,187,29
187,#QGVQJRV9,Best Club,8000057,412333,188,23
188,#2RGJQJ2Q9,ggkeie,8000013,410491,189,26
189,#2CQ0Y8JLU,pros | deadly,8000004,410200,190,19
190,#20GR9G2R2,Leage Pros,8000023,409108,191,30
191,#2C8JJQGR9,Riders of RS,8000007,408360,192,17
192,#29JRLY2GL,agurkesalat,8000045,405318,193,26
193,#QGL8LUVQ,Number 1 Club,8000041,404424,194,30
194,#2L9V9C8PU,ChampDEN,8000058,401365,195,28
195,#Q2JYV9C,Yemen,8000023,400957,196,29
196,#QQVG2U29,Fearless,8000030,400825,197,30
197,#2LL0QQR8U,Albert og Anton,8000007,400178,198,30
198,#29Q92JY2V,checken wings,8000012,399569,199,30
199,#8GPR8PGJ,danskerer,8000029,399055,200,30
