,tag,name,badgeId,trophies,rank,memberCount
0,#U2LYR8PJ,💗KANKALAR💗,8000023,1013752,1,2
1,#GP0JGVV2,TORNADO,8000005,1013146,2,1
2,#2YGPCJP2J,massacreure,8000004,749624,3,30
3,#2CGYC00GR,bloody squad🥱,8000035,737293,4,29
4,#22G2RRL0C,X_ØFF,8000007,692600,5,26
5,#29CPCVG9P,么🌿|BS|Family🔥,8000019,668354,6,30
6,#PLVJ92CR,tek OFFICIAL TM,8000018,667690,7,30
7,#2RRV0LRUV,ONEBOBA 27,8000053,630545,8,30
8,#C0G00GG8,КЧАУУ,8000011,594818,9,30
9,#Y9URGJLJ,Бро 👆😈,8000006,550437,10,21
10,#J8VL9UGY,fidanzati,8000008,527800,11,29
11,#29GQY0CUU,🇵🇱Polska🇵🇱,8000037,523444,12,30
12,#2CC9QP9RU,Party,8000006,494732,13,30
13,#2JVYJ9RUU,Maquiyt,8000044,492409,14,21
14,#2GPP2U22U,SB_LEGACY,8000023,487089,15,30
15,#29CVP9R92,Masha teams,8000037,483741,16,30
16,#2G9C8L2GJ,CYBERSPORT TRIT,8000056,478881,17,21
17,#2Q9UR9RUG,VIP MUSE,8000029,464042,18,30
18,#29C8CQJUC,End,8000037,458910,19,25
19,#2GR80UPYJ,🥥COCONOUT🥥,8000009,458299,20,24
20,#29R99RJLC,עם ישראל חי 🇮,8000055,446535,21,30
21,#YYVL8JRQ,DOMINICAN,8000049,442303,22,30
22,#L9URYUGV,🇺🇦Україна🇺🇦,8000021,437528,23,29
23,#2CGRJG8VC,BABALAR,8000023,398554,24,29
24,#2CPPLQL08,STALÓWKA GOATS,8000045,386100,25,30
25,#Y222PRJY,전윤호 와 임준우,8000000,382673,26,30
26,#VQUJJ2VU,Leon,8000029,372781,27,17
27,#2C29V8U9R,lolman,8000049,369319,28,30
28,#2P8LVL08U,DRK,8000010,366266,29,24
29,#QQ8LLRRJ,ligas de clubs,8000007,355425,30,30
30,#UCPC2JVQ,Ярослав топ,8000023,354972,31,25
31,#2GPJR22PL,8Б,8000004,352734,32,30
32,#2YGCGCYUP,🇦🇿TÜRKLER🇦🇿,8000027,336775,33,23
33,#2L80JJQQ,Mexicanos,8000029,319336,34,15
34,#2GYV20JV0,GGEOY,8000029,311983,35,30
35,#2GJC0GJGV,YAMAHA GRIZZLY,8000036,302629,36,22
36,#2J99UUVYJ,O<c0>ne</c>,8000059,292974,37,25
37,#2YY928LJG,БСД,8000044,289637,38,29
38,#V9R2R2CG,los mejores,8000007,286893,39,22
39,#20YJPQL8Q,the dominicans,8000020,284131,40,30
40,#2CRGGCUUL,CHÁBRI (Jozo),8000056,283352,41,20
41,#29YPQPGQ2,DS corporation,8000005,281393,42,20
42,#C2JYLLLG,2A,8000007,263702,43,20
43,#2YQLVJUYJ,Der Nita,8000023,261391,44,30
44,#29JPUPJY0,топы пвп,8000027,261310,45,19
45,#R00UYJJP,брат сёма,8000059,260888,46,28
46,#VVRQ2LCQ,TEAM_RELÁMPAGO,8000003,253578,47,30
47,#2G98LJQCQ,ברול סטאר,8000012,251706,48,30
48,#2CJPRC8RR,0ZhidaTeli,8000059,251320,49,16
49,#UVP9QJQ9,INFERIO SQHAD,8000029,244946,50,24
50,#LP2GJCR,фигоеденороги,8000047,241562,51,24
51,#QL0URQRP,the primo,8000042,238836,52,30
52,#2G9QUVR8R,Тучки,8000047,238828,53,13
53,#2R0L0LV08,лютые побло,8000047,227804,54,13
54,#2CPYYPV09,România fantomă,8000035,226364,55,30
55,#2LYY9QP2U,MONTE GANG,8000053,224517,56,17
56,#288CVGGPV,neymar,8000019,218757,57,26
57,#PGQR0PYV,СЛПШКИ💕,8000029,217519,58,26
58,#2JUJ0V9CQ,Sakatlar,8000059,213492,59,20
59,#22QUCLVYL,YT [пельмень],8000010,209445,60,21
60,#L2YL8UGR,а!,8000007,206053,61,30
61,#22PQGRQ0V,Tilo,8000026,202625,62,28
62,#CL9JJ9LP,Manavpınarı,8000015,201651,63,30
63,#29RC09YUU,😏😏😏,8000029,201412,64,30
64,#2G8CL2PVU,😎MOLAMOS😎,8000059,197314,65,30
65,#28V9V0GPQ,-kaol-,8000000,195759,66,28
66,#2PRRUUVC0,ziomki mega,8000043,193338,67,24
67,#2R8GJ9U22,Serany,8000057,193191,68,16
68,#L0UV9GRP,HIYAR,8000051,191389,69,22
69,#98G9G02Q,LUMPERI,8000034,185438,70,16
70,#28GYLUJ0R,『🧐lo fino🍷』,8000035,179718,71,30
71,#VV02900G,TIM MAMALONA KU,8000004,179235,72,30
72,#P8Y922J9,新的荒野乱斗世界,8000037,177898,73,30
73,#29CCYRRGY,os pro humilde,8000001,176449,74,22
74,#2CJJG9PJ2,УЛЬТРА КЛУБ🇺🇦,8000059,174810,75,21
75,#JPJ0R8YV,Вольт Pro,8000003,173906,76,29
76,#URV2J8C2,la pandilla pro,8000004,172306,77,28
77,#YV8RCV98,Team night 💫🤟,8000033,170606,78,15
78,#2YQQCLP2,team taco,8000025,168421,79,8
79,#UY2V8UR,Tecnologic,8000017,168201,80,25
80,#29YQRG9JR,ДУЛЯ,8000033,167220,81,30
81,#2JPJ09JGG,перд,8000023,166550,82,26
82,#Q8PRUQ28,志段味中学校🏀,8000039,161072,83,9
83,#CJ2LYLCU,maria123,8000003,159810,84,29
84,#22RJ2220C,Edgar's Club,8000043,159678,85,26
85,#9V0RQUJQ,pluyer pollos,8000035,158497,86,16
86,#2QYP8RYLU,Прошлое позади,8000004,158320,87,30
87,#8JRVJ0VL,Antonio,8000051,157871,88,12
88,#28JQ8QU0R,MD TOP,8000004,157846,89,18
89,#22GQ2CPLR,ЗАБИВ,8000004,157728,90,29
90,#2QC9U0JVY,loseroes,8000033,156296,91,28
91,#LYYL0JG8,31,8000035,156073,92,17
92,#2R00QPJRC,9/A,8000019,155806,93,27
93,#8L2CPL2,+15 sevgili,8000022,154549,94,30
94,#8P9PL28Q,сепер хеда,8000025,154348,95,26
95,#292PVP082,Бравл клуб BMW,8000058,152597,96,15
96,#2YPVVVY9Q,2A,8000007,152155,97,21
97,#2P898GQUL,🚻ор,8000057,151709,98,30
98,#RVPVYYRG,detri2.0,8000003,151290,99,30
99,#JVGYYLL2,מלכי העולם,8000029,151086,100,30
100,#288PPJL0Q,бобры топ,8000039,150231,101,12
101,#2J2J8UYGP,сдындоверы,8000023,150002,102,30
102,#LL9Y0J0Y,solo insanos,8000036,149710,103,30
103,#CR28CJV9,новинка2020,8000019,149307,104,10
104,#28PYQP2CY,Floppa,8000018,149205,105,20
105,#YC2JCQ2Q,я всегда один,8000007,149059,106,28
106,#29QVYC8CG,Моя мечта 40к,8000015,148699,107,25
107,#LGRYGCUL,Spike bro Army,8000013,148289,108,26
108,#Q0UUCU8U,RPDF,8000007,148272,109,24
109,#28PPRC8J2,ТТ|qlsvovan💞,8000029,148176,110,26
110,#22J9VLRLV,👮АМОН👮,8000002,146730,111,11
111,#2RR8RC2YQ,пмо,8000055,146650,112,30
112,#UYPJC0V8,los OTAKUS,8000018,146221,113,28
113,#LGR8CP2L,magic2A,8000008,144933,114,28
114,#2JV82JUJP,чупа чупа🔪,8000047,144327,115,30
115,#2L2L2U9JY,гот тигров,8000021,143943,116,9
116,#2P82PL02Q,angel los pro,8000004,142968,117,30
117,#QR2CR0PC,всех убьём,8000037,142036,118,28
118,#2GRCL0J2J,123ABCDE,8000012,141730,119,30
119,#290UPVQ2R,Ильяс Калнур,8000009,141650,120,29
120,#2P298J8Y8,брн,8000018,141534,121,29
121,#2JVQ88P09,0095mo33,8000044,139686,122,29
122,#29PYY99G2,Legendario,8000008,139646,123,30
123,#2QGYGJGLJ,Awesome Team,8000026,139519,124,7
124,#29GVLLPGP,сулиданя,8000057,138893,125,14
125,#2YQU28CLR,банданасы,8000017,138721,126,11
126,#QQP908C2,ЛО ло,8000004,138150,127,24
127,#228UP9CUP,האחים 11,8000001,136399,128,23
128,#2G2YVJRRJ,штда,8000059,136027,129,30
129,#UUGLGLLP,KUZEN ABİŞLERİM,8000019,135951,130,29
130,#2P8YUCYUY,Про бойцы,8000009,135796,131,28
131,#QJ2VQ2CQ,DemonStar,8000029,135641,132,26
132,#9JJYUVLV,mor şimşek,8000015,135596,133,26
133,#VC9QUP20,EJDER_TÜRKDOĞAN,8000023,135083,134,20
134,#29R2QJCLQ,ה'2,8000013,134846,135,14
135,#2JQCGGJVR,бигимот,8000043,134716,136,11
136,#229UUYUVG,Мы любим маму,8000004,134524,137,27
137,#2G8VC2CYJ,рома красавчик,8000037,133983,138,20
138,#CC8C0RRP,(ПОТ)ПУПОЗЗИ,8000029,133434,139,27
139,#2Q8P0C9YL,Фуфукака,8000057,132462,140,25
140,#2CJCQGLC9,안양동 정신병원,8000007,132184,141,12
141,#22LUPLJYJ,meq meqing,8000017,131844,142,27
142,#RCRCCJU2,про про мы,8000007,131353,143,14
143,#2PYR8C9JC,друзья,8000059,129857,144,7
144,#G9LYLJVU,евген про и ма,8000029,129674,145,23
145,#L0L0P9JC,тапки тв,8000007,129609,146,26
146,#28GP22GC2,alejandrocarlos,8000007,129497,147,30
147,#2PYL2099Y,Меткі Снайпери,8000029,129173,148,17
148,#2GP20C0PC,FUTBOL SEVERLER,8000049,128462,149,8
149,#209P0UCVV,Jensen the,8000006,128447,150,29
150,#28J28PL80,™tv2.0,8000039,128414,151,30
151,#28CJVUYV,JJB,8000029,127831,152,30
152,#G82QCYRC,հայերով🇦🇲🇦🇲,8000029,127469,153,29
153,#2Q9JV8VP,a few Dark tr,8000023,127161,154,30
154,#28CYLQ0RP,UYMAZ,8000024,126497,155,26
155,#VYJ9GCP9,ㄱㄱ고,8000003,125923,156,30
156,#29V2GVRCV,топ 1,8000029,124791,157,30
157,#2YJRQCQGR,koka kola,8000013,122981,158,29
158,#2J8VGJRJP,The Queens✨🖤,8000006,122503,159,30
159,#28GLQQ0L0,Топеры💪😎,8000033,122359,160,19
160,#2QQL8G882,Clutch_Gaming,8000006,122242,161,11
161,#LQQPRRCY,LOS DOMI,8000037,122151,162,24
162,#28GR008UP,•GG Mech•,8000043,121717,163,15
163,#2QPUUPPLG,МЕССІ,8000058,121602,164,29
164,#2GJ8GVUVP,Allah😍😍,8000009,121587,165,21
165,#20UYP8CC2,kral lar,8000018,121485,166,28
166,#YJQ2VYVJ,areare,8000035,121003,167,30
167,#VUGR8C82,TEAM_TF,8000029,120419,168,30
168,#29UC8LRJC,iPad芭樂乾,8000039,120322,169,14
169,#2GYPQU09V,5747373,8000054,119190,170,24
170,#2R8GRP9Y0,СПИДРАНЕРЫ,8000050,118224,171,29
171,#CYPQGUQU,enes06,8000029,117553,172,29
172,#PU8RU2QP,yourclub,8000014,116148,173,27
173,#2JPVRGYGU,LOS BRAWL PRO,8000039,115280,174,21
174,#2QYC8LVY0,THE DEVIL FACE,8000004,115176,175,14
175,#8UVR08CR,swat,8000036,114555,176,11
176,#2RU280GLU,NiKe❤️🤙,8000025,114153,177,11
177,#2RCCUCC20,алкашарики хей,8000056,113785,178,12
178,#VQRRGPRU,LOTUS TEAM,8000035,113435,179,26
179,#2YQPQGP0C,яой,8000039,113207,180,26
180,#2Q8LQV00L,°NUBI°,8000049,112844,181,7
181,#JJRC9CG9,супер ёжик,8000022,111880,182,25
182,#8JJUYUYL,spago 07,8000004,111575,183,30
183,#2Q8PYUVU0,АНТИ ШКОЛА.,8000037,111130,184,6
184,#28URQ9PRU,UWU,8000056,110960,185,12
185,#2C9PQG2YQ,SŞ|AnzK~🖤,8000023,110136,186,8
186,#2RQY0CRJG,макака,8000009,109957,187,11
187,#2JPVG2JVV,ストーンフリー,8000022,109854,188,5
188,#9YV8G8R0,Rampage,8000016,109182,189,26
189,#2GYV8RJ8Y,мини игры,8000037,108930,190,27
190,#9R28JRY9,22,8000007,107992,191,29
191,#LG9VL0PG,papada blandita,8000012,107786,192,30
192,#29VQ9GLCG,hello vrienden,8000001,107770,193,30
193,#U00280JY,БАРСУК223,8000012,106816,194,19
194,#2GJ9LPC9J,KIM LOX,8000025,106624,195,8
195,#2GLUYVLVC,таксон максон,8000043,106489,196,27
196,#2PCC22LYY,Gameover01,8000059,106303,197,28
197,#2C2GCPJ0U,kutup yıldızı,8000023,106269,198,30
198,#2QGUL80PP,лгбт запрещено,8000032,105733,199,4
199,#20QC0UY9V,Фсбка,8000005,105663,200,30
