,tag,name,badgeId,trophies,rank,memberCount
0,#2JVJYGQJU,Hell Imperium,8000027,1495484,1,29
1,#CYQ8Y99R,EstonianBadgers,8000021,1357774,2,30
2,#2GJCLULYG,Mystic,8000006,1235508,3,30
3,#2PGPUYG2P,RPG Royals,8000025,1176164,4,30
4,#2CRY9QGJ2,SKELETON|TEAM☠️,8000000,1158900,5,28
5,#2RURUCLLU,Dangerous Club,8000029,1103658,6,28
6,#2J00PP280,Estonian Kings,8000021,1043444,7,25
7,#2C92QYGVY,King’s Legacy,8000029,1042615,8,29
8,#YQ2V0LJ0,Estonia,8000037,1023609,9,30
9,#2GPPPVY89,Dark Smile |DS|,8000055,1016005,10,28
10,#2C9JYR0PP,DragonZ🐲,8000000,987795,11,30
11,#2CRCJYVGJ,Legacy kings,8000029,954993,12,30
12,#20P8GRPYP,YTюберы и ТТ,8000058,952010,13,30
13,#29J982VCC,Hell Imperium 2,8000023,944798,14,29
14,#9JLGQJJP,Eesti poisid,8000002,935386,15,29
15,#JL98C9JJ,Välgud,8000019,928491,16,30
16,#P89J9C2,Tallinn,8000030,886617,17,30
17,#YPUP2R92,KinG and QueeN,8000023,861638,18,30
18,#CVJRV9LL,המלכים,8000023,857902,19,30
19,#29CVRVRCL,Titanium,8000023,853870,20,30
20,#2G8Y9ULVC,les 4 maîtres,8000023,850655,21,30
21,#LUCPUPJ0,Shadow lords,8000057,840728,22,30
22,#2QVPPVRYC,⚔️VALHALLA⚔️,8000003,836776,23,30
23,#QQVGGLCG,Estonian Lords,8000037,819274,24,30
24,#29LP0V8V2,Est|Legends,8000037,803409,25,30
25,#2QQL2P,Hellad Velled,8000057,787617,26,30
26,#2LGYQ0U0R,Dungeon,8000025,779543,27,30
27,#2J8U299R0,estonian club,8000029,779428,28,30
28,#2CQPRLQ0V,EstonianLegends,8000027,762693,29,27
29,#CU8LGQY9,Only the strong,8000055,761089,30,30
30,#2JYL992QR,Fans tutifruti,8000019,760671,31,30
31,#2CL0YJ2VU,One Above All,8000021,750186,32,29
32,#2LJ8GJP0L,🐺Жорик🐺,8000002,749067,33,30
33,#9CGVCJQ2,Saber Gaming,8000023,737555,34,30
34,#2CYU20URR,kfc people,8000025,727508,35,30
35,#29J9LGRLG,Respower,8000010,727431,36,30
36,#290YGJC2L,Upa söörikud,8000033,723074,37,30
37,#2GGUYLUUJ,Estonia,8000052,710760,38,29
38,#29R0VQQ8Q,no mercy,8000034,710269,39,26
39,#2JYU08LPG,Elite,8000000,707758,40,30
40,#U2U0GRCJ,eesti veri,8000030,700407,41,30
41,#2Y0UQCVVC,Эстония,8000015,691082,42,30
42,#2LQLUPVQU,Pro Pere,8000036,688891,43,29
43,#290PUG9YP,sussi segajad,8000039,679158,44,27
44,#2CC0P2QG2,RE<c5>UNION</c>,8000052,676452,45,30
45,#G022U2UC,Estonia Allianz,8000021,669698,46,30
46,#Q8UYR8YY,Frosty Team🥶,8000004,664554,47,30
47,#2R8YUGG0Y,CANIJEROS,8000049,653971,48,28
48,#22YQ0LJPP,võitjad,8000057,644250,49,30
49,#2LUL992UR,Andromeeda,8000050,640484,50,29
50,#298VY8292,HUSKY FANS,8000019,633410,51,28
51,#ULJ8PJ99,RusEst,8000004,627659,52,30
52,#2GVUGJ80R,Estonia Lite,8000021,627609,53,22
53,#UJC0C2PV,Mini Crox's,8000013,624558,54,30
54,#2LG8GPJPG,Eesti klubi,8000029,620975,55,30
55,#2RGC9UP0Y,GYM,8000035,615195,56,30
56,#2Q089C9QQ,ПАНДОРА,8000029,613402,57,30
57,#CRLCYPU,Nova Estonia,8000052,604910,58,30
58,#2YLQRC0GL,качельки,8000033,604397,59,30
59,#LP8U8JQR,LFODHY GO,8000059,601643,60,30
60,#2GYCP9Y0,UssUd,8000001,598829,61,30
61,#2QPU2QV08,Cryo Blade,8000033,598242,62,30
62,#J0RC92C2,Haagen-Dazs,8000029,591504,63,30
63,#R0QLQR8P,Pro tiim,8000028,587223,64,30
64,#LQG8LR02,eesti,8000029,578746,65,30
65,#2CYRJGQUP,stu FD,8000037,577210,66,30
66,#2LLGQYUYG,ВнатуреНарва,8000057,572572,67,30
67,#2P0GUGYUV,Valga inimes3d,8000011,568338,68,30
68,#2YU2J2VLY,T0SS1CI,8000010,564264,69,19
69,#CLL2Q0U9,NARVASITY,8000029,563144,70,27
70,#280R8RGGU,Aesthetic Life,8000019,561772,71,29
71,#QLQ08GQQ,VIP,8000023,561299,72,30
72,#2CR9PRJY8,𝔖𝔢𝔯𝔦𝔞𝔩,8000039,555501,73,30
73,#22Y9J09VQ,EST Kalurid,8000019,549387,74,30
74,#YLYG0JRV,Eesti Kaselaane,8000029,546596,75,28
75,#QRJLRJR,сахар,8000037,535332,76,26
76,#2G9R98L99,Estland,8000056,532217,77,26
77,#2C9202JRP,eesti mehed,8000021,530616,78,29
78,#2GPYY9RYU,🇪🇪l Love,8000033,527419,79,30
79,#Q0Y2P9U,СЕЛЕКЛУБ,8000008,517009,80,30
80,#8RJVPC02,Eesti,8000053,513016,81,30
81,#GRP8VR2,TALLINN,8000024,508235,82,30
82,#2CR2JQPUL,나는야,8000034,502621,83,27
83,#29QLYQP90,TIMO ON PAKS,8000059,501783,84,30
84,#2JVUU2GU0,<c4>KMK</c>,8000027,495243,85,15
85,#2G2Q0V0L2,EstonianFam,8000000,494296,86,30
86,#2LLRGRUGJ,VKGteam,8000005,492045,87,30
87,#29RRPPG9L,Natural club,8000013,490043,88,29
88,#QY22UL9Q,bmw power,8000013,486151,89,30
89,#2R0C022QP,Eesti,8000029,485839,90,30
90,#R0CV8P0,НАРВА,8000029,482486,91,21
91,#9CJ2LGJ2,Polskie Dodzo,8000000,481763,92,3
92,#2JLJ2UJQG,Гей пати,8000025,480464,93,26
93,#2QV0QG2LL,UA/Diamond,8000021,480308,94,30
94,#RG228JGG,eesti prod,8000004,479982,95,30
95,#2C2PQC989,BACKUP,8000023,476024,96,30
96,#88U99JP,Eestimaa,8000025,474275,97,30
97,#JYCRJU9U,ME FORTNITE,8000033,473368,98,30
98,#22GGCLPR9,кадака,8000041,468547,99,29
99,#29QVL002L,Champs🔥,8000034,465789,100,30
100,#2CPQRCQJR,КомандаДейонга,8000029,465130,101,26
101,#29P09R8YU,Улей,8000049,462687,102,28
102,#2PLVGUR8U,PocoLoco🇪🇪,8000009,459755,103,30
103,#2GPL2G8GY,jwg.juudid,8000029,459711,104,27
104,#2CRG0C2C2,ручка паркер,8000048,454883,105,30
105,#LYPUR8RQ,juustukuningad,8000013,453634,106,30
106,#Q2CUGRL8,My ID,8000023,453102,107,29
107,#QGVPQ29Q,Clemeti munad,8000049,452615,108,30
108,#2JL0PQRL2,Огромные болты,8000023,450530,109,26
109,#2P8PJ0PL2,kanabiz420,8000024,441970,110,30
110,#28U2Y0Y29,Ukraine 🇺🇦,8000027,440775,111,29
111,#202VRP002,Eesti❄️,8000057,437229,112,29
112,#2G09JVC00,kolokol,8000004,434458,113,22
113,#Q9QLUCYJ,Семейный подряд,8000034,432067,114,20
114,#2PC0Q22L0,THE U.S ARMY,8000047,430464,115,16
115,#2R28Y0LCQ,бубундуки,8000041,429174,116,30
116,#22P9L8G00,legendary oki 2,8000018,427344,117,29
117,#CC92L9V,YUIJHG JOÜMI,8000023,426881,118,30
118,#28GRGR8CV,MAARDU LM,8000009,421769,119,30
119,#QGYVLLR9,monkey+capybara,8000013,421365,120,25
120,#2G8JY099Q,фанаты холи,8000034,420828,121,26
121,#29YC2C0VP,Армогедон,8000041,419343,122,30
122,#2JC2Q09U8,хихихиха,8000035,417897,123,30
123,#2RLVQVJ9G,Merkur Junior,8000049,416594,124,30
124,#2QVQYQGU8,Сборище Slaves,8000023,414767,125,29
125,#2CLJ2CVLQ,Diamond Flames,8000059,410178,126,30
126,#2JPRULJQQ,Ghost,8000057,409912,127,30
127,#2G20P0Q9P,🐸лягушки🐸,8000047,406357,128,30
128,#Q9R2RQ2L,Flamy Flashez⚡️,8000036,405660,129,21
129,#2G9J9YQQQ,КЛУБ няшек,8000010,403230,130,30
130,#2L9UULJ28,Lluçwer,8000010,398524,131,30
131,#2JP09JCPP,3 hundred bucks,8000055,398364,132,30
132,#UQVQVRPR,AMONG US!,8000048,397361,133,30
133,#QGR8U8QY,Братва 6Л,8000001,396690,134,27
134,#2J8J2RU0G,HARD DARK,8000037,396410,135,30
135,#2P9ULJ8UY,Estonia’n Rush,8000033,395588,136,25
136,#8GVVJ9LG,Eesti Pataljon,8000029,394129,137,30
137,#V2J8829G,Mystery cats,8000007,392727,138,25
138,#28Q9RPG8Y,КРБЕРСПОРТЫ😎,8000023,392524,139,28
139,#208YRYLGP,<Feel free>,8000006,391208,140,30
140,#2JG9P0JR8,КАПИБАРЫ ТОП🐹,8000047,390080,141,30
141,#28CU8C8Y0,lappa kotte,8000033,389981,142,30
142,#YVR0RCRP,IdaVirumaa,8000005,388681,143,30
143,#29LCYYVJU,~ 🧼🌟~,8000018,387391,144,1
144,#RRURL9U8,vinku,8000037,386857,145,30
145,#298RUULP8,The Champions,8000037,384566,146,30
146,#2CGGG2U8P,RONZO on TOP,8000025,384523,147,30
147,#Y0C0G8CJ,rd7,8000002,382510,148,30
148,#2RCUVRCJR,Pro Kana,8000057,381788,149,30
149,#G99YUJ0R,Кактусы:3,8000013,380938,150,22
150,#2LGGR098G,underdeskia,8000005,375387,151,24
151,#2R0U9V2VL,PHYSTECH,8000050,375190,152,23
152,#90UPCUUL,Nemoвцы,8000039,374933,153,28
153,#U28G00JG,Eesti Brawlerid,8000017,374311,154,26
154,#CP022UJP,Eesti kaktused,8000013,374093,155,27
155,#Y8P8YCLJ,FC TALLINN 2008,8000003,373500,156,28
156,#2CG0VGY8L,Volcano Carry🌋,8000056,372720,157,12
157,#2R9LCYRL2,GG Brian,8000055,372652,158,26
158,#Y2URLR0R,lege pro tiim,8000029,372213,159,30
159,#20YRQ9YRG,Nohikud,8000029,371506,160,29
160,#2JPV20GG0,BEBRA SQAD,8000023,371496,161,30
161,#2GPLJP902,FELS,8000041,370190,162,25
162,#2C8GQ2J9J,The ulku kool,8000031,369247,163,30
163,#2R8J9V9QJ,камыш топ,8000035,368761,164,29
164,#2CJQV0QVP,kunksmoor,8000008,368725,165,30
165,#2QQQUV0JL,moneypler,8000021,366435,166,29
166,#8G09QGVY,AmbiciiTirana,8000025,365689,167,30
167,#2C8LYRLLU,NUBAXTEMANGE 🙈,8000015,365423,168,29
168,#29U2P20UY,husam90,8000003,365391,169,18
169,#2QUGC8JVG,META STU,8000021,364919,170,27
170,#JU8GL0GJ,Eesti võim,8000029,362896,171,30
171,#28GQJYPU0,Эндер Банда,8000039,361845,172,30
172,#PG8R22YG,Mortis rules2.0,8000038,360835,173,30
173,#2202CJ9RV,pro Eesti,8000004,359276,174,30
174,#9UG8CQ80,Tallinn,8000004,359139,175,27
175,#P9GLVUG0,☆STALKER☆,8000037,358284,176,24
176,#VVCYGQYP,pisja,8000039,357114,177,21
177,#2QYC8QC2C,EE PROVOCATION,8000004,356768,178,18
178,#CJ2UUCQP,oi tainas,8000013,356411,179,17
179,#22YJGU0QR,EESTI,8000001,355725,180,30
180,#2QJ0JG88L,ggl,8000029,354913,181,21
181,#2LQVRUJ2L,SquadLSV,8000037,354677,182,17
182,#QCRP2Y2G,ahvi poiss,8000017,352020,183,29
183,#2R0C9JGQ9,vertex,8000044,351784,184,17
184,#QCPPRPJR,Original_Pidors,8000010,348057,185,29
185,#2CRV0R,Eesti,8000029,347722,186,22
186,#2J2Y0YPVC,Botsq,8000000,346855,187,15
187,#2G8R0YQV9,ST Skill In Max,8000007,344870,188,13
188,#JYVJYRYQ,NOVA ESTONIA,8000047,342682,189,27
189,#2YUCRPGL2,pro plajers,8000037,342263,190,29
190,#2JVPJGGVJ,Real club,8000037,341001,191,30
191,#29G92YJJL,Eesti,8000012,339152,192,29
192,#2C822CRYQ,lets do it,8000037,335957,193,22
193,#2RP29R29J,Эстония🇪🇪,8000021,334928,194,26
194,#9G90RRJL,Allstars,8000018,334600,195,26
195,#2PLPVPYR8,Eesti higijad,8000025,334186,196,29
196,#JJP28GG9,EN İYİ KANKALAR,8000023,333505,197,5
197,#VPY2Y80Q,*FluffyUnicorn*,8000021,331426,198,13
198,#VLVP29Q9,MNGL,8000000,331157,199,30
199,#2Y9QYRLYG,Pro,8000036,330965,200,15
