,tag,name,badgeId,trophies,rank,memberCount
0,#2QG2CV9YV,Edelweiss🐙,8000021,3696531,1,1
1,#9R0QPCRL,新蜂蜜中出檸檬,8000029,1337979,2,30
2,#2LPGCVJL9,Night Lovel,8000059,1169293,3,10
3,#9PQ2QU9L,SQUAD OF FRIEND,8000008,1083158,4,30
4,#2RU09282R,吃蝸群眾,8000057,927963,5,30
5,#28RQU82V9,meuf belle,8000004,849571,6,28
6,#2CG9Y2LPV,A5ランクのトン,8000047,809732,7,30
7,#2R2G0VCRQ,Escuadron Gamer,8000052,792347,8,30
8,#20J2LLJLR,Mugiwara,8000004,728392,9,30
9,#2Y99VCGYR,MIKU SUPREMACY,8000002,726410,10,29
10,#LU8JJ29,THE FORS3TR,8000009,471994,11,26
11,#2GGQP9VRJ,Mystic TYLERS,8000002,450665,12,30
12,#29QP09G0V,hyra on fire,8000010,415195,13,26
13,#VL8RLUPQ,⚔️ＭＯＴＲＡＳ⚔️,8000045,403808,14,30
14,#2JJJGCVQJ,MurciaCity🇪🇸,8000050,391591,15,26
15,#28LRUC2PU,D.T.B,8000035,387787,16,24
16,#CLQU8PV2,<c2>NAPİM😎</c>,8000025,381742,17,26
17,#VJU9PRCP,프나펑,8000035,371759,18,18
18,#2QVU0YG0C,탕수육,8000055,354899,19,30
19,#CYU88RLQ,ブロスタ愛好会U12U14,8000011,354844,20,18
20,#UY0UR80,AKT PANUCOS!,8000010,308724,21,29
21,#2C9U8UC2V,os etíopes,8000029,295891,22,28
22,#208VG29UP,ETHIOPIANS,8000023,290310,23,25
23,#CRJP89JJ,Team EQ,8000025,279723,24,30
24,#8U2Q2JQL,BikiniBotton,8000013,273109,25,20
25,#2R88GL2V,ETHIOPIANS,8000029,258951,26,14
26,#2RQJUPYJR,BİSMİLLAH,8000032,250670,27,15
27,#UPLVQGY,The Flash,8000029,247677,28,23
28,#2J2C89UU0,🎃MANGUST🎃,8000031,243227,29,17
29,#YV8V9CP,GEN X,8000007,242706,30,28
30,#2C8CY002L,drippy bois,8000052,241286,31,30
31,#V9GJQV8U,ET SQUALI,8000005,238895,32,30
32,#2RJVYP2UJ,크로우의단검,8000058,238855,33,30
33,#22VQCJJC0,hello1234,8000018,235376,34,29
34,#2QLGGJVQY,שכבת ז👳🏿‍♂️,8000027,230272,35,13
35,#QGP2RYVC,CİPSOOO,8000018,229857,36,30
36,#22JRU29QP,sebu,8000059,223591,37,30
37,#URUGJPRC,how,8000007,223077,38,22
38,#V9J2LQYP,The Ethopians,8000049,221342,39,21
39,#GQPL9G8J,про Масленицу,8000025,221270,40,28
40,#UGLUYPU,10000,8000029,221116,41,30
41,#9PC92LQ9,ethio wakanda,8000037,219271,42,16
42,#V9GG20JR,АБУ БАНДИТ,8000016,208950,43,23
43,#PLGYGC80,lol,8000018,208810,44,15
44,#2YRP20J29,Walkout🇧🇷,8000013,206801,45,29
45,#LP8202RQ,꧁☆TEAM~ ELITE꧁☆,8000041,196711,46,9
46,#209YLYV0R,is the open II,8000019,196331,47,26
47,#2PRVCCQG9,Friends,8000007,195191,48,30
48,#G02LCCGV,PROLAR,8000019,191432,49,25
49,#P8CVG2JY,RoG,8000023,191236,50,24
50,#PCJUU8U0,паа,8000029,188949,51,24
51,#2LRPV8QCC,pana,8000017,188365,52,27
52,#2QJVG0P82,QMISH,8000006,188062,53,30
53,#2QR2PYVCP,крутяши,8000005,187030,54,8
54,#29LPG0R99,the destroyers,8000029,182572,55,25
55,#Q80Y2P08,😈PRO PLAYES😈,8000037,181607,56,30
56,#2QU0YCLVG,Brawl Mustar,8000049,178182,57,6
57,#QJQV0CUG,Pro Bandoleros,8000018,176922,58,26
58,#2YQYLQQCC,Los ᵒᵗᵃᵏᵘˢ,8000007,176536,59,17
59,#P8JG9JR9,jota clube,8000005,175757,60,30
60,#2GC0VYQRQ,ФОКС-ОФФЛАЙН,8000041,175020,61,10
61,#2QV9J8PRP,ETHIOPIANS,8000049,173971,62,30
62,#2QVLLLLV9,Ariana4life,8000057,172141,63,9
63,#29PGPRLPJ,Падающая звезда,8000000,171573,64,23
64,#288VCY9JQ,👨‍🦲calvoooooo,8000000,170553,65,28
65,#CY8P8QGL,RITARGIAMMA,8000023,170272,66,16
66,#22P2GCVL2,дипсойды,8000043,169787,67,30
67,#2YGY92RL0,KFG,8000023,169239,68,15
68,#22CUJVRQG,Brawl,8000021,166597,69,27
69,#22PRCC8RJ,웅이네집2호,8000027,165664,70,17
70,#V98VGQ2V,antilopenmäuse,8000018,165108,71,25
71,#8GCLRV8,крутяки,8000005,164632,72,24
72,#20L2CLURP,kitriaaa,8000038,164487,73,30
73,#QJVU9L98,БСБ_СНС,8000009,162835,74,11
74,#GJ0Y92YQ,Dark palace,8000025,162650,75,30
75,#PLP2JPVJ,joabedev,8000008,161620,76,29
76,#2JV8P8LVP,vopzis bye💜,8000025,161314,77,25
77,#2GYJY22P8,레온의수리검,8000059,160295,78,25
78,#2Y98LVLV8,Boogie Woogie,8000006,158709,79,30
79,#RC9QL0Q9,Макс бро,8000004,153440,80,29
80,#2L9GJY2YC,опг сити,8000049,153240,81,26
81,#YJCQJPUC,玉米濃湯,8000007,152904,82,30
82,#YU09P998,Team Taquito,8000007,151202,83,26
83,#2L0C2G9YC,Shor_bogorodsky,8000037,151045,84,25
84,#JR0U9GVL,кабинет макса,8000015,149324,85,27
85,#U8CVQQVR,человечки,8000057,147382,86,21
86,#29GP8YLVC,Sigl Baule,8000005,146647,87,13
87,#URQ0QRVY,어딩,8000018,146229,88,26
88,#298G98PYU,"cross,sans",8000019,146138,89,30
89,#L8LY80R8,אריות חפציבה,8000012,145977,90,28
90,#2LU0UYVVL,[БАН] ОЛД,8000059,141204,91,30
91,#20RPC8P80,شله,8000002,140613,92,30
92,#8CRC9VC2,The M Diks,8000019,140581,93,30
93,#2LRV9J009,تعال تندعس,8000015,140120,94,26
94,#U2P8CRLU,верман,8000029,139998,95,27
95,#RRQVRLY2,Dynashot,8000022,139878,96,29
96,#2G0UP92L8,hi,8000011,139337,97,30
97,#V9LQQV2V,жорик 2020,8000057,139045,98,25
98,#2RUC0G2Q8,6В- timarakov🥶,8000035,138852,99,14
99,#2JJ2C80RJ,GFTH,8000035,138416,100,27
100,#GGY2UQU0,клуб трех очков,8000003,138377,101,13
101,#2PPYC22GP,Offline gang,8000021,138227,102,21
102,#CV9VPR0V,España CG,8000004,137716,103,30
103,#22U9YGJ99,batle royale,8000058,137246,104,30
104,#29QRYVP9V,Die trottels,8000001,136982,105,9
105,#28Q0P80CL,los panas fache,8000056,136258,106,16
106,#2CQLJU8VJ,criplings,8000000,135965,107,30
107,#U8PCQVJ,⚔️GreekKnights⚔,8000016,135818,108,27
108,#LJCQ0PQ9,슈퍼세이브,8000029,135681,109,28
109,#2022LU8QG,Братство Губы,8000035,134953,110,21
110,#20Y9QU8RU,LOS ASESINOS 2,8000004,134671,111,30
111,#2JGJ09JG0,мистеры абобы,8000010,134517,112,18
112,#29Q08U8GR,TİK TOK,8000007,134503,113,5
113,#LYP0PPQR,СлАдКиЕ ПуПсИкИ,8000023,132726,114,24
114,#9PP220L0,WOOD ZAID,8000019,132381,115,29
115,#2LLLQ8GPG,Vätkät,8000004,131194,116,18
116,#28YP9UPQR,АРМИЯ АЛЛАХА,8000017,130235,117,8
117,#22JLVLL2Y,Крыса булитос,8000017,129700,118,27
118,#22G2V9J2Q,🍔KRASTYkrab🍔,8000037,129567,119,9
119,#2RL9JYJR8,кто не курит 👿,8000048,128799,120,30
120,#2082LLJYC,Team fouteux,8000029,126787,121,25
121,#P2PQVYVQ,@1#2870₽,8000037,126729,122,29
122,#28RRYJUPJ,Zeus|Clan's,8000004,126667,123,6
123,#RC02LQ2V,Stars Combat,8000018,126400,124,7
124,#2P29VG9PU,HUGOPASTAALSUGO,8000019,126233,125,21
125,#2GQRR2QVR,god army,8000027,125523,126,29
126,#L9222J0G,브롤 친구,8000034,124722,127,16
127,#89VLL0P8,(блет)дошик,8000029,122786,128,27
128,#CLUVLYCG,бравл777,8000024,122015,129,30
129,#208J2ULJ0,овсюг2.0,8000054,121985,130,27
130,#22G00QVJ2,TARGET,8000049,120526,131,6
131,#2CRRCJC80,SkNav{Danik}√,8000049,120130,132,9
132,#9R8G8L08,de quen club,8000011,119477,133,27
133,#GP82UR2,matyiorszag,8000000,119277,134,13
134,#RQYVU8GL,подпичики,8000023,119098,135,27
135,#2RCR9UCCU,SRINV,8000038,118927,136,29
136,#G2Y922,FTP,8000004,118520,137,28
137,#2QQUCJPL2,España pro,8000023,117955,138,30
138,#L08Y222,тимсами,8000009,117870,139,30
139,#RJPQVCYG,verdygreen,8000021,117148,140,29
140,#C9YGLRVR,SKSKSKS,8000057,116636,141,24
141,#28880VUPC,дильфинчики,8000022,116581,142,28
142,#2Y29R0LRP,Brawl_team🔥,8000044,116054,143,10
143,#20P0QQVJV,Brawl Stars GG,8000023,116034,144,17
144,#PV282JQG,данила2012,8000009,115688,145,25
145,#2QU29J902,one piece,8000007,115466,146,10
146,#892UP8P0,Cadalesean,8000005,115299,147,10
147,#2PRY28Y2P,3А,8000022,114684,148,29
148,#22PVVYPVY,Brawl profis,8000057,114343,149,10
149,#8QCJLGU8,миша и вова и а,8000058,113452,150,18
150,#LPGP8RR8,БАНДА ПЕЛЬМЕШЕК,8000038,112791,151,28
151,#L29JY8GG,gamer,8000036,112076,152,30
152,#2Q9PJ2R20,welks🤯🤪,8000000,111939,153,6
153,#2P8Q2CQ29,A.M(OTAKUS),8000029,110452,154,30
154,#VUUJRY8P,friends only,8000029,109661,155,30
155,#YQULUQV,Axum,8000007,107882,156,18
156,#J8VJJJVG,LOS PEDORROS,8000058,107781,157,27
157,#2LGRUCVRG,LLLLK,8000049,107618,158,25
158,#29P9RGL0L,ТОК НАТУРАЛЫ🙃,8000000,106998,159,19
159,#YYGYVVVQ,✓Black_dream✓,8000055,106916,160,21
160,#202J90GVU,санчик сан про,8000044,106702,161,26
161,#JVU8LQGU,AGALAR,8000015,106286,162,15
162,#JVGYLV9P,tymek,8000000,104101,163,28
163,#PCCQ0P8U,LUDZIE FARELLA,8000026,103868,164,27
164,#LLRL828G,friends,8000053,103347,165,28
165,#JVQ2VLUV,Дерево Захара 1,8000049,103178,166,28
166,#Y9VULYJG,ciao,8000016,103097,167,30
167,#2JUL9JYC,ParoKkia,8000007,102057,168,10
168,#2R8P8QVQC,leonmachakador,8000023,101045,169,15
169,#2PV2Y999,종남이,8000018,100904,170,28
170,#Y8UJQ22V,브롤친구들,8000018,100475,171,5
171,#2G90JLJU9,i love you,8000049,100441,172,12
172,#28C0QLC80,писька деда,8000012,100155,173,29
173,#28Q29VJPV,Лутчие призраки,8000052,99553,174,17
174,#2GC88LLGJ,NETOCSIK,8000023,99438,175,6
175,#G9RLPLJ0,CLUB AGORA,8000007,99381,176,29
176,#Q99UPVU0,Dinosaurier 10,8000050,98762,177,12
177,#2LY8Q0C92,2.0 CLUB,8000023,98577,178,22
178,#CRCL2PRC,Team Riverss,8000010,97555,179,27
179,#J22LVP82,조상님들,8000022,97326,180,11
180,#CPL2R89L,is the open,8000019,97050,181,27
181,#28J2RGRR8,кращі про,8000054,96924,182,22
182,#29GPPYRYY,SN Fnam,8000023,94897,183,23
183,#2JCCV0J99,NAVIUKR,8000016,94861,184,26
184,#29RGJLU9U,인지기,8000021,94812,185,4
185,#9LP9QJV8,KUZENLER,8000029,94791,186,25
186,#2C02Q88PY,OKQL|CV,8000033,94466,187,9
187,#QR9PR2PY,ЮТУБЕРЫ,8000057,94215,188,14
188,#PUVU0JYJ,носки,8000013,94095,189,18
189,#Q0P08YVV,desodorante,8000016,93625,190,28
190,#2299PGGL,The Bullet Club,8000022,93138,191,16
191,#2PCQVGQPJ,мокиенчик,8000005,92499,192,20
192,#Q8Y2J92U,фк строитель10,8000029,92359,193,27
193,#28RL8VLGC,ETHIO BrAwLs,8000023,92336,194,30
194,#2GLVUCUYL,utygi,8000012,92284,195,7
195,#LR2VGGPC,EQUALITY,8000028,91442,196,28
196,#2800RP0CQ,555,8000005,91390,197,3
197,#R820LJ92,"МЫ НУБЫ,ВЫ ТРУП",8000009,91343,198,28
198,#2C0P8C9UU,hcc,8000025,91242,199,6
199,#RV92C9LR,크로우파워**,8000007,90563,200,29
