,tag,name,badgeId,trophies,rank,memberCount
0,#2C0Q89P0G,Hotbox,8000038,931554,1,30
1,#2YUCUYGQG,FC J’TE TARA,8000056,931355,2,30
2,#2JG9998RP,•💗клуб пип💗•,8000039,874680,3,30
3,#29JQPLYJL,RareTeam7,8000011,859425,4,30
4,#2CGRRGU8U,maximum Rizz,8000025,810107,5,28
5,#22QJCY9GP,TÜRKİYEM,8000023,764727,6,4
6,#2QV2VRQVV,ACE FLAMES,8000037,751301,7,25
7,#2C9CUJP8G,T. Performance,8000059,729922,8,29
8,#29G8QLR90,🖤Dark|Squad🖤,8000017,726121,9,30
9,#2C90LQYRQ,🕸️Death⚡️,8000023,724900,10,30
10,#2RRC8G9GV,я имел коня,8000057,704737,11,28
11,#8G9QPR9Q,WC$,8000039,626556,12,25
12,#2GQ0PJ228,SABUESO DE LAVA,8000004,567533,13,28
13,#29G9Q8JQQ,егоисти,8000037,559924,14,30
14,#UGCVVJJQ,Anti snooto,8000029,555637,15,13
15,#90CQG,el humo gris,8000042,543489,16,23
16,#2QCCGRYLC,Козаки 🇺🇦,8000027,526316,17,30
17,#P0J8JY88,KIRMIZI_ANKA,8000023,505082,18,21
18,#29U2G9LQ9,Talents fr,8000018,498939,19,30
19,#28RLG20LJ,sasat,8000005,482753,20,29
20,#L9VV02LC,Тупо. А.У.Ф,8000044,470599,21,23
21,#2JRGCUVRQ,Schweppes♡,8000057,466160,22,17
22,#2C00G0LQQ,ÖNEMLİ!,8000023,462032,23,8
23,#802022CU,CLUB LEGENDARIO,8000029,453444,24,28
24,#2QYYR98CG,slayer,8000023,420392,25,30
25,#82GG0RQG,Global Leader's,8000049,412758,26,22
26,#2C8R02VGU,SUCHTIS,8000031,410339,27,29
27,#2GJL8UQ8C,🥀-FRIZ TEAM-🥀,8000023,404948,28,24
28,#JGC9UQYP,Frendly,8000017,404550,29,30
29,#2GL9Q8Y9L,Забивной 7А,8000052,402437,30,29
30,#2289Q9Y09,rico and mortis,8000045,376141,31,15
31,#VRG2UPJG,ммммммем,8000047,371221,32,24
32,#CRL0RPR2,PRØP's,8000029,364171,33,28
33,#2GJ8VJPUU,Шлёпа123,8000046,359139,34,30
34,#29RQCJ909,горравака,8000007,357562,35,30
35,#29RRV0GR2,омогат,8000018,352182,36,30
36,#2JVL0V090,Дай затягу,8000012,351013,37,29
37,#2098GCRPC,Клубная Лига,8000057,347346,38,27
38,#2GRGRG0G8,негто,8000050,343840,39,29
39,#2G2LC0UCG,colibrí BRO,8000049,338508,40,30
40,#29GUG9JVR,Le bourg (4),8000059,325885,41,29
41,#Q8G82G29,Los spike mol,8000013,323658,42,30
42,#9YP2UJQG,Siegerehrung YT,8000059,322160,43,19
43,#2QVGCVLU8,Brawler jengi,8000057,317999,44,30
44,#20CJJ0UVC,племя понтер,8000045,295478,45,25
45,#PC8Q2Q0V,always fun 😉,8000010,293902,46,10
46,#2JP8CJU9J,One Piece BE,8000004,288622,47,17
47,#29RUL8V09,aliarda,8000059,287538,48,30
48,#28L2L0U8L,Ebangelion,8000050,281229,49,12
49,#2GLJPLP8Q,ninja_yt,8000037,279064,50,21
50,#LGCUQGR0,Team Annanas,8000013,274572,51,21
51,#2GLJUCLRY,dobrá voda,8000057,273770,52,30
52,#82L2QUP0,무기상점,8000002,272790,53,19
53,#2VP2Q0UQ,♠️Black Lotus♣️,8000005,271102,54,21
54,#2VVR2R,Pariababu,8000011,264560,55,24
55,#88VCR2PP,Kings of Brawl,8000033,260676,56,17
56,#22LYUR2CU,Nastic FS,8000018,256067,57,3
57,#2L88YRR8L,THE 30,8000006,254655,58,29
58,#2JLVPYPPP,Skiller über20K,8000020,253400,59,14
59,#CQRJVLYU,kuh(l),8000056,252627,60,27
60,#8P808CR9,King Club,8000023,251086,61,19
61,#8RLC8RRP,Тока Маки,8000007,250524,62,27
62,#UYUQY2RG,КаМуНиСтЫ🇷🇺,8000006,247591,63,28
63,#298Y9ULYP,🥶daemon 👹,8000055,247091,64,30
64,#28J80VGLL,Suprime Kiber,8000023,246978,65,29
65,#2JVVRP8QG,укрїна N[1],8000023,243930,66,30
66,#2CP0LRQYC,Espantaviejas🤑,8000056,240099,67,18
67,#28VJCLP00,БАНДА ЕВЫ,8000057,240000,68,29
68,#2RC8Y99PC,LOBOS EN MANADA,8000019,239975,69,26
69,#2LULLLR9C,TURNEU DE DUO,8000019,239017,70,30
70,#2YU28VYLU,мак,8000029,237275,71,30
71,#CUYQCJ8L,불난클럽,8000007,237223,72,30
72,#2GQVYG8YR,моя команда топ,8000033,234858,73,11
73,#2Y9LPJCU8,ха-ха-ха,8000036,229008,74,29
74,#UJGGVJ02,FAKTEME,8000000,228547,75,30
75,#298VP2QLQ,Выжившие,8000041,226232,76,17
76,#20V9VVR8Q,GOLD FLOW,8000035,224530,77,29
77,#28VQUY0YG,P.L.N CORPORATE,8000014,223552,78,11
78,#2RU0RJ9GJ,везунчики1,8000004,220840,79,24
79,#2GJRJPCV2,리그 오브 레전드,8000046,219882,80,17
80,#2QRYQCQP0,ИДИ В АНАНАС,8000017,218837,81,11
81,#28RL9YUC0,чукакамбры,8000036,217148,82,14
82,#20VGUQ00P,липлейк 30. 10,8000023,217144,83,30
83,#2GJYRCUGR,YT에이다,8000017,216237,84,16
84,#2R88U0RCP,E recker,8000007,215664,85,30
85,#VP0UQUC0,🕳️Клан Учиха🕳,8000023,215019,86,22
86,#J28Y0QLP,OĞUZNO31,8000029,213823,87,27
87,#29GJ0PLYY,T•M•G,8000057,211456,88,29
88,#VCJJ9U89,Legendary Sarks,8000031,211116,89,16
89,#Q99922J9,HAVI UA,8000034,210134,90,30
90,#29UPYQ2Q,GPC,8000018,208492,91,29
91,#QQ99J8Q,Class 1-A,8000023,207650,92,30
92,#LQPVVVVC,1ahet,8000059,205330,93,22
93,#292PPPQYP,★NeZoX Team★,8000022,204212,94,5
94,#2QQ0CQJQR,Navi,8000027,203365,95,16
95,#20JP8LPJL,Tim228,8000023,201846,96,16
96,#UQGJ9VJG,Gießkanne,8000004,200320,97,20
97,#YQLC8VGP,cono gelato,8000004,198483,98,28
98,#8CYR2VVL,дилля,8000029,198205,99,27
99,#20PVPRRL,СЕМЬЯ ПАТРИКА,8000025,197512,100,28
100,#RQ9YPY82,maleven,8000011,197404,101,28
101,#2C8UVG9UY,мечтать не вред,8000037,197073,102,11
102,#2RY8QUQ2Q,клуб фотографии,8000039,196678,103,25
103,#LLL8V8LY,труба всем,8000004,196451,104,17
104,#2JCQC9909,нубососики,8000056,196101,105,28
105,#JVJRPGGJ,АрМиЯ ПиПа,8000045,195451,106,20
106,#2GJUGQPG0,🐲Academ Bazz🐲,8000042,193386,107,11
107,#2P8V000L,klub dla widzów,8000047,192484,108,27
108,#LGCQ0JY9,АбВ,8000005,192205,109,29
109,#2JQR02QYG,E-REKCER,8000037,190727,110,30
110,#V2YGPGQ9,ММА БОМЖ,8000023,189762,111,28
111,#2R8C9JY9G,脳筋tvと愉快な仲間たち,8000051,189642,112,16
112,#22JJJYLG8,one piece,8000007,189375,113,25
113,#JCP008Y0,бан 777,8000025,188594,114,29
114,#229PJ2QC2,my little pony,8000018,188204,115,9
115,#2R8G0YYJV,IMPERIAL SQUAD,8000037,187431,116,10
116,#28Y2GGL2C,Малина,8000054,187076,117,29
117,#PRJ2G0Y2,путь Brawlerов,8000029,186809,118,8
118,#200LQUL92,反新角协会,8000059,186468,119,21
119,#2JCGPCV99,<c0>Souls </c>,8000031,186374,120,12
120,#C9RY9PQ8,Большеустьикинс,8000023,186129,121,28
121,#29L000LR2,legendele,8000027,185982,122,28
122,#20LRU0QJG,вантуз,8000042,185727,123,19
123,#2PJJURULJ,Van_Feimous,8000029,185004,124,27
124,#2CLP8LC,mersin,8000016,184885,125,30
125,#2QRPQJCVL,13нш,8000029,184325,126,28
126,#LP9RGRY9,Workouters,8000059,184282,127,6
127,#U0PYUQPU,КОЛЕТТ,8000012,183105,128,30
128,#RULPP09R,😡stander😡,8000010,181396,129,30
129,#2C298RV2J,pollito con pap,8000045,181342,130,30
130,#2LJPYGY9,PERIKOCLUB,8000019,180894,131,17
131,#2P8QRVC2J,Flowzi Tiam,8000018,179339,132,25
132,#VU9UPVL9,ちんちっちブースターズ,8000028,179257,133,28
133,#2P0LY8QUY,Армия тик токер,8000029,177950,134,14
134,#2QRCYLQUL,tapacubos,8000003,177764,135,17
135,#2229VYVYV,Паркер Банда VX,8000029,177595,136,30
136,#2JY9QJ2VQ,ah bho,8000055,177088,137,29
137,#2PLY8VL28,PRO BOBOLKI,8000007,177069,138,28
138,#292PJYRU2,дурка,8000057,174807,139,11
139,#2JPYYL9V2,KZ💚,8000029,173150,140,20
140,#29RGC8LC0,Saints,8000023,172978,141,21
141,#URUYQ8GL,LOS PROAZOS 😎,8000037,172674,142,30
142,#RQQ209LP,1760mp,8000023,172256,143,26
143,#P08LP8JL,88899123,8000000,172255,144,25
144,#9LL2YV9P,LOS TITANES CG,8000016,171503,145,1
145,#2L2QGC0PU,Shonkaymangon,8000029,171415,146,29
146,#28Y2UCRQ2,DeLkacityz,8000023,171359,147,16
147,#U28CY8PC,Ferrox,8000025,171116,148,30
148,#29RRPYQPP,حجة,8000023,171084,149,30
149,#Q9CQLRRQ,magicow,8000019,170782,150,27
150,#UGC0RCRJ,апельсинки,8000029,169850,151,30
151,#VRUC2Q0C,Vilpas,8000004,168904,152,28
152,#LJGVQ9GP,rave mode,8000016,166801,153,30
153,#2GRV9J9UV,Сumнатушка,8000029,166289,154,8
154,#VCJLU2YL,🥑Mango Top🥑,8000035,164691,155,21
155,#29LJ80JGJ,Club,8000029,163456,156,10
156,#2GGQG89CJ,the pro,8000056,163101,157,29
157,#QJYQQP9C,Eclipse|Spire,8000031,163078,158,9
158,#Y228JJR9,младший и старш,8000004,162849,159,15
159,#QUGG22RL,про,8000027,162418,160,15
160,#VLGVGQ2L,Los Otakus,8000006,161993,161,24
161,#2L2LUYU09,ЖЕНЩИНЫ,8000041,161848,162,30
162,#28GC229YJ,🤖ブロスタ部🤖,8000016,161741,163,24
163,#2CRCUQGVQ,Россия 777,8000029,161363,164,11
164,#20GGPVQ2V,легенда,8000041,161261,165,19
165,#QQG2VUPP,сержинка2,8000003,161118,166,29
166,#2RRLJ2UGV,dense ridge,8000059,161058,167,29
167,#VC2YGCGC,cybersport|rf,8000059,160828,168,19
168,#LUG2LPP,T.E.S,8000002,160730,169,30
169,#QLUG0R9J,mama ve süt,8000049,160463,170,29
170,#22RV00298,play 3,8000057,160217,171,29
171,#V0Q029QY,Банан Миши,8000008,159901,172,30
172,#9PYC9JVP,ТОП ТИМА,8000018,159831,173,30
173,#28VJ28GQP,Tomaten Gang,8000037,159726,174,19
174,#RYUQQRGQ,мнг,8000023,159036,175,25
175,#YLQ0G8CR,САНТЛАДА,8000023,158980,176,30
176,#2CG0Y20R2,(علي) ولي الله❤,8000029,158690,177,25
177,#UURU80,1RSG,8000026,158490,178,12
178,#2JYVCVYRG,Winter🥶,8000021,157732,179,17
179,#29GJRP2JQ,1.000.00.0,8000005,157340,180,30
180,#29JLY289Q,подписники,8000013,155402,181,16
181,#LL9GJLJV,neon cat,8000014,155322,182,28
182,#J00PRLVP,🖤Темная БУРЯ🐶,8000013,154517,183,28
183,#20PJL22QL,непабидимые!!!✨,8000029,154239,184,27
184,#VGJVYPLC,AmberTeam ™✨,8000035,153523,185,29
185,#9LQV8V0,YahYeetYeeHaw,8000004,153501,186,27
186,#88RJJGUG,Toxic,8000029,153407,187,22
187,#29R9UJ8P0,Докелер,8000029,153038,188,6
188,#UQJG8QPJ,BRAWLTOP,8000041,152696,189,29
189,#2GQGQP9U8,хайпхайп,8000004,152651,190,8
190,#22JRC9U8J,8 класницаааА,8000020,152595,191,27
191,#2QUPV0RYL,а4,8000013,152433,192,26
192,#29RU2L0QU,SNOWGANG,8000004,152127,193,9
193,#JYV9UL22,бебе180,8000015,151905,194,29
194,#RQUY9UJV,Spoko Club,8000019,151740,195,24
195,#22GVP9UCY,ЧЕЛОВЕКИ,8000009,151117,196,30
196,#2229GV9R9,мафія 2,8000029,151085,197,30
197,#8999VP0J,JDS brawl ★,8000006,149859,198,10
198,#2YRYVVGCC,Mk Team,8000041,149738,199,22
199,#QLJCJUPJ,ÖLÜM GALAKSİSİ,8000012,149440,200,23
