,tag,name,badgeId,trophies,rank,memberCount
0,#JV8Q00JY,MunkkiHunters,8000013,1607421,1,30
1,#QP9CR8YP,Kivien heilunta,8000049,1573199,2,28
2,#2QVJY0RYC,PuuPällit,8000042,1466021,3,29
3,#2RL8YCQUP,FINLAND,8000049,1429522,4,30
4,#8JGR8Q9U,Pohjantähti,8000002,1421001,5,30
5,#QPVRRV9L,Лега блин,8000016,1413203,6,30
6,#2CP8RU80G,Toxic Make,8000036,1395154,7,29
7,#2028YYRY0,Finnish Horror,8000004,1394049,8,29
8,#2RYVQUUCL,Nebba Hunters,8000036,1328341,9,30
9,#2GV22P298,Mystic Falls,8000037,1297810,10,30
10,#Q28YGRC,Suomi/Finland,8000017,1279937,11,30
11,#2C9CYY2GC,EastSiders,8000007,1275439,12,30
12,#GGQYLLV,SuperSmashTeam,8000013,1268695,13,30
13,#20GVR8UG,<c2>Beasts</c>,8000037,1247179,14,30
14,#2C8GJ9YQ9,Työkalut,8000003,1225862,15,30
15,#2C09G8JYY,SIGMA HUNTERS,8000029,1217980,16,29
16,#202GLVQV9,Мега клуб,8000016,1214258,17,30
17,#GR2GYGV,Myrttiset,8000022,1207139,18,30
18,#2RCUU0RCQ,dark knignts,8000025,1194802,19,30
19,#2RRJUPCGQ,YoU_×|eSport,8000037,1168220,20,29
20,#2RU2CC8R8,CMG Finland,8000025,1167794,21,29
21,#202LP8QGQ,Vain aktiiviset,8000027,1155711,22,24
22,#QP8QRCGJ,《Suomi》,8000039,1155486,23,30
23,#2Y8QQQRJP,Suomi 100,8000033,1145167,24,30
24,#2GJ0LVGU0,Myrttiset,8000043,1144814,25,30
25,#299VRL0JY,Mini Horror,8000050,1142579,26,30
26,#8VQGPU2G,Вконтакте,8000029,1127091,27,13
27,#GQ920GG0,Suur-Suomi,8000003,1122551,28,29
28,#29LJ2YL0,Finland X Royal,8000036,1101720,29,30
29,#2J22CVGV9,Penguins,8000021,1099927,30,30
30,#RRQ2Y2VQ,BRAWL TOP TV,8000029,1096863,31,29
31,#80QG8JYG,Aamutähti,8000018,1094822,32,30
32,#2CPPG9VQR,Меля🤍|ТТ,8000045,1091879,33,30
33,#QLQ2Y0Y,Purple Thunder,8000011,1084498,34,29
34,#229VLYVGQ,Finleaders,8000021,1077553,35,30
35,#QRQ8P8UR,ẞLU£💶CA$H,8000025,1057969,36,28
36,#208PUR8L9,Perunat,8000047,1055493,37,30
37,#2Y9VRVVRG,RFC,8000032,1051881,38,30
38,#2R2L8QCG2,Karvaselät,8000032,1047252,39,30
39,#22LPLP0PR,PdePancakes,8000047,1041123,40,30
40,#289GLPP09,WisperiAkademy,8000029,1040187,41,30
41,#8GYCLUR,Itäkeskus,8000040,1038281,42,30
42,#2GP9Q8YV8,Tosimiehet,8000055,1037413,43,30
43,#2JGJLV0J0,Skill issue🦆,8000009,1036960,44,30
44,#2J2LJLRUY,PuuPällit II,8000042,1036896,45,30
45,#292LLUQV2,детский дом♿️,8000035,1035025,46,30
46,#2GVL2CRCC,Mystic Fields,8000049,1034414,47,30
47,#2QPLCUJYV,Bird🕊️,8000054,1034042,48,29
48,#Q2980L08,Team Brawl,8000023,1032243,49,28
49,#22GGPUCPU,☔BS | SPORT🥀,8000037,1031531,50,30
50,#22UVQ0QQG,MMA TUT,8000004,1020730,51,30
51,#2JPLJLQGY,Dangerous,8000004,1014703,52,30
52,#2GVPQVYCC,Mystic Finland,8000059,1011162,53,27
53,#YQVJP8LQ,SekavaSuomi,8000029,1007382,54,30
54,#QLPL98G,Suomi aikuiset,8000000,1001968,55,30
55,#2CQYGUVYV,Dominators🔥,8000049,1000062,56,28
56,#200QPVVL0,RitariRoyale,8000003,998775,57,30
57,#2QVRV82LG,THE 30,8000007,997679,58,26
58,#2JP0GYQJ0,ElLersClub,8000031,993925,59,30
59,#VJ2Y0GUC,Sniputtajat,8000013,989135,60,30
60,#G0YQL9CC,Ocean,8000058,981930,61,30
61,#2C0JJYPGR,Pinkit porsaat,8000039,981094,62,25
62,#QQ82CRPG,Brawly | Suomi,8000002,979465,63,30
63,#2Q8YCULVV,{SUOMI},8000007,976617,64,30
64,#228VRR0UP,Bea's Club,8000007,975946,65,30
65,#QYR8RY0V,Negars,8000017,973573,66,27
66,#2C82LRJCL,Bad Luck Love,8000037,963967,67,24
67,#2GR0PPC9C,JATKOSOTA,8000055,959393,68,29
68,#2Y8020CRJ,Ultra-Elite,8000055,957034,69,30
69,#9LL9JPYC,PocoGang,8000016,948362,70,30
70,#29GGLP0L9,ФАРМИМ ЛЕГУ,8000037,943015,71,30
71,#QLGU98U8,LN|momXdad ☆彡,8000023,932335,72,30
72,#2JUY8VCVQ,Jyrääjät,8000012,931065,73,29
73,#CJ09VRJG,Minimani,8000001,930996,74,27
74,#2GLPQJ0QP,StarGaming,8000018,929160,75,30
75,#9QGQL9UV,Young Crows,8000015,923591,76,30
76,#29CV0Y8L8,💥{SHOW|DOWN}💥,8000023,921540,77,28
77,#2GPQ0YU2J,Lappi Players💥,8000021,912671,78,30
78,#JPCGULV,suomi,8000002,912095,79,30
79,#2JVGCYPQQ,THE KINGS,8000055,907689,80,30
80,#2C29P2VV8,finland academy,8000055,904260,81,30
81,#J8Q2V9VG,legesumi,8000033,903686,82,30
82,#LC2U2LQQ,Crazy brawlers,8000029,902601,83,30
83,#LCVVJCGP,vaahtokarkki,8000010,900722,84,30
84,#2C8Y99YGU,БЕЗ БАБ☞🔞,8000001,900199,85,30
85,#29RYCPGPC,Clown Gang,8000023,887607,86,30
86,#2GV2YGQGL,Ihmiset,8000043,880408,87,30
87,#QJLP88CG,SJOKI|PARHAAT🌔,8000045,875147,88,30
88,#2C0J2JRC8,ign pelätyimmät,8000055,873192,89,30
89,#29RP90PJJ,Team 𝘝𝘪𝘱𝘦𝘳,8000043,872150,90,30
90,#2RLQL9GP2,Fire Dragon,8000032,870257,91,30
91,#2GQRPLQ0,_:Team_Star:_,8000010,867949,92,30
92,#2QYGR9GGY,BrAwL Hub,8000055,866598,93,30
93,#2JCRJPGVJ,CROSS GUILD,8000055,866130,94,30
94,#2C820VPV9,Moje more,8000049,864696,95,30
95,#22LG2QJYC,Finland,8000021,857086,96,30
96,#2C89YYPQL,Suomi Royal,8000021,856427,97,30
97,#R29YGVCP,<c7>PERUNAT</c>,8000016,845491,98,30
98,#2JR9JLJRV,_Lamkrash_,8000059,845285,99,29
99,#2C028VP2V,Frank's Cave,8000000,844897,100,30
100,#2GQLYY2L0,susukaka,8000037,843792,101,29
101,#PGYQGUPR,Aito Suomi Team,8000057,842817,102,30
102,#RP2QJQCC,minimani,8000051,842355,103,30
103,#2QPUL82GJ,Бойцы Бравлеры,8000023,842087,104,30
104,#2J2RPJRJ8,SUOMI,8000034,839944,105,30
105,#29R8LR0V2,SAUNA S3P0T,8000002,838883,106,30
106,#2JC98JVLV,Jp gang,8000055,838315,107,30
107,#2G8JP8R9G,kala/pelikaani,8000059,831882,108,29
108,#2LVJU98C8,Shiza's,8000013,830025,109,30
109,#2C2G82VGU,Miau,8000038,827013,110,27
110,#2JRCYV99R,Toxic Lakes,8000042,826238,111,30
111,#28PLL88R2,The OA,8000019,822456,112,30
112,#2JV0C8UG0,hämähäkit,8000004,821813,113,28
113,#QJVV028V,Vihdanlyöjät,8000012,819970,114,30
114,#GGLVGG2Y,pohjoiskeskus,8000004,819004,115,30
115,#2JUULVUCQ,Cheeseburger,8000029,815905,116,30
116,#2C2ULQ2JG,team Barca💙❤️,8000023,814436,117,29
117,#2UL8008U,dinoset,8000029,810734,118,30
118,#RV00QVYJ,jengi on paras,8000004,808855,119,30
119,#2JCRQ0V00,🇫🇮warriors😈,8000025,805880,120,30
120,#2JJUQLU29,Og pidor,8000000,805472,121,30
121,#RPJRPU90,proot pelaajat,8000029,799921,122,30
122,#2J0UYQYLL,Fins,8000041,793885,123,29
123,#2C9LRY0LC,Pohjolan jengi,8000059,789785,124,30
124,#2JGLYGURG,KING CLUB👑,8000029,787859,125,29
125,#2RJY09PQQ,FIN|CLAN,8000025,787800,126,30
126,#2GGGUGC2G,tokiterssi,8000037,786250,127,30
127,#29PJC9R2Y,EQ|GO🐣🇺🇳,8000033,783717,128,30
128,#2Q9GGLCJL,DETROIT SMASH⚡,8000034,782532,129,30
129,#2YC20RQ0U,Perunat 2,8000006,780926,130,29
130,#QY2GQJYQ,VANHAT KONKARIT,8000022,779532,131,30
131,#2RV2G9PUG,Pajatso,8000018,777110,132,30
132,#28GV29PQQ,Ⓑ𝔱𝔞̈𝔥𝔡𝔢𝔱✨,8000037,776604,133,29
133,#2C0PG8028,корнишон,8000031,771994,134,24
134,#2GVRUQP0R,Finland,8000053,770831,135,30
135,#2JJYUJ2QJ,50K,8000055,770596,136,30
136,#9G2Y9YQU,AikaSikkii,8000028,770360,137,30
137,#2Q2PYVYPV,valloittajat,8000011,768412,138,30
138,#8PQRPRJL,Katkaravut,8000018,768349,139,30
139,#2009G0JY,Club Baby Seals,8000021,764053,140,29
140,#2UVC29QC,Trollaajat,8000015,762171,141,30
141,#YYRLLGJJ,_STARLIGHT_,8000049,758211,142,30
142,#2LQ0GCCGJ,Military,8000036,758108,143,30
143,#20JUR9VQL,BetterThanYou,8000059,752630,144,27
144,#JVCVR9C,finland pro,8000049,749665,145,30
145,#P2G8RVYR,Tick's Club,8000031,749452,146,30
146,#209GGGYP9,Finland,8000058,748053,147,29
147,#2GP92GYVL,Oksa gang🌳🌿,8000013,747307,148,30
148,#2PJYURCR2,PANDALIT,8000037,746428,149,30
149,#28Y82VUQR,joukkue Tappelu,8000039,744165,150,30
150,#J2YRCQJ,777 finland,8000017,743919,151,30
151,#2GPUGQ9UV,RAKIT,8000059,743777,152,30
152,#2JCUV2RL9,Club Leaguers 2,8000036,740978,153,30
153,#JJYL2LG2,proot XD,8000017,739641,154,30
154,#8890Y0L2,hyvät1233,8000013,738913,155,30
155,#Q8GP29VL,Finlandia,8000004,736263,156,30
156,#29GR08U2L,Suomen saunojat,8000058,735681,157,30
157,#2288VU8Y9,KPS_EliteBrawl,8000046,735274,158,30
158,#2RL0P99YC,Bott suomi,8000059,734567,159,30
159,#2LVVYRQY2,Finland,8000036,734307,160,30
160,#2YR8RVPJG,Misfits,8000041,734146,161,30
161,#2QQGUYUY,Alaska Brawl,8000006,733998,162,30
162,#Y28C208P,proot,8000048,730086,163,30
163,#2QG0028YY,FROG GANG,8000035,729786,164,30
164,#2GC9RPJRC,LAST WARRIORS,8000029,729299,165,28
165,#2LRPGLUYG,Spring Onions,8000029,729202,166,26
166,#2QU2LJV80,Finland tower,8000037,726942,167,30
167,#2G0CP0CVC,omenat,8000013,726129,168,30
168,#UY900G0,Makkaramursut,8000010,725929,169,30
169,#LCUP0Q8U,B.E.L.A.R.U.S,8000013,724838,170,30
170,#V88Q8YJ,FINNS Pew Pew,8000020,724834,171,30
171,#YU2V0UVP,Liekki,8000041,724409,172,23
172,#QJ0UJJRL,Artem4ik Room ☀,8000018,721783,173,30
173,#2JP992YUY,suomigang,8000023,721141,174,30
174,#289Y99C9Y,tikan jengi,8000047,720957,175,30
175,#20PLJ98RL,Jokerit rus 09,8000043,720022,176,30
176,#2GJU28VJ8,Snowflake*,8000052,719867,177,30
177,#QYC0LPLY,🌵Kaktus🌵,8000013,719835,178,30
178,#2QPQJUP88,Opps,8000012,719731,179,29
179,#28CG2GRC9,kissat :),8000029,719013,180,29
180,#VLCQ8PR,DXT CREW,8000037,718501,181,30
181,#VJL0U8CP,gg clan,8000005,718347,182,30
182,#29RLLP20U,Suomen Parhaa🥇,8000016,717819,183,29
183,#LJUY980,RYHMÄRÄMÄ,8000000,717665,184,30
184,#29LJYQR2L,Finland's Fire,8000059,717304,185,30
185,#2C8C2C2CC,hesen vessa,8000013,715943,186,30
186,#2CRRLRULR,jari-pekat,8000046,714829,187,30
187,#LR888RC,FIN,8000021,714571,188,30
188,#2RCCP90V9,HighDestruction,8000023,714310,189,30
189,#2C89GYLV9,Storm Dynamic's,8000055,713831,190,30
190,#208UR802,Trible perunat,8000007,713214,191,29
191,#2208UU0GY,GP,8000037,711736,192,30
192,#2QGR2UV0J,MG|clan,8000003,705647,193,30
193,#2Y0LJ2Y2Q,Kuningas Papat,8000023,704127,194,30
194,#2RQ9RVRL,kääpiöt,8000017,703778,195,30
195,#2292RGL0J,™immortals™,8000004,702966,196,30
196,#2JJ2YUJ28,Purri Team,8000004,702322,197,30
197,#2Y2CR9LLL,BRAWl TEAM,8000004,701925,198,30
198,#2RQR8GV2Q,타요타요,8000000,699920,199,29
199,#GGVUVC9,REAL HUNTERZ,8000004,698688,200,30
