,tag,name,badgeId,trophies,rank,memberCount
0,#2GGU9PPQ0,TEAM TACOS,8000012,1021107,1,28
1,#JQV8VVRC,OYUNKONSEYİ,8000023,963436,2,29
2,#C92QQGY9,Los amigos,8000007,773910,3,30
3,#2J0LGR8Y2,les CON,8000036,731884,4,30
4,#29G28LP9J,pierogi ruskie,8000029,647654,5,30
5,#YVYY0QYL,ゴリラと愉快なバナナたち🍌,8000018,610876,6,24
6,#298VYV2Y9,Speedster,8000007,608705,7,27
7,#QL22QLRC,Salami HQ,8000047,588495,8,30
8,#29G29JG9Q,الخفافيش 🦇,8000019,537759,9,30
9,#2CR2QJ209,브롤패스 클럽,8000029,526773,10,30
10,#2LUJ82UJ,Elite Satélite,8000029,512309,11,29
11,#2J0PLY809,Megak1bErt0p 🐻,8000029,436551,12,22
12,#20R2VCJRY,Yaralılar,8000026,427915,13,13
13,#88J09L0Q,Luna Rossa,8000035,426681,14,30
14,#22VV0C020,QUALITY CONTROL,8000055,412458,15,21
15,#2P02UUCU,big reggio,8000016,405053,16,26
16,#22UUYC9J9,KingDom,8000029,388668,17,15
17,#VL9C09QL,Team legendy,8000006,366361,18,30
18,#2Y0U8URQ9,КастАня2.0,8000047,356468,19,16
19,#2GY0RRCL8,Insanosdelbrawl,8000043,346941,20,17
20,#2QLLUU0QG,+Goated_FC+,8000046,339483,21,22
21,#YGPPPLLV,31 kee,8000055,334931,22,29
22,#U8GG8R8,moruhack,8000008,331782,23,30
23,#VRQYUUP,baby tapes,8000013,329212,24,19
24,#2J09U8U0L,tw.tv/daxak,8000031,325877,25,17
25,#UG2VG889,Los Ferdinos 2,8000057,324198,26,30
26,#2J9P9R8JQ,Team Raisers,8000039,323422,27,20
27,#CPGVRU2J,Galaxi gang,8000052,307754,28,30
28,#U9JGPCUV,nooblar,8000001,282932,29,30
29,#Y2JGRULY,shockwave clan,8000011,275532,30,30
30,#R8U8PGQQ,Team Fenix,8000004,274468,31,29
31,#LLLCYYPR,La formation 2,8000046,273854,32,25
32,#VGCVY9P8,X_x___x_X,8000059,267998,33,29
33,#GLCVYGQY,HOLA|:D,8000009,252152,34,30
34,#Q9QCGYGQ,TEAM|BGL,8000055,249557,35,8
35,#28P2VLR9R,💪💪les piliers,8000029,244514,36,16
36,#2CGL8U800,Gabon officiel,8000027,239864,37,30
37,#2GQ8JG2Q0,клан гремлины,8000026,235561,38,7
38,#VUJLVLRR,школа58,8000002,231877,39,21
39,#9VLCV9UU,ksuluc,8000023,231229,40,30
40,#9CPJR2R8,гей клуб,8000009,223452,41,14
41,#2JCQLURPP,Kamil baki YT,8000059,220786,42,30
42,#28JL9Q8JJ,викс,8000034,220776,43,29
43,#2QGGYJL,the daddies,8000022,218269,44,27
44,#8UGJQJV0,LégendeFrench⭐️,8000016,214196,45,30
45,#R0URPC92,에이든,8000029,209350,46,30
46,#JYPRYJGP,swealee,8000022,207639,47,27
47,#2CRCGCLU2,Wonderkoicuclan,8000034,206203,48,14
48,#GY2JG9PP,Подвал Цикилек,8000049,202458,49,13
49,#208R09VJY,Kinder_Teem❤️🐻,8000035,202351,50,22
50,#Y0PY28U,AAG,8000055,199198,51,30
51,#2YVVJUUG8,der Nita,8000013,197209,52,18
52,#22QRY9UY,NDOSS ROYAL,8000029,195584,53,22
53,#2C2JGGLUR,ramiks,8000055,195561,54,12
54,#28QG2QP9Y,~<NAVI>~,8000055,195411,55,30
55,#2RJLLJ2GY,donquixote-_-,8000007,194685,56,29
56,#GRQ88LGC,jkjg,8000029,193375,57,24
57,#28RRQRJLU,русский,8000023,193124,58,22
58,#RCJ8GVPG,"TEAM""CLAN 2",8000023,189923,59,27
59,#CQJ8G02,TEAM DES BOSS,8000029,189778,60,11
60,#9G9CY0JU,Gabon,8000004,189505,61,30
61,#2L08CJ2C8,AkAdEmIk BrAwL,8000029,188965,62,30
62,#98QL9YCY,Galatasaray,8000050,188962,63,30
63,#2QPJ800U2,ProGaming,8000035,188351,64,26
64,#22VQGUR8C,👑💎KING💎👑,8000029,183515,65,29
65,#2QU2R0QV2,solo mexicanos,8000027,182567,66,30
66,#2YJPJLVU2,RD|Red Dragons,8000036,178153,67,12
67,#2C2U8YLG8,chmoni,8000004,177390,68,27
68,#2LCJC0GUG,группа крыс,8000059,176968,69,30
69,#2RQJ02JCC,kinber,8000055,175450,70,27
70,#RY80UY8Q,TIM PRZYJACIUŁ,8000059,174923,71,25
71,#PQP0202V,BĘ§<c7>Ţ </c>,8000000,172589,72,1
72,#2G2GU0LG2,куроми и мелоди,8000025,168096,73,21
73,#2998QRP2U,lords of brawl,8000027,167535,74,30
74,#2GYG0L2UV,бобрики,8000035,165160,75,29
75,#Q8JR020L,Dream time,8000032,164277,76,13
76,#CQP8QG0U,ЛЕГА_55,8000027,164000,77,28
77,#2LYYQYVQG,pezdegalo.88_ru,8000004,163179,78,12
78,#2000C0LV8,читер777,8000023,161679,79,30
79,#290P29GU0,Mordi,8000057,160876,80,24
80,#PVVC8U2U,cisneros,8000029,157763,81,20
81,#8VVQC2LR,матч,8000023,156378,82,25
82,#PYVQRQ8Q,brawl m stars,8000007,154761,83,30
83,#Y8JGQJ2P,THE LOOSES,8000004,154718,84,29
84,#R98JQ2CV,спд,8000007,152870,85,29
85,#J280LQQ0,БАНДА ЗАДРОТОВ,8000005,152601,86,30
86,#QG0RGLCV,tokyo,8000013,152239,87,29
87,#2GQRLR809,пуш кубков,8000059,150410,88,25
88,#22L802G,浅田家,8000029,146691,89,22
89,#2RR8QR0CL,PIZZA-666,8000021,145010,90,13
90,#JRCLRYGG,rere top,8000057,144374,91,13
91,#VL22UGL0,УКРАЇНА:),8000000,143566,92,24
92,#2C98PGJLG,Qls|PIDORS,8000058,143424,93,7
93,#RVL9VPR0,44004,8000047,143355,94,27
94,#28QJR0Y89,Specific Topers,8000008,143345,95,6
95,#28R0JQP2C,club boss😎😎😎,8000036,141613,96,27
96,#2LP9CJVJU,Brawl trophée🏆,8000037,141531,97,23
97,#UYJ2JPVG,прокряк,8000027,141189,98,19
98,#298800G9J,🕌Islam,8000021,141152,99,30
99,#282P020J8,die pro GENG,8000025,137559,100,28
100,#2R2UVYPY9,Team Détente,8000016,137273,101,5
101,#2QJVUV9Y9,хз,8000018,137154,102,10
102,#2J0PQRGGU,Дачники,8000022,135343,103,13
103,#VG8JU0JY,cng,8000014,134926,104,26
104,#Q82JVYV,大鼻子小冒險,8000005,134767,105,24
105,#PJGJYYJ8,стас,8000039,134536,106,29
106,#28Q2C0PUJ,Cobra Kai,8000004,134491,107,7
107,#28LUQV0YR,United Warriors,8000023,132518,108,29
108,#208CUGUPY,школя бравел ст,8000029,131382,109,30
109,#22JRYUG88,Tomar457,8000027,131301,110,27
110,#RCQQP0LC,atkan,8000000,130598,111,30
111,#20LRCRYCJ,TT FOR EVER,8000029,129167,112,18
112,#U9CGG2U8,большой босс,8000011,128592,113,30
113,#P0YYLRU,Топ4ик,8000007,127904,114,27
114,#R9LCVC0U,홍당무TV,8000016,127088,115,29
115,#22C0JUVCR,Lola's Club,8000054,126964,116,27
116,#2LU2GCL98,RAICE_FALED®,8000029,126637,117,15
117,#2QCPQ2R9J,Yoğ spor🌐,8000008,126116,118,22
118,#282CGY082,araignée🌴🌴,8000044,124928,119,28
119,#2LQG292YU,я супчик,8000004,124796,120,27
120,#GR9UULPQ,Muertesupita,8000012,124649,121,15
121,#28Y8Q28YC,Starter Set,8000007,124451,122,26
122,#2JJR22Y0U,GyLb,8000045,123739,123,14
123,#V080CPR,Anoormalez,8000018,123289,124,23
124,#29QPCL2JQ,WAGNERA,8000025,122964,125,7
125,#2QJGVRGCR,ИЩЮ ДАМИРА БОЛЬ,8000018,122474,126,30
126,#2GUCGUJJV,Sunbeams,8000018,122030,127,23
127,#28PUYQU20,club polo,8000059,121956,128,26
128,#2GYLGL89R,ШПАНТИК🇷🇺,8000058,121827,129,7
129,#2GQCVL2VL,VasyyyTeam,8000013,120951,130,7
130,#29JP2C822,prime🔥🔥👑,8000037,119938,131,8
131,#P8L9P8UY,הכיתה הכי טובה,8000029,118679,132,24
132,#LY89QLPC,~БАНДА~,8000029,118071,133,28
133,#YY98J2CC,Brock's Club,8000044,117371,134,25
134,#28QG2URUR,RedDawn,8000010,117368,135,30
135,#JJJGCPYU,tajemniczy klan,8000036,115941,136,30
136,#J8RVYLCJ,inzi e pold,8000005,115284,137,22
137,#C2QJ8P0P,3.bona,8000012,115267,138,30
138,#L99QCVQC,GB|GodsBrawlers,8000021,114220,139,5
139,#2QG0G2YR0,Антон -роман,8000037,114123,140,24
140,#CP2CY2C2,hero 1,8000014,114117,141,27
141,#2CYYY2Y0V,Heroon,8000039,113461,142,5
142,#228R28CPC,Mini|DarkNight,8000007,113043,143,30
143,#V0GCP9UQ,АМБЕР ХОЧУ,8000004,112877,144,27
144,#2J9UGGVJ8,tt: Yto4ka,8000017,112869,145,23
145,#VCVRGCUU,блек,8000008,112530,146,28
146,#29JJ99JYG,mugiwara,8000021,112473,147,7
147,#UU9JJJ0,ПРЭЭ,8000008,112003,148,26
148,#2GUPJQ22C,Turkeyyyy,8000006,111409,149,16
149,#2YJLQ8JPG,TS|Team Stars,8000007,111186,150,9
150,#2LPU98CRP,💅дольче милк💅,8000010,109640,151,26
151,#UGRR0L0Q,крутой,8000026,109485,152,29
152,#2J9J80YJY,бравл старс10ка,8000029,109365,153,11
153,#L9CUUU90,💛The World💛,8000047,109310,154,27
154,#2LJC0Q22R,1234е,8000031,107189,155,28
155,#292LQ2GVL,חו,8000019,106866,156,30
156,#22VCJYPQJ,РЕЛАКС^_^,8000025,106797,157,10
157,#2GPC02UGR,топ4ик,8000057,105639,158,11
158,#2JY9QPG8,Black killers,8000028,105578,159,29
159,#QQ8G8RY0,Gabon🇬🇦,8000037,105279,160,19
160,#92CUJGCC,pociski colta,8000020,104719,161,19
161,#2LCGQVVRR,Ден,8000000,104374,162,29
162,#YCG8V90C,БАН. БАНАНА,8000029,103118,163,29
163,#2P8LV8R8,ДЛЯ БРОВЕЙ |:-),8000005,102933,164,25
164,#29QLQPLC2,ciroc,8000029,102705,165,7
165,#QYVRVLGV,Les gabomas,8000037,102604,166,14
166,#YVGUJPY0,ADAM OLUN AYOLL,8000025,102310,167,17
167,#2JGY9JLUY,KORSAN |🏴‍☠️,8000023,101980,168,15
168,#29PLJQUGG,Лилипут,8000037,101338,169,5
169,#2082L98CY,р!,8000006,101244,170,29
170,#20QJGYC0R,хятой,8000023,101077,171,12
171,#2Y22Q2G8L,Team b7,8000004,100686,172,19
172,#2L0JGP9JC,lalylila,8000020,100527,173,30
173,#U0LJP2RG,io odio amine,8000007,100385,174,27
174,#UJ09V9U,YOUTUBE,8000008,99442,175,29
175,#20C929RJ0,Діма,8000013,98993,176,21
176,#V0VJRQVY,Дэвизия,8000029,98733,177,28
177,#2PJCGG82J,леф,8000012,98511,178,29
178,#90LP9Y89,🦙ЛАМА🦙,8000029,97891,179,15
179,#VY88289Y,Die🇹🇷Brüder,8000022,97528,180,28
180,#2GVPY20PY,TTCommander,8000026,97212,181,8
181,#2J9080JGG,lunix,8000013,96908,182,6
182,#JJPPPY2V,هيرو براين,8000017,96337,183,27
183,#JLL8GYJC,шик,8000023,95564,184,25
184,#GLV89CG0,это львумба,8000029,95091,185,25
185,#299QGV8PJ,7 BÖLGE TÜRKİYE,8000036,94902,186,16
186,#2R22LCRP2,Гроб+Смерть+Вы,8000037,94245,187,12
187,#2JQP8J0G0,DARK NITE,8000023,93915,188,12
188,#UPRGCQQU,Krallar61ts,8000058,93762,189,30
189,#98PQ22CQ,Дратуте,8000028,93712,190,30
190,#2C898CPY8,beyler,8000046,93532,191,6
191,#RY22JV9P,GAROU,8000014,93130,192,11
192,#2PJQRGQUV,EMRE,8000025,92316,193,28
193,#GPRQ2R2C,Hydra,8000029,91320,194,30
194,#229C20YY0,ME3TRU,8000010,90579,195,29
195,#C2Y90GJY,ФУДБОЛИСТЫ,8000023,90137,196,26
196,#GJ8YRY8R,4 г рульат,8000029,90085,197,29
197,#28VLLRPCP,boomhutters2.0,8000029,89992,198,17
198,#2JGYR0V88,малолетние zxc,8000023,89430,199,15
199,#VP2U2G2R,KUZENLER BS,8000010,89098,200,14
