,tag,name,badgeId,trophies,rank,memberCount
0,#2G0UCPY80,Бурый Медведь,8000021,4038965,1,30
1,#2GUU9908V,BC*|Family*,8000023,2196809,2,30
2,#208UU822P,A Few Good Men,8000023,1962768,3,30
3,#2G8QUG28Y,DPB | ⚡Esport⚡,8000019,1859122,4,30
4,#2L0V9Y9JJ,BC*|Gaming GER,8000023,1831886,5,30
5,#2CQJY8RQ9,Home Of Esports,8000029,1777479,6,30
6,#20G0UYQL0,InTeamRasur,8000013,1767306,7,30
7,#L9Q09LGC,Vikings VI,8000021,1729374,8,30
8,#2QGYGQPRJ,BosnianBrawlers,8000010,1726983,9,30
9,#2029CLRYV,Brawl Imperium2,8000023,1722588,10,30
10,#29CLQG2JG,Die Tafelrunde,8000023,1716604,11,29
11,#CPVPVL09,DrachenLegion,8000057,1711251,12,30
12,#2GYC80LGP,Celestyn,8000025,1705523,13,30
13,#22PUG0VJP,🇩🇪LEGENDS🇩🇪,8000025,1666122,14,29
14,#2G89JRY00,<c5>Night🌙</c>,8000055,1659225,15,30
15,#28PVVQ220,🎆Galaxy CM🌌,8000052,1657294,16,29
16,#GC8YR9R0,sonne🌞🌕,8000041,1620969,17,27
17,#2JLVRY2P9,DerNita,8000037,1612725,18,30
18,#2JJJUUGPR,Team Jonas,8000029,1611833,19,30
19,#2JVJ2GG2Y,United Empire,8000036,1609388,20,30
20,#298CR0QRJ,Reply Totem DE,8000043,1603498,21,29
21,#2CJ8YYJV9,Thunder⚡️,8000019,1598643,22,29
22,#2CCQ99U88,Deadly Vipers🐍,8000012,1593429,23,30
23,#2GL89V2GG,🇩🇪LEGENDS #2,8000025,1584776,24,30
24,#2YP8RJCCP,ɴɪɢʜᴛ ғɪɢʜᴛᴇʀ,8000021,1579514,25,30
25,#2GP8JY00R,Zeitlos⚡DE,8000019,1569821,26,30
26,#VVC8VJRR,ZeitlosDE,8000018,1564161,27,30
27,#2JQRC9Q9R,Team Anyx,8000052,1559881,28,30
28,#2GQRUV2RJ,TK|The King,8000023,1559452,29,30
29,#2LVLRGJRJ,DarkEvil™,8000037,1558692,30,30
30,#28CUC9QJJ,HellsAngls,8000029,1541854,31,30
31,#2RGQQQ9CQ,<c9>Rang25 </c>,8000007,1535809,32,30
32,#2C98L809G,SK Gaming EU,8000008,1533186,33,30
33,#2QUPCVY9Y,DE|Dragone🐲,8000025,1532538,34,30
34,#RYC90C0G,Home of SKILL,8000059,1520678,35,29
35,#2JVQRG2JP,Schlafmützen,8000031,1519704,36,29
36,#2CJ2QULR0,The Explorers,8000035,1518385,37,30
37,#2GPLPQ99Y,Ü30 RED,8000023,1518304,38,29
38,#2CC9YV0GV,GoatLife,8000018,1517324,39,27
39,#29PCCYUGR,NRW|Flay🔝,8000037,1516937,40,29
40,#2JCQ8L892,Chefkoch Army,8000029,1513909,41,29
41,#2GY8UC0Q2,Fake ⛏️,8000042,1512268,42,27
42,#290QY298Y,BruceTheKing,8000057,1511838,43,30
43,#2CL2GRP88,Death Zone,8000037,1511459,44,30
44,#2Q2PGL299,TEAM MOLTSCHÜ,8000057,1503841,45,30
45,#2GYCQCLPP,ICED OUT ❄️,8000050,1496736,46,30
46,#2LLV8RYVR,Team Dai,8000023,1482805,47,29
47,#2RCJ8CR2L,AX|Esport🉐,8000023,1481635,48,30
48,#2P0YJRQ9R,Eiseskälte™,8000052,1478748,49,29
49,#2Q8L2JQ8R,ɢᴇʀᴍᴀɴ ᴀʟʟɪᴀɴᴄᴇ,8000023,1476912,50,30
50,#29P2V22QY,GRD | Family,8000006,1467182,51,30
51,#2GC9YLJLP,Die Einheit,8000018,1464742,52,29
52,#CYYCJ8GV,LastManStanding,8000027,1463421,53,30
53,#2PJCVJY2C,EvilThunder™,8000003,1462223,54,30
54,#VG2GYRVY,<c9>DeltaD</c>¹,8000037,1461995,55,30
55,#CGV02UYP,Escape|Elite,8000058,1453972,56,29
56,#28G8GYLCG,Air|Esport,8000031,1453169,57,30
57,#298LVCV8Q,Brawl🌟sForever,8000018,1452414,58,30
58,#2JJ2U9GC0,💫Zentral💫,8000029,1451969,59,30
59,#2RLG9Q9GV,Karma,8000029,1451921,60,29
60,#2YCQP9VYU,DeadTribe_😎,8000003,1451821,61,27
61,#9PQRY0C,LmS Gaming,8000008,1449385,62,30
62,#2CJ00UYJR,𝒮𝓊𝓃𝓈ℯ𝓉💕,8000057,1446687,63,30
63,#2JUP2CVJJ,LP|E Sport,8000016,1438302,64,30
64,#2C9LQJ289,Old Skulls,8000037,1438144,65,30
65,#29J90G9Q9,3v3 💔,8000027,1433290,66,29
66,#2CQR82V82,JoTa|Gaming,8000025,1431776,67,30
67,#29L9RUU2Y,GZ | Esport,8000037,1430177,68,30
68,#8RCLC22U,Dinosaurier xd,8000027,1428672,69,29
69,#2JRQRRQPC,D P B|Esport II,8000019,1427702,70,30
70,#9GYYCLQR,CPU |Gaming,8000029,1414602,71,30
71,#2JJP9LGLV,Die Tafelrunde3,8000023,1413701,72,30
72,#L9PLV2LC,Brawl Imperium3,8000023,1408512,73,26
73,#2GQLVVY0L,IRAN,8000025,1402068,74,30
74,#22J0298YP,Dummbeutell,8000035,1401506,75,30
75,#29L9VR2Q,German Brawler,8000033,1401182,76,30
76,#2JVV9GPQ8,Dark City,8000003,1397265,77,30
77,#CQVQYRRQ,Taras Temple,8000041,1389699,78,30
78,#200U89G8C,🇩🇪LEGENDS #3,8000025,1387876,79,28
79,#2JJG989JC,Cuties🤭,8000055,1386685,80,29
80,#22UUJVV2L,The Ultimate,8000023,1386155,81,27
81,#2RUPLYY9U,Gigampfii,8000057,1386082,82,30
82,#2JRCULYPC,Dark|Fighter“),8000000,1385838,83,30
83,#2GU9GP00L,Brawl Imperium,8000023,1379444,84,26
84,#2GQP29800,ITR|Allstars,8000013,1376167,85,30
85,#2C20QVYCV,Conquerors,8000023,1374473,86,30
86,#29GUC9P8V,Hypnotik,8000055,1370943,87,29
87,#2C8RGLYRL,Spirit_of_Devil,8000004,1369690,88,30
88,#90GRL9LR,Master Club,8000055,1366188,89,29
89,#2829L22LQ,Happy Hippos,8000037,1363810,90,30
90,#29QGL8R80,Galaxy Brawl🐉,8000041,1363509,91,30
91,#2JVRC9R8J,Schildkröte🐢,8000027,1361121,92,30
92,#VCJRQRJG,Mip POWER 💢,8000037,1359653,93,29
93,#2R0G89JJR,Club League,8000013,1355919,94,30
94,#2C8C98PUR,SeemsGood🥇,8000023,1353806,95,28
95,#2JVYLJPVJ,Fullclip Fam,8000054,1352182,96,29
96,#2L2QVJQYR,❄️icewolves🐺,8000003,1347607,97,30
97,#29JJ9VJ8Y,Showdown💔,8000004,1345723,98,29
98,#2L0QYJPLR,EvilFreedom ™,8000033,1341239,99,28
99,#2L8LPPYL0,💎<c5>ICE</c>💎,8000055,1340781,100,30
100,#2CYVC8CLY,GX|Gaming|🪐,8000019,1340364,101,29
101,#V2G8JY8,Strohhutbande,8000016,1339972,102,29
102,#LCL9YLV9,APX|💥EASPORT💥,8000049,1339225,103,30
103,#2C000VCVU,Newcomer,8000023,1339009,104,30
104,#2GCQ092P2,Germanitas,8000004,1337666,105,30
105,#2GQLUCYRL,GalaxyStar🌟,8000052,1337577,106,30
106,#2CQC8R9PU,§håÐðw χ,8000038,1331313,107,30
107,#29R9L9YLQ,Deutsch|E-Sport,8000023,1330438,108,29
108,#2CG0CU2GY,<c9>UИHOLY</c>,8000034,1325600,109,30
109,#8CJCCY9L,DcX Elite,8000027,1323953,110,30
110,#2GYQYC8,BeastMode,8000004,1323523,111,30
111,#2RYPPPUG0,Die OG‘s,8000048,1323095,112,30
112,#2RQC920P2,Sub Zero🥶💙,8000055,1322942,113,30
113,#2GP998CLJ,🖤OMEGA🖤,8000037,1321819,114,28
114,#R8GGUGVU,Dark Prime,8000025,1320684,115,30
115,#LPG2U0QC,Blackout🖤,8000033,1319217,116,30
116,#2G0U8CUL2,Alpha Titans,8000004,1317753,117,30
117,#UYP298JP,Elite Phoenix,8000037,1316978,118,30
118,#29RJ09Q28,Ѕℓυѕнιє,8000025,1316954,119,30
119,#20U9LQ9VR,ClubChallengers,8000002,1316726,120,30
120,#2JGR9GG28,Die Tafelrunde2,8000023,1316402,121,26
121,#QQYGG0P2,<c9>Killer</c>,8000004,1312476,122,30
122,#QYL2Q000,DE| GALAXY💜,8000010,1308549,123,29
123,#2RR82JRLV,Der Orden,8000029,1305136,124,30
124,#2UVP00,UnKrauts©,8000012,1302258,125,29
125,#2P0PR9J98,DarkDragons,8000037,1298500,126,30
126,#8Y98Y2,GNADENLOS ®,8000004,1298044,127,30
127,#90J20J0G,Ueckstücke,8000049,1295599,128,30
128,#2G9LU8LPV,BK | BRAWL KING,8000059,1295475,129,30
129,#22V22RJPC,♕︎Rɪᴠᴀʟs🃏,8000023,1295420,130,27
130,#9V89CQ2Q,Bananen Bande,8000043,1292891,131,30
131,#2020C8L88,Squid Squads,8000037,1292859,132,30
132,#29RGGJVUG,The Crazy Time,8000023,1291686,133,28
133,#29J2U88R2,🤭~Family,8000037,1289703,134,28
134,#VVGYLQL2,Tadellos Ü18,8000035,1285950,135,30
135,#2CP8YP9PV,NA|Legends❤️‍🩹,8000023,1278656,136,29
136,#2CQUPJGV9,German eSports,8000021,1277768,137,30
137,#2RUPJQRGY,Apostol🪐,8000033,1276837,138,29
138,#R8GCCC28,TjLuMa,8000049,1276638,139,30
139,#22G89LJC0,Nimbreeze,8000004,1274070,140,28
140,#JY82YGG,Coole Jungs,8000049,1273259,141,29
141,#GL2GCJJQ,Gentlemen Club,8000027,1270628,142,30
142,#YRL2PVY,Most Wanted,8000004,1270222,143,30
143,#2GCCJYRJ2,Vikings,8000004,1269481,144,28
144,#2PL09L8R9,Broken Fire,8000037,1268780,145,30
145,#29QJQPQQY,Die Bananencrew,8000019,1268675,146,30
146,#JY9GLGY2,GAMER CLUB,8000021,1268579,147,28
147,#29C0JGGYV,social anxiety,8000037,1267330,148,28
148,#2JCRY02YL,BS Gamer|Family,8000021,1265595,149,29
149,#2R00JR98Y,GUFF GANG,8000036,1265115,150,30
150,#2G0082G2Q,BS|Snowtel,8000055,1264634,151,30
151,#8G9Y02YV,rot pandas,8000006,1264043,152,30
152,#2UR0PY0L,<c4>Galaxy</c>,8000002,1263837,153,30
153,#2CQRR92QJ,Dark Vendetta♱,8000037,1261888,154,30
154,#U0Y2CUR9,NLE,8000018,1261611,155,30
155,#2J8QUC0VC,The Classics,8000023,1261184,156,30
156,#2R2JG22RU,D-CITY-GANG,8000047,1259145,157,30
157,#2JCYL0PGL,Blitz Army,8000007,1256229,158,30
158,#28QLL88U2,/^_^\ AuRu〽️,8000049,1255852,159,30
159,#2QV8VCJ90,Team Revex,8000021,1255506,160,29
160,#2YPCRL008,Dark Brawler,8000000,1254662,161,30
161,#RR2RYYQJ,1%,8000023,1252401,162,30
162,#29JR28L89,Dragon Gaming🐉,8000048,1252176,163,29
163,#2RJVRY0R2,World Finals🏅,8000023,1251387,164,30
164,#2R288L2YV,Diamond+ EU,8000052,1251310,165,30
165,#2JJCY0829,Zuckerschock,8000009,1250695,166,29
166,#29G0YCLVC,Serenity🍃,8000042,1249609,167,27
167,#2G9VJVJYL,World Galaxy,8000037,1249123,168,30
168,#2CG8CRUG2,Rose💜,8000041,1248947,169,30
169,#2GQ2Q28V2,Ramen |Esports,8000059,1248164,170,30
170,#2CGJLY9RL,SG | Esport,8000059,1248020,171,29
171,#PGJGVPLY,Was geht,8000055,1246473,172,30
172,#2CQPJCJ2C,Chimaera,8000037,1245730,173,29
173,#29QJPU2QC,Elite | Team🔥❄,8000033,1242319,174,28
174,#2CCLPP92U,Showdown💘,8000023,1242311,175,29
175,#2CPG8VJQ0,Arbeitsamt,8000007,1241049,176,30
176,#22CLRCLJ,ImmerHigh,8000009,1240021,177,30
177,#2CG8PY9CG,TG|TheGods🥶⚡️,8000041,1237083,178,29
178,#2P8RJJJ9G,฿Ɽ₳₩Ⱡ Ş₮₳ⱤŞ,8000057,1233571,179,30
179,#2GGPY89GY,!RADIOAKTIV!,8000016,1232638,180,30
180,#29QYLP2G2,Fearless💫,8000037,1232443,181,30
181,#28L0V8YGV,FireRider⭐2,8000037,1232079,182,30
182,#29J22CLJG,Brawldogs,8000049,1231759,183,30
183,#28J208JCP,The Dark Icons,8000021,1228636,184,30
184,#2GU99JV2Y,fiy Randoms 😈,8000003,1227486,185,29
185,#22RQVRV9,Burdur 15,8000004,1227319,186,30
186,#LRCG9C2L,Slimes,8000013,1227185,187,30
187,#2JCUUL9QG,黑暗 Dark™️Times次,8000004,1226616,188,30
188,#22UU8VRU2,Kingzmen,8000029,1226292,189,30
189,#2L0QG9U2G,HighDrated,8000051,1224595,190,30
190,#2CR0QLC80,Us VS The World,8000036,1224282,191,25
191,#2LRL8829P,Apex,8000003,1224262,192,30
192,#2JLJ2UQVQ,Staying Alive,8000023,1222339,193,30
193,#2QQL2P0JU,AURORA X,8000020,1222008,194,30
194,#2LPVGQ2LG,🌑MoonGang🌑,8000034,1220930,195,30
195,#QRCPLG0J,Tubemex,8000041,1218344,196,30
196,#JPC8L9CV,Team Knuffi,8000016,1218209,197,30
197,#2LJV2GVQY,TROPHÄEN JÄGER,8000029,1216822,198,30
198,#2CY2YL208,LaidbackLegends,8000018,1216126,199,28
199,#200CUPCQP,Silky-Fanclub🦭,8000021,1215923,200,30
