,tag,name,badgeId,trophies,rank,memberCount
0,#CQQ2UR2U,Chilenos Wenos,8000006,1597702,1,10
1,#CL8L898C,LOS PEÑATEROS49,8000018,789058,2,30
2,#VCG2RPP8,🇷🇴Ro|Wars,8000023,756871,3,30
3,#2GP0JUL9G,Gibraltar,8000048,679703,4,30
4,#29YQJR8JJ,les club légend,8000059,672406,5,30
5,#UVRYU2PR,<c7>ＧＯＬＤ</c>,8000019,641653,6,30
6,#2QQ828VJU,Fajardo,8000057,612554,7,30
7,#2CJUVPLPL,Los antimonkey,8000004,542198,8,30
8,#2C9G8U2PR,nita joint ya,8000041,520887,9,24
9,#2C882JQU0,Penya Toret,8000034,517206,10,30
10,#2Q20YLQYJ,Dark meta,8000059,494856,11,30
11,#YGY0PVYL,Göni Clan,8000059,474494,12,25
12,#2R2VQCGQU,EnglishClass,8000057,445384,13,29
13,#8VUJPJ2C,CHORIS,8000057,421445,14,28
14,#2CRLQPG2,Brawlers,8000018,411379,15,30
15,#29RVUPJU2,HasbulaPEEK,8000055,384884,16,30
16,#2CLP0PVUU,Barça de Pep,8000005,378839,17,26
17,#2Y8P0R2YC,klub serdelek12,8000003,367089,18,29
18,#RL9QU2C0,Team Dynarox,8000029,357212,19,18
19,#2LQLJVY9U,Experts gamers,8000059,350367,20,14
20,#2PUPGVGJL,миша супер реп,8000037,321849,21,19
21,#2PP2RYQC8,PEPE SECH,8000008,317682,22,24
22,#2Y8LV8RCP,cccr,8000050,314227,23,20
23,#2QVL08QPR,EVOCATION,8000033,303214,24,30
24,#QQUUYCJG,Райн Гослинги,8000025,299318,25,30
25,#2C80QR98,BALKAN|Light🌌,8000021,286122,26,1
26,#U0V090RQ,los mejores •,8000029,283643,27,29
27,#LR999LYY,SALARIUSXXI,8000049,276696,28,30
28,#QYLJVLRR,amigos e amigas,8000029,271648,29,27
29,#98G0V898,La Papaya :),8000027,269608,30,29
30,#28P0LRVPY,전설의 황금 용,8000029,268611,31,19
31,#20JLYGU0,GIB SOLDIERS,8000006,263993,32,23
32,#2JQUQ2GGJ,les-gros-zgegs,8000005,261590,33,15
33,#PCGPVQYQ,babajuans,8000019,259477,34,17
34,#2R2VR98CU,Ady's Club❤Jr,8000059,259228,35,30
35,#Q0VUQGP9,longest eskeit,8000028,251567,36,30
36,#29L220JGU,фреди фазбер оу,8000034,250105,37,30
37,#LYPRRYR0,ZerRacers,8000027,243670,38,9
38,#VRJRYU99,Faca La Paca,8000029,241513,39,16
39,#28CCGLUUR,MMA SQAD,8000046,237538,40,29
40,#22GJVYGC,uni squad pug,8000024,236772,41,30
41,#RVGGCUV,Kernel Warriors,8000017,234576,42,24
42,#2JJYG09Q,PP Gang,8000005,234258,43,18
43,#2R0QPLQGL,Евангелион,8000046,229782,44,30
44,#8LL0UUG2,Som Alv,8000029,227811,45,28
45,#208QP2PQV,Україна топ,8000059,225873,46,29
46,#VQ0PJRQJ,Spike_please,8000019,225084,47,30
47,#2C8LU80JG,Leonprokings,8000037,224025,48,29
48,#2Q9CGG280,9katyantin-9,8000027,223654,49,29
49,#29GR99RGR,Chef burger,8000049,219240,50,12
50,#YYVUVGVP,ВИКА И МАРК,8000025,218610,51,26
51,#2C9RCRUJ2,Les Germanistes,8000018,215960,52,24
52,#LQ8J9GUC,Elits AM,8000016,213852,53,11
53,#2JQ9PQJ8,LOS CAMPEONES,8000059,208646,54,16
54,#2QRYRPVRU,свиноматка acad,8000043,206751,55,12
55,#9J9LCP2R,133%,8000044,205562,56,30
56,#2P2JP8GP2,ворона12345,8000003,204791,57,28
57,#CUJL9PP0,kooLy4ka,8000007,204454,58,16
58,#2GV2JRQQJ,bucket boys,8000029,203690,59,15
59,#2JJ9C9V2V,Team Cogollito,8000047,201789,60,30
60,#L2P0LV2R,Brawl stars 2.0,8000059,198026,61,12
61,#2L8LGVPQP,999444,8000047,196608,62,13
62,#8280LVVR,완정초,8000029,193318,63,28
63,#2JL9GL8J8,ratatouille,8000059,192463,64,13
64,#C2YVQ8JP,ромащщ,8000005,190726,65,30
65,#2C982CJQP,ЧИТЕР_777,8000033,190468,66,26
66,#QL8QY0P,OCHELO,8000023,182208,67,19
67,#29C08LVG9,𝙂𝙚𝙘𝙚 | 🎧🎼,8000059,181432,68,9
68,#220GJRVRC,А привет,8000049,180844,69,30
69,#LQQGQJ0C,Ho7s,8000006,179648,70,11
70,#JRPJQCP2,вице-президент,8000056,176433,71,20
71,#YQC80LRP,ON CACTOS 2,8000013,175758,72,29
72,#GJJYYR0Y,1000 бог,8000029,175582,73,30
73,#28V2J8QRV,NXT|TEAM✨🖤,8000023,172727,74,11
74,#22U22PJ20,Regions Game,8000022,171937,75,15
75,#2QGQYC09G,♠️TILTED♠️,8000031,167108,76,10
76,#2JCUGPJVQ,Гей клуб,8000059,166139,77,17
77,#G99PG82U,502戰隊,8000037,164534,78,19
78,#22UGLVGVY,Brawlers,8000011,163494,79,25
79,#2CR0L8RJY,el cobre,8000029,163330,80,29
80,#292CQ92L9,GT8|Floosis,8000037,159285,81,8
81,#28Y8YRYGC,KING WOLF,8000004,157912,82,28
82,#292CRPG8Q,Чебурек:),8000010,152749,83,18
83,#29PGLJJLY,QUARESMA,8000055,151224,84,14
84,#GRGPU298,Los Chimuelos,8000052,148006,85,17
85,#2P22VP8V,Sortiu de Casa,8000009,146959,86,26
86,#2R2P88U0L,Istrinskoe OРG,8000036,145857,87,10
87,#Y2J92QYQ,JULES FERRY,8000037,145604,88,28
88,#QLVGRJ2,BigMac,8000010,145096,89,28
89,#2RV200980,Aksellebulgare,8000059,142088,90,30
90,#2QQ09P89C,глобусы❤,8000056,141089,91,16
91,#U09PV8YG,eze,8000029,140223,92,26
92,#Y8V8YJPJ,SUPRIMALACALVA⛎,8000025,139432,93,30
93,#LCY2J89L,Power💪👉👈,8000002,136698,94,29
94,#G22JCGY,Elorrio,8000007,135278,95,29
95,#C9CUR9UP,drž hubu 9,8000013,134656,96,29
96,#PJG0Y9U0,Quinto,8000056,134540,97,14
97,#2RULY8PGQ,школа 10,8000059,134463,98,30
98,#2PVCY9GJ0,приятели за ви,8000029,134201,99,26
99,#2QJLGPRGV,CP|Capuchinos,8000029,132851,100,24
100,#Q9V989J2,big banana joe,8000010,131032,101,8
101,#2QVJ00VJU,Romania_🇹🇩_♡♧,8000043,130359,102,30
102,#V02PGGJP,Filip i Kacper,8000029,130051,103,24
103,#2R00YRJ2J,€$Chebureshka$€,8000023,129887,104,9
104,#9PP8P2LP,احلام العصر,8000037,129519,105,7
105,#C0Q2Q2JR,N1GG🅰️TOPI🅰️,8000049,129239,106,6
106,#G22PPL99,megacorvoleon,8000029,128816,107,28
107,#2PP9V8JRQ,BMV TOP,8000049,127890,108,30
108,#2GQJ2U8YP,빨간색,8000037,127387,109,5
109,#RQU8929J,5총사팀,8000014,127364,110,28
110,#QLU0QYVJ,big bugs,8000056,125938,111,30
111,#9L299GUL,1ros camperos,8000014,125543,112,20
112,#9V8C0LYY,پرسپولیس,8000013,124858,113,27
113,#2GC9RRVCJ,Bread Brothers,8000053,123502,114,6
114,#2G8GJ0JP8,оупи леон👌,8000003,121997,115,16
115,#2QYU2U080,Gangsters,8000057,120512,116,11
116,#2RJ0P00VU,Тру Гули,8000039,119809,117,16
117,#2R0YVJRPC,:Брав:леры:,8000029,119799,118,10
118,#20YJP8GPG,нагибаторы,8000039,119044,119,11
119,#J9PLR9UL,10ю,8000011,118456,120,29
120,#RG9QGGCQ,ек34,8000005,118359,121,25
121,#20RJUJV92,РОСТІМ,8000029,118232,122,22
122,#Q8QU8L9Y,хочу Амбир,8000025,118178,123,30
123,#2PRGU0QCJ,вепо,8000005,116633,124,28
124,#8CPQCQ2G,Ferencváros,8000027,116129,125,24
125,#2R0QJJPRC,쫄보,8000035,115858,126,6
126,#PU0Q29J8,ßong Stars,8000007,115605,127,9
127,#2RQP2URUR,Donas,8000013,114307,128,30
128,#VC0PGGCQ,NEROSAD,8000025,114049,129,24
129,#2QYGJ0L28,Los Porretas,8000037,113158,130,10
130,#298GPRVLR,nanaga,8000009,111555,131,28
131,#CUR9JYQV,TrapClencho,8000013,110750,132,13
132,#2Q2JC0CG0,Россия топ,8000000,110718,133,11
133,#CR29YVCV,Давид и Роза,8000018,110306,134,28
134,#29QRJCPLQ,GüÇ,8000049,110262,135,9
135,#URYVVRC,TeamImperislism,8000029,109972,136,8
136,#L2JPV989,дарк клуб,8000057,109718,137,29
137,#Q9QLY9G9,хочу Амбир,8000025,108052,138,28
138,#29JJGRU8Q,LASANHA 😄,8000049,107859,139,23
139,#29YCRU0R9,bc_govno,8000039,107281,140,7
140,#2Y8UCR0LP,konoha gakure,8000013,106804,141,9
141,#CGGYJRY,los juanmas,8000029,105430,142,4
142,#GCQ0LR,lu8,8000027,105210,143,19
143,#28VPGGY9P,ндо,8000005,104277,144,26
144,#CYUJ00G,sahami,8000024,103354,145,30
145,#GJY02UP0,GAMER STARS,8000003,103066,146,25
146,#9LLL00GJ,epicardo,8000048,100981,147,17
147,#Q8CUR8V2,[Team super],8000029,100921,148,29
148,#2LUP0LU0Y,phénix phénomen,8000019,100373,149,26
149,#2Q9JP9G,Valencia cf,8000021,99295,150,30
150,#RQQJ9JY2,בית הספר לסינים,8000002,98109,151,28
151,#29G9V9QJY,augustin.corp,8000047,97939,152,6
152,#209VPUCU9,☝️ЧиНа☝️,8000043,96898,153,6
153,#202L88QCG,Tactical nuke,8000056,96751,154,15
154,#GC08UQ9U,TKK|KooLKidZ,8000003,96291,155,11
155,#VCLV2VG,hasan😎😎😎,8000025,95063,156,26
156,#2Y0JU0LGL,Квадрат,8000025,94743,157,19
157,#20GLQ9LCV,ATOPIX,8000029,94724,158,28
158,#29RPUCP29,ми легенди чупа,8000057,94125,159,10
159,#28PQGJ2GU,THE BOYS CLUB😎,8000039,94008,160,26
160,#G0C89JG2,грандмастеры,8000023,93877,161,30
161,#28QCYPGQP,SlVlX,8000041,93182,162,12
162,#GCC0UY9Q,маскер,8000029,92402,163,29
163,#28CJVCLY2,всем ку,8000007,92294,164,29
164,#28CR8CUPL,"👻👻""BOO"" 👻👻",8000057,92132,165,7
165,#P8YP08V,sevgili,8000018,91838,166,24
166,#RP928PLL,один1,8000029,91708,167,28
167,#20L0GR9Y2,aleqsitmg,8000029,91652,168,29
168,#2JC0C9UPR,Los pajines,8000010,91499,169,5
169,#8LPLV2CQ,BİZİM KUZENLER,8000057,91134,170,27
170,#9LVGPRQ8,Ja!,8000017,91008,171,28
171,#9YGGCR0C,Team Spike,8000013,90600,172,16
172,#VCUJUV29,JAMM,8000039,89058,173,7
173,#202P9R88J,бедра топ,8000059,88182,174,23
174,#V8000Y9Y,real Madrid,8000004,87230,175,12
175,#2G99J8UQY,KERTENKELE,8000050,86138,176,14
176,#PU0PYLJG,DabutiBrawl,8000016,85799,177,12
177,#9VVU0G2V,Мунир,8000035,85602,178,27
178,#LQ8Q20LY,TamazighT land♓,8000013,84840,179,17
179,#2GJ2GG0Q8,Stoods Gang,8000016,84758,180,8
180,#2YU9P2QJ8,СУПРА,8000029,84354,181,29
181,#C20YURQU,мама года,8000019,83965,182,30
182,#PQ8Q20QY,Kyat,8000007,83780,183,26
183,#298PQV8PQ,Brawl Stars,8000033,83748,184,6
184,#2U029PPU,мы Украина,8000004,82789,185,30
185,#JVGL8Y,PAKO EL LOCUELO,8000019,82596,186,13
186,#2Y90QR8LY,StochasticS,8000004,82515,187,9
187,#29QVQ9Y0C,TG @dastbrawl,8000036,82407,188,30
188,#JLY2QQV9,birre,8000019,82225,189,8
189,#C9VLVQLU,muminki pro,8000023,82157,190,22
190,#LCQ2L220,Fex pley,8000029,82132,191,14
191,#2GCU0QQLC,Belly Dancer,8000003,82123,192,21
192,#8QG9V9G9,allah,8000017,82101,193,29
193,#28J0PY88R,FistedUrSister,8000057,81584,194,10
194,#RP00VQ9,А4,8000025,80948,195,20
195,#CQVJQUCY,siiii,8000018,80795,196,27
196,#29CJ09PV,ünlü ailesi,8000003,79906,197,30
197,#U0PLU2VR,уважающие,8000026,79484,198,29
198,#20282P2Q2,aliaza pro,8000055,76181,199,5
199,#9JVR8UGY,ג1 האלופה,8000020,75934,200,30
