,tag,name,badgeId,trophies,rank,memberCount
0,#28VPV8Y9J,<c0>Nega</c>tiv,8000039,1087982,1,30
1,#8C82GVVV,Brag Stars,8000051,1005479,2,30
2,#2CRPLCUYJ,Türkiyem,8000034,903193,3,30
3,#LLRJ2U9L,moral,8000037,849089,4,28
4,#2Q8JCVG8Q,المجزرة,8000029,833702,5,29
5,#28L00QQ80,Butterfly doors,8000010,800456,6,29
6,#29PJ80QL8,Torvic,8000029,707780,7,30
7,#220VYQLP8,Poisonous Fire,8000045,693000,8,29
8,#29QUJL92U,Koksyyyy,8000052,692927,9,30
9,#2G8CU2RJ9,Smeagol Club,8000008,455994,10,30
10,#L9YLR02V,робатик,8000043,454838,11,29
11,#2QCGG2Q9V,Swiss club,8000013,453103,12,30
12,#QRR8UPU8,Turkish BS Team,8000021,449093,13,30
13,#29JRULCUV,kutas goryla,8000014,443662,14,29
14,#2JCQ9J9GQ,-FRIEND-,8000006,410774,15,30
15,#PRR0UU2P,-V-,8000004,360358,16,26
16,#CPU0QV2P,<c7>PRIVACY</c>,8000011,354349,17,1
17,#2RVR2CGYC,M.X.&,8000041,348058,18,15
18,#V8Q9CL9J,backfish gang,8000029,342070,19,30
19,#28QQVJP8R,зрелые огурцы😈,8000039,340468,20,30
20,#CCPQ2LRL,ГРАМОТЕЙСКИЕ,8000029,330666,21,1
21,#2P8LGR2RJ,Язек,8000039,312761,22,18
22,#2JVJVCU82,Castle Vania ©,8000032,290361,23,28
23,#2J2RRYL8Q,Wenomechiansama,8000037,289904,24,17
24,#2P28UL8QV,xs nooby,8000011,283589,25,27
25,#CGVLLYCP,United Forces,8000022,276509,26,1
26,#2CJY0VVLL,kumbara,8000013,274904,27,30
27,#CCPGU8CG,Fake Dragons,8000023,263338,28,30
28,#2QVGGC8LJ,компанія,8000034,260634,29,25
29,#PV9YVRC8,PAY TO TEAM,8000013,257338,30,12
30,#PV92YYCU,Pora,8000023,249957,31,25
31,#2YYV8GY9C,TIM BRODO 5,8000001,249539,32,24
32,#288QJP9CU,За это БАН,8000039,246142,33,13
33,#Q2V0QY2P,brawl TV,8000019,244830,34,19
34,#2JC2L290Y,Кактусы,8000013,242742,35,16
35,#2GLR0QQPY,Family Team Cl,8000057,242121,36,9
36,#8PUVLYC2,здышкин,8000048,231580,37,23
37,#2GVVYQ8RQ,толпи кричат нк,8000013,229858,38,12
38,#C2GU8V80,Team Bandyci,8000029,225089,39,30
39,#RJJ0UVUJ,Forgot,8000045,221862,40,30
40,#UV2GCQG,Brawl Brows,8000018,219733,41,26
41,#J2RPQQYU,даже кот,8000057,217632,42,29
42,#G89J0U8G,【 𝕭𝖗𝖆𝖜𝖑】,8000020,215862,43,14
43,#YVVG00GC,чисто найс,8000057,211939,44,10
44,#Q09URPC2,редкая мамунт,8000042,204151,45,14
45,#2C9C2UUPV,<c4>YT|Navi</c>,8000036,203571,46,10
46,#2GYJY8LUU,Касарь,8000037,203352,47,30
47,#LVUJPUCR,mkljh,8000025,202017,48,26
48,#2YLJ8LUUL,BANDANA,8000037,199570,49,12
49,#2280LQGR2,тік док,8000050,199527,50,30
50,#28Q0LVQPQ,Brysons gang,8000028,199422,51,30
51,#200QUYPRU,I bruni98,8000058,198869,52,30
52,#2GLY8UGY9,killers of blue,8000021,196311,53,30
53,#2L82PVYPP,2 хулигана,8000025,192878,54,15
54,#2R8YL8LPP,Skill Russia,8000028,191932,55,14
55,#29UYVPRCG,RRRMMM,8000032,191177,56,30
56,#2LU9Q2RL9,kotiki🛐,8000008,186358,57,12
57,#22VG82YCQ,Brawl Stars,8000007,186028,58,18
58,#JLUJ8Y98,рапапам☝️☝️,8000010,185852,59,30
59,#VLQJVQC9,Nico 1,8000005,185359,60,30
60,#28YLQPRLJ,KNIGHT RIDERS,8000021,185187,61,27
61,#2JY0LRR0Q,pomme🍏pomme,8000035,184452,62,15
62,#298LCQCUY,Astronaut team,8000041,183464,63,18
63,#2QVVYVG8L,🌹PLL|Forever🌹,8000023,182419,64,30
64,#Y0GPLJL0,толясик 228.98,8000013,182091,65,28
65,#V99Y0R02,SUPER КОРОЛЬ,8000019,181328,66,29
66,#2JJPC8QRU,claselebi,8000013,178845,67,12
67,#290VLJRVY,いつか私たちは戻ってきます,8000037,175019,68,19
68,#2PYPVVJGC,МАЛЬЧИКИ ГЕИ😍,8000052,169797,69,30
69,#Q08LJLJU,笑波子,8000029,168994,70,27
70,#2J8PGVCVQ,рыгалов,8000029,167349,71,10
71,#28GYVRJUC,😍КОТИКИ😍,8000022,165710,72,29
72,#L8LV080Y,Котики,8000031,165358,73,13
73,#2292PJYC8,А4@omg,8000029,164363,74,28
74,#2RC92VJ28,бобры,8000022,164338,75,30
75,#PJLU8JR0,UPS,8000029,163089,76,26
76,#8VLG928Y,StarPepers,8000036,158979,77,6
77,#28Y2JGQ9R,кириехи,8000036,156941,78,28
78,#R2PRVQRP,ячсвя,8000004,155842,79,30
79,#GV0VURQU,lavello,8000005,155589,80,26
80,#92VGYGU2,SquirrelSquad,8000003,154397,81,21
81,#2QQ8V8L9R,Лицей5 & шк 131,8000037,153064,82,30
82,#8899GLG0,дваня,8000016,152935,83,30
83,#2LL2JL9QV,взрослые,8000051,152741,84,15
84,#2JLQ22L0Q,ЭТО ШД БРАТИК🔥,8000033,152409,85,19
85,#20RGV80RY,l'ancêtre drago,8000019,152313,86,14
86,#2RG222UUQ,TQ Redboll🐨_,8000009,151987,87,30
87,#29288P0RY,нарва,8000018,150621,88,29
88,#L8V8YRC8,SV Клуб,8000046,150020,89,30
89,#29PRPQC08,ŤĒÅM|ŁÄŻĔŘ 64🪐,8000046,149756,90,10
90,#2QCCCRJL2,yarın video var,8000013,148881,91,1
91,#290JCPJJ8,Schulübung,8000037,148094,92,24
92,#2CQ0J9QCJ,Shiza2.0,8000049,148068,93,13
93,#2GPUP0LU,Os bolados,8000004,147156,94,29
94,#CP92022Q,JH JIA HAO PRO,8000002,146911,95,26
95,#VGQVYV2V,EliteK,8000020,146842,96,29
96,#2GULJQJGR,вилолв,8000059,146152,97,23
97,#Q0RGP90Q,başnan,8000027,145489,98,26
98,#20LRUJ89G,sziszaúr,8000007,145344,99,30
99,#20UVR0G09,no,8000028,144873,100,28
100,#28YL2RQUR,робзи банда,8000004,144063,101,27
101,#2QYJU2QV8,praim,8000019,144009,102,11
102,#208YV92GY,а́ви4ка́,8000049,139528,103,29
103,#2CPP9PCJ2,-_-,8000019,138895,104,7
104,#2LVV292Q8,Brawl Kings,8000029,138825,105,18
105,#Q2LJ92JP,Амир1,8000059,138609,106,27
106,#2LPCPY80P,1337,8000025,138311,107,20
107,#2GVQQYVUP,topicboom,8000016,137628,108,13
108,#2R0J228GY,AMBER AMBER 100,8000059,137470,109,29
109,#J98R2LUG,틱틱이,8000042,137334,110,30
110,#GPCU0GRR,supername,8000018,137268,111,22
111,#2JGPUPQRV,Volver,8000026,137001,112,29
112,#2PUQUYULY,джин на 35,8000013,136067,113,26
113,#PP8U9JVP,PRO PRO LOL,8000029,136060,114,24
114,#28C8QPP9C,РУССКИЕ!,8000037,135868,115,9
115,#2QU2JRPR2,акула 666,8000034,135123,116,29
116,#8JCCV9V,X_KUZENLER_X,8000047,133648,117,10
117,#JVYYYGQ9,Leon Army,8000013,131967,118,27
118,#P0C92G0,Бравлтейл,8000059,130520,119,13
119,#2008YURR0,SPOOKY MONTH,8000000,130078,120,21
120,#28UU890PR,приаг,8000029,128278,121,25
121,#JQ2VP9QL,Амангелді сош,8000004,128088,122,30
122,#2GV0QR282,дети в подвале,8000047,127593,123,26
123,#209QCUCGG,CLASSE 5C🍕,8000047,127529,124,30
124,#292QQU08C,üç büyükler,8000029,127302,125,13
125,#2R9LRY0LJ,CM|eSporte2021,8000058,125779,126,30
126,#2RPY9U2JR,команда...228..,8000053,125575,127,22
127,#29LVQRJ8J,malavita,8000048,124669,128,30
128,#20VL8PULL,"35,5",8000025,124070,129,28
129,#R8P8VV89,مجد مع جورج,8000029,123892,130,28
130,#UJCU2GLR,давид+кирил=сту,8000015,122200,131,26
131,#8GV99YGP,Chent Clan,8000017,122156,132,30
132,#29VGLQPY,FLEX,8000059,121427,133,7
133,#2R2UQLY9P,абду,8000000,121233,134,27
134,#UGR2GQ0J,dilara aus wish,8000013,119808,135,28
135,#22L0QP9GR,север и юг,8000059,119544,136,28
136,#98ULPP9G,pevezengler,8000019,118981,137,28
137,#Q29LY0VJ,The Shadows,8000057,118551,138,11
138,#YPRQJCJJ,1vs1,8000009,117761,139,27
139,#2C88CYY92,CuriGenericos,8000016,117061,140,5
140,#RQJCUL8R,yigit yunus,8000050,116945,141,21
141,#2GGL88LCY,Школа АД 666,8000037,116934,142,20
142,#2QRYQY9JC,Bom4ikk:),8000005,115759,143,7
143,#2YJLJL8YY,🔥Feuer|Gang🔥,8000017,115661,144,6
144,#209VG2URC,【 𝕭𝖗𝖆𝖜𝖑】,8000020,115573,145,10
145,#2R0028R8Q,Vania/bs✌️🎥🎧,8000037,115373,146,27
146,#2PRCYLC89,🌈ЛЕОН🌈,8000041,115369,147,26
147,#2Q0CGJP8U,Galatasaray,8000000,114611,148,6
148,#JLVJUY88,⚔️ПРИКОЛИСТЫ⚔️,8000029,114101,149,27
149,#2PPRUYGUV,ölüm,8000035,113759,150,9
150,#QYYYQRVJ,KIBER,8000033,112589,151,8
151,#2YRJL9R89,GG/Max’s Squad,8000034,111980,152,10
152,#2QGGRJGU9,/A_ZERTY/FR,8000021,111904,153,10
153,#2J9LL9RJU,YT|TURIST,8000039,110647,154,5
154,#2PPQLG8Y0,Бэбранюхатели,8000011,110376,155,27
155,#20PRCP889,мы крутые челы,8000043,109867,156,5
156,#28R9J2PVC,пыскогрызы,8000029,108950,157,18
157,#28UPRVVVP,✨MiniCould✨,8000018,108598,158,6
158,#2JL02J8V9,бабисон,8000039,107209,159,29
159,#28G20L8LR,Рыбак 228,8000036,106845,160,30
160,#2PRP0Q2GL,Wasser xd,8000034,106699,161,28
161,#C9JPG2PL,пакег,8000029,105746,162,30
162,#YUU88YV8,Solo paises xd,8000012,105371,163,30
163,#2JUVC8PGQ,hog rider 🤨,8000034,104776,164,5
164,#228LQLR98,GermanTV,8000032,104398,165,30
165,#LVRVYPR8,Друзья,8000013,103315,166,8
166,#2C28RR99P,Пушеры,8000034,103309,167,6
167,#28UCPVUUY,😡Bagi™mira👑,8000029,102999,168,4
168,#2QL2PQLYL,DIZ?,8000023,102806,169,30
169,#UGYLPPLP,메리오,8000000,102292,170,29
170,#22L80PGYR,isobolz,8000038,102155,171,27
171,#29LUV2V8,Маматиевы 2.0,8000017,101670,172,30
172,#J9Q2QCU2,futbol cular,8000011,101383,173,26
173,#2LUU8QQ08,PASTO,8000000,101196,174,5
174,#2RR2U29CP,Bedel,8000029,100861,175,25
175,#2L8UGY28V,мэмбэл,8000029,100790,176,26
176,#2G8P90PVJ,спайк ка,8000035,99846,177,10
177,#29J98VR2G,The scool guys,8000023,99767,178,30
178,#2092CJQ9U,ПРОСТО БОГИ,8000036,98364,179,7
179,#220CJGGQU,ппппии,8000029,98359,180,26
180,#Q228QU8Y,вуйко,8000055,98219,181,30
181,#222JG8YVR,les chiffres 5,8000005,97972,182,29
182,#99QR9JLR,грозные пираты,8000050,97807,183,20
183,#2PUVJPP2L,@#₽,8000022,96669,184,29
184,#PRVPJ00J,pizzavlex,8000056,96623,185,30
185,#9RQ8JCQL,aek mono,8000004,96612,186,29
186,#2CRRJP8LU,Reich,8000037,96594,187,4
187,#9UPGQ0JP,толік,8000023,96439,188,18
188,#RJRJRCUP,Ross QwQ,8000029,96327,189,30
189,#89QYYJU8,Ραμ,8000057,96028,190,28
190,#2G0Q2Y8VL,Russia City🇷🇺,8000003,96009,191,8
191,#LCG9G0LV,axaxax,8000023,95524,192,27
192,#2GLPJ0PL2,🔥(DOLG)🔥,8000035,95499,193,7
193,#YCV0LP2C,"""натуралы""",8000057,95382,194,6
194,#202YULRRY,KÖPEKBALIKLARI,8000059,95355,195,30
195,#9GQCLC28,Да это Мы😎,8000004,94276,196,6
196,#PL8CQYPU,анти какер,8000021,94261,197,19
197,#V9GGRJ9G,Брат за брата,8000029,93978,198,10
198,#CJC0JYLV,Patatini,8000018,93750,199,4
199,#YYYCVLY0,greenfields,8000012,93071,200,25
