,tag,name,badgeId,trophies,rank,memberCount
0,#2JU0YLYJ0,🍆 Connoisseurs,8000009,879077,1,27
1,#QC9C8QVJ,NoMercy Team's,8000027,812790,2,30
2,#2CJYYYCYC,TURK<c2>ISH</c>,8000006,711136,3,30
3,#UYYG0JYQ,양치기,8000029,630645,4,30
4,#2CG099G29,Qls makaka,8000017,567637,5,30
5,#QVJ9GL0G,Team Polacy,8000055,545430,6,29
6,#2CGPV8L9P,EDG,8000055,528386,7,30
7,#29U8RGYUJ,Can Top,8000023,526008,8,26
8,#UGY0VG9G,ALESSANDRO JK1,8000035,504140,9,27
9,#QP09LJG9,Winners,8000023,488151,10,30
10,#22QL0C9LU,PRO GaMeR team,8000058,449551,11,30
11,#289URCVLC,🌷Papatya🌷,8000025,405004,12,2
12,#22RPLQJV0,younes135,8000023,385561,13,30
13,#2CGV2PP8C,😈AZERBAYCAN😈,8000052,326414,14,29
14,#2902L89JU,titan,8000023,292596,15,19
15,#28QG0GYVJ,R&M,8000047,284479,16,7
16,#2GRCRQ9PP,Свиная Бебра,8000058,280892,17,17
17,#LP9GJQLQ,gamery,8000029,280448,18,30
18,#UCV8G02Q,kr_Clan,8000052,280010,19,30
19,#2CRVU98GL,אני בית ספר,8000059,274664,20,16
20,#20Q80JCL,Не Долбаебы,8000016,269692,21,16
21,#PV8CVV8Y,КладоИскателИ,8000013,268251,22,26
22,#8G9G99GU,BRAWL ITALIA,8000023,265557,23,27
23,#QC2CJQU8,Brigadoon,8000016,255330,24,20
24,#QYGJV92R,ملوگ برول😇,8000049,252871,25,17
25,#UGRQ90C8,ПИЖОНЫ,8000039,244292,26,15
26,#2L8L0GVJ,Granada TOP,8000023,231369,27,30
27,#JQLPJ80G,Бизон,8000033,220410,28,20
28,#C8U0GGU0,zs prim,8000013,219095,29,27
29,#8RL0QUQ9,brawler forti,8000037,216722,30,30
30,#2RJ9UGR0P,айзик,8000039,216294,31,17
31,#2CGY0V8Y8,просто норм,8000047,206809,32,29
32,#QGUPQ8P2,bułeczki v2,8000016,204030,33,20
33,#L8JVUU8Y,나는꽥꽥이,8000029,203034,34,13
34,#JU2YGV8L,hhuuiioo,8000008,200098,35,30
35,#28GYCQUVQ,какркар,8000029,197191,36,30
36,#28RYQV0UL,илка даст легу,8000049,196747,37,19
37,#2R8GVU822,PIRULETA,8000057,196525,38,30
38,#2J8P2J0VU,Team Galician,8000033,193071,39,13
39,#2QPGPC0Q2,DizLikers,8000052,192216,40,10
40,#2R0QVY8GQ,ДоНаТиК,8000027,190712,41,11
41,#JVR2YP9G,מרסקי הבראולרים,8000013,189904,42,29
42,#QQYPRGJG,супер мама,8000021,187650,43,27
43,#2JPCCJ9P9,гейяв клуб,8000037,184106,44,15
44,#C29P8P,Emperator,8000023,179164,45,30
45,#VU82V92V,ПиКаЛиИ,8000049,177705,46,26
46,#VR82VG0R,Bruclini Gang,8000057,169702,47,29
47,#QJ2LRRGV,LOS PIERNAS,8000035,167705,48,6
48,#2920YCQVJ,50к,8000059,165673,49,11
49,#2LPU0220P,fanboy,8000006,164277,50,14
50,#CU0V2JQ9,Путь бигимота,8000004,164051,51,29
51,#222L2922C,<c1>Cøntŗøl</c>,8000055,163981,52,11
52,#2RYY0U2GU,цыгане,8000036,160304,53,19
53,#ULPUL2PC,Тони Фергюсон👹,8000023,158433,54,30
54,#2GYPG99LY,WeLiWeLoWeiJie,8000053,157097,55,11
55,#2PJJ990QG,cibers,8000022,156044,56,29
56,#28YY2QPY0,ole lo caracole,8000059,154338,57,29
57,#LVL9L9,Terra Ultima,8000023,153970,58,25
58,#VVCUVGGG,Name0,8000013,152038,59,14
59,#2C8YUQ282,Goditos🐢🦭,8000052,151441,60,30
60,#2PQQJVG28,эмммм...,8000029,150925,61,26
61,#2PGUPJRP2,MECUDE,8000016,150739,62,30
62,#URY9PPYY,voron_01,8000016,150336,63,29
63,#VYQL08PU,SSE-SPORTS,8000029,149820,64,29
64,#2G2QCRGQ2,The best club,8000009,149373,65,25
65,#2JLG2RQCC,isimsiz,8000029,149349,66,17
66,#VV9YGRVL,ŁØŠ ČÖMPÅŠ,8000033,147082,67,15
67,#2YPQGJL2U,Legendy Brawla,8000055,146576,68,10
68,#2LVLJQUU9,ВАРКИС,8000023,146272,69,25
69,#2Q8RLVQ2G,бобр 123,8000016,145769,70,25
70,#RCLGC08U,выва,8000022,145703,71,22
71,#2C888G982,Barley's Bar,8000029,142010,72,8
72,#Q2RPJR2J,_11_Топчик_11_,8000029,141272,73,26
73,#CCQU9UC0,[FG]БАНДА ✊[ТТ],8000008,140332,74,28
74,#JLLV90YL,Tim2.0,8000029,139390,75,30
75,#2LCCJ0V2J,буба,8000028,138044,76,29
76,#LJ2YL8JG,клон200,8000014,135036,77,29
77,#22YUVUYRR,SF(KRALLAR),8000004,133817,78,28
78,#2YUC80QQJ,KONOHA,8000013,133681,79,14
79,#2G9RVPPUY,POCO X3 PRO☠️,8000030,132999,80,8
80,#LRJQRJRJ,cool_d,8000027,131631,81,29
81,#G98R9QGJ,Банда легенд,8000017,131614,82,30
82,#22C2JYGJG,мер клубу,8000001,131172,83,30
83,#RULPYPLU,Все дрочат,8000007,131035,84,26
84,#29QYJPLLY,LØBØS MHTRIX🐺,8000004,131003,85,29
85,#292G8YPRY,друзья,8000006,130673,86,29
86,#90VJ02VJ,Big Brawls,8000007,129734,87,16
87,#8Q9GLR00,роророть,8000000,128526,88,29
88,#JCYC29PP,👑babioyunda👑,8000000,126452,89,30
89,#V0VR2JPV,Клуб GG,8000057,124095,90,12
90,#J2U8V8YV,hubi,8000057,123577,91,25
91,#2Q02G8QL2,Team449,8000025,122827,92,17
92,#VU2P0VGP,айфон 10,8000005,122727,93,30
93,#UYJ8PR8U,(anti) COVID-19,8000004,122074,94,11
94,#Y8Y0RP92,Вита++,8000029,121891,95,29
95,#2LR0QVR89,шашлык,8000051,121295,96,7
96,#VVVV0JG9,гоголи,8000005,120988,97,30
97,#JYY9GVRV,brawl stars csá,8000007,120814,98,27
98,#2R08QRCQU,дриши,8000058,120748,99,23
99,#VQUJ8VYQ,metukka,8000000,120079,100,13
100,#2G0YCR99U,супер пельмене,8000047,119785,101,30
101,#2YPPVGUYL,[QIS]Max😔🥀✊❤️,8000037,119333,102,28
102,#2QRV9V92R,LEVO,8000043,119240,103,27
103,#2QR8PUUGU,абаб 24837,8000038,119027,104,5
104,#2YGPQRYY0,Соник😎,8000007,118671,105,12
105,#2088VL88Y,les lion d’or,8000055,118039,106,20
106,#Q8JJU2PG,Трава,8000025,117098,107,27
107,#22LCJLJV,гэйл приди,8000029,116540,108,27
108,#JGPQ002U,κλανιες,8000022,116164,109,28
109,#2JUR08GJU,47.Gang,8000039,115976,110,18
110,#8URUPUYC,!ELiTA!,8000029,114780,111,30
111,#29UQ9LQRG,GOLD,8000023,114632,112,21
112,#2G0RY8C02,No Name FN,8000053,114357,113,7
113,#2G8P0L0V2,капекапе,8000049,114000,114,26
114,#2PPVVL80L,дурдом 2,8000059,113735,115,29
115,#2YVV9PY09,Qasz,8000028,112960,116,30
116,#29LYQGVJ2,три О,8000034,112704,117,30
117,#GLQ9GPQC,рослини,8000022,112157,118,28
118,#2G8GJ2V9V,🦈ShArK❤️‍🔥🦈,8000004,111741,119,27
119,#2892VL0YV,TURKEY,8000023,111605,120,12
120,#2JY92CYL0,чебурашки,8000057,110714,121,16
121,#98UULVRG,ХАБИБ,8000013,109790,122,27
122,#VCYJ2CUQ,los muder,8000035,109432,123,30
123,#YUP0LPVP,крутые пацаны,8000000,108817,124,24
124,#GQ99GRY,كلان لورف,8000029,108777,125,29
125,#2G0UC2QVG,Секта Тары,8000035,108090,126,6
126,#2Q0V2RVUR,iubiti,8000044,107437,127,28
127,#UV8898PG,APEX VİDEO 2,8000019,107233,128,30
128,#LVG9088R,velkom,8000003,106653,129,7
129,#2LCYRYCYU,zuko,8000005,103944,130,26
130,#2PUJVVP0U,CRiz4Ka|TT,8000004,102849,131,19
131,#Q0GRQ2PR,정욱스타들,8000041,101690,132,7
132,#2RJ8LL9Y9,19298,8000023,100139,133,30
133,#PC9QLJPR,RE D'ITALIA,8000007,98342,134,29
134,#PLQ9822C,😈❤️,8000039,98114,135,28
135,#RCGJ0C,TheBumBrawlers,8000028,97164,136,29
136,#2QYYCU80G,Matoko,8000004,96619,137,29
137,#2QPP89GCL,E@M@H@,8000049,96452,138,18
138,#R9GYPGRQ,🇹🇷 Türkler 🇹,8000015,96271,139,11
139,#2L2RPGY2P,트로피제한없음,8000043,96011,140,6
140,#2YY90UCJC,друзья заходите,8000016,95406,141,24
141,#2QJVQG2V9,Urma Ionut,8000027,94961,142,6
142,#U08GV0G9,ניתאי ויהלי,8000013,94085,143,29
143,#2Q0U0QQCJ,Brawlik_ik,8000026,92841,144,7
144,#2PYRRP98R,hatz cu legenda,8000029,92273,145,18
145,#VY02L9CJ,napredak,8000029,90266,146,21
146,#2C9CC8V20,밍밍이 파워,8000039,90024,147,23
147,#2LP2J0RU2,4А класс,8000034,89327,148,15
148,#QGLCP0VQ,pros no hackers,8000007,89062,149,28
149,#2JPYR02YJ,حلو,8000038,88746,150,29
150,#2CL8QLC2U,蛋仔派對,8000013,88109,151,18
151,#2LP8CCGJG,:Крыса_шели:,8000054,88014,152,29
152,#GPLVGU0,Los Chavules,8000057,87957,153,5
153,#JY8JQ2CY,ЛИФТ К КУБКАМ,8000029,87921,154,10
154,#29P8RQRLQ,клуб супер,8000051,87764,155,30
155,#LYGP8V8L,대구강동초 모여라,8000029,87297,156,28
156,#8YQUQUU2,산하,8000006,87079,157,27
157,#29908C209,ULS|TEAM💸,8000056,86173,158,5
158,#JPC2Y9QJ,my tom 2,8000003,85003,159,26
159,#2C80LLLVL,OLD HAÇKER,8000053,84933,160,10
160,#29RGY0JL9,лысые кабанчики,8000029,83913,161,6
161,#2JQY8GJLC,я хз чо писать,8000027,83608,162,26
162,#QL8CY8J2,YARMER TEAM🔥,8000037,83428,163,5
163,#28RJ9LC8G,тима,8000032,83020,164,12
164,#29R0Q8RRR,campamento,8000021,82901,165,27
165,#QCLQPRQY,🌹{K+S=❤️}🌹💘,8000023,82054,166,6
166,#UQ02QRLY,Лапатушка100 1,8000012,80311,167,27
167,#2LVYJ9PJG,[АРАБ]✓,8000023,78273,168,8
168,#2CPUPCLY2,라도스,8000045,78147,169,6
169,#2JJL2LGVC,gecik,8000000,77873,170,30
170,#200YPC9PG,불고기,8000037,77476,171,7
171,#29QPPGQQ,Kirsch-Banane,8000007,76588,172,23
172,#QGU88C29,я лутше илки,8000011,76121,173,23
173,#2RQUUVYLQ,декорум,8000008,76068,174,9
174,#20VQJURJ8,ТИТМАУС Team,8000022,75917,175,11
175,#2RR0QVVJ2,прип,8000059,75762,176,6
176,#JPGPYU0R,Громовержец,8000007,74604,177,19
177,#C8VG29G,los mejores,8000019,74463,178,30
178,#2RP9GG9L2,Buzz's Club,8000053,73968,179,11
179,#YUUJRLLP,IDJOCI Z OSIEDL,8000010,73666,180,18
180,#2JQLP2JQ0,Grine,8000035,73355,181,7
181,#29L2YLVJC,🌋WOLF🌋,8000020,73026,182,11
182,#VQJG2Y0P,HIYAR ❤️,8000057,72904,183,20
183,#YJ9L98LV,KÖYCB,8000057,72312,184,12
184,#LJJ98YQL,666-228,8000027,71580,185,13
185,#29J9LJ8LP,HariZon🌹,8000023,71413,186,13
186,#28Y9VYL98,путь не путю,8000037,71299,187,23
187,#222LCLQUL,üzgünüm korkusu,8000029,70900,188,28
188,#2P0PU0PV2,BS|TEAM|,8000029,70476,189,29
189,#2CJ00QCJG,gonzales,8000050,69473,190,8
190,#2C0R9LYYR,시윤맘,8000049,69460,191,8
191,#2PQ8V0QQ0,あたおか,8000058,69113,192,4
192,#UGLJPRQR,a.x.h,8000018,69040,193,28
193,#V9L2J90Q,Mr | wolk♡,8000025,68823,194,5
194,#2RP0GVCPG,poebeni228,8000059,68813,195,7
195,#29RQLRRGC,Bashkortostan,8000029,68776,196,4
196,#UR8JGGJR,2222222#5л,8000057,68648,197,29
197,#UU8CRCVL,WWE ДЖОН СИДА,8000005,68639,198,25
198,#QGYPCQCL,шкерик,8000029,68593,199,28
199,#28JCRUL92,кошка⚽⚽,8000006,68452,200,14
