,tag,name,badgeId,trophies,rank,memberCount
0,#8C2J2LGR,Kukavice,8000019,1752563,1,30
1,#VQC2JJYY,☠KillerMachines,8000004,1669825,2,30
2,#88Q8CQ2Y,Golden Kings,8000037,1635984,3,30
3,#2QJLCG2J8,Chapulines 🦗,8000043,1443126,4,30
4,#C9RV02YJ,Demons Sikarius,8000040,1407792,5,30
5,#2Q9C8VUGJ,TheWarriorS,8000059,1399925,6,30
6,#PLYQ0CLU,Dark warriors⚔️,8000005,1344227,7,29
7,#2C8LYYQGU,1st Generation,8000051,1327813,8,30
8,#2Y9GQ2Q2,CR Sports,8000010,1318612,9,30
9,#98Y0J808,❤Jass&Crispin❤,8000053,1306012,10,30
10,#2CPRPGVUU,ElitePhoenix🔥,8000037,1276933,11,30
11,#RLGUL29G,DoomStars,8000004,1259777,12,30
12,#2QLPYCU8Q,RawrLovers,8000041,1255221,13,30
13,#29V2YVL8R,Guatemala 502,8000059,1254737,14,27
14,#28CP8QC9J,RεЪσяหLεgεหdร,8000023,1253261,15,7
15,#2C0YL8LVJ,Brawlsito,8000030,1252260,16,30
16,#229UVLYYU,Hermanos Santiz,8000056,1246384,17,30
17,#2228Q0V,atake real,8000059,1232481,18,30
18,#2JRY0QPYR,Unión Soviética,8000035,1223682,19,30
19,#29L8RYV8C,CHAPIN GT,8000021,1216231,20,30
20,#22CCR2QJL,Los Papus,8000039,1211071,21,30
21,#2G9YPPL98,outcasts,8000023,1207881,22,28
22,#QG0RUQ22,ThunderPlayers☣,8000007,1197748,23,30
23,#V0R8U8LU,Los Tortrix,8000055,1194488,24,30
24,#U9CUU2R9,|GT|Dark|Slayer,8000023,1176521,25,30
25,#2G0Y0V8VV,Clarity Realms,8000010,1176235,26,30
26,#2RQC8LJ29,WARZONE,8000027,1171168,27,30
27,#299GRGC2J,Lasting Guard🎲,8000002,1169583,28,30
28,#2QJJL09JC,❤️PSH ELITE❤️,8000045,1169505,29,30
29,#P9YYJQ88,ᴛᴇᴀᴍ♰ᴇʟɪᴛᴇ,8000043,1157575,30,30
30,#Y90QLYPU,los pro#1,8000025,1151314,31,30
31,#2C8Q0YG8U,TD | Canelitas★,8000023,1149680,32,30
32,#2R0VRU8QU,Ecu SPORT 200Cc,8000036,1149222,33,30
33,#GGJC0822,Legion Trueno,8000019,1146967,34,30
34,#PPGVQYQP,mikan,8000052,1135131,35,30
35,#QP9V889R,THE Dark Ones,8000035,1130861,36,30
36,#20RGQQ90C,Guatemala Pros,8000049,1130336,37,30
37,#R98P8CP,Guatemala,8000035,1119945,38,30
38,#2LL8UGG98,LOS_MASTER😈😼,8000004,1117241,39,30
39,#20YL9288C,GT brawl,8000045,1112784,40,30
40,#2PLVUG88P,🥀ßl00D M00N🌙,8000039,1111412,41,30
41,#P2LPLLLG,NOVA I GT,8000003,1108376,42,30
42,#R0YQQ0U0,Guate,8000023,1107065,43,30
43,#2JQLRY9J,Guatemala,8000042,1103395,44,30
44,#2YLPGR80Y,Team22,8000023,1098498,45,30
45,#22220VLR,Gt Brawl Stars.,8000004,1096303,46,30
46,#2Q8PGPVP8,All stars ⭐️,8000018,1095877,47,30
47,#PRVUQG,Brawlers,8000037,1090780,48,30
48,#UU2LVPQC,Kings Army,8000055,1086536,49,30
49,#2V9CG98,Xela Forever™,8000040,1084862,50,30
50,#2JLVLVC00,POCHITAS GT,8000037,1084812,51,30
51,#2L2G89UL8,TNT,8000029,1082897,52,30
52,#2LVJ28YV0,Los de 0,8000013,1075248,53,30
53,#P8LG2LRV,Darkness Of Man,8000010,1068447,54,30
54,#28C2JGV29,☢TEM NOVATOS☢,8000049,1056389,55,30
55,#PQ9QJ9,RealG4Life,8000004,1050823,56,30
56,#YVYLJ8P,LOS VATOS GT,8000018,1049245,57,30
57,#29LV0089P,Team Lan’s,8000055,1044473,58,30
58,#Q9ULQQJU,los papus🤑,8000039,1040271,59,29
59,#Q0JVR99J,los craks,8000043,1039377,60,30
60,#2QV8LGYJC,The panas ✨,8000029,1036861,61,30
61,#22JVP9YG8,Circo De Jack🤡,8000040,1033324,62,27
62,#2QYU8UV2Q,Pelaez Brothers,8000037,1021816,63,30
63,#2RCGLCUYY,Hail Stars,8000055,1018902,64,30
64,#200V8GJ8L,BICHOTAS :3,8000037,1018208,65,30
65,#2QQR099QU,Dream Team GT,8000002,1017292,66,30
66,#URJLQ9YV,ANGELES CAIDOS,8000057,1015516,67,30
67,#2G09PRPJV,😛😎,8000010,1010230,68,30
68,#2RLR2CRY2,MaraMM,8000037,1005943,69,30
69,#88JLGGJU,King Brawl GT😎,8000055,1005544,70,30
70,#LR89G8RJ,BSN|TheClub,8000041,1005186,71,30
71,#2YUG929YU,TEAM FIGUE!,8000021,1004175,72,30
72,#9CLJRPLC,los dos,8000033,1000564,73,30
73,#20V0GLQU9,Kawtheros,8000029,1000204,74,30
74,#2R0V8U2CL,BIG FORCE,8000055,999859,75,30
75,#CLQ0UQ2,FuriaTamaleraGT,8000051,998849,76,30
76,#2CQ9YURYC,Manguitos,8000046,995924,77,26
77,#22LLGLL9,los primasos,8000055,994821,78,30
78,#2829UQ92J,benjos,8000023,991744,79,30
79,#LVC8GU89,Team Calcetin,8000012,990957,80,28
80,#2JPC8JCCU,GTX|Clan,8000027,990319,81,30
81,#2LLQCPLPC,Los finos 🧐🍷,8000041,989876,82,30
82,#209Q09V2V,BRAWLMASHERS,8000018,987048,83,30
83,#2G9U0UV9C,꧁☆ŁÊGËÑDŠ☆꧂,8000052,984993,84,30
84,#22PRV9L2P,Guatemalabrall,8000044,983682,85,30
85,#LURUPYVQ,⚡La Rebelion ⚡,8000034,979803,86,30
86,#2CP0JCY99,4NDR0M3D4🔥,8000058,977863,87,30
87,#2RLJV0GL9,LATIM™CRAZY,8000029,977740,88,30
88,#2JJQ8CVQL,LOS INSANOS xd,8000037,975190,89,30
89,#20V8222GQ,La Casa D Papel,8000034,970584,90,30
90,#2R0P9JYP,TWG|COMMUNITY,8000031,968871,91,30
91,#22QLR8UYJ,CubosGamers2.0,8000049,965863,92,30
92,#2QR8LPLU2,SQUAD LEGENDS,8000049,965199,93,30
93,#PJGJU2JL,Guatemala,8000037,964463,94,30
94,#YGUC92GU,💋YaSmIn💋,8000038,958255,95,30
95,#VVQJQQ8,Hispanos Team ♥,8000057,957319,96,24
96,#VV0QGR,Brawl Kings CR,8000007,956815,97,30
97,#29PGCLPG,<c2>Boy$</c>,8000023,955368,98,30
98,#2R2QPPLQC,FC JUVENTUS🇮🇹,8000039,954714,99,30
99,#2R2P9JVG8,CHAPIN GT,8000006,954184,100,30
100,#2GQ08YYV0,Allianz Arena,8000039,953504,101,30
101,#20C0UGCQQ,DMYGAMER,8000016,953348,102,29
102,#29LP8RLLV,Super Pesadilla,8000018,952551,103,30
103,#2JCJGYRRV,TM BRAWL,8000059,951586,104,30
104,#8GJ2CRQY,¤¤MUNDO ROYAL¤¤,8000029,949086,105,30
105,#2GP9JL0GU,Leyley'Cøffee☕,8000018,949031,106,30
106,#2J2CYGJQL,LaNaveDeAnru,8000031,947475,107,30
107,#2GYU92Q0P,Brawlers GT II,8000049,947259,108,29
108,#8VPUU28L,P.E.G.Guatemala,8000023,946518,109,30
109,#29UJPVYL9,KingsOf TheGame,8000029,945295,110,30
110,#2PU2GVRQR,Cayala Humilde,8000018,944365,111,30
111,#JUYCRP,Guate,8000019,941874,112,30
112,#2CPRRU0GG,Wixis | 444,8000037,940805,113,30
113,#CPR0PJ98,TEAM ARDILLA🐿,8000014,939852,114,30
114,#2G0PV28R,HUEHUE GT,8000045,939678,115,29
115,#2GLQLJQGP,Dark Knights,8000055,937577,116,30
116,#R2J0G8Y,Los Talegudos,8000016,937501,117,30
117,#2J0J9GGP2,DESTRUCTORES,8000057,936813,118,30
118,#2JCR0QLVV,Guatemala_10_7,8000046,936460,119,30
119,#Q2GQURQQ,Quack,8000043,935996,120,30
120,#2JPCQJCLG,LOS PANAS💎🇬🇹,8000023,935614,121,30
121,#9JCC9L0J,Nina Inc,8000004,934640,122,29
122,#C9G8LU9V,Brawl Stars 2.0,8000018,932462,123,28
123,#2CRJ0JYRQ,+502🇬🇹,8000025,932451,124,28
124,#8GGRPPJV,HECHO EN GUATE,8000052,931394,125,30
125,#2JJQ0GGRP,Brawl🔱Academy,8000014,929585,126,30
126,#2RLY2PGJU,The Champions,8000033,928670,127,30
127,#8J9P8VLP,TITAN CLUB,8000004,926484,128,30
128,#2PLG92GRQ,Itachi God🖤,8000039,925802,129,30
129,#Q2J9R29P,INT3RPOL,8000023,925278,130,30
130,#LCCQJYY9,los panas,8000004,923990,131,30
131,#28CQLLRC2,⛩️||WARRIORS||⛩,8000023,923054,132,29
132,#LJ0RL0CJ,Nova Corps GT,8000043,921323,133,30
133,#288PQQCC,GT_stars,8000003,919447,134,30
134,#28808GVUG,aury_twitch,8000059,917141,135,30
135,#28YCL8PPJ,$20 IS 20,8000017,913464,136,30
136,#29YYL0PRQ,ES|NOVA✨,8000056,913395,137,30
137,#RQPRYRYP,Rosas negras,8000037,912979,138,30
138,#2R20YR2VY,Pinkokas Crepes,8000057,912246,139,30
139,#2GP9C0CPU,La Papa GT,8000057,911900,140,30
140,#PJUGPPJQ,✌VILLA LEYENDA✌,8000059,911877,141,30
141,#2G8RRP0PP,ArmaGeddón|🔥🦅,8000019,910730,142,30
142,#Y9ULC,Monster Squad,8000023,909445,143,30
143,#8LCGR9UU,Guate Gt,8000018,908565,144,30
144,#QCYG80R,brawlers:V,8000058,907149,145,30
145,#2GRQR8RVV,ASSASIN’S GHOST,8000039,906743,146,30
146,#2G9PJRL80,Night Raid 🛸,8000057,905248,147,30
147,#2G92PVQGL,<c3>Spo</c>Tify,8000014,902958,148,30
148,#2G8U22RQ,Chapinlandia,8000004,902646,149,30
149,#202LPGVJR,【☣★HACKERS★☣】,8000019,898838,150,29
150,#2JCVLJYR9,Los Legendario,8000059,897423,151,30
151,#Q2V8YYL,GUATEMALA +502,8000037,894829,152,30
152,#2C2JP2RCJ,Espanta Viejas,8000056,891530,153,30
153,#2G2PQ8JVV,it's a game?,8000010,890954,154,29
154,#2G9R82RU9,cris,8000049,890078,155,30
155,#2C882YGR0,BAD BHROT♤inVIC,8000058,888754,156,30
156,#9YPRJRC,Genius,8000004,886387,157,30
157,#28CRQU92G,KKCK´s,8000005,885796,158,30
158,#22LP0UY22,QLASH Storm GT3,8000003,884412,159,30
159,#2JUJJ88UL,TKK,8000057,884034,160,27
160,#2C82YYLCR,los leones🦁,8000017,883518,161,30
161,#2GJRR9LYC,Xela Forever™,8000040,882295,162,30
162,#VRC0U028,Brawl Legend,8000006,881666,163,30
163,#2G20LCVRL,PanasGuate:3,8000004,881536,164,30
164,#28LRLQPPL,REY DE REYES 👑,8000046,881469,165,30
165,#9PLQVGQU,LosKillers,8000023,879962,166,30
166,#2RC0YP9YY,pro xela,8000053,878198,167,30
167,#2GVCYJRVV,YoutubersYT,8000013,876064,168,30
168,#9CYL2PYC,Braulio Estars,8000016,875727,169,30
169,#2GC2VUR28,『ČĐ』Thelife,8000023,874164,170,30
170,#2CQCVP0GG,360°|RB,8000023,874147,171,30
171,#LGQCGQ90,Guate +502 Mini,8000047,872330,172,30
172,#2GPU98R08,PICHICARDOS/GT/,8000037,869940,173,30
173,#P0JYUCQ,GuateBrawl,8000041,869366,174,30
174,#2GJYU2GRC,Gt Brawl Stars.,8000057,869182,175,30
175,#2J9QRY8G0,BigMaster🔥,8000034,868269,176,30
176,#GCP0CY0R,⭐Brawl GT⭐,8000007,867102,177,30
177,#QQ098U0R,¡!Fang's club★,8000002,866249,178,30
178,#2QVRGPLG9,The Goods,8000051,864253,179,30
179,#28JY0RGJ8,VETERANOS OMG,8000005,862347,180,30
180,#299V2Q0LL,Los $5,8000035,860994,181,30
181,#822PURL,DarkSquad_GT,8000029,860810,182,30
182,#LP98GPG,Leyendas GT,8000004,859879,183,30
183,#2LG22PRYR,la banana loca,8000059,859569,184,30
184,#2CP2QURUJ,the assets dadd,8000059,857731,185,27
185,#290YUCRU8,lo papus,8000037,857677,186,30
186,#2PQRGPV0U,👽Aliens👽,8000043,854740,187,30
187,#2JRJ80LYG,Super Pesadilla,8000037,853586,188,30
188,#Q9LLRQQ9,100%GUATE🇬🇹,8000006,848210,189,30
189,#UGLLVP0U,🇬🇹chapin GT🇬,8000059,847109,190,30
190,#2J080G802,LOS MORADOS,8000059,845346,191,30
191,#2QPYC02V0,Caza estrellas,8000037,844991,192,25
192,#GG8G8UU,CHANGO RANSIO,8000012,844629,193,30
193,#2GJU2RPQQ,SOLO PROS,8000029,843813,194,30
194,#2G9CPJP90,GT los insanos,8000049,843676,195,30
195,#8LGVULR9,CLUB_Litte,8000018,842539,196,30
196,#2999VUCY0,bwkl,8000034,842513,197,30
197,#2GRQ0QGGU,Toros Negros,8000038,842235,198,30
198,#22PGC0QRJ,Salchipapas 🪬,8000049,841223,199,30
199,#2RLQ0L0JC,✨Brawl GT 🇬🇹✨,8000053,838967,200,30
