,tag,name,badgeId,trophies,rank,memberCount
0,#URJQJVR0,❄️🇮 🇨 🇪 ❄️,8000002,1396468,1,30
1,#2C8YRQYP9,bot_skvad🏀🇷🇺,8000002,950218,2,30
2,#20J2P0U9G,МЫ НОМЕР 1,8000029,894368,3,30
3,#29LJ989Q8,PATOLOGICOS SOS,8000021,633417,4,30
4,#29QQ8GJ8U,ебасов,8000054,576069,5,30
5,#QRPJV8LY,1453_TÜRK🇹🇷,8000019,570615,6,30
6,#Q2RU2V22,VISÇA EL BARÇA,8000023,539805,7,30
7,#2JJP9CJPV,sTEAM,8000055,538518,8,27
8,#2LLP8P2PV,Artym Art,8000045,537565,9,30
9,#2CJJ0GVJY,Dziki z Afryki,8000000,524798,10,30
10,#P08JLGY9,Курс радуги,8000037,479583,11,30
11,#2892LLUJP,OnLY_BoBrs,8000023,450618,12,27
12,#90JLJVYC,SUPER TEAM PHEN,8000059,390176,13,29
13,#V8V2PGCV,Friday,8000047,345820,14,29
14,#2C8G0R0J0,Celnik Celnik,8000045,319608,15,30
15,#2GYQUP2R,Remi en de crew,8000003,317660,16,30
16,#YJ89Y9PP,LARA💜,8000029,296476,17,8
17,#2QPYGYCCU,про фыва,8000043,278729,18,22
18,#29CQQUVCV,☔️ᴬᵍᵉⁿᵗarmy,8000036,254114,19,14
19,#20Y0CYPQU,全速前進だー,8000007,253071,20,11
20,#9LJQ9GJ9,BONITO,8000013,249745,21,25
21,#2JQ9UYVLL,клоуны,8000035,243931,22,18
22,#2JCYJYQYV,НЕПОБЕДИМЫЕ,8000055,242243,23,26
23,#22JLRP2JR,閃電,8000019,235093,24,30
24,#2JVQGCU0V,QSR|FLOPAYS,8000037,211417,25,16
25,#28QP229V0,SIR TEAM,8000059,210051,26,30
26,#2C8PGJUU2,katılma kas,8000041,209990,27,13
27,#GPU0099C,osito de goma,8000015,193684,28,30
28,#2R2GV9JCQ,Пепсикольные,8000024,192825,29,30
29,#2P08U8CCU,MG ESPOR,8000021,192777,30,14
30,#208LYUPYU,TR|Qertix,8000055,191552,31,24
31,#2JCR0CGLU,zxc мопсы,8000043,191433,32,12
32,#2GVGYYQRY,ярик. исавелий,8000059,191059,33,30
33,#2PLCJGGQ2,unser Club,8000029,189499,34,22
34,#GY0PRLGY,Kozaki i Franka,8000005,188284,35,23
35,#2JJ0GYYJG,Enes Batur Kaza,8000056,179668,36,12
36,#2JU2RPQLQ,Vigonza FC,8000006,178691,37,28
37,#LRCJ2J8V,DreamTeam☠️,8000016,177815,38,13
38,#J92RJPCG,🌌DOLUNAY🌌,8000017,175083,39,29
39,#VRJL009G,геншин,8000049,175074,40,25
40,#28UQLR9VV,2г 555,8000035,174815,41,28
41,#20PJUPUGV,D4R-RY1,8000010,173248,42,25
42,#2YGPVY0CG,ULTRA TEAM 01,8000007,172798,43,30
43,#CU0VG2PY,мема,8000029,168132,44,30
44,#2QLPPUCPR,Strong devils😈,8000057,166230,45,13
45,#2G2RV0LR2,AZƏRBAYCAN🇦🇿,8000059,162649,46,24
46,#2P99Q8CLR,Nice_Sk1ll,8000023,162340,47,29
47,#2Y2GV8CC9,МОРКОВОЧКИ🥕,8000016,161008,48,28
48,#LG08Q8LR,никитос,8000029,160372,49,24
49,#2G2URL92L,ruil/gg,8000008,159793,50,29
50,#202C9PRP9,pro players!!!,8000029,157868,51,19
51,#P8QRYYQG,çanakkale 1.2.4,8000021,154454,52,30
52,#Q8LYVQVC,handballteam bg,8000019,146134,53,30
53,#VJLCC0PP,ColinBS,8000034,145270,54,29
54,#LQ2V9PLU,프로네프로,8000004,144149,55,23
55,#2R99CJ0PV,Varzim SC,8000007,143566,56,30
56,#QCYRQLYQ,Kardeşler baba,8000037,142163,57,9
57,#RCPPCRY2,לאון קרואו,8000015,141694,58,22
58,#2LCJ2CC9,Xema esport,8000023,141470,59,28
59,#YU8RCJUJ,qqqqqqqqqq,8000029,141288,60,21
60,#29Q8GU29Y,koksowie,8000006,141172,61,29
61,#LL9RYGCY,menu,8000016,138743,62,22
62,#2902VUJC2,only forward 💫,8000017,136626,63,6
63,#2LJ92L2VC,Al_Street,8000021,135223,64,21
64,#C0UGC0C9,Берсеркеры,8000006,134943,65,29
65,#29RURUL0Q,ItzRu,8000055,134015,66,30
66,#299GRQJRU,мы кручи всех😎,8000049,133501,67,29
67,#P0CQYLVC,ヒゲ,8000025,131324,68,21
68,#228LUYPLQ,왓두유원,8000000,128789,69,30
69,#8YQ02CGU,centostik,8000004,127363,70,23
70,#2CQ80YRJ0,lale sitesi,8000055,126921,71,11
71,#2CCY2YGCP,Щибузаврики,8000029,126471,72,15
72,#8U2VQG90,ricco,8000012,125017,73,30
73,#2GVL2GL89,LASCOPAS123,8000046,124157,74,29
74,#C8LPV2QQ,1-1+1,8000021,123401,75,30
75,#GL8YR2PC,team KX,8000017,122716,76,23
76,#2PJ0JGCVG,согласно админ,8000057,122703,77,12
77,#JC8JCR8P,DIE BROWLSTARS,8000013,121955,78,30
78,#2QQGYRLQC,BäņäňäBøý🍌,8000031,120216,79,7
79,#8UVQJCCL,чики банбони,8000012,118599,80,28
80,#29GJCQCUL,فريق الرحمة😈🔥,8000004,117695,81,11
81,#YRC9YJ9R,ג'קי מנחם צילום,8000025,117175,82,29
82,#LYR9QUGV,EA_7,8000006,116648,83,28
83,#QLJ0J8C0,тимоха лям,8000029,115864,84,25
84,#R2LCGUQJ,terminator 2000,8000001,115618,85,23
85,#299PCQ0C9,GOLDEN STAR🔄,8000018,113715,86,9
86,#20RJQUV22,леоэдгар,8000045,112538,87,29
87,#202QPYCQJ,حياكم الله 🥰,8000058,112384,88,28
88,#CRJVPQR0,топ тик точик,8000013,112130,89,30
89,#2QLVCJUC2,YOPMAİLLİ HESAP,8000025,112090,90,30
90,#PGPLPPPC,The Légendary,8000006,111964,91,16
91,#RUQ9R8P9,НОВО-ЛЕНИНО,8000029,109721,92,25
92,#2CQVVL0Y8,혁배원서우~!!,8000015,107450,93,30
93,#28CG8PJU0,I DEI,8000056,107107,94,8
94,#QUCG9YQ8,APN OSTROŁĘNKA,8000002,107009,95,1
95,#UVQ0C20R,Big Spendin',8000018,106833,96,28
96,#2QJGCP99Q,NEYMAR TEAM🤤,8000059,106333,97,5
97,#JJCQP2P,(бам) кот топ!,8000021,106135,98,29
98,#2LLL002RY,для кости,8000029,105572,99,26
99,#CUR2CUGU,CZ/YT CLUB,8000018,102313,100,16
100,#CUQYQJG2,😈Мортис|Хаус😈,8000038,102282,101,26
101,#J2J2YU9R,ЛЕГЕНДА МОСКВЫ,8000004,102014,102,24
102,#202LURVQ,eso esta bien,8000017,101948,103,8
103,#290JJPU2U,Друзья года,8000022,101626,104,29
104,#28RV00QC,gum,8000025,100771,105,30
105,#2R9JV0U09,브롤제왕 최강팀,8000041,100602,106,28
106,#YP8URUQY,الاصطيره,8000023,100479,107,28
107,#989YGJV9,gouloum te goum,8000016,100132,108,27
108,#VJJUYQC9,de bananaas,8000042,98140,109,7
109,#VU99RG90,PSG 🇫🇷,8000059,97545,110,17
110,#2LC8QGJUL,nitara,8000004,97124,111,16
111,#Y82222CV,про егор читер,8000000,96618,112,29
112,#VJ8VGQLV,Vasia_Trip_TT,8000013,95934,113,6
113,#22VC89PLR,Банда медведей,8000003,95688,114,10
114,#VVQC82YG,فريق الاصطوره,8000043,95165,115,30
115,#YC0Q2QL0,ALALALAL,8000023,94930,116,29
116,#LJY80CUR,🔥Push🔥,8000041,93037,117,7
117,#RGYUULP9,ALLAHA ŞÜKÜR,8000021,92716,118,26
118,#UJ2VPQJC,Armia Bolta,8000021,92108,119,25
119,#R20YPJG8,элита,8000025,91943,120,8
120,#QJY9PGGR,SURATA ŞAMAR,8000008,91687,121,8
121,#CV2220CG,КАР ПАРГИНГ,8000007,90698,122,16
122,#2Y9CY2G0L,KinG Legion👿,8000037,88862,123,11
123,#VGLRVYRC,заходет тол про,8000021,88657,124,23
124,#2QR9G92P2,назз,8000059,86888,125,27
125,#PGJJU2YJ,яромир и Лёня,8000026,85600,126,25
126,#2GP8PGVLL,латао,8000004,85534,127,4
127,#2YC28CJ9Q,TIK TOK HAUS,8000007,84625,128,21
128,#J9QLLGQ9,ÇlNAR,8000022,84481,129,29
129,#29QLJ22G9,Tentacul🎮game,8000053,84471,130,5
130,#29LUJVUQU,TESA,8000034,83897,131,9
131,#LYRYRLJ9,SEW,8000009,83471,132,30
132,#2C8P8UGCQ,philipps gang,8000016,82371,133,5
133,#J2Y8RLPL,<c7>Havuş</c>,8000018,81761,134,1
134,#RJ8C0VUC,DarkSiders 2,8000043,81552,135,10
135,#GV8J8CRL,какаха рима,8000029,80998,136,30
136,#GCJUQ8PG,зоц,8000004,79814,137,26
137,#2GYYJ90C8,Dead inside 💔,8000037,79167,138,4
138,#RGPYUJGL,НОВЫЙ ПУТЬ!!!,8000009,78675,139,13
139,#VVLC9LCQ,Аккадемия myzon,8000036,78252,140,24
140,#2Q99PLULV,beans,8000017,77951,141,7
141,#Y980CCV,De ankers,8000013,77856,142,30
142,#229QL00YU,funeral,8000035,77685,143,3
143,#2GQ28U82U,3 ДРУГА,8000029,77559,144,24
144,#29VV8C288,🌲BaZiK_TeAm🌲,8000005,77544,145,16
145,#9VP9QC88,ירושלים של זהב,8000001,76906,146,28
146,#QLY8JU9C,lucas corbac,8000015,75569,147,20
147,#YUG8GUJ2,варвары пабло,8000013,75162,148,17
148,#YCV2PRCC,ludo chanel,8000021,74348,149,7
149,#U02R8G0P,FACİA,8000019,74155,150,11
150,#2LYRYYJL9,에드거 대장,8000023,72827,151,4
151,#2V8VRLCV,les titans,8000029,71475,152,27
152,#R2V9PCGP,TÜRKİYE 🇹🇷,8000057,71373,153,5
153,#2CRYJP0QQ,deok_seong클럽,8000023,71148,154,5
154,#CQUGUG0Y,КАМАНДА 6А,8000004,70328,155,16
155,#209JG2G9L,Тик-ток,8000025,69433,156,28
156,#LLC2PLG9,fortnite,8000058,69432,157,19
157,#UVVJLPQQ,кисульки,8000010,69380,158,27
158,#28G2UC0RR,Кто зайдет тот,8000055,68862,159,29
159,#C2LGGCQP,за стендофф,8000013,68768,160,29
160,#2P298JY09,Serkan baba,8000005,68025,161,7
161,#ULVQU2LV,голиро1,8000029,67582,162,19
162,#2LQ9CLVUQ,Mortis OP,8000021,67253,163,21
163,#2G28P82C0,GAMBERI CREW,8000018,67185,164,5
164,#Q0GY9R8C,FLORIAN FAMILY,8000017,66894,165,12
165,#202YGVGGV,БАЛБЕСЫ💩,8000057,66650,166,25
166,#20YQUP9V8,ACABLES.C.F,8000014,66166,167,6
167,#2JYCP9L8Y,love.one,8000057,66043,168,6
168,#VL92RJPV,Лиаз 5256. 00,8000001,65764,169,7
169,#2PL0V8VYR,Guten Tag,8000005,64596,170,7
170,#VULPRYVP,CZ/SK Rakenty,8000029,64331,171,5
171,#28G0J2GJR,Brawler Dgdл✔️,8000023,63936,172,27
172,#8VUG8PYY,Зелёные кактусы,8000013,63788,173,30
173,#8UJUJYJJ,salut,8000049,63478,174,14
174,#89L2CR9Q,бд,8000012,63229,175,30
175,#28VL0L2GJ,EN BÜYÜK,8000004,62439,176,7
176,#2GYY0JU0J,даніла і діма,8000022,62398,177,20
177,#22C9YCY2L,кан,8000007,61778,178,25
178,#2982RP0VL,максимпро,8000027,60713,179,28
179,#9U2QPU8J,СЛИЗЬ BAND,8000014,60702,180,13
180,#98LCQRPY,EZKURDÎM,8000040,60384,181,6
181,#28LQPVGU0,HOKABAZLAR,8000018,59795,182,27
182,#G9CPPGQ9,Прикольный Клуб,8000017,59492,183,30
183,#UQQU2URC,_KLM_,8000029,59257,184,9
184,#9LCPLQRJ,Covid|19🦠,8000012,59215,185,10
185,#8U8JULR8,😎You king😎,8000029,58719,186,7
186,#2JVGYRQC9,<c9>Jordan</c>,8000037,58565,187,5
187,#2PLYR9YC0,FSV F1,8000026,58256,188,22
188,#JPG0URRY,края,8000010,58214,189,12
189,#29Q02YV8U,1 vs 1,8000028,57548,190,28
190,#2CC09P0V2,папа ММА,8000047,57085,191,2
191,#2C09PJC0R,учшурбэк,8000049,56742,192,6
192,#2CQQP2GJP,준스타우승은우리꺼,8000039,56697,193,11
193,#289G0P0G2,adam adam moham,8000026,56602,194,6
194,#2GY2R9P8R,2003,8000046,56462,195,4
195,#2YR0P9CG9,Ente in Rente,8000020,56216,196,4
196,#2PCY0L0C8,мастер бэнди,8000047,55802,197,9
197,#2LQUPJLVV,Betov,8000031,55681,198,11
198,#2JUVPV9VU,❄Die Dj's❄,8000058,55441,199,4
199,#JJPQV2R9,darnowo,8000015,54845,200,16
