,tag,name,badgeId,trophies,rank,memberCount
0,#VUPPVGYR,AllStars_Team,8000049,1502703,1,8
1,#29Q8898PU,The Leviathan’s,8000027,1012707,2,30
2,#208VGCL9Y,<c3>OLS™</c> ツ✅,8000014,972057,3,30
3,#2JVCRR8JG,Survivors 🦉,8000037,871652,4,30
4,#2080YJLGG,Skeleton Family,8000049,869385,5,30
5,#2JP0C0JU0,EJDERHALAR,8000023,578543,6,30
6,#LYCQPJPG,Aogiri,8000035,551888,7,23
7,#GRGPU298,Los Chimuelos,8000052,546228,8,17
8,#2G0VYU89Y,Panecitos 🍞,8000049,531805,9,30
9,#PJ8C9LQY,TEAM SVEGLIO12,8000003,525218,10,13
10,#VGL28CQQ,Cursed Sandy,8000010,521282,11,24
11,#JVRY8LJU,frendly games,8000054,503991,12,29
12,#PG9VRJRC,Les copains,8000023,492309,13,30
13,#8VRUYPJG,tóxicos pros,8000049,474716,14,30
14,#2GQP28JC8,Die Ehrenmänner,8000023,421128,15,30
15,#2C0GGPG,Two Brothers,8000029,366881,16,28
16,#2J0RPY8VU,oBOSSru,8000043,364073,17,16
17,#UCQU02UC,KoStik Omlet,8000000,345674,18,7
18,#2JCRPC0P9,SoSaQ,8000023,344747,19,17
19,#2LVJP80LR,Malachi Club 😱,8000048,335488,20,28
20,#2LY8CYUJR,Blackfly squad,8000031,329916,21,30
21,#2JUL2QPJV,G9 | CLAN,8000049,327827,22,1
22,#2C989LC2Q,FC Banany,8000051,325944,23,26
23,#2QLVUL82L,OG|team,8000013,317580,24,26
24,#2YQRP9UL2,Shlipik,8000037,312536,25,24
25,#QJPGPG00,Balabins@,8000013,302547,26,26
26,#PY9VYY9,gallegueros,8000029,298737,27,24
27,#2098LGVRY,Romania Fortza,8000059,297965,28,26
28,#QRRCP28G,🍔🍟🤢 1.0,8000059,295321,29,30
29,#2Q0VCU9JY,ghost and dead,8000027,282905,30,13
30,#20QVJJJG9,100%,8000003,271313,31,27
31,#2QVCLUGRC,АРМИЯ ДРУЗЕЙ🤘,8000004,266042,32,30
32,#GRU8QYY2,веке 2012 года,8000029,262437,33,25
33,#GU88GVGL,RYFERA,8000019,258760,34,19
34,#2880GUQ0C,GLI AMICI STARS,8000006,258457,35,12
35,#2PQRYQ9VU,Мега Омега 🥀🕷,8000011,252568,36,28
36,#2RLURQ28J,Задний Проход,8000013,252076,37,24
37,#22UGPP988,EBEBUL TURUP,8000003,250346,38,5
38,#CL2JUJJ,Muhammad Ali,8000023,249580,39,30
39,#2RV2PQCUY,КукурузнаяМафия,8000017,246785,40,13
40,#P9GPQV2C,oi tropa,8000017,243018,41,19
41,#229Q9CC9Y,MangalEsport`s,8000029,228700,42,26
42,#P8QC2P8,보평 클럽,8000028,227818,43,29
43,#2PYGLPPGR,free legendary,8000019,227522,44,25
44,#2C8GL8G2L,Самые добрые,8000006,227085,45,30
45,#RQ8RQGYR,Clan Aguacate™,8000027,227011,46,20
46,#22QCUQ0LG,코아 tv,8000007,226801,47,29
47,#20U8LRPQR,QTM|WĄÞĮX⛩,8000013,226251,48,30
48,#2QYY090V8,vs kulübü,8000007,225501,49,24
49,#QQVJ9QL8,القوا في النتحد,8000049,216808,50,30
50,#29R8UP29L,Brawl IT,8000037,216798,51,17
51,#2YCVYC8UL,∅Ли₱ТоН∅ⁿⁿⁿ,8000004,208887,52,18
52,#822R02JP,유럽,8000017,208386,53,29
53,#2QQR02VPR,Министерство,8000046,203530,54,14
54,#2JUG0LPCV,LOS FALCON,8000023,202858,55,14
55,#2YQUCCJ20,Barmaley696,8000013,202805,56,22
56,#2JV0JR9LC,Gena Cidarmyan,8000005,199671,57,29
57,#29Y9VVUYP,пинер шкуле,8000013,199087,58,30
58,#902YUL9J,🍭ғᴀᴅ🥀ʟᴀɴᴅ☔,8000023,196678,59,18
59,#JQCRYQ9,大胸部長腿御姐齊奔放,8000039,196190,60,24
60,#LGJ0PUYQ,ВиКуСиК 228,8000059,192622,61,30
61,#28QVR2L2Q,ПАЦАНЫ 777 $$$,8000058,191919,62,30
62,#2Q289YUJJ,YT_rento,8000032,191122,63,19
63,#2QJVU99GL,Alpha Clan,8000057,188687,64,15
64,#GQPVQ9U8,LOS 4 CHILENOS,8000025,187479,65,25
65,#CRCV2CVQ,BMW M5 TOP,8000016,184276,66,30
66,#2JYJVGRJ8,Infantil Peña,8000057,180822,67,17
67,#2RV2V9YJG,Council√Pelmeni,8000057,180044,68,24
68,#80CGJJ0G,Originals,8000013,179150,69,30
69,#28RV0GGJ9,Гармада Україна,8000035,178649,70,26
70,#2QGR2C0V0,Гипотит яиц,8000055,177814,71,9
71,#Q0LR0GJU,kk grosulje,8000016,176433,72,30
72,#2PRY8YPCY,Lil_Malin,8000055,170513,73,13
73,#GYVUGLLC,чекра,8000020,169809,74,28
74,#U9YRVR8Q,Зачем название,8000029,169621,75,30
75,#8CCUP8JG,bruhstalin,8000036,169381,76,30
76,#L0UG9R09,Trio légendaire,8000018,165995,77,27
77,#28RUCVPP8,Клуб: #28RUCVPP8,8000030,165570,78,30
78,#2QCPGLUYL,CLUP,8000056,164304,79,13
79,#2JUUPGGQ9,Prolar 1938,8000029,161165,80,30
80,#2LLG0PL22,Uh,8000008,160374,81,29
81,#2RJ8QJQYQ,사람만들어와,8000037,157629,82,30
82,#2RYGYYJUU,SpacE🌌,8000059,156134,83,29
83,#2LRVJGQCC,г_н_до,8000016,155944,84,28
84,#29YCLGUQP,123456,8000050,155294,85,26
85,#208VGVG9R,АМБЕР ПРО,8000004,154903,86,30
86,#QVR20Q0R,юра и рома,8000018,153483,87,30
87,#QL2C2GUJ,ismaill,8000035,153223,88,30
88,#URPGURYR,армія Леона,8000018,153133,89,30
89,#2GVUPRC8R,NAVI,8000018,151855,90,8
90,#2002ULYPV,ЛегендыСмерти,8000029,151498,91,17
91,#2LC8QLCLJ,See soo seen,8000057,151451,92,13
92,#2GU9PCU28,ФК Тотем,8000049,150925,93,11
93,#2G092UGCP,Air♒️🥀,8000034,149571,94,7
94,#YVQGVPYC,HumiliaTe,8000054,147892,95,9
95,#29L9CVYRC,ДВОРНЯГИ,8000023,147437,96,22
96,#UPPC28C2,лабода 125,8000023,146800,97,30
97,#80UPP2CG,odioelcomedor,8000016,146693,98,28
98,#LYCUUCC,The adversaries,8000013,146328,99,15
99,#V28JU90R,United WALMART☆,8000000,145868,100,10
100,#P0JQJ0UR,Клантуки,8000004,145620,101,27
101,#GYQURC09,molard du 93,8000016,145363,102,30
102,#2Y88P9282,OKKECLUB,8000018,143483,103,25
103,#2JC0VLP2J,🍟BATATAS,8000052,142911,104,26
104,#29RCG2RJ0,うなぎ,8000019,142287,105,10
105,#JLU8RUPC,Ghost Gamers,8000016,141245,106,28
106,#2L0Q90L2U,BİZİM TÜRKLER,8000037,140540,107,28
107,#8V2882JC,cym,8000021,140537,108,15
108,#VU8UQY9L,안녕친구들 10101,8000055,139459,109,19
109,#2GCYLQRC0,тут тільки топ,8000057,138542,110,30
110,#QGQ9JV8C,УНИ КЛУБ 2,8000041,137624,111,29
111,#2GJRC08QV,крутые перцы777,8000055,137482,112,17
112,#20RJC00LG,про топ клуб,8000043,136927,113,29
113,#2C2VVUC0P,Ability Gamings,8000055,136346,114,9
114,#20YPYRULR,команда 4А,8000058,136017,115,29
115,#2GYPVPUQU,(TEAM) NEW HD♻️,8000037,135888,116,5
116,#28L22VJCV,detergente,8000004,135673,117,30
117,#2RQC220LU,rezy.tm,8000041,135232,118,28
118,#2200YUGGC,GAQ$%&Zot,8000025,134681,119,28
119,#298YCCR8V,규민이나라,8000029,134393,120,27
120,#2QLUVVPL8,Anonim,8000045,134099,121,9
121,#L2P0JRY0,🇵🇱Polska🇵🇱,8000035,133770,122,30
122,#22U8LGL0R,FORTNITE,8000009,133672,123,28
123,#2L2GULGJQ,Los Trueno 2.0,8000057,133244,124,30
124,#22PVU9JCL,KUZENLER,8000029,132895,125,30
125,#GCPJGC09,AŞIK,8000029,132249,126,29
126,#2RGV0C8UJ,Tea Gang,8000035,131717,127,29
127,#ULYVV2YY,kurdi💚💛❤️,8000023,131439,128,30
128,#29J2Q0L8P,maślanki,8000015,130304,129,30
129,#2Q8RJ9929,Gang bad boj,8000020,129936,130,7
130,#JU29YRRP,Leon Ilgaz YT,8000029,129933,131,28
131,#2QR8G0CCP,ICARDI,8000023,129802,132,9
132,#VJC0YJ8,кашачи истории,8000009,129435,133,30
133,#2JVGQ9P2J,les chaud 😁,8000014,127878,134,30
134,#2QU2QUVCL,TeamPollo,8000048,127748,135,30
135,#20RY8LLQQ,/Lets/(gooo),8000035,127098,136,13
136,#2JV8GJ0YJ,3만 클럽'○',8000040,126274,137,5
137,#2RGGV8YQC,gene H,8000000,125863,138,10
138,#CQRRJYQ2,ПРЕДАНЫЙ ДРУГ,8000057,125162,139,30
139,#2U2V8YJQ,Los Plumbus,8000028,124975,140,24
140,#LP9RU2RC,serious squad,8000051,124899,141,26
141,#Q2LULLGY,🥺🥺🥺слава Укр,8000018,124535,142,19
142,#2QYGGYRYU,DAME DAME GA,8000022,124204,143,27
143,#JUPRVVUR,дом лила,8000059,124099,144,28
144,#2PRQJY98V,💔Lil Dril💔,8000038,124052,145,7
145,#L2LQYRUG,VIKINGS,8000000,123907,146,29
146,#2LJLGCLYY,Баш102 регионе,8000059,123750,147,10
147,#288UUR2C,EGOİST LEON,8000050,123526,148,28
148,#2RQG0PR00,🔥İNFAZ🔥,8000023,123311,149,24
149,#2G89VQJQC,Kunfu_Panda,8000050,123262,150,30
150,#2GLULPL92,бебраня,8000040,122809,151,11
151,#LUU229RC,TEAM XLP¹⁵,8000029,122517,152,10
152,#R2RL8VUQ,8к,8000028,122436,153,19
153,#RQLYLCGJ,ЭМЗ ЭМЭН ДЕМЗ,8000005,121878,154,29
154,#VQPJRJJQ,NAPİM POLAT,8000003,121681,155,18
155,#2YU8GG9PR,хз,8000052,121269,156,14
156,#2YLQQLRY8,"ПИСАЛ Я,,👻",8000013,120745,157,30
157,#P8PJ9RC,FIRECRAKERS,8000029,120307,158,6
158,#229VPCYQY,Титул президент,8000029,119411,159,20
159,#2YQJQVG8G,♡♡♡,8000059,116976,160,14
160,#YY8U09RY,🗿ДурДом🗿,8000004,116897,161,24
161,#2YU9YGCG2,raven yt,8000049,116843,162,30
162,#99Q20L2P,Beastmode bros,8000033,116703,163,28
163,#9C8C9LV,圣德行,8000029,116371,164,30
164,#2YPRV0QR0,Єдуард,8000057,116280,165,30
165,#222JGQ00C,Ярик ааа,8000038,116026,166,19
166,#28YJCRUU2,15478,8000026,116020,167,27
167,#VQVLYQ2U,4K X MEN HD,8000057,115746,168,21
168,#U90VGQQ2,3 в класс топ,8000029,115312,169,27
169,#2LJVQVYRC,ayn klan,8000035,114646,170,27
170,#2JQVYQVC2,rurempapa1005,8000044,114227,171,7
171,#28QQQVJVV,пушь 100ка,8000057,113885,172,15
172,#C2Q9GU0G,Camp Acorn,8000014,112524,173,21
173,#2PVGUGG8R,kardeş pro,8000013,112520,174,30
174,#2YLRL8VQQ,Rarna Army,8000035,112235,175,9
175,#2QR8QVPUR,кдл,8000019,111433,176,29
176,#2G9YQ2GJU,gamer 123,8000059,110837,177,30
177,#29QY2VV2C,les bg de buhl,8000053,110832,178,10
178,#J2LRL9QL,ідемо до слави,8000027,110456,179,30
179,#C0C0UYG8,Rapide,8000029,109964,180,1
180,#282R2G8JC,capybara,8000039,108884,181,7
181,#2YJ2UY8YQ,Yok Ediciler,8000058,108110,182,14
182,#299LR8YV0,<c0>Napim:)</c>,8000023,107654,183,28
183,#2LRV0L2YL,рапрапрапра,8000029,107327,184,29
184,#2YVLLVRQP,<c0>HvH</c>,8000025,107096,185,16
185,#22YLPR0LQ,BH.@9902,8000037,106308,186,6
186,#2J0U002VU,🌟Звездочка,8000029,104615,187,11
187,#Q9L92L80,האלופים,8000003,103215,188,28
188,#CQCC92JP,банка огурцов,8000026,103010,189,30
189,#2GYJ0JQR0,고수들을 위한 클럽,8000058,102931,190,3
190,#2QCQYG0JP,рллор,8000022,102369,191,26
191,#GL8UY0QV,лод,8000000,102164,192,29
192,#2QQ9RQ0JR,TOWER_POWER,8000037,102117,193,6
193,#2CJYYV2P8,alwayswannafly,8000037,101457,194,5
194,#2L9UV80J2,Ванек. настек,8000011,101449,195,30
195,#2LJR9R2PJ,30k(?),8000018,101254,196,30
196,#2L9LYYP2Q,роиб,8000004,101160,197,26
197,#Q0C9YCL,куш ник,8000029,101151,198,29
198,#2PPQUPG8R,Schei**Boxer,8000029,100314,199,17
199,#200RCJVL2,Ok gracias,8000019,100163,200,29
