,tag,name,badgeId,trophies,rank,memberCount
0,#288LY20Y8,My Little Pony,8000025,1629478,1,30
1,#2G9YRUJ0J,Kleptomania,8000037,1538073,2,29
2,#22JJLPJLV,Nuevas Leyendas,8000018,1397927,3,30
3,#2C8CYVQLR,AEIS CLUB,8000006,1397324,4,30
4,#JLLGU8JU,Team Brother,8000033,1330147,5,29
5,#2JCVQJYG2,ᴰᵃʳˡⁱⁿᵍ |TeamHN,8000039,1291841,6,29
6,#2QJRVLR88,TEAM POWER 🇭🇳,8000033,1263272,7,30
7,#2JJ2VYYQR,Los Insanos 👻,8000035,1241302,8,30
8,#VV8R8C8C,Valhalla,8000006,1207955,9,30
9,#CY9P92GR,Hermadad Oscura,8000041,1185329,10,30
10,#2RCL282PU,🐉|Team XD,8000049,1178071,11,30
11,#22UJGUGJG,!! LØSĆRĄK!!HŃ,8000057,1141554,12,30
12,#8LPYJVU,TEAM HN :V,8000036,1119684,13,30
13,#2C8J2V8YJ,AEIS CLUB II,8000023,1116778,14,30
14,#2G929QG0U,Golden Dawn,8000037,1114797,15,25
15,#2JLJVYJUC,Pollos Hermanos,8000009,1108762,16,30
16,#2R28CULCP,Baleadas HN,8000037,1099703,17,30
17,#298QQLG2P,ap|team💫,8000021,1092879,18,30
18,#2C9JQ2CQJ,Guerreritos,8000029,1072149,19,30
19,#299R9JVCL,BLAMANIEL,8000049,1061293,20,30
20,#2GCLUP980,🛡Gentlemans🤺,8000029,1031320,21,30
21,#CVVGGUR8,⚡Stormbreakers⚡,8000053,1021778,22,30
22,#2GPG8RPQ8,AEIS CLUB III,8000007,1013792,23,30
23,#2GQ8RQLL0,Nakamas 🇭🇳,8000029,1013358,24,30
24,#U029G2R9,DIVANNA TEAM,8000037,999710,25,30
25,#2YU8UJ9JP,Team Dragon,8000037,999310,26,30
26,#PVRCQYQR,Green Honduras,8000013,989388,27,30
27,#2JJ9JY0U9,NEW YORK ✨,8000039,982651,28,26
28,#2RQL9PRJ2,Genei Ryodan,8000029,960745,29,30
29,#2820QYPVQ,HN|FAMILY🔱,8000025,959058,30,30
30,#2G0VQ9JQR,StarrOnichans🌟,8000018,957542,31,30
31,#2LJJJYPR2,Dark Force (HN),8000059,955782,32,30
32,#Q8L09J0G,ELITE❤️TOTEM,8000018,948341,33,30
33,#22JUQL8YQ,THE FAMILY L.,8000055,945647,34,30
34,#2JL2PJRYC,Los Guerreros,8000049,930635,35,30
35,#9G89QYV9,Team Rosales,8000021,930087,36,30
36,#2RPP2C2YY,CLAN|FU 🔥,8000023,922797,37,30
37,#UVJ0RGG8,Pudins🍮✨,8000039,918637,38,30
38,#2YPLC0PRU,Awita de Coco🥥,8000037,918478,39,30
39,#2P8QU8VPY,Brawl Stars Hn,8000005,912712,40,30
40,#Y900LGQQ,THE RAPTORS,8000004,912042,41,30
41,#2YPRQ2GLV,🔥😈Hell Banks,8000029,907566,42,30
42,#2CLY0ULQU,Venom HN🕷️,8000052,905357,43,30
43,#290CCP92J,AwitaDeCoco🥥|1,8000034,904549,44,30
44,#2CP2UU0Y8,☢️⚡INFAMOUS⚡☢️,8000019,903895,45,30
45,#2JRVUJGYJ,Saiyans FC,8000019,901218,46,30
46,#2C0L0JR9P,Los Tilines FC,8000031,899217,47,30
47,#290LJUYP2,SP|StoreBrawl,8000003,895718,48,30
48,#29LULPYG9,ƬӇЄ MƛʆЄ,8000029,895312,49,29
49,#2QUC2PR20,JC/HONG/,8000059,892113,50,30
50,#YL2ULR,KING GÁNGSTER,8000037,891565,51,30
51,#2PL0YGC2P,CHIRIKAYA BOYS,8000023,888093,52,30
52,#2J0V8YY80,HONDU_CLAN🇭🇳,8000033,886278,53,30
53,#2R0R9CC80,VELOCITY RED,8000005,885155,54,30
54,#G8JLPPG,Mega Honduras,8000018,884800,55,30
55,#2C02Y2PJY,🍞PAN CRUDO🍞,8000004,884125,56,30
56,#2J0JUUQJ0,Fc Barcelona,8000037,883778,57,30
57,#2J8UL28Q2,LOS TILENES PE,8000034,878283,58,29
58,#2JU2UPVJ9,🔺️LA ELITE🔺️,8000029,877727,59,30
59,#2JY9VQ8VJ,Los InactivosXD,8000037,877413,60,30
60,#JYGPLYLC,LEGENDARIOS HN,8000027,870240,61,30
61,#2QP0YRPUC,WOLF ARMY,8000023,863742,62,30
62,#2CPGUUP2G,Eqüiipo! ✌🏻😎,8000049,863153,63,30
63,#28RYL8889,SR/fakeilussion,8000042,861834,64,30
64,#2Q0CCQJRU,SUICIDE SQUAD👻,8000035,858173,65,30
65,#90LC0PC2,0101,8000057,857273,66,30
66,#2C228UPJG,🔥TM Force🔥,8000037,857147,67,28
67,#228UYJ00L,LOS CAMPEONES,8000059,856515,68,30
68,#JC0R9,3Crowns HN,8000027,855031,69,29
69,#2RGPJ2UR0,team virus,8000005,845746,70,30
70,#2R0Y8G0Y0,Shpooky Team,8000031,843029,71,30
71,#29GPULR89,FUERZA Z,8000023,836758,72,30
72,#28JR09Q8C,🌱C/Frijolito🌱,8000043,835995,73,30
73,#VCYJLPQ8,Super Braw,8000029,835857,74,30
74,#2GYVCGCRC,Bienvenidos,8000059,830997,75,29
75,#U89JY9QV,HN CRACKS,8000007,830120,76,30
76,#292V9YVP2,Insanos 👻,8000047,827662,77,30
77,#2G29JU9CL,mamoniados,8000034,821561,78,30
78,#280Q82JLU,Revelions HN,8000027,821465,79,30
79,#2J82C8RCR,TeamNacional2.0,8000059,821198,80,30
80,#2G92CYCUV,Total Army,8000004,821037,81,30
81,#90P2P2QQ,Maravilla504,8000057,819506,82,30
82,#20GPCRUPQ,EL IMPERIO,8000029,815908,83,30
83,#2G9QJ0YV2,HN | DarkGura,8000041,813464,84,30
84,#LQCR08CC,HunterxHunter,8000004,811993,85,30
85,#2JYUG9QPJ,Los Rebeldes 👾,8000004,810764,86,30
86,#282G9LG99,Dms-Oficial.,8000037,801509,87,30
87,#2C8RJJVLR,HONDURAS. 504 ”,8000025,794141,88,30
88,#Q9900JJR,kstro,8000059,793037,89,30
89,#L09L0P,REV. TU MADRE,8000029,790784,90,30
90,#2GG29Q8QY,Guapos lovers,8000041,779270,91,30
91,#208PGQPGL,EUA|E-Sport🏆,8000037,778053,92,27
92,#CL80JQVJ,the sevendeadly,8000034,776785,93,30
93,#QGV2GJVV,龍|ᴀятɪѕт•🐉,8000053,772254,94,29
94,#2JGVGU802,7super clan7,8000033,771590,95,30
95,#2CRP8V2RC,BAD BOYS,8000037,770020,96,30
96,#2C8VRRPRJ,CLEPTOMANIA 🦂,8000037,769606,97,27
97,#28RC0JY82,K GRANDE 777,8000041,769436,98,30
98,#2RVQV8Y20,Team stars 😎,8000055,767983,99,30
99,#2QR9JQQU2,THE BEST HN,8000002,767246,100,30
100,#29Q9JRCUQ,los pros,8000023,763914,101,30
101,#992GLC,Los Champions,8000004,758696,102,30
102,#2R8Y9UGV0,LosChandis,8000035,758526,103,30
103,#22VGVRQCR,SOURCES ESPORT,8000002,758300,104,30
104,#2GYU2P0YC,🈯|Octagram,8000058,753932,105,30
105,#290UUG80Q,team winers,8000049,750567,106,30
106,#29YVC8LPY,Los mejores,8000049,750107,107,30
107,#29LGRJRQV,The' Snipers☂️,8000024,749325,108,30
108,#2C9CQV2C0,REAL G GORDITOS,8000037,748901,109,29
109,#2C809CUVP,GForceJoy,8000033,746874,110,30
110,#2G900LV0R,MUGIWARAS☠️👒,8000004,746729,111,30
111,#J0YPLQV9,The LegendsHN,8000059,746727,112,30
112,#LJ9YUR8G,NO SE QUE PONER,8000059,745880,113,30
113,#2C228UQY2,Brawlio ☆2,8000016,739692,114,26
114,#2CP9Q098J,CuriClubBv,8000049,739641,115,30
115,#2LUCVVG8G,Unión Soviética,8000037,737760,116,30
116,#28QVCQ8V0,F.C Caite ⚽️,8000031,735398,117,30
117,#280U2R2YY,LA MARA SEMITA,8000003,733403,118,30
118,#QGJ00J82,LOS PRIMOS!!!!!,8000046,732508,119,30
119,#2QQ2LV09G,Team sprout😎,8000034,732413,120,30
120,#LCRGUJUG,THE KNIGHTS,8000021,731817,121,29
121,#QYLQUR8V,WM Legends 💛,8000029,730422,122,30
122,#2C0VVJ08R,Team Galaxias,8000023,725589,123,29
123,#28G8CY00R,Floripondios HN,8000057,723712,124,29
124,#28Q9QC928,Insanos👻💛,8000035,723038,125,30
125,#2CG900JPL,LA TROQUE 《 》,8000048,721209,126,30
126,#QRLQGUV8,BrawlFriends,8000035,717600,127,30
127,#2CRY2Q20R,HN|ELITE,8000057,717376,128,30
128,#208L9YC80,you wanna brawl,8000053,713970,129,29
129,#2C2CYC2CC,RWs | Team,8000007,713825,130,29
130,#2988QR0LP,REVOLUTION,8000021,710420,131,28
131,#292L0JY29,@Guerrilleros ☭,8000008,707028,132,30
132,#299YLY2VY,Warrior Clash,8000037,705974,133,28
133,#2G29VUUJ0,La Flama,8000037,703573,134,30
134,#CP98LGL8,The baleadas,8000010,703531,135,30
135,#290LVCUQC,The owl club,8000016,702432,136,30
136,#9YVJCR9,ELMEROBONI,8000010,697332,137,30
137,#2PCJ2UY0R,💋Kiss( ˘ ³˘)❤,8000037,697281,138,30
138,#222J09GY,Chispitas HN,8000007,695790,139,29
139,#29R8Y822Y,Los botsitos,8000003,692257,140,29
140,#2GJ9CV8LP,the pilares,8000049,690988,141,30
141,#2CQCVR8LP,Union’s Power,8000002,688070,142,30
142,#PQUGY200,dreampro1000000,8000059,686945,143,30
143,#29PJGVR2R,👹El CARTEL☠️,8000049,684711,144,30
144,#29GG8QQ20,HONDURAS FIRE,8000034,682586,145,30
145,#28VC28GJQ,Team Manteca,8000049,682230,146,30
146,#8PYRRL,Dark Knights HN,8000004,678712,147,30
147,#2LPRCLYLP,TEAM G.G,8000055,677995,148,29
148,#C9Y98U2,perritas,8000027,677180,149,26
149,#LP92R9CV,BRAWL|WARRIOR,8000055,670112,150,30
150,#98JCQCY,Baleadas 504,8000029,669951,151,29
151,#280CRC8Q2,Re-Back SPA,8000007,665644,152,30
152,#2GLPP80LP,The Niyur,8000002,665059,153,30
153,#20CGPQ8RG,LOS LIONS,8000037,661441,154,30
154,#20UU8J8V2,TheFairyTale,8000035,659898,155,30
155,#L9VQY9U2,Mugiwaras,8000013,658088,156,27
156,#2GY08229P,TEAM(HN)🇭🇳,8000035,656978,157,30
157,#U8R2QCR,HONDUREÑOS,8000033,655526,158,30
158,#2CPP08YVC,HONDURAS +504🇭,8000052,655263,159,30
159,#Q8QGQYCY,los veteranos,8000026,654629,160,30
160,#2CG8YY9JR,El Pollito Pio,8000018,654135,161,27
161,#PLJL8YC,Champions HN,8000002,653920,162,30
162,#29L2JLRLG,Not in a Club,8000032,646220,163,25
163,#299JJGURY,CATRACH@S504❤️,8000059,644753,164,30
164,#209LJCP,TOP HN,8000002,643943,165,25
165,#Y90C2RJ9,ᴄʜᴇᴇsᴇ¤ʟᴀɴᴅ,8000043,641421,166,30
166,#20UJCQY,Los golems,8000004,640596,167,30
167,#2GP9U99P2,DarkMastersHN,8000023,639886,168,30
168,#2CPRL00Y2,Worl Stars,8000018,638830,169,30
169,#2LQP2GLLC,GAZOZ,8000022,637206,170,27
170,#2GQYJ29PQ,ㄗ丹尺丹刀工ちモ,8000037,637081,171,30
171,#2C8LR9P00,pros players,8000047,636717,172,30
172,#28G8URLGQ,Black Bulls,8000059,630165,173,30
173,#299GQU9GJ,KJ/DESTROY,8000046,628936,174,30
174,#R8QY98,+504 HONDURAS,8000019,627580,175,27
175,#2G2VJP9CQ,HONDUREÑOS👻HN,8000057,626673,176,30
176,#UQRYLGUG,Infinity Brawl,8000059,624598,177,30
177,#LL8GUCPL,Akatsuki,8000004,623800,178,30
178,#2GYC88PR9,Victory Snake's,8000039,622329,179,30
179,#28G8CPCL2,Los sabios,8000055,621544,180,30
180,#PCCR8VVR,los xd,8000045,621377,181,30
181,#LQ0G8RRL,New Game ✅️,8000037,620314,182,30
182,#VVVVG8Y,HONDURAS,8000002,618806,183,29
183,#2LR800V0U,PEAKY BLINDERS,8000049,617028,184,30
184,#89Y808R,Baleada HN,8000004,616543,185,30
185,#89J2CL08,La familia braw,8000019,609600,186,30
186,#2RU00VG0V,Bralw HN,8000059,608876,187,30
187,#22VY9YJR,Honduras,8000059,606119,188,30
188,#2CYGL80GY,LOS GERREROS Z,8000053,605823,189,30
189,#29PR2C9G2,HN CHAMPIONS,8000023,605253,190,29
190,#29L9C2CC8,Psychos - PSY,8000025,603829,191,30
191,#29PQ0RY8V,waza:v,8000035,603145,192,30
192,#29QL2JVQ2,somos_humildes,8000019,602015,193,30
193,#QCGJQJR,LosPrimos,8000016,600340,194,29
194,#9QCPJL9C,♕︎ᶠᶜ GANSTERS ♕,8000029,595625,195,21
195,#299CVCVRL,(:)VETERANOS>:),8000023,593246,196,29
196,#2CLQRY9GP,BPX,8000039,589689,197,30
197,#299CUJU22,los quinto,8000005,589217,198,30
198,#JYRUQ8JR,Team TheBiBi,8000011,589135,199,30
199,#2QLPQ08J2,Los GODS,8000037,586861,200,29
