,tag,name,badgeId,trophies,rank,memberCount
0,#2QG2CV9YV,Edelweiss🐙,8000021,3696530,1,1
1,#2G822VG2J,Halloween 🎃👻,8000016,1735829,2,29
2,#2CC0GJ8J8,Reply Totem HU,8000043,1664317,3,30
3,#J9JCYRL,Magyar ördögök,8000008,1636878,4,29
4,#2JVU8Q2L9,<c3>D1</c>,8000027,1473574,5,30
5,#2JJRQRJ2Q,🧊LDT|W@rriOrs,8000055,1472660,6,30
6,#QYV2RQ2G,Phoenix Hungary,8000023,1447181,7,30
7,#202PJ8U29,Frozen|Academy,8000051,1406956,8,30
8,#2Q2GCYU0,HungaroCell,8000023,1377225,9,30
9,#UQG2RGCY,MÖ|Academy,8000008,1377116,10,30
10,#2980L088C,❄️ICE TEAM❄️,8000033,1376831,11,28
11,#2QCY0JLCR,🇭🇺HU|Elite,8000053,1349293,12,30
12,#2G9JQY99V,Golden Warriors,8000029,1345983,13,30
13,#299PLJGCG,Magyarok,8000037,1343476,14,30
14,#2G09QLL2Y,☕☕,8000059,1343174,15,30
15,#22VJJCV0R,UseCode: Csuszy,8000023,1331062,16,29
16,#2GYQVQL9R,Star's Home,8000018,1321409,17,30
17,#2JG9U9PQJ,Magyar harcosok,8000007,1320704,18,30
18,#2CQ9V2RVL,Royal Hun,8000023,1312266,19,30
19,#2G2GVJL9U,MÖ | Legacy,8000008,1288865,20,30
20,#29GL2LCRR,Hungary_FC,8000037,1270156,21,30
21,#QCRUQRYC,MyS|Showdown,8000023,1264780,22,30
22,#29C9URY90,Nova Ace ♠️,8000010,1256694,23,30
23,#U9J0QC2C,Nyugdíjasok👴🏻,8000023,1236648,24,30
24,#2QQURLPLQ,Elite Squad,8000029,1230585,25,29
25,#22RRJ90C8,magyar banda,8000033,1229807,26,30
26,#2JQL8CJLP,Killer Instinct,8000012,1222227,27,30
27,#2G0JG202L,Céltalanok😉👍,8000057,1218802,28,30
28,#VLUCLVJR,Alita's Angels,8000041,1207836,29,30
29,#28RV9YRVQ,In The Darkness,8000025,1206821,30,28
30,#29YQQJ0J9,ElektroHUN™,8000003,1192678,31,30
31,#2Q2GL0Y2G,⚡The Warriors⚡,8000055,1188106,32,30
32,#2C0C8PCGG,<c4>ExoDus</c>,8000003,1187720,33,30
33,#2CLCGVC8Y,h¥dro™,8000045,1187103,34,30
34,#LR0G820U,Hősmagyarok,8000048,1181683,35,30
35,#2R28Q9JY0,Brawler Század¹,8000026,1172008,36,30
36,#29GPRUJPY,❄️Ice Force☃️💙,8000021,1171835,37,30
37,#28QJ8QGP,Brawl Stars Hun,8000041,1170040,38,30
38,#28CRYV9RY,⚔Valhalla♥️,8000035,1166349,39,30
39,#2PVP9PLCL,rossz a nev,8000038,1153831,40,30
40,#2PVRJJV8C,Tyupi's TEAM,8000018,1141948,41,30
41,#822GJYQ2,The Great Army,8000004,1141021,42,29
42,#2QCG8UR8J,OREOS,8000001,1138664,43,30
43,#2PP20YC,Magyar Casino,8000029,1135623,44,30
44,#2RQCVUJ0J,SP|Legend,8000029,1123565,45,30
45,#2C82GJC0P,HUNS,8000023,1116692,46,30
46,#2GYPG82C0,Leader Gang,8000018,1114035,47,30
47,#UGUUQUJR,Code: Zsomac,8000033,1113871,48,30
48,#2998PGY9Q,DEAC-Hackers,8000018,1113561,49,30
49,#2GJ2RUPLV,TTL | XTREME,8000022,1111777,50,29
50,#G0CU9Q9,Halálos Osztag,8000036,1108271,51,30
51,#20RP0VQJQ,New Magyars,8000021,1090818,52,29
52,#2PV2RQRG8,mindent bele™,8000059,1081774,53,30
53,#2GL92QGUP,Mask🤟,8000047,1076538,54,29
54,#2JU9RRYJ0,cigánykirályok,8000029,1073582,55,30
55,#2YQG98CVR,"osztály 1,2,3,4",8000019,1073157,56,30
56,#2RGPGQYUP,TURBODIESEL,8000039,1067613,57,30
57,#QY2Y2GYC,A visszatérők,8000005,1062762,58,30
58,#20ULJJ8QQ,Magyar Nyerők,8000006,1059422,59,29
59,#UPPUY2,L€G€ND$™,8000029,1058435,60,29
60,#YJPVCJ8V,HAJRÁ,8000005,1058239,61,28
61,#2GRVY2Q0Y,Archers,8000059,1057713,62,30
62,#2GQUYUJ8U,L E G I O N,8000037,1055649,63,30
63,#2909JV8Q9,<c8>Geper</c>,8000039,1048427,64,30
64,#2RUVYQCQ8,A beastek,8000029,1048308,65,30
65,#P90CCPCP,black bajnokok,8000004,1042516,66,30
66,#LV289LQ,Cryptic Legion,8000050,1031167,67,30
67,#QRJGGYRC,HU|Legends,8000055,1029734,68,30
68,#2CGG9V9UV,Hungarian Bulls,8000029,1028990,69,30
69,#CPV29R2L,reka,8000013,1028969,70,30
70,#2Y9PJRJJ8,BSZ |EvoGen²,8000042,1027943,71,30
71,#298VJGVLU,Township,8000029,1023557,72,30
72,#288RQLLLP,Killer Beasts,8000012,1022377,73,30
73,#2R9VYQ8RR,RageTeam,8000011,1014994,74,30
74,#V2VYPCL0,Brawl Bárka,8000055,1009877,75,30
75,#2RGV9LCP8,Game Over,8000004,1009616,76,29
76,#2G2CYJUGU,Balaton BS,8000055,1003620,77,30
77,#29JGYP9JG,Bear Cave🐻,8000027,998995,78,29
78,#2CP909GC0,Team OÁG,8000037,996729,79,29
79,#2J2J9U2QU,HungaryStrom,8000013,994612,80,30
80,#LCJV8JCL,zora kecskéje,8000037,994206,81,30
81,#2CG0CCQJQ,Local Top Clan,8000037,991446,82,26
82,#2RQ8QCCPP,Gaboca,8000049,990808,83,30
83,#22P922YPV,Hunter Gang,8000006,986460,84,30
84,#2LGVRRL0V,Brawler Academy,8000029,984757,85,29
85,#GLQ9L0,Magyarok,8000007,984524,86,30
86,#20Y20GU02,Hun Brawl,8000029,982191,87,30
87,#2JLRVQ9GU,Poison of Crow,8000012,982108,88,30
88,#2C8G9892L,WGP|flowers🌸,8000041,981770,89,30
89,#2RP28LLCY,Let's twist,8000020,978210,90,30
90,#2JQRQCQUL,Hungarikum🇭🇺,8000049,977003,91,30
91,#2C2YU9V0G,bráner sztársz,8000038,975323,92,30
92,#28JRR2Q20,Cobra Kai,8000037,972773,93,30
93,#2YY9U2JRV,"Easy win, noob",8000057,972496,94,30
94,#CR0J8P92,csani bajnokai,8000041,971390,95,29
95,#2G88G29Y8,Hungarian gang,8000059,966650,96,29
96,#99UQJ0V8,Magyar,8000037,958863,97,27
97,#8URJPGRL,Monori Királyok,8000029,957641,98,30
98,#29C98YQ0V,Srácock,8000057,955763,99,30
99,#29GJRC0LJ,<c3>E</c>MERALD,8000027,955731,100,30
100,#290RGQLJJ,Magyar,8000013,954494,101,29
101,#29QQPCULL,Inner peace🤍,8000044,948557,102,29
102,#2GGYLLLLQ,xd_utca,8000035,945654,103,30
103,#28YQ8YV00,Magyarrock,8000023,941736,104,30
104,#2G8CQV082,ChaosClouds,8000059,938562,105,28
105,#VVQ98UL9,Leaders,8000029,936478,106,30
106,#2JL2RQQUG,viccestejecskék,8000017,934892,107,28
107,#2P09U0L0J,Legendák,8000021,930173,108,30
108,#8QVVVL8C,Szupercsapat2.0,8000044,929921,109,30
109,#UR0V28UR,Brawl királyai,8000053,926649,110,30
110,#LQQUJJCL,harcosCsillagok,8000018,924065,111,30
111,#QR9C98LP,ToxicKiller,8000000,923240,112,30
112,#28P0UPGYR,Golden Eagles,8000029,922120,113,29
113,#2Q922V9P8,HU_Aktiv_CL,8000004,921230,114,30
114,#2JCUC9Y2U,Hungary Stars,8000058,920815,115,30
115,#C0JU8PRJ,GymBeam,8000029,917093,116,30
116,#2RCUPL88U,Grizzlies,8000029,916861,117,30
117,#2G0JR0L8L,1+1=BrawlStars,8000055,916743,118,30
118,#2CLPJ8C0U,Magyar|Pilóta🍪,8000040,915727,119,30
119,#2JYJYRLCR,The Rebellions,8000004,906266,120,30
120,#2YJRV02JV,🔥FireWolf🐺,8000037,902240,121,30
121,#2GJC0R2UP,The Hun Legends,8000039,899197,122,30
122,#VJJ8GUP0,Magyar Bajnokok,8000018,896237,123,27
123,#2JVUJGCGG,Magyar Sigmák,8000010,895961,124,30
124,#2028RYLYR,PSD|The best 🔥,8000049,894098,125,30
125,#20202Y2Q,MagyarSoldiers,8000016,893656,126,30
126,#2RJ2RLG8P,Varangyok,8000027,892712,127,30
127,#QUUQCPCL,BRAWL burger,8000005,890828,128,29
128,#2RRJJ90VG,Melegszenya IQ-,8000005,890733,129,30
129,#2G98U00VC,Covid Crows,8000055,881377,130,30
130,#2C0JQ29YR,MAGYAROK,8000029,881072,131,30
131,#LCCV99GR,[DP KK] Family,8000013,879616,132,30
132,#298J2R0VG,Indian|Legends,8000004,879301,133,30
133,#2G920L02Y,Best of Hungary,8000025,878831,134,29
134,#2JVV8YUR2,Szabyy,8000033,878620,135,30
135,#2PVGRVGV8,Bloody Sharks🦈,8000033,877987,136,24
136,#20LC9P9JU,tesók🤑,8000059,876750,137,28
137,#2CQ292CJL,Sigmagyarok,8000029,876154,138,30
138,#289Q0PU8L,magyar,8000037,873889,139,30
139,#QQ2RYCL2,Deák királyai,8000025,870774,140,30
140,#2JCCR0029,⚡Night Wølfs🐺,8000053,869708,141,30
141,#2CJ0YUV8Y,⚡️Hu|*Family🥷,8000037,865979,142,30
142,#29GQVVG8U,Road to 50k,8000027,863129,143,30
143,#2JRC09LLU,Old Memories,8000059,863117,144,30
144,#2ULQV0,Hungary Myst,8000039,861369,145,29
145,#JVYQYYRC,brawl hadsereg,8000058,860192,146,30
146,#2JCCRGYR0,Égretörők,8000058,860079,147,30
147,#2920GRRQU,<c7>Főnixek</c>,8000019,859765,148,30
148,#20YLJL9Y2,B squad,8000026,859092,149,30
149,#2GYRLPGRL,Hagymás bab,8000047,856484,150,30
150,#2GPQ22JGJ,Top G's,8000055,854840,151,22
151,#2J00PUV9Y,BS banda,8000057,852654,152,30
152,#2YQRLJ0YC,Slime club,8000029,849365,153,30
153,#2920CVRQY,⚡The Warriors²⚡,8000053,847926,154,30
154,#2C8099QYG,World Side,8000038,847911,155,29
155,#222C8CUGG,HungaryMonster,8000027,846897,156,24
156,#229YYJCRL,Szellemek,8000031,845100,157,30
157,#29YG9VQQ8,A Panda clan,8000013,844132,158,30
158,#28RGV0Y99,OG|Champions,8000059,843221,159,30
159,#2C8JJQVCJ,YTR⚡️,8000053,842411,160,30
160,#20J9YU2PL,Family HUN,8000025,838197,161,30
161,#P289U8VC,_CriMinaL_,8000004,837354,162,30
162,#2G09QRC2J,Pixel_Zibda,8000037,837114,163,30
163,#PCC0ULQC,RageTeamMini HU,8000004,836218,164,30
164,#QGPUVR2U,vol,8000004,835710,165,25
165,#2QVUY0GLJ,Frozen|Academy4,8000017,833248,166,30
166,#2CUCPCYP,babok,8000027,831901,167,30
167,#2P9820PQU,Okádó Avokádók,8000042,831724,168,30
168,#22UQJ8CG,Magyar Lecsó,8000059,831507,169,30
169,#98GJ0PQQ,Ellátóhely,8000057,829708,170,29
170,#QRYGQRJ2,🇭🇺BSLegen🇭🇺,8000059,825280,171,30
171,#29LPLG98R,Hungary Players,8000005,825078,172,30
172,#2CGLR99PV,KTD🔥☠️👑💯,8000025,823970,173,28
173,#2RR0J0UGP,Jh Szaki,8000023,822946,174,30
174,#2L8JRYR,vaddisznók,8000013,821979,175,29
175,#2G08Y9LPY,Egyszeregy,8000005,821887,176,30
176,#2JP9G22QG,Replay🔄,8000037,820292,177,25
177,#28UJJCL9Q,SC|Legends,8000015,819173,178,30
178,#2C8YRLGCJ,Pangóparasztok,8000010,818053,179,29
179,#2PQPG8J9C,Black Rose🖤🥀,8000005,816637,180,30
180,#2CGQ22L0Q,Ice Youtubers❄️,8000059,814714,181,30
181,#2GUP0RQUQ,shirekesh,8000020,813117,182,30
182,#2JUQP8G2Q,AAA Jegessmaci,8000031,811701,183,30
183,#8YG8U2,Megtorlók,8000006,811361,184,30
184,#2QGYLR0YU,KolbÁszok🤪2,8000023,811261,185,30
185,#2GQ9CJQQQ,KlukLuksz,8000039,806132,186,30
186,#22QR8Y8UC,hungary,8000025,805519,187,30
187,#29R0RJC92,Nyugdíjas Club,8000025,805356,188,30
188,#QJVCC2LY,Haverok Klubja,8000029,805297,189,29
189,#GYLP2CC,Orban1Gamer,8000015,800125,190,30
190,#2C2YP8YLU,almafa,8000059,799734,191,30
191,#22YVLUR0L,Aranyászok,8000055,795753,192,30
192,#28C8G08RU,Magyar Pushers,8000053,795706,193,30
193,#2G8U9UG28,Brawl Storm,8000003,795315,194,30
194,#V0VLJC8C,CORONA,8000023,792206,195,30
195,#2PJ8U98LQ,Kalandorok,8000028,787553,196,30
196,#YGV9C8RP,Ammerunia,8000025,777528,197,30
197,#29R8GL9G9,MK|Academy,8000055,775770,198,30
198,#2GJ0RQJPG,Bloody Sharks🦈,8000031,773828,199,30
199,#29R0CCVVV,<c4>ExoDus²</c>,8000003,771492,200,30
