,tag,name,badgeId,trophies,rank,memberCount
0,#2JRRC0YLV,PotatoGang,8000059,1090477,1,30
1,#2L2Q8JPY9,🌃 GECE,8000003,1015220,2,30
2,#28Y9C8QCJ,best team,8000018,911283,3,30
3,#2GY0PJPYP,➳<c2>FiRe</c>,8000027,901915,4,30
4,#Q8G8ULV,Team Genesis,8000029,826930,5,30
5,#2GPYQCRG0,Mega Pig,8000010,789413,6,30
6,#CGQ8G9P0,Vatn Clan,8000013,708989,7,30
7,#28UGGU9CJ,TBS|TheBOIS,8000017,675971,8,30
8,#2R2UCJUV0,mörgæsir,8000035,632392,9,30
9,#2J9LJYL9G,VIKINGS,8000000,613749,10,29
10,#2L0QUQCUU,боссы досы,8000029,599703,11,28
11,#Q2GVVVPQ,Eyjafjallajökul,8000053,591350,12,27
12,#CL09U8UR,БиБибанда,8000029,562790,13,28
13,#Y0GRR80U,🇮🇸ÍSLAND🇮🇸,8000002,542204,14,29
14,#9RJJQLPR,Los aguacate,8000013,537584,15,28
15,#2JJLUJYR0,69,8000004,536137,16,30
16,#22CRCJYPL,❄Winter❄,8000008,534016,17,29
17,#298VURGLL,dragonfire gang,8000043,521461,18,30
18,#29CPPJCGY,Brekko,8000034,519723,19,30
19,#2JQPPC0CQ,Beyond eSports,8000000,516435,20,26
20,#99RGRCJR,Star club,8000053,504213,21,29
21,#2RUVCGPCR,noobarnir,8000037,452303,22,23
22,#29RVC9JQY,LGR,8000017,443119,23,27
23,#QL9VYU0,WyRd,8000014,432543,24,26
24,#2GGQUL9RR,Балтика,8000035,427383,25,27
25,#20PJCLYGJ,Farell The Best,8000006,420568,26,30
26,#YRQ0YCJ,Heaven eSports,8000052,417318,27,19
27,#Q99UCVJL,GEVÓK,8000029,404485,28,29
28,#L0LPLU,The Icelanders,8000055,392130,29,25
29,#2C02YP2UL,cube team⬜️,8000034,389851,30,30
30,#PPGU0RG9,viktor og noi,8000015,357901,31,30
31,#29RRLYRJG,iceland gang,8000016,356159,32,23
32,#8LJRGVGV,Fehu,8000027,354402,33,30
33,#2Q892909U,G4MER TEAM,8000045,350037,34,30
34,#LCL9LVC,Ísland,8000025,346121,35,25
35,#28CY228CV,Клуб Мандаринов,8000059,339478,36,21
36,#QPCY0QYJ,club league,8000040,339236,37,29
37,#29YPYQYU2,Orange Cosmos,8000018,338929,38,16
38,#2URU8RJ,getrekt,8000000,332587,39,24
39,#2RYJ92QPG,zxcfam,8000023,326348,40,30
40,#QYGGRVQV,CAPYBARAFAN#1,8000039,326228,41,29
41,#LPU0PGC9,bred👍,8000017,319044,42,27
42,#2YRRPQ08Q,LRE creators,8000058,316963,43,28
43,#C99CPRV2,Power Derector,8000023,312654,44,30
44,#RLLC9Y8L,WERSTO SPIKE,8000009,303731,45,30
45,#2GPYGPRQ2,PurpleBaby gang,8000041,278136,46,29
46,#2G8P92RP2,WE ROCK,8000057,277376,47,30
47,#8CJPLQJG,ICELAND CLUB,8000017,276804,48,16
48,#2RP0VJGQ0,MAXED,8000007,275107,49,27
49,#LU8CCL29,Dark Leggendary,8000011,274843,50,30
50,#2JRC0PP9U,<c7>Toxic</c>,8000047,272384,51,9
51,#29GCLQPGV,6. bekkur,8000046,268645,52,27
52,#2RYYR2C98,SpartanBrawlios,8000037,265638,53,16
53,#2CGYRPVVV,FLAME,8000037,263889,54,29
54,#2Q82JYJYY,AveRt1,8000048,258909,55,9
55,#RCCQRRQY,PRO/TEHM,8000029,256997,56,29
56,#J0G9URYQ,BLC,8000055,253693,57,21
57,#2GYGJ22UR,САЛЫЧ ГУЛЬ,8000019,251543,58,30
58,#YQYR0PVV,The Pigins,8000009,249548,59,30
59,#2JPYYU0V9,AIDAROVCKIE,8000028,249186,60,13
60,#209UPQPQU,cool god,8000029,247591,61,25
61,#PGUCRGP9,THE HOOD,8000037,245600,62,30
62,#JYUYPV8J,PLAY_YT,8000023,245125,63,29
63,#2J0QJ9YY0,FCamma þín,8000019,244756,64,30
64,#C0LR22Y0,Fótbolti,8000011,244506,65,29
65,#2LRLJRC0Q,SNZ | club,8000034,241001,66,14
66,#280YP9P9R,Slef Kettirnir,8000046,238446,67,27
67,#2GU9G2CVL,Dynamic Energy,8000053,237053,68,24
68,#20VQG8QQ,(ОПАСНИЕ),8000013,236297,69,22
69,#2CGGJLGR,kobekjöt,8000026,235796,70,28
70,#Q22V09Y8,Ísland,8000025,228478,71,20
71,#Q8GUVLLL,ísland er best,8000029,227348,72,29
72,#2LLJVRC29,闇企業,8000002,227205,73,16
73,#PJV2VCQQ,nevzat,8000004,225041,74,28
74,#G9992QQ2,шарик,8000004,224960,75,28
75,#2GG2YRJUC,tomas arnason,8000047,223200,76,25
76,#L0GQ2R22,balli 10,8000003,222799,77,21
77,#2029UJU2L,aular,8000057,220746,78,28
78,#2029G0UG,BIG 14,8000004,220700,79,27
79,#2JYRY2GV8,TiKi-TaKa🥵,8000029,217635,80,18
80,#CVLRR00R,ísland,8000029,213481,81,29
81,#2J2L8Y9R9,SOLNCEVO3,8000037,209827,82,26
82,#2RUUL82GP,A FEW GOOD MEN2,8000023,208240,83,17
83,#QGQ0Q98V,FOOTDABB,8000034,207513,84,27
84,#Q0JCVUJY,Fellógang,8000002,207129,85,26
85,#29YL8RPQR,Lindó brawl,8000018,202506,86,30
86,#LY928VUQ,ролеры,8000004,200852,87,29
87,#2Q8PY0LC0,🔥TEAM FOX🔥,8000029,200507,88,27
88,#QULPVJY,EurAsia,8000019,198906,89,28
89,#CQL9QJU0,KERALA,8000027,196824,90,16
90,#R0Y9880G,ÍSLAND!!!!!,8000021,194571,91,26
91,#YYR2YJ2J,sissi,8000015,192147,92,29
92,#2P8JGU0U2,GRUNDÓ,8000007,190226,93,27
93,#VQ8CR9C8,við jó,8000017,189773,94,16
94,#PJ0GJ28L,icecream,8000005,189285,95,30
95,#8CLVCG9Q,Súrir krakkar,8000022,187779,96,21
96,#20RQ0QQYQ,ЭЭЭЭЛЬПРИМОСЫ,8000037,187319,97,15
97,#UPRCRR2Q,ЖМЫХ ЖМЫХ ЖМЫХ,8000013,186463,98,14
98,#2PRPCG8YY,ДИКИЕ ОГУРЦЫ,8000012,186280,99,29
99,#VY9J9CGG,ísland!!!!!!,8000004,186188,100,30
100,#29UR9GJ0G,zaket_tv,8000049,185684,101,30
101,#2QRJYJ8RY,F2P BANDITS,8000056,185669,102,29
102,#2J9GJ28QQ,brawl star lab,8000057,185512,103,30
103,#292QCP0JL,ядулик,8000000,185414,104,27
104,#28U2YPV0U,The best Fish,8000019,182287,105,18
105,#2R02PYGUL,FLATASKÓLI,8000029,181382,106,24
106,#2902UQVL,ThunderGods,8000059,181208,107,24
107,#2PUJULVPV,банда миниигр,8000027,180880,108,18
108,#90CRVV2C,El Club XD,8000037,179741,109,9
109,#2CRQL8VQ8,DarkElite💜,8000041,179545,110,8
110,#2CGPR82PC,🔥superclub🔥,8000046,179424,111,17
111,#2JJGP28G,THE BEANS,8000028,179069,112,25
112,#2PR9U8V02,KingKong,8000030,178427,113,9
113,#JG8PUUPC,Абу Бандты,8000034,178409,114,14
114,#VUYU9RQY,halo gemer,8000057,177909,115,30
115,#YRGY2YQ9,САМИКИ ГОДА,8000029,177017,116,29
116,#LY98PVY2,FORTNITE,8000057,176944,117,30
117,#202RGY8YV,[АЙС],8000059,176365,118,29
118,#2RL8JLYRQ,LEGEND|TIPS,8000041,176190,119,16
119,#PY2RP0GU,OJ Lex YT.2020,8000053,176004,120,14
120,#GYU99CJ0,ísland,8000029,175137,121,29
121,#228PV9ULQ,תיכנסו בכיף!,8000029,174157,122,27
122,#ULPCRCGU,besti clúburinn,8000003,173012,123,29
123,#QPCG0PQ9,masterklupurin,8000018,172558,124,26
124,#2C9YPP8VL,ej,8000023,171900,125,30
125,#29L8U222Y,the best brawle,8000003,171711,126,30
126,#292YQLU0Q,햄쥐,8000046,171176,127,29
127,#2YLP9GRUG,😈Россия😈,8000027,170516,128,30
128,#2C8PUURPL,minions army,8000025,170026,129,20
129,#YY0QV9Y9,Мини игры,8000042,168982,130,27
130,#2C92PJPQ8,ÍSLAND,8000043,167898,131,30
131,#29UR0J2U,ТАТАРИН,8000017,167876,132,29
132,#QC0QGL28,cranz,8000021,167377,133,24
133,#UJP0PYYU,OSMANLI EVLADI,8000014,167267,134,21
134,#29UQ8JV8U,ПРО ТИМА,8000059,165688,135,20
135,#2C9RLYJPU,Donkeys,8000051,165165,136,20
136,#2P98G99JP,THE BROS,8000015,164556,137,27
137,#20PU0G9RG,NLEROBBI,8000000,163876,138,30
138,#Y82999J9,Даня и Даша,8000029,163560,139,29
139,#2PVLCCQJY,Подписчики,8000029,163551,140,18
140,#2QLULGJVC,12344401,8000035,162420,141,29
141,#2QPLYV0CU,brawl star boys,8000029,161663,142,26
142,#2RQUVJU2Y,Lirik2,8000057,160611,143,25
143,#2QJGC9P2U,wild kings,8000023,160610,144,29
144,#YRRLJGUJ,T.A.Y.D,8000003,160020,145,21
145,#YQCGLVGQ,The best potato,8000016,159678,146,30
146,#2QVCQJ2U,Njáll nala,8000012,159466,147,30
147,#UC9JJQRL,Oli 001,8000013,159014,148,29
148,#LGUR2U28,MarkFly,8000023,158671,149,22
149,#YR9GJ8RP,Sandy's Club,8000046,158569,150,29
150,#GYUYPP09,аадик,8000015,158192,151,28
151,#VCQPLCV2,Bananen 🍌,8000047,157526,152,25
152,#2GRLR2RL2,МЫ В ЩИ,8000011,156850,153,28
153,#2LGU9U0V9,TCF clan,8000000,156781,154,30
154,#VYGG2Y9J,lindaskóli2020,8000028,155952,155,21
155,#2LR0JPLV0,katómiki,8000005,155173,156,25
156,#298VP20VP,Dragonfire gang,8000043,154776,157,30
157,#2JYCYCR0L,flying chiken,8000009,154432,158,22
158,#2C9J0JLP0,حره فلسطين وغزه,8000046,154392,159,15
159,#LGQP2QCJ,Jólasveinn,8000040,154364,160,25
160,#VVGGVUPP,꼬부기,8000014,154255,161,30
161,#JRYRCQV,Funtown,8000024,153571,162,12
162,#Q0P2U0Q0,hisi,8000015,153547,163,26
163,#PJ2YQYGP,ТОКСИКИ,8000037,153529,164,29
164,#Q22Q82VJ,РаНдОмДлЯпРоФи,8000007,153222,165,20
165,#2YVGGUP2U,bollar.is,8000029,152628,166,19
166,#2GY9UGJ0P,сигма,8000057,151585,167,17
167,#R88VC0CY,нани на 25,8000029,151495,168,30
168,#99299L0Y,óþroskaða peran,8000013,150210,169,25
169,#LRL0QC8G,kóngarnir,8000055,149935,170,15
170,#2R8P08P09,21СКУЛОПГ,8000005,149307,171,18
171,#CUJ0LGL0,Убийства Бравла,8000025,149283,172,30
172,#Q8QVRVVG,bivki,8000034,149279,173,27
173,#9RC8PGJU,Werstupidsorry,8000025,149223,174,29
174,#U09JL8G,emz❤️,8000029,149014,175,30
175,#2888P9JVU,Nbwjot,8000023,147993,176,30
176,#2GCY9R2GP,Я люблю сырки,8000006,147526,177,12
177,#8GVQJ2V,elo,8000049,146195,178,30
178,#2YPJYCRU8,Death R,8000049,145980,179,12
179,#2GRVRC8QL,ДОРОГО КАКТУСОВ,8000013,145630,180,29
180,#UC0L2RY2,Hummelinchen,8000053,145509,181,23
181,#29Y829U8Q,bestir,8000019,145242,182,30
182,#YPC8V990,salah,8000029,145111,183,29
183,#20YP90RPL,Mikki master,8000057,144271,184,16
184,#LPG9L9YL,strákarnir,8000049,142833,185,16
185,#2PPU9R8L0,дом зенита,8000033,142269,186,10
186,#P88CCVP9,мы химик,8000006,141194,187,30
187,#2LVQLLJYU,pdp,8000057,141187,188,24
188,#U20Y9U9Y,HOT BOYS!!,8000001,140951,189,22
189,#22QJ02VLU,клуб увасей,8000059,140903,190,27
190,#ULGLJLLJ,бравл.,8000014,140699,191,30
191,#2RL2YVVRJ,NOOB|TIM~,8000039,140665,192,7
192,#208P9Q8L0,Tempo,8000009,139627,193,6
193,#28GL2VYJL,Позетивчик,8000015,138760,194,30
194,#28UY0GLYP,❄IceFire🔥,8000004,138197,195,27
195,#RG2JRRV8,СУХАРИК,8000021,138102,196,28
196,#222J22L9L,Барбоскин хаус,8000004,137718,197,15
197,#200VPGUR,Crow's Crew,8000013,137358,198,27
198,#28GLCJLLC,DragonFire Gang,8000043,137026,199,5
199,#2Q89992YG,the babo,8000053,136634,200,29
