,tag,name,badgeId,trophies,rank,memberCount
0,#29RQGJ2UV,It's Champion,8000029,1463766,1,30
1,#PG8JPCQ,Bandung Stars,8000052,1433631,2,30
2,#2CLRU89,INDO ARMY X,8000037,1335845,3,30
3,#29QC9RYCV,Mystic Rising💫,8000057,1275079,4,30
4,#LCCYL9,Indomie,8000037,1274472,5,30
5,#2GUG2UVLV,INDO CORPS X,8000059,1235036,6,30
6,#20LG2QGYC,IDN|Royale'Team,8000018,1223108,7,30
7,#2GYVYP2QV,Rising Phoenix,8000057,1219822,8,30
8,#VJQ0V9YL,It's Champion 2,8000029,1219305,9,30
9,#220C09Y8,Death Force™,8000000,1217334,10,30
10,#209YJUPJV,Fantasy Gaming,8000010,1202016,11,30
11,#2CP8R02G0,⬳⛥⊰ ON🇮🇩➊ ⊱⛦⟿,8000018,1185333,12,29
12,#RJ0J8Y9,INDONESIA XYZ,8000010,1171884,13,30
13,#2PRLVLRRU,⚔️Ninja Team⚔️,8000007,1161840,14,30
14,#2JQ9JPLJ9,eCOPOT,8000039,1145068,15,30
15,#8CUL9RLQ,Indonesia Aja,8000012,1138977,16,30
16,#2CRP9VYQR,LockGang,8000029,1118303,17,30
17,#Y8YUV0C2,Otakus 2.0,8000000,1106756,18,7
18,#2LJGGY,Bandung Elite,8000027,1100103,19,30
19,#QYQCP,VOLT,8000019,1099156,20,30
20,#P0Q8C8LP,Nanaci,8000055,1094302,21,30
21,#2P8RUU0PJ,REVOLUTION Z,8000027,1093324,22,30
22,#LYC89V8,RisVos,8000029,1084824,23,29
23,#2R098LQ2V,Death Force™ 2,8000000,1082580,24,30
24,#CQ0YUJ9L,Biji Kadut,8000015,1066500,25,30
25,#VV0P2U8V,BandEl Rebahan,8000043,1053692,26,30
26,#2LLP20CJ0,Sunda Minang FC,8000023,1035616,27,30
27,#2GCV2CUVC,Rising Corvus,8000057,1029767,28,30
28,#2QJLPYLL2,BGLA,8000029,1013161,29,30
29,#2QY0LVY,FantasticFriend,8000006,1011989,30,30
30,#RVL0J8YL,Frost Walker™,8000059,1004542,31,30
31,#2GP0Y9C89,Majestic,8000032,1003021,32,30
32,#28LQJJL00,<c2>Fire</c>,8000037,1002807,33,30
33,#280QRP2VG,Ultra gamer,8000034,997365,34,30
34,#2GYJ2GG2J,🤤<c7>$ANGE</c>,8000049,987270,35,30
35,#YYJ0YV0G,Little Crumb,8000057,985092,36,30
36,#2QLQQJQU,SILVER KINGDOM,8000018,970115,37,30
37,#29QC8Y99L,CrownID,8000029,967088,38,30
38,#9Y8V8GPP,indo,8000023,964782,39,30
39,#28VJ99J0,INDO NOOB SQUAD,8000007,964498,40,30
40,#2LCUVYQ0Y,Sk.Kilerr,8000037,959296,41,30
41,#2082L9JRP,GAMER|PLACE,8000018,954921,42,30
42,#2JUP29VL8,IND STARS,8000006,950108,43,29
43,#LQPVPYPQ,INDO SQUAD,8000055,944953,44,30
44,#2P9J2L,Indo Warriors,8000023,928561,45,29
45,#2GRV29G0J,Mystic Forest,8000037,927255,46,30
46,#2GGQV9UVP,Death Force™ 3,8000000,924938,47,30
47,#2002GLGPR,trickshot op,8000037,914573,48,27
48,#VC0VJ9U,Legerdemain,8000059,901872,49,30
49,#2928PLLQJ,INDONESIA 🌟🌟,8000018,900590,50,30
50,#PUPQU0J,Skuy Living,8000036,899582,51,30
51,#YJJR8U2Q,Indo Brawler,8000004,899478,52,30
52,#28GJY20YL,INDONESIA 🌟,8000018,897183,53,30
53,#2R8PP0YGY,lemonpigs,8000016,889928,54,30
54,#2QCQLQYQ8,Nòsca Team,8000004,888931,55,30
55,#YVUC008L,INDONESIA,8000059,885628,56,27
56,#29QYYY2,Surabaya Brawl,8000023,880217,57,29
57,#VLPCYLCU,WARGA +62,8000021,877307,58,30
58,#RC00V2V2,INDO FOREVER,8000029,876651,59,30
59,#VVJ0VJJ9,~AsSaSsINaTioNs,8000034,872096,60,30
60,#2QJ8C29JL,Человеки,8000059,850472,61,2
61,#2R2JLPLUQ,Cream Indo,8000041,846830,62,30
62,#99G9Y02Y,Indonesia,8000004,840570,63,30
63,#RJVLCLVJ,YOGYAKARTA,8000008,840031,64,28
64,#VYCUYPYY,LYCANTHROPES,8000055,839700,65,30
65,#QRG2UCPP,✨Baby🌟MetaL✨,8000049,836962,66,29
66,#2CP0Y08UR,INDONESIA🌟🌟🌟,8000018,836384,67,30
67,#2JCGYVG,BLACK HAWK,8000055,833466,68,30
68,#CYCG8GCL,Little Revenge,8000036,833140,69,30
69,#2QG2UYLUC,Yihaa,8000023,823877,70,30
70,#CPRGUQP8,Indo BrawlStars,8000049,822812,71,30
71,#29Q90RPU8,Acquainted,8000023,820240,72,30
72,#2QUJJGPL8,Slebew XD,8000059,807389,73,29
73,#QCJC9RY2,PodoSenengGrup,8000000,806291,74,30
74,#2GCYY2282,GAMER INDONESIA,8000031,799167,75,29
75,#22UYC8,INDONESIA [GM],8000006,794534,76,29
76,#2Q2RPVGU0,Valkryia,8000023,794109,77,30
77,#2GYUVVQVJ,YOGYAKARTA,8000029,787933,78,30
78,#2PP8GRG9J,Variant,8000037,781715,79,30
79,#L02PUU90,Infinity,8000039,779914,80,28
80,#QPJP222Y,LEGENDARY TEAM,8000018,767281,81,30
81,#99VQ0Y9J,INDO,8000035,766423,82,30
82,#2GQC9Q98,LuckyNut☘,8000014,763465,83,30
83,#2CGRQL8LR,<c7>iCrown</c>,8000029,761387,84,30
84,#QRLGJPLL,Flash Gangs,8000019,759843,85,30
85,#2089C9CCQ,CommandeR,8000023,759580,86,30
86,#VLPUG9VQ,[UNDER SLAYER],8000018,757799,87,29
87,#LJUCL8JP,Indo Army,8000036,755857,88,30
88,#20GJQLGGL,Indonesia Team✨,8000037,749708,89,30
89,#VUL0GVCR,¥twierdza tokat,8000039,748407,90,20
90,#2JPGL9YU0,WeBareBrawls🐻,8000059,746938,91,30
91,#2Q2GYR998,INDO,8000006,745982,92,30
92,#PQ8V2QV2,IndO,8000007,739189,93,30
93,#PUPPU9C,Raikiri,8000007,738703,94,30
94,#VUL0QYGQ,PDI UNIVERSE,8000023,736243,95,30
95,#JUP8RJPR,°QNTL°Esport•ID,8000000,734778,96,23
96,#28P00LGCQ,BRAWL INDONESIA,8000023,733886,97,30
97,#2JJJV8VJY,NGO-BROL 🤩,8000004,727999,98,30
98,#22RCYYL8Q,INDSOMNIA,8000052,727434,99,30
99,#V82URJL8,INDO GAMERS,8000037,726813,100,30
100,#2LLQJG2P,+62 Genk Guys ~,8000018,726484,101,29
101,#208ULJ99U,Indonesia Aja,8000012,725226,102,28
102,#VLPYQYQ,Indo All Star,8000018,725207,103,29
103,#20V9YLRUL,INDO STARS⭐,8000018,724643,104,30
104,#2L82CPLRQ,INDONESIA 🇮🇩,8000037,712738,105,30
105,#QR2CG9V8,✨INDO GG✨,8000037,711683,106,30
106,#2QP208U0,YOWIS NEVER DIE,8000040,709296,107,28
107,#2L909GYGU,LEGENDS~INDO,8000023,709009,108,28
108,#9V8CLPJ0,GG 30,8000018,705816,109,30
109,#GQYU9,Indonesian,8000057,704744,110,30
110,#2R2QRLYG8,BSHF,8000047,704061,111,30
111,#LU0V0G8C,Indo|Kimetsu™,8000038,698324,112,30
112,#2J2YLGYG0,Dewa,8000037,697636,113,30
113,#28PCVGUUC,INDO WARIOR,8000016,694466,114,30
114,#2Q9R82LG9,Indonesia,8000035,692948,115,30
115,#Y0JG282L,Bandung Raya,8000047,692446,116,24
116,#29GYG2CGU,Pro only,8000055,690418,117,30
117,#JC0VCG,walangkekek,8000018,689880,118,29
118,#208LLU2JL,indonesia,8000037,688080,119,30
119,#2JUJCR02C,EPIC~INDO,8000034,675763,120,30
120,#9CVGYPPQ,Shadow Eternity,8000000,675762,121,27
121,#2LGV2Q9C,indonesia,8000042,675750,122,30
122,#2Y0GQLQG8,The X-Treme,8000053,673696,123,30
123,#2R8PVRRL8,The Starscorers,8000018,673545,124,30
124,#2YCG2YV8J,YBJ/ LAZ,8000029,668055,125,29
125,#29Y0CJ990,Love Crown,8000023,667493,126,30
126,#2L9YRPQ2R,Ancient Orb,8000023,666798,127,30
127,#29LYPQQ0C,Biji Karet,8000003,665879,128,30
128,#2JU9UVU2J,Biji Kerut,8000007,665843,129,29
129,#2CQCV9YLR,TanpaL̶e̶l̶a̶h̶,8000052,664756,130,30
130,#2LC02VY0V,BORNEO,8000015,663506,131,30
131,#Y80Q0RUV,TANPA BATAS,8000059,658953,132,30
132,#CJL20GCL,INDONESIA,8000032,658812,133,30
133,#292YGULPQ,😬OnlyWinners😬,8000016,657422,134,27
134,#C2LG0RC8,MalaysianLegend,8000016,655431,135,30
135,#2Y28RPYY0,Indo,8000023,653347,136,30
136,#202QLG9Y9,cr warior,8000055,652223,137,30
137,#L9PP00JU,fatamorgana,8000054,652147,138,30
138,#JC0RQL8P,INDO|FAMILY™,8000053,651659,139,30
139,#29P9UQ82,WER SQUAD,8000004,650839,140,30
140,#2Y8Q8PR00,New Jakarta 21+,8000036,647917,141,30
141,#9GL9QCV0,InvEstoR,8000035,645338,142,30
142,#2GYRVC8UP,Myth Zenith,8000025,643997,143,30
143,#Y8JCLGPY,blue flame,8000033,635754,144,30
144,#2JYY2VQCL,TRIBE MAFIA,8000029,631856,145,30
145,#29G0PPRRP,Mystic|KudaLiar,8000037,631770,146,30
146,#QJGP08L0,serpent’s valor,8000045,628921,147,30
147,#2QL92CC0L,Mr. Pane,8000056,627886,148,30
148,#PJUGR02G,Telor Gang,8000028,627870,149,30
149,#PV9GCL9G,Dingin ❄,8000059,627083,150,30
150,#LUQ92JQC,INA|Empire✓,8000018,626562,151,30
151,#8CJPQYG9,INDONESIA,8000023,626087,152,30
152,#YPC8YRL2,Indonesiaku,8000023,625468,153,30
153,#2QGC8PJY0,Slyveon✨️,8000010,624718,154,30
154,#2Q8YY2RVJ,RANDU KEREP,8000017,624560,155,30
155,#QPPGGCQJ,BRAWL QUEEN 👑,8000018,622962,156,30
156,#28CU9QRV0,Indo Beragam,8000014,622275,157,30
157,#2QV80VJJ8,MIJA CIRCLE,8000018,621963,158,30
158,#9J2GL9L,indonesia,8000006,619959,159,30
159,#VJ0RRUY,Rose,8000039,619702,160,25
160,#2YCPLPP,IndoBrawlStar,8000013,616108,161,29
161,#P02Y99GQ,grub indo,8000036,615023,162,30
162,#29P9QJ90P,DXRKNESS ミッション,8000035,614472,163,28
163,#28L8VLUR0,GON|EliteSquad❄,8000052,614009,164,29
164,#2J9C09Q88,SlowHand ID,8000056,612102,165,30
165,#29Q8GJ2CR,CHOCHONUT,8000029,611318,166,30
166,#2P288VQP2,Mariana trench,8000031,610440,167,30
167,#2C0CGVY9U,New Jeans,8000003,609383,168,30
168,#R029PRUY,Mantappu Jiwa,8000007,600388,169,30
169,#Q2RQQV22,ඞඞ,8000006,595057,170,30
170,#2CP9J2PR9,FREON'D,8000014,593755,171,30
171,#2YGJJ2GYU,Indo Pro 2,8000054,593257,172,30
172,#2G8C2CCRY,Indo assassin's,8000003,592196,173,30
173,#2GPJPY2U2,ISLAM ITU INDAH,8000014,590061,174,30
174,#2GJU0R8,Novus Star,8000048,589928,175,29
175,#2QYRULVQY,INDO E_ESPORT,8000047,585488,176,30
176,#QG9C8UU8,3 Good Men,8000058,584533,177,28
177,#2YGJLVCCJ,Gilgamesh,8000051,583140,178,30
178,#2LUP0YQJR,gempur,8000053,583113,179,30
179,#2GU9PCJJL,INDO GENG,8000049,581623,180,30
180,#20Q2U8G8G,shadow fighter,8000027,580907,181,30
181,#929Y9VP8,Running Brawl,8000055,580595,182,30
182,#28QG280,BARBAR,8000037,578335,183,30
183,#2JG8V0PQ0,BIGBLACKHAWK,8000029,576263,184,29
184,#2CQ00QUJ8,Break The Game,8000023,573961,185,28
185,#2R80QRJGL,Bandung Stars 2,8000000,573923,186,30
186,#2JCC8J90C,SURABAYA,8000043,573131,187,30
187,#29YLU0LV9,pretzelvania,8000041,572560,188,30
188,#LG8VQQ2Y,EVE,8000040,571104,189,30
189,#2GUPCGLGG,INDO ALL STAR,8000018,565208,190,30
190,#8Q98200,JKT Conqueror™,8000018,564669,191,24
191,#2GGUQYYCU,INDO|FAMILY™,8000046,564646,192,30
192,#8QUPJ89,TELKOMSEL,8000007,563553,193,29
193,#QQ9C2GUP,INDONESIA TEAM,8000023,562014,194,30
194,#2R9VVPURJ,F2P btw,8000057,561932,195,27
195,#2Y0RYP2V9,INDONESIA BEST,8000019,561466,196,26
196,#2RPYY2JGL,INDO FAMILY,8000036,557032,197,30
197,#2LRJ9UJJ9,Uno Express,8000039,554795,198,29
198,#289R0RJYP,Milk Mocha🍶🐻,8000017,551846,199,30
199,#298V20UGY,cah noob,8000007,551169,200,28
