,tag,name,badgeId,trophies,rank,memberCount
0,#2QJ882RRR,Night Stars,8000052,1577225,1,29
1,#2G00U822Y,QUEEN OF HEART❥,8000025,1462456,2,30
2,#2PLURCQ9R,pylin,8000029,1432435,3,30
3,#2LVUJ8JJ0,👑NIGHT⚜₩@LF$💎,8000000,1396578,4,30
4,#QQRGLLJR,𝐍𝐈𝐆𝐇𝐓ᵐᵃᶠⁱᵃ,8000023,1324104,5,30
5,#29ULLRPLG,خودمونى,8000021,1304933,6,30
6,#200YULVCG,Matrix IR,8000012,1270615,7,29
7,#28V2G0GYR,PG | Family🌦,8000037,1262005,8,30
8,#V08V8RUG,T.I.T.A.N.U.M,8000029,1254803,9,30
9,#QQCPPR8,iran,8000047,1252385,10,30
10,#QRQCUUV0,قهرمانان,8000037,1243653,11,30
11,#2LLP8RPQP,CA'$'H,8000023,1238703,12,30
12,#2JVCR8LRJ,-The Persians,8000025,1195691,13,30
13,#2YQJV8L90,Cactus red,8000005,1188806,14,29
14,#2CCYJGRR,Daeis,8000035,1154936,15,30
15,#2QLPJ8C2P,Persian Gulf IR,8000052,1142817,16,29
16,#UCQQCGV,Brawl PRO(2),8000025,1115783,17,30
17,#98YYQPV,ایران,8000009,1097084,18,30
18,#2GPVR0QVC,👑 TM|INFINITY⚡,8000029,1091614,19,30
19,#99LRV88V,iran,8000013,1083331,20,29
20,#29GU09UVP,persia,8000029,1078555,21,30
21,#QYYCGPGV,ᴅʀᴀᴍᴀ|𝑐𝑙𝑢𝑏,8000006,1073354,22,30
22,#29YPC8C9V,PEPSI2,8000003,1066033,23,29
23,#29Y2C09GC,اتحادیه بی نام,8000038,1060392,24,30
24,#YPGLYC80,Persian Gems,8000029,1054019,25,30
25,#2CPJLCYCU,CAPTAIN CRIMSON,8000031,1038286,26,28
26,#8YRY00U9,⛈| IR Heroes |⚡,8000019,1037643,27,30
27,#299R02G82,PERSIAN BRAWL,8000018,1029468,28,30
28,#PV29LRRR,Persian Gulf,8000058,1017700,29,30
29,#2J028GU29,IRAN,8000056,1011001,30,30
30,#2Q8LP2PVY,BRL Gang,8000053,1010810,31,30
31,#2JY2YQ80R,IRAN,8000029,1006861,32,30
32,#298L8ULGV,Iraniankingdoms,8000037,1003750,33,29
33,#2JRYPR0U9,قهرمانان براول,8000037,1000093,34,30
34,#2QYYC820L,NIGHT,8000010,999439,35,30
35,#2CGYJ88JP,✨NIGHT🔥SUNS⚡,8000037,981912,36,30
36,#29PLCJQ2G,FaMiLy RsF,8000031,970137,37,30
37,#2882J2YRG,saulGoodman,8000029,965410,38,29
38,#2RPQPQLRG,RESURRECTIONS,8000041,942324,39,30
39,#Q00J2QP,iran,8000034,939689,40,28
40,#U22LYLQ9,👑king👑,8000029,937820,41,27
41,#2GUL8JGLP,friends,8000029,933570,42,28
42,#2C00RV9YL,❄️ICE CLUB❄️,8000002,919252,43,29
43,#2JL0UUJGU,ME & MY friends,8000023,915734,44,30
44,#L29QLGLQ,IRAN,8000057,909097,45,30
45,#2882YUL8U,IRAN,8000046,901379,46,29
46,#20VVRUP99,Persian Friends,8000023,898586,47,29
47,#8R28JL2Y,IRAN,8000057,896337,48,30
48,#2QCGL0RRJ,BrawlGangsterS,8000059,894914,49,29
49,#2QRPQP2V0,Tehran Stars,8000002,890051,50,25
50,#2QUYYUYQY,🌹friends🌹,8000059,881058,51,30
51,#2922UUJLU,Tribe iran,8000023,873098,52,30
52,#20J2URPQL,persian,8000025,869856,53,28
53,#LYY2VV2Y,persian,8000029,860567,54,30
54,#2GU8VUPVC,party_^,8000057,857025,55,30
55,#2C8J98L0U,Brawl_persian,8000016,855381,56,30
56,#29YJUGCU2,Gang Stars,8000051,855015,57,30
57,#YPUQ2LLG,iran,8000006,848906,58,30
58,#2CY9U0CGJ,Los Santos,8000037,844015,59,30
59,#20882G8GC,king of iran🗿,8000055,843395,60,21
60,#29RP0RGPL,YT:MrAkbarClash,8000036,840371,61,29
61,#89JYVV2,iran stars,8000046,839059,62,29
62,#28CUL29G9,Darkness Kings,8000037,838606,63,26
63,#29YGYYPYU,IRANIANS,8000029,836012,64,29
64,#Q0QPRQQ8,Phoenix's Mount,8000037,832968,65,30
65,#29G00P0UG,IRANI GANG,8000031,832802,66,29
66,#20J0CJVVY,Boruto,8000036,832720,67,30
67,#2YUJ9RRP0,IR First Kings,8000023,824641,68,30
68,#2QC0CCVPL,ir🥀ᴋɪʟʟᴇʀꜱ™✨️,8000016,821229,69,27
69,#2CR00LV0P,IR | ALFA,8000008,811267,70,30
70,#2JULJR9LR,BSIR ClUB,8000006,810788,71,30
71,#2C2JGQQC8,persian gulf,8000008,808000,72,27
72,#GVJ2JGV0,࿐LOVE TO KiLL࿐,8000004,805465,73,30
73,#20Y0J20GU,IR|PRO GAMERS,8000049,805076,74,30
74,#29GLPG90Q,brawl team,8000047,802670,75,29
75,#2YLJUVYL0,KURD BRAWL,8000029,802123,76,28
76,#29PJLVR9C,گودرت2,8000057,801216,77,28
77,#9LG29QRQ,iran,8000023,800597,78,30
78,#2980UGGQ2,Routine,8000017,799956,79,30
79,#2R0C09J2P,IR Club,8000052,797745,80,30
80,#2GUPPRQQJ,boomino,8000056,795518,81,30
81,#28G0UV9UR,the innocents,8000023,785813,82,30
82,#92VURJ82,brawlbaza,8000014,780836,83,30
83,#2JQQQQPC0,the great Cyrus,8000055,780568,84,30
84,#YQJYJ82Y,IRAN🇮🇷A~M,8000029,780545,85,30
85,#829VRJYY,Iran,8000045,771632,86,29
86,#2YJRLPLYP,قهرمانان براول,8000039,770078,87,28
87,#22VUVJJ92,volcano of win,8000043,769345,88,28
88,#92RRGV9C,IRAN,8000028,768674,89,30
89,#29LLV8YVJ,<c8>-SOLO+</c>,8000025,764335,90,30
90,#22UQ2PQ2G,justice's club,8000029,763754,91,30
91,#2RPJ0G9V8,IRAN PRO,8000052,763353,92,30
92,#2GJ9QULP0,⭐Gang.IR⭐,8000035,761184,93,30
93,#28PJJGLLG,Iran,8000050,749441,94,29
94,#2RULPVV,پيرهاي كمر سست,8000037,744179,95,26
95,#29GR992JG,|ALPHA E-SPORT|,8000025,743560,96,30
96,#2CL9C80PV,Iran Clup,8000042,743268,97,30
97,#2Q0RRCJRC,cactus persia,8000013,740715,98,30
98,#299982GPY,Over Time,8000004,737789,99,29
99,#29YQG8RQ0,cactus squad,8000013,734406,100,30
100,#9GLCYCCV,iran,8000031,729726,101,28
101,#29YJ9288L,GOAT,8000049,721975,102,30
102,#QGCCPJU,Iran,8000004,719073,103,29
103,#2CPRGYC8G,BC|Zero,8000012,718055,104,30
104,#J8RR8J0J,✌دوستان همیشگی✌,8000029,713145,105,30
105,#20PV2YQUJ,Iran,8000059,711968,106,30
106,#LQUR0VL8,vampire,8000008,710301,107,29
107,#QQCV2L0R,ایران,8000027,705699,108,30
108,#QP9GYY20,<c4>IR</c>BRAWL,8000021,704294,109,27
109,#Q0RYG9LC,Persian,8000047,702695,110,30
110,#PJ8VQ29Y,gay club,8000036,702313,111,30
111,#2RJR080V2,Ultimate Brawls,8000037,700726,112,28
112,#LGUVUR,chilimchi,8000031,700061,113,24
113,#2Q8PPLV0G,KING'S MAN,8000029,699876,114,25
114,#28JGQ8C9J,IRAN,8000027,699752,115,30
115,#UG2J8V9G,Iran,8000043,699452,116,29
116,#28GRUGQLY,براول استارز,8000036,699163,117,30
117,#8VLLJ9VR,IRAN,8000055,698986,118,24
118,#2CJ2L2YP2,KnighT|GhouL™,8000014,696601,119,30
119,#2J98YYRV0,IR[EXOTIC,8000004,693508,120,30
120,#V09YLLV,ایران,8000027,679829,121,28
121,#Q098PQCP,بزن زنگو😜,8000034,677041,122,29
122,#29208UPU,parsnik,8000004,676701,123,30
123,#2G8G0U8LP,Persian Elite,8000059,675539,124,18
124,#2JVPQULCP,CHAMPIONS,8000053,671662,125,30
125,#QG0GJCGU,IRAN_-_PRO,8000004,671489,126,29
126,#2Q8R8JLY0,SPIKE 2,8000013,668942,127,29
127,#VYV8PQJV,GT IRAN 2,8000033,668782,128,22
128,#2JQL2JJ80,ایران بوستان😑,8000025,664231,129,30
129,#2028LRRYQ,Mädchen,8000047,660513,130,9
130,#QRQJ9Q2C,●I.R.A.N●,8000029,659929,131,29
131,#2Q29UGLJR,<c0>ßadland</c>,8000021,659782,132,28
132,#2CYRPC0PR,GreenXtasy,8000013,657661,133,30
133,#VVQJGL9V,dostan🇮🇷,8000035,657073,134,29
134,#29PRPRLQ0,Dark Life,8000059,657016,135,30
135,#20899VYJQ,رفاقت,8000037,656337,136,20
136,#220JR8J8U,<c7>TM|oEG</c>,8000047,655947,137,29
137,#28QCQP2C2,Top G DoggA,8000031,654043,138,30
138,#2988YC8JR,OG team,8000011,653361,139,30
139,#8CGJYP2P,IRAN,8000023,650909,140,29
140,#QYG2CPYJ,استارزلند,8000057,650792,141,30
141,#2J2UUQRJJ,big_bang,8000037,650002,142,29
142,#QLUCRC0Y,feramasons 2,8000046,647377,143,30
143,#2JLY9JGCL,TOY MACHINE,8000034,645856,144,30
144,#2G2R090VU,dream squad,8000040,645832,145,30
145,#99PJ9YUY,تکاوران,8000037,645287,146,29
146,#2CP8UGU2L,Brawl News,8000053,642463,147,30
147,#Q9QRY0JL,😎😎😎,8000004,640062,148,29
148,#20GRRCQQ0,iran,8000023,639559,149,30
149,#2QY928RPP,New Dawn,8000019,637234,150,29
150,#8G9L8PC9,PRO GAMER,8000029,636722,151,30
151,#YJ288VUY,IRAN,8000012,636034,152,30
152,#LVCG9Q9J,King in north,8000055,628574,153,29
153,#R8UJVQ,Insane,8000005,628233,154,30
154,#P9QYJQLR,persian,8000008,625295,155,30
155,#29PQ9JP0L,Iran,8000029,624814,156,30
156,#2Y9VGJ0V8,IRAN BRAWL,8000023,623617,157,30
157,#LGR8G2JC,<c2>Outlaws</c>,8000048,623451,158,30
158,#2YP9QJVYL,TEHRAAN,8000023,622443,159,28
159,#2L2LQ8VUR,iran210,8000004,621818,160,30
160,#QR9VUVL9,`Number One|🏆,8000055,617709,161,26
161,#UJRL0G9P,قهرمان 2021,8000006,616078,162,30
162,#QYJ9P80Y,PERSIAN BRAWL,8000007,612030,163,27
163,#2GGPJYU80,Bests of Brawl,8000043,611131,164,27
164,#2CQURYRPP,قهرمانان,8000029,609796,165,27
165,#LY9V8QJU,IRAN,8000008,609392,166,30
166,#8PR9QR89,IRAN,8000048,608694,167,30
167,#2GLR02CR2,GANG^_^YT,8000049,607408,168,30
168,#29PUV2PGR,کلفت گنگ IR🇮🇷,8000023,606940,169,30
169,#2JCVQP9PV,ᵖʳᵒ | 𝖡𝗥𝘼𝑊L,8000023,606148,170,30
170,#L20GJP0,dorehami,8000035,605948,171,23
171,#9898CPQ8,IRAN,8000021,605448,172,30
172,#VJLV0V28,Persian Elite 2,8000035,602555,173,29
173,#2L8PV8QQV,heaven,8000037,597159,174,30
174,#2PC92JVQJ,KORTEX GAMES,8000027,596794,175,30
175,#20YLR0Y89,ТЕМНЫЕ ДЖИНЫ,8000059,595025,176,23
176,#YQ0LVP2Q,IRAN,8000029,594463,177,30
177,#2QJY9PYVQ,Iranstars,8000023,594302,178,30
178,#28L2RYR8,شجاعت,8000007,593760,179,29
179,#292LQ8U0Y,gamer,8000042,590754,180,30
180,#2YPVLUVP2,*دوست*,8000023,590462,181,28
181,#208R0VPYQ,رالف,8000023,585967,182,30
182,#90VYC2PP,IRAN,8000034,585661,183,30
183,#UJPG2QGG,ایران,8000014,581797,184,30
184,#2LLYJGUJU,دورهم,8000059,580740,185,30
185,#202PCPGCC,ایران,8000057,579166,186,27
186,#2Q8CC8G98,AMOOHA,8000023,577400,187,24
187,#8RLVGQJR,IRAN-$TAR$,8000002,576885,188,29
188,#QQL28JG9,friends,8000059,576841,189,29
189,#QYQU0VRC,крабы,8000034,576338,190,30
190,#2VGVRCCJ,Resident Evil,8000043,575819,191,30
191,#2G22G9RLV,$TARR ₡HAT🍷,8000023,569752,192,27
192,#U0RVQU98,Tomar753,8000011,567457,193,30
193,#2YPLY99RC,BS GODS,8000052,566297,194,22
194,#2Q880VLLJ,friends,8000019,565803,195,30
195,#220Q90JCY,Iran,8000052,565779,196,30
196,#208R0RLCL,🇮🇷JOKER🇮🇷,8000023,564028,197,22
197,#2C0VGGQRG,iran,8000004,562037,198,25
198,#2CYUG0VYC,avernus,8000015,560719,199,30
199,#29Q9Y28CC,⊰K⊱⊰i⊱⊰n⊱⊰g⊱☃️,8000057,560185,200,29
