,tag,name,badgeId,trophies,rank,memberCount
0,#2G889R2L0,BOSTA STARS,8000008,2667691,1,30
1,#28JURQC29,Dawkiss,8000018,943127,2,27
2,#2228C2JG,*STELARGAMERS*,8000045,858421,3,28
3,#C09VURV,HoisS,8000016,749630,4,29
4,#2QVRUVRQP,STRONGERJM,8000016,739573,5,30
5,#G8JC89QY,HapeloN,8000003,726599,6,30
6,#2JU0C2UQL,Beton liga,8000006,714257,7,29
7,#8YJCVUP,BeLi,8000029,703822,8,30
8,#2R8V0UJLC,Blue Blood S/A,8000033,674435,9,30
9,#29V00LY,EncocADE,8000057,635641,10,30
10,#228PCQ8YR,Goodfellaz,8000028,634027,11,26
11,#29U9GVP08,jamaican mafia,8000037,614303,12,30
12,#2JG2U829C,Real Blunt FC,8000042,612100,13,28
13,#9GYQGCRR,Banterbury,8000016,611815,14,22
14,#PV2JPPL0,High Society,8000045,574951,15,23
15,#VP00U2L,Thief Clan,8000007,559832,16,27
16,#8U0PG09,ALMULUK,8000013,556791,17,30
17,#22YU0RPP,AutoNines,8000013,554506,18,27
18,#8QLRJG8Q,インキャーズ(移行),8000019,553362,19,28
19,#28PY9JYRP,DL TEAM,8000029,541990,20,26
20,#22CCQ2Y9C,Начальство СВУ,8000037,533790,21,29
21,#9VL2R0,SQUASHY,8000013,533274,22,26
22,#22CU0VQJC,Light Warriors,8000046,529037,23,30
23,#2Y0Q2JV,Bombo Y Caja,8000025,528482,24,28
24,#VV89V98,Team Yuinta,8000013,522593,25,30
25,#QQJG2JP0,Batty,8000046,509439,26,30
26,#29PV0GL8,Brawl Buddys,8000008,470933,27,29
27,#222JGJLP,CerviaCity,8000012,457897,28,30
28,#PG9Y89Q9,A-Z SQAD,8000023,435887,29,30
29,#2YLRPRUP,Kozaki z Poręby,8000042,432524,30,23
30,#2JPPUQ0VG,こみプリモ,8000055,423395,31,23
31,#8RULR9,SuperLemonHaze,8000013,412915,32,29
32,#VGYPPV2U,JAKKURT&TEAM,8000027,390609,33,29
33,#82JRC8Y,V STARS,8000012,389833,34,20
34,#2L8208U00,420_CLUB,8000027,388128,35,30
35,#20YUP922Q,THCCANABIS.CLUB,8000013,383169,36,22
36,#289J8GGRY,Assassins creed,8000018,380490,37,12
37,#9JJYPPL,clubserioviola,8000011,364796,38,30
38,#VL8QPCRJ,El parque,8000013,361388,39,19
39,#RURL0U2V,PMO_NIBBA G4NG,8000007,359826,40,21
40,#JVYJCPP,Crakhouse,8000013,345626,41,16
41,#8LJU8829,Lit Bummsen,8000029,342513,42,22
42,#29PRY2CPQ,el poco primo,8000025,341458,43,29
43,#20UVPV2Y9,///M 550D,8000016,339280,44,30
44,#2QV9P9RLJ,Ma ri hu a na,8000045,336141,45,30
45,#2CLQ2QPVC,|MJD|,8000029,334600,46,17
46,#2G8QYGVQ8,<KLOK'S>,8000045,324731,47,30
47,#2Q9CQLVG2,Babak,8000045,322727,48,26
48,#2RYC22UU,brexitafc,8000020,320194,49,23
49,#2JYCYGP0G,DARK HUMORS,8000004,319888,50,12
50,#8YG0VPLP,squanch,8000013,314245,51,19
51,#2QCRG0YC0,690Gang,8000049,308858,52,17
52,#QGV908RY,OPIVM,8000006,305082,53,30
53,#J0QYRQVR,-los moraos-,8000016,303541,54,18
54,#GRRUY8G,CrystalEmpire,8000022,300809,55,30
55,#20CJ9JG0,BrawlSkunk,8000013,299972,56,14
56,#2JY0UUU9L,🇯🇲GETHO🇵🇲,8000000,298836,57,22
57,#9VCCRQC,LosChavalesBS,8000015,297468,58,20
58,#28R02RVY9,TheElites,8000006,291368,59,16
59,#CCUPY9C,Wilders,8000023,290522,60,24
60,#PVQPVLJ,CdM,8000013,286479,61,19
61,#28VJG92JV,THE FRIENDS,8000059,286212,62,30
62,#2GGJGCLPC,Ratas Kingstong,8000033,284116,63,24
63,#2R2Y8VUL,TORPEDOS KANVTS,8000013,280878,64,30
64,#2V288LC,JA Brawlers,8000053,280167,65,18
65,#UQUQ88LC,☠️Skull Haze☠️,8000004,274191,66,23
66,#Y0J8CYP,we are one,8000000,271467,67,21
67,#PL8JC0R,OmniJA,8000008,266866,68,28
68,#8GJGRPC,El Barto,8000012,266442,69,25
69,#QGPR800,haze brawlers,8000013,266013,70,13
70,#JPLPCG2,TOO FACE,8000035,262475,71,29
71,#22Q0PGPVP,Tribe J.R.,8000010,261860,72,17
72,#92YLLYGG,CANPEX,8000059,260374,73,30
73,#2GY0YLLRU,PorQue,8000037,255208,74,12
74,#CGR920VY,das Crow Team,8000025,255195,75,30
75,#2RP02LV9R,WILDBERRIES,8000041,252221,76,30
76,#2YLQQL08U,The Storm,8000007,250304,77,30
77,#8UC9PU9U,LEGEND BRAWLERS,8000029,250172,78,30
78,#GJVRVRQP,família BR,8000019,248357,79,21
79,#VV9R0V8,Jamaica Brawla,8000038,240467,80,10
80,#2QUL9VUJR,ligaclub,8000013,240155,81,14
81,#2LU0U9JG,ganjabobs,8000027,240062,82,23
82,#2QPLRQL82,CLUELESSGAMER,8000023,239494,83,22
83,#89PRRYY,shushiweed69,8000013,236403,84,24
84,#229R0P8R0,IRURA PAPI GAVI,8000027,235601,85,30
85,#208VJV08U,BLADDY CREW,8000025,234862,86,14
86,#GQ9VGY,JA Shottaz,8000007,234216,87,27
87,#PQQJ00R8,Shiva,8000013,231927,88,14
88,#2CRVQV082,Berserk,8000023,229333,89,19
89,#98PGYRRU,Green-Team,8000026,224746,90,19
90,#8822VG8Y,Cew,8000045,224433,91,30
91,#8RR8VRRU,킹한준과 아이들,8000029,223398,92,22
92,#22YLQVJJL,ALX,8000029,220050,93,25
93,#YJQL8VL,Cañoto,8000042,219996,94,11
94,#29R0V9YRU,friensd1234a,8000017,219929,95,26
95,#29RR0C9P9,Jamaicanos 🇯🇲,8000013,218391,96,30
96,#2R0LVL08Q,Killi Killi,8000004,218238,97,12
97,#QQCGU8JP,バーリーの居酒屋🍷,8000018,216763,98,30
98,#29RY280QL,cajetina hud,8000013,215810,99,15
99,#822RC2,Yonkis Stars,8000014,215375,100,15
100,#29PRLUPCG,♤AceOfSpades♤,8000008,214391,101,23
101,#L9VCYGJY,Doble_Ataque,8000037,209431,102,13
102,#80LCRLP,top form,8000008,206458,103,19
103,#2LQVGG9L,Steendoorjeruit,8000027,203210,104,17
104,#CPGCJUG,Lokalgeto,8000025,201299,105,12
105,#2JJ9UG0Q9,HEAT WAVES 💟🩸,8000037,200218,106,27
106,#P8CP9C0U,Anime,8000057,199662,107,29
107,#2J9JLVUC2,Late Night game,8000037,198724,108,29
108,#28Q0VC8Y,$(Gang),8000013,197054,109,20
109,#U9P9Y8R,NOVA 1 KILLER,8000016,193967,110,27
110,#YY2UL82,Weedhouse Clan,8000013,193442,111,30
111,#29Q9CPGR,hachis,8000013,193436,112,8
112,#PPLUUQ2G,7//AM,8000005,192653,113,22
113,#28ULJL8LY,killa,8000022,192112,114,30
114,#2JJC89QPU,VAGA,8000039,190682,115,14
115,#G2R2UUR,日大タックル,8000004,189392,116,27
116,#RQQJGJCP,SMIHAF,8000023,189268,117,14
117,#L9RG2JC8,MUTANT PLAYERS,8000037,186619,118,12
118,#20JPQ998,Alborocks,8000013,184204,119,25
119,#G2PGLPQQ,GHOST TEMPEST,8000007,182763,120,26
120,#2JQLV2Q8,Made In Jamaica,8000047,182332,121,30
121,#8CQQPGUR,IDK,8000036,182095,122,28
122,#28R2CQLCV,ブロスタenjoy勢,8000012,179161,123,19
123,#8PLL0L9,canne fumanti,8000025,177813,124,23
124,#2RU2QUR2,ELITE BRAWLERS,8000008,177187,125,28
125,#QRQLV9,ZOSO_JM,8000000,176674,126,26
126,#892J29VQ,whtamoactivo,8000017,174466,127,16
127,#GQ8YYV,Ja hurricane,8000014,173857,128,24
128,#20290VY02,Flèche et Rex,8000036,171782,129,30
129,#29Q09L0YV,THE CONQUERS 🔥,8000046,170970,130,30
130,#29PU022J9,klub kaktusuf,8000013,167650,131,26
131,#222J09GP,Mornin' Wood,8000026,167398,132,11
132,#2RUJLL02J,ziron team,8000043,166844,133,28
133,#29JG9UVYV,8-C,8000047,165721,134,15
134,#2GU8UC82J,DARK MOON🎃🎃,8000059,164820,135,30
135,#CV0QGVC,fortis,8000025,164372,136,22
136,#LYC9QLQR,GALATASARAY,8000035,162892,137,28
137,#PUYPJJJP,Gençler Birliği,8000027,162237,138,22
138,#CCR2GL,Trini Assassins,8000006,161338,139,30
139,#2C2R9L2,DMD,8000017,160539,140,26
140,#2UJ0JC8G,ComboWeed,8000013,159364,141,27
141,#QRPVRVRU,Los Otakus :),8000011,158246,142,30
142,#PURJ8LGR,Jonkhomies,8000015,157842,143,5
143,#2QY8PGULR,Ricco 30312307,8000000,157676,144,16
144,#22YPVYPYC,Mcgee Mcgee!,8000017,155958,145,15
145,#CJLC2GY,The three SSS,8000007,155869,146,20
146,#PUURPCU0,Upcoming Stars,8000011,155641,147,17
147,#LPRJCPCL,Україна топ,8000052,155583,148,30
148,#JV09JU9L,HELLBLAZERZ,8000037,155441,149,22
149,#9YUVRUYR,dibujos brawler,8000012,153894,150,29
150,#2G88V2U2Y,GG Nuggets,8000003,153348,151,8
151,#P8UGUCC,FOUR CLAN,8000013,153164,152,15
152,#2J8YUG9J,NFL 876,8000023,152046,153,29
153,#CPRJQLQ2,fox aka wolf,8000041,151705,154,29
154,#2RYLU8LPR,the thread,8000005,150580,155,13
155,#99QVP9UL,stecche in chil,8000013,149647,156,15
156,#29YUC8CY0,passat,8000048,148454,157,30
157,#J00VR9GY,Rolling Stoned,8000004,147585,158,29
158,#RCLQCP8L,Baby Gaming,8000055,147414,159,29
159,#QP28Q9,caymankingz,8000018,147101,160,29
160,#R08C0JQQ,SanJking,8000007,146249,161,14
161,#2PC8C8RRQ,ЧОХОКО,8000035,145749,162,24
162,#2C9RYYV0C,Sheesh-ha,8000049,145396,163,12
163,#LYRJC2UQ,23 manji,8000004,144739,164,9
164,#2882Q2QC,durooo,8000034,143016,165,16
165,#9U2L8LPP,lamar,8000008,142085,166,27
166,#L2GJ2YC9,kinkis jardín,8000013,141578,167,27
167,#QVRL8L02,Stoned,8000013,141329,168,8
168,#P2L2LP2C,Serpentón,8000057,140657,169,21
169,#8L9GYRY,Jamaica Warrior,8000012,140421,170,27
170,#8VQVRGJ,JAMAICA Inc.,8000029,138686,171,9
171,#2J929GC0G,crimson shadows,8000019,138013,172,30
172,#P9V02G0R,끝ㅎㅎ,8000043,137641,173,30
173,#29CVRG2LY,Semi And Lemon,8000029,136742,174,23
174,#20V00PQC0,Pirates,8000004,136201,175,30
175,#2C8L9PURJ,saiko vaGa,8000044,136200,176,7
176,#9LGRRQCP,kwante binkies,8000016,135658,177,10
177,#2CLGVCPL,Maestros,8000022,135538,178,28
178,#RRY2J9R,BigPhalluses,8000004,135108,179,18
179,#8JG209PL,ДРУЗІ,8000059,134738,180,30
180,#2QGY2L8PV,ticaret,8000048,134120,181,29
181,#228JP2PQ,Weedgang,8000013,134014,182,10
182,#UGYGQJV,ThCrew,8000015,133679,183,20
183,#P9U9LRLG,TRENCH,8000019,130963,184,14
184,#PQYYYJYC,KLMcrew,8000015,129595,185,13
185,#RPPGG0VC,les nawels,8000013,129253,186,5
186,#VQCVPRJL,CANNABICSOCIETY,8000013,128361,187,11
187,#2YRV2J9LG,Nesquik Squad,8000013,128212,188,10
188,#2RRYJGGQY,Heroes FC,8000013,128028,189,28
189,#2RLJJ9RJU,Epic Rising🏆🌎,8000021,127443,190,7
190,#2QJLJCVYU,Marranostars,8000002,127292,191,29
191,#2LY20RU,gang brothers,8000029,127032,192,29
192,#LQJLRPU2,ХОЧУ АМБЕР,8000007,126208,193,25
193,#YVPQCPG0,BS|ARMY,8000047,124755,194,29
194,#22Y8L02QP,Crocodile Teeth,8000049,124588,195,6
195,#VV0RVPY9,LOLKEKCHEBURECK,8000042,124043,196,11
196,#8Q82ULC,+GloryBrawlers™,8000004,122910,197,26
197,#2R90GQU29,BRUSKO❣🌳,8000029,122847,198,8
198,#2R8V80YUP,HighBrawlers,8000012,120670,199,8
199,#G0RLGJLJ,Goat Status,8000058,120349,200,6
