,tag,name,badgeId,trophies,rank,memberCount
0,#28U020UVV,Die coole,8000018,894210,1,26
1,#2Q2UJQG09,sindery,8000006,834470,2,30
2,#292GL9PVQ,soft,8000057,802831,3,24
3,#QYQ08GJL,TEAM sąsiedzi,8000003,760602,4,30
4,#2CGQRJVUU,BS Ukraine,8000055,667023,5,30
5,#29RLVCVQL,BR Kingz🤍,8000055,657410,6,30
6,#V8LR902U,《荒野亂鬥》,8000037,655126,7,30
7,#29GVGJPGP,남사초5학년,8000037,524542,8,30
8,#2LYJVYL0L,LoveYou❤,8000006,489044,9,30
9,#QGLRVVQ9,Beans,8000006,441276,10,19
10,#2G89QVP2P,PISELLANA,8000037,435440,11,30
11,#2JJL9QGY,BFF✌🖤,8000027,434314,12,3
12,#2QPPJU8PJ,the pro,8000018,418113,13,30
13,#2R2YL0Q98,Наша семья,8000031,392723,14,29
14,#20992VJC2,ブラックホール捜索隊,8000002,386979,15,29
15,#22QJR90LR,Club league,8000006,367385,16,27
16,#2CLUVQQL2,Omnjov Army,8000045,366482,17,30
17,#LC9J2PYJ,Україна,8000037,362483,18,30
18,#QL0020Q8,все Русские тут,8000028,355728,19,30
19,#2JUL9RQVG,네친구들은 다 들어와,8000049,294590,20,30
20,#2LGPVLJVV,🐟Рыбачки🐟,8000053,291185,21,17
21,#Y9LYG29,de boys,8000029,290468,22,18
22,#20RCJJ2JG,VIL |LEGEND,8000029,287535,23,28
23,#C8YPCL,Almondwood,8000017,286322,24,23
24,#LJVGCL8C,fibra óptica 7B,8000023,271122,25,30
25,#2JY8RPPRY,JerseyBeans,8000039,263628,26,24
26,#2JC2GR0QU,59 CLUB,8000053,252427,27,10
27,#QPRC290G,💓KANKALAR💘,8000015,250276,28,6
28,#QRGYGG2L,better good,8000059,246058,29,30
29,#JUGVU9L9,Byron’s Buyers,8000049,244171,30,14
30,#2PLYQQ9QY,3 кирпича,8000037,240671,31,27
31,#22PL2GQ2J,나 클럽,8000019,239567,32,30
32,#UJ2Q09L,TheBasement,8000008,232434,33,20
33,#2RLRQ2V0L,bobus,8000026,216600,34,18
34,#9802V898,Ben vs dünya,8000035,213270,35,24
35,#2PQ2LVUGV,Au_zhenya Team,8000029,213246,36,11
36,#RQ02RRLQ,тазы валят ёжик,8000007,206690,37,28
37,#2RPP99L28,Слава Україні,8000057,206677,38,30
38,#UPYRUUYQ,EA AİLESİ,8000019,205206,39,18
39,#2G08RPY0R,usbrabu,8000057,202261,40,19
40,#LLC2UVYJ,Didderly Boyz,8000029,198918,41,30
41,#QRCUG09L,田中とたけしの間,8000029,197401,42,22
42,#V9Y8PQ28,CISTI CISTI🥴🤯,8000014,196452,43,25
43,#QLY0GJL0,Legendary Play,8000029,192543,44,9
44,#UUJRUP20,les bg du 71,8000019,191402,45,29
45,#2Q8PLL220,50026,8000055,191063,46,29
46,#2LYGYQPLC,Ничего личного,8000047,187244,47,19
47,#VLLLL2LJ,osioł,8000015,186841,48,21
48,#U2PCVJJL,Haworth buds,8000018,184850,49,30
49,#220QV8V9C,Brawl Android,8000004,183667,50,28
50,#29J9PV20Y,הפנדות האדומות,8000005,182546,51,23
51,#2009URLJV,Storm Raiders,8000003,182505,52,29
52,#92UJLUV8,عراقين🇮🇶,8000048,179502,53,18
53,#2QCU0G2VV,s # red stadion,8000017,178149,54,30
54,#QJLQQ2JR,Хата Пряни,8000023,177707,55,12
55,#CY8RCCCU,Osman Plus,8000021,177063,56,6
56,#GY2L8RP9,Launv Team,8000023,174716,57,26
57,#VJ8LPQUV,THA club,8000018,173871,58,28
58,#2GQVJG99V,s # red stadion,8000011,173190,59,26
59,#VRLQVU80,крипс,8000049,171034,60,28
60,#VUGYGPQV,ПРО🤜🤛,8000049,170156,61,28
61,#2PGP8829L,GG spike,8000018,168667,62,29
62,#2CYGPJCQG,Dead House,8000036,166854,63,9
63,#2G8PRUUCV,s # red stadion,8000006,166396,64,28
64,#2QPRVYG8Q,The Cat Club,8000037,166317,65,9
65,#20RVLU0G8,ТОПЫ ШД,8000025,165474,66,7
66,#LGCJLUPJ,koldo,8000007,164506,67,30
67,#2YQR0QP2,lasagna bois,8000029,163940,68,29
68,#22VCLGC2R,ישראל,8000013,163797,69,30
69,#2Q0LYGYLU,QSL,8000039,163761,70,26
70,#Q2CPV8C2,Україна 🇺🇦🤟,8000048,162083,71,25
71,#2CPVL2QUR,엉덩이를흔드록바,8000031,159547,72,30
72,#VJVRQJQQ,Yenilmezler,8000003,155345,73,29
73,#2GJ8J2C09,柿ピー,8000007,155174,74,9
74,#9LU9JRU,pro,8000015,154983,75,11
75,#28R8Q998G,Purple Beast,8000009,153233,76,25
76,#VJ0QJPQP,горомовик,8000029,153101,77,30
77,#2CJ82V9JL,mangotango2722,8000015,151506,78,30
78,#2JRVJ9VCC,Solo Club,8000023,151164,79,9
79,#V9L9L8RU,たこ焼き,8000007,150575,80,25
80,#28LUU8GVV,r.m.z.e,8000035,150184,81,29
81,#2JRYPYQ9R,locked club,8000039,149917,82,30
82,#J9QJQULG,Аляска,8000037,149668,83,28
83,#2Q8JVR2PQ,АВАНТЮРИСТИ🇺🇦,8000031,148924,84,30
84,#8YLJQY0C,החומש,8000029,147243,85,19
85,#2RVU8PJ2V,цапля,8000001,146171,86,29
86,#L9GJG29Q,bizim adam,8000007,145014,87,1
87,#GR8Q2JP2,모찌조찌,8000053,144109,88,29
88,#2QQ0LVQ8,This is Anfield,8000005,143809,89,5
89,#2RQVRQ8Y2,グルメクーポン,8000016,142521,90,30
90,#2LUVQCJCL,ElevenT,8000003,141565,91,17
91,#YC0VYVGV,sevgili,8000029,140296,92,17
92,#29PR2YJLV,VMK,8000055,139397,93,30
93,#2GUQPYJQY,NKN ACADEMIE,8000011,138940,94,29
94,#LCJL0P28,баскет дом,8000023,137424,95,27
95,#2JLYGJ98J,Rubtsovsk Team,8000045,136456,96,9
96,#2RGQPR9LV,C'est La Vie,8000029,136009,97,9
97,#ULQ82C8J,n.s.r,8000029,135293,98,27
98,#GPV88LJ0,ЗВП,8000029,134248,99,30
99,#JYQ0LU8V,Ãß_Army,8000007,133824,100,23
100,#2VRPCJU9,LAZ,8000020,133492,101,28
101,#2QCLV0CYY,S # red stadion,8000023,132918,102,29
102,#2G08YQR2P,за наві команду,8000056,132677,103,15
103,#VUJVPP29,РЕП ËЖИКИ,8000035,130883,104,30
104,#2CQP9VPUR,브롤 홧팅,8000037,129383,105,14
105,#28Y0VRYV9,Lextheslayerbe,8000013,129328,106,10
106,#GJ89CJ2Y,8888ш,8000004,129131,107,22
107,#200YVVRU0,✨STARS✨|LEGENDS,8000052,127528,108,30
108,#YVYGYLYP,CW CLUB🥶,8000055,126854,109,9
109,#JV8G8VU,seventino,8000021,124873,110,29
110,#Y80UUL2L,Havrani-op,8000008,122328,111,3
111,#20VR0QP9,Demon’s Head,8000004,120984,112,29
112,#G0GPQPV,Viva el rey,8000017,120574,113,29
113,#LCCG08UG,Апаем 25 ранги,8000029,119342,114,28
114,#22VVGYL9Q,denisdemir,8000006,118940,115,30
115,#20L8RCU8C,سراعو بلبل,8000035,117238,116,30
116,#2V8PJP2Y,saza23,8000029,116278,117,25
117,#280QJC0LJ,писч,8000029,115801,118,29
118,#289J28Y98,Liquid Water,8000033,114964,119,8
119,#2QR8C8VG9,HRVATI,8000025,114723,120,30
120,#2G0GLP20L,Y8.H7,8000029,114711,121,30
121,#LYUU9RJP,Ну что 40к.,8000019,112895,122,16
122,#2JU8YQCRY,7-Б 309,8000029,112800,123,24
123,#PJLRJVJC,мандарины,8000029,112430,124,27
124,#JVGV2VPV,YT dumitru,8000000,112153,125,30
125,#QYY0GRLY,team/maranza,8000059,111365,126,25
126,#2GU92908U,i love jacky,8000037,111192,127,4
127,#202QYLV8Y,эль bimka,8000037,109992,128,5
128,#L8LQRYCP,VIP only,8000049,109755,129,15
129,#20GCRGCU0,טופ,8000004,108833,130,30
130,#Y29JYYUR,AGALAR,8000037,106220,131,15
131,#V90QRUVY,орешек222,8000014,105810,132,26
132,#JQJGY98R,gyaresz001,8000015,104729,133,24
133,#90RGL9CP,🎋NARUTO☄️⚡2,8000058,104056,134,15
134,#20QQJ0C90,пан 2,8000049,103836,135,29
135,#UPV0PPVU,papegang,8000025,103394,136,26
136,#2JCPP0GQY,Буйные викинги,8000019,102794,137,4
137,#298V0Y8R9,하이요,8000015,102735,138,24
138,#CPUYQ8R,edgar,8000013,102415,139,28
139,#V0UJVY9C,angel oscuro,8000011,102187,140,14
140,#22YYLGPVU,соушин убив,8000004,102096,141,10
141,#2GGLRL92,я тебе дам кусь,8000010,102039,142,30
142,#29YGJUQUR,787,8000025,101969,143,28
143,#2920QL2VJ,память симбы,8000029,101010,144,13
144,#LJQUJC2Q,бой боиии,8000027,100826,145,29
145,#2YLP0VYL8,протит,8000029,100232,146,30
146,#QUQCYP0C,ADD LAVA,8000029,98927,147,24
147,#22UJRUC90,i dei pro,8000029,98705,148,14
148,#22GRRL8P2,ممد بیا,8000027,98503,149,28
149,#29LCGQCR2,Clarify&Friends,8000025,98391,150,7
150,#2C9VRP9UY,We Are Turk,8000035,98048,151,4
151,#JPUCP8QL,Леон,8000007,97089,152,29
152,#9U2U2G8R,عرب,8000059,97013,153,30
153,#20RPVY9J8,devi morire,8000018,96621,154,30
154,#20G88V22L,VARD|Бояр,8000058,96354,155,26
155,#VYJU0P9,лолотрек 25,8000029,94750,156,28
156,#2G9VPJ0G8,фан клуб бо,8000023,94363,157,28
157,#UR0Y8JQL,マイクラ研究部,8000011,92470,158,13
158,#2Y0YQV92G,the black,8000042,91835,159,9
159,#LPQLCCY8,LE./AHMET,8000059,91778,160,21
160,#R89PCP99,Давид тит,8000018,90908,161,30
161,#UCU28PY2,Fortissimi,8000029,88313,162,27
162,#2LV99VRUV,владмиша,8000007,88076,163,28
163,#YCVPRPUV,PAPCİ🐺,8000041,87762,164,26
164,#2LQURPRQJ,ELITE STARS TIM,8000014,87338,165,20
165,#2Q0RCPYY0,sdfs🇹🇷,8000031,87099,166,30
166,#C229Y9L8,Code: Torii,8000029,86072,167,21
167,#2G92C82RG,YT|Taviaux Noah,8000049,85179,168,17
168,#29GYL9L2G,KILLAR CİTY,8000059,84095,169,14
169,#2CRL9U09U,I PITBULL,8000011,83961,170,6
170,#2CV99YP8,Asi Kızlar,8000024,83834,171,30
171,#2Y0YPJVVL,А4,8000005,83325,172,30
172,#JGYU0R0L,[ТОП] Brawl,8000023,83246,173,30
173,#LGPQGGP9,привет жони 2.0,8000011,83195,174,30
174,#2YU2U08U,про😁,8000004,82996,175,14
175,#LL28Y8Q0,나아,8000016,82826,176,27
176,#2Q8G88Q8L,Way to victory,8000023,82385,177,3
177,#292VCUUQ0,тёма и Костя 19,8000004,82009,178,30
178,#2J20LGQYQ,rugby,8000016,81932,179,30
179,#282GJJQCQ,ABOBA ARMY,8000057,81367,180,12
180,#YGR0GY2R,молодец огурец,8000004,80999,181,28
181,#VRJ0VP9P,мы везучие,8000016,80835,182,28
182,#UVUGL98V,69,8000029,80832,183,8
183,#2YGVPJJ0R,ÜZGÜN,8000001,80092,184,30
184,#2VVRPPG8,любимки,8000029,80086,185,25
185,#GVP2UJG,нло,8000037,79991,186,12
186,#PGCR99G9,AVC,8000029,79740,187,30
187,#RGVQGLLV,웃소,8000055,79543,188,27
188,#2YPUCLCCP,50026,8000055,79335,189,30
189,#Q9CGY08G,magyar tesók,8000059,78947,190,11
190,#2QCPGURPJ,troll hunters,8000058,78340,191,5
191,#RPV20LRQ,Night Forest,8000007,78240,192,18
192,#YVLJV2YR,goga1230,8000000,77933,193,19
193,#RG2VCLQ8,хЯЧ,8000008,77833,194,30
194,#CL9URP8P,Corona Gang,8000012,77548,195,11
195,#2JU8LJ0UV,TEAM 2,8000005,77438,196,5
196,#LP0U8UU0,AS RIUS,8000013,77106,197,30
197,#JQYR0GPL,ksksksks,8000005,77045,198,26
198,#29GUCUGJQ,[=],8000029,76600,199,5
199,#2LPQY9RJP,°•○●□COBRA□●○•°,8000057,76140,200,3
