,tag,name,badgeId,trophies,rank,memberCount
0,#2PCC0P0VU,·.·★ ᴋɪɴɢ ★·.·,8000004,1250477,1,21
1,#29R8CUG8G,Squad Place,8000023,698008,2,29
2,#QG2GGVQC,Мужики рулят,8000012,685570,3,29
3,#29GJLVLRP,les saucissons,8000016,667159,4,30
4,#29U8Y8P0L,Kirov Team,8000050,650414,5,30
5,#2GQJP9YY0,TurtleTurtles,8000047,649630,6,29
6,#CGJUUPLY,Los primos,8000057,568525,7,30
7,#C99L9VU0,みずみょん,8000047,523124,8,26
8,#2G8LLLL0Y,Футбол и Дино,8000015,486397,9,30
9,#2Q0928RRC,LyzoxYT,8000043,485939,10,23
10,#8UJCUL2,блейдеры,8000010,462111,11,30
11,#2QLCQRYUR,Monkeys_Only,8000047,444345,12,30
12,#U820LRGV,🌹❤️KANKİLER❤️,8000027,435596,13,27
13,#2PYQL2GQR,초강력브롤,8000018,434336,14,29
14,#2JRYRUVPY,Бибика🚙,8000054,433445,15,30
15,#2JPLRPG9L,재주클랜 농구,8000007,428467,16,28
16,#2G0JCJ989,모티스연맹,8000006,427623,17,30
17,#2CCYPU0RG,Alliance,8000048,418673,18,10
18,#29L8V0YUG,KİLLER,8000037,415686,19,27
19,#U2CYUYQY,GLOW,8000017,415639,20,20
20,#29YVRPGQP,Cactos Sortudos,8000038,414808,21,30
21,#2C8J90R9P,lesBG76,8000049,385501,22,30
22,#28RQ08RLU,BOMBLES❤️‍🔥,8000059,375431,23,25
23,#2CJJ9JY29,kolobky🧪,8000015,375311,24,28
24,#G8JG2UQ0,матвей друзья,8000025,357979,25,29
25,#Q2YG90L0,попа тика,8000041,353682,26,30
26,#29R9UJ0VC,Adam larrr,8000058,344530,27,28
27,#2Q2QQL2U0,clubs Ronaldo,8000057,336896,28,27
28,#2CPCC02QU,MGCOIN,8000016,335069,29,30
29,#2LC99P9YG,💖💖💖,8000057,320253,30,20
30,#2RYLLPJ89,Mantel's team,8000013,319063,31,21
31,#2Y20RCJ98,j'aime le 🍞,8000055,312706,32,28
32,#2QLQP88UC,muck,8000010,309194,33,30
33,#8J890VUC,OSTROŁĘKA,8000012,304374,34,30
34,#2L29URJYG,Лайм и мята,8000049,294121,35,11
35,#2JR0CQ2Y2,Spasskie,8000014,293772,36,30
36,#2JUPVLRRL,규태잦이,8000027,290984,37,30
37,#2C2982L9G,KRS|BROLSTARS,8000029,288780,38,28
38,#2JRRPPGCQ,семья гп,8000051,285896,39,16
39,#282V988PG,Utopique Brawl,8000023,274976,40,17
40,#U02UYGU,3RAB PROS,8000016,274435,41,24
41,#2GR0CY2VY,zxc,8000004,273457,42,15
42,#2L9QVPRJ8,BM3,8000007,255767,43,28
43,#CCRQJYG0,THE LEGENDS,8000022,254174,44,27
44,#2Y29P8Y88,✨Brawleroschek✨,8000006,247100,45,30
45,#2LV82RGQ2,отчимы егора👎,8000037,243820,46,30
46,#2JJ9LLG2Q,USSR,8000023,239640,47,16
47,#VQ9VRCR0,Банда БеЗуМцЕв,8000008,239524,48,24
48,#2980RPUQV,Wisdom,8000049,237172,49,26
49,#LY0VVVVL,MACİTLER,8000004,235051,50,26
50,#2CJ09C290,ו3 ניצנים,8000011,234732,51,17
51,#2R8QLV2QP,AFGM|God Mortis,8000037,230629,52,11
52,#2CP8JLJ9P,최강대광,8000034,228011,53,28
53,#2YC9Q9C90,Laxury,8000035,226861,54,11
54,#29QRRJP2Y,гуль,8000004,222803,55,19
55,#2G9V2VGQ0,ком Анд калл,8000057,222535,56,30
56,#28QR9Y9YG,I❤️corvo,8000057,221682,57,20
57,#2JGVCCJQY,Areks|ELITE,8000023,220697,58,12
58,#JGGC2PCP,SY/SYR MBS♥🇸🇾,8000023,219254,59,30
59,#2QLUJQCGL,Les TR,8000005,218693,60,15
60,#28Q0Y80J2,mat ren ame,8000027,218311,61,29
61,#LLLVP822,給食団,8000029,215864,62,29
62,#28CVRCVRV,bomber,8000055,215389,63,21
63,#8PGUL9U2,legends begin,8000024,213644,64,29
64,#JU8RJGQR,Гемы и лайки,8000012,211739,65,28
65,#29GR8CCPG,гей клуб чорт,8000004,210457,66,26
66,#2008LR9G,team jaune,8000029,206802,67,30
67,#2CR8LQ8JC,brawlstars🤩🤗,8000028,206485,68,16
68,#2RURUVRUP,50000к.,8000059,206286,69,29
69,#2PUR2L8PV,ШД СИЛА,8000057,206171,70,21
70,#2P8YJLRYJ,ProKokosy,8000028,202628,71,30
71,#JP20VGVQ,🇹🇷TÜRKİYE🇹🇷,8000023,201643,72,16
72,#2QYYGVR9Q,ОТЧИМЫ,8000038,197430,73,12
73,#2RULR8P9U,гули ранга SSS,8000039,193779,74,30
74,#9V88JRYU,Bulgarian boyZ,8000029,193407,75,30
75,#2LRL282Y9,4В❤),8000025,192796,76,30
76,#QGVRY2PQ,Солначная банда,8000058,192354,77,24
77,#QCV8VY92,☆OYUNCULAR☆,8000003,191078,78,28
78,#Y00VQ0VL,QTclaps,8000022,188175,79,30
79,#2J8JRQ8CQ,solo | play,8000035,187065,80,8
80,#2QLC8YGJJ,KlubFriends🤫,8000055,185529,81,14
81,#8PLVPCCV,tula boca ancha,8000015,182319,82,28
82,#UJVJPPCU,CYFC CSFC,8000051,182157,83,29
83,#209CRCP92,lozzer,8000057,181226,84,24
84,#2LJ0RP2LL,kRoLiK_TEAM,8000057,180878,85,8
85,#2YR99CULG,los papus,8000006,178698,86,30
86,#2GPQGYJ9P,האלופים,8000047,178010,87,30
87,#28Q2Y98G0,ВОЛЧЬЯСИТИ,8000055,177930,88,27
88,#229RGQ92L,палас,8000012,176819,89,28
89,#829PJ8PJ,ไทย,8000036,174843,90,30
90,#229C9GRL9,TÜRKİYE İÇİN,8000056,174718,91,13
91,#289RPQJGY,The Ana club,8000023,172944,92,29
92,#YGR9V2Q2,банда бро,8000021,171346,93,16
93,#VUVQJC2R,3RB AKT3❤,8000029,168659,94,30
94,#28CPRP0LC,А ( анти ) Б,8000023,167941,95,30
95,#PUGULJYJ,Hazary,8000013,164297,96,29
96,#P0028QP0,🌵_ОЛДЫ_🌵,8000009,163406,97,28
97,#2QUQC2LQU,I CARLINI,8000034,163331,98,30
98,#288VC0UPJ,()10,8000012,160985,99,10
99,#2022PJGQ2,Лайк,8000047,160928,100,26
100,#2RVVRJLJ2,EJDARHALAR,8000007,160805,101,30
101,#2L9UGUQYL,delikanlı sadi,8000029,160598,102,22
102,#9U8J9Y9Y,БАНДА ПРО!,8000013,159903,103,30
103,#9PYQU2LV,Акси Fun,8000018,159317,104,26
104,#U0P29G8V,Alpakák,8000009,159193,105,21
105,#28UUVJ0RL,MEHMETÇİKLER,8000059,158001,106,24
106,#L2UYPL,뇌와손이굳은아재들,8000018,157351,107,26
107,#2JPPCJ82U,maé2011,8000047,156438,108,12
108,#28JV0QYYC,gaming cool 118,8000029,154344,109,30
109,#2Q8QQQ2U9,侍Japan,8000049,151374,110,9
110,#22CCV00L2,ezelitis,8000029,150413,111,29
111,#2J9V9LQ0U,БЕЗ ДИЗОВ👎,8000007,148930,112,28
112,#QPG8L08P,thePrincesses,8000019,147980,113,25
113,#2029LY2GL,лошипоп,8000036,147893,114,28
114,#URGYPUGQ,les max de gemm,8000021,147710,115,28
115,#29PU8RC00,наруто44,8000016,147664,116,29
116,#2YYRJR90G,자주하는사람만오세요,8000028,146648,117,23
117,#QYRYJJYV,超恨莫提斯💩,8000010,146596,118,26
118,#LQP0G02C,💎STORRM🪙,8000025,146455,119,7
119,#RLQ8J82J,💜kankalar💜,8000009,145616,120,2
120,#8PJRR0L2,Şampiyonlar,8000028,144888,121,29
121,#29RQPPQUV,олд 99%,8000029,144679,122,13
122,#2JJJULURY,los pibitos,8000020,144400,123,30
123,#29Y8VUP09,лол101010,8000027,143885,124,26
124,#CYR8QYGL,для норм людей,8000037,143850,125,18
125,#LPV8RV8C,pro değil kıro,8000029,143420,126,28
126,#29JQ8G2YV,-(SHADOW_TEAM)-,8000011,142930,127,20
127,#2GCCG2Q0V,БАНДА_КОТИКОВ,8000035,142180,128,13
128,#2JGP890PG,갓튜브,8000034,139026,129,30
129,#2JQ8YQV9J,“KRALLAR”,8000055,139025,130,11
130,#2PG9QJUJC,СаДиК СоЛнЫшКо,8000029,138307,131,28
131,#LCRGUYQU,Amber On Fire,8000046,137879,132,29
132,#28CQL8YR2,Hasen,8000007,137459,133,29
133,#20JJG2PRC,اساطير الضلام,8000037,136382,134,19
134,#29RPUL0UG,מאח,8000008,136359,135,30
135,#VUGLVJ90,tayfa takımız,8000029,136339,136,30
136,#2PV2QLJR2,~ONLY ELITE~,8000007,135807,137,18
137,#2JU99JJLL,ลาว,8000053,134965,138,13
138,#QQJQYLQ9,Team Essence,8000026,134567,139,13
139,#RRQLR2RC,Akmal X,8000004,133208,140,29
140,#2QQCG0QYR,öldürücez,8000059,132572,141,29
141,#P9QQ8GV,про,8000023,132510,142,30
142,#VL820YG2,KAOS OYUNCULAR,8000053,132009,143,10
143,#288QJ29VG,LesOtakus🇯🇵❤️,8000019,131637,144,29
144,#2PYLQYQ8J,локси,8000036,131451,145,27
145,#2C2Q2YC2Q,timmey,8000055,131408,146,7
146,#20JR89LVU,Альхамдулиллах,8000003,131221,147,12
147,#LP2LP2P2,Tg:ShaderStars,8000037,130471,148,9
148,#2GLRJUPYJ,최강6반,8000037,130285,149,10
149,#2Q92GQPYU,the_Qeen beach,8000059,130026,150,27
150,#2YQ92R9L8,сайлес и абовен,8000059,129116,151,30
151,#U9YVVUJJ,БЛ БУЛ КАРОЛЬ,8000004,129115,152,30
152,#2JPQJY88Y,Jawo,8000059,129112,153,17
153,#2LP8Y9LP9,ALIALI123,8000012,128358,154,30
154,#CY2PL8LJ,DoNaT1k,8000023,127628,155,22
155,#JCJVRP90,ALAIN Y LUKEN,8000007,127339,156,30
156,#2LQVCQU0L,Family Badea 🤪,8000055,126438,157,30
157,#Y0VVGRV0,КоРоЛь И шУт,8000029,126383,158,29
158,#220GYGYUY,YEMBS,8000033,126056,159,16
159,#28LJCC8V0,güçlü kizlar❤️,8000025,125564,160,28
160,#QGU9QJ9Y,саж,8000004,125037,161,30
161,#GQ2CVVQU,best team,8000007,124626,162,27
162,#2CCJ0YR,веноум,8000012,123528,163,30
163,#2JL820GJC,the come back,8000038,122739,164,25
164,#209P2L98Q,aya,8000050,122638,165,18
165,#2Y2YRC98P,Y Y Y Y,8000016,122495,166,14
166,#VJYUGYLJ,АЛЛАГЬ един,8000000,122105,167,26
167,#2G9UQ8UV2,filki,8000041,121978,168,26
168,#GC229U0Y,TRx,8000018,121724,169,24
169,#VGG8LRPP,les potos,8000049,120422,170,29
170,#2YLL9QGG2,банда роботов,8000023,120399,171,25
171,#28LY9JJ8P,1234567,8000000,120027,172,28
172,#2QQCU0RRU,Rise To Heaven,8000021,119552,173,6
173,#2PG9P80Y,crazy friends,8000004,119000,174,29
174,#22UUQCL8L,вичные,8000026,118887,175,9
175,#Y8R9C8RG,승파이더맨,8000025,118859,176,29
176,#2029P9PVQ,👑ALFA TEAM👑,8000057,118807,177,24
177,#2YP9U2C0L,Shark puppet 🦈,8000056,117629,178,28
178,#UCJG290U,👑KIRAL👑,8000023,117492,179,27
179,#P8YJQGG9,Богидан,8000009,117318,180,29
180,#2RR08PG8J,лолики123(2.0),8000001,116972,181,11
181,#2YGVQU2L8,brawlers gamer,8000022,116524,182,29
182,#VRPJLR02,9/D,8000031,116351,183,30
183,#YQRJGUQQ,chirkov,8000059,116137,184,8
184,#2LURU092R,You Pro,8000023,115976,185,23
185,#Q9008YJJ,bjk,8000021,115366,186,28
186,#C90UYY0,dark,8000029,114771,187,20
187,#LC0PJY0P,FOIRD,8000019,114708,188,29
188,#YVJ8GGJP,alan pro,8000004,114561,189,26
189,#CPGRUPY8,про тимур,8000029,114341,190,14
190,#2Y8QCV8LR,бибра,8000057,114164,191,28
191,#29JVYR9JR,топ Андрей,8000018,113954,192,30
192,#2QQ0JVL9G,m2lt,8000000,113663,193,26
193,#28RC9J9GV,I❤️ Légendaires,8000021,113645,194,21
194,#209L8RQ89,دنو,8000038,113571,195,28
195,#2PG00CLJ2,юра стандоф321,8000021,113548,196,22
196,#P8UG2280,Камень,8000013,113218,197,30
197,#28QQP0Y82,الهيكل الاعظم,8000039,112662,198,23
198,#8CPC0028,топ клуб,8000016,112258,199,30
199,#29LYQ88PU,BABIBO,8000016,111158,200,24
