,tag,name,badgeId,trophies,rank,memberCount
0,#9RQ9Y0LL,New Lebanon,8000024,1526155,1,29
1,#22V90Q82P,Phenomenon,8000045,1328850,2,30
2,#2J28YYCUJ,LEB TV,8000056,1303777,3,29
3,#2PUJ9U0GG,New Lebanon 2,8000024,1273426,4,29
4,#2C0GPJJQR,New Lebanon 3,8000024,1230505,5,30
5,#2J2YPYC88,Lebanon lions,8000013,1178116,6,30
6,#CLY0VRQJ,LEB Masters,8000018,1163029,7,30
7,#29JLU2Q09,LEBANON🫀🇱🇧,8000037,1150489,8,30
8,#2QVG92Q0R,LEBANON BOYS,8000029,1085410,9,30
9,#29QUUPVVR,Only|Win Gaming,8000018,1057570,10,28
10,#29U00P9L,LEB GANG,8000028,1042780,11,30
11,#2CGRLU0U2,New Lebanon 5,8000024,1025360,12,30
12,#QRG2Y9QQ,New Lebanon 4,8000024,1019279,13,27
13,#29Q9YGRP9,.YONKO.,8000013,1014267,14,28
14,#QJR2RCY8,New Lebanon 6,8000024,968962,15,29
15,#2G2JGGGUY,Brawl kings,8000027,915796,16,26
16,#LGCYRQ,In 2 Reality,8000013,900568,17,30
17,#2CRPJRQYC,Old Bloods,8000004,899324,18,30
18,#2JVYPJLLL,ITSWEYEN 🔥,8000023,883484,19,29
19,#28RPQ9J0Q,SilentKillers☠️,8000000,880105,20,24
20,#R0P8JPCU,ZE zizi,8000006,874613,21,30
21,#2R0QPCYQJ,Highly Educated,8000058,867928,22,30
22,#GJ0LJJYY,kings,8000029,852158,23,29
23,#22Q9CPQPP,Prankstars,8000018,848809,24,30
24,#2GL9LJLVQ,MOBS,8000057,845790,25,29
25,#GVC0CRC,lebanon,8000005,841978,26,30
26,#2CJQGYCQ2,New Lebanon A,8000024,836227,27,29
27,#U288VGGL,DARK BOOMERS,8000034,835561,28,30
28,#2R8L22JL2,420Zone,8000023,822171,29,24
29,#2YUCJ8Y0J,Apple Team,8000037,820441,30,30
30,#20JVR9YCR,family club ♥️,8000056,815893,31,29
31,#QQJ9U8VC,F2P Bandits,8000037,805353,32,30
32,#J2YJPCRV,the king friend,8000055,802136,33,22
33,#28C9RGRGU,do club league,8000029,793952,34,30
34,#2LPV2LU80,BRAWL IN,8000019,793023,35,30
35,#2J8RVL2VJ,super League,8000035,779972,36,30
36,#2L0Y8QC28,Club Of Brawler,8000048,779694,37,24
37,#2LP09QCLC,THE BAD BOYS 😈,8000034,778002,38,29
38,#28RUUVG80,THE PROS,8000023,776751,39,29
39,#2GUR0YVC2,Dark Storm,8000053,769561,40,30
40,#2G0PU0QQY,Manegel,8000000,767865,41,30
41,#2CRL02U82,Bad Boys L AIS,8000049,756961,42,29
42,#2G000JCQU,Tiktok world,8000059,755084,43,30
43,#2GP0C88LP,JR 🔋POWER,8000047,748357,44,30
44,#2GRQ08RYU,shugubugula,8000037,748155,45,30
45,#J02YGV8R,BRAWL KINGS,8000037,737174,46,30
46,#29L02CLR2,Bs|Goats🍷,8000035,735110,47,29
47,#QYRP29,Jnoon,8000023,733330,48,30
48,#2JLQPLLPP,LEGENDERIES+,8000033,729564,49,30
49,#2C28YQP82,fanar on top,8000037,727050,50,29
50,#29J0Y8PY2,LEBANON 2024,8000023,717387,51,30
51,#909C29PV,Revolution 1,8000033,716322,52,30
52,#2G29GVPPU,el gang,8000023,716092,53,30
53,#29GG9RGV9,only online,8000057,714053,54,30
54,#QQJP8YJG,D̸a̸ H̸o̸o̸d̸🍷,8000023,708502,55,30
55,#2JULRV22Q,The Beasts,8000048,699717,56,30
56,#29YJP282Q,adrean gamer,8000021,696088,57,30
57,#2CYYUC8V0,THE SPEARTONS,8000046,694960,58,30
58,#2GVU8JY8Q,NORA CLAN,8000000,690799,59,30
59,#CULUUY8P,THE FIGHTERS,8000018,672974,60,30
60,#2C22J2Y9C,Lebanon Stars,8000037,670992,61,27
61,#2CGGYPJV,opiopiu,8000022,668444,62,30
62,#2JV2UY0RJ,Sweetest Dreams,8000059,664476,63,30
63,#2GL8U98L0,RT CLAN,8000023,661702,64,29
64,#2C8J2YPRC,lebanon♥️,8000057,659972,65,28
65,#2YR8PRGUV,FORGOTTEN IK,8000007,658453,66,30
66,#2JYQ2JYJ0,ONLY KINGS,8000013,640612,67,30
67,#28QYRRCR8,The Buddies,8000052,636862,68,30
68,#QLVQ8QGV,Speed night,8000041,636631,69,30
69,#JVQUCCV,LebanonBestCode,8000055,633376,70,30
70,#PCG9G2CV,LEBANON,8000007,631379,71,30
71,#2RR9988GJ,YT karim,8000059,625307,72,30
72,#2JLYUQRGP,the — from town,8000029,624259,73,24
73,#200QV22CJ,LEBANON,8000037,621660,74,30
74,#2JPPYR0VL,اعقل المجانين,8000036,620742,75,30
75,#2P8RJCJG2,nokia 1,8000056,616314,76,29
76,#209VRPC2Q,LEBANON BOYS,8000055,613377,77,30
77,#29JJ9J299,العرب😎😎,8000039,607973,78,30
78,#YCYPPPYQ,TheClub,8000037,606709,79,30
79,#2G2L2C9Y9,lebanon #1,8000037,606367,80,18
80,#QG0URYJ9,🔥~|N⛩E|~🔥,8000055,603198,81,30
81,#29LJ2JQVP,Neon Light,8000059,600119,82,29
82,#2LGUG9PP,DESTROYERSX,8000023,594191,83,30
83,#ULGY822Y,Only the gamers,8000023,589696,84,30
84,#2RQ0C8PJP,Chimken🐔,8000029,589065,85,30
85,#20YGYUQRR,[LP]OBseSseD,8000008,574244,86,2
86,#22VQLPLL9,Best Blades,8000029,574174,87,29
87,#2C0V9RUYP,s t c legend,8000003,571531,88,30
88,#2JC2V8P28,Senegal 🇸🇳,8000027,566965,89,28
89,#2C2CR882V,القريب يقرب,8000053,566085,90,22
90,#29JY8R088,brawl league,8000049,563108,91,30
91,#29RV0JCYV,Lebanese Wolf's,8000042,560162,92,30
92,#28L8P92U8,Legend,8000037,558038,93,29
93,#222VRJYLQ,Dark One,8000023,550802,94,30
94,#QQL20RCV,Only | Win 2,8000018,546852,95,18
95,#2C8GYYV8U,lebanon🇱🇧,8000025,544419,96,20
96,#290JYGQQ,super family,8000000,541786,97,29
97,#2C09G92GV,ChexGangEz,8000010,537179,98,25
98,#LULGUUJ,leb gang#2,8000029,537158,99,30
99,#20C9L8CGL,JB Club,8000029,535476,100,30
100,#2CPLQJPJL,New lebanon 7,8000024,529809,101,29
101,#229RC0U0J,VIP|OWE,8000037,528298,102,29
102,#2CU0Q0L,kappa,8000057,523343,103,30
103,#20V0YPGG9,The Legends,8000011,521597,104,21
104,#2C220CRJC,ogeez,8000005,518258,105,30
105,#228C2YYQ,KINGS,8000016,517911,106,20
106,#20CLGGVL,OUTLAWS,8000033,516385,107,29
107,#JJ8PCL0,LEBANON,8000016,511635,108,26
108,#2QJJP8C8G,SOLID,8000009,509235,109,30
109,#2JLVG90R8,Friends|BS,8000031,507445,110,30
110,#2CRRV29JR,Lebanon ogs,8000030,506809,111,25
111,#LYPUUR0Y,ANA EL BANDOURA,8000004,505772,112,29
112,#2QULYCV88,SY|TEAM,8000037,504966,113,30
113,#299RU9V0Q,P R O S,8000021,503537,114,28
114,#20LU8Y2JQ,LEGENDARIES,8000023,501039,115,30
115,#22JCYG8R,aceb,8000019,497105,116,30
116,#20GCLPJRU,Lions,8000006,485036,117,30
117,#2C0UPLRJQ,AHE|PRO|,8000055,483821,118,21
118,#9UGYQ8CL,Hero Unity,8000029,478337,119,28
119,#2GYQCL88J,❦𝓓𝓪 𝓗𝓸𝓸𝓭❦,8000037,477815,120,27
120,#JJUYPJ92,YOU NOOB WE PRO,8000021,474904,121,30
121,#2RGVJ9GPG,Snipers_Clan,8000048,474821,122,30
122,#20C8UCUU,Rover Clan 2,8000021,472067,123,23
123,#QPC2PLGY,The kingss,8000029,468145,124,29
124,#2CL0CQPPQ,wWw,8000037,467898,125,29
125,#2PCJGLPU8,LORDS OF 🇱🇧,8000034,467012,126,29
126,#2G22QC82,The ACES,8000016,465897,127,29
127,#2J889RCUY,Vikings,8000057,465289,128,30
128,#9VP9C8P9,legend,8000037,463465,129,30
129,#GVYJL2UU,SANDWICH TOUM,8000033,454495,130,22
130,#QGRYPGQR,Neon Star,8000052,453479,131,30
131,#282UVC9YJ,LB,8000053,449911,132,30
132,#29QJVVQJP,legends👑🥶,8000023,448896,133,24
133,#2C2CUUG8L,Remhala FC,8000029,448467,134,25
134,#LRRR909Q,New Lebanon 2,8000000,447138,135,22
135,#QGPGCGJP,Brawl Kings,8000056,446034,136,30
136,#8J8R20R9,JASSTEW,8000020,444672,137,28
137,#PPG8RYU9,Hand solo,8000055,444568,138,24
138,#2CLR2CVP2,helpful,8000037,442369,139,13
139,#29RYP2CJL,ملوك الاتحاد,8000029,441565,140,30
140,#2G8UUYQL8,Phantom Fighter,8000035,440937,141,29
141,#2GYLG0JLG,🇱🇧,8000041,437723,142,30
142,#2GPQ0QY28,Lebanon◇~,8000056,436746,143,25
143,#29J9GCU8,AA in Jam,8000009,433210,144,17
144,#2J80JU2RL,R A G one,8000029,431214,145,28
145,#L9C22LLL,LEBANESE,8000050,430934,146,24
146,#QP2LGRCL,Lebanon,8000029,428389,147,30
147,#2LR9VYUJ2,Beatles Gang,8000013,426705,148,22
148,#2JUUVJVJ9,كلان أمال,8000029,423509,149,28
149,#2JL2RLPUG,Kindergarten,8000053,423490,150,30
150,#298PGYRJG,the masters,8000049,419571,151,29
151,#2RL02LL0U,ESA,8000014,412973,152,24
152,#9YCJ2JCQ,lebanon,8000049,410225,153,20
153,#CPQ2C9Q,C.T.I Assasins,8000007,409504,154,22
154,#29RRYGG9R,LEBANON™🇱🇧,8000023,404570,155,29
155,#V90J2C22,club actif,8000059,404557,156,30
156,#QYY0029V,Best friends,8000029,403857,157,30
157,#2YP9Q8LG8,Khabita_G@ng,8000043,403489,158,19
158,#2YVPLJRL8,FaZe,8000039,399966,159,27
159,#2CJ028802,New Lebanon B,8000024,399103,160,23
160,#Q28VQU,Lebanon,8000014,390871,161,27
161,#28YUQ0CQC,black bulls 8,8000033,388212,162,22
162,#VGRQ0YQC,kelo kk,8000007,382508,163,24
163,#2L0JLCCJU,TallSink,8000035,379831,164,22
164,#QQPQURYJ,kfarnis,8000033,379265,165,30
165,#2RYQL2GQ,Killer,8000007,377832,166,30
166,#2CL992C29,skillz_<3 🔥,8000029,376753,167,28
167,#20Y9UQVGJ,suuuu_master,8000037,376226,168,19
168,#29L0QY00R,BRAWL LEGENDS,8000029,375810,169,17
169,#82CQJYUJ,basella,8000019,375731,170,16
170,#2990PQRJU,HALLUCINATIONS,8000009,375018,171,14
171,#GVVP8J0V,fire dragons,8000019,374559,172,28
172,#2CCYQLUGL,New lebanon 7,8000024,371317,173,18
173,#2JVRUVUC8,Dream Team 💤,8000056,371142,174,30
174,#9RL8PQV9,Lebanon,8000000,371035,175,30
175,#QPP28UQC,the bobs,8000012,370724,176,29
176,#2QVUVCJQY,Revolution,8000059,370625,177,9
177,#RQ0LP0RR,Oddz,8000017,368634,178,15
178,#2C8J2CG99,Crewimpo's,8000019,367232,179,30
179,#2LCRPCJJG,brawl_leb,8000025,366781,180,20
180,#LCR0R2PP,The People,8000041,365868,181,28
181,#2CGL2J9VL,Best friends,8000059,365509,182,21
182,#22QLLR9G9,stars🌟,8000049,365047,183,30
183,#2YPCJQ0PC,Lebanon🔥,8000016,364136,184,27
184,#2PQVPPQQY,TRALALA GANG,8000009,362348,185,25
185,#2L8CG8R0V,AYRE FIEK,8000007,361487,186,30
186,#200Y2JC02,POCO IS GOOD,8000014,361078,187,30
187,#2GJV2RL0G,brawlkings,8000027,360536,188,30
188,#VGY88GR,Sanegel,8000011,359368,189,23
189,#LURC8QVJ,Gang Maphia Pro,8000046,357632,190,30
190,#2PP02C00G,lebanon,8000029,357137,191,30
191,#22PV0YULV,가즈았,8000036,356757,192,29
192,#QGP0RULR,ice tea colt,8000005,353810,193,29
193,#29QCCJVLG,🔥YNWA🔥,8000023,353778,194,30
194,#C88GC8LV,LEB army,8000052,353608,195,13
195,#22UV8YVGP,BRAWLER,8000033,352257,196,30
196,#2JRYYCJRL,louwat,8000037,351208,197,30
197,#JLL9U9P2,brawlers,8000006,350454,198,30
198,#20LJRG22,pro snipers,8000023,350386,199,26
199,#P9C9QYU8,United Friends,8000025,348052,200,30
