,tag,name,badgeId,trophies,rank,memberCount
0,#28URP8Q8R,Glushnik Army,8000004,852045,1,30
1,#QC2RRY82,~Volki°bs{TT}~,8000021,739551,2,30
2,#29L8JUR9L,OWNER #1,8000049,639727,3,30
3,#28L22UY9P,лига теней,8000039,602722,4,30
4,#J8U02YGP,иллка топ,8000029,564184,5,25
5,#299U8CVYV,Luci YT,8000025,523144,6,29
6,#2GP09YRLJ,Club_Francais.2,8000025,506819,7,29
7,#2CRPRCG9L,TRW,8000004,486829,8,30
8,#2QQ020J28,🐯Dead Leons,8000059,455472,9,27
9,#2G2RVUC29,ПУТЬ 500 К,8000048,445152,10,20
10,#29QVCRJCJ,Pitulice,8000037,431527,11,30
11,#2C9LRQLYJ,Bambusy,8000013,430926,12,30
12,#22PQY9QJ,GARDA DE FIER,8000009,403696,13,30
13,#20P8PGLUL,Львів,8000012,400271,14,30
14,#2282VP0G,STD,8000008,363758,15,28
15,#PGG098LG,Boxer#der Nita,8000055,356398,16,30
16,#2G8UCCP,лол кек,8000005,333728,17,17
17,#CYGLYG9L,anakardos,8000004,333358,18,26
18,#RU0GVQYG,CROW ARMY YT,8000007,326969,19,29
19,#2LVGQJRYP,Gänsgassen Gang,8000031,288045,20,29
20,#2PQPC9UVC,BS MAFIA,8000006,282799,21,30
21,#29PJY92JR,BTT,8000004,275097,22,11
22,#2YYYLP9LJ,A FeW CoOd MeN,8000057,265489,23,30
23,#2JCLG9YJ0,Ping Zone,8000023,263311,24,10
24,#2VGRC0V,losdeportistas,8000036,261863,25,25
25,#LUQGYUUY,Magic Académie,8000029,260230,26,22
26,#2R220VYP2,RUSSIAN ELITE,8000016,255529,27,13
27,#222RCUG09,Nine_Esports🥀,8000037,254830,28,11
28,#2CRLCCC0Y,이수초 최강클럽,8000037,254450,29,29
29,#28JQY0V89,SILOÉ_BRAWL,8000037,237632,30,30
30,#2QVR8QJJG,profi_bez_skila,8000052,230367,31,18
31,#2RUCRQ2RC,EL MUCHACHOS,8000049,227402,32,14
32,#22LV9Q0G8,FETAKSING,8000004,225740,33,23
33,#YV90GJYJ,Чечня_95,8000023,220590,34,12
34,#2JYUVVCUY,пик бог,8000048,218058,35,26
35,#2J89CJR89,OR-L x Rakko,8000025,217753,36,29
36,#VJUJPJQJ,"5 ""Г""",8000004,211668,37,18
37,#208UGRJG8,Львів,8000012,209475,38,25
38,#YVVCYPCL,브롤고수로블배드워즈고수들만,8000010,206662,39,24
39,#2PLG80C00,Фырфыр,8000035,204813,40,19
40,#8RGCG90C,The larch,8000018,190874,41,30
41,#29QJGRJQV,прокиска😏,8000052,190637,42,18
42,#QRPYRV0C,четкий,8000059,189336,43,26
43,#228GQV2RV,$$$0$$$,8000022,177846,44,29
44,#20RVJVUP,Looters Only,8000023,176189,45,24
45,#2PCQRLP9V,범탱마을,8000057,175577,46,30
46,#2GYY8Q2GQ,retyu,8000058,172322,47,30
47,#22Y0LYYRU,Navi,8000037,166452,48,8
48,#J8PUUCY0,команда rozzi,8000004,165851,49,17
49,#C280CGRY,топ.,8000012,165041,50,8
50,#2LU0CRLYP,GG,8000037,161028,51,24
51,#28JVU29G8,❄️FrozonSTeam❄️,8000008,159981,52,9
52,#C8L0P28V,братва 2021,8000025,159859,53,27
53,#QL9QYYJJ,Japanese Curry,8000011,157643,54,11
54,#2GPYQQP8L,1^F,8000029,156988,55,11
55,#2CJP89LU0,Кал аврада,8000039,156956,56,16
56,#RL2QV2CV,кто я токой,8000000,156150,57,28
57,#299PUGLPL,гулята,8000000,155386,58,9
58,#22LGY9GQR,лицарі,8000010,155331,59,30
59,#PPG9UG98,( год тигра),8000029,154672,60,25
60,#GUCJ889,el raconet,8000029,153087,61,30
61,#RJYQ9JQQ,LAE,8000014,152374,62,29
62,#L2LL9YPQ,😈Boy Killer🔥,8000055,151962,63,15
63,#YUCQ0VJU,Старейшины,8000045,151338,64,29
64,#JGLYV8CV,?? ГДЕ СПАЙК,8000020,148853,65,30
65,#29J00VPU2,çağlayan,8000057,147990,66,16
66,#2GLRLQG2V,COLLECT,8000039,147196,67,25
67,#299U8CRQL,Ali😎😎,8000057,146423,68,30
68,#2L90QP29R,-КОРОПУЗЫ-,8000000,146354,69,29
69,#LPYC0R2J,100 царей,8000029,146236,70,27
70,#22JYVLYUP,KLUB | QLS,8000039,146182,71,15
71,#2PC80LU0V,엽대엽,8000018,145246,72,30
72,#2YR0RJQ90,gaina,8000017,143771,73,7
73,#2Q2P2UP0Q,Black x tea,8000057,143266,74,28
74,#29Q9YR98Y,亗 Ꭲ ɪ ᴛ ᴀ ɴ 亗,8000037,142126,75,10
75,#JVLPCQ0P,БАРБАРИКИ,8000023,141253,76,21
76,#YJL9J2V0,angouri,8000007,139651,77,30
77,#88Y9CY9J,MK,8000029,139584,78,4
78,#2Y809G02L,legendy to my,8000029,137592,79,26
79,#8LVGR0PR,БРАВЛ,8000026,137334,80,20
80,#2PU09L99V,сталкер666,8000009,137036,81,17
81,#2Q2CYC9G,인천J드림,8000016,135788,82,28
82,#UQL8RRRQ,NS_Team,8000013,134316,83,27
83,#200JU02VV,brawltopYoutube,8000007,134049,84,30
84,#P9JC2P82,Reichenau,8000005,133648,85,22
85,#8Q0U2Y0J,Twórcy BS,8000025,133097,86,15
86,#208JYRR8U,ramal Elmir 33,8000029,131530,87,13
87,#URP8QVP2,эдисон перец🌶️,8000004,130846,88,25
88,#20CLJLP08,Edin snayperist,8000016,130612,89,30
89,#2QL2PPCJG,РАКЕТЫ✌️,8000007,127653,90,30
90,#U2L2RY9L,KAĞAN VE MELİH,8000004,126547,91,27
91,#2JJ990PCR,IDH,8000053,126456,92,30
92,#2RGVLPCGL,BEBRANYCH,8000029,125026,93,12
93,#28JLJQ9LC,Portugal,8000006,124966,94,28
94,#2P92RPCJ9,клан Учиха)(/@,8000028,124902,95,29
95,#Q0YVYUCJ,√magiç sword √,8000027,124333,96,8
96,#2P2P2VUUJ,AL DENTE ARMY,8000007,124015,97,26
97,#22C2JGUYV,THE LEGENDARY,8000003,123660,98,25
98,#2LYLUV2UQ,Катюха моя💘,8000057,123541,99,29
99,#QLP28QVJ,mortis,8000042,123310,100,29
100,#29CJV22VJ,пропронронро,8000021,123275,101,30
101,#C9V8C0LP,Пентагон Взлома,8000029,122789,102,29
102,#2C922VR0,LP_LINE🥲,8000013,121342,103,30
103,#2RP2JY2,legendari brawl,8000053,119510,104,30
104,#L0GLPVY,бедные бомжи,8000005,118095,105,15
105,#2QRPRV8YC,QuiT,8000010,117864,106,20
106,#9JPG9J9R,ALBANIA,8000004,116996,107,29
107,#2R0CCPYR2,ССР ТОП,8000004,116746,108,19
108,#U99PR28U,gaspard le bg,8000017,116659,109,19
109,#2RQ0RPYRP,GİG DESTEK,8000039,115403,110,17
110,#2JCPU8RUR,ZeRo_gasi,8000041,114515,111,8
111,#288VLL0RL,KOPURLU,8000053,113410,112,11
112,#2G08VCUQ9,братья,8000007,110713,113,30
113,#298P0VLCQ,İSLAM☪️,8000032,110620,114,14
114,#29QQQY82G,КТО ХОЧЕТ АМБЕР,8000026,110465,115,28
115,#J2RYU9UY,легенда про,8000018,108264,116,30
116,#2G8LRQVV2,gogo 200IQ,8000053,107901,117,13
117,#2YRVUUQ92,les Go LC,8000017,107341,118,18
118,#2LV2UQQVU,INAT_TEAM,8000012,106941,119,15
119,#LRRR0JUJ,крутые топ леги,8000029,106571,120,30
120,#YLG29LYL,KenyonSchule,8000056,106049,121,22
121,#2GYVUL2J2,Zocker bros,8000058,105803,122,28
122,#288J02LGC,Клан Учих,8000001,104705,123,17
123,#GPCYRVV0,щукарот,8000021,103559,124,29
124,#2P89VJCR2,😍😍sevgili😍😍,8000023,103281,125,25
125,#2PUQY809P,Hackker707,8000059,102448,126,12
126,#UYC8VJ2Q,аба и рама,8000029,100810,127,29
127,#2RY9JL88U,гимназия 37,8000000,99616,128,21
128,#GJVL0LPY,у меня день нач,8000015,96387,129,29
129,#UVP9U99C,Sky Team♡,8000018,96063,130,27
130,#2QGG0QQ8V,Клубная Лига 2,8000057,95703,131,7
131,#208C0LL0G,DARK TY X 68,8000058,95580,132,10
132,#2Y2GC2289,😍😍SEVGİLİ😍😍,8000055,95035,133,24
133,#VJRJ0VCR,эм клуб друзей,8000012,94292,134,29
134,#VYLUUUG2,ㅍㅍㄹㅋ,8000007,92672,135,25
135,#2QVPCLUJG,папа,8000057,91978,136,23
136,#PU9L882U,форт найтеры,8000019,91705,137,29
137,#8RJC0PLQ,LOL,8000025,91551,138,28
138,#YLL88VLP,Украина,8000023,91364,139,24
139,#UQVVV20R,МАТВЕЙ,8000036,91058,140,13
140,#2PCRQV880,kırmızı beyaz,8000019,90741,141,26
141,#G2L89VPU,36 Гордеев тима,8000024,89699,142,15
142,#VL02QGP,ZOILO,8000017,89437,143,26
143,#2C0JUC088,le daronaevann,8000046,89256,144,4
144,#8GVJPRPP,האלופים פה!!!,8000003,88777,145,30
145,#20JR80820,RusNa,8000057,88051,146,23
146,#2LJY80QU2,gayhanlar,8000029,87761,147,28
147,#2CGGR9J8V,🌹clean_Magic⛰️,8000021,87663,148,4
148,#29QL2JLVP,g @yclub,8000037,86596,149,7
149,#28LL22PGY,legänder,8000002,86510,150,29
150,#QUJUL0VV,🦄иииии,8000029,85908,151,27
151,#VUVGU8RV,GAZİANTEP,8000048,85682,152,27
152,#UUYJVL8R,про ты нуб,8000007,85271,153,19
153,#2Y0PJ0PLQ,😍😍SEVGİLİ😍😍,8000027,85245,154,25
154,#GPGLCQQG,Das Feuer,8000017,84970,155,26
155,#PCLPLGQ9,спайк,8000019,84663,156,5
156,#VQPUL8V2,eym3152,8000013,83655,157,26
157,#2C9RRCUPP,dizzerstail,8000035,83577,158,5
158,#JVRQ92RQ,Primos v:,8000009,83087,159,3
159,#9UUYVQ09,wsxfthj,8000013,83029,160,27
160,#UJGUY8UC,КОТЛЕТОЧКИ❤️💜,8000022,82933,161,19
161,#Q20QJJ2L,神風ジャパン,8000034,82036,162,11
162,#2PPRVGQP0,DO brawler,8000029,81377,163,30
163,#Y0U9U8VY,ארבעת המטורפים,8000027,81110,164,6
164,#VJCUYP0R,ＧＥＣＥ,8000055,80616,165,15
165,#VR08RCY0,КиБеР КоТлЕтКи☘,8000029,80471,166,10
166,#QLCVYJLP,ВОЙТИ,8000022,80384,167,29
167,#98G28PRC,BloodGuyDream,8000059,79467,168,10
168,#2GPCP2GYU,apsalyti☠️☠️🥷,8000059,78894,169,21
169,#RCRPP9RU,сом008,8000024,78889,170,15
170,#LULVRC8U,ПУТЬ КВ,8000003,78802,171,29
171,#299QJQJLU,чоткие,8000048,78590,172,16
172,#2GYR9RYQU,Мінєтікі,8000017,78063,173,6
173,#28GVLCU8U,а4,8000008,77760,174,30
174,#2Q0RJ8UQQ,Türkiye,8000023,77412,175,29
175,#29U8Y2QQ2,ХОКАГЕ,8000023,76980,176,21
176,#2R2PCYRC8,🔥🌶CHILLI🌶🔥,8000037,75959,177,5
177,#2880JCY9J,serdardursun,8000058,75840,178,25
178,#V8JRRRQ2,NiKToSHbs,8000059,75514,179,12
179,#UGQQ8QUU,пронга4к😎,8000059,75286,180,12
180,#VRPYVRYP,KUZENLER👸,8000052,74996,181,9
181,#29LVPVCU9,🔪🌆GECE🔪🌆,8000046,74584,182,5
182,#2J8LPVCPU,ккккир,8000037,74564,183,10
183,#290JCY9PY,Ｓｔｅｌｌａ🥞,8000008,74426,184,5
184,#29JGJVQVU,⚡️ Z E R Ø ⚡️,8000056,74078,185,3
185,#G99L2RV9,MKA,8000029,73827,186,25
186,#2YPQCLYJG,Pepinillo32,8000029,73581,187,29
187,#C8GJ0GPJ,Balkania,8000000,73241,188,26
188,#2P0QCG99Q,Inses,8000046,72830,189,21
189,#QYJQR9YG,Nimród Bajnokai,8000029,72688,190,2
190,#222YY2Y29,BİZİM TAYFA,8000037,72375,191,4
191,#2UUJU8YJ,tim pod blokiem,8000058,72062,192,24
192,#2L9CG900L,0609,8000003,72047,193,5
193,#YPVLJGGV,Мимозыря,8000004,71922,194,27
194,#2QQVUJ0GP,TYOF234,8000007,71592,195,8
195,#YJV990Q9,UA=❤️🇺🇦,8000035,71202,196,5
196,#299P8J9V0,Club  #299P8J9V0,8000046,70695,197,14
197,#2QVPGJ02C,__King__Bs__,8000023,70563,198,6
198,#2PCYJVR0C,natan i lukasz,8000041,70475,199,26
199,#2JJ2RUPQ9,джа,8000000,70421,200,30
