,tag,name,badgeId,trophies,rank,memberCount
0,#VCG28LV,LUXEMBURG,8000029,1709612,1,30
1,#29PLY8VCY,Etti💫EmzBS,8000029,1261955,2,30
2,#2GUUYPRG2,❄ICE GHOST❄,8000057,1249545,3,30
3,#2RLYYRUUG,The Irrationals,8000055,1216584,4,29
4,#Q9CCJJUJ,WWW,8000023,1152709,5,30
5,#298R9LV2,Nova Luxembourg,8000021,1117031,6,30
6,#VL8RUG02,China中国,8000006,1109925,7,30
7,#QGGJ2YG0,🔥Fire Galaxy💫,8000037,971209,8,30
8,#280QVR9Q0,<c2>Carnage</c>,8000023,970240,9,29
9,#2G0RR2CGQ,EntenandieMacht,8000059,967499,10,30
10,#JGYJ8RUC,Taco Stars,8000029,948806,11,29
11,#9V809Q2J,🍀🍀🍀,8000018,938756,12,30
12,#JGL2LJVP,The Pros,8000029,924694,13,28
13,#2PGJYV0JU,En<c4>X</c>Štar,8000002,828344,14,30
14,#JJ92GVQ,LamaPorc,8000007,823416,15,30
15,#2CR8QPJJ9,Żurab,8000033,815708,16,30
16,#2G8UPJL08,🐉brawl Kings🥀,8000029,809957,17,30
17,#298R8PYLJ,best skiller,8000026,790844,18,30
18,#2GP9R9PCU,✤E-SPORTⱢ℧ﾒ🇱🇺,8000030,786218,19,28
19,#8J89Q0CR,Doudouman,8000037,773525,20,30
20,#2QVJJ8UYQ,snicker,8000055,764814,21,30
21,#2JJJVUYRP,Locco Bloods,8000048,760194,22,28
22,#QLYVCCR0,Bralw stars,8000001,734648,23,30
23,#2LU9QUGPP,Leon,8000029,732412,24,25
24,#9L9CCJP2,Some good guys,8000035,728659,25,30
25,#29ULYGU2G,Team Brawl,8000029,719313,26,30
26,#2G9ULC9P2,In keinem Club,8000031,715085,27,23
27,#20LLP8UG8,LUXEMBOURG,8000059,702239,28,30
28,#2GJL9PRYL,TheBoyz,8000050,697905,29,30
29,#82LR22GY,Canach,8000000,683404,30,30
30,#28CC8RJGL,Brawl gang🟧⬛️,8000037,680828,31,30
31,#29LP88Y9Y,🔥The Titans🔥,8000037,662816,32,26
32,#LCJRR9Y8,tryhards/amis,8000037,659146,33,30
33,#2PUVR9Y2L,MARVEL,8000037,618286,34,30
34,#2JPUYU80G,Revenge E-Sport,8000048,598436,35,29
35,#29Q00R2JR,Luxembourg,8000053,588017,36,21
36,#2QLP02GUU,pablos,8000029,586763,37,29
37,#2QPLCJRRC,X76Clan,8000029,584318,38,29
38,#2GU2R2V9,Гордые славяне,8000023,572451,39,30
39,#2QCR9PCG2,The Gees,8000057,565049,40,30
40,#RUCVGU8Q,team touille,8000033,561907,41,22
41,#2C2G9LL90,online,8000037,558491,42,22
42,#20V8R2CYC,epikusaikunani,8000025,551409,43,27
43,#2C0CJ2800,Lux-Push,8000031,542536,44,28
44,#Q8LJ8CLJ,Lux (Capellen),8000013,535332,45,30
45,#28Q90YQVQ,GANDA AZUL 🐉,8000008,533685,46,30
46,#2LQPQCGYP,MEGAPROBRAWLERI,8000009,533402,47,30
47,#2CQLQCU02,bamboo munchers,8000013,529168,48,30
48,#20JL8QCUC,Team Gale,8000000,525870,49,20
49,#28VQUQUVQ,PRO GAMING,8000037,525706,50,30
50,#29Q92Q02U,Ort|family,8000049,523570,51,21
51,#U8JG9CVY,zxc community,8000035,511475,52,24
52,#22YQ8,Mega Luxembourg,8000018,508414,53,29
53,#2R2PQ8CGP,❄️Ice Ghost 2❄️,8000057,503254,54,30
54,#2CG0P00Y8,🇱🇺 Roude Léiw,8000004,503141,55,30
55,#20LV2VGCV,XD GRELL_base,8000055,502778,56,30
56,#U2PRJ0JR,équipe naruto,8000006,502199,57,30
57,#QLPPCU9P,Letzebuerg,8000016,495908,58,30
58,#Y8P8C0J9,Lux_Gamers,8000055,494444,59,30
59,#VL2VLRP,lesmargoulins,8000017,486223,60,30
60,#RVCLYCYC,blablabla,8000029,480262,61,30
61,#2JUVQVLPR,les poissons,8000047,479863,62,30
62,#QRQPC2YJ,Wesh Mabsol,8000034,478081,63,30
63,#2QJQRVV22,lm,8000034,475390,64,30
64,#2LVCPLC99,Brawl Army,8000059,465695,65,30
65,#2GJ9QCC8P,cool cool ☺️☺️☺,8000047,460646,66,30
66,#QJ2Q99L0,FC | WASH,8000059,452307,67,30
67,#8C0YG99,BBG Brawlers,8000037,445875,68,30
68,#2Q9RJQ8VP,Cool Guys,8000056,433898,69,28
69,#220YRLG92,Road 2 the BEST,8000059,431507,70,30
70,#2Y8PVCJ8P,doodoofart,8000004,429087,71,24
71,#GVLPC08,Gafi47,8000029,428266,72,30
72,#2CRLY88VQ,CONNECTIONS,8000049,414822,73,19
73,#2G9PQYQQY,itzig691,8000049,414046,74,30
74,#2GPGULJL2,Afro Americaner,8000037,413164,75,23
75,#29GG8GVVQ,Lakaka Gang,8000004,408137,76,28
76,#2CLUY0P8V,Dark Diamond,8000039,407381,77,30
77,#22GQV9Q89,ICE❄️Cola Team,8000055,407166,78,14
78,#QRLG8JR8,Макаки,8000035,403103,79,30
79,#2CJQQLP2G,Zurab,8000030,402666,80,30
80,#20JLJYLG,Lux Alliance,8000013,398390,81,30
81,#2YGGCC8LU,DE.LUXE🔥,8000042,394288,82,29
82,#28L8LPGQC,Lux-pro,8000029,389306,83,28
83,#29V02CLV9,LVL,8000003,389244,84,18
84,#2Y8LVL9L0,Die Brudies,8000019,386303,85,21
85,#2C9820R20,les chauves,8000032,383590,86,29
86,#PUPYUGGP,Gamer AG,8000059,382645,87,26
87,#28G8PCLJ9,AmogusAndFriend,8000047,366484,88,20
88,#Q9J8YYJ0,RCCG,8000029,365107,89,23
89,#YLLCL9J9,FC Schetter,8000043,363086,90,26
90,#2CRP2LQ0U,Erdmänchen Gang,8000037,357272,91,21
91,#J8YV288R,fmm,8000053,356474,92,29
92,#2RULLPY9P,🥞PANCAKES🥞,8000037,355332,93,29
93,#29Q2UPJU8,Leon.2/Lux,8000023,355173,94,28
94,#2JP90LR9R,Sonic,8000059,353118,95,20
95,#29GYGQL0,Luxemburg Team,8000003,350663,96,30
96,#28UUL02QG,The Legandarys,8000027,348903,97,29
97,#22LG0U980,in der tat,8000056,348279,98,25
98,#YGUL9RCG,잘하는 팀,8000007,348115,99,23
99,#2JY0YQQ0U,LuxKings,8000024,347465,100,29
100,#Q0RP20VU,Dark_Knight@BS,8000058,346647,101,30
101,#2JYUPJ20V,banana bro,8000034,341789,102,30
102,#Q8UCJ0V9,Liam II,8000037,339522,103,30
103,#YJ89YL,Stroma,8000027,338851,104,28
104,#28ULP0VC8,rejleclubsorry,8000037,331241,105,18
105,#29UPC89C8,Anti Tomar753,8000016,327278,106,29
106,#20YRGGQYR,Mondorf_Stars,8000021,325331,107,22
107,#9JGC2PC9,brawl the wes,8000055,324410,108,30
108,#2PLJLVJQU,Der Leon,8000039,323584,109,30
109,#29L90VCUL,Murder Drones,8000016,323165,110,27
110,#VRLU2C8G,Dementoren,8000021,318262,111,24
111,#90U99890,KING-_-KING,8000004,317066,112,30
112,#2RP9Y2QRY,Mrbeast,8000037,315902,113,30
113,#2JRV2Y89V,DreamTeam,8000046,313789,114,23
114,#2PGVQQJRJ,Rythme Gaming,8000023,311833,115,16
115,#28L0Q20QL,brawl asasin|UA,8000029,310852,116,28
116,#UYP8RGJQ,TEAM CHIPS,8000051,310385,117,13
117,#Y9L9J2G9,cél,8000048,309145,118,30
118,#RR8VPPVV,Boss yeet,8000029,308363,119,30
119,#CUY9R809,lesc2,8000029,304235,120,28
120,#2GV9QJPG0,Ischgl,8000057,300366,121,18
121,#2GRC9LQY0,Ta mère,8000029,296991,122,21
122,#2YQQYP99Y,🥀Best🥀,8000029,295052,123,20
123,#2CPC2P0,L. T. C.,8000004,293619,124,24
124,#Q0V00LCC,Beast mode2.0,8000013,292015,125,30
125,#2JJCP8JJ0,LHCE,8000007,289121,126,27
126,#8C2Y0P,Los Luxemburgos,8000027,288089,127,12
127,#282VGLL0G,Humblr Grinders,8000057,287639,128,25
128,#JG2YUYQP,EIDE.lu,8000023,287308,129,30
129,#2QQRRGGR0,<c6>distoes</c>,8000039,283971,130,11
130,#2RQJ9YRL,35Zona,8000004,282281,131,12
131,#29GGUL0RL,Suiii,8000032,281179,132,30
132,#C2PUC8JP,Brawl Gang Lux,8000004,278145,133,26
133,#U99LLV0U,Team LBN,8000043,277637,134,30
134,#28Q9LLQJV,Luxarmy,8000007,276990,135,30
135,#2G08098JQ,der brawler,8000029,275891,136,30
136,#2UJ2QL2Q,kalsh,8000019,274140,137,27
137,#20YLVJ0JR,Luxgurpx,8000001,272110,138,30
138,#2YCUP09VJ,Naruto VS Sasuk,8000019,271681,139,29
139,#9CLV9ULY,King E-Sports,8000024,269013,140,29
140,#222L89PU,SmokingVikings,8000013,267705,141,14
141,#2QP8CCU0Y,dragon full,8000043,265630,142,13
142,#JCJVJY8,Neckef,8000019,264563,143,19
143,#29Y822208,Les Piquant,8000013,262720,144,15
144,#UR0U2JUQ,Luxembourg,8000003,261844,145,30
145,#2RJGQGJ9Y,Ligue 1 psg.99,8000057,260134,146,25
146,#28QL09P9,C49,8000029,259391,147,21
147,#JQ2J08PY,XXL 120,8000003,259289,148,24
148,#C2L0QY90,виитя,8000029,259215,149,28
149,#Q29GP0LP,ett,8000008,258696,150,30
150,#980V9YYC,Enderdragons,8000004,257010,151,23
151,#2QLQYV2RP,GG_FARTY_MASTI.,8000034,256181,152,14
152,#U8J0YU22,4 BULLE MOKKA,8000059,256106,153,30
153,#V0L0PL2,LuxArmy,8000029,254584,154,14
154,#29J82GVRG,E & EE,8000057,253881,155,30
155,#20L9GCYUU,lllppplllppp,8000059,253552,156,30
156,#PQLQ2VQ,kuhl leit,8000019,252888,157,30
157,#PL9RYQQ8,Tilted Squad,8000023,251651,158,12
158,#2Q9RRU9QL,MioClan,8000027,251279,159,30
159,#29V8UGLG2,LIKE U CUT G,8000025,251267,160,30
160,#209PURQP9,D0ge,8000057,250369,161,18
161,#JCP22R8L,TEAM ELEMENT,8000013,249875,162,24
162,#2L002LJ0P,snickers,8000039,249806,163,16
163,#29JQ2GG0Q,Meinennene cllp,8000023,248862,164,29
164,#RQPUGGUG,King clan,8000029,248234,165,28
165,#2Q2Y9UP,El India,8000004,246677,166,30
166,#2LL2CUYGV,SP_Akatsuki,8000013,246254,167,22
167,#289U0P8Q9,HOMBI CLUB,8000003,245832,168,30
168,#2LYV8LQC9,GrevenmachLycée,8000004,245263,169,20
169,#2GPY2Y9UL,LostenHond,8000025,244754,170,29
170,#2900VR2R8,mael et eden,8000036,244471,171,17
171,#2YY9PLJGY,Fc Bayern,8000049,243509,172,20
172,#229RRRQJ0,best frends,8000049,243050,173,30
173,#208CCL9U0,Megalux2.0,8000029,243008,174,30
174,#VJR9GVYV,Dem_Snipez,8000036,242198,175,30
175,#2C0J9GY08,gebald,8000030,241247,176,16
176,#P02V9JRP,LËTZ'NATIONS,8000029,240309,177,19
177,#2JJ9J8J8V,Zeyro,8000042,240116,178,13
178,#2QV0RYRPQ,SEBBIISS,8000054,239801,179,26
179,#RYV98P9V,Все мирный!,8000037,238812,180,18
180,#GP2PC9UV,CTB,8000008,238216,181,18
181,#9J8288J,UNICORN POWER !,8000011,237669,182,30
182,#2CR99RR80,BBC▪︎BAOBAB,8000017,237296,183,22
183,#29JUV2V2V,Monkey,8000001,235030,184,18
184,#8CJPLV0Y,Les tatas,8000026,234975,185,30
185,#2YYGL8Q8Y,Lux,8000023,234914,186,15
186,#2QGJRR9GR,KMG,8000039,234200,187,30
187,#C0G89G98,💮Floresta💮,8000025,234115,188,2
188,#2C8PCQUC0,i ginger,8000056,233655,189,24
189,#JY82YPY9,THE KÌNG,8000021,230452,190,27
190,#Q2QL90CV,BlueLions™,8000021,229641,191,18
191,#2RGQ2RUUY,CLS,8000023,229512,192,18
192,#2JV09JJVL,smokzz🍀,8000041,229224,193,16
193,#229RGJJJL,E & EE,8000013,228867,194,30
194,#20JQR9PCV,die Kampfsterne,8000007,228125,195,29
195,#CCUJQG2,Luxembourg,8000029,228041,196,30
196,#2JY2V002Y,Thunder Heros,8000039,227040,197,22
197,#2LJGV9G,RAS,8000057,226911,198,9
198,#2GJQ9J8GR,Les Gringos,8000022,226812,199,15
199,#28VGRLGVC,Luxembourg,8000029,226715,200,10
