,tag,name,badgeId,trophies,rank,memberCount
0,#2C290P202,ᵖᵉᵃᶜᵉ ᵒᶠ ᵐⁱⁿᵈ🫀,8000041,1096780,1,30
1,#C9000GCL,LaPaz Empire,8000024,794237,2,29
2,#28PPPJV99,Club cub,8000023,771987,3,30
3,#8U8CP0V8,Dream Team,8000013,717727,4,30
4,#2RJPVRVY9,Gasy tafaray💥,8000035,711327,5,29
5,#Y9YYCRYG,Madagasy War,8000005,708443,6,28
6,#29QJGVP98,МАЛЕ ВЕРПЧЕ Укр,8000054,696618,7,30
7,#8YUQRGYQ,les potes,8000007,691518,8,29
8,#VVLJV020,MADAGASCAR,8000033,667844,9,30
9,#G80J2YL,MADA BRAWL STAR,8000021,659708,10,29
10,#YQVGRC22,İYİLERİN GÜCÜ😇,8000009,635746,11,12
11,#29YRVPJ80,BLACK BRIGADE,8000000,634211,12,30
12,#29QRRUCL0,TANA Brawlers,8000047,590400,13,30
13,#2J9JG0QCJ,NAVI/TEAM,8000037,581887,14,30
14,#RYCYCUG,le brawler,8000023,567157,15,28
15,#2PVY28Y0V,Ndao Ary,8000012,566274,16,21
16,#29PJRRQQC,TEAM SHARK🦈🦈,8000059,539499,17,30
17,#29GU8LUG0,Das Team,8000054,516254,18,30
18,#2GP2RCVVJ,hungry game,8000007,480198,19,29
19,#UJ02QC0Y,ブロスタ好きな人,8000037,425499,20,30
20,#9VLJRY2V,Malagasy aho,8000033,411779,21,22
21,#229YJGL,Gasy Brawlers,8000021,410189,22,29
22,#2CP2JU92Q,włocławianka,8000056,408722,23,28
23,#2LYQURPQ0,🇲🇬Boutary🇲🇬,8000005,408423,24,18
24,#J9QPQJ9J,АМТЭК,8000013,402276,25,21
25,#2JLLQ892L,WCB/ms team,8000008,393376,26,21
26,#209LG2CQV,БГАТУшный Сквад,8000045,350941,27,17
27,#2QRRYGJV,Brawl Corps,8000016,346357,28,30
28,#292RJC290,Les gamers🏀🎮,8000031,338180,29,30
29,#2G2RCGC0P,GayCom,8000057,335123,30,25
30,#28YCGRVP8,Brawl's MADA,8000016,333712,31,28
31,#QRRGG2GP,oshee zero v2,8000004,297872,32,30
32,#2RY2RVUYJ,family''R'',8000019,295275,33,23
33,#2QRRJ890J,URIGOD🐀💎,8000018,285340,34,29
34,#Q0RGGRJG,Fr club,8000023,282428,35,30
35,#2L9G0JP0C,Good like,8000052,274221,36,17
36,#QU2P9LCU,schieß Boxer,8000029,257870,37,16
37,#UY0JRCPC,Les MVP,8000023,256471,38,19
38,#CVL8JCPU,☆\\ARG-MG//☆,8000007,255550,39,12
39,#YVCG9LQG,AAIA,8000033,250149,40,23
40,#C89CUC,Gun Gun Gasy,8000028,245878,41,28
41,#2CPPJCUYL,ESR,8000057,243784,42,16
42,#28L8RGGLV,Отряд Пупсиков,8000047,241629,43,29
43,#2JV98J9RV,Гильдия Африки,8000017,240974,44,11
44,#2Q2GUVVP0,Yarik120 (:,8000031,234536,45,26
45,#LPP9UPU9,мы крутые люди,8000023,233973,46,28
46,#2LY8UUUGU,7Г без учителя,8000043,231852,47,14
47,#UJ288YYR,ШАБИЛОВСКОЕ ОПГ,8000025,227439,48,16
48,#22JL8JC20,otaku landia,8000021,225672,49,27
49,#89YRR8LP,ROYALITY,8000029,225286,50,15
50,#8R0QV2YC,tafaray,8000005,222891,51,30
51,#L9V2R2JJ,les joueur pro,8000018,219682,52,27
52,#9CLCYG8Y,Paraíso 502,8000028,213972,53,29
53,#GYQ0GLY9,ATP Academy FR,8000007,213521,54,18
54,#2P2UQULCU,Light of glory,8000003,212413,55,29
55,#Q9YVPL9R,FÜR FÖRTNITE,8000047,211608,56,18
56,#28PCCYP2Q,team barea🇲🇬,8000037,211396,57,30
57,#2JQ00CRGP,sharkos,8000017,211028,58,30
58,#2JY20GRPL,Два пупсика,8000006,210173,59,14
59,#VUVPVC8,MADAGASCAR GANG,8000006,205665,60,20
60,#P9QCL2G0,WGF😜😜,8000018,205495,61,30
61,#Y2QG0PU9,RockenWise,8000012,204042,62,13
62,#209GVUQGL,LOS BLOQUES,8000037,202821,63,28
63,#CPP8VVCP,chile stars,8000029,198306,64,28
64,#2RJ200CVQ,CALFS Club,8000059,197512,65,12
65,#2R90LC0GV,ЛеоноСтан,8000059,194248,66,12
66,#2U9LVP9G,TANA.COUSIN 2.0,8000058,194247,67,28
67,#2L2P0LJYL,les ultras,8000013,194105,68,30
68,#2QJ8G8JUC,Carlitos🍌,8000021,192831,69,11
69,#99P8Y80P,장하태권도,8000029,190685,70,28
70,#2JRR8VYC0,shtorm 🌩fantom,8000039,189666,71,10
71,#L202LRJU,klop stop,8000029,189372,72,17
72,#2GG28QY8U,💥From hell🔥,8000037,189204,73,11
73,#G9V22P28,IQ_Clan,8000029,185629,74,24
74,#2GY002P0L,Beehive,8000049,184642,75,7
75,#9VG9P2R8,Pikanety🇲🇬,8000016,183626,76,25
76,#YU28UJU,Madagascar,8000018,182764,77,30
77,#28CC2UUVJ,Ислам с грозой,8000047,179846,78,30
78,#29VRCP8YC,ФОРЗА,8000011,179840,79,30
79,#R2JGULP,Gasy Bang Gang,8000059,178994,80,30
80,#22GGCCV0Y,SAMYPAI,8000049,178691,81,8
81,#QPCV8GC8,Good randoms,8000036,178048,82,26
82,#9YCL8QRP,palamut spor,8000023,176170,83,28
83,#2P2UPY2U8,KillShot 🏅,8000029,172253,84,17
84,#2929PVQUQ,Los πtu2,8000057,170959,85,30
85,#29R0J0GJY,Взрыв мозга,8000034,169891,86,30
86,#2PV0LVCC9,Kaffeefilter,8000017,168759,87,14
87,#2QR0YUVQG,C PA CLAIRE,8000006,165746,88,9
88,#GGUY8PVV,SPÁRTAIAK!!!,8000004,165139,89,30
89,#LVL2LLC8,morningstar,8000004,164847,90,30
90,#L29Y9GCC,Gomball,8000057,163347,91,29
91,#8UQ88Q29,team unie,8000029,163041,92,30
92,#2G0PPP0QU,PRO YT Марк.Аб,8000013,162931,93,30
93,#2GJGR98Y0,TETONERS :D,8000057,159363,94,27
94,#2GYU2PQ02,[BL]ins Family,8000052,158279,95,30
95,#YGU0V0U,DreamTeam,8000056,157745,96,9
96,#229V92RCC,DEEEZ MEN,8000033,157201,97,17
97,#29GL2L2Q,South samouraï,8000004,154125,98,27
98,#R8LR0RLC,el club fachero,8000028,154053,99,30
99,#2LJPYQCPQ,les beaufs,8000039,152792,100,28
100,#8998J92L,AguantePte,8000029,152584,101,4
101,#QVRPLQRV,YARIŞÇI😎,8000029,150953,102,30
102,#2YY9PVV2V,Power boys,8000014,147651,103,29
103,#CR9GUPGC,cactus empire,8000013,146147,104,28
104,#2RGPR20VC,Космос,8000039,145346,105,10
105,#JRYJL2V9,Alefa Barea,8000016,144839,106,28
106,#2PPR89J9U,잔치국수,8000029,144746,107,28
107,#2QQR9R0PC,les regles d’or,8000018,144230,108,12
108,#209UP8RPL,No limit,8000036,143475,109,10
109,#2J802VRPP,les fr team,8000033,141797,110,28
110,#22Y22UJ28,icriachis,8000016,140267,111,30
111,#V890VJQY,MASHMELLO95,8000023,139899,112,30
112,#2GPY2GJ9C,ГИПЕР КОТЛЕТЫ,8000023,139466,113,30
113,#2GVV0YQQV,KillShot,8000040,137827,114,7
114,#LURY8UY8,i due tizzi,8000021,135579,115,5
115,#8L8V0R0U,poco,8000012,134542,116,30
116,#JGP0UR0R,фффцф,8000008,132317,117,25
117,#U0P2P22,ЛЕГИ,8000019,132165,118,29
118,#CYUQ2UG2,Shie Hassaikai,8000025,132111,119,21
119,#29LY82PVP,домики2,8000021,131978,120,29
120,#Q0L09C9,St kiszewa,8000006,130716,121,28
121,#29JGJJYQL,Za<c3>GASY</c>,8000037,129996,122,17
122,#299UP9CG2,I LOVE ХРОМ,8000029,129516,123,21
123,#U8RCLVVR,pips,8000021,128921,124,29
124,#2RLUCGJQG,спукиши <3,8000047,128700,125,9
125,#Y0ULY8RP,RBMK 1000,8000025,127980,126,27
126,#9QYQY98G,вы трое,8000057,127821,127,16
127,#VJRP2U0U,mister club,8000037,127374,128,23
128,#Q0200J02,Andy's club,8000059,127025,129,28
129,#2QGYPJ0Y,liveck,8000053,126996,130,20
130,#2G2J99GJ0,les kdj,8000013,125622,131,28
131,#292RUQJ08,Unacceptables,8000012,125556,132,30
132,#2C89LYVGG,ESR,8000038,124658,133,9
133,#228UQY0J9,чувачелы,8000039,123957,134,7
134,#GGJPPJ0,крестал,8000018,123636,135,29
135,#2C82GCJ2R,воран про,8000023,123500,136,8
136,#Y0PQPL9G,LeS (7😈),8000004,123013,137,29
137,#Q2YV889G,CM2 pro du ⚽🏆⚽,8000029,122718,138,24
138,#82U0Y8P2,💔YANLIZLIK💔,8000023,122590,139,30
139,#UVV0YQR9,tomar Çağlar,8000007,122112,140,30
140,#28QRG2P2U,냥냥이,8000013,121579,141,30
141,#RCU20P8P,AKADY 2.0,8000018,121340,142,30
142,#VC9Y9URR,Ndao Ary 3,8000045,119946,143,7
143,#2Y0GY2R0,андрюха сеня,8000029,119600,144,29
144,#2JJ8R8CL0,бебрики,8000000,118851,145,7
145,#2880UY2GL,leclubdespro,8000059,117797,146,28
146,#P2C90CCL,Бебра 777 топ,8000004,116684,147,30
147,#29GR8808G,Iamalie Fr,8000006,115811,148,15
148,#28CRP92Y2,Steel Legion,8000037,114519,149,6
149,#28G08J9G0,DaBaby club,8000009,113724,150,6
150,#2L9V0V9Y0,Les chtarbés,8000034,113048,151,10
151,#2L082G0GQ,армия Гавсов,8000027,112249,152,18
152,#2YJYVJUGU,ХАГГИ ВАГГИ,8000029,111811,153,29
153,#2RG222UU,RENATE 2007,8000006,111687,154,29
154,#2GYRJG0RJ,🐺|La Meute,8000029,111238,155,30
155,#298PRCP20,LaTeam,8000011,110426,156,10
156,#VQL92J09,club chrome,8000027,110112,157,30
157,#2L8JLC0RG,Пажилые 2.0,8000038,110031,158,8
158,#22VQUL8JJ,dimatop\_/,8000023,109526,159,28
159,#28YCULP0U,trenes,8000029,109258,160,28
160,#2GJQU2LYJ,ОРЕШКИ 3.0,8000057,109071,161,7
161,#L8G2QUYU,я про ти про,8000026,108779,162,30
162,#8C8JRVQ,withLOVE,8000011,107736,163,30
163,#GVVLV0VQ,Ciocolatnicii,8000039,107069,164,29
164,#2P8PJC0RP,MINI MOUSE,8000002,107036,165,30
165,#V0CLJ9Q,trafimy juhu,8000007,106986,166,29
166,#2LR2G0QL,LAZ,8000013,106553,167,29
167,#LG0RJVQY,♈гороскопы🎄,8000013,105317,168,26
168,#J0JLY0LJ,NEBEN ACC,8000028,104588,169,26
169,#Q8LYUQGU,ЦАРСТВО топів,8000029,103857,170,25
170,#2L9Y8PQRJ,Namikaze,8000019,103184,171,27
171,#L009PYP2,samo pro ulaze,8000055,102870,172,18
172,#CRV2QJL,ЛетовСтарс,8000024,102542,173,8
173,#2PY9J2J8G,BrAwL TeAm,8000037,102526,174,26
174,#2LY20R98Y,MADAGASQUAD,8000037,102340,175,13
175,#2299YJQYV,anachro,8000034,101787,176,7
176,#C8P2G9QV,MD MIX MORE 23,8000024,101333,177,23
177,#9L08YVL,15,8000003,100957,178,27
178,#2L22CYGR2,Die Minecrafter,8000039,100858,179,24
179,#2RVLRUQGQ,team Friends,8000048,100100,180,26
180,#280GLRP9P,ЛК играем,8000037,98952,181,4
181,#2JJ8PJU8G,heavenly cour🌸,8000017,98819,182,6
182,#2GP9VCUR8,BHUO,8000057,98680,183,11
183,#LL2RCU28,Bania u cygana,8000056,98272,184,14
184,#LL0R09UQ,AMÉRICANNA,8000047,97664,185,12
185,#QYVLP0CR,악거7,8000027,97449,186,26
186,#2Q0UCP2UV,la bande LYK,8000001,97077,187,15
187,#2QCV8G0RU,Ovomaltinenclub,8000004,96343,188,9
188,#2JRY9G0GG,𝕾𝖎𝖑𝖍𝖔𝖚✨,8000037,95489,189,18
189,#Y292PQQQ,прошу прощения,8000013,95157,190,29
190,#G292J28G,badoyt,8000029,94999,191,25
191,#2R0JYU9RU,korea,8000018,94901,192,11
192,#GUJ2YQY2,мы топ 777 999,8000021,94318,193,29
193,#2JYG20CYL,LosP3netrantes,8000052,94211,194,14
194,#80PRC082,Coronasaurus,8000017,94034,195,29
195,#2YPCCJV2G,schieß Boxer,8000029,93666,196,7
196,#GVGVLL28,Los espadas,8000005,92664,197,6
197,#20UVVCR2G,уздечка тихого,8000037,92606,198,4
198,#LCPCVCLG,BMX 2,8000006,92538,199,11
199,#2GVRJRJ2,FKX Famili,8000029,92390,200,30
