,tag,name,badgeId,trophies,rank,memberCount
0,#28LUGCVVP,たつきすねげ,8000031,1014512,1,30
1,#29PV2CLCR,♕︎𝕍𝕀ℙ♕︎Տᴛʏʟᴇ,8000029,743523,2,30
2,#2C2JQCLJL,<c8>4SV</c>,8000010,638740,3,30
3,#2RGP8QQR0,ドンタコス,8000043,638399,4,30
4,#2JRG0RLUJ,I GATTI FIGHI,8000006,561991,5,30
5,#2L0UY0YQL,zxc [TEAM],8000035,501591,6,28
6,#QLRGUJG2,sigma giming ez,8000039,487437,7,30
7,#2CR8VCCQ9,AZ❤️TR,8000037,479107,8,27
8,#209YVVL9Q,BrawlyWood,8000059,474935,9,26
9,#20GPYG0GL,LES MEUFS,8000017,450796,10,25
10,#2GP9LCV9Y,ナスベイが大好きです💘,8000036,450209,11,30
11,#2C9J0VJ08,메가리자몽군단,8000057,397881,12,29
12,#R8UYPVG2,Mancos asociado,8000033,388893,13,24
13,#PUYLG2VL,Burgandy sauce,8000025,354082,14,30
14,#2Q0YVRJP8,Nikon Team,8000043,352204,15,16
15,#282L0RR9R,M.O.R.G,8000059,340133,16,22
16,#GCURGC0L,Nillas United,8000004,315763,17,30
17,#28LGYUUG0,топ клуб,8000048,298020,18,30
18,#2C009VJL8,8/G KONSEY,8000054,291770,19,23
19,#2PLRYPC0Y,la mitica f,8000004,272711,20,27
20,#G02U2CPG,BRAWL-HERETICS,8000021,264116,21,29
21,#202RGG9LJ,Пеший курьер,8000059,262590,22,15
22,#2CGLLJCYL,의현ㅋ,8000003,257903,23,30
23,#RVYU8UJ9,jovias,8000029,253198,24,27
24,#LP9L2Q0Q,бравл толк,8000004,245960,25,16
25,#8G0YG2Y0,ПРОсто клуб,8000057,236820,26,26
26,#29LPJR2V2,MN|Luffy,8000037,231401,27,30
27,#2YY29YPJL,baobab,8000037,227186,28,14
28,#QLRGJRJY,JCPE club,8000059,225809,29,17
29,#2CYYR2C9R,сквер жители,8000057,210250,30,27
30,#2QYJU2QV0,🌆𝙾𝚃𝚁𝚈𝚊𝙳,8000007,208122,31,30
31,#2GVYJVPLC,|moderator🥀tim,8000037,207724,32,9
32,#28QJ0YV09,ососо,8000029,205092,33,30
33,#2R8Y0QVU9,vap0r,8000017,202880,34,14
34,#P9RQ08GV,ESPAÑA,8000023,201593,35,29
35,#8VPCJPQJ,Бравл топ,8000046,198998,36,9
36,#GQCQLLL8,lojman kulübü,8000056,196809,37,23
37,#UGQY92UL,чебурек 100,8000029,193704,38,30
38,#288VLQQQU,DESANT,8000030,191295,39,8
39,#2YUGGQLQ2,the kuzi,8000055,190311,40,20
40,#Q2CL29PY,лапа бигимота,8000006,190291,41,24
41,#8PY9PGG,FC BULLI,8000017,185861,42,20
42,#20PCY8L0R,рогн,8000029,184274,43,17
43,#RYRQJ9RG,АЯЗ И ДАНИР,8000000,182945,44,29
44,#2YGJC08RJ,Jerem,8000000,181365,45,19
45,#QPVLCV02,<c5>Qlash</c>,8000050,178528,46,15
46,#G9UPYCJ9,la Tim bleu,8000049,175413,47,28
47,#29UVRJYC,Los Dieguitos:v,8000006,173938,48,18
48,#2RCV82RCV,we’re like solo,8000033,172780,49,17
49,#2CJRVCUPQ,Mohito,8000043,172461,50,10
50,#J0JUU8QQ,Achraf YT,8000033,171076,51,12
51,#2YPV9QCRJ,GGSKA,8000029,170722,52,11
52,#CRL8YJUQ,BombPlayerIT,8000029,170511,53,28
53,#2J8C299LR,призрачная пуля,8000022,169970,54,14
54,#2LL9LRV8P,TOP ELIT,8000019,166547,55,16
55,#YQUP929L,ASTROPAIDA,8000026,165070,56,17
56,#ULL8UPRR,AKATZUKI💭,8000006,163211,57,30
57,#2PCJ929YC,⚡Lo Wachiturro⚡,8000019,162287,58,18
58,#2JC2RLPGR,QN LO LEA GAY,8000000,157869,59,29
59,#2LRGV09UY,LOZ ALIENZ,8000058,156781,60,30
60,#29URC9L9Q,STONKS,8000019,156683,61,8
61,#2L0UY2YU8,stu,8000033,153675,62,30
62,#JGR90R20,으달달,8000039,153344,63,11
63,#2QC8UVR28,🥀DesTan_Savaşı,8000023,152473,64,10
64,#VPL029YJ,катусы,8000037,149278,65,16
65,#UQPYYCR2,СУПЕР СЕНЯ,8000051,149141,66,30
66,#2JLPPJQ9J,MinersBest,8000004,147037,67,8
67,#CULLCQU9,grote honden,8000022,144771,68,25
68,#VLJQUJCP,пацани профи,8000011,141618,69,30
69,#2YVL880GR,metaleyn,8000011,139675,70,18
70,#2QYYUR89P,ТИЛИПУЗЫ,8000034,139181,71,30
71,#PVYPCRQV,бобры,8000023,138016,72,12
72,#2G2C0G2CG,🦇TT|Mortis🦇,8000057,135270,73,9
73,#2PY2V8VUG,los hermano MDL,8000022,133438,74,14
74,#2J9PYV02J,забивной клуб,8000037,132949,75,5
75,#PPP009PR,RUSSIA TOP$$,8000004,132399,76,29
76,#PR99LVVC,ороромо,8000012,129489,77,29
77,#G2QRJLLQ,GÜZEL KRALİÇEM,8000029,128351,78,2
78,#YP02LG0Y,yurt kanunları,8000007,127214,79,17
79,#JUPPLL9,STAR KING DEM,8000029,125505,80,30
80,#CR2JLC0Q,Арчалы 2005,8000000,125189,81,30
81,#2Q9908L2V,민성이에레드클럽,8000022,124997,82,13
82,#QYJUUVPL,sbartaba,8000001,123814,83,24
83,#2GLG0J90Y,CAT ELITE,8000006,123584,84,28
84,#JP2L8U9U,Malawi🇲🇼,8000019,122575,85,26
85,#2CPP8P9UV,🪐⚡️THE_GANG🔥,8000004,121995,86,5
86,#2QVP0CQRG,482топ4ик,8000042,121291,87,8
87,#2G0CPQ2LC,🙄🙄🙄,8000029,119674,88,28
88,#2JCQLLUPJ,3343,8000048,119175,89,13
89,#L0VQ8Y0Y,пр,8000012,117918,90,29
90,#202R9QJ2Q,sᴀʟᴛ ᴄɪᴛʏ🤨,8000027,117044,91,7
91,#CPL2JLR0,+КЧАУ+,8000007,116324,92,27
92,#LQYJ0VQQ,Tiki,8000025,114632,93,17
93,#2GPUUP28V,8/C,8000052,114406,94,13
94,#20QQQG9VP,los pro player,8000053,113887,95,30
95,#288V8LJ0J,KRALTÜRK🇹🇷,8000004,113484,96,28
96,#QCGLCGQG,харашок,8000019,113274,97,30
97,#20UJ8CLUU,до мастера,8000044,112795,98,15
98,#2PPVVUVPV,БОМЖАТНИК,8000029,111931,99,14
99,#9QULPV8L,wij zijn pro,8000007,111148,100,28
100,#L982UQJ8,didi,8000049,110672,101,30
101,#220PVCYGQ,барбос про,8000057,109580,102,26
102,#2292YC0V2,Топы по Brawl,8000022,109321,103,11
103,#CULR9VJR,3-L,8000024,109230,104,29
104,#29VGQ8Q0U,Дима и костя,8000010,108875,105,30
105,#80U8VJQQ,101boiz,8000008,108669,106,11
106,#222CJYYJC,Alonai,8000013,108331,107,29
107,#220C0JL92,призрак сквик,8000035,108303,108,29
108,#VRUYPQPC,YBJ\LAZ,8000012,107396,109,27
109,#QYU0YLUY,👿☠️HACKERS☠️👿,8000035,107383,110,29
110,#2PJ8CCYLJ,добро vs зла,8000034,106529,111,26
111,#2JPPVC20G,<c0>Aces</c>♠,8000021,106430,112,28
112,#8QCQGC2C,Слава Украине,8000029,105233,113,26
113,#2RGQUG9C8,Дружба,8000048,104723,114,30
114,#28Y9G92UV,casa&chiegagvng,8000008,104104,115,7
115,#28UG0R0CP,squad 4b,8000006,103083,116,11
116,#CG9QUGVU,Леон,8000005,101940,117,28
117,#20VL8UUJV,gli amiconi,8000027,101272,118,20
118,#2QGPQ2CG9,3x3 skills,8000025,100629,119,28
119,#C8QLP88R,gaygok,8000010,100546,120,30
120,#UUVYJVP9,Влад А4 про,8000013,100296,121,27
121,#2YRULPVC0,brawl klub,8000029,98818,122,11
122,#22J9P9V2P,петухииииииииии,8000016,98201,123,17
123,#VVQ90Y99,🌵путь 20ка🌵👹,8000005,97922,124,10
124,#29LRYVQ8L,⚡️Classe G⚡️,8000039,95891,125,8
125,#RYVGVQUU,KOREA와 함께 1기,8000029,95865,126,28
126,#JQJ9R8L0,Franciszek,8000029,95443,127,27
127,#9RCR8V9,Club,8000011,94627,128,25
128,#2989YVQQ9,СУПЕР ДОНАТЕРЫ,8000017,94187,129,28
129,#2LVU90082,ronaldoilfenome,8000005,94039,130,13
130,#VCGLVQUP,Вова,8000023,93955,131,30
131,#R92CPRGU,🎄ĞĔŇĞ|INDØ🎄,8000002,93759,132,9
132,#2JCRYYVJ2,ghoul zxc akuma,8000038,92943,133,4
133,#2J2PYYR2,leono,8000029,91700,134,30
134,#28Y2P0GJG,NACI ARMY,8000047,91515,135,8
135,#R8QPQ82J,MIT KNAX,8000004,90681,136,23
136,#2822LU9CU,пивнуха🤡🛐🚰,8000059,90104,137,11
137,#8Q29JQU0,4416고,8000004,89975,138,29
138,#2JVPVYGVR,I/N/E/S/S,8000029,89943,139,22
139,#2QPPY2V29,паеермгнеоио,8000028,88763,140,28
140,#CCQGYVCP,Among House🏠,8000008,87767,141,27
141,#VRGJVVL8,Fight Night,8000013,86720,142,5
142,#GRPYYVGP,Тимур и Миша,8000007,86487,143,26
143,#2Q8UCV99Q,СПИДРАН 8К,8000010,85083,144,25
144,#29PJU0Y9Y,конфета 228,8000057,82752,145,27
145,#2C0GJ02R,Drillers,8000022,82572,146,5
146,#2RRGJ0PJU,tommasoli,8000033,82421,147,6
147,#28Y2Y0Q9U,ola qtal,8000008,82120,148,30
148,#UJGRYQ0J,クソ雑魚事務所,8000004,82114,149,7
149,#29YCVPR2L,Рідні,8000025,82027,150,20
150,#22Q900U02,Sandy's Club,8000036,81920,151,28
151,#2PU0RYGVQ,промахакер,8000027,81785,152,29
152,#2C0089VY8,샘마루5,8000058,81782,153,10
153,#LLQPLY2Q,[☬KING☬]Ďęмøņ,8000036,81212,154,23
154,#2C990L9RJ,Edgar Gang,8000051,80827,155,8
155,#2JL2L08VP,BRAL CLUBE,8000048,80631,156,25
156,#J9P0J9YQ,BİZİM_TAYFA,8000015,79657,157,21
157,#2PYQ0CCL8,viva el b x a,8000027,79452,158,27
158,#220RG2PQU,5m eSports,8000007,78985,159,6
159,#29UPQ222V,Calvos max.,8000010,78593,160,12
160,#LPPPCGJ,las nal,8000029,78580,161,29
161,#QJQUC0PY,라이트모임,8000007,77750,162,22
162,#UV8VGUYY,Я НЕ ПОНИМАЮ!!!,8000014,75590,163,28
163,#JR2JL298,банда,8000007,74810,164,30
164,#CLYCU92R,лааалалалаал,8000013,74369,165,9
165,#280PLGUPL,ёжик в тумане,8000027,74248,166,24
166,#VPCG098J,гуля котик😜😜,8000029,74058,167,29
167,#QQQ200J,i grandi frate,8000013,73195,168,30
168,#22RUUVGJ9,Лиза хорошая,8000001,73100,169,11
169,#2PR8V900R,База,8000029,73020,170,12
170,#90GGQ8RG,Os.elion,8000000,72898,171,28
171,#2JCGP9280,NOX🤑,8000055,72713,172,5
172,#20PQR092U,БАНАНЫ,8000035,71924,173,10
173,#2GP99RJ2U,русские,8000058,71800,174,4
174,#2Y9LV00UG,аув💪💪💪💪👂👂,8000008,71671,175,15
175,#V22RGV92,TF|LEOFREE2PLAY,8000027,71157,176,29
176,#2LLLPPGL,מיר,8000013,70783,177,30
177,#2LC02JV2R,Malawi🇲🇼,8000037,70535,178,6
178,#QQ9J9C08,METEHAN2525PRO,8000023,70415,179,7
179,#2982P9PUR,Squad champiñon,8000006,69513,180,14
180,#2JLPPYJR8,<c9>LiTiO</c>,8000037,69479,181,3
181,#8PUPQLCL,한국의 언텔,8000000,69131,182,30
182,#2QQG9UJY9,💗Fenerbahçe🥳,8000029,69121,183,29
183,#LC9L0GPY,NaVi | Bebrikk,8000025,68805,184,8
184,#2LUQ2P29V,ArAz,8000037,68104,185,12
185,#2YVYUQRP0,team Tourvil,8000017,67305,186,25
186,#2GYLC8C02,Эль Мажордом,8000046,67200,187,2
187,#2YRRVY8GR,крутой клуб,8000016,67175,188,14
188,#Y9PQ8PL9,рязанцево,8000029,66638,189,19
189,#2Y0R98Y9C,TEAM KEBAB,8000022,66374,190,7
190,#JG899CJ0,только крутые,8000029,65681,191,30
191,#29LUJYLVR,polski rolnik,8000037,65482,192,30
192,#JGQQ2J8R,porcay,8000038,65210,193,12
193,#92R0YQQU,ИЛОРАН,8000026,65155,194,30
194,#9JJVPRL,Кренч,8000008,65150,195,6
195,#99LYVVP,Wooding Wails,8000004,64036,196,20
196,#LQR8PYCR,лыдыд,8000015,63935,197,16
197,#289J9PVRV,Kamil i Szymon,8000002,62693,198,4
198,#UQ899QL,rosariop,8000012,62434,199,13
199,#2JVPY20P,trust no hoe,8000016,62316,200,13
