,tag,name,badgeId,trophies,rank,memberCount
0,#2R8PQV9GY,日本舐めんなよ,8000029,1098057,1,30
1,#29RCQVQJ2,☆Shiyni↯Club❦,8000018,1044011,2,29
2,#QC8P8982,BRAWL KINGS,8000055,1012059,3,29
3,#2G8LLVRU8,Lost Gods,8000047,943011,4,30
4,#2G8UCCYC2,genshin stars🍻,8000018,902145,5,29
5,#L92RJUU,Synergy™,8000015,890363,6,30
6,#2J880JUQ0,All Stars,8000059,872689,7,30
7,#2CJUY2C2P,THUNDER VOLTS⚡,8000019,872668,8,29
8,#29QRQ82YC,MU ㅣGAMING 🇲🇺,8000037,840613,9,30
9,#2Q28LQ080,спуйки милашки❤,8000013,778900,10,29
10,#2G8CJLCRL,secret fantasy,8000023,738430,11,30
11,#20UV99VQ2,Vinland Fate,8000055,727979,12,30
12,#2QG80VPLC,ELAX,8000037,717574,13,27
13,#22V9CVUQU,Lost Titans,8000043,684443,14,26
14,#2R92QV2L0,Legends Star,8000019,682407,15,30
15,#2QVYLPCP0,lost lagoon,8000035,682369,16,29
16,#2G20C8PC0,sneakys,8000039,664711,17,30
17,#2G9RY9CR2,Lost Champions,8000043,648564,18,27
18,#9QQ8RLJ2,STAR WARS 🌟,8000052,630114,19,30
19,#2Y9L82QL8,<c3>Łēğēňd§</c>,8000059,626406,20,30
20,#2LQGQYRLR,MRU BRAWLERS!,8000023,620145,21,30
21,#L2V8CC0Q,CHAOS LEAGUE,8000004,615667,22,28
22,#UGJP89YU,legend303,8000019,612565,23,30
23,#2Y22QU2J9,Lost Villains,8000039,564252,24,28
24,#2GL9C8CL2,Dragon King🐉,8000023,548910,25,17
25,#20URJ9VQY,Le Wessex,8000049,540312,26,30
26,#2RRPLGQYQ,Royal clash,8000002,535455,27,19
27,#2G82CRQ8U,THE HEADHUNTERS,8000037,503888,28,20
28,#2Q08U8VCP,Rodrig,8000037,480183,29,26
29,#2GJPGRY9J,bebra gang,8000037,458190,30,24
30,#208LRCRL,BrawlMasters_MU,8000005,401207,31,30
31,#28JYJRCUJ,Best friends,8000029,397067,32,28
32,#2P2Q0CJ2J,CODEMAGIC MU,8000055,389605,33,21
33,#2LQ0YJCLY,The Avengers,8000004,372281,34,29
34,#2Y0PJ0PLJ,Lost Wolves,8000057,371507,35,30
35,#LPYLPYJ,WARLORDS,8000018,363800,36,27
36,#2C08Q9LJC,haru,8000006,356762,37,13
37,#20PC8GRUJ,Maurice,8000045,348470,38,29
38,#L928JVY,CACAFESSE,8000029,342413,39,24
39,#28Q9P9U82,les superzero,8000034,326130,40,30
40,#290G8UCL,Mauritius Clan,8000037,323187,41,30
41,#P90VCCJ,CONGRAT,8000037,319901,42,30
42,#Y99ULLGC,TEAM MU 1#,8000029,314703,43,23
43,#LG9Q0UVC,HDMA,8000029,304570,44,29
44,#UYR2G2Q2,Golden shoot,8000048,291452,45,29
45,#2J8CJ29PQ,De brothers,8000023,286749,46,17
46,#J0LVPQV8,Undefeated❤,8000023,283256,47,28
47,#80QURJ0,SANTAKA BRAWL,8000013,282964,48,28
48,#2YQPCV8VP,Prawn Stars,8000035,274800,49,9
49,#90Q9QLU,Legendary kings,8000003,265395,50,25
50,#Q8RGCLP0,Laetitia famil,8000039,261460,51,27
51,#RRGVRCJP,RΣSURRΣCTIΩΠ,8000004,259202,52,10
52,#UUYYQY2,Les patron,8000025,257068,53,29
53,#VGJLJG2U,CHCE KRUKA,8000017,251919,54,30
54,#2GY2QG9QY,Lost Wizards,8000057,250311,55,12
55,#QJVQPJVV,YAANSH,8000055,247629,56,21
56,#2YYG98RVJ,최인성,8000029,246387,57,30
57,#209VGUUCG,Bad Brawl,8000035,245274,58,19
58,#2JJ2V0GV9,KING [2],8000029,242669,59,10
59,#28CJGGJC8,CGS III,8000036,238263,60,14
60,#2LQQ2YPQG,vic et noah,8000021,235718,61,27
61,#QVCCP2LL,Brawl e—sporT,8000029,232180,62,24
62,#2JQRQ8C2V,les malade,8000059,232035,63,30
63,#9LLYGL89,BrollStaz,8000037,231764,64,18
64,#2RJ0PQPV,Ossel gang,8000036,223819,65,16
65,#2GUJYG2GY,cementicigla,8000027,220837,66,17
66,#V0LUJPYC,We Eat Water 💧,8000059,219362,67,25
67,#2GR2JQJJR,YT LOBBY,8000033,217492,68,7
68,#9LJVUUCL,maurice nu pays,8000023,216680,69,21
69,#Q9GY0RU2,bann congolais,8000037,215033,70,29
70,#28CJ9QRGY,THUNDER CLAN/,8000007,214029,71,12
71,#2V900VUU,MU BRAWLERS,8000029,213935,72,28
72,#Y2J2VC0,king arash team,8000029,213628,73,30
73,#28J9Y2LYU,Best Footballer,8000017,213257,74,26
74,#2980VR20R,join me pls,8000047,212940,75,28
75,#U9UUGG9P,РКТПРО,8000047,211866,76,30
76,#29GVRPJ2L,we like frogs,8000055,210766,77,29
77,#9LLJ89R8,R.A BOSS,8000021,210592,78,27
78,#GLU08GV,שכבת אפעל,8000029,210499,79,24
79,#92Y882J,InSanity™,8000023,209162,80,26
80,#2JJJ8LU8P,LIBRE,8000055,207509,81,20
81,#PLCPUP0V,Penny's Club,8000004,205646,82,30
82,#2YY99VJG2,WD TEAM,8000023,205237,83,27
83,#VGUVLV09,cdlc brawl star,8000006,203607,84,29
84,#89CQ0U2J,PANDA,8000023,199954,85,30
85,#29P8PUR0Q,MAURITIUS,8000059,199623,86,29
86,#2GL22CQYL,KING LORD,8000019,196103,87,25
87,#2R20VCULC,🥷🏾,8000049,191438,88,11
88,#2P2UGUYYC,合作吃阿姨,8000005,189410,89,18
89,#2GQ9LQP98,Bleach,8000021,188801,90,30
90,#2QRYQ89VL,"TT|arni4kaa"")",8000057,188769,91,30
91,#VQJL9VJP,Die coolen 3,8000036,188489,92,28
92,#28G2UULP0,MRU_BRAWL GAMER,8000007,187827,93,30
93,#28L2CV88C,join rzm64 pls,8000055,186300,94,30
94,#V09GLYPJ,스노우 메카,8000003,185573,95,30
95,#2C2P09U,mauritius tribu,8000026,184622,96,12
96,#QQGY2PVC,BRAWL KINGS,8000029,184564,97,15
97,#2QL92YJ88,CLUB League,8000004,182892,98,13
98,#890YUG9U,Springan,8000016,182750,99,30
99,#299RQVQVJ,busfahrer,8000021,179106,100,27
100,#2RJ9VGLP0,gabou,8000046,177365,101,30
101,#RJ0RCC89,moris nu ti zil,8000023,176949,102,30
102,#2QJUC2LRL,Terminator 💥💥,8000029,175059,103,28
103,#2929UQR0J,zbiiiiiiiiiie,8000057,173534,104,13
104,#UU2QRLUV,Brawler Buds,8000007,169263,105,19
105,#2R92YJ92L,GD|House,8000014,167417,106,23
106,#2GUV22CGP,BRAWLTEAM📍,8000037,166558,107,29
107,#8Y9C8CUL,Lost Demons,8000047,164160,108,12
108,#YC98JJPG,satori,8000055,163246,109,22
109,#CUP00J2,Les 95 sucettes,8000018,162289,110,22
110,#J988C80Y,iSlayer,8000036,162217,111,10
111,#29UV8CLRV,stoopid,8000028,158743,112,28
112,#2PUGPJ0JP,marthur,8000019,157839,113,29
113,#2GLJ9UJYL,7RAZERS,8000044,157121,114,10
114,#R2YG88G9,SaSpro,8000029,155875,115,30
115,#Y20J9RUG,Crow's Club,8000015,155834,116,30
116,#2U2RUGYV,killer brawlers,8000059,153581,117,16
117,#29GLJQJ0P,D.O.L.L.A.,8000018,153370,118,7
118,#2GJU92JG8,yoyoclub,8000051,153318,119,29
119,#2R0R0QC9R,Team MR,8000032,150921,120,9
120,#222LQV0U,LES MERCENAIRES,8000029,148730,121,27
121,#29RV8CCGP,maurice club,8000059,148250,122,15
122,#GLP00QUR,mauritius club,8000013,147972,123,28
123,#2G0UULUYQ,Хана Укропам,8000032,146594,124,23
124,#2RCC8PV9Y,DuoBros,8000037,146452,125,5
125,#JUV22LPU,LASTKINGDOM,8000029,146098,126,30
126,#Y2JULYV0,BEST PLAYER,8000023,145894,127,13
127,#2LV99JCLQ,NTB,8000007,144543,128,29
128,#QQPPU0GR,pls join me,8000018,144188,129,30
129,#UVYRJYY,brawler,8000046,144150,130,11
130,#RQR0RC0V,pro clan,8000029,142368,131,29
131,#2RR980GQ2,👾STORM CLUB👾,8000019,141709,132,23
132,#2C2JLYULR,NBC| Reborn,8000055,141684,133,13
133,#2P9GQ8Q28,mater club,8000059,140977,134,29
134,#90J2QQQP,SGkkkkk06,8000022,140565,135,28
135,#2GVLYP0L9,gb,8000051,140265,136,29
136,#8R2QPUGR,Lost Ninjas,8000047,139943,137,12
137,#2LYY9QYLR,NM|Team,8000007,139567,138,30
138,#QUR0G2R,lekip gato pima,8000013,139565,139,21
139,#2CGVR2GVG,Bomboclats,8000029,139362,140,15
140,#2GVR9RP92,lost lagoon 2,8000035,137173,141,27
141,#GGV2VU0J,soi-disant noob,8000008,136500,142,12
142,#2089QJ909,Bann royos,8000055,135927,143,30
143,#28QYLVU20,Les boss,8000019,135619,144,30
144,#L992YR9Y,Ghosty,8000035,134948,145,13
145,#8ULQ9G8L,R7Fire,8000037,134903,146,30
146,#2QYR2G0JQ,SAD Boys ✌,8000047,134900,147,28
147,#29C28PR0G,Opent,8000004,134291,148,30
148,#28LP8JGC2,Team Black Crow,8000004,133983,149,30
149,#JVPL9J8R,KINGS,8000025,133980,150,30
150,#L20JRPUV,B.F.L,8000035,133218,151,26
151,#VLRRCL8R,ONLY ONE PIECE,8000057,133056,152,29
152,#RCQLCQ0L,GLUETIC CLUB,8000025,132753,153,30
153,#LPQGQU9U,AVENGERS,8000003,132698,154,29
154,#2QPJGPC02,pyhiksenjöllit,8000059,132566,155,30
155,#L8VR2Y88,NIGHT | KILLERS,8000008,132335,156,18
156,#C2VCRGU9,스노우볼,8000058,132101,157,27
157,#YV8UVUY2,sietze en dede,8000012,132050,158,28
158,#VG8V89Y8,Brawl Heroes,8000042,131449,159,27
159,#9RUYRY9C,fortninte,8000059,131421,160,30
160,#89PUL89Y,Brawl F@mily,8000029,131267,161,30
161,#2RPCGJLCQ,Aincrad,8000007,131162,162,10
162,#29R908G89,Elite|Kisel🤯,8000029,130501,163,6
163,#QL0298LP,la team exe,8000058,129039,164,30
164,#UPJPU0GQ,😪SANDY GANG😪,8000035,127832,165,22
165,#CR8L2YU9,BRAWL STAR,8000029,127796,166,28
166,#2Q0VC2CYQ,🎮БАБЛ КВАСЕРЫ,8000056,127680,167,10
167,#QGQ2QU9Q,Baron Gang🔥🌬⚡,8000029,127335,168,22
168,#29PV9JLP0,MRU Team,8000045,126755,169,30
169,#28289LRUR,Multibite.co,8000037,126636,170,10
170,#28RLRLVUP,Bros Club MRU,8000007,124875,171,8
171,#20YCRYR8Q,Best Footballer,8000054,124503,172,16
172,#2PLGYQCVU,EDN,8000007,124432,173,29
173,#2GPV2GJ99,Technoblade,8000029,122640,174,29
174,#L8V2V8Y8,МоржоНос,8000037,122504,175,15
175,#282UP2U9Y,Otis's Club,8000042,121369,176,30
176,#LQ09CRY2,THE PRO MU CLAN,8000003,121247,177,11
177,#Q8J0UURP,The Masters 1,8000029,119924,178,19
178,#JVPV0VJL,класс б3,8000022,119721,179,30
179,#298V28LJQ,BRAWLERS!🇲🇺,8000004,119328,180,30
180,#UQ9VRGC,moka rangers,8000019,119247,181,29
181,#808P2G9J,Dragon dall z,8000029,119094,182,29
182,#LVP9CLUP,scammm🤡,8000046,119087,183,29
183,#29Y8LLGVC,Lucky gamers,8000021,118609,184,15
184,#2R9L0RR8C,Clan Of Naruto,8000016,118568,185,7
185,#8LCR2GJR,LES PTIT BOT,8000049,118055,186,29
186,#28YG8GLY9,was meine mutte,8000028,117763,187,30
187,#289QJL0PG,Pro blawler,8000029,117260,188,20
188,#9CCPVVC2,armagedon,8000019,116986,189,7
189,#9VRUQL2G,ELIXIR,8000007,116801,190,18
190,#RQJ9Y2RL,5.канал112,8000029,116526,191,26
191,#22YLCPRJQ,nivesh,8000029,115592,192,29
192,#2Y8L2JQ8J,OP MONSTER'S,8000055,114508,193,24
193,#U9RPLGVC,Survey Corps,8000021,114367,194,24
194,#2JQ2CPUCU,LeBron james,8000021,114220,195,30
195,#2C9CU9U0R,어절티비,8000000,114085,196,12
196,#P8P92YLC,THE BEST,8000002,113621,197,9
197,#J8228CUV,The Plurrs,8000029,113333,198,11
198,#29GGGQQUR,⛩️DREAM SHOT⛩️,8000007,112802,199,4
199,#J282LVVV,hemooos,8000012,112693,200,30
