,tag,name,badgeId,trophies,rank,memberCount
0,#UVLLLLYQ,Legio X Victrix,8000049,1649418,1,30
1,#898292CL,Legion Inferior,8000049,1617017,2,30
2,#8JJPRP2L,Legion Dacia,8000029,1499081,3,29
3,#2J2YC8VYL,TOP LEGEND,8000021,1447570,4,29
4,#299GVL0V2,Legio X Gemina,8000029,1356933,5,29
5,#29URVL9YP,The Immortals,8000029,1343372,6,28
6,#2JQJU08P2,Tribe Moldova,8000037,1295990,7,25
7,#2L0UV2QCU,<c6>Red</c>Bull,8000025,1268026,8,30
8,#2GPYYU0VL,Legion Traiana,8000029,1263218,9,29
9,#2RJ80VR0V,<c3>Slayer</c>D,8000055,1260045,10,30
10,#2RCYYPU09,Summery Lagoon,8000052,1254366,11,30
11,#22UVURQJL,Tribe Dynasty,8000025,1219087,12,30
12,#29Q9UYGVR,The Immortals 2,8000029,1213281,13,29
13,#2CGL2RQQ9,topi,8000041,1201563,14,30
14,#2CP8PPL28,IMBA | SQUAD,8000029,1180441,15,30
15,#JPU0V8CC,Bogdan Brawl,8000018,1107478,16,29
16,#2829GUYPY,МАСТЕР В КВ,8000055,1097269,17,30
17,#2J0CJLGL8,⚡Paradise Club⚡,8000019,1086646,18,30
18,#2G2GRUVU8,Legiøn Legends,8000018,1084901,19,30
19,#299VPGGYU,GACCI MUCHI,8000025,1073191,20,30
20,#2LL282QG9,YT: Baby Marius,8000023,1065687,21,30
21,#2G8928UPY,Dan BroYT,8000036,1062525,22,26
22,#29YPVQY8C,TheElites❤️‍🔥,8000053,1061231,23,30
23,#29QJY8YR9,NeverLose,8000004,1044186,24,29
24,#2CQGYQVGC,Legio Fretensis,8000029,1043100,25,29
25,#2Y8PQJJPJ,Firing Power,8000059,1026754,26,27
26,#2QGPCQU8Q,✨Good|players🥀,8000049,1016666,27,29
27,#QRQ82Q0G,⚽AMAZON⚽,8000023,1007609,28,28
28,#2QRRRCR29,Moldova,8000057,1007231,29,30
29,#2RG0UUG02,lfedn,8000023,999924,30,30
30,#2JUP8GVUQ,<c5>Ice</c>Gem,8000056,986177,31,28
31,#2Y8U8G0CJ,(СН) ЭЛИТА,8000029,981680,32,24
32,#29CRY0PJC,🇲🇩Md|Espada☣️,8000037,962956,33,30
33,#2C2L22LCJ,OG|Moldovan🇲🇩,8000027,952393,34,30
34,#2GGRULV89,Pensionarii,8000023,931135,35,30
35,#2G82GYUQ9,Ełite Famiły 👑,8000029,927158,36,29
36,#2J8VQ9Q9L,CH|Team,8000037,925922,37,29
37,#9LPUVVJP,Moldavian bool$,8000036,921804,38,30
38,#2GPQ9CQGR,THE WARRIORS ⚡️,8000029,917468,39,30
39,#202GPPRVQ,Moldova £lite™️,8000004,917416,40,28
40,#2CGJU02PU,MD✓Hunters,8000035,916729,41,28
41,#J9QRVG2J,Daun Elite,8000023,906801,42,30
42,#2JGU0PCPY,MOLDOVAN|YOU,8000039,905441,43,30
43,#2G9RGGLJL,pvp zZz,8000025,893594,44,29
44,#2CGVVCUPG,<c9>FuryX</c>,8000006,890313,45,28
45,#2QU8QUPUY,💉CEMF💉,8000048,889619,46,30
46,#QQP8Y82J,Liders,8000055,875499,47,30
47,#2QV8VPY0J,Anteiku,8000025,870594,48,30
48,#2Q2GQ208Q,Дэйн Team,8000057,864982,49,30
49,#2C80J90P8,Clanul Minge,8000057,864203,50,30
50,#2YC08P9GQ,Rose Wonder,8000003,863697,51,30
51,#28QJ0JPL8,NewAge,8000005,848724,52,30
52,#290099VY9,<c4>Light|S</c>,8000003,848596,53,30
53,#2JQ0UPVUL,мемные типы,8000029,843409,54,30
54,#QYCQP2CV,Supremacy💫,8000049,839375,55,30
55,#2L9PC292U,BBT,8000004,830735,56,30
56,#9L9L8J02,Drag S,8000013,827926,57,30
57,#QJP292C8,Cyber Rescuers,8000023,820316,58,30
58,#2CRYUV9R9,cactus mucegait,8000013,815242,59,29
59,#2YVQPRRJL,🇲🇩MOLDOVA🇲🇩,8000021,813828,60,29
60,#2JLQL2JU2,<c8>Re</c>vō,8000041,790889,61,30
61,#29GYUC80L,CK|Cereal Kiler,8000047,789029,62,30
62,#2J2CR8P2Y,BRAWL|BOOS,8000011,787852,63,30
63,#2Q9GYGJ0U,Faimoși,8000023,785901,64,30
64,#2C98RCULL,Banda Bomjâlor,8000059,780579,65,27
65,#20U22Q02C,🖤ЧЁРНАЯ.СИЛА🖤,8000047,774919,66,30
66,#2G922U0VG,Tribe|Moldova,8000037,761150,67,27
67,#2GGG2CV2U,ŊRG|Brawl stars,8000059,760190,68,30
68,#8RQQJCUQ,короли бравчика,8000023,758493,69,30
69,#28LJRQU0U,Struț MD,8000057,755939,70,29
70,#2GPP0PPCP,Camp Club🇲🇩,8000037,754502,71,30
71,#2JUQGCVRL,ia sigma crutoi,8000025,754066,72,28
72,#2C9QVV2UU,MD|TUR🌘,8000055,753873,73,27
73,#2QU2L8Y0Q,Рись дикий,8000049,751182,74,29
74,#2CLJVQ2UY,Soul💔,8000037,747197,75,30
75,#2QJLUPVP0,BS|√kinGs🤟,8000013,741680,76,30
76,#28C08GUY0,Vlad,8000057,740092,77,30
77,#2J0UVYLR8,Despicable Me💣,8000059,738114,78,30
78,#2QVVLLVY9,SkyDecay👾,8000039,735661,79,30
79,#2QJJRYLJ2,Brigada|MD,8000023,735402,80,29
80,#29GRR8UR2,BGS|TEAM,8000032,732246,81,30
81,#22RPCYQ89,Power of MD🥇🥇,8000059,730525,82,30
82,#29RUYY9CY,"ОПГ ""7-А🙄🥊🦇""",8000050,729594,83,29
83,#2882LL9VP,Luv..,8000055,729141,84,30
84,#P8R9YY2Q,Moldova Friends,8000001,725871,85,30
85,#29GQLVJ28,⚡DPB|eSports ⚡,8000019,724786,86,29
86,#2P9GJYR8J,ПРИТОН,8000025,721593,87,30
87,#VQRJRGU8,LoL sorpresa❤❤❤,8000004,718744,88,30
88,#2CRLPYG22,Moldova Elite,8000019,712537,89,22
89,#2G2L2UUU2,Ghost Gang,8000057,710508,90,30
90,#2G0GUPYJV,FANTOM,8000045,705957,91,30
91,#2CLPPJ2L0,штурма команда,8000034,704583,92,28
92,#2G09UYR99,NaVi | MD,8000059,703655,93,30
93,#29Q0VGLUY,Road to 30 rank,8000034,703464,94,30
94,#29QL9GL0J,MD FAMILY✓🇲🇩,8000037,703247,95,30
95,#2C8UJULU9,UnicornCLUB🦄,8000029,702697,96,26
96,#2CJGCU89P,Ro|League🇷🇴,8000037,688736,97,30
97,#2CR0288PQ,MoldovaClub,8000029,688012,98,30
98,#2JLVV02JY,clami.club|cc,8000034,687250,99,30
99,#28CVVJ8QG,<c7>Pablo</c>,8000017,686186,100,30
100,#2JJ0RYPYR,PL COMPANY,8000029,685303,101,30
101,#28CYQYJPR,>>СУДНАЯ_НОЧИ<<,8000025,684325,102,30
102,#2CGQUYR99,<c9>Thrasher☝🏿,8000045,682895,103,28
103,#2CRCGJ9U9,MoldovaPlay,8000037,682232,104,30
104,#2CGQ08JYJ,C-113,8000025,680602,105,30
105,#2R2QJQC28,Haiduci,8000045,674448,106,30
106,#2G9LC8CGJ,🇲🇩TRAPHATA,8000046,674415,107,30
107,#2CQRR828R,⛩️OurFamily⛩️,8000021,674009,108,30
108,#28QQQGQC2,ШинобиХрустовой,8000008,671770,109,30
109,#28G2UQ92C,Агро школьники,8000059,665981,110,24
110,#2RL288GG2,Moldova’s Kings,8000023,664773,111,30
111,#LYR9P9CP,Senaleks,8000047,663815,112,30
112,#2JCY8LVGU,Fatum,8000055,663528,113,24
113,#2C8LQJG00,🏔️MonSter2.0😡,8000023,662722,114,30
114,#QRGP929L,Moldovapush 25k,8000046,659397,115,30
115,#2CRYVRL0Y,Базару нет,8000022,657773,116,30
116,#290PUGVCL,Propus,8000023,656434,117,30
117,#29YR80U2R,InsaneTEAM,8000002,654857,118,30
118,#2CRJ9VJL8,RZX™,8000049,650694,119,30
119,#29RYPU028,🌌 GalaxyElite⚡,8000025,649707,120,22
120,#22UCVQQ0,<c2>Blooded</c>,8000000,647032,121,26
121,#2R99Q0QL0,Pasker s’Gang,8000033,646065,122,24
122,#2QLR9URGJ,Moldova,8000016,646050,123,30
123,#2QYG0CQ0Q,NT² | Pelmeni,8000029,645618,124,29
124,#J2GJVQRP,депрессия в 5,8000029,644176,125,26
125,#2GPUYPPYQ,Star|Club★,8000035,643511,126,30
126,#2CJ0GLLC9,Бабушка Тимура,8000028,642894,127,30
127,#2GQ0UPGRC,scrieți înfomet,8000049,642486,128,30
128,#2JUCPLCQ9,The Triollogy,8000023,641507,129,30
129,#2CY9VUU0Y,Food for cat,8000003,640289,130,30
130,#Y0GQ929G,Путь К Лучшему,8000029,632009,131,28
131,#2JVY9UVCL,RED DIAMOND,8000006,630217,132,29
132,#2CRUGPU9U,TK MOLDOVA,8000037,629748,133,30
133,#28VRC08VP,The Sky Team,8000055,627830,134,30
134,#29QVQRRU2,Sigama din Md,8000037,626942,135,30
135,#LRRCQ0PJ,сигма,8000037,625240,136,30
136,#29RPGCYC2,MD club,8000053,625097,137,30
137,#2922RYYQ9,Esports Moldova,8000010,622532,138,30
138,#280QP80PG,TaurusWrath,8000029,621085,139,30
139,#V0RL29YU,Moldova,8000004,619728,140,29
140,#2CRUPJYRY,Zadrotii,8000056,617456,141,30
141,#2CGP8Y0YR,FKX|GOD,8000057,616761,142,28
142,#29UVCV2L8,R.Moldova🇦🇩⬆️,8000029,616464,143,30
143,#8G2QQL98,moon,8000039,614975,144,28
144,#QLUR928P,Moldova,8000055,612766,145,30
145,#2C0G00GQ0,MD|TEAM🇲🇩,8000023,612577,146,30
146,#2JYQG0LJ8,армия побло,8000023,611910,147,30
147,#QYVPURP2,дорослі тьоті,8000011,609711,148,30
148,#202QC2U82,VAGUE'S,8000012,609301,149,30
149,#2C82LR2RR,Grigorii Squad,8000035,601809,150,29
150,#2C8JRRU0R,"A|FEW×GOOD^MEN,",8000042,598021,151,29
151,#28UJV2J2G,Во Все Тяжкие☢,8000016,597362,152,30
152,#29JJRGCJC,Moldova,8000059,597106,153,30
153,#LLRY8R2G,"""СпартанцЫ""",8000036,589011,154,30
154,#P9882J2V,Legends,8000036,587606,155,30
155,#2C9RU2RRL,DDC|legendary,8000055,585097,156,26
156,#29Q8JUCQQ,Tuka,8000034,584904,157,30
157,#2QVUPRCU0,Eu ma joc brawl,8000057,582707,158,30
158,#JQRVJUY2,MOLDOVANII,8000027,582635,159,29
159,#2LY929JPG,Hello Kitty,8000023,579829,160,27
160,#2CQ9YJQYQ,🪐UNIVERSE🌎,8000010,578457,161,30
161,#2RP928YJR,Слава Роду,8000005,576211,162,30
162,#28Q8P9V9J,M.R Fish,8000004,574381,163,30
163,#2Q8L0RVG,karan,8000003,573968,164,30
164,#20VQ8V8CC,Ourfamily,8000037,573121,165,30
165,#20U8PUGPV,MD TOP,8000027,572365,166,30
166,#2JR90V20V,SERGEI_VALERICH,8000036,571634,167,29
167,#28LGJP8RU,Pensionerii,8000055,569285,168,30
168,#QQLC988R,PowerMoldova,8000025,567473,169,28
169,#2GCLQUJYC,SkyyY's SQUAD,8000013,566206,170,29
170,#2J2LUCUUQ,Pisca,8000037,565316,171,30
171,#290VYYG9Y,SKILLSOR,8000057,564405,172,23
172,#29RG90CUC,Black Mambas,8000057,560395,173,30
173,#VUYLLRJQ,МЫ ИДЕМ В ТОП,8000047,560168,174,30
174,#29GYJLRLV,яблочники,8000018,558268,175,30
175,#C8JV9LVV,Campionii,8000037,557853,176,30
176,#2G990Q880,Pațanii🇲🇩❤️,8000037,557547,177,30
177,#29YC2L0YR,🇲🇩Молдова🇲🇩,8000033,556202,178,30
178,#2JJVV2UQQ,<c3>BULLETs</c>,8000026,555030,179,29
179,#280U9QVQP,mmaks-Moldova,8000029,554522,180,26
180,#C9RJ08VY,РОCCИЯ,8000000,554367,181,27
181,#2G9GV0UYY,Pro/MD/🇲🇩,8000034,552937,182,30
182,#VUQYRUGV,🥵DEAD INSIDE🥵,8000004,552912,183,30
183,#2CYVVRUQC,Next Generation,8000055,550720,184,30
184,#9RQL208L,Romania,8000059,550680,185,30
185,#2C9L00PG8,BS|Moldova,8000029,549845,186,30
186,#2QYCR02L9,God Eyes,8000036,549008,187,29
187,#2QUCVUYCU,BS_BULL,8000029,544498,188,28
188,#2QRCJQLQJ,OPGCED,8000029,544216,189,30
189,#2GYQ0G8Q0,CLASS|TEAM|,8000003,543862,190,30
190,#2C0CJ0RLR,MERENI POWER,8000059,538694,191,30
191,#2082C2U80,MoldovaTheBest,8000057,538282,192,30
192,#ULRC2JJY,ГАГАУЗИЯ РУЛИТ,8000015,537445,193,28
193,#2R0GG922Q,Марафонщики,8000034,531323,194,17
194,#2GV9V0LVJ,(ȘMNE),8000047,531248,195,30
195,#2C9GGQLCG,BUIUCANI,8000049,529989,196,21
196,#QC2R0YJR,TOP.Players,8000027,528873,197,30
197,#29Q0022YV,Клуб:  #29Q0022YV,8000036,528518,198,30
198,#2C9Y8CRGG,EasyBeBra,8000021,528291,199,30
199,#2GPYC8Q9Y,Mandyuk,8000037,525160,200,24
