,tag,name,badgeId,trophies,rank,memberCount
0,#2RP02QC00,Chairmania,8000021,994578,1,27
1,#2C99LLC0Y,FeniKS Dynasty,8000037,950265,2,30
2,#CYGVY22Q,Mongol Falcons,8000007,929713,3,30
3,#2JQCRQV2G,sᴜɴɴʏ ɴɪɢʜᴛ,8000025,848361,4,30
4,#20QVR8JP,Genesis,8000029,789011,5,25
5,#U0CGPRL,frfrttfr,8000021,776241,6,30
6,#20RPVGUR8,Provocation KZ,8000023,741200,7,29
7,#2JJRRU998,Психо кидс 8,8000006,725806,8,30
8,#2RUGQLJ8Y,Fake Club,8000017,704714,9,30
9,#2C9PRR0PY,mongol empire,8000057,525427,10,28
10,#2YG2PRJYP,dark playz,8000029,512988,11,30
11,#2CGLQYVY9,7c,8000046,507981,12,30
12,#28V99C8J9,manai club😆,8000004,504324,13,29
13,#28RVYY2VC,The BOIZ,8000027,500197,14,28
14,#VRUG0U8R,ЛОГОВО ИГАРЬКА,8000013,499476,15,21
15,#Q2VC2QP2,Chocolate balls,8000037,499048,16,30
16,#22L0C288Y,страшные киллер,8000013,495132,17,30
17,#2CG88UQUP,Rokaku,8000037,474032,18,30
18,#2UP8GCV0,Dubs_W,8000007,460729,19,23
19,#2JCY9VRGU,니얼굴,8000023,436754,20,30
20,#QGY9LL89,Arkadaş kulübü,8000017,424829,21,30
21,#2G9Y0CLQJ,Paises Sovieti,8000036,415407,22,28
22,#2P229PUCR,Assassin's Crew,8000004,407478,23,30
23,#2QUQ9VY29,Les amis,8000029,401997,24,28
24,#2QRVCY9LL,White Bird,8000055,385262,25,16
25,#QG0QY9Y9,FRIENDS,8000021,351526,26,29
26,#P002QQCC,apple,8000057,338165,27,30
27,#2GPL2QL80,миша-петя-пига,8000004,335615,28,19
28,#29QGP0C8G,the 1st,8000037,333046,29,30
29,#2C9VY99C8,FC Mokre Bąki,8000042,328650,30,28
30,#2PC0Q8GPU,Esport mongolia,8000023,323056,31,30
31,#280J2PQ09,Лицейское ОПГ,8000004,317187,32,24
32,#28QUJQYL2,PINKUBOB,8000038,314989,33,29
33,#20QJQRRV0,sushilover,8000059,313560,34,26
34,#2GG9RRGP0,FlezBoy gang,8000057,313140,35,25
35,#2YP8JV9GU,Ahan_duus,8000021,297760,36,30
36,#2JPV20ULU,Шляпончик <3,8000016,296315,37,30
37,#2YCCL0PVQ,Аварга Монгол,8000055,288025,38,29
38,#2L0YJC2L,SPAP,8000011,288007,39,16
39,#YLL0JGG,Mongolia,8000019,286849,40,26
40,#28J8UCLRY,브롤러 킹,8000021,285080,41,30
41,#2C02VVVRU,King®️xmat,8000023,283847,42,20
42,#9GLP8889,кото прыг,8000025,282067,43,19
43,#2YY8YRUJJ,нисэ,8000059,280239,44,30
44,#90VG99PU,Club league mgl,8000040,275103,45,27
45,#2C2LPC22L,Klub MATEX,8000000,272069,46,23
46,#2JUCYGU8U,лиги бс,8000008,270409,47,28
47,#L0YYQ8VV,Отряд Мандарина,8000047,268567,48,25
48,#GGGPU099,сыны,8000023,254797,49,29
49,#29G22YR8V,PizdaNeMataia,8000038,253652,50,30
50,#99Q89YC8,🖤ShadowSquad🖤,8000008,249305,51,30
51,#29G99VRRU,Альвов,8000050,245092,52,30
52,#22Q2RUURC,STクラン,8000013,236365,53,30
53,#UYL2802,Tikshals,8000029,231005,54,28
54,#22GQQUGY0,MONGOL,8000010,229843,55,30
55,#QCYGQ280,Mongol Brawl,8000016,229628,56,30
56,#2R80C8R08,дед інсайди,8000023,226767,57,30
57,#29LP2VLJR,монгол дайчид,8000019,226267,58,30
58,#VL2P8VJL,YESSIRR MGL,8000029,225539,59,27
59,#290QJC8Q0,[PRO] PLAYS,8000029,220182,60,29
60,#2G0J20PG,mongol humuus,8000057,217590,61,30
61,#RPQQ8PGC,foot,8000021,216152,62,18
62,#2GGVRJ8LU,qpdb,8000025,215653,63,3
63,#2JQR0C998,🍬CandyLand🇲🇽,8000041,215499,64,30
64,#Q0V2RJ0G,Gal2MgL,8000059,214617,65,17
65,#280VGQ2Q8,spike and colt,8000017,214170,66,30
66,#2LC2JYLJJ,budaa,8000017,213964,67,29
67,#92CCY0LQ,HUNTER.MGL,8000055,213866,68,29
68,#80PYGQ9Q,Family,8000052,209141,69,30
69,#28V2JLV09,guardejaa,8000017,208134,70,19
70,#9P2U029J,chingis khaan,8000037,207854,71,25
71,#2RVU8999Y,Cosmo league §,8000031,207299,72,15
72,#V0RY9G2U,Aze Mortis🇦🇿,8000027,206240,73,23
73,#298CQ0Y8C,друзья вдеревне,8000034,205613,74,18
74,#29LULYQPJ,bing chilling,8000049,205528,75,9
75,#G20L29LC,ворон крипер,8000017,204611,76,29
76,#28PU208G,Muugi Temuun,8000035,204475,77,30
77,#90UVU0CG,MONGOL GAMES,8000021,202676,78,30
78,#8GGRJQ02,$SKAIMERI$,8000013,201609,79,26
79,#CVQVRQJ9,монгол🔴🔵🔴,8000029,200424,80,30
80,#2QU8J8L88,MONGOLIA BRAWL,8000004,200093,81,30
81,#2QJG08VCU,MonGol IS KING,8000049,199438,82,29
82,#GJJUG2JL,KaKa squad,8000055,199071,83,19
83,#22UGRUJUL,tuprimalaCALVA,8000008,198621,84,28
84,#28RR8ULJJ,假的假的,8000057,198321,85,30
85,#2YU2JC08R,орсонд баярлала,8000055,195138,86,29
86,#2LGGL82GQ,Mongolia no0,8000024,193441,87,30
87,#202GPLU0,Band Not a Club,8000011,192569,88,29
88,#2P0GVVLYY,mongol,8000059,191781,89,30
89,#22Y8JLVUJ,СЛАВА РОССИИ,8000035,191153,90,30
90,#YLLV8828,OA Leon,8000035,191015,91,14
91,#28QC0YR9C,MGL EMPIRE,8000037,189606,92,30
92,#PJJ2G29G,THE_DARK_VENOM,8000029,189042,93,29
93,#2LCUL0JV9,One CUP!!,8000029,188416,94,28
94,#2GU90PGQQ,5up,8000018,187143,95,30
95,#2JCRQP02Y,RIP,8000023,185492,96,16
96,#99GUCLJU,MONGOLIA gemers,8000049,184829,97,28
97,#28JJYJPPJ,Mongol Club,8000037,184624,98,14
98,#Y99YVQ9,Mongol,8000003,184061,99,29
99,#Q8CQVUR8,Kingdom,8000029,182219,100,18
100,#28RVQRVJR,The Champion BS,8000006,180233,101,30
101,#PLGGU2UL,Bosoo mongol2,8000029,180159,102,30
102,#PQ00C98Q,!!!DoKe!!!,8000023,180073,103,14
103,#2QPUVLQRU,🇲🇳zeus🇲🇳,8000047,178301,104,30
104,#YL8P2VR,Lorateka,8000029,178063,105,11
105,#2LRRQGCYG,uuye,8000002,177742,106,18
106,#28YVR28CP,🌌GECE MAVİSİ🌌,8000022,177193,107,19
107,#Q8JPYGQ9,saflek_grupp,8000036,176561,108,30
108,#RU288JGG,МГОЛ,8000029,175795,109,11
109,#2Q09GVLGU,Supercell clan,8000003,175126,110,30
110,#LQ2P29P2,хаан тэмка,8000003,174284,111,30
111,#2220UUY2Y,ETG Bey,8000019,172895,112,25
112,#2YGJULQLV,mongol humuus,8000041,172355,113,29
113,#98PRR0JY,brothers,8000059,172121,114,30
114,#2PVGCUPQG,mongol brawl,8000023,172114,115,30
115,#PVYC8JUG,El Primo's Club,8000058,171548,116,14
116,#2P9J2P82Y,Türkiye🇹🇷🇹🇷,8000058,171412,117,27
117,#9RC0U02U,esui,8000036,171386,118,30
118,#2Q20QGCUJ,MGL,8000038,170383,119,30
119,#22VL2PCUP,Kamikaze,8000026,169896,120,24
120,#9QJ9RVR9,mongol,8000023,169640,121,30
121,#922PP0YU,ҮНДЭСТЭН,8000027,169605,122,30
122,#2QGR2LRQQ,MONGOLIA CLAN,8000037,169413,123,30
123,#2YRJ88QC0,Монгол,8000000,169289,124,30
124,#GJ0JJ0VV,монгол,8000003,166779,125,30
125,#Q8VU0JL2,WE ARE LEGENDS,8000038,165985,126,29
126,#JJ0Q9R0G,mongol,8000004,165927,127,30
127,#PR8LLPYP,AHMETZYANOV_TOP,8000023,165659,128,26
128,#GLYCVJGL,Predator,8000025,165556,129,29
129,#29YVPCL9L,Mongolia Star,8000002,164584,130,30
130,#LCP0CR0U,Alikmak city,8000058,161774,131,30
131,#9YYVJ8G8,монгол,8000007,160459,132,30
132,#20P00RRCJ,mejores browl,8000013,159939,133,23
133,#2RGY8UJVJ,конский член,8000024,159826,134,12
134,#28QJCPR2R,MongolWarrior,8000057,159127,135,26
135,#8LJ2L2U8,давид и макар,8000004,158326,136,30
136,#UGYPYY09,BYR,8000055,157856,137,20
137,#2UUC9U28,МОНГОЛ 12,8000015,157782,138,28
138,#UP99YJ08,Mongolia,8000008,157258,139,29
139,#LGJ0QJJV,Домгууд,8000021,156090,140,29
140,#LJRG89GU,brawl stars ⭐️,8000049,155200,141,29
141,#2899RQ2L9,bots,8000009,154914,142,29
142,#LV2UUGGV,erdenet bag,8000011,154808,143,29
143,#2QYG2CU8Y,Mongol Gamers,8000029,154793,144,18
144,#8VRP9YV2,lul club,8000023,154443,145,22
145,#28GG0V88J,שקט,8000008,154033,146,29
146,#2YGQLC8C9,GOT 30 RANK,8000037,153465,147,30
147,#Q0LLC8GY,golden mongolia,8000022,152160,148,29
148,#GVC0QLJP,преоброжениц,8000027,151122,149,11
149,#2G08Q82CQ,🇲🇳winners🇲🇳,8000016,150386,150,29
150,#R9U2YUGV,For MGL,8000004,150057,151,30
151,#920CQPJG,eto gg,8000038,149966,152,30
152,#2P8U0PRPC,mongol,8000028,149526,153,30
153,#CP9L0Q9C,_Evos_,8000049,147797,154,11
154,#22CLQU22,ENZARPAOS,8000014,147696,155,15
155,#LGR2298U,The_GhosT_Team,8000057,147676,156,30
156,#20RUQP8GC,Mongolz,8000037,147569,157,16
157,#R2LCCGYR,FumRucker PD,8000002,147559,158,19
158,#2PP08QCG9,СТЕНДОФФ 2,8000004,147078,159,30
159,#2QLJCCGRJ,ATL,8000023,147034,160,8
160,#2JUC2CUR,RECOFRIENDS,8000017,146446,161,28
161,#29QYCUYV,mongol bol boss,8000023,146203,162,30
162,#GQQLURYR,AZRAGA,8000004,145766,163,30
163,#2Y9R9Y8C0,mandal god,8000005,145727,164,26
164,#222V9VJUJ,다나와,8000029,145660,165,28
165,#YYYQYLYQ,BorlovaJR,8000007,145485,166,29
166,#VCRVPPR,mongolia,8000026,144544,167,30
167,#20LUGQVJU,сайнуу 2022,8000057,144393,168,30
168,#L9G9UPGC,Savage BrawLers,8000049,144323,169,30
169,#2LVPRQCV,монголчууд,8000000,143549,170,30
170,#208JL02UY,Go Ulaanaa's,8000056,142720,171,30
171,#VJCCJPGQ,4 De EP Club,8000023,142130,172,27
172,#Y2J2QPQP,Жигүүртнүүд,8000036,141879,173,11
173,#VYRVVRLU,mongol,8000006,140357,174,30
174,#QRP8YLRV,Tribe fans,8000019,140213,175,30
175,#2PCGJRJRV,Good players,8000055,139606,176,26
176,#8RP02PR9,mongol,8000011,139445,177,30
177,#2C8L20PU0,Японская Имп.,8000047,138769,178,8
178,#209QRRG20,МОНГОЛ320,8000007,138325,179,29
179,#2LYLUVYJC,mongol,8000000,137545,180,30
180,#PYCRJ998,Squeak's Club,8000016,136538,181,30
181,#2GRJRQQ2Q,Бамбар,8000049,136443,182,30
182,#2QJRJYCRJ,NaVi,8000008,136304,183,30
183,#2PJP2JUC0,pro club,8000039,136273,184,30
184,#28GVUUYGR,Mongol Gamers,8000023,136273,185,29
185,#2Q22RQL9U,АВАРГУУД,8000004,135391,186,23
186,#L9QGPUJ,아마르태왕,8000018,134937,187,26
187,#8QJYCGPR,Girls gamer😘,8000039,134720,188,29
188,#2JRPULVPU,Ur Mom,8000035,134305,189,30
189,#UULR0RLP,bondooloi,8000024,133071,190,29
190,#2LU9PPJCP,mongol,8000016,133061,191,30
191,#2JCY882C,Mongolchuud,8000019,132854,192,30
192,#2Y0JL2PCC,МОНГОЛ,8000018,132499,193,27
193,#2QYGPQ2PY,2 kizuki,8000023,132418,194,30
194,#LURPCY9C,ARE WE MONGOLIA,8000023,132087,195,30
195,#YJCVVP9L,Obese bois,8000011,132041,196,15
196,#29VJ8JYQ0,mgl mongolia,8000019,132016,197,30
197,#2JQJVGJY9,mongolian club,8000036,131791,198,30
198,#22P0UYQP,mongolia gamer,8000021,131533,199,30
199,#J00G8RPC,mongol,8000024,131243,200,30
