,tag,name,badgeId,trophies,rank,memberCount
0,#2GQU0QL8Q,Reforged🔥,8000055,1132655,1,30
1,#Q8GP2JGV,bibi’s club,8000037,978354,2,30
2,#2R902UP02,PRIME|MZ,8000027,934374,3,30
3,#2GJPQ2QGU,VERDUCHOS VERDE,8000042,773693,4,30
4,#28GQ9LGYJ,Z00Bs0ffical🔱,8000035,647573,5,27
5,#C999LGRU,borsanauEsports,8000023,625896,6,30
6,#2JQYUPPP0,🔵СИНИЙ ТАЗИК🔵,8000031,589763,7,29
7,#2CRUR8PUV,poniss😍,8000056,582533,8,27
8,#UJG8QU90,provocation X,8000017,553725,9,23
9,#28R80LVVL,BIG BRAWLERS,8000007,552090,10,30
10,#9GUG00J2,SÜPERARKADAŞLAR,8000023,464842,11,11
11,#L8P8J,OXD,8000010,464520,12,25
12,#22L90P9P0,SQUALO OFFICIAL,8000059,408877,13,21
13,#QG9JGGGC,Перемога за нам,8000020,381139,14,30
14,#2GP9RLC8L,DarkExorcit's,8000059,376980,15,28
15,#LYY088RQ,GOODGAME,8000029,368364,16,15
16,#20P0PGR9P,🥀ДрейнГанг🥀,8000041,350315,17,13
17,#RJ9Q8GQU,MansurKanatYt,8000013,323403,18,23
18,#28Y82U90U,i GX Aleppino🌈,8000045,317310,19,30
19,#2Q8LU08RY,compañeros clas,8000041,311345,20,30
20,#2R282PRUL,Kuuhaku,8000037,309035,21,16
21,#URYYVYP,Tojo Margo,8000011,297450,22,29
22,#8P89Y0GR,Atakers,8000011,282614,23,30
23,#28UG9LVC2,Patifes,8000057,273918,24,30
24,#9RUJ9JQQ,AHMET GAMES,8000048,268536,25,29
25,#2C99GQGGV,Brawlmafia,8000042,268073,26,20
26,#RGQJL2UC,AFL,8000006,267591,27,26
27,#2CJ0PGY9C,astia suntem,8000059,259951,28,14
28,#2QGGVQ88Q,kapitán amerika,8000059,254038,29,29
29,#VLCRJJ08,0294 gangstaaas,8000023,250058,30,19
30,#YR8QRGGV,taxxwuClan_100,8000001,246522,31,30
31,#28VQJJJPL,Grida,8000047,240301,32,22
32,#YG98Y09L,brothers,8000002,238253,33,30
33,#2Y002GGV,BOSS TAYFAA,8000029,235622,34,28
34,#UQU8VYR0,<c9>ФАНАТЫ</c>,8000022,230302,35,17
35,#20U0R9GPL,Ketchup schön,8000033,230126,36,29
36,#2QC8QGLP8,✌️🇲🇿✌️,8000057,224430,37,30
37,#2YP80LGLQ,в. ч,8000000,222656,38,30
38,#YGY9922,saucisson,8000003,221282,39,30
39,#29PCGGVVG,AP Calculus,8000047,218795,40,30
40,#29Q8LUQV9,Dymbiec T19,8000056,218534,41,21
41,#29228JRPR,Gameoverjr,8000039,216984,42,29
42,#QVC8YJL8,Boz👑kurt,8000029,213729,43,17
43,#2C8YRQV2G,Top MZ,8000049,212542,44,16
44,#20JUJGGJ9,Kebab Do Dna,8000046,209693,45,30
45,#8JCLR2Y8,GNP,8000026,205280,46,23
46,#2R0JUG2R9,SQUALO OFFICIAL,8000059,204823,47,10
47,#29GR900V,fortnite moz,8000011,204209,48,30
48,#298UVCJ9Y,AMS ofc yt,8000035,204071,49,29
49,#LCUPQQ,Deine Mudder HD,8000019,193712,50,28
50,#2R89LRC8L,Dk gang,8000056,192186,51,26
51,#90CC0U8,おもらし戦隊シッキンジャー,8000009,191814,52,30
52,#9QCLGR,Alto clan,8000004,190267,53,30
53,#PV0CJY89,а7 бумага,8000022,190148,54,26
54,#2QJGP9CP0,Клуб геев,8000047,188768,55,29
55,#U0C902R8,Блокмен го,8000029,186629,56,29
56,#2G0P9QRQV,kupa kasanlara,8000052,183802,57,30
57,#20CY09GCU,hasuki,8000023,182057,58,28
58,#2RJQG9P9Q,БансервныеКонки,8000029,180947,59,13
59,#2C822RC,Lil Roach,8000021,177928,60,27
60,#2PUUYPVLR,gāñg,8000018,174823,61,24
61,#LYP8PPYY,Os lendarios,8000019,174146,62,30
62,#28LJLCUYL,VIP FOOT,8000029,173479,63,30
63,#2C028Y8Q2,doğal gaz,8000059,173476,64,11
64,#2CPQ2J08R,🍓💗AMBUSH💗🍓,8000037,173458,65,28
65,#2Q92828RC,Xouille Famylie,8000058,172311,66,20
66,#UQUQ9YQG,DARKGANKSTERR😈,8000008,172135,67,29
67,#29CVUCL9V,Galaxy-E-Sport,8000049,171706,68,7
68,#299P9C8UV,raid,8000016,168546,69,30
69,#2LQPC0RP0,EFM_MAPUTO,8000048,167865,70,30
70,#20990R8UU,Team Fury,8000058,165238,71,16
71,#2QYQCG9QQ,GEEE BRAWL,8000025,165232,72,24
72,#UJRRJ8QG,FürFortnaite,8000007,162211,73,28
73,#LLCUJ2Y8,привет я Карина,8000035,160412,74,16
74,#G8UP022P,♥️ЗaE4ka♥️team,8000059,159445,75,18
75,#2JCULR8QP,Los Golden,8000029,158256,76,15
76,#2LYRPPJ8Y,Dubbel Flex,8000018,156607,77,26
77,#2G290UGLU,종이비행기,8000022,156345,78,30
78,#8C9Q2C8P,My Army,8000029,154914,79,10
79,#2QJYG0YL2,Moz brawl,8000011,152996,80,22
80,#LGUG9V0,Les Pates à Chu,8000013,150945,81,25
81,#9YJGCQVJ,TuGfa,8000029,149687,82,29
82,#U08QVUL2,ТИПХАУС,8000019,149652,83,30
83,#CRCYLCCC,mega lou,8000029,149459,84,30
84,#RP9GV8RY,Rc no,8000018,148637,85,28
85,#J9R8UPCR,д+д=д,8000029,147400,86,28
86,#URU8QJG2,Instituto Nilia,8000006,147276,87,14
87,#U9V8GQV2,Путь Олегов,8000023,144995,88,12
88,#2PPCVQULC,🤑играем в брав,8000057,141928,89,22
89,#2YCVLL00,812 Солька,8000029,141356,90,8
90,#J8YJ0802,TEAM LKL,8000025,140049,91,23
91,#QYR09RQJ,Just For Fun258,8000021,139719,92,25
92,#PVCJQ0RY,конфета 1010,8000013,139046,93,30
93,#QRCPLCVQ,les fr,8000057,136412,94,11
94,#2Q2QRR8V,Собака,8000029,134426,95,27
95,#2LCRQQJPJ,картун,8000023,130628,96,16
96,#CUV2P0P0,SKY HIGH,8000007,128596,97,9
97,#29CJUCRGL,Dos Bros Tacos,8000006,127802,98,30
98,#LQ89VV0J,Team Solid BR,8000029,127276,99,25
99,#2CGJ8PL9L,инцелы & омеги,8000019,126562,100,6
100,#QPUULJQ0,brawl_team,8000012,124444,101,8
101,#2LVLR8808,🌯LAHMACUN🌯,8000043,123828,102,8
102,#L2CY8PQQ,diyarbakırspor,8000042,123372,103,14
103,#RGGPGC8V,Омлет аркада,8000029,122963,104,30
104,#8CY0LRVG,legandary club,8000029,122049,105,27
105,#9P92GYYR,Brawl team,8000027,121516,106,24
106,#URJ8LRVQ,Nani & Kankiler,8000058,120838,107,9
107,#2LYUVRY9P,S.N.M. 👺,8000004,118853,108,13
108,#2JG8Y0CRR,Назар 15,8000007,116317,109,10
109,#2RRYQVQVG,BLACK ШЛЕПА,8000043,116026,110,11
110,#2V0QLPGR,DSM_CLÃ,8000019,115965,111,30
111,#GLL9LLP2,CMZ,8000015,115650,112,30
112,#GLVC28PJ,the best,8000037,115025,113,10
113,#209QYJPCY,111ы,8000047,114585,114,22
114,#2QYCQYUGL,Só os Melhores,8000023,114275,115,16
115,#YY099JLL,FENERBAHÇE 1907,8000021,113293,116,15
116,#RG0CGV8,Club de Petanca,8000013,112304,117,29
117,#2C0LG9VUP,ХАСКЕ АСЛАМ ИЛЮ,8000053,111109,118,25
118,#VUJ0RLUV,FULMINE OSCURO,8000003,110657,119,27
119,#2PG0R0GLY,ПоСуДа,8000029,107827,120,23
120,#2LCYCUC99,BG pandilla,8000027,107735,121,7
121,#2LJ0V0899,Azkeyzeed,8000015,107476,122,25
122,#2Y9UCJRRJ,МЫ ВЫЙГРАЕМ КВ,8000057,107373,123,27
123,#29YJCLPGR,DeSeam Enigma,8000005,104695,124,7
124,#2G02JP882,GOLD PASS,8000025,104441,125,30
125,#JYULQJY2,Hunters,8000006,103828,126,14
126,#2992RPQ90,Os Bosses😎,8000055,103168,127,29
127,#PLVVL2YY,الفرسان بلاك,8000029,102743,128,29
128,#28CLVQU08,яоооо,8000012,102091,129,28
129,#200QYL2JL,шаман,8000054,100796,130,29
130,#CGCGULP8,YUNG(mob),8000035,99680,131,14
131,#J8UU2UQY,дружБАН,8000029,99498,132,17
132,#22P8GU88R,Звіролендofical,8000023,98381,133,30
133,#UGJCQGGQ,❤️🐥Şirinim🐥❤️,8000003,98328,134,29
134,#2R0C9Q28,Sol De Moz,8000019,97315,135,28
135,#Q00R02PP,kadı,8000003,96637,136,30
136,#C80Y09QG,The Thicc Boi’s,8000004,95380,137,8
137,#28UR9Y0QG,Lucao,8000017,95067,138,23
138,#YJ28RGR9,🔥💘ATEŞ💘🔥,8000025,94455,139,28
139,#29G999QPC,CN,8000007,94273,140,6
140,#2JGYYY0VQ,ennur kıral,8000058,93901,141,10
141,#2L9PCC8CU,@@@,8000025,93617,142,26
142,#C99YJ9Q,Espanyeta,8000016,93324,143,20
143,#222VCV9CR,💛team yellow💛,8000019,92185,144,29
144,#2G9PQRUUL,<c0>cxrd</c>,8000025,89909,145,30
145,#RYVVQCCJ,herberg,8000009,89169,146,28
146,#2LQ9R8PCP,™BBS_Russia,8000021,88277,147,14
147,#28LGPRGV2,❄️Buz❄️,8000006,87565,148,23
148,#LLPPV988,super criminal,8000027,87191,149,29
149,#20U8PY999,розеткасупер228,8000029,86406,150,23
150,#29PLQL80U,KZ_QAZ,8000006,86371,151,30
151,#28YPQQUU0,5б цигане,8000037,85397,152,7
152,#28V9L0CQL,ТИМА ТОПОВ,8000017,84596,153,4
153,#29P2UQJP9,spicy vegies,8000023,84573,154,11
154,#29QL92GRC,CURITHIAS DL☄️,8000007,83889,155,15
155,#2YPJ8G280,Mozambik Team,8000003,83168,156,28
156,#2GU0V00P0,CLASH BOOM,8000033,82917,157,4
157,#29YR2UUJJ,прощай бс💔...,8000000,82572,158,3
158,#280RVJJRU,калина,8000046,82077,159,6
159,#92UG0U8Y,играй,8000019,81711,160,27
160,#QLGG82Q9,RSGZ|ちーずにだ 本部,8000057,81622,161,11
161,#20CY00JYY,ZD|Esports,8000040,81287,162,10
162,#L0YYCGYC,ANG,8000000,81121,163,10
163,#2CJ0890VR,EEEEL PRIMOO,8000002,80520,164,10
164,#2YL82R9QC,СПИДРАН 100К,8000018,80183,165,14
165,#U9URVJ9R,ночное сияние,8000025,79905,166,29
166,#JYPVJ0YG,The Leon boys,8000019,79772,167,10
167,#22GL89JYU,биби1000,8000005,79060,168,30
168,#28QP9R8CL,милфикс дора,8000035,78981,169,7
169,#2JUQR2L08,Rapper Pam,8000039,78081,170,7
170,#2JPVQ2998,Xyisosi,8000024,77948,171,5
171,#CP99QGCY,Fortnite Gang,8000002,77721,172,9
172,#CQY8C2JJ,iop kier 38,8000022,77574,173,28
173,#Y8GUYCYG,(RAPTORS) RT,8000026,77143,174,29
174,#QQ9QVPLP,karfede,8000059,76976,175,19
175,#2G08LLPR8,TRASH💙,8000015,76604,176,28
176,#RCUCJC0Y,TEAM TARO,8000029,76130,177,13
177,#298R9PJR0,chaotic mochi,8000040,75975,178,29
178,#2QVUGVR2P,𝖗𝖆𝖐𝖚𝖟𝖆𝖓,8000055,75675,179,5
179,#2QPYQCGUC,bertug ceylin,8000041,75192,180,11
180,#2G9VGL2L2,ŞAHİNALİ MAH.👑,8000035,75129,181,10
181,#2YL80UUGV,RONALDOvs MESSİ,8000046,74851,182,10
182,#VCCPGU0L,MFM BS,8000055,74670,183,28
183,#R92YRJGL,Brilhantes,8000018,74529,184,5
184,#2CJVQQP89,Violet 💜💜💜💜,8000041,73318,185,9
185,#R08QQYY,bertha lovers,8000003,73303,186,7
186,#CJU08V8Q,MADI,8000029,73166,187,20
187,#2GGGCUURL,bebra,8000039,72503,188,7
188,#288JL98VC,DOSTLAR❤,8000042,72275,189,27
189,#2YPUYQVVU,апаем 30ка,8000057,71170,190,9
190,#U92LVJ2G,ミ Z E U S,8000023,70640,191,15
191,#28PYQUVUY,POWER,8000007,70469,192,29
192,#2JGPL0G0Y,AZ.TR,8000034,70240,193,12
193,#LRL8UJ9P,احبكم,8000025,69680,194,28
194,#2JV8RV089,😈gg#gg😈,8000023,69314,195,3
195,#2P2LU9VUP,🇲🇿,8000034,69157,196,3
196,#YJQCCQ0G,Dior ❤,8000057,68685,197,4
197,#VUPVRPVR,ОТРЯД КАРТОШКА,8000056,68678,198,3
198,#92JGUGY0,Корабель,8000006,68566,199,30
199,#PG88J9VL,Mega Frogges,8000059,68476,200,28
