,tag,name,badgeId,trophies,rank,memberCount
0,#VLJRPLYL,DownfallLegends,8000025,1056162,1,30
1,#2RYU2UP0R,Burma Brawlers,8000006,974653,2,30
2,#29GUQL2J0,Cement Squeak,8000057,738734,3,28
3,#2CLV2GGV9,Питекантропы,8000003,718697,4,30
4,#2LPYCVL0P,Nemesis Legends,8000003,678331,5,30
5,#2CG9V8QYL,SoosenGang,8000013,673891,6,30
6,#2LUYQP89,WarZone,8000019,594279,7,29
7,#2JU9UUQCJ,✨BELICOS👻,8000018,561380,8,30
8,#2J8LCQQ9Q,ваникострайк,8000022,540257,9,30
9,#882QGRJ2,DoresDelAno,8000024,534740,10,30
10,#QJ2U2J2U,BB Burma,8000006,530161,11,30
11,#2JLU90UCC,tr`fred_1,8000041,517009,12,19
12,#2PRY22PRC,Коледа bg,8000013,488119,13,1
13,#2YCCGRP8Y,Miraculum🐞,8000029,446531,14,13
14,#Q8LYUCQ9,ЙОЙ,8000039,440797,15,30
15,#2GQRJJQP8,qiuet's,8000031,402135,16,28
16,#29RG0PPLC,Kirikou Gang,8000037,374440,17,30
17,#2VQQPR08,Best Killer,8000009,369859,18,22
18,#CRG08QGR,RENEGADO,8000007,368265,19,30
19,#2CYP090C9,CR7 Mesi30,8000049,362932,20,24
20,#L9L8C2Y2,나이킥,8000037,358071,21,23
21,#28UQVCYQ,Myanmar T+H,8000028,358006,22,29
22,#200LPGPVR,ДОЛГОСТРОЙ,8000035,347194,23,16
23,#2GPCVUY8U,哥倫布的邪惡牙齦,8000027,346854,24,30
24,#2Q98L0GRR,The Friends,8000017,343857,25,20
25,#2QYVJCGPG,тапком в рожу😊,8000013,339530,26,28
26,#JGQ0028,Burma Numba Wan,8000027,335011,27,17
27,#QJP9QYGG,Beste Freunde 2,8000000,330642,28,19
28,#QYPJPQ2,Gary Glitter,8000025,309801,29,30
29,#2QQ2LCQY9,kizik,8000037,298086,30,14
30,#292LUYCYC,Navi/grundschoo,8000048,285877,31,30
31,#QG8G9G02,Роскошь,8000055,283880,32,16
32,#2JU8YGLCQ,Pros,8000004,254186,33,21
33,#RGGGQ92,Spirits of Sea,8000059,253949,34,22
34,#2QLR9V9L2,WiN OR wIn,8000054,252495,35,29
35,#CLYPQRR2,FBI,8000036,251372,36,20
36,#8G2Y8LY,Supercalifrag,8000055,241308,37,23
37,#PU9VL0L0,brawl star Perú,8000029,241107,38,30
38,#VV08PPPL,건희짱,8000057,234346,39,23
39,#290PQ09LQ,MELIODAS,8000010,231086,40,26
40,#2029LJGR0,Schweine Gang,8000029,228917,41,25
41,#229YGG2Q0,TEAM barbara❤,8000019,228171,42,29
42,#2PU8JQJ,KNIGHTSOFNOVA,8000001,224651,43,17
43,#2P8YYUG28,Winners,8000029,218964,44,28
44,#UCVQ800,Nova Myanmar,8000010,218446,45,25
45,#20RVL0JQL,картон мартон,8000055,216849,46,15
46,#20JPUC2C8,Miracles,8000002,216348,47,25
47,#VUCRV8R2,ЭЛИТА,8000023,215759,48,14
48,#2P22J9LJ0,ROYAL G.H.O.S.T,8000035,212733,49,30
49,#2YCJ0L890,Myanmar,8000029,207917,50,30
50,#2882YUGJQ,HEROIC FIGHTER,8000033,207446,51,11
51,#UQLQG9JU,makdya sukdya,8000024,200657,52,28
52,#V2R2QGP9,Crab's domain,8000017,200496,53,28
53,#2GY2GV8J8,Navi|Team,8000015,196998,54,30
54,#L8VG980R,COD Team,8000023,196376,55,29
55,#CGLJJYCL,behmiboy yt,8000004,195984,56,22
56,#LJ8R88L2,OhioFinalBosses,8000039,195245,57,30
57,#2C0J082J9,L33 kg myarr,8000047,194343,58,30
58,#22QUQV0RU,Mini BB,8000037,193064,59,30
59,#29QGR0RQ2,ArQu,8000029,192487,60,12
60,#YJUQLY0L,OWN_FANS,8000027,192041,61,30
61,#2G20CVL98,Stg Clan,8000047,191601,62,8
62,#20PJRY02C,Leon Bros,8000021,189667,63,25
63,#2R29CU90G,Mytharrow,8000023,187947,64,30
64,#R0UVYJ0Q,m9yyy,8000019,187821,65,27
65,#2JRY29099,Myanmar,8000048,187768,66,30
66,#22RJ829Q9,CLAW & FANG,8000057,184174,67,20
67,#YG2P8V2Y,ко педафилы,8000050,184032,68,30
68,#PQC0JQ99,Burmese Blood,8000023,182944,69,24
69,#GJQ9GRJ,Myanmar Team3×3,8000037,182881,70,7
70,#Q2002UG0,Making friends,8000004,182797,71,29
71,#Q2QJLYQC,God Brawlers,8000007,182575,72,27
72,#YC8PU2Q2,Чёрный Медведь,8000023,181280,73,15
73,#LP8LU0LP,kevin 4,8000036,179258,74,30
74,#RVRLPG09,HydraKings,8000007,178252,75,20
75,#Y9GYQUR,B$MM,8000019,177324,76,30
76,#8GYU8RJ8,Oof ur dead,8000057,176738,77,12
77,#28RUR0202,BRAWL GOLD,8000048,175650,78,26
78,#2JPL8VYGV,АНТИДИЗ,8000028,172057,79,28
79,#20UUJ0UV0,epic fighters,8000023,170254,80,28
80,#29LPJGG2Y,БАНДА ПЕРНАТЫХ,8000021,169703,81,29
81,#8YPVQ99P,SMN RACING🤡,8000013,169378,82,28
82,#2L0JYPLRQ,tyriki,8000059,168552,83,20
83,#99QGULL,boss team,8000000,167695,84,30
84,#2YJL98JRP,САЛО,8000029,166517,85,30
85,#JC92V0J,bangers,8000022,166296,86,29
86,#22L0CU8P8,HyDe,8000021,164361,87,30
87,#2JCL82P2U,科比,8000009,161729,88,30
88,#28QPYVP0R,anuar,8000017,160897,89,25
89,#2PPRP9QQ0,하마흡입,8000022,160404,90,21
90,#2RQJYG29Q,Dead Club,8000004,159385,91,5
91,#29GY8CLJG,BURMAR 69🇲🇲,8000023,158602,92,30
92,#208UJC0RU,Myanmar Team3×3,8000037,158060,93,10
93,#C2JRCP0R,Tete Brulée XXL,8000047,157255,94,29
94,#28U0UVQCQ,ATIZ,8000059,157130,95,19
95,#90U0CJRP,spokie snokie,8000024,156732,96,30
96,#V099982Y,🐍ZMEY🐍,8000045,156711,97,14
97,#2YRUC8UG0,<c7>Bananki</c>,8000047,156681,98,30
98,#2JRU2RQQ9,Morgan Freeman,8000031,156302,99,18
99,#2PV92QQUC,TheBelarus👊,8000004,155943,100,17
100,#YUCJU9U,ZoForce JJMS,8000002,155832,101,29
101,#9CPJRV9U,123ㅂㅈㄷ,8000019,155336,102,21
102,#PLQJLVJJ,Squeak's Club,8000058,154547,103,30
103,#UGPJ2P2C,מלכים,8000019,154503,104,23
104,#222LP22L8,Липер топ💗💗💗,8000029,151161,105,29
105,#2220PYRJG,Dark Tom,8000057,150322,106,30
106,#2PQJ8QYRC,준연과 도연,8000022,148587,107,29
107,#290Q2PGL2,러치로,8000043,148414,108,30
108,#VVGRLPQ8,كمن,8000029,147646,109,30
109,#2RCPLG08G,<c9>we can</c>,8000037,147350,110,9
110,#L8GCLGGU,브롤스타즈 클럽,8000053,147102,111,20
111,#2CL2CYLY2,ニキビ丼同盟,8000037,146470,112,13
112,#2JJUG0PGP,Sprit God,8000032,146279,113,20
113,#2LGJ8CJC9,Okie Dokie,8000057,146119,114,30
114,#2QYY20QR8,JAIRON728,8000058,145663,115,27
115,#2G8RJ8UQR,реквием,8000037,144891,116,9
116,#PUJPR9,Myanmar,8000018,144779,117,30
117,#29J8U8JGL,Mystic slayers,8000013,144268,118,7
118,#QCYVU2,Bernie2020,8000013,142886,119,28
119,#222CCLL2V,kakashi4evrAlon,8000015,139466,120,27
120,#202UYYPL2,Der nita,8000035,139201,121,28
121,#PJ98GRJ,Lotteria Bro,8000030,139020,122,11
122,#2LCVCQYU,Vendo gato,8000004,138672,123,24
123,#2G9UGYUGR,Заходи в клан,8000008,138329,124,30
124,#YCGUCVP0,аришнев,8000025,137552,125,29
125,#28LUQCQLL,Dyane,8000023,137371,126,30
126,#2092GY2JJ,Legend_players,8000049,136995,127,30
127,#288VJU2Q,YIS BALLERS,8000018,135619,128,21
128,#22QQUV80,GOBLIN STAR,8000012,135047,129,28
129,#2QV0Y2RLY,Blaze Vendetta,8000053,135010,130,13
130,#82YJYVPQ,für Puuki,8000023,134790,131,25
131,#8QC890GP,bff3,8000037,134489,132,30
132,#2JLGPJJQU,Esports_Team™,8000029,133997,133,12
133,#URJRRV2R,П🥀Р🥀И🥀М🥀О,8000059,132636,134,13
134,#299QCVUGQ,Free fire 🔥,8000037,132548,135,20
135,#8988GL2C,BRATANII,8000007,132350,136,30
136,#22V9QGPGY,Brooklyn,8000045,131859,137,30
137,#9R8JCR98,тимофэй,8000023,131598,138,26
138,#2QYG2J8R2,DarkLight ⚡️,8000029,130250,139,17
139,#2C8000Y9G,SK ✓,8000023,129837,140,7
140,#2Q89UU009,77778,8000016,129747,141,28
141,#RGY0GPYU,KWCG,8000022,129456,142,30
142,#2L002GVPG,09 23,8000013,129295,143,23
143,#20009J0V0,вступи плс,8000029,129260,144,30
144,#2YP0UL0R0,ПАША НУБЯРА,8000010,129121,145,30
145,#2J2Y09P9Y,Bull's Club,8000016,128639,146,30
146,#8UPJQCRC,MYANMAR,8000036,128341,147,30
147,#2QVPL9LCR,Hippo Habitat,8000038,127519,148,27
148,#P9JG002C,Panthera Legit,8000029,127166,149,11
149,#2YP9LLU02,mindful club,8000059,126666,150,26
150,#2C2U029VC,Palidan Club,8000055,125240,151,12
151,#2Q0LQQLPP,ПУТЬ ЛЕГИ,8000058,125140,152,28
152,#2QJ8UYR8,Kakadu Talents,8000019,124158,153,25
153,#RQU2QG2Y,germic892,8000029,123988,154,26
154,#P8V8PJJ2,BRAWL МАСТЕРА,8000025,123930,155,29
155,#GUVCRQ9G,тотак,8000013,123881,156,30
156,#2QCVVV8V2,3AM thoughts,8000012,123027,157,15
157,#280882VGR,italy pro,8000049,123023,158,8
158,#2V9JJQGQ,ไทย,8000004,122850,159,30
159,#P2P2RPV9,myanmar,8000004,122322,160,30
160,#22Y9YCUP,Brawlers Realm,8000021,121877,161,30
161,#2JVGL8Y8R,GenZ(MM),8000035,121778,162,27
162,#29YR8QRLL,профи мага,8000006,121398,163,29
163,#G8CLR8RV,brawl famillie,8000018,120934,164,17
164,#29LGCJYYL,urugvaj,8000029,120884,165,23
165,#228RPRYCY,Nemazis,8000023,120822,166,27
166,#2Q9Q80PG,Myanmar,8000020,120377,167,30
167,#JPR8LCLY,wert 100.Euro C,8000004,120085,168,27
168,#8JCC8GCV,los chubis 237,8000019,119783,169,30
169,#2VULYL9R,EPSPIRIT,8000034,119508,170,11
170,#2Q9PYGP99,bye bye :3,8000057,119002,171,27
171,#22PR22QJY,Emz's Club,8000027,117479,172,25
172,#28U0QVG92,S.C.A.M Team,8000023,116966,173,19
173,#22LR99GVG,rapson,8000041,116350,174,30
174,#28LUJ0992,❤PERU LOVERS❤️,8000059,115219,175,4
175,#2C82QGCRU,BreSehColl,8000025,115127,176,4
176,#VYQ2RG2,arwadar,8000029,114463,177,30
177,#2LU2RYV0G,G.I.A.N.T.S,8000029,114032,178,29
178,#2JYYL9GV9,Miyagi,8000024,113932,179,5
179,#QRV9J9YR,GALATASARAY,8000055,113699,180,30
180,#2CPJ0GY9J,Brawl Stars,8000034,113402,181,29
181,#9PPGVP9P,gucci gang,8000021,113104,182,30
182,#RPQ9QRYP,PL UA &EN,8000056,113038,183,25
183,#2CP0VGV0P,Chips TM,8000034,112833,184,15
184,#2C8YJGRLG,NizzzO Club,8000049,109314,185,30
185,#YU9PCQQP,Cococops|Team,8000029,108955,186,27
186,#QJVCCV2C,BlackMonkeys,8000019,108847,187,14
187,#29Y8URU8U,ᴹᴿ°᭄₭₳₱łⱠᶠᶠ❖࿐,8000037,108349,188,30
188,#80GJYQQJ,Trio,8000037,108343,189,30
189,#QYRV0UGV,YGN,8000029,108073,190,21
190,#2PVJ990UY,нуп423,8000055,106509,191,29
191,#2YPC080R0,Beedamar,8000004,105697,192,29
192,#2QJPRCLR0,Путь к честеру,8000031,105301,193,30
193,#2P09LRJ,Empire-Club,8000059,105110,194,10
194,#2YLRRLGU,lol,8000018,104788,195,25
195,#2L2LJVRUY,bommm,8000025,104087,196,15
196,#QP8RVY8,".,,",8000021,103669,197,28
197,#2G8R9U9JP,Phantom Ghoul,8000023,103660,198,8
198,#292L2LCY8,the epic tribe,8000037,103473,199,30
199,#YVLPVRCQ,Ok Narsar,8000057,102866,200,26
