,tag,name,badgeId,trophies,rank,memberCount
0,#2QG09UJ2P,The Kiwis,8000031,1233499,1,30
1,#2GJPJU9GR,Sunspire,8000018,1230734,2,30
2,#29GJRP0YU,Everblast,8000046,1201404,3,30
3,#VUCL9JUU,Bivariate Data,8000039,1196661,4,30
4,#2YCVPG2CU,Volcanic heat,8000037,1185451,5,30
5,#PCQ9PV8L,Memes,8000049,1181244,6,30
6,#VJRV0YRC,NZ PlayerZ,8000019,1117688,7,30
7,#2GUCVYLQL,Goated Goats,8000029,1108559,8,30
8,#RQL92L0,New Zealand,8000029,1079009,9,30
9,#2RQQ9C,The Crazy Folks,8000057,1011152,10,30
10,#2QUPQQ0JY,True Asians NZ,8000013,971243,11,30
11,#2902VVULP,BobaStars,8000010,944652,12,30
12,#290LYG0PC,Kiwi Kings 👑,8000029,929857,13,27
13,#UJVJQVJ0,Booty Call,8000011,925568,14,29
14,#29G8J9CC9,bc*|famous,8000023,897881,15,27
15,#Q9YPY882,B-r@wL,8000051,892205,16,30
16,#2GVURGY8L,Da Boys (NZ),8000029,875045,17,30
17,#29PV0YGGR,SN|CLAN,8000056,869027,18,30
18,#200VVYVL8,Smileツ,8000023,866865,19,30
19,#89U0CUU,NZ Knights,8000029,819549,20,26
20,#2GQJCGJG0,Dark Eclipse,8000039,778694,21,30
21,#Q2GQCLYJ,纵横,8000029,776155,22,27
22,#2Q9VVCCPR,Across the Sea,8000049,752009,23,30
23,#QGY8QR90,🦄Gece😇,8000023,715799,24,3
24,#299ULUG9V,ELITE GAMING,8000058,714585,25,30
25,#28JQV28Q0,Wonder Wizards,8000041,704996,26,30
26,#2JU2UYCLU,ᴇǫᴜɪᴘᴏ ʜɪsᴛᴏʀɪᴀ,8000059,700070,27,30
27,#2JRUY2U0J,New Zealand,8000002,692227,28,30
28,#29QYVQ0RU,🐼PANDAS🐼,8000025,692215,29,28
29,#2JJLJG288,Fateless NZ,8000057,680529,30,24
30,#PJYRC0U,NZ Brawlers,8000013,666076,31,30
31,#2QG8VYQ0J,panda express,8000033,665783,32,30
32,#PGUPUQY9,dead meat 2009,8000013,663070,33,30
33,#2YQ2CLLYR,Da stinky bois,8000002,660366,34,30
34,#2PCYJ0G8P,BWEAKFAST BROS,8000023,653947,35,28
35,#2LUU8JYQQ,DaBoyz,8000007,630820,36,29
36,#2P0JLCV0R,Brawl'n'Blitz,8000047,615863,37,30
37,#209VRPVJQ,New Zealand #1,8000053,614292,38,30
38,#2J9V08YC9,Lunar Gaming,8000018,607712,39,30
39,#29QGCPRQ0,bunda claps,8000029,604055,40,30
40,#2LPGULR2G,Elite reaper💖,8000007,602696,41,30
41,#98YGYC9G,BEST NZ,8000007,594279,42,30
42,#22J0C2QYR,뉴질랜드 교민,8000046,587440,43,30
43,#998GCC9V,мабаель,8000008,584283,44,29
44,#289UUP2LV,SouL Predators,8000025,571038,45,25
45,#2JU0CLY9L,NZ Brawl,8000029,570888,46,26
46,#9PR0089R,CocanasClub,8000007,569924,47,30
47,#2YP88JGLQ,NI|Brawl<3,8000044,565081,48,30
48,#20PPP00YC,New Zealand,8000050,563865,49,30
49,#2JLYGRRY2,Invers Brawlers,8000059,556011,50,30
50,#2YU0JJCYG,New Zealand,8000041,550558,51,30
51,#2L2C0JR0V,Alaska,8000057,545886,52,30
52,#LCRQ8VJ,All Blacks,8000021,541852,53,30
53,#2RLRPJJ0G,bb.squad😴🦇,8000023,541014,54,23
54,#LQVUPPYP,thaddeus and j,8000028,535765,55,23
55,#U08R80L0,randoms are bad,8000012,532125,56,30
56,#QLC98Y0P,BSOT Club,8000018,526521,57,30
57,#2QU9P9C2U,pichislaya,8000052,523117,58,29
58,#20Y9V2PJV,Legends,8000055,520587,59,30
59,#Q8UCG08R,СЕМЬЯ ТКМ,8000008,517470,60,13
60,#29RPV99RV,SPC,8000019,516426,61,29
61,#G0G0Y992,SNU,8000003,514935,62,24
62,#UGUU09RY,KINDOM HOPE👑🥀,8000055,513329,63,30
63,#290GC8PLC,n.19,8000029,512157,64,30
64,#PP0LUR,NZ Boyz,8000011,511479,65,28
65,#2Q8CUQUG0,KANKALAR💖,8000023,498470,66,26
66,#2C0QU9VJ0,WE ALL BRAWL!,8000037,498154,67,30
67,#L922YCQ9,Itsbulltime,8000057,496713,68,30
68,#Q9QP28P0,Brawl Gods,8000049,494347,69,29
69,#282CVY89L,Jelly Squad,8000021,491642,70,30
70,#2YRPLCPG2,Brawl Fantasy,8000023,476119,71,26
71,#JVLYYUQC,nz street boiz,8000005,475053,72,24
72,#2Q2LRPUQR,The mogguses,8000013,466892,73,29
73,#8QG0QRG,NZ Kiwis,8000033,466013,74,30
74,#28VJV9V8V,Warrior Esoprts,8000033,465803,75,30
75,#28YQPG88U,MEGA balls,8000022,459785,76,28
76,#CUL9YGLC,KingZealand,8000029,459409,77,27
77,#P9YCL2,BrawlNZ,8000029,449995,78,30
78,#2J9CY0PPV,Megaladon,8000034,447253,79,30
79,#2GYP2VLPV,nzBrawlboyz2,8000029,445569,80,29
80,#90CGJJCL,Lets go,8000057,444879,81,24
81,#2QJJ08Y0Q,the cafeteria,8000013,443331,82,30
82,#VGUCVLG9,EG TEAM,8000036,434458,83,28
83,#29YJ2U9JQ,ember z 🥵🥵🥵,8000011,433349,84,30
84,#2G8RQ98J8,knockout gang,8000036,432852,85,29
85,#8UYYR9CC,ANZ Feuilles II,8000046,432037,86,28
86,#20YCGPCQ9,the brodas,8000047,429757,87,30
87,#20GGCUPUJ,Brawling 🦇,8000055,429748,88,30
88,#2JVGC0CCU,Untitled,8000016,429201,89,29
89,#298LURRUU,kool kids club,8000029,426277,90,29
90,#299CQ09GQ,Reborn Warriors,8000027,424808,91,30
91,#2JRP0UCP9,Thunder Bolts,8000050,422750,92,13
92,#288RYGGRY,Nigerian People,8000036,422259,93,30
93,#292J8VP0V,♧Club ♧,8000006,417494,94,30
94,#20GYJ08J0,Ash's Club,8000042,416020,95,29
95,#2C80098YV,BON,8000017,415118,96,25
96,#2GQVL8JQR,Spike-DankMeme,8000013,412138,97,22
97,#QG2PUY0Y,Star boys,8000033,409611,98,30
98,#2CYGV00GR,Who's Cares ?,8000055,404874,99,30
99,#2J80220VL,[D_A]K1LL3RS,8000048,404608,100,21
100,#Y2PPLU29,NEW ZEALAND,8000004,401058,101,30
101,#2982Q09GL,Leshgoo,8000035,395699,102,30
102,#J9VPLRGR,BRAWLNZ,8000034,395210,103,30
103,#2QURRJ28C,Nobody33,8000058,394584,104,23
104,#290QLPLC2,Realmadrid,8000027,394059,105,17
105,#QRY2P00J,Sad Lunch,8000043,380297,106,30
106,#228PQRQG,NZ Kiwi,8000000,379488,107,30
107,#29RJJRQ8L,Bandits,8000040,379393,108,30
108,#QYJQGPLP,IMMORTAL,8000023,376338,109,23
109,#2JC90CQLC,You Got An F?!,8000039,371664,110,29
110,#8VQJL20R,Brawlers of NZ,8000013,370602,111,30
111,#2P0GG0PGQ,DR.,8000029,369502,112,30
112,#VY8UQYL,<c6>EQUINOX</c>,8000025,368919,113,23
113,#828QJYCL,The best 😅,8000029,365644,114,30
114,#2QYU0JL0L,Leon Amber,8000041,362512,115,30
115,#P0U0RCV8,les go,8000035,358825,116,30
116,#28Y8GPPCC,FE4R,8000059,351745,117,30
117,#22UCGGL2J,KAIDEW,8000029,343857,118,30
118,#298QLLG8R,TRIBE|KING,8000030,342981,119,25
119,#8YQ8JG9Q,Crow blazer,8000059,341876,120,30
120,#LP08RVGC,SychoWolves,8000011,340829,121,30
121,#2G8PU9JR0,Spicky,8000034,340518,122,22
122,#QGRR2VR9,FRIENDPARTY,8000012,338723,123,30
123,#QYUQ0Q20,legends,8000047,337981,124,30
124,#28929UGRL,MILKY COWS,8000016,337151,125,26
125,#2PUPJGGG,The Bruddahs,8000021,334816,126,24
126,#9J0809UG,Animal gamers,8000017,334630,127,27
127,#Y0QRV9,Kiwi Clan,8000016,330382,128,30
128,#R0LQP8QL,Coc Ryders,8000021,328289,129,30
129,#9RULLVG,Simple king,8000019,327403,130,30
130,#GVLYRPU8,NZ United,8000057,325647,131,16
131,#JJLQ90UU,chunky boys,8000059,324530,132,30
132,#2C9RG0U9Q,Elite Legends,8000029,322317,133,30
133,#22U9VR88G,Waffle Sonata,8000039,322175,134,30
134,#29RYURL8Q,SMT,8000010,321551,135,30
135,#CGCLPGJ2,New Zealand #1,8000018,317481,136,30
136,#2U0VGQC2,Brawlin Bandits,8000004,316851,137,19
137,#LUJGQLPY,LONELY BEASTS,8000055,315179,138,29
138,#2J8LV82PY,The yellow,8000047,314740,139,30
139,#20RU8900J,Memes II,8000049,313063,140,23
140,#2PRV8RCQ0,--ᴘᴀʀᴋɪɴɢ ʟᴏᴛ--,8000013,312591,141,27
141,#VUYQ99YC,Tribe|Gaming,8000003,310126,142,15
142,#2G2JRYY20,god's Klub,8000039,309235,143,19
143,#QCGYU9RL,ProOCE,8000057,306431,144,28
144,#29L0JYCQJ,MonkieTheOpenin,8000036,306224,145,22
145,#2G208VJUP,Monkeys🐵,8000016,304713,146,30
146,#2GJ2YYGC8,Force Fanatics,8000023,298943,147,11
147,#29L09GJR2,Frog pokemon OP,8000027,297431,148,30
148,#229U0PVRP,game88hop,8000047,296076,149,28
149,#2R2G2V282,ITS US AGAIN😈,8000057,294479,150,23
150,#2JJQRJVUY,NHL Empire,8000047,294371,151,15
151,#282PG9QYL,ACESHOOT,8000055,293873,152,14
152,#2CYJGP8CY,Defence!,8000019,291874,153,30
153,#2GV08PGCU,mega muppets,8000039,289829,154,19
154,#2RJQCUC90,uwu poggers,8000057,289379,155,21
155,#2QCPRRG8Q,ТарелкаФруктов❤,8000029,287295,156,18
156,#80QY9VJ0,The Elite,8000045,286733,157,26
157,#U0LV0LLR,Killer klan,8000007,286437,158,30
158,#20PGPVYJU,hi123456,8000035,286195,159,22
159,#2GP2GYLGC,BBC,8000022,285070,160,30
160,#2CYCUUG8J,Pu$$ycats,8000018,284668,161,29
161,#2G2RLL2QC,EverFIRE,8000037,282566,162,30
162,#9002C88,PhantomWarlords,8000004,280740,163,18
163,#Q9U0L8RY,🧀CHEESE,8000048,280657,164,30
164,#2L2PLGP2G,insane skills,8000006,280125,165,26
165,#2RGCGVJQY,overboard,8000019,278392,166,30
166,#99202V9J,Dfuse,8000029,274516,167,29
167,#UQ0L8YCC,Inters,8000017,274205,168,24
168,#C09GL2LQ,the Shadows,8000031,273542,169,14
169,#28PLJPLV2,aggiN,8000021,273073,170,16
170,#29GPLVPYL,yellow button,8000049,271332,171,30
171,#29G88VGPQ,Bandit_Bros,8000055,269538,172,24
172,#L8C09QGG,OutTheGate,8000051,268136,173,21
173,#2YULL2G0G,Saiden,8000029,265793,174,21
174,#PR9UV2YP,the pillagers,8000055,260795,175,30
175,#2RCGPQVJ2,KEEP OUT,8000029,258990,176,12
176,#2RGPU0JCL,Burn Bombers,8000034,258381,177,27
177,#VPRJJ28P,Demented Kids,8000018,258051,178,30
178,#2JJVYY0P9,:{Arachnids}:,8000047,257682,179,21
179,#2QCYJRVQ,BOLOZ,8000037,256329,180,29
180,#2GULJ008L,SHOOTING STARRS,8000057,255279,181,29
181,#2LVCLG9VL,Cash Brawl,8000016,254902,182,29
182,#2929VP00Y,banana bandits,8000013,253513,183,28
183,#CR22LG,VEGAN,8000013,251757,184,28
184,#LCJJ2P9G,yonk,8000058,249726,185,30
185,#2R2YPC89V,Devils Lettuce,8000035,247225,186,22
186,#2R2JJYYGR,A Few Good Lads,8000029,245952,187,29
187,#2G99GP2RQ,☁️🏰Air Lock🏰☁,8000055,244356,188,15
188,#LP0U828U,big juciy bona,8000054,242402,189,24
189,#29J9QGU2,FootPunchers,8000007,241504,190,21
190,#L99GY0RJ,JimmyPlazClan,8000028,241392,191,24
191,#Y09J2CL,Mckay People,8000017,241388,192,29
192,#22Q9C9G9L,Young Swimming,8000018,240875,193,30
193,#Q2GGLVRP,NZ pro grass,8000027,240494,194,17
194,#29U0JC8RR,YT|Lord,8000033,240440,195,9
195,#29Y09QP0R,Rogue Bandits,8000005,237902,196,30
196,#PURVQLV2,T-Blockers,8000053,237369,197,25
197,#2JUCJ8LVQ,Cuzzies,8000058,237049,198,11
198,#YQ9LYJJG,reeeeee club,8000037,236639,199,30
199,#22Y2J0CL,-epic-,8000008,236103,200,26
