,tag,name,badgeId,trophies,rank,memberCount
0,#2J9LLCURU,505 ESPORTS,8000021,1759558,1,30
1,#2CRJQ8J02,ETERNAL TOPS 🏅,8000029,1733762,2,30
2,#29L9RJVVU,🔱RAGNAROK🔱,8000037,1409434,3,29
3,#2GLL28UJG,🌪NICA_STORM🌪,8000027,1364436,4,30
4,#LL2GCLCC,Killer Instic,8000004,1343896,5,30
5,#2GL02ULPV,withdrawn❤️‍🔥,8000049,1295868,6,30
6,#2JGQQ0GYU,505 ESPORTS 2,8000021,1258024,7,30
7,#2R0JQQPPY,Killer Instic,8000025,1232562,8,30
8,#2QC9JPGR9,INFINITY NICA,8000037,1221413,9,30
9,#2JCP929J,VALHALLA,8000019,1209545,10,30
10,#VJ0LLJU0,REVOLUCION NICA,8000057,1205034,11,30
11,#22PPCV000,Dark storm,8000047,1192889,12,30
12,#2QLY2JUP8,PoderElectroX,8000053,1186231,13,30
13,#2RCQ09YU2,☢The Danger☢,8000037,1183050,14,30
14,#2R2VUQP0C,TRINIS,8000021,1160984,15,30
15,#JQURGVR2,ONE EPIC,8000010,1153959,16,30
16,#2J0YUUU29,LATIN TALENT,8000037,1150421,17,30
17,#QL8G208G,𝐂𝐥𝐚𝐬𝐬𝐢𝐜,8000037,1120782,18,30
18,#V8JP0R8,DARK POWER ⚡,8000023,1103665,19,30
19,#2JVUCR8JV,NIC | CLUB ❄️,8000031,1064030,20,30
20,#8QYP2R0L,WOLF LEGION,8000023,1062481,21,30
21,#2CJGLGY2P,NC|RESURGENCE,8000008,1055295,22,30
22,#80YVY2GV,KING OF WEED,8000014,1050667,23,30
23,#28G920YJQ,LOS PIBES,8000047,1049568,24,30
24,#2G999PGG,BrawlFights!,8000033,1037298,25,30
25,#2C22RY2GQ,Beyond Horizon,8000018,1036487,26,30
26,#2GLJCVCL2,Star Playos,8000006,1005457,27,30
27,#QYYLPGRY,Creed Diabolik,8000007,997443,28,30
28,#2G2VURG20,Team Xolotlan,8000057,980503,29,30
29,#2C0PRR8G,<c4>NI</c>CA,8000031,965186,30,30
30,#LL2Y02CJ,Atómic Guns,8000045,962112,31,30
31,#2RU298Q,The Clash Nica,8000049,959484,32,30
32,#CR0QPY8,Nicaragüense,8000031,956169,33,30
33,#9U8QUPVL,Belle's Club,8000039,953045,34,30
34,#2CRGG0UC,Nica Fire,8000000,952960,35,30
35,#28JGCR92V,LosBonnieYippie,8000030,946429,36,30
36,#2G0CYRGRY,Team🪑,8000059,942265,37,30
37,#2J8GR2YQR,Brawl's Club,8000049,933961,38,30
38,#2YJYQ99VL,❤️NICA❤️,8000029,931719,39,30
39,#2R0JVUYR9,RedBelarusTeam,8000023,921612,40,30
40,#2J9Y0Q22L,Brawlywood,8000016,919414,41,30
41,#2R0VJPUGQ,UNAN CON QUESO,8000004,917882,42,30
42,#282R0GRYG,Los Solitarios,8000055,912358,43,30
43,#202YQ0V0V,TheDarkStar,8000035,908818,44,30
44,#Q9V99G09,Only Goats,8000035,906152,45,30
45,#8LRJJ20U,POLARGEIST,8000043,905517,46,30
46,#28VGPQQ99,Alzheimer,8000031,902084,47,29
47,#29PYRL2J8,Spartan,8000046,901012,48,30
48,#299JUY9QR,ㄩ丂卂丂ㄖ几乇,8000018,898362,49,30
49,#2JJG9R9JQ,chirurururu,8000037,897367,50,30
50,#2J2CQ8G8P,Los Mugiwara,8000004,896962,51,30
51,#2CY0PJCQG,×%CLAS -MINER%×,8000005,895623,52,29
52,#JCYURGC8,el equipo juega,8000004,894842,53,30
53,#RGLGJYVJ,THE TITANS,8000053,892279,54,30
54,#L2LVLPQL,H3T3R0'S GR0UP,8000003,890440,55,30
55,#28828JJVL,Casa de fuego,8000037,889504,56,30
56,#2G008Q288,LOS XD,8000057,885240,57,29
57,#Q9JVVCRL,GTM |TQ ⛩,8000036,882800,58,29
58,#J09UJRJG,Aguacatito,8000005,879553,59,30
59,#2C2U2J802,L o s e r s 🌹,8000037,873839,60,30
60,#2C2GP80JJ,🔱RAGNAROK🔱JNR,8000037,868582,61,30
61,#282J0VCYG,🔥RobloBrawlC🔥,8000046,864846,62,29
62,#2JCYLCL09,Brawlteros,8000021,862454,63,30
63,#2JVRY2CQU,Carazo FC,8000035,858326,64,30
64,#2GVG80VUU,BlueExorcis Nic,8000033,857468,65,30
65,#PCQPPCUR,heart the fire,8000037,857455,66,30
66,#29922Q9J9,Eˡ Dᵒᵐᶤᶰᶤᵒ ✞,8000050,853746,67,30
67,#2R00202UC,los panas,8000034,845736,68,30
68,#Q80UUGC0,Black Night CR,8000044,844544,69,30
69,#2JJ828G8R,TEAM NOOB,8000045,843699,70,30
70,#JJUPVJVV,TITÁN NICA,8000007,835895,71,30
71,#2C9LJVYV0,Nic Region,8000029,835402,72,30
72,#9VPJ0LCG,imperius nic,8000025,834551,73,30
73,#29Y90YCUJ,Natsukashii,8000037,833877,74,30
74,#2QYLQPJ0C,nica warrior,8000046,833202,75,30
75,#LJPVUC9P,Perfect Team,8000000,830384,76,28
76,#2RLQUJ29C,Empire Demons,8000025,822967,77,22
77,#2P2P0GC2Q,CLUB EL PEPE,8000035,822919,78,30
78,#2JPQ0JQLG,los bullet bass,8000048,818836,79,30
79,#299CJVYQR,PINK STARS,8000010,817797,80,30
80,#29GGUUJJ8,BLACKOPS,8000055,809096,81,30
81,#2028RR8R,Family Legend,8000043,807482,82,23
82,#9JY8RYY8,Tamal con queso,8000018,802976,83,30
83,#P2J2JQQ8,✩ĘĹιŦĘŜ✫ภιĆάŜ,8000037,800608,84,30
84,#2RUYQ9Q,Frank4,8000029,799691,85,29
85,#2JR9JGGU2,|ESPARTA |,8000023,799224,86,30
86,#2Q0GYGVRC,Guacamole🥑,8000012,795673,87,24
87,#2QYGRUQVL,Family Friend,8000051,794062,88,30
88,#288CLUR29,akatsuki,8000034,786138,89,30
89,#29020LQ0Y,JN/X Hunter™,8000055,779821,90,30
90,#2G0YQCLVY,MHC || Team ⚡,8000029,777956,91,30
91,#2CRCUJCYP,☆ᴛʜᴇɢᴀʟᴀᴄᴛɪᴄ☆,8000052,775718,92,28
92,#VJ982VC0,friendzone :v,8000018,774698,93,30
93,#2R0Q02UR0,Nortech Stars ♤,8000049,774605,94,30
94,#288CCRPVY,✨⚡GALÁCTICOS⚡✨,8000003,767211,95,30
95,#2G0CYCYLC,TBS_ESPORTS,8000043,765620,96,30
96,#2PVQV8VQU,Club  #2PVQV8VQU,8000007,764705,97,30
97,#2R22CP229,Nica King,8000029,761435,98,30
98,#YRQUL8CC,Janet's Club,8000029,756874,99,30
99,#CCCL9C,Nicaragua,8000018,755078,100,30
100,#2QLG8V9Y2,los insanos👻👻,8000031,753641,101,27
101,#2JV8QQVJJ,los insanos,8000055,749370,102,30
102,#2YGVJGCLJ,clahs of brawl,8000033,747619,103,30
103,#Q8YQ8LPJ,Destroyer,8000037,745887,104,30
104,#29R09LGUC,Fz,8000037,745677,105,30
105,#2CY8VG29C,P GANG|,8000031,745085,106,30
106,#2C8CU8VPG,Brawl con cacao,8000021,743393,107,30
107,#2R8RJ0RCY,los otakus,8000037,741040,108,30
108,#2JC2ULVLG,MS la toman,8000035,735119,109,29
109,#2JJLCCGJ8,Familia Brawl,8000013,734999,110,30
110,#LJU820PC,Tilines.exe👻,8000035,734209,111,30
111,#2P9R2VR8P,DEMON GROUP,8000035,732685,112,30
112,#2JUCVPQL9,Best Players,8000018,725028,113,30
113,#2C9QGLCQY,505 ESPORTS 3,8000021,724954,114,26
114,#QPQ8QG9R,🖤Helluva Boss❤,8000029,723588,115,30
115,#28UQGJUG,DYHARG,8000046,723064,116,30
116,#9PJCCU2Q,BRAWL,8000015,717522,117,30
117,#2LLLUVYLC,MEXN1C,8000049,713622,118,30
118,#2PR0GG0RQ,Gente Amistosa,8000031,711284,119,30
119,#22P8G9JG,Pinoleros de ❤,8000006,709630,120,30
120,#2908CVGUL,Step by Step,8000025,707375,121,30
121,#LJVLCLLP,TEAM VICIOSOS,8000034,706024,122,30
122,#2C8JQL0RP,Chanchos Aryeca,8000055,705211,123,30
123,#2QUJRU82Y,NICARAGUA 💫,8000012,703698,124,30
124,#GYYLURRG,The Avengers,8000037,702937,125,29
125,#LQ99RLGU,suicide squad,8000023,693229,126,30
126,#2JPGCR9JG,panalitos,8000029,692782,127,30
127,#2RL2U29LR,ice ghosts,8000057,688163,128,30
128,#2JY8CJG0L,ONEPIECE NICA,8000007,685144,129,30
129,#2J0YLQVPU,Diriambueyes,8000023,684489,130,29
130,#2C9C99QG9,Kinder_Danger☣️,8000034,684362,131,27
131,#JJQY9CRU,Team Shark,8000055,683021,132,30
132,#2CPR9JRQ9,THE LEYENS,8000019,675624,133,30
133,#29PUUP0G0,Polvoron,8000042,674689,134,30
134,#2G0JRGJYV,Fantasmitas 👻,8000057,673323,135,30
135,#QL89CVYL,Dino estar,8000037,671569,136,30
136,#2RU8R0VPU,Familia Vongola,8000037,670990,137,30
137,#2QJLP28YG,StarLord,8000046,670680,138,28
138,#22J0CUQQP,TheRedMaskClub,8000050,668872,139,30
139,#2208V9QR9,Purrfect Gang,8000059,667162,140,30
140,#2G0Q0L9YU,TEAM CRAZY,8000023,666944,141,30
141,#29YY0JCL9,✨️Club |Fuz🗿🍥,8000025,662610,142,30
142,#QQ2UVJR,Jungkook,8000018,662461,143,30
143,#22UC02YL,el apantillo,8000029,662233,144,30
144,#QRQCJGP9,Brawl Piece,8000002,661379,145,30
145,#220VQ2CC,Nica rays,8000019,659497,146,29
146,#LLVYYVLU,Ñoño Sports,8000004,659383,147,30
147,#V9QR909,Smash,8000025,655916,148,27
148,#9G8R9LV,LOS RIQUÍSIMOS,8000059,654054,149,24
149,#2GVYL820,TEAM LATAM,8000029,648438,150,29
150,#299V2YGU9,únanse porfa :D,8000059,647792,151,30
151,#29L0RGCL9,arroz,8000028,645088,152,30
152,#GCCULRUL,Nicaragua 360,8000057,638359,153,29
153,#298U2L2QR,FLOW SHARCKS,8000029,637832,154,26
154,#QQVYPP8R,No a las Drogas,8000057,637783,155,30
155,#2GUL9YY92,2brosgarnachas,8000039,635364,156,30
156,#2C0QCLYJ2,ᶜᶻ | ɴɪᴄs,8000055,633956,157,30
157,#2QRJYJR8U,equipo funable,8000041,633728,158,30
158,#2CPGVQL2G,LOS TREBOR 🐣💛,8000029,633073,159,30
159,#2CG0VYYYL,pepescas,8000053,633025,160,30
160,#2GJYC2L8Y,☆NICA STARS☆,8000052,632462,161,30
161,#LYCL0GVQ,men luchadores,8000043,630872,162,22
162,#9JVYCPG8,los mancos,8000059,630062,163,30
163,#J9P0VUYQ,The Xmain's 2.0,8000059,629654,164,30
164,#2JCRQ80RY,Los más capitos,8000045,629045,165,30
165,#2QJPGJJ9R,ℓℴ↯ insanos,8000051,628921,166,28
166,#2LUGVVCGJ,los drogos😎,8000012,628139,167,30
167,#QUG8QRGJ,Anteiku♤,8000055,626786,168,30
168,#VQGV02PQ,Bloody Instinct,8000036,626146,169,30
169,#2RRVVJ28Q,🔥🌠LuckyOnes🌠,8000019,624254,170,30
170,#RLL2PY0R,los cromaticos,8000037,622658,171,30
171,#G8URLV,ZÜRICH,8000002,621945,172,30
172,#2RYLJ9YQP,loz narvaez,8000002,621150,173,30
173,#2Q9YQ99RC,pov,8000034,620755,174,29
174,#2YY28QVYJ,chapines,8000035,620462,175,30
175,#CU9RJCVL,★BRAWL SMASH★,8000037,619628,176,30
176,#2CGRYLJLJ,turkapanda,8000039,619424,177,30
177,#28VVGQQJQ,🤩ESTRELLA🥳,8000035,616936,178,30
178,#2C0QQJ0VC,CruzSilva,8000059,615734,179,30
179,#2GJ08RQJ2,ChicleRPG,8000035,615729,180,30
180,#2028YUV9L,El Güegüense 😠,8000018,615360,181,30
181,#2CPQ0R8Q9,Aguanta Roco kk,8000047,607441,182,30
182,#2CGV8GRLV,A Few Good Man,8000023,607323,183,25
183,#2GVG0VUPG,LUSTERPURGE,8000037,607044,184,30
184,#2QQ0LL8RV,NICA BRAWL,8000018,604791,185,30
185,#2CPJGRCLV,NC|night stars,8000052,604781,186,30
186,#JVR808U,MVPS CLUB,8000049,603127,187,30
187,#2RGJ9YCJ2,QUESILLO POWER,8000007,600212,188,30
188,#29GPRRCCR,los primos,8000042,597671,189,30
189,#QYV92JQQ,CLASHEROS√♪🍑,8000039,593931,190,30
190,#2RVVRV29J,The Hell MSS 🔱,8000030,592573,191,27
191,#2YG8JLGVY,сыновья узбеков,8000013,592553,192,30
192,#2R92GLP08,BANGTAN,8000039,592421,193,30
193,#QR22JP8U,Piper's lover💗,8000041,592223,194,30
194,#9QRU8L8Y,FuryOfTheStorm™,8000011,591599,195,22
195,#2Q9RLRV89,Tempest,8000031,591037,196,30
196,#2QV0GLRJU,Psycho???,8000007,590125,197,30
197,#2QUYQULRY,Brawl Nica,8000036,587111,198,30
198,#298VRU99J,LOS POPIS🥷.,8000047,584222,199,30
199,#2YLUJPLG9,Dragon🐉Clan420,8000045,583117,200,30
