,tag,name,badgeId,trophies,rank,memberCount
0,#290CLYCJL,💫Star♡Mᴀjin💞,8000010,984583,1,30
1,#2R9QJLJ22,Almashok,8000059,969725,2,29
2,#2JYJGVJR8,TheFootClub,8000034,868449,3,30
3,#2J20CR9YJ,꧁НУБ и PRO👍🏻,8000014,817295,4,30
4,#28LCV0G00,Anonymous2.0,8000040,815881,5,30
5,#29Y0G9PC9,<c8>GOOD</c>,8000041,756104,6,30
6,#2JYPP0Y9P,Snipers Academy,8000036,718312,7,29
7,#28RU9GGPJ,🎁🎁ПОДАРКИ🎁🎁,8000023,689011,8,30
8,#29JGQULQV,actif fr,8000039,667290,9,29
9,#29R0P98LC,HOONIGAN,8000036,658596,10,30
10,#228L0R909,GHOST_DAB team,8000013,646252,11,30
11,#999PUP9U,Hooka strategy,8000045,640945,12,30
12,#29GJQYCLG,𝙥𝙥 club🏴,8000004,560899,13,30
13,#LGLU9LPR,PLAy Gaming ☆,8000002,559474,14,30
14,#VVGQ2CVR,Тайная Дача,8000015,477806,15,29
15,#22QJVJP08,RONALDO,8000049,427986,16,30
16,#2JJVY9PC8,inter club,8000022,413466,17,30
17,#LU9U8LU0,💫🖤GİZEMLİ🖤💫,8000029,363845,18,3
18,#JYJ9QLPJ,Kuzey yıldızı ⭐,8000018,352256,19,23
19,#2C2Y0U0PJ,Jaro Grzyb,8000013,334199,20,27
20,#2Q9P2CU2V,ARMUT SİPOR,8000022,322145,21,28
21,#2GP0PGY9G,женька,8000004,300016,22,22
22,#2RQ8PRRQR,misiaki,8000029,285793,23,30
23,#202UVU9J2,SECRET ICE,8000002,282587,24,30
24,#2JPCCVVQY,Team JM,8000006,281970,25,27
25,#20JGQP8U,Sevenoaks,8000002,271685,26,26
26,#28QJLC8VR,оффники спб,8000004,268870,27,28
27,#LQJLQP2Y,METEOR,8000023,255595,28,24
28,#2LJQ2L9VC,VP|Angellux,8000029,245891,29,18
29,#LVVPUPR,papa genush,8000017,242446,30,22
30,#2R09L2J8C,Dark Paradise,8000004,234793,31,10
31,#2RV2VPL8Y,Ăia Buni,8000004,219985,32,15
32,#2CGR0V0YQ,탄고기,8000025,202789,33,28
33,#2GVC008C0,rasia,8000004,201138,34,16
34,#LP9GVQ9C,Мега драйв,8000057,191746,35,17
35,#29PLV9YGP,NIKOF CLUB,8000000,190505,36,30
36,#CJL0VQ28,frite+mayo,8000029,189341,37,30
37,#QGV8RYVJ,Санёк пенёк,8000023,189181,38,16
38,#290GQU2VC,청림중,8000047,189062,39,30
39,#R2YPJPQQ,ЯЩиК,8000021,186245,40,27
40,#292PJQG0U,20K,8000051,181610,41,19
41,#V990CRLQ,CRAZY TEAM,8000003,179314,42,24
42,#22LGJQYJ8,--__--,8000007,175649,43,29
43,#QGQC9QP9,ポコスターズ,8000016,175264,44,22
44,#UU9CRLU9,прожж,8000037,173772,45,30
45,#JGPU9UG2,I BATTERI,8000008,170287,46,29
46,#2GJLV8LG0,лилиятоплохх,8000057,168593,47,23
47,#CJ0U0JCR,Terminator i Zi,8000014,164781,48,21
48,#29G80R90U,Metro❤️,8000034,163445,49,29
49,#2098CQ20J,123yuikm,8000013,163328,50,20
50,#209JQLCQ2,Hoping,8000024,161093,51,13
51,#2C8VU9PUP,Северный Бостон,8000029,160360,52,10
52,#20PGQ8JJ8,ЦЫТРУСЫ3,8000037,159675,53,27
53,#20R2UGRR8,Кирилл и Сеня,8000057,159442,54,21
54,#2JVQLJ02Q,ДЗЮБА🥵,8000059,157862,55,20
55,#Q2P09CY8,فريق ابطل براول,8000037,157800,56,20
56,#29PRPUGUC,<c6>KBD</c>,8000039,157095,57,30
57,#2C9PUGQQ8,마진불참,8000033,156741,58,6
58,#2CJ88RL2C,ЧBK:ЧEPHOЖOПЫE,8000029,156101,59,6
59,#2GQ2QUU8L,ггоорр,8000057,155376,60,13
60,#2GJCYRCUV,Новорождённые,8000000,154899,61,16
61,#20RPP22C2,мегаящик,8000004,154843,62,30
62,#28Y288PY9,הקדושונים,8000036,154242,63,19
63,#28JVLCCR2,KT SESİZ,8000035,149782,64,19
64,#2YPULCJ2V,SSS+,8000039,149536,65,6
65,#P0QCRCYU,Nedzadova sila,8000029,148213,66,22
66,#2U88P20C,банда заката,8000023,147879,67,28
67,#U220YRQ9,《 LATINO GANG 》,8000025,145317,68,25
68,#CJGV2RU0,FEYENOORD,8000015,144213,69,26
69,#2YYGCQ80P,PARTY/MAAS 26.3,8000000,144008,70,29
70,#2PLP0G0Y9,Team Astro,8000021,140964,71,16
71,#292P2RVYU,annemin köftesi,8000058,140549,72,11
72,#C08VG2GP,зачем твинки,8000013,140100,73,30
73,#2RGL09V92,Kral-X,8000042,140078,74,24
74,#2LP8RL92V,[NTVD]Teams,8000015,139080,75,9
75,#2GPY9VP2Y,범박초,8000041,136406,76,6
76,#L2CYYPPV,AOE,8000057,134874,77,30
77,#2QCLYR8PL,привет,8000049,132601,78,14
78,#22QU8LGUV,maix,8000022,132328,79,30
79,#20JCYRJRL,ваня ваня про,8000043,131380,80,28
80,#9JCVG9CQ,Катя крашиха,8000008,131142,81,29
81,#V2YYULQC,OP|ᴍᴏʀᴛɪs,8000037,129821,82,24
82,#2PRU0Q8UC,TÜRKİYE,8000004,128165,83,29
83,#2CRUJV8Y9,Los🐬Acuarius🌀,8000002,127903,84,26
84,#28C2YG2CG,Nottox,8000013,122926,85,7
85,#2C8QURGJP,:(,8000028,121051,86,9
86,#28VRVVCLR,𝙵𝚒𝚜𝚑 𝚆𝚎𝚃,8000052,118825,87,5
87,#28U9CLVQJ,los bello,8000018,118382,88,28
88,#PYRQC0RJ,azaila,8000029,117674,89,19
89,#PJ8R20GV,pandaevulution,8000009,117448,90,26
90,#2RGRJJUCQ,bananA team,8000047,117314,91,13
91,#9R9CY2JC,Ultra cool,8000012,116745,92,26
92,#22VV90URV,Adam i wojtek,8000029,116582,93,12
93,#UPJ898G,Brawl Buddies,8000004,114921,94,22
94,#R20Q8GY0,KaraKartallar,8000023,113131,95,13
95,#QC2LLLUV,няшки,8000033,111964,96,28
96,#2P8QGG8JV,Among as топ,8000005,111688,97,30
97,#VRUVPRPJ,İNTİKAM,8000029,111553,98,11
98,#RVGUR2LP,Apfelmus,8000016,111166,99,21
99,#2QVY9GY90,Dragon Team,8000042,110607,100,7
100,#GYUVRVL,Deadly 102,8000016,110101,101,19
101,#2QRGGJC8R,alita_hkole,8000006,109429,102,29
102,#2JU2CPRUY,Noobs,8000047,109163,103,13
103,#220PYUV8Y,EFSANE4233,8000037,108588,104,8
104,#P8JLR29U,a lála,8000020,106168,105,28
105,#2JV8PQQLG,fc chevre-miel,8000058,106089,106,6
106,#U9JG2JUV,Braw star,8000039,105963,107,29
107,#UGUC8VGV,PIEMOL,8000004,104513,108,26
108,#2CPPGYUVP,Światowa Polska,8000023,104446,109,11
109,#28Q9Y090G,LANDHAUS SCHULE,8000023,104212,110,29
110,#2LVJPJ0C9,АмирСерыйКоля,8000005,102539,111,10
111,#29RJCVGLL,BURAK YALIN YT,8000006,102259,112,3
112,#2QYGYQY88,big c,8000057,101855,113,6
113,#20LC80GUC,Вера и Арсений,8000016,100977,114,18
114,#28GURC8J8,der coole,8000010,100258,115,11
115,#8YGCPG98,TM🍓,8000029,98995,116,23
116,#2RJ0VUGG0,Bosnian Allah,8000036,98333,117,9
117,#2LLJL28V,ТАПОЧЕК БОООГАА,8000000,97525,118,20
118,#2000PVVGP,ELITE SQUAD,8000019,97430,119,22
119,#QY99C9LP,🍣Sucuk🍣,8000007,96670,120,14
120,#LGL9UCCL,Молодые люди,8000029,96531,121,25
121,#28RLU08P9,Армия Сварщиков,8000019,95924,122,29
122,#2JCGY8VJY,гевянский,8000026,95643,123,14
123,#P2GJ2Q22,שחר עמיט תומר ד,8000003,95272,124,26
124,#2RQJYRRL9,TeamNiceLegends,8000029,94652,125,21
125,#2CYYJLQC2,DARKLİGHTXD,8000023,94319,126,16
126,#29QUUQVJR,YENİLMEZLER,8000023,93793,127,27
127,#2JLPUVUV9,Uk,8000033,93633,128,6
128,#2QCRY09Y8,даша зввезда бс,8000057,92654,129,12
129,#28LG9QLUV,Yıldızlar takım,8000016,92051,130,12
130,#2YJQRPGLP,LoL Keck,8000023,91573,131,26
131,#28V9QJ2VR,+12 yaş sevgili,8000019,91375,132,29
132,#QLG2R99L,우리 브롤,8000029,90987,133,25
133,#2J2YGQ9JP,KAOS_KULUBU,8000049,90457,134,25
134,#R8YJL9GL,Реал мужики,8000000,90237,135,20
135,#8UY9JLUQ,ciaociao pitone,8000019,90014,136,14
136,#YU9JJV9Q,АВО,8000006,89862,137,29
137,#920UY2PL,324 CBD,8000013,89736,138,24
138,#P9V9UCUR,Кекастан,8000027,89025,139,29
139,#V0GPRCQQ,Эль руский,8000013,88276,140,18
140,#2R8GYQL2P,brawl,8000038,85015,141,23
141,#C8Y9ULPG,Bankroll,8000023,84491,142,30
142,#2CPR29RJ2,лютие👿,8000041,84286,143,8
143,#QJJ0828J,REİS,8000039,82687,144,17
144,#2R9C9QJPG,геи,8000057,82644,145,4
145,#2RPL2GVRP,гandon,8000015,81512,146,7
146,#Q90Q90PL,Все проекты,8000033,81368,147,14
147,#2PRRGLLRL,colegilor👑,8000023,81120,148,27
148,#20GCQ2G8V,эдгар гей,8000037,80100,149,15
149,#RQY8UPJC,HASSAN,8000015,79965,150,20
150,#20UL2G8GJ,лучшие друзья,8000049,79960,151,25
151,#QPJJPYRC,………,8000040,79897,152,9
152,#2QVJ08R9L,🍽çatal zeytin,8000035,79019,153,26
153,#292C0VJUC,Soms club,8000043,78788,154,5
154,#2Q9V22882,Ян позняк,8000035,78697,155,27
155,#892Y8J2P,gip,8000057,77717,156,6
156,#2GPJYPQVR,UKR|Squad,8000025,77650,157,5
157,#CVVQ9GP2,Акулёнки,8000022,77203,158,22
158,#2GYVYP09R,ALONE - 🥀,8000043,77105,159,8
159,#L9R98UC8,SpArTaK,8000013,76575,160,29
160,#28RPGCJY0,AIR,8000050,76404,161,9
161,#P80QGJU9,Голубой унитаз,8000018,76273,162,30
162,#2GYCRVVYC,Легенды,8000041,76155,163,8
163,#2PPVR99U8,бот 45,8000024,76107,164,27
164,#YCRL0GGJ,чувачки,8000029,75826,165,29
165,#922PUPRC,Гигантский член,8000005,75814,166,4
166,#GGURG2G9,AranciSicchi,8000005,75187,167,6
167,#2GQYQQUPL,фаны пирожка,8000059,73601,168,5
168,#2LVRQ89VR,D!Ksuccers,8000022,73462,169,29
169,#29CR0028C,шлёпа🐸,8000009,71813,170,5
170,#2L2VC9YVJ,Viruuss Team,8000016,69838,171,6
171,#URPY0R22,Romanski-111,8000000,69560,172,11
172,#2GR88V0RV,волчара топ,8000056,69471,173,7
173,#28V2UQLJ8,<c0>Black</c>,8000007,69193,174,17
174,#PU8YQR0U,Sell,8000010,69173,175,29
175,#2LPLQ9G0R,♂️DUNGEON Cum ♂,8000021,69047,176,16
176,#2QCR2Y2R8,Efsaneler,8000002,68034,177,5
177,#2Q0L0LQCL,love your,8000007,66699,178,7
178,#29VCLYQYG,NIUEANS ONLY,8000004,66563,179,12
179,#JVLR09CJ,Супер Бравлеры,8000013,65950,180,26
180,#JYVLP8JU,Леон,8000004,65491,181,25
181,#928LCP9P,ريان,8000000,63988,182,29
182,#GYRR2RV8,Лучнее Друзья,8000027,63942,183,26
183,#2JRQQJQU9,(ПОТ) пельмень,8000005,63770,184,6
184,#2QRPYRLQJ,BLOOD BOYS,8000037,63201,185,13
185,#C8YCGRLP,ЭЛИЗИУМ,8000009,62876,186,15
186,#2QL92Y0VU,brawl drawsl,8000043,62452,187,7
187,#2CP00P0CQ,$_𝚂𝚂𝚂_$,8000041,62379,188,3
188,#28RJCUJ2J,фанаты мазелова,8000035,62273,189,4
189,#80JL0R22,лато,8000014,62169,190,23
190,#2CRR2VJL2,les poto du CM2,8000045,62158,191,5
191,#2JGYJR808,NO NAME,8000055,61451,192,6
192,#V2Y2PQJR,hmph city,8000010,61382,193,4
193,#22YYVQ2YQ,wolfs kings,8000015,61310,194,18
194,#2Y8VLRQGL,БОЙ С БОССАМ,8000025,61156,195,9
195,#2P0JURQUY,Тик T0kerы,8000027,60952,196,21
196,#QPC2GJRY,カメムシの交わい,8000000,60233,197,5
197,#2YRGVGCYL,la team🇫🇷,8000018,59740,198,10
198,#RJ0VJ9V0,YOLO GANG,8000025,58846,199,12
199,#YR2RJ9LC,ооба,8000000,58756,200,30
