,tag,name,badgeId,trophies,rank,memberCount
0,#VP8JC0PR,ЧЕМПИОНЫ,8000029,1229859,1,26
1,#2C90UQQC9,гамагеи,8000016,891963,2,29
2,#2GY8P22YJ,☆Light stars☆,8000049,625719,3,29
3,#PG89PU9,HIPER GOD,8000029,616955,4,29
4,#2PY08PCL2,Gute Spieler,8000024,580155,5,29
5,#2JRJVLJPL,Die eddies,8000059,527684,6,30
6,#QGVQQCLP,Super Brawl,8000056,521662,7,29
7,#2CR0R8YG2,Клуб to die,8000046,517412,8,30
8,#2LL2L0U2V,yeet,8000035,512680,9,30
9,#29CUY08QU,мама,8000023,407336,10,30
10,#R0VRCJ0U,LOS INVENCIBLES,8000007,360745,11,30
11,#QRQQ8GP0,ICARDII,8000036,313892,12,30
12,#2RCQ08RYU,CheeseCream,8000018,304554,13,25
13,#J9UPJ92G,SLL AİLESİ,8000028,279206,14,26
14,#UJYJC9LL,proSKteam,8000029,271944,15,28
15,#JV9ULQV0,Professional,8000008,263783,16,14
16,#2JRPYLUGL,Ich halt,8000056,256238,17,24
17,#2CV0LCU8,EEkZy_Austria,8000008,242680,18,25
18,#2L9J0U9CP,клуб,8000059,241995,19,28
19,#2LJUR89V8,Die Pizzen 🍕,8000021,231634,20,23
20,#LC8LVJG,м02,8000029,231255,21,30
21,#2L8JJJV0R,класс 6В,8000041,229807,22,18
22,#2CRUVJ8Y,AUTOAIMGOTESAIM,8000059,222946,23,12
23,#228GR9PPU,Mattis and Erik,8000057,222764,24,30
24,#2C8GLUR89,_<lost>=cryx,8000041,221723,25,20
25,#2PJCQQGY9,edi,8000029,218738,26,30
26,#228JGCY0Y,ROMÂNIA BOSSI,8000013,209404,27,26
27,#CLQ2VUYV,Brawl park,8000018,203106,28,29
28,#20VP9RQY8,Storm|Army,8000031,200915,29,30
29,#2CPYRVG8P,Kannaken,8000037,200226,30,29
30,#UCRP92PU,GOLDEN GANG 2,8000018,197903,31,21
31,#CC0J92Y0,Ark-dark,8000043,197351,32,13
32,#VUJVVC9Q,Janni yt,8000015,193192,33,23
33,#29UVGCCYV,jej připojse,8000021,189092,34,30
34,#2LRJQG8YR,\ akazuki clan\,8000023,185398,35,29
35,#2LVVRUU0Y,Flaschen,8000022,185114,36,23
36,#29QGGJP28,gigi,8000036,181537,37,30
37,#GGVY2VCC,bra gang,8000013,177654,38,28
38,#CYUUQ2Y8,12V3N4,8000023,174707,39,17
39,#R9U29R9J,Lite_House_BS,8000025,174085,40,19
40,#RUP999Q8,Siemens 7C,8000021,171689,41,29
41,#2JRC2L20Y,ПОПУЛЯРИТИ,8000029,168909,42,13
42,#2G0YUP00Q,Faleza nord,8000012,168585,43,30
43,#P89YGGUV,Bibi Je?,8000014,165823,44,29
44,#2QJLGGUYC,Hummelsen,8000017,162700,45,29
45,#VYC0JGLC,[OLD],8000037,161719,46,30
46,#URPYPQVU,sloooo,8000011,160888,47,30
47,#298YRR9LR,BAMBUK TEAM,8000015,158687,48,17
48,#2R82G90R8,KrasseHühner,8000056,157740,49,21
49,#9CUL8VJ9,Die super Esel,8000025,157013,50,30
50,#29YYPYLGC,РАТАТАТА,8000036,156523,51,25
51,#V8C8PRR2,BRATAN_GANGSTER,8000029,156156,52,28
52,#2Y0Y908G0,DIE BRAWL GANG,8000023,155449,53,29
53,#28Q2PJLQJ,спидран 50 к в,8000056,153588,54,20
54,#PGGPQ8P9,KILLER DBD,8000029,152989,55,30
55,#L08JRJC2,NANİ?!,8000037,151306,56,20
56,#QCUR089J,DIE EHRENMÄNNER,8000009,150202,57,19
57,#QLVC2RG0,Gangster Gang◇,8000057,148866,58,30
58,#2QLC00Q0Y,플레이스,8000004,148662,59,22
59,#2YPQ98PVY,школа 1785,8000052,148399,60,19
60,#2C0C2JVUY,passion group,8000037,147553,61,15
61,#U99Y828J,DELI OYUNCULAR,8000035,147514,62,29
62,#Y2VGPRUR,БРОК,8000031,147057,63,28
63,#22VYCP0LR,Rang35er,8000004,146809,64,24
64,#2C8V8VV9C,ablam ve ben ♥️,8000040,146066,65,30
65,#PCJJC8RR,nein gang,8000046,143882,66,24
66,#CPGRP8RV,Skymans,8000005,140820,67,29
67,#2LJQJYG0R,|♡Mario♡|,8000029,140589,68,8
68,#2LJ0J2V9U,el bi,8000016,138589,69,30
69,#29RQQ88VP,P!nk legends,8000011,138063,70,26
70,#PUQVY808,Daria! 😎,8000029,137737,71,30
71,#2PYLPPVGL,💚💚🏆🏆🇸🇦😛,8000053,136796,72,28
72,#PRLJCJL2,тут всі з укр,8000021,136292,73,29
73,#8C8Y8UJP,Kings of Jenesi,8000029,136047,74,26
74,#YRJL2JVC,BGY:YENİDEN,8000005,135924,75,14
75,#2PRJLLRGQ,кто такой 2@,8000007,134786,76,30
76,#2LG8VCQ9J,Cryptik,8000013,134669,77,22
77,#20RY0VJQY,БАНЭ,8000029,134471,78,28
78,#GVPCGCG0,Häschen connys,8000010,134282,79,27
79,#UUG9J88G,Luche Drangos,8000023,133703,80,30
80,#J2C2LL99,Galaxy eSports,8000010,132186,81,19
81,#C29UPJQ8,дейзи,8000023,131780,82,28
82,#QR9J9R22,Maksowi shorty,8000047,131659,83,22
83,#C0Q028C,олдэ,8000013,130375,84,26
84,#QQPV0PLV,כשר לפסח,8000019,125924,85,28
85,#J8GY2VJQ,🍭캔디🍭,8000010,124312,86,19
86,#2800P8YGU,Ne,8000025,124146,87,29
87,#22Y8RJPUG,LR11,8000008,124095,88,26
88,#2PYVPQQVU,Borussia Ölp,8000012,123071,89,28
89,#28PRRGUCR,NOGGUGI GANG,8000014,122869,90,23
90,#20JPJLCUV,jijija,8000042,120854,91,30
91,#2QUJUCG02,÷(-_-)÷,8000057,120376,92,14
92,#2GYJY00UU,TRSIDATO HOUSE⚜,8000055,119212,93,16
93,#PQLYJYUP,Eltonowo,8000013,118604,94,20
94,#J2UC8VPP,Die wo gut sind,8000033,118281,95,18
95,#29JLL0Q2L,die krassen,8000057,117954,96,10
96,#RGPR9RGQ,контроль,8000027,117762,97,26
97,#20CVL82YU,suntem bossi,8000028,117145,98,28
98,#290GP9JRR,Gruppe Bus,8000056,115981,99,11
99,#RCUGG2Y0,Der Benelu,8000002,115612,100,30
100,#28R00GY9U,😎100😎,8000013,115341,101,29
101,#Q2GCRP2Y,拉基,8000013,115172,102,28
102,#2CJR8Y0QV,Mullis🐄,8000049,114107,103,8
103,#29U9P8YLJ,die harten,8000017,113931,104,17
104,#RV2UCL8Y,толик,8000004,113618,105,30
105,#28GQCGC2Y,🥊Fight Club🥊,8000016,113295,106,27
106,#2G02YUG2R,Poitiers,8000016,112893,107,30
107,#2JVQ98Y9G,Arctic Shield,8000029,110126,108,5
108,#2Y20JJRJJ,THE KING (•,8000033,108586,109,7
109,#RJCYRQY9,ФК БАРСА,8000005,108454,110,27
110,#2YPYUU9GC,kgg79 YT,8000019,107827,111,14
111,#RRR8CRR2,jurek,8000029,107664,112,27
112,#RCU8JCRG,Quinta Migliore,8000028,107411,113,21
113,#2CQU9LCLR,Team Oblivion,8000008,105710,114,10
114,#208UV98JY,Zaku | Army 2🌅,8000049,105498,115,26
115,#CVLU9P2U,перцы🌶️🌶️,8000037,103332,116,18
116,#2PJ80URV,хабыч,8000029,102719,117,28
117,#202JU89JJ,09🤤🤟,8000057,102050,118,11
118,#28LJ98P8Q,kupa kasıcaz,8000006,100690,119,26
119,#2QYYQ0Q88,block._.edits,8000056,100366,120,7
120,#2R8YYYQQ9,navi top 1,8000029,99094,121,30
121,#2QJ8RLYJ0,133. А4,8000014,98573,122,29
122,#20UYR8CP2,Funken Feuer,8000007,97545,123,21
123,#CJJ289GR,Паха Какаха,8000029,97237,124,29
124,#VR902QCY,Ghost,8000057,97212,125,14
125,#VL9UQUQV,Lina Army,8000025,97019,126,16
126,#U88CYC2Y,die Bots,8000013,96201,127,22
127,#2Y0CJ9V9G,профи225,8000057,94954,128,30
128,#2YRQ8GP9J,efobiei,8000025,90992,129,27
129,#288QYQCC9,moin leute,8000012,90834,130,26
130,#UPYGG0G9,die kaka gang,8000020,90821,131,30
131,#2J02VQ2RJ,Trail esport,8000055,90156,132,6
132,#2GY8RL2Q0,핵초보 클럽,8000031,89880,133,9
133,#RCCG2LYV,OL Kings,8000019,89489,134,28
134,#20RY0R8QL,blerta_12,8000029,89463,135,24
135,#2QY8V0QLC,AKATSUKI,8000057,88033,136,6
136,#20Q2UCCYC,[Au]Спорт,8000001,87852,137,27
137,#2JYGRL9JC,farm kripov,8000037,87690,138,4
138,#CPVGP9GR,superce11,8000023,87307,139,12
139,#PJGLRJ22,Михайло,8000003,87156,140,29
140,#C2CV898L,200кубов,8000028,86755,141,24
141,#C298GQGG,SCHEISZE,8000017,86709,142,7
142,#22J2QU8J8,Clubul bananelo,8000022,86281,143,30
143,#8QJ9PUYC,цска моссква,8000000,85739,144,27
144,#VGJR9V2V,bosi au talent,8000023,85065,145,28
145,#2RPPJGRVQ,7Б,8000031,84123,146,7
146,#9Y20GGRJ,pro_gamer,8000013,84001,147,29
147,#8CQCY8QQ,лега,8000058,83785,148,27
148,#U2YG0R20,SharkyGang🦈,8000003,83708,149,6
149,#RUQYYPQV,STV Hünxe,8000007,83640,150,29
150,#P2R2GYPG,estrellas brawl,8000019,83325,151,29
151,#2GGPQ2PY9,<c9>GG|BRO</c>,8000007,81991,152,16
152,#20VQR0CCU,Brawl Army,8000023,81823,153,14
153,#2G2UVG0VQ,LOS INSANOS,8000029,81521,154,4
154,#Q8VY2RUU,БАШКОРТАР РУЛИТ,8000014,81030,155,30
155,#9LRQGQC0,\(^-^)/,8000007,80953,156,7
156,#2RCJ80JPR,ЗА РОССИЮ,8000023,80537,157,13
157,#2002R9PQ8,ervin,8000059,80443,158,21
158,#8Q0P8YVR,영오 가족♥,8000006,80112,159,30
159,#2R80VVCG0,Wannabe der 1.,8000029,79968,160,17
160,#VC9YG2L0,BS<c7>COLD</c>,8000016,79884,161,6
161,#89UYGCY2,Skyskey,8000019,79577,162,27
162,#20QGVPRV0,ps du 31,8000049,79015,163,8
163,#29UUQ9RJ2,hhhbbbggg,8000029,78632,164,15
164,#LCY28PL2,passwort,8000004,78141,165,30
165,#22QLQ2VQC,ШЕЛЛИ,8000029,77870,166,28
166,#GRY2UPCC,KLOU,8000004,77229,167,19
167,#R8PRJGU9,GEMS FREE,8000028,76886,168,27
168,#8G0LPLPG,aras,8000042,76072,169,24
169,#29UUJ9U2G,good moldova,8000019,75954,170,13
170,#2P82LPYJP,Трэпси Youtube,8000028,75790,171,29
171,#9RPG0U8R,swde,8000003,75271,172,29
172,#2822VU2UR,Rabe Army,8000001,74739,173,26
173,#U2V9PVLC,AlliGaToRs,8000015,74713,174,3
174,#GL9VLL9G,I forti a Brawl,8000005,73960,175,28
175,#2Y8LJQLR9,THE BEST SQUAD,8000029,73267,176,12
176,#JLGLURUJ,Die Nitas,8000016,72445,177,17
177,#2QC02V92L,boyfriend,8000005,71953,178,27
178,#20Y8LQ9YJ,Feuerkicker,8000004,71850,179,17
179,#28G9QQCJ8,FairyTail|TEAM,8000037,71258,180,5
180,#2Y9V2PYCR,Brawl Spieler,8000029,71208,181,21
181,#2PPYU989L,wir sind 💪,8000018,71056,182,30
182,#2QPP099JG,KrassNass,8000031,70978,183,7
183,#CJU0R8RL,yagobe,8000022,70396,184,30
184,#22822JJYG,🍍БАБЛ КВАС🍍,8000057,70248,185,9
185,#2YYVV2Q0R,~DREAM~,8000011,70220,186,5
186,#QVVLPRVL,_РуБиН_,8000006,69534,187,22
187,#2J8VJYQJY,Mini💜Mysterio,8000041,69109,188,25
188,#2Y8V0C8PL,МЫ ПРОШЛИ ЧЕМП,8000046,69000,189,19
189,#P0GJLV8G,BrawlSucht24/7,8000029,68627,190,3
190,#QUVVGC9P,икеро,8000023,68618,191,8
191,#G8Y98RC9,can,8000029,68408,192,28
192,#29002JU29,noenoe's gang,8000029,68141,193,14
193,#L8RCG0PG,KUZGUN TAYFA,8000029,67189,194,30
194,#2C9UPCYPU,Schlong long,8000031,66995,195,23
195,#2GCQPRUPP,MaxZ,8000007,66567,196,5
196,#2P0YC922P,ПУТЬ К ЗАКУ,8000000,65951,197,14
197,#208YQVGY2,70какубков,8000047,65584,198,15
198,#CL9P02QG,MUSTANG😎😎,8000015,65332,199,15
199,#29PGP8GVL,⚡⚡⚡64GANG⚡⚡⚡,8000015,65195,200,6
