,tag,name,badgeId,trophies,rank,memberCount
0,#2JUQ2LPG8,ժҽαժ íղsíժҽ 💔,8000045,1352334,1,30
1,#2G800YJPV,Pakistan,8000027,1341789,2,27
2,#PUJGQ0VP,AllTimeMaster,8000004,1298068,3,30
3,#2YLUGP2Q0,Battle Brawlers,8000057,1207584,4,29
4,#228QUL8LL,GriffinGrinders,8000033,1207414,5,30
5,#8RUJCGC8,Zero Gravity,8000029,1188479,6,30
6,#28R2LC88L,BRAWL CHAMPIONS,8000023,1146375,7,30
7,#20QJCPCRQ,Relics B.O.E.S,8000033,1126244,8,29
8,#CCY9CGPQ,LR Gaming,8000055,1070928,9,30
9,#282QVLQ8V,PAK TIGERS,8000027,1028050,10,26
10,#QC2UY8G,Asian Vikings,8000059,1025737,11,30
11,#2G82QQG0U,ABY•LEGENDS,8000033,971258,12,30
12,#220UVJR80,Xtreme Legends,8000059,964730,13,27
13,#29PRGP90C,CôCs,8000055,960840,14,30
14,#29L20YVCR,Black Vipers,8000000,959243,15,30
15,#28QV0L0CV,PETALS (⁠✿),8000041,951271,16,30
16,#28VVGULV2,SHADOW GARDEN,8000005,945456,17,30
17,#VYVLGGUV,LEGENDS,8000018,941480,18,28
18,#2JU9GPLQG,LR Aqua,8000055,938230,19,29
19,#G0PYJ2YR,⭐GALAXY STARS⭐,8000052,932584,20,28
20,#YLP8L08L,lets rock,8000012,927065,21,30
21,#20CCV2JGQ,Double Dragon,8000007,926971,22,30
22,#2GQPGUL29,Team Pro 仙,8000049,920646,23,30
23,#29JV28VPL,PAK CHAMPS,8000045,916723,24,22
24,#Y992RR,Pak Nova,8000027,915866,25,30
25,#PPR8GYGU,Pakistani boys,8000045,895309,26,30
26,#Q9YVJPQL,Legend's,8000023,871725,27,30
27,#J9Y2VJ,BOOM bashers,8000042,868985,28,30
28,#2829CUCQG,Pakistan,8000014,863904,29,30
29,#2G808U9GL,No Mercy,8000046,853942,30,30
30,#2GP88RQLL,YOWIE WOWIE YT,8000018,843040,31,30
31,#2QGY9VL0U,Ainz Ooal Gown,8000027,840913,32,30
32,#R2J0R02G,Brawlies.PK,8000027,836887,33,30
33,#2YY8JYLVY,Club league,8000022,835857,34,30
34,#2R8PCVQ8,EMPIRE OF ROMAN,8000021,833056,35,24
35,#2QVCQJCCP,Team Titans 2,8000014,828481,36,25
36,#2CPGU0L9Q,¥XEN|ESPORTS¥,8000023,826563,37,30
37,#VVP9CURU,Pak Legends,8000023,803371,38,30
38,#2P8J98P2P,Pakistan,8000014,779801,39,30
39,#29YJY8UJR,Tika fam,8000037,774143,40,27
40,#299P90JGG,Galaxerz,8000003,770955,41,29
41,#2GC29J00G,light star,8000006,759563,42,30
42,#2CYLCPVRL,God Of War #2,8000016,756927,43,26
43,#228CQPVY,FEAD us TROPYS,8000013,752908,44,29
44,#28LR0GUVJ,Brawl League 🪄,8000057,745231,45,30
45,#2G2LLJ8GP,Only LEGENDS,8000037,745197,46,30
46,#880GVL8C,pakistan,8000014,738202,47,30
47,#VC9R29CL,ᴀᴄᴇ™,8000035,733452,48,30
48,#VL8UVJR9,SBORZ CLAN,8000005,732276,49,30
49,#28R8GPUG2,Pak rules,8000045,728819,50,30
50,#2CLU2QPLR,Northern GO@t5,8000059,719858,51,30
51,#2LVCCPC8V,Warriors,8000053,710218,52,29
52,#JYGUP,50 stars pk™,8000014,698322,53,28
53,#20RJRRCC,Pak rules,8000057,684196,54,23
54,#V2YRRUV9,Spike's Empire,8000013,678058,55,29
55,#YYRPPVLJ,PHOENIX'S ZONE,8000048,674533,56,30
56,#2QQQ2UCRG,Thunder team,8000053,673244,57,30
57,#282QC20Y8,DARK|WOLVES,8000055,659677,58,30
58,#2JUP09YRQ,🇵🇰Pak On Top,8000027,652908,59,30
59,#2QULCQYVC,Last Club:(,8000006,651609,60,25
60,#R0PQQPGR,dashers clash,8000037,650875,61,30
61,#2R9UPR9PJ,Pakistan 🇵🇰,8000014,634528,62,30
62,#2LUCYYC2J,Cheese Burgers,8000049,634497,63,30
63,#2R90CRL0Y,Best Friends,8000033,634252,64,30
64,#2CP2VYVYL,Legends,8000041,627188,65,28
65,#29Q28QL8Q,kun club,8000053,626456,66,30
66,#CY28QYGQ,Evil KillerZ,8000000,617155,67,30
67,#292CPRJL8,Wifeless LLC,8000031,616059,68,25
68,#2JP0RULPY,༆Hʸᵖᵉʳ᭄Ｔｏｘｉｃ☠︎꧂,8000034,605821,69,30
69,#2C0QU8RYQ,EXTREME BRO,8000027,585051,70,30
70,#2CJ8CYY92,ULTRA DANGERS,8000004,584275,71,30
71,#2C0VPQY0R,Mughal Empire,8000037,581952,72,25
72,#299RCYGRJ,Sava,8000055,579080,73,30
73,#2QJP0R2YR,BS_PROS,8000029,574592,74,30
74,#290QUVGPY,dark heroes,8000003,572289,75,30
75,#2GPJCUV0P,Barb Crew,8000018,571872,76,30
76,#29GQC2YP9,MALIK ARMY,8000053,571173,77,30
77,#299Q9GCLQ,brawl gaming 💖,8000018,568297,78,30
78,#29CPJ2Y2J,Пакистан сила,8000004,565903,79,27
79,#2C0VLRLUJ,LightEmBold,8000028,565647,80,30
80,#2JRJQULLJ,LEAF MEMBERS,8000057,562772,81,30
81,#29YPRV292,LR ELITES,8000003,561905,82,29
82,#2JGUUCUU2,69 LOVERS💖,8000041,557789,83,30
83,#LYJ9RGY,AllTimeLegends,8000055,556777,84,29
84,#PY82RVRC,Da Bombz,8000014,555535,85,30
85,#2G0QJPC08,Hacker,8000048,549694,86,30
86,#28RY08LQJ,DEAD-ARMY,8000037,540497,87,30
87,#29PCP9PQU,<c9>моои</c>|sн,8000006,538868,88,30
88,#QLCVY8J2,Brawl Stars,8000036,537525,89,24
89,#290JJRL8G,AT BROS,8000014,535879,90,30
90,#QC299Y,Pakistan Clan!,8000014,534220,91,21
91,#28QQVVR8Q,Hated Clanv2,8000037,530547,92,29
92,#PL22Q82L,Pindi awam,8000059,525366,93,23
93,#29200YJ0R,PAK ELITE SQUAD,8000055,524273,94,29
94,#2JUQ9P229,New Era,8000049,519478,95,30
95,#2JY22PCRQ,REVOLTING BOLTS,8000053,516162,96,29
96,#PY9L2G0P,XxDestructorxX,8000023,514922,97,30
97,#22PLL9PVQ,Poco's Club,8000037,513994,98,30
98,#282VVJJVY,₱✦Ⱨ✦Ø✦Ɇ✦₦✦ł✦Ӿ,8000016,510491,99,20
99,#2RJ0PPJP2,X-Conquerers,8000059,506141,100,30
100,#2G2RPP20R,Brawl Player,8000040,503951,101,30
101,#Q9JVG0RV,danger zone🐾,8000057,498484,102,30
102,#2RU80R0YG,Leon's Club,8000055,493339,103,30
103,#2GGPCP8QJ,Pindi Bois,8000037,490318,104,26
104,#QP9P8G98,Goat,8000021,489713,105,29
105,#29LGGL8VL,Khan ♥️Brother,8000022,480759,106,30
106,#2Q0GQ0080,onlylegends,8000047,479773,107,27
107,#YU0PUUJ2,CALL-ME-X,8000049,478823,108,26
108,#29R22PQ8Q,H R 7,8000037,475534,109,30
109,#QUJ809QL,зятятие чорты,8000007,473987,110,28
110,#2G899V0LY,GSW,8000029,473372,111,30
111,#8GUJ8Q2G,Legendary,8000027,468450,112,29
112,#20GLVCJG8,BORDER FRIENDS,8000049,467842,113,30
113,#Q9UCGCGV,dark king 👑👑,8000033,466663,114,30
114,#2G08G0L9U,gangster,8000048,464002,115,26
115,#80JRLU9Q,Pak tigers,8000014,462749,116,30
116,#9YQG2QU0,LEGENDS,8000050,461934,117,28
117,#29PLJ2QC2,coolclub,8000057,458586,118,29
118,#2YQL9U0V8,masterofwolf,8000055,443204,119,23
119,#URV8UUG8,SuperStars,8000014,442277,120,29
120,#9C2VQCCY,PAK ARMY,8000014,441652,121,27
121,#29CGQRGVC,Relics Unknown,8000050,439018,122,30
122,#2RQ02RU0V,treytrt,8000037,437925,123,30
123,#2JUQUGQ0G,THE MAFIA🦅,8000036,435999,124,28
124,#UVJR9929,<c5>Gece</c>,8000029,435764,125,30
125,#2QVLPQJ80,asherq787,8000013,432847,126,30
126,#2Q29CG8UJ,Saudi Falcons,8000027,432335,127,28
127,#29LPLLQRJ,Fire team,8000037,430110,128,21
128,#QYC22QJC,Deadly Darkness,8000004,429819,129,27
129,#282VGJJ2L,THE WARRIORS,8000057,429068,130,29
130,#PRVRUJCP,Devil May Cry,8000000,427369,131,30
131,#20QJQGJVY,PakARMY4ever,8000029,423965,132,27
132,#2R8P0U8J,The Shadow Land,8000045,422985,133,22
133,#292G8JQU2,Bad_Boyz,8000019,422518,134,30
134,#29CVR8U9L,MAX,8000049,421809,135,30
135,#2J9LC0JU2,The Underdogs,8000041,421600,136,17
136,#RJ9U2292,PAK CLASHERS,8000018,420707,137,30
137,#L88P8U,PAKISTAN,8000027,417116,138,21
138,#8UV9029,PAKISTAN,8000014,416363,139,30
139,#29P8CLJ8C,FRIENDS,8000037,412699,140,28
140,#2JU9RV0GU,OCEAN FIRE,8000000,410891,141,30
141,#2CQCU89U9,Strefa Sp€rmy,8000017,410698,142,30
142,#29R9L8UUU,CRAZY guys 👿,8000022,409479,143,29
143,#L99RYRUY,Boss group,8000021,409249,144,30
144,#282J8V82,Pakistan,8000015,408627,145,28
145,#92YJGPG8,cool bois,8000024,405607,146,28
146,#QLLPQ0JP,Spiky Spartans,8000005,402218,147,28
147,#2RUGJRPLC,supercell,8000056,402109,148,30
148,#2LL8GVCRG,Клуб: #2LL8GVCRG,8000023,399755,149,29
149,#G29QQJ22,БИБИКИ,8000037,396926,150,29
150,#90LG0UCQ,LAHORE LEGENDS,8000029,394204,151,29
151,#22PYJVYL,Death Dose,8000022,392477,152,30
152,#2YYRUL2JU,POWER OF TROPHY,8000023,388329,153,19
153,#28Y2CG0R2,Stars Of BD,8000010,384192,154,25
154,#2JU8GU8C2,Andewalaburger,8000029,383449,155,25
155,#2G80YVJ9R,PAKISTAN 🇵🇰,8000014,383337,156,16
156,#8CPLCPG0,PAKISTAN,8000023,380062,157,30
157,#28GV2VG90,ka918,8000018,378628,158,28
158,#2GUVQ8UJY,Kool Kids,8000037,375131,159,28
159,#RJUJ9UJQ,Zafiboy,8000023,370231,160,28
160,#UCVYQL00,gamers club,8000042,369063,161,30
161,#228GGQULL,Pak,8000037,368667,162,30
162,#29Q0LYGUJ,ASSASSIN'S,8000015,367478,163,29
163,#2R8R0QP22,Real Legends,8000029,366076,164,30
164,#2QPGY009U,Emp200621,8000059,365892,165,30
165,#2880GCYLP,shadows,8000016,364839,166,11
166,#2JRU0RR8,death doners,8000012,363026,167,30
167,#PJJU9VP,United Pakistan,8000014,360760,168,20
168,#298LLYJ9G,brawl sectom,8000034,360556,169,17
169,#2YJV0VG9J,Muslims Club,8000002,359001,170,28
170,#28JQRUG89,The undertakers,8000056,358360,171,18
171,#2RV82LLJ8,야야야,8000021,352030,172,23
172,#2CYCCUVLV,YT,8000046,348594,173,29
173,#Q08G88Q2,star gang,8000027,346362,174,30
174,#2CQPLRPL,AMICI❤❤,8000017,345447,175,28
175,#2G80GVCPV,PAKISTAN BOYS,8000027,344051,176,30
176,#2CPRY00LY,cherryblossom,8000057,343156,177,30
177,#2908YCRV9,me.af.al,8000037,341928,178,17
178,#22R92GGVU,XBOYZ,8000056,338996,179,28
179,#2C990R0U9,Titan Cascade,8000036,337891,180,27
180,#2JGLRGRJY,TOXIC ESPORTS,8000021,337597,181,14
181,#2RLRC00G0,Brawl Star,8000016,336348,182,17
182,#2GPJRG9UL,brawlers,8000016,336311,183,30
183,#2GP2JYY88,Pak Brawlers🔥,8000014,335780,184,29
184,#VVGJLVG2,Pakistani gamer,8000029,335028,185,30
185,#98CYRL8,Pak Brawls,8000015,330875,186,19
186,#LVUY20Y,Hunters,8000004,328504,187,28
187,#2LQG8JY88,Picaro!!,8000029,328163,188,24
188,#2JPLGC2JR,The Ashes,8000037,325661,189,25
189,#8RJG92JG,king pak,8000027,325520,190,30
190,#2PGJRUCU9,WARRIORS,8000018,324831,191,26
191,#YC0JYVUY,TOXIC DUDES,8000039,323523,192,13
192,#2JPVPVLG2,Brawl Legends,8000029,322733,193,12
193,#20GYVQ22Y,JUST BRAWL,8000042,321718,194,30
194,#2RU2GQQVQ,Pak Force🇵🇰,8000015,320971,195,20
195,#YCP9RURL,goku😈,8000033,318444,196,17
196,#29RUQQU8Q,BRAWLING😈GANG,8000018,312579,197,23
197,#2JYRYPVVJ,Only for chat,8000046,311339,198,28
198,#220U9R2JG,OLD. SALOON,8000005,310289,199,11
199,#29Y828YPL,ProBros Esports,8000019,309421,200,30
