,tag,name,badgeId,trophies,rank,memberCount
0,#2RQVJVUPY,BelieverFever,8000029,1129013,1,30
1,#2QL92QJU9,Fily Duck 2.0,8000057,850614,2,30
2,#Q8UPGGGJ,Dark Night,8000031,747963,3,30
3,#2GRP9CP2V,⚡ONLY ⚡,8000055,652800,4,30
4,#2C9YR2LR9,NG | ESPORTS 🏆,8000029,607089,5,29
5,#UCJ22PUP,鳳凰會戰隊,8000057,603204,6,26
6,#2J9GRPPVJ,Team,8000059,537184,7,29
7,#29GRL0VLQ,kaktusiki,8000013,532381,8,30
8,#299L9RQRV,The Jade Bullet,8000026,448513,9,30
9,#298R2YULL,Ziqwaak,8000007,441985,10,30
10,#GRCPC8R0,I MITICI PRO 5,8000019,410528,11,30
11,#2G8UVUGGL,Deez Balls,8000048,401551,12,29
12,#299GCPYG0,najlepsi koledz,8000019,381353,13,30
13,#2RG82LRR0,мафия 90 стых,8000004,375540,14,24
14,#V0GCY0YY,KRALLAR,8000006,373760,15,29
15,#29C2G2UJ9,Fily Duck 3.0,8000057,356956,16,27
16,#2Y8JQL0RV,Cats Top: Elite,8000036,353155,17,24
17,#LY0JJ00C,українці,8000013,335144,18,28
18,#9JYLC92J,Omas mögen GET5,8000029,272822,19,21
19,#2JR9JUCGQ,sei in multa,8000046,267016,20,30
20,#28P82R9GR,AMOGUS🦄,8000039,251566,21,12
21,#28LCUC902,маникены,8000039,250089,22,13
22,#29G8PYLQY,fire Man only,8000044,236471,23,30
23,#2G82QJQUL,AZERBAIJAN,8000037,230043,24,25
24,#RYRVVRL0,Loan La TePu,8000029,230011,25,23
25,#2P898GCJC,Brawl House 🏡,8000025,227687,26,22
26,#2RPP2JQQY,🏔️Урицкое 🏙️,8000057,225864,27,27
27,#LYCJ0RUP,Gozilla,8000018,225664,28,17
28,#29YPRPVQC,『AZ』LERİK亗,8000023,222336,29,13
29,#LRGC0G0Y,ESPAÑA🇪🇦🇪🇦,8000023,221857,30,30
30,#2C89JUP29,İT OLAN AYILAR,8000034,216223,31,30
31,#UPGLU00V,каегор,8000009,214915,32,27
32,#RQ2JGQ99,ɱɑɲɠ‿ɠɑ,8000007,213327,33,30
33,#L2CQ0PVY,SaRqwe,8000016,211694,34,10
34,#2YVU22QCR,бравлеры,8000057,208657,35,29
35,#90QJRRQ8,Quintessential,8000027,203651,36,29
36,#29R80UUVU,Zxc,8000059,202763,37,24
37,#2Y929JRCQ,독삼재,8000058,196110,38,30
38,#2QVQP8RJC,УКРАЇНА,8000037,195716,39,28
39,#J808YJ99,виталюр,8000022,193851,40,30
40,#2VLJGCPV,krasse ranser,8000023,184936,41,29
41,#28PPV2JLG,prolar gelsin,8000029,183688,42,21
42,#28PU8V2Y0,TeamWariorsXtra,8000008,183446,43,17
43,#229QJP08C,COSTA MAGNA,8000007,180893,44,10
44,#UG29J9GY,Meliskus clan,8000018,178540,45,10
45,#QYV2YG98,жодо,8000002,178518,46,30
46,#UUYLR8PG,brawl_life_medi,8000015,176503,47,29
47,#L20U2G9P,Los mejores<3,8000013,175796,48,23
48,#28RLY2ULR,eva nb,8000023,173696,49,29
49,#28CJP2L09,7а мега,8000004,172884,50,8
50,#208UVRCLJ,легендарные,8000018,171427,51,30
51,#2LJUGQPQG,мастер топ,8000049,164439,52,29
52,#QJQQ2228,LTC'club,8000013,161427,53,30
53,#22R9LU9LC,MoinMeister,8000019,161292,54,30
54,#28LVJYCJY,42_FUTBOL_42,8000035,161045,55,30
55,#RPJLVJLU,ц456,8000025,160301,56,22
56,#2C99CLYYC,NN Clan NN,8000030,160218,57,13
57,#2GY809Y2P,Team 2.0,8000010,156288,58,30
58,#2JYU9G90Y,SAD,8000003,156179,59,16
59,#VUU889P8,고마우이 들엉,8000021,155833,60,14
60,#2C8G90J9Y,Thosepeople,8000040,155640,61,17
61,#2292G92RY,wjdjd,8000043,153772,62,21
62,#U0900YJ0,ВОВА,8000018,153151,63,29
63,#URUCY8GJ,Кефир про,8000008,151046,64,28
64,#209JPUCPP,РобзиБанда,8000004,148829,65,30
65,#2C2YY88JV,Nᴇᴡ Tɪᴍᴇ❄🦇,8000038,146706,66,5
66,#2RY2ULG9V,🎅Santa❄Family❤,8000023,145482,67,5
67,#2QQUGRJCL,ЛЕГА,8000018,145202,68,19
68,#QGG209P0,האחים המנצחים,8000046,144453,69,12
69,#2PQ8QLQQ9,BRAWL RUS|YT☔︎★,8000057,144189,70,11
70,#2LP0UCPYU,путь 50000,8000029,140450,71,29
71,#20GYUUVLQ,Migran Bust❤️,8000046,140207,72,27
72,#8Y0PU8G8,YUSUF ve kadir,8000057,139765,73,26
73,#QJ992GQG,123476,8000023,139211,74,29
74,#2802L90CL,지후나라,8000023,138950,75,27
75,#8Q9YJG02,FHRITP,8000001,138506,76,25
76,#J0PYP0QP,аллд,8000001,138339,77,29
77,#U0RP09CG,братство каркар,8000057,137810,78,26
78,#288GQJ8Q8,DerNiter,8000006,136998,79,20
79,#GPC9J2G,Cacti,8000009,135024,80,30
80,#2QCG80CPR,767676767676+++,8000006,134577,81,30
81,#JUP9CYJR,нубикирубики,8000019,133905,82,26
82,#22L2R2Y0Y,Scheißboxer,8000004,131472,83,21
83,#2JGLLU9GV,nextiu,8000055,131395,84,27
84,#YJ8Y8VCJ,эмик,8000048,130792,85,18
85,#2YRQPQ282,фарм кубков,8000029,128972,86,23
86,#2LGLRUVCR,OYNUYORUM BRAWL,8000029,128540,87,30
87,#2GGYQRCYL,Los papus,8000037,128405,88,5
88,#2PUR2RUQR,2355,8000007,126781,89,26
89,#RYGGG0P,river plate,8000023,126327,90,30
90,#282YJUG0L,цува,8000024,124861,91,24
91,#28CL80CR9,33xClass,8000018,124036,92,28
92,#28VC8VQLR,Вася пупкин,8000053,121931,93,8
93,#289G9VJ8C,екубяк,8000051,120265,94,29
94,#QVPV0Y8L,나스리니,8000059,119551,95,29
95,#200C2P9P8,мит ору,8000059,118677,96,29
96,#C9LYJQV8,олдщзх,8000003,118093,97,19
97,#28J8J0G29,WINERS,8000057,117809,98,30
98,#Q88V20VV,neki tamo lik,8000005,117588,99,9
99,#L0L2QGRC,Poleñino city,8000004,117062,100,29
100,#20L0Q002Y,КЛУБ ДЕВУШЕК,8000021,116130,101,29
101,#JY00RU2J,MEGA BOSS,8000015,115988,102,29
102,#208JGR8L8,AKYILDIZSPOR!,8000029,113207,103,26
103,#Q0PYP9CP,Jusiron TOP,8000010,113041,104,25
104,#2JYLLC0PR,МЫ ТОПЧИК,8000031,112300,105,28
105,#8JPCL09,GMTMK19,8000007,112291,106,30
106,#YPPYY2LV,Тимофей И Тимур,8000003,112254,107,24
107,#J9RCRU82,Сэнди...,8000018,111601,108,30
108,#VUJUV0UG,justees nabo,8000012,111430,109,17
109,#990QVCU0,ESPADA,8000059,110760,110,5
110,#208RV0Y29,León brawlers,8000054,110647,111,14
111,#CGC008LJ,PROKILLER66,8000004,110336,112,29
112,#UCU209GC,💙BİZ BİZE💙,8000006,109039,113,26
113,#28JQR9URR,ЗАДИЗЫ,8000035,108725,114,11
114,#2LU0PJ9YP,ёжики в штанах,8000048,107884,115,30
115,#29QGYY28R,семья маржаны,8000039,106995,116,5
116,#LJU0UUY8,Чики брики,8000018,106835,117,7
117,#208RUPR9R,калодиц,8000037,106554,118,26
118,#22R2CPGVL,🌌Yuriol,8000001,106466,119,26
119,#UL22V2RC,КОТИК И СОБАКА,8000011,106253,120,26
120,#2QR2PR0UV,King 👑🔱🏰,8000029,105995,121,8
121,#CL9VCPJU,crisgelu,8000025,104575,122,23
122,#UVU020RC,amcanın miy.avı,8000009,103991,123,26
123,#P0VGY82U,ХОЧУ АМБЕР ПЖ🥰,8000029,103843,124,29
124,#2P082G2UJ,лвоьп,8000004,103750,125,29
125,#Q2GQ9PC2,FNAF 6,8000011,102932,126,28
126,#PVQ0VYRP,2 лучших брата,8000018,102621,127,30
127,#QL2YLRV9,ولاد الخالات,8000051,101541,128,10
128,#YCV20JVV,ıce gale,8000037,101098,129,11
129,#2PJPGC82L,Dinastía Ming,8000029,100775,130,17
130,#2CLRVCQ2P,MESSİ,8000037,100715,131,12
131,#2LCVYJL2,momolezigoto,8000029,100633,132,25
132,#202RYQ9YG,дачники,8000002,100415,133,16
133,#2QPPJ0UPY,Жестка,8000053,99810,134,5
134,#QY0UPJ2Q,idi nahui,8000022,99694,135,9
135,#2L92U0J0L,_tatin_fan,8000049,99007,136,27
136,#UVYJ2RP0,iau,8000020,98877,137,29
137,#2GG9JVQ0V,хим хам ахма,8000026,98615,138,25
138,#2JUJ9UGYC,BBsg,8000055,98505,139,4
139,#UY8Y9QPR,saul93100,8000015,97954,140,25
140,#LG292PPR,Кирилл и Никита,8000047,97816,141,11
141,#2QQ0UCV90,Le Pennytencier,8000002,96488,142,9
142,#2JQP82LL0,<c4>Grif</c>fon,8000032,95209,143,6
143,#28JQ2RY20,😎😎😎🕶🕶🕶,8000053,95143,144,26
144,#C99289QG,палундра ёмаё,8000002,94915,145,30
145,#GRG20QL2,Друзяки,8000018,94710,146,22
146,#2QP99RRLC,szymonkowo 😂,8000035,94405,147,5
147,#GLJYCL09,Вадим Т. С.,8000028,92975,148,29
148,#2RYQJ220U,emanon,8000022,92782,149,9
149,#CJP20YCG,franta a max,8000023,92545,150,28
150,#28QGQ82CJ,BULL TAME,8000013,92011,151,28
151,#29JJ292YV,LowAccPush,8000056,91255,152,8
152,#2YPRPJ0PP,A1.H1.N,8000059,91229,153,20
153,#28JRVGCUV,ак про,8000030,90664,154,22
154,#28GVGUGG8,pro vs ege,8000055,90578,155,9
155,#2088Y88J2,друзья,8000059,90472,156,27
156,#28892UVYL,Los 3 reyes,8000037,90192,157,10
157,#CGQ92YV0,про то что,8000005,90162,158,29
158,#U0PCYYG8,אילג,8000003,89295,159,18
159,#2Q9PPR9PV,556655,8000001,89290,160,30
160,#CVLC0RRP,Жардем,8000008,89191,161,30
161,#209YYQ9PJ,바봉,8000021,89184,162,27
162,#8Y8UCPYL,Coca(Segovia),8000019,88434,163,30
163,#VQLRJPVJ,аа2,8000013,88428,164,29
164,#9J8L0LYU,ЧЕБУРАШКИ,8000057,88035,165,10
165,#QVRRCLLP,Supervivientes,8000004,87845,166,21
166,#2GLUPY090,gutglick,8000015,86863,167,30
167,#JP20JUVV,ьти,8000017,86678,168,25
168,#2GVQJPYYV,Ylenzo le pro,8000049,86247,169,29
169,#2LJQJVVRP,K4K1R6I4,8000029,85118,170,7
170,#LUJ08GV8,בוט 100,8000011,84546,171,29
171,#L099L9CY,Bea one love:-),8000010,84249,172,26
172,#VVCY2J00,111SXB,8000033,84182,173,28
173,#2J2PCCGRC,30000 куб пуш,8000057,82088,174,5
174,#2PJ0RULVC,ExPol Klan,8000026,81892,175,21
175,#29LU08YYV,BUZZ GAY PARTY,8000033,81851,176,4
176,#20CU88RLQ,прив,8000011,81596,177,12
177,#2PPULV9R8,$6-А$,8000006,81355,178,21
178,#8L8UQLGR,хЗ,8000035,81253,179,27
179,#29J8VL8U8,Physic🌖🔥🔥,8000030,81024,180,12
180,#CCL9V020,ZMEE4KA|TV,8000014,79799,181,24
181,#9Y9CUU9J,ку ку здарова,8000000,79632,182,29
182,#YQ8882VV,арпа,8000029,79625,183,25
183,#2VRYP0PC,аа,8000013,78878,184,14
184,#20CCVP00P,бот 4,8000043,78825,185,11
185,#RYP8999J,[MOSCONI TEAM],8000020,78740,186,8
186,#292Q298QQ,palcoi,8000003,78133,187,28
187,#20VUL2G2U,эдгар,8000047,77337,188,7
188,#2GJU2VQPC,Лопа,8000035,76501,189,27
189,#2YR0PY98Y,макс🐈,8000022,76143,190,22
190,#8VV2QLP,pisikopatlar😑,8000029,75822,191,22
191,#2G0LP0C2J,KANKALAR,8000000,75421,192,17
192,#2PLV9J200,ŜìMŀÈ_ŜQûªĎ,8000024,74998,193,25
193,#QPY2JCRP,МОРГЕЙШТЕЙН,8000013,74599,194,28
194,#Q0PQ80PY,bg ou lette,8000055,74528,195,9
195,#VLQLC0UY,YALNIZ KURT🤘,8000057,74178,196,13
196,#P0Y0G8GY,рашир,8000055,74137,197,6
197,#2YU8QPPQR,стоимость 20к,8000048,74121,198,23
198,#VYYYVJC9,YT–VITAL_SHARK,8000049,72665,199,22
199,#L9J2LG2Y,лиза и натя😻,8000029,72112,200,27
