,tag,name,badgeId,trophies,rank,memberCount
0,#2CP8UPCUV,Хижина Кеилса🤍,8000039,1181388,1,28
1,#29Y0QY8VU,poi like 🍣🍣,8000059,855116,2,30
2,#29P8VCYY2,🌇MasterGang🌇,8000049,817541,3,29
3,#QRGG80QQ,Eat HotSauce,8000059,790653,4,29
4,#29JPYR20P,MacacosFC,8000037,688342,5,30
5,#2PL0Y8J2U,Power,8000057,617290,6,30
6,#2G09RRYJY,morweshou,8000041,610978,7,29
7,#LPPRJLPJ,Brawl. Lords😈,8000055,601850,8,27
8,#2C8V228YJ,CHAMPIONS,8000023,581288,9,28
9,#208JVL9L,Qwerty’s team,8000013,551953,10,25
10,#2JG8C8P2Q,[MMA]mma,8000023,501032,11,28
11,#2G9UC8PC2,Agent Goroh,8000029,460491,12,30
12,#22GLUVG0R,kwarkmarkt,8000029,448942,13,27
13,#2QY0VU9JP,빡빡이,8000057,417523,14,30
14,#228YP8QJR,Simoxel,8000005,390082,15,28
15,#2GVLUL2UU,AGG,8000017,372531,16,17
16,#29PPYG9UQ,minecraft😈,8000005,354485,17,29
17,#2QCJLJRJ0,RANGERS TEAM,8000055,352411,18,14
18,#2PVRPVYGR,legendarySquad,8000032,352359,19,21
19,#289PCU2VC,Eagles Esports,8000037,319477,20,18
20,#GV2YVRQQ,Aktiv,8000033,317693,21,2
21,#VJ8R0J0G,Bät Bois,8000029,302260,22,22
22,#2QP28JYRU,amigos 6g,8000059,297931,23,22
23,#2P9QV9G0U,Dianema Team,8000000,297532,24,15
24,#Y9YJV2VC,Brawl|s(Mortis),8000046,297348,25,15
25,#2GYL9GL09,NOTA REVIVED,8000021,285856,26,18
26,#L0L008Y,Too Yeezy,8000029,275987,27,30
27,#2GRGJLLPP,ya ma ka,8000006,269399,28,30
28,#2G2YULJUU,gangster,8000058,265627,29,30
29,#2C999YVQP,repka,8000057,262994,30,14
30,#LUYYGL0L,Move_House,8000015,258379,31,17
31,#UYL0YUVQ,läuft,8000009,245756,32,20
32,#LPLC22CG,лимончики,8000013,242103,33,18
33,#29L2R0PRJ,bejaarde honden,8000017,238994,34,25
34,#QY8CUP8P,흔함남매,8000007,235322,35,30
35,#8UUVVVGR,pêche,8000007,233673,36,29
36,#29Q8JVCCJ,💜QLS|Topers💜,8000057,232330,37,30
37,#22J2QYV99,Der $pReIk,8000003,230856,38,30
38,#RVRUPQGG,World pushers,8000002,230559,39,17
39,#28LQG99QU,Mt israel⚡️,8000003,228860,40,10
40,#2QGRL92LJ,MQ|Marry Qrist.,8000037,225274,41,17
41,#28PCPVLY2,MILKY WAY🌌,8000019,223018,42,14
42,#UU200CUV,WedigscherOrden,8000029,222090,43,28
43,#82LVVGPL,los pu+eros,8000025,216924,44,29
44,#2QJPG2,Antiiguo Royale,8000004,214527,45,25
45,#YPVLYYU,MMAcademy,8000021,213569,46,29
46,#JRRVUJ2,LCMS,8000001,203520,47,26
47,#2GPQGUJ2J,Deep Clan,8000056,199853,48,20
48,#2LCR8GQ8R,oP|itaL1,8000003,196121,49,27
49,#Q982U982,BS,8000016,193872,50,30
50,#20UU2Q99,big boi gang,8000007,189403,51,23
51,#2GJ8J2UP0,Шалунишки,8000043,187946,52,7
52,#228J2R9R8,Перчики Клуба,8000037,187110,53,11
53,#22LGVCLVJ,очькоеды,8000035,186447,54,12
54,#2R2C8CL02,Be in Love Dora,8000041,185100,55,15
55,#JLYJV2G2,die coolen😎😎,8000027,184472,56,10
56,#29QVUV90C,KentuchyNever🤨,8000049,181983,57,29
57,#QVPRYQYQ,i kebabbari,8000056,179422,58,25
58,#22LYJ9CRY,мы бро,8000059,179316,59,30
59,#YJLGLY82,заходи бро,8000049,175444,60,13
60,#2GL8299PP,58STARS,8000029,171727,61,9
61,#Q0P0J9J2,Україна Топ,8000029,171570,62,4
62,#2QC9UG9Q0,club dos amigos,8000023,169384,63,30
63,#UCLR9U99,генваг 3,8000000,168202,64,29
64,#2JPPY8UJY,ZEUS Esport,8000057,163711,65,11
65,#L2CVCJVJ,oooooo,8000011,163082,66,29
66,#2QVYU9QC9,☝️волк ауф☝️,8000004,161808,67,29
67,#2982VGQP0,мишка про,8000029,161326,68,30
68,#2JQ9G2YJG,6-H GENÇLİK,8000049,160031,69,13
69,#PQU9Q9YL,SN BRAVL,8000037,159755,70,17
70,#2CRL9YRLY,NewAzerbaijan,8000037,159145,71,17
71,#2Y9CGLJU2,Japanese,8000016,158297,72,30
72,#2G9JQY2VJ,миша не про кэч,8000010,155359,73,9
73,#2Q89VYY9P,Сочи,8000022,155100,74,30
74,#L9UCVLPY,H/Y/M,8000036,154987,75,16
75,#GGU8VR8J,Пипетки,8000028,153328,76,17
76,#2YRRCQ9QP,Колибаба,8000039,152601,77,29
77,#2LCQ2J9CP,Decent Hunters,8000007,149968,78,6
78,#2LYQL20JQ,Тикио,8000022,148422,79,30
79,#P0YRV200,I drogati,8000022,146012,80,17
80,#QQQRCG8Q,TCE/E-spor,8000059,142539,81,30
81,#2Y8L0LC22,Smeeree,8000041,139126,82,27
82,#290R2C8Y,клан везуч ак,8000017,138859,83,28
83,#2Q8GQLJCC,artsam 😂😎,8000046,136311,84,30
84,#2JG8LU0PU,LuFe,8000057,135646,85,11
85,#2Q898R9RR,зазал,8000023,135149,86,14
86,#2RU9YJYJG,Churki Rulyat,8000009,133948,87,10
87,#2QG2L2YUU,msmt,8000000,133715,88,30
88,#LL2LGPRJ,LW|Strongi🗣️,8000038,132898,89,6
89,#28Q22J2LC,BRAWL BOYS TOWN,8000019,132213,90,20
90,#202LPC98L,TOXIC MENS,8000055,131191,91,13
91,#VQYQ89PV,Чубрики,8000014,128030,92,17
92,#2JVC0RGRV,OK,8000000,127984,93,12
93,#JLPV00P0,Tima pro,8000007,126913,94,25
94,#2R82VR22J,🕸️ZXC|GHOULS🦈,8000053,126503,95,30
95,#QGCLG9GQ,победитель!!!,8000017,124475,96,28
96,#29GLUPCPV,kriaria,8000057,124393,97,14
97,#220YGR8CL,мармоки,8000007,123933,98,25
98,#9U0RYC0P,локсик,8000057,122461,99,22
99,#2JJQG08LV,inactivos 🥵🧐,8000025,122377,100,14
100,#29JJUULYR,=3e0,8000026,120685,101,30
101,#LYVJ9GRQ,про по канектер,8000023,120552,102,26
102,#2CR0UPGRQ,kankalar,8000011,120542,103,30
103,#8PVC8YUV,Fatty acids,8000013,120439,104,7
104,#9UPYU8JG,DuTTeRi,8000007,120156,105,12
105,#VVPGGULP,Legendäre,8000029,119578,106,29
106,#28JVPQJP8,Tamil,8000017,119424,107,30
107,#VVLPJPJP,АУФ И ПРО,8000034,118771,108,12
108,#VGGPPVG2,האחיות,8000028,118705,109,22
109,#2Q9VG8PLU,💈BarberShop💈,8000042,118493,110,9
110,#2GLLJVJCL,Круті Бравлери,8000047,118249,111,30
111,#2GL8PGQQC,the BRAWL STARS,8000050,118076,112,22
112,#CLGLRG2R,cool boy,8000051,116422,113,17
113,#2QRQ28QYY,БРАВЛ ДАР,8000057,114195,114,22
114,#QJRQV0Q9,сузуки,8000021,113999,115,30
115,#2GLGJ90VJ,Я натурал,8000012,112867,116,29
116,#R9CPRUJ,KoolKrabKomitee,8000023,112067,117,29
117,#YULVUQGG,메카하트나이트,8000029,111590,118,26
118,#299LJGV9J,сева и Кирилл,8000003,110868,119,25
119,#UYGC2JUG,palo,8000023,110223,120,30
120,#QRGCR8CG,Los cactus🥵😎,8000013,110171,121,11
121,#2CP08U9GG,лысыи пантера,8000046,110151,122,7
122,#2C2PVQR0C,die cuulen,8000056,109675,123,26
123,#2YGY0RVVG,amici fedeli,8000036,107402,124,17
124,#LY0L8JQ9,NOTA Team,8000021,106477,125,6
125,#2GYGRGQ80,T.T.K.,8000053,106399,126,7
126,#2GLURCULY,АДИДАС ТОП,8000056,105696,127,25
127,#UYUVCPRG,CODEMAGIC PN,8000027,105454,128,29
128,#2PV8VPJUJ,DieBroiler,8000037,104514,129,6
129,#2VQGJUY9,孤儿院,8000029,104325,130,9
130,#2RUQUY2YP,Боевые Хомячки,8000029,104202,131,7
131,#JUY0RJJ0,изи мен,8000057,103932,132,19
132,#GR992RQR,Некъ,8000029,103874,133,23
133,#GP990G2R,Черепок?,8000000,103725,134,21
134,#2PPJJP9GR,MILLION,8000019,103159,135,20
135,#QLRV02J,BANDA DEL PATIO,8000013,102396,136,6
136,#2R009P2UC,DEGS VIRAL,8000057,99788,137,8
137,#2P2CVR9JR,Team Hxpe,8000025,99453,138,21
138,#2GC20VQUC,Armen+Yiar,8000047,98878,139,29
139,#VU2G9R2G,Keara_lions,8000029,98864,140,25
140,#2Q9Y8VY2Q,KING GG,8000029,97770,141,30
141,#P2Y8PVQJ,I SUINI piccant,8000004,97769,142,14
142,#8YGJGVGP,민준이,8000000,96879,143,29
143,#22YV8GLR2,Бойцовский Клуб,8000005,96297,144,5
144,#2Y28LGJVU,бебра смачная,8000035,95436,145,27
145,#280UQRVVY,ОХОТА ЗА МИФАМИ,8000037,93605,146,30
146,#J2R0RPQ,bästa katterna,8000014,91961,147,23
147,#L9LRGCLV,легенда,8000023,91862,148,5
148,#2CP8R8QQL,МЕГАКОПИЛКА ФАР,8000036,91005,149,9
149,#GJ8R2Q,PINSHE NOOBIE,8000023,90417,150,21
150,#20JR8QC28,la team familia,8000008,88504,151,17
151,#9289RLLP,Sensiz1Gün,8000006,88133,152,8
152,#2GRGGYVUU,red228,8000056,87807,153,12
153,#2LC0G28RY,эли2021,8000007,84122,154,28
154,#28JJ98VPY,друзья,8000059,83715,155,9
155,#2JP02LQPU,Малинки,8000049,82849,156,9
156,#2JUQ9VJUJ,viderclan,8000023,80830,157,3
157,#2J8PRJP9G,D͎E͎N͎G͎E͎R͎�͎�,8000004,80721,158,8
158,#JLQ9G2UL,MAKSIM SHAMAN,8000016,80614,159,29
159,#2JQ9VYYQL,Navi GG,8000035,80503,160,7
160,#28RRG88GV,Pensil,8000045,79669,161,9
161,#CQ28QGCG,SGB11,8000005,79113,162,27
162,#2YUJ8J29,Ara Pacis,8000025,78810,163,6
163,#VU0UGR9G,Бравлики,8000034,78564,164,9
164,#2822J2PR8,brawl stara gem,8000057,78403,165,6
165,#229LL8CLQ,Russia,8000000,78072,166,7
166,#2J88LGVUQ,Крекс пекс,8000029,77657,167,5
167,#29GYJ220P,гей,8000024,77254,168,23
168,#20V88LPJ9,Cool FiRes,8000037,77245,169,5
169,#29YR08QU9,kulüp,8000005,77114,170,14
170,#VUR0LYJQ,LEGEND'S TEAM,8000056,76397,171,6
171,#9JVPUUU2,Legends🤡,8000034,75909,172,4
172,#22PVCY9JR,kaasisleker,8000006,75586,173,16
173,#VJUCPY8V,∆∆∆∆∆✡️,8000039,74460,174,9
174,#2RV0R0VVC,Топ бротва,8000037,74191,175,15
175,#P9RGR2UR,Lucretia,8000029,73478,176,9
176,#2QRV2LGQR,Pff,8000023,73256,177,3
177,#2RP8Y8Y9Q,путь примо,8000038,73154,178,9
178,#2GVY0V020,F - Team,8000042,73150,179,5
179,#29QP09R9U,элита лучших,8000003,72146,180,25
180,#R98VQYL8,skilll,8000029,71543,181,11
181,#8QYQ8RP,Manly FC,8000003,70842,182,16
182,#89QCCL,PeroWtf,8000016,70420,183,27
183,#28UUJYLUR,какушка,8000023,69819,184,30
184,#Q2JGY99U,qqklub🖤,8000052,69757,185,2
185,#2J88L0Q0R,гейклуб,8000001,69427,186,15
186,#JJ0RP2L9,Братья лег,8000004,69277,187,30
187,#VY09RCP2,Los GILiPOLLAS,8000013,68787,188,16
188,#2J2GC8C9V,Дикий Кактус,8000013,68311,189,12
189,#JGGGQC80,V ł̇ ₭ ł̇ ₦ ₲,8000008,68197,190,12
190,#2LYUQ2CUY,Мои 2 акки,8000013,67111,191,30
191,#YJGY99PY,<\\ÑøøBŠ//>,8000029,66423,192,9
192,#2299UR9CL,工 ﾚ o √ 乇 ㄚ ◯ ∪,8000019,66385,193,3
193,#2YYY9Y2L8,ОпАсНаЯ ЗоНа ☢️,8000004,66236,194,10
194,#2RC8VYPRJ,Vişneli Turta🍒,8000007,65969,195,21
195,#2P9LJU9P,лето 66о,8000029,65826,196,28
196,#2P9JRQLYV,Die Besten,8000013,65552,197,25
197,#2Y08P8V88,GOLDMEACHAARMY,8000055,65375,198,15
198,#V8PGUC02,дато ладо,8000000,65317,199,19
199,#2C8PY8J2C,Заходи бро,8000049,64927,200,3
