,tag,name,badgeId,trophies,rank,memberCount
0,#2PL28P0CQ,Tribe Gaming NA,8000023,1486989,1,30
1,#22GLVVCUY,MNX<c5>DARK</c>,8000055,1388295,2,30
2,#2QVRQ9GV,ENDGAME PR,8000057,1359750,3,30
3,#2R0GU2CC8,Los Bijus,8000037,1275809,4,30
4,#29YY0YLVV,HeavenReachers,8000055,1232907,5,29
5,#2200Q0V9G,Pro Players,8000035,1213130,6,30
6,#28CUCC8CJ,Team Heroico,8000037,1198681,7,30
7,#2JJJ9U8QV,CAPITANES,8000057,1166409,8,30
8,#2G08U29R0,♕BrawlKings🇵🇷,8000029,1164583,9,28
9,#2JPCLLQL9,🏯F. DORADA🏅🏯,8000049,1130711,10,30
10,#2989PCVL0,Los Intocables,8000023,1114521,11,30
11,#20R82J8P,P.R.Brawlers,8000041,1106378,12,30
12,#22QR9LPQ8,On Full Blast,8000034,1086598,13,29
13,#2R0V8YUPP,Avengers,8000002,1001898,14,30
14,#L9J9QVQ,Puerto Rico #1,8000021,999598,15,29
15,#29QYYCYQ2,Elite|Defenders,8000037,971477,16,28
16,#28298L0VQ,ULTRA CLUB,8000053,937968,17,30
17,#L2U2YJ0C,ROYALS STARS ⚔️,8000021,930521,18,30
18,#20PUVJRCC,PR Lions,8000037,916208,19,24
19,#2C89YCP2C,ᴛᴇᴀᴍ ᴏɢ👺,8000034,908562,20,28
20,#28L9C88YR,King's of Gold,8000029,902586,21,30
21,#2CLYCP8JY,TM|TEAM MORTIS,8000025,882193,22,30
22,#28CV0Y92Y,SayanBrawl,8000004,878375,23,30
23,#2JP2UC2V8,Among us 👍,8000031,869117,24,30
24,#YUP099CV,Leal Legend🎖,8000037,858017,25,30
25,#2RVJJCR2G,⚡BrawL|HUNTERS⚡,8000019,847642,26,30
26,#2P92P900P,THE 10 LEGENDS,8000029,847470,27,30
27,#2LGQCGYCJ,THE AKATSUKI,8000034,843612,28,30
28,#2J2P99QJG,Losinmortals💨,8000029,836961,29,30
29,#2PV09VLU2,♡TEAM DARK♡,8000029,833472,30,30
30,#U209RG20,Los Titiadores,8000003,830851,31,30
31,#UCQVC9Q,⚡️upu Gamer⚡️,8000007,827519,32,30
32,#2JCYYGQGQ,FOR_GOD,8000029,818800,33,30
33,#2C09PUV22,The cave,8000059,816515,34,29
34,#299LLVRY,SHADOW STORM,8000055,792043,35,30
35,#29202L8QR,Los Toys👹,8000004,785836,36,29
36,#P998QGQV,Los mutzes,8000053,780479,37,30
37,#9LRLJ9YC,Puerto Rico,8000013,780312,38,30
38,#2JQP09829,VR$ACE🐐,8000021,779189,39,30
39,#LP0LY08G,🐲mongolitos🐲,8000043,755945,40,23
40,#2JPG9P29L,CAPITANES 2,8000057,735371,41,30
41,#2C98CRGVY,INDESTRUCTIBLES,8000029,717833,42,26
42,#2C0JC2LVU,AS,8000035,708456,43,30
43,#2JL2J2RQC,StrawberryKiwi,8000011,701417,44,27
44,#2GVVG2YLR,Puerto Rico #1,8000023,701065,45,28
45,#292UVP8JP,H.C.W,8000029,700903,46,30
46,#2JQYQPPRY,Mutacion Global,8000008,698690,47,30
47,#2JVPGLGYJ,Mojabi Ghost,8000057,691383,48,26
48,#G99CCV8Y,los wey,8000023,663873,49,28
49,#2Y9YGGP2L,Black Bulls,8000049,653456,50,30
50,#2Y8Q9CGUV,ENDGAME DEMONS,8000050,649644,51,27
51,#2PLG9YCYQ,PRO BRAWLERS PR,8000029,647489,52,24
52,#LR002G0P,los PR🥵,8000023,644133,53,30
53,#YUJ2GQJR,DK GAMING,8000016,635949,54,28
54,#U2JRJU8Q,The Ambition,8000029,632135,55,30
55,#L822LVQ8,PUERTO RICO,8000049,631331,56,30
56,#2R2L92P0R,Odyssey☄️,8000006,626214,57,28
57,#2JUQUYULR,ESENCIA,8000057,617560,58,26
58,#92J2JRG2,LegendsPR,8000037,605821,59,29
59,#290JCQQVY,🍃Løs Cuchïllas,8000029,601555,60,30
60,#2J20G88Y8,Brawlicious,8000011,600057,61,30
61,#LCUYL2GP,P.R. Clan,8000004,599482,62,30
62,#UJJ90RUV,Team BS,8000004,596558,63,30
63,#2JLQL22RG,UltraDarkSword,8000041,594909,64,30
64,#9P2L0VQQ,team gatos,8000023,594090,65,28
65,#QYJPPYU0,H # HeavenReach,8000029,593053,66,30
66,#2C8ULCP9Q,D3|FAKE,8000007,588950,67,30
67,#29Q90PG9L,FANTASMALES,8000039,588292,68,30
68,#2JJ0QPRYG,RELAPICE❄️❄️,8000053,587891,69,30
69,#2R0UC2UQU,Cilantrillos,8000045,586309,70,30
70,#2JYLGCCUG,Team leyends,8000023,575539,71,30
71,#2L992QR,PRPower,8000029,567821,72,30
72,#2JC2UGJPP,Demons!,8000004,565093,73,30
73,#2292GJ92,FreeTash,8000014,557610,74,29
74,#2YVV2RYJ9,🥀KING MØRTIS🦇,8000011,555160,75,28
75,#22Q282V2Q,Borikén Knights,8000004,553166,76,27
76,#LRQ0Q892,MontaPuercos🐷,8000046,552328,77,30
77,#20Q9L8GV2,Los de P.R,8000007,548879,78,30
78,#2JJ2R89L8,The Spookers,8000043,547187,79,27
79,#2GLQQUJU9,Z al cuadrado,8000013,546566,80,30
80,#YLPPCJVC,Knights Slayers,8000023,544761,81,29
81,#2JLVYUU0L,LPD,8000055,528732,82,26
82,#28LR2JUPJ,The Crew,8000045,527259,83,30
83,#28PG8VVJJ,Español,8000018,525963,84,30
84,#2RUR8CL0L,los pros de PR,8000055,522167,85,29
85,#228VGP8VR,los duros PR,8000023,518389,86,30
86,#29JL9YY9J,⚡️EL TRUENO⚡️,8000007,518154,87,27
87,#2JJ8LP0RR,CUCHAU CLUB,8000019,516335,88,28
88,#2PRQRUYCP,| BS | P.R,8000059,515240,89,30
89,#U9Y0JQC,SHØØTERS金的TACOS,8000022,513234,90,15
90,#PYPC9YUQ,pr,8000035,510292,91,30
91,#2GGC8YVV8,Cyberx.Gamer,8000029,509067,92,30
92,#PYJ98RRQ,Los pros brawl,8000029,507232,93,30
93,#2JYYCLU9V,Sin Novia,8000047,506839,94,29
94,#9LRUQYRG,Los duros,8000037,506657,95,30
95,#8RR2JV8,Puerto Rico,8000006,499034,96,30
96,#2Q0RCR998,Salva de PR,8000021,484898,97,28
97,#29PVPRUYP,The Demons,8000041,481685,98,30
98,#LP9JCY82,Pancake Dragons,8000049,480450,99,30
99,#29L0CLCU9,🚫AIR FORCE🚫,8000004,472393,100,12
100,#2G0LG280V,Futbol⚽😎,8000037,469882,101,30
101,#202CJ8P8,-Architects-,8000019,467960,102,22
102,#2VLGULLC,Galactic™ II,8000039,461474,103,30
103,#PCUP8G,Unión Fénix,8000049,457889,104,30
104,#28GC09YQR,Brawlers P.R.,8000009,457558,105,30
105,#9PGJ8C8Y,ZazzaPR,8000055,455383,106,30
106,#U20GLY,Puerto Rico,8000037,453270,107,28
107,#GGJPQYP8,Los MastersXD,8000037,450108,108,29
108,#J8G2VYY0,Ñetes PRo,8000014,448625,109,27
109,#9GV82JVP,Nita's Club,8000022,448215,110,30
110,#2QPP8J9QR,JOSE1234 :)YT,8000023,443860,111,30
111,#QQ90LCGQ,Diabolik Lovers,8000037,442174,112,29
112,#2C0UL0L0U,100k,8000010,436979,113,29
113,#29RYG22P,Satos Avenger,8000039,431485,114,30
114,#2Y8PC8JVG,Los duros de PR,8000041,429209,115,30
115,#222YQULPC,QLSHD/CLAN,8000057,428196,116,23
116,#2QG8YVG0P,PR_Gamers,8000049,428107,117,30
117,#2CYLULP,BORICUAS,8000029,427422,118,28
118,#28YQPJ2G0,D'Virus,8000043,425352,119,25
119,#2G8PGV09J,GoldenDeath,8000052,424844,120,30
120,#LVGPC0UU,Los Ñeta,8000029,422259,121,30
121,#U8JGCGPG,legends,8000047,419637,122,30
122,#Q09G0LP,ALTHP,8000016,418718,123,25
123,#2GVVC8G8C,Dad&Son,8000037,417128,124,29
124,#QGQQLQLU,Los otakus,8000039,410514,125,30
125,#29Y8JU0L9,RTR,8000023,405076,126,30
126,#2J9Y2RVQG,The Celestials,8000029,404290,127,21
127,#2JUR2URJP,Los de P.R.🇵🇷,8000031,403248,128,30
128,#2QL0JR9U8,CARTEL BANDO,8000012,399387,129,29
129,#QYRURRLR,Tik tok Club,8000037,397752,130,30
130,#VUGJGV,LosOG,8000029,397682,131,30
131,#Q09LQGG0,LVrecord,8000055,396969,132,30
132,#QJP9CUL0,underwater,8000009,396205,133,30
133,#2YGU9JGR8,Otaku Star,8000014,390971,134,30
134,#2YJY8UJY,REP-MafuterosPR,8000023,382546,135,28
135,#2CQ9C2J2J,LosGluglusPR,8000021,379510,136,30
136,#2C2CJLVVJ,Los Catalineños,8000035,379367,137,30
137,#2QJL2VGPL,요스타즈,8000000,374396,138,30
138,#28VV0QQ20,Gigachad,8000045,373772,139,30
139,#2899Q20RU,ABB|PR,8000004,370595,140,30
140,#2Q0VVVR2V,Team Force,8000037,370400,141,18
141,#28ULUQLG0,BS_PR,8000029,368401,142,23
142,#2QU82089U,CLAN AYAKASHI🐉,8000041,367867,143,30
143,#9CRLPVUJ,Los de cupey,8000004,367659,144,30
144,#29LP2VG0R,mai coc,8000023,363369,145,30
145,#2YRLVGPLV,Chompifamily,8000041,362132,146,25
146,#2C9CRQPR8,Los Atleticos🏀,8000029,359489,147,30
147,#UCUV92Y,Looney Tunes,8000004,354702,148,30
148,#29P0U0CL,New Alliance PR,8000027,352522,149,26
149,#2JPV88JQR,Las Marias,8000046,352498,150,30
150,#29RVGJG8Y,latin_club,8000045,352449,151,28
151,#2GGQCYRVP,527 Clan,8000055,351091,152,30
152,#QVJG2U9Y,los pros . com,8000052,350832,153,23
153,#YVJV2,EaSy-PR,8000008,350081,154,30
154,#2JJPU88YL,Slab Brawlers,8000033,346600,155,30
155,#8LLGGR,Puerto Rico,8000029,345052,156,21
156,#Q08R2VRG,shadowdrake,8000031,342320,157,29
157,#2QL0VGYCG,Los Coronaos👑,8000029,340365,158,30
158,#2992UV8L9,the best 🥵👍🏼,8000048,336183,159,30
159,#8RGL0GY0,PUERTO RICO,8000019,334436,160,29
160,#2JLJY0RJ0,La Lista Negra,8000004,331225,161,29
161,#9V8Y2C2Q,TheBest,8000008,330105,162,30
162,#2Q8CJVPQ8,Team Alpha 🐺,8000036,330094,163,30
163,#2CR92CPCY,Death Blosson,8000043,329696,164,30
164,#2G2LCJPJL,Brawl barátok,8000058,329468,165,28
165,#2LUQ08VRJ,PR_PURPLES,8000039,329215,166,17
166,#2JVVCGUVV,Furia Borinquen,8000039,328399,167,29
167,#2GY8LCYL,kilos de pollo,8000025,324652,168,30
168,#RQCYYRLQ,kirbo power,8000017,324432,169,30
169,#9G9RQPR,MWMnex,8000003,323192,170,28
170,#2G982PPJ2,Yo soy d P.FK.R,8000025,323145,171,28
171,#29P9R29LU,VORTEX🌌,8000049,322082,172,27
172,#29GGVGCJG,los clubs,8000012,321860,173,29
173,#QPQ2UL82,Los Pekas .exe,8000029,321273,174,30
174,#2JYUYQ9CY,los zopilostes,8000057,319393,175,30
175,#9YULVV9L,Enderkrap,8000007,317238,176,19
176,#GUGURRL,RHLM,8000029,316843,177,27
177,#2GJCUQ8JY,Sown GG,8000019,315740,178,26
178,#20RU2CJUQ,XxBRAWLCOMPASxX,8000049,314851,179,28
179,#C9JJY0P,ExclusivePR™️,8000029,314741,180,22
180,#2UYURR0U,LosCapos(PR),8000058,313983,181,28
181,#2Q80QY8V,LOSDUROSDEPR,8000008,312685,182,25
182,#LVR0Q9C,ROYALS PR,8000021,311293,183,24
183,#QCLPQP99,Los Yucosos,8000005,309373,184,30
184,#GRYUJJ2,MastersOfHonor,8000052,305371,185,30
185,#QR0RJGGV,spartan⭐️,8000023,305056,186,30
186,#2LUPP8GV9,PR Warriors,8000021,301756,187,19
187,#8J802CUL,MD<c5>ARMY</c>,8000021,301273,188,29
188,#8QC20RUP,Brawl Boricua,8000021,301201,189,26
189,#82PGUGG,Esports PR,8000015,300476,190,27
190,#8RGR0YG9,🦾TK club,8000039,300120,191,30
191,#C09UQR9J,Courageous Will,8000031,299699,192,30
192,#29LP2LJRG,PR KINGS,8000057,299256,193,16
193,#LC8028Y8,Rehma’s Brawler,8000016,299245,194,29
194,#JPYLPGPC,los duros,8000029,297655,195,26
195,#2RRQYVQ8R,🎃NIGHT TEAM🎃,8000047,297129,196,13
196,#229VULJV,Proud✨Nation™️,8000016,295343,197,30
197,#28QU29L0Y,Problematiks,8000004,295179,198,30
198,#2LPP2C0JJ,los otakus,8000032,294220,199,30
199,#29L022YGQ,LOS TEAM 8 BIT,8000057,293726,200,30
