,tag,name,badgeId,trophies,rank,memberCount
0,#2QCCPJVVJ,QTR,8000052,1192698,1,30
1,#C9R8VUP,Thousand Lakes,8000003,982140,2,14
2,#2C90J2PLU,Lêòñēl Mëssì,8000057,904167,3,30
3,#CCYUVVL,Qatar-2022,8000047,810263,4,30
4,#2PVRVLPVQ,<c4>ENFØRCE</c>,8000033,793248,5,30
5,#YRP9ULGP,« Top crazy » ★,8000036,771732,6,30
6,#2QQ0U8YVL,رصاصة الرحمة®¶,8000004,769384,7,28
7,#2GYYJ99LL,TXLR_Q,8000023,761506,8,30
8,#CR090YPG,Max Light,8000003,743433,9,29
9,#29GJGGC89,❤💙les amis 💙❤,8000033,734393,10,30
10,#2QVRQ2P9G,The Arab Nation,8000059,720583,11,29
11,#29GGGGRG2,| KILLER|,8000023,679307,12,30
12,#9LUVC9JQ,Nobody beats us,8000002,596950,13,25
13,#8G2GR0PG,attakers,8000023,541456,14,22
14,#2RQ299GG0,CM|GAMING,8000045,540898,15,30
15,#UQUG0JUY,FreePalestine,8000034,479851,16,23
16,#29RQY9PU0,Olemionnerer,8000054,478982,17,22
17,#2GVJCJJR2,Fc black,8000027,456616,18,29
18,#2C0U0G2R8,TEAM PONCZEK😎,8000029,432810,19,30
19,#2GYG0LGYJ,FNN,8000029,421446,20,30
20,#P8YJGCQ,Royal Dark,8000029,420037,21,15
21,#2RP90PCC0,Brawlers,8000029,417920,22,20
22,#LYULPQVJ,Три мушкетёра,8000048,411695,23,30
23,#2GJ0290YJ,Srk,8000017,409859,24,24
24,#2JQQ0RVUU,STX Esports,8000021,393923,25,29
25,#2LCGJ2CR0,A.M,8000037,378908,26,30
26,#2C9VCQVVL,EKMEK Spor💯💣,8000055,374550,27,15
27,#9GJ9QG,Black List,8000007,356097,28,20
28,#9R8JP2L8,vappe,8000043,330877,29,21
29,#2G9Q9PRP0,حرب المروج ✌️,8000006,330240,30,26
30,#2R28CCCR9,ربع الكرك,8000037,327291,31,13
31,#2LQG2UPJ8,kamchatkaElite,8000027,320535,32,13
32,#29Q22CLLV,NsG•RIZSHAH✓,8000022,317507,33,18
33,#LCRJGCUQ,⚜️فهد الشمري ⚜️,8000021,313856,34,30
34,#22U2CPYYG,ZeRow,8000018,313219,35,30
35,#Q0LLGRP,Just4Fun,8000027,302615,36,18
36,#2C2UPVYL2,Halal gang,8000029,301449,37,28
37,#20LJQYJ2J,kuschäältiarGng,8000023,296922,38,17
38,#2G8V2GQ00,DIS doha,8000040,287219,39,30
39,#QPYRR8V,MMM,8000013,285868,40,23
40,#Q0CVYVJ0,СЕРЕБКИ,8000019,280969,41,29
41,#QRL9V9Y0,Детство ильи,8000005,270636,42,16
42,#20VRGJ8V,1Gengen1.Twitch,8000016,266754,43,25
43,#VPLGJ82J,grinders,8000004,263921,44,24
44,#28PJC90GC,EFSANELER KLÜBÜ,8000029,261734,45,25
45,#28UQYGJ8V,TOXIC BLADES,8000012,261572,46,30
46,#22LJR2QCV,Держава,8000036,259405,47,30
47,#22L88CLV0,Neighbours,8000057,258572,48,15
48,#222UP8L,QATAR,8000023,257439,49,30
49,#2C9C0RGJ9,F2P BANDITS,8000013,257419,50,30
50,#R08JYL0Y,𝓠A𝓣A𝓡_2022,8000003,257293,51,25
51,#22Q0GR9GU,QYT World,8000012,256921,52,25
52,#208Q9C0L9,まさやさま,8000012,255859,53,15
53,#G8JL2PUQ,Бравлеры,8000018,255056,54,20
54,#9GJPJQ0Q,台灣爆破麥克之光,8000037,254774,55,29
55,#2J0UG9GVJ,Vn_Kt,8000037,252363,56,30
56,#2C902C8PJ,x brawlers,8000034,250115,57,21
57,#VULYG2R0,BUSTERS,8000049,250115,58,15
58,#90YQG8,Saca la Basura,8000018,249296,59,27
59,#2JJLJ2UVY,Bing chilling,8000002,247178,60,30
60,#2J9RGVC80,koksy1j,8000039,246139,61,27
61,#QYYVQG00,insanos 7-0🐣💛,8000004,245683,62,29
62,#C98P99LQ,المدمرون,8000029,244790,63,24
63,#8RLUC28V,^_^ДРУЗЬЯ^_^,8000025,237836,64,30
64,#Q9PCLYG8,ZRockpop.,8000007,235656,65,30
65,#VL0JVCU8,yeet,8000017,235639,66,24
66,#PUGQ8098,Fire kinghts,8000041,235290,67,16
67,#LJU8YVL,TEAM SULLIVAN,8000002,233216,68,26
68,#2YPV8YVR8,PINK ИСТОИЧКА,8000011,227786,69,10
69,#LQ0GU8JU,TTV_POWER03,8000024,226293,70,21
70,#2R0RU9GCY,Ноу Ноу Фир ноу,8000059,226203,71,28
71,#J9YL29J0,حق الضحك😂,8000019,226101,72,28
72,#LP9QY0G9,messi,8000031,225791,73,29
73,#QJY9G892,تميم المجد,8000015,223362,74,30
74,#UQGC8RYU,YEN🌪️,8000029,222270,75,28
75,#2RPVRLU29,فريق قطر,8000059,219398,76,27
76,#22G9UQ02C,GIRL,8000041,218829,77,30
77,#28LP898P2,cluber of clubs,8000029,218342,78,30
78,#2QVUCRUGP,melol,8000033,217470,79,30
79,#2RPQ98PUR,Terror Invaders,8000029,216432,80,6
80,#899CVQPJ,Musical Weirdo,8000059,216244,81,22
81,#22L00Q8GJ,wqt,8000011,214211,82,26
82,#2QGRG20G2,alsobot,8000031,214057,83,26
83,#JVYL0YPY,cactussen gang,8000051,214056,84,30
84,#29R8J2RL0,TR/SUCUKYUMURTA,8000055,211488,85,14
85,#2LP99QVPY,БКЗовцы,8000037,211437,86,17
86,#2QPQ2Q0YG,лега топ 333,8000003,210489,87,30
87,#QJ9VP8PV,мамонты 2011,8000006,208694,88,30
88,#PGYCPRPU,ezdan 1,8000048,207430,89,26
89,#LGG2GU2V,андрчм,8000036,205271,90,16
90,#RUQUQL0C,Loyal legends,8000029,205145,91,9
91,#JRYV8LJR,TeamPingu,8000002,204213,92,26
92,#QC8QPJ2L,ЗахPLAY,8000015,204081,93,28
93,#2JPRRCPC8,лялядепош,8000037,199843,94,21
94,#2RR8PQP99,monterrey,8000034,198671,95,30
95,#2LV929QJJ,NaVi|MMA,8000039,196993,96,16
96,#28PG00JQL,A.F.M,8000027,196243,97,30
97,#29YLCGCP9,dodgers,8000039,195879,98,29
98,#2GR80UPL0,🐧i pinguini 🐧,8000038,193966,99,30
99,#2JCVJLY8Q,ÖZGÜR DOMATES,8000034,193432,100,9
100,#2R9UQP9UY,OLD SchoolSquad,8000038,192795,101,11
101,#2RLY8R00R,пипега,8000013,192506,102,16
102,#29P9P90RC,SYR.,8000059,192243,103,26
103,#GLLYYVGY,مان نقى,8000037,191333,104,27
104,#28G8G9UGG,Friends only <3,8000037,190932,105,30
105,#29QG08C8,ghanim,8000007,190476,106,29
106,#2RJ9C22PY,скуйки,8000059,189152,107,30
107,#2P2UYGVPQ,كلنا واحد,8000021,188792,108,29
108,#28L2LG9PC,черепашка,8000054,188503,109,18
109,#20G9PJY8Q,HANI 99,8000000,186717,110,30
110,#2P02CVLRC,-егор-,8000015,186429,111,28
111,#2YGQCCGUY,Aran Eloi i Lai,8000008,183768,112,29
112,#G8LGCUVG,داعسكم,8000016,182591,113,20
113,#2JRU8VUJU,IX | CLAN,8000023,182481,114,15
114,#Q8Q2UJCL,50k,8000023,182382,115,30
115,#2PGVUGJR8,الكثيري,8000029,182250,116,18
116,#JRV2YPU8,100 Čechů,8000037,180751,117,26
117,#PV0C9Y8Q,كلان فلسطين,8000018,180094,118,30
118,#8L0Y88L0,Fire,8000025,179933,119,18
119,#9Y92YP0P,team speed,8000058,178572,120,12
120,#2J80QJY29,Hell impire,8000057,178476,121,20
121,#2JYVY0JQJ,🏆worldcup,8000039,178144,122,9
122,#Q92PYV8G,شهران,8000023,177940,123,29
123,#2QCG8UCCG,Fire Burners🔥,8000037,177874,124,6
124,#LQ0V0GQC,موساشن,8000046,176003,125,29
125,#C80U29,Qatar,8000007,175263,126,29
126,#2CL0PRJU2,Silent|Killers,8000049,174564,127,30
127,#2C8UP0LU2,cousins and bro,8000044,174451,128,22
128,#2PGYP0Q29,FARI TAIL,8000036,173230,129,28
129,#28UUPUCPG,The shild,8000037,172658,130,28
130,#R29P829V,prosclan,8000029,171132,131,30
131,#VG980PVQ,رايزر,8000012,170643,132,28
132,#9C2C2PRL,WAR,8000032,169954,133,30
133,#PVPJRU0G,الخاطر,8000021,167689,134,13
134,#29Q9GQGRC,ПОН Я ТАМ ПОН,8000023,166912,135,26
135,#VL8LGJRJ,خالد بن طارق,8000059,166790,136,30
136,#20CPYQPQL,team banane,8000040,165179,137,7
137,#202U8C82,ggbro,8000027,164236,138,30
138,#228P2Y8L0,خرفان ستريت,8000047,164194,139,20
139,#L20R9RPP,Aboods Boys,8000041,163924,140,30
140,#L8LYLCYL,Family team,8000004,162492,141,22
141,#20C2J8YRC,vibe club,8000019,162430,142,30
142,#QLPCLPJ2,Grabe,8000037,161552,143,29
143,#29JJVC0RU,GG|PROFIJI,8000023,161103,144,28
144,#299GL988,قتل الشياطين,8000021,160558,145,14
145,#22CUGG8RR,joy boy,8000037,160291,146,30
146,#2PJ9G0VGY,1C,8000025,160204,147,30
147,#2GPPQRRVQ,TV.Brawl😎😈,8000033,159356,148,14
148,#LCC8GCQQ,WAFFLE KINGS,8000029,159155,149,14
149,#20QPR299Y,Нуркияз и Айдар,8000029,158533,150,30
150,#VPQQQR29,друзья навсегда,8000057,158528,151,13
151,#PC2QJCC,Daya,8000014,158320,152,29
152,#2JUCLPG8,شوميله,8000055,156809,153,13
153,#2LP2J90Q0,хомяляндия,8000057,156563,154,29
154,#2P22GCR2,рггг,8000022,155738,155,29
155,#JVL8UL9G,الكواري,8000000,155041,156,30
156,#28L0QRPJJ,~QTR~🇶🇦,8000050,154646,157,10
157,#Q9G0C290,العرب الجلادين,8000029,154552,158,22
158,#2Q0QY89Q0,бебра чек,8000047,153574,159,28
159,#UV80QY9R,ед топ,8000026,153500,160,28
160,#2GGVJRULU,GAMER-PRO/99,8000029,153494,161,30
161,#2PVPVCYV0,قطر,8000029,153384,162,28
162,#2880J2QL,قطر512,8000029,152732,163,30
163,#2RQ2JQYQ9,finished Strick,8000059,152535,164,9
164,#JVPY0Y8J,ابطال قطر,8000000,152061,165,29
165,#QGJPULQ2,PHOENIX| TEAM,8000025,151369,166,30
166,#2PP0G2JU,الله يحيك,8000058,150690,167,30
167,#2YPV8GLUJ,6/2,8000053,150497,168,30
168,#YLGJV9VQ,7Legends,8000007,150299,169,29
169,#2L0V2GJ9R,футбол⚽,8000048,149447,170,17
170,#9PPRVVPQ,BEANIE TURTLE,8000057,148760,171,30
171,#28UPRGVY0,عرش رايزر🔥☄☄☄⚡,8000059,148617,172,23
172,#UVVJPQJU,brawl kings🔥😎,8000029,148397,173,24
173,#LPCGRYUL,omegas furrys,8000015,147994,174,29
174,#U98G8RUQ,Пулевой шторм,8000028,147525,175,26
175,#2R929PCQG,UwU,8000057,146580,176,30
176,#UY00UP2P,ветеран шелли,8000007,145355,177,12
177,#QJUYUGJ2,1 KING DOĞUŞU,8000023,145246,178,13
178,#90GG9V00,max,8000015,145088,179,30
179,#P8PJ8LU,BasarGeçer,8000019,144842,180,14
180,#22URUGJRR,одиночества,8000029,144823,181,29
181,#28YUJYCU9,123yk,8000052,144790,182,17
182,#G20PY8GY,العاصفين,8000029,144758,183,28
183,#88RPU8V,QATAR,8000023,144642,184,30
184,#8JPV8L9V,HuntersQtr,8000014,144531,185,29
185,#2Y29JJ8YV,сямкг,8000037,144412,186,29
186,#292UYRJQ0,سووووووووو,8000055,144103,187,30
187,#202888RJ,السطو,8000057,143803,188,8
188,#2QC80YUP0,⚡S5/KULÜP⚡,8000049,143392,189,28
189,#29CY2C0G8,محمد الشمري,8000016,143363,190,29
190,#L2CG0QLU,اندومي بل جبنه,8000054,142901,191,30
191,#2QCQ0L88,irzeqat,8000016,142021,192,30
192,#299V0VR9P,moh club,8000027,141576,193,24
193,#20GU28LGG,team MS,8000007,141286,194,25
194,#2990VJY00,فريق اللهب,8000047,141191,195,13
195,#YULGRL2,EGYPT,8000007,141081,196,29
196,#GUV0LQ09,Банда Тимаша,8000023,140308,197,30
197,#2RRVYYLQY,Calm Spiders🕷,8000057,140270,198,10
198,#2CLVV8JVC,عمك رونالدو,8000059,140259,199,21
199,#22QCGUYPC,bro ur done,8000049,139945,200,28
