,tag,name,badgeId,trophies,rank,memberCount
0,#2R8QUPU29,Affective.,8000057,1855424,1,30
1,#VV9YPYUC,RoStars Academy,8000023,1830375,2,30
2,#2CCPQ90UL,FREE MM,8000021,1758857,3,30
3,#298PCY0YQ,Elite|Power🇷🇴,8000033,1742566,4,30
4,#2CR02VUUQ,Lost Baby Girls,8000055,1635301,5,30
5,#2YLGQ9GL0,HolyGuns,8000028,1615825,6,30
6,#20LRCLGJL,Mizmiripsis🛐,8000025,1601282,7,30
7,#2GGQRCYJR,<c9>SPARTA</c>,8000037,1586744,8,30
8,#280RCRR2C,ØverPower,8000015,1525983,9,30
9,#2JVYPQ2LG,Tribe°AlexRo,8000055,1522702,10,30
10,#2GQ9CLRVQ,ᵒᵖELïᵗᵉ,8000055,1438625,11,30
11,#29GGLRQQ0,Legendary,8000058,1431965,12,30
12,#29YRJRVQR,Legends🖤,8000023,1421890,13,29
13,#Q2JLCG9C,RO|Push,8000019,1417625,14,30
14,#2GPPQR880,Elite Ladders,8000055,1405858,15,29
15,#28QU228GG,DarkTeam,8000007,1401805,16,29
16,#2R88JL0L2,🇷🇴RoLeague,8000023,1401735,17,30
17,#28JVCQPLR,0 GRAVITI,8000023,1398308,18,30
18,#2JGUCCLYV,RO<c7>Gold</c>,8000018,1384054,19,30
19,#2JCGC0VC9,RomaniaWarlords,8000003,1376274,20,30
20,#2GJYPGG0L,PM | Gaming🧸,8000037,1368728,21,30
21,#2QRQJ0PG9,Ro<c2>M</c>ania,8000043,1348100,22,30
22,#289GLQCG0,Batigarzi,8000029,1345722,23,29
23,#282P9PLUQ,CapybaraNumero1,8000031,1335067,24,30
24,#29Q9JQPQR,Romania eSports,8000057,1329209,25,29
25,#2CGVURCRY,JustPlayRO☔️,8000029,1305612,26,29
26,#29GVJVVY2,NoPay,8000021,1305478,27,28
27,#22CY29RYQ,romania,8000004,1300930,28,30
28,#2JPRVRCQC,🇷🇴|RoWar,8000002,1298587,29,30
29,#2Y2V9Q9QG,🎭ᴡᴀʀ ᴋɪʟʟᴇʀs🎭,8000049,1295355,30,30
30,#2CCLL2C08,<c2>RoArmy</c>,8000037,1294340,31,30
31,#2C0VRRP0V,DSL Esports,8000059,1292737,32,29
32,#2YUUPY2QU,StarsLegion,8000006,1279354,33,30
33,#29R0PUC0P,WorldSquad🔥,8000023,1278654,34,30
34,#2J8VY0GUG,Assassins RO,8000007,1269926,35,30
35,#QC9YQ9JV,🇷🇴Ro|Play,8000034,1267750,36,28
36,#2QJV2CCY8,Dark Assassins,8000007,1257678,37,30
37,#2R0LLQUUG,Blue Academy💙,8000058,1250414,38,30
38,#2C9RLCL00,Dreams🌸,8000025,1248850,39,30
39,#2G2RYCVVQ,Code: COSTIN,8000052,1241980,40,30
40,#2GY2C8GCV,RomaniaWarlords,8000059,1237858,41,30
41,#2C0U8PJLL,Ninja-X,8000037,1235354,42,30
42,#28Q8UU8U9,TheNewSpace🌆,8000021,1224252,43,29
43,#CUQ0G0UP,vapo vapo,8000023,1213841,44,30
44,#QG0Q0R,The Avanger$,8000006,1207476,45,30
45,#CUJPPCP8,Lion's Kingdom,8000023,1197505,46,30
46,#29Y2CJ2VQ,<c5>Knights</c>,8000056,1196565,47,30
47,#2C29Q8GCJ,Only Goats🐐,8000023,1190994,48,30
48,#2JJ2GG2CC,YT:VidraPlay,8000050,1186569,49,30
49,#29CCCVG0R,🌿Gina Comunity,8000027,1185388,50,30
50,#2GCUQJV9C,🇷🇴|Elite,8000016,1184611,51,29
51,#22RJQQLGY,💎Brawl Time💎,8000052,1181848,52,30
52,#28VJ92RY0,Gałaxyy.,8000055,1174729,53,27
53,#299JCPUL2,Code: COSTIN,8000052,1170828,54,30
54,#2G02LL2UV,❤️Friends💙,8000045,1167427,55,30
55,#2G2UY8VJC,Galactic Stars⭐,8000018,1166180,56,29
56,#QCQJCYLU,NewWorld🌎,8000007,1165200,57,27
57,#2RYJ00VJ2,ROBOTZI,8000049,1163815,58,30
58,#200G0VQLC,<c4>Wars RO</c>,8000032,1162391,59,30
59,#2CJ20PPP0,🌘Dark Stars|EU,8000002,1140162,60,30
60,#2C8PU29VJ,<c0>X24|🖤</c>,8000031,1127245,61,30
61,#2CQQJJ22P,STRIKE FIRST.,8000025,1122146,62,30
62,#YRVRGUGJ,ROMÂNIA,8000037,1114336,63,30
63,#P2RLRCV0,prieteni buni😇,8000030,1113654,64,30
64,#290JRJCU8,Go<c5>Swing</c>,8000059,1107931,65,30
65,#2GYLJU8VV,Winter ☃️,8000055,1101587,66,30
66,#29C099C2Y,RC*|FAMILY*,8000021,1100657,67,28
67,#2CQLVPQGR,Legends🖤Acdmy,8000007,1096588,68,28
68,#2QU829UQ0,<c7>OneKing</c>,8000035,1096359,69,30
69,#29RGL9QQV,Family Star,8000025,1089012,70,30
70,#YCRJVLQG,Romania,8000055,1086955,71,30
71,#QQUUJVGQ,🇹🇩RO | League,8000044,1084782,72,29
72,#29JLU8VU9,Romania Master,8000025,1082835,73,30
73,#2C8Q9LJVY,PALMA FAMILY,8000037,1081706,74,30
74,#QJ2Q8Q02,マ🖤Pᴜsʜ𝑯ᴏᴜsᴇ🍉,8000055,1080956,75,29
75,#29LLQ8QJU,România+Moldova,8000021,1078258,76,30
76,#2GV2PLPY8,RomaniaWarlords,8000023,1075477,77,30
77,#2P9JP9G0P,YT: Alex Rades,8000037,1067733,78,30
78,#2R0U0LQLL,4BigGuys,8000034,1067563,79,30
79,#2CL0JG0CC,Soul Society,8000004,1067446,80,29
80,#20UCGLRVC,RoPlayer,8000029,1066625,81,30
81,#QL090UVP,NewGenerations,8000015,1062529,82,30
82,#2CRJPR20J,MEGA PIG ONLY🐷,8000049,1061164,83,27
83,#2GV2L0C2C,1000-7,8000039,1057661,84,30
84,#QGLLPV8G,Elite|Legion♧,8000002,1053317,85,30
85,#29QLPLLQC,RoWin,8000048,1051933,86,29
86,#2CJUPG9P8,Tribe°AlexRo,8000023,1051362,87,29
87,#QR2U2JLG,Ro'House🇷🇴,8000004,1050521,88,28
88,#22GC2PQJC,DIAMANTE,8000025,1050311,89,28
89,#22LGCV9VQ,Super Bowl,8000002,1049973,90,30
90,#2CRCRUPQL,Satisfaction,8000023,1049198,91,30
91,#2JQV2GV8R,Code: COSTIN,8000052,1047561,92,30
92,#YVUPYR89,România,8000032,1045079,93,30
93,#UC9CG09J,STAS,8000049,1042087,94,29
94,#2QJ92V2PQ,Team|Ro💙,8000002,1040822,95,30
95,#2G29P9PUU,FTW Family🇷🇴,8000043,1035508,96,30
96,#29QL0G8YR,SEN|Players™️,8000057,1035326,97,29
97,#R8YQLY8Y,Double Trouble,8000027,1032858,98,30
98,#2CYVQQPLU,ProjectMayhem,8000033,1031847,99,30
99,#2CJPU890J,EPL eSports,8000055,1029342,100,30
100,#2CRR8YGJ2,Ro|Liberty🏆,8000033,1029075,101,27
101,#2GCYVVJ2C,🍭Acadele🍭,8000049,1028617,102,29
102,#2J29QL92V,Tribe•AlbertoRo,8000023,1027563,103,29
103,#2QGLU0PGJ,🥇RĀZBOINICI🥇,8000037,1020343,104,30
104,#2CC0L8R29,PearlNight 🌘,8000037,1017867,105,26
105,#2CRQVVR2U,TheLightGods,8000029,1016972,106,27
106,#2G2VPVQGR,WinterPush,8000021,1016935,107,30
107,#2CYJQLPV2,🎗Gold Brawl🎗,8000029,1014850,108,28
108,#2J2PJ0GRL,Cavalerii Clash,8000006,1013278,109,29
109,#29RCYL8J8,Ro | nmk👽,8000023,1013148,110,30
110,#2CLUYGQ2U,RomaniaWarriors,8000029,1010141,111,30
111,#2J8LQY8UV,DUSMANII,8000007,1009830,112,29
112,#2C8U2CVJR,MagicWarriorsRO,8000035,1009779,113,30
113,#2PJ0JVC8G,RomâniaBufni 2,8000052,1002817,114,30
114,#29LGLYYY0,<c8>Erotika</c>,8000041,1002681,115,30
115,#2CRP2VU9L,Ro<c8>Venus</c>,8000041,1002212,116,28
116,#2C2U2L980,Ro|Elite🇷🇴.,8000023,1000182,117,29
117,#29889JV00,Global|Elite🔐,8000047,993590,118,30
118,#2GGRJYQJG,🇷🇴|RoWarElite,8000023,993327,119,30
119,#8JV2RR,Clubul Romaniei,8000029,991091,120,30
120,#2GRUVCRU0,Bring'ara'doom,8000031,989019,121,30
121,#2C09VLQQ8,BSA| Family,8000047,983931,122,26
122,#2CRYGJ2G9,XSL MONDIALU,8000032,983358,123,30
123,#2GG99LQRV,BS-RO Clan,8000057,983131,124,30
124,#V2UUP2LV,RoDangerousNoob,8000021,982936,125,30
125,#2CQPLVGG0,🇷🇴RO|Iași🇷🇴,8000046,981523,126,30
126,#2C9J0UU9R,Carnage Crew,8000004,979289,127,28
127,#2J22LLU0Y,Steckuletii,8000055,978384,128,30
128,#29JGJCC89,Genesis eSports,8000057,978149,129,30
129,#29R90Q0UQ,Free<c5>Win</c>,8000057,974648,130,30
130,#2GYYQYVQU,HiveZone🐝,8000049,974505,131,29
131,#2JCGYVL0G,Romania^⁠_⁠^,8000055,973926,132,30
132,#2C8LR8J2V,⚔️NeverLose⚔️,8000053,973883,133,30
133,#YPGY2RC0,Fredi,8000057,972441,134,29
134,#2JRGC9JY0,kiki club,8000028,971612,135,30
135,#QY2C8YRJ,🇷🇴Ro|Empire,8000029,970491,136,30
136,#GP0GRCUG,Umbrițele,8000052,965864,137,30
137,#2GPLV89PR,RO|FAMILY ²⁸,8000057,965165,138,30
138,#2CRGCPGJR,HiperMon,8000055,964166,139,29
139,#2CJ2CPQP8,Dark Way,8000025,963665,140,30
140,#2QJV2Y9UR,ØP⛩Legends🎭,8000031,962350,141,30
141,#2G9CVPR2G,fomiștii,8000018,961084,142,30
142,#2RU09QVLL,BrawlParty🇪🇺,8000025,959157,143,28
143,#LCU2QL2P,Rechinii,8000055,958383,144,29
144,#28VUVRV2L,Almete,8000039,957986,145,30
145,#2C0VJJRGY,<c0>SpooKy</c>,8000035,955997,146,24
146,#2JGVG8URR,<c9>Omega</c>,8000023,954338,147,30
147,#VUUG8JGQ,RoyaleTribe,8000055,952948,148,29
148,#QG0LQG2Y,RO|2 telefoane☄,8000059,952683,149,30
149,#2G80LL22J,RO|Prime🇷🇴,8000041,949565,150,30
150,#2CC2C89GR,RO|WIN,8000045,947125,151,30
151,#YRVQQYUG,Servesa,8000058,947110,152,30
152,#CL2G9Q82,TheMightyDude,8000019,947047,153,29
153,#2JUPPQ2GG,Romanian Tribe☄,8000021,944788,154,30
154,#2C9UQ09RR,Freeze,8000058,944126,155,27
155,#YUP02G9Q,ROMANIA STARS,8000057,942285,156,30
156,#QPUY8YRJ,RO|Constanta,8000040,940520,157,30
157,#2CJ8J92VL,Ro_Thunders,8000003,939638,158,29
158,#L8LR9UG2,ROMANIA,8000004,938497,159,30
159,#2JY0CLCL2,NGR|CLUB,8000002,935998,160,27
160,#208L9L9RV,RomâniaWarlords,8000030,935028,161,29
161,#2GPY0LGPY,Gamers,8000059,933743,162,30
162,#2QPY99RQ,Joc doar 1 meci,8000014,929773,163,30
163,#2CYVCVCG9,🇹🇩COLȚ🇹🇩,8000035,929620,164,29
164,#2GYYPPU88,RO|ACADEMY,8000059,927412,165,30
165,#2JC9VVYCV,The WORLD🌍,8000005,921581,166,29
166,#2JJ2GPYQC,Oala cu sarmale,8000030,921074,167,30
167,#2CQVV0C98,Ro|Brawll,8000007,918402,168,28
168,#2YR8JG2QL,RO Legendary,8000043,917749,169,30
169,#2QQR8RLVY,🔱New Galaxy🌌,8000057,917376,170,29
170,#2QGGQU0GC,RoMâNiA🇷🇴,8000029,911048,171,30
171,#29CPGR2C0,Mystic Spirits,8000057,910800,172,30
172,#29YYQGJ89,uXp clan,8000023,909905,173,30
173,#2CRRP99UR,Romania,8000006,909869,174,29
174,#29QY92GQC,🇷🇴|RoStars,8000037,909665,175,30
175,#2JUVUGYL0,langoș,8000001,908959,176,30
176,#2LYY29YQ0,~|CHAMPIONS|~,8000052,907320,177,30
177,#QL2L2JQ0,LOS HYAS,8000021,905924,178,30
178,#2CGYU8V08,Taranii,8000049,904476,179,30
179,#2RVJYURUP,Vibin,8000008,903226,180,30
180,#2JVCG9UYL,⛩️|Ayan64🥀Wars,8000007,902873,181,27
181,#299CG0URG,SKAR|Fire.club,8000057,900779,182,30
182,#Q8GJLVP0,AFFECTIVE,8000021,900534,183,30
183,#2C9CJYUVY,Eclipse🐉,8000034,900383,184,26
184,#P2G0U0P9,<c9>Ex</c>otic✨,8000037,900133,185,30
185,#2JR29V0LC,Code: COSTIN,8000052,900001,186,30
186,#29R020RLG,Ro | Push🇷🇴,8000057,899067,187,28
187,#29QQYRQJP,AFGM TO TOP,8000043,897900,188,30
188,#QJPQ8PU0,Academy Team RO,8000003,897896,189,30
189,#2GYYLY98C,🌹Bse|Team🐍,8000057,894670,190,29
190,#29G8JU80G,RO|League,8000029,894017,191,28
191,#28YPYUUQ,Romania Stars,8000037,893664,192,30
192,#2C0C02YL0,ssevena,8000052,893573,193,30
193,#2CRCRVPUR,We❤️Pushin’,8000057,892756,194,29
194,#Q8PRQCRQ,SarmaleArmy,8000010,892458,195,30
195,#2JL8LQJV2,Fotbaliști!🇹🇩,8000033,892068,196,28
196,#RLJUJ0YJ,GALATI,8000037,890806,197,29
197,#29G2QG99J,RO Slashers🇷🇴,8000007,890703,198,30
198,#29R9CP8C2,[RO] ACADEMY🦫,8000036,890490,199,30
199,#2JP2RJJVY,Code: COSTIN,8000052,889786,200,30
