,tag,name,badgeId,trophies,rank,memberCount
0,#28VR8VQ20,YGF |DARKNES,8000016,1827595,1,9
1,#2PUYJQY8U,JS×HP,8000029,1220510,2,1
2,#2PQ9V8YC,The Wild,8000013,874656,3,30
3,#CCCC0RCL,;-; amigos ;-;,8000025,846536,4,4
4,#LP29YPQ0,CZOŁG🍒🍑,8000029,791726,5,30
5,#2299U89V8,RO PRO,8000057,678969,6,30
6,#YJYQUVU9,@Skull_Ticklers,8000050,646796,7,30
7,#29PQ0R8G8,LOS MACHOS,8000049,581903,8,30
8,#R82JYV0J,GO2DAMOON,8000016,573946,9,30
9,#2JGUCPL2,Umbrella,8000006,568365,10,28
10,#200Q8RU8J,🇰🇿KZ•TEAM🖤,8000029,550075,11,2
11,#2YR828LG0,GIZEMLI PRENSYT,8000023,548437,12,2
12,#2GP929P8Y,판다⭐️,8000000,516269,13,30
13,#GVJU2C8L,AUTO5 CLUB,8000013,435302,14,30
14,#V8RPGRYL,Korzhik GG,8000049,416923,15,27
15,#2RRRRVYU8,Sigma Bar Hat,8000004,413965,16,30
16,#L8VRUY8,Brawl Beasts,8000012,412230,17,30
17,#JLYLJPRJ,Clube da china,8000006,404151,18,30
18,#29J2CC82P,ÄhmDings,8000046,390412,19,26
19,#JCYVG0YJ,aHeaD's Hub,8000029,357736,20,28
20,#2GQ8JR9G,BERENJENASALVJE,8000017,355062,21,30
21,#28CJ200R9,1B Fowi,8000041,342287,22,21
22,#L0JYYRJ8,etömbombasi,8000035,315493,23,26
23,#2QUYLVGY9,KO組,8000036,315438,24,24
24,#CVR0LP22,рсота,8000021,305783,25,18
25,#2JLP8PR8G,いき下手,8000058,301350,26,23
26,#L8P0C09C,Kotak,8000059,299683,27,15
27,#PRULRGL2,kontakt power,8000017,288614,28,28
28,#292QPYYRJ,колтуны рустама,8000059,282176,29,30
29,#9882LLLU,目指せ最強クラブ,8000035,282019,30,27
30,#VV2JYVPP,chałupy,8000029,278867,31,30
31,#VLJ0LQCU,🔥braze🔥,8000037,277926,32,12
32,#22QQU9QLC,8+8=3,8000019,276978,33,29
33,#28GJLCCCY,санина,8000034,266658,34,30
34,#LUL8P20V,şiki şiki baba,8000023,266165,35,29
35,#2PCQPJCY9,dominators,8000006,253231,36,21
36,#VRL2VQYY,C&N Gaming YT,8000006,250339,37,19
37,#299L8PPG,ESG CLAN,8000004,248484,38,29
38,#VRQCU8LG,ШДШЕРЫ,8000025,239947,39,16
39,#2LRP8RPJU,BS Gamer,8000045,237429,40,27
40,#2JRRYJQ0R,APOLO💙🖤💙,8000032,234556,41,20
41,#JG9RLPV,Cavani,8000004,234343,42,28
42,#2RGVG90R8,Deadly Squad🐣,8000018,234003,43,10
43,#2J02CQ988,val4o,8000059,232151,44,27
44,#2LPPYV8YC,OCE,8000017,229309,45,29
45,#2J02L8U8L,поломаю любого,8000053,227026,46,30
46,#2JYLVJVJR,БИЧУГАНЫ,8000038,225414,47,16
47,#2GY9L8PYY,USS9/F,8000007,225076,48,29
48,#22VVPPGU0,@DirOL@,8000029,220606,49,28
49,#282CCV8CC,"💞Oops, sorry!✨",8000041,217593,50,18
50,#C9YL9GV8,васяяя,8000007,214169,51,29
51,#2J9VL8YPQ,tumamaconlamia2,8000028,212356,52,19
52,#QQP9CLR,엉클TV,8000057,210833,53,30
53,#RUPPRYC,BRAWL HUB,8000052,207850,54,12
54,#CQCCLRPG,danso,8000029,203676,55,27
55,#QQPC0QP0,Au18,8000006,199891,56,28
56,#2Y222L0R,nO Swaering,8000029,196984,57,28
57,#2C9LRR2V2,GrissaYT,8000013,196744,58,13
58,#20LRV0229,RLX Gaming,8000029,194468,59,29
59,#2GCVVUGLP,SQ GA,8000013,193197,60,13
60,#2P280GYG8,de gangsters,8000059,189728,61,23
61,#2L00Q228L,süper birlik,8000037,188439,62,18
62,#2RUU9JUGP,adult,8000006,186900,63,30
63,#QCYQ9CGQ,🇹🇷,8000037,185153,64,9
64,#29UCCLY2Q,arbuzy i spułka,8000013,184293,65,26
65,#PCRL2VG,africola,8000023,183286,66,29
66,#2PJ99L92C,gggggg,8000057,180052,67,30
67,#2Q020LYRQ,colegi unirea,8000021,178473,68,12
68,#2YU9CG0GQ,Дамби,8000025,177686,69,23
69,#289J90PPC,YOUTUBE'S TEAM,8000015,177547,70,30
70,#PGQL9PL2,los de crow,8000045,174304,71,27
71,#CRJ8QPYQ,Berglöwen,8000017,173993,72,30
72,#2J8UGVP2U,RUSHER,8000057,170847,73,8
73,#JV082QJL,Night King,8000021,170693,74,13
74,#2LRLPP2CQ,Rajko klan,8000057,169797,75,30
75,#Q09RLR9U,⚠️Ohio Club⚠️,8000052,168359,76,9
76,#20VLC0QGQ,Тима Братанов,8000018,167252,77,29
77,#2Q0Y90LLU,all st@r,8000029,166675,78,8
78,#2RG208G2J,GayMer69,8000024,164814,79,14
79,#2808VQ98G,Ziedanemaldurch,8000017,164618,80,23
80,#2LVP22C2J,<c9>KATİL</c>,8000037,163467,81,22
81,#Y0PQCCPY,あやと,8000022,161929,82,26
82,#RPQ2JVP0,Lost King,8000019,161068,83,28
83,#G0LYQPQP,чёрная магия,8000010,161032,84,27
84,#Q28LUPGU,Leon stars,8000007,159124,85,21
85,#2QJUVJ9PP,RUHRPOTTWACHE ☢,8000021,159121,86,28
86,#JYRGUQG2,THE LEGENDS,8000029,158454,87,2
87,#2JPYRQ00U,Eroks,8000039,157925,88,9
88,#Y9L9RVP,El Bar del DIM,8000013,157283,89,23
89,#C809QJ9L,BİZİMKİLER,8000037,156528,90,7
90,#VUGUP2L,Markelchuga,8000014,155341,91,19
91,#VLGUU9L8,으라차챠 유승현,8000029,153598,92,29
92,#2Q92U0JGG,HorrorAndFunny,8000022,153533,93,19
93,#YPGQJQRL,Leon is best,8000029,153323,94,20
94,#J8RUYJCQ,Arsik vector,8000023,153196,95,28
95,#U98PQ2GY,Банда ресурсов,8000027,153110,96,29
96,#VRPJ0V9P,ptéradactille,8000003,152727,97,29
97,#PUQGV8C9,kazananlar1994,8000025,152497,98,29
98,#2GQVJV28U,CLUB PERFECTO,8000059,152295,99,30
99,#20QPPLLU2,Andrea e mattia,8000005,151051,100,29
100,#20G8R8U28,читер 777,8000004,150279,101,29
101,#2Q2JQQCCC,anielica,8000023,149942,102,25
102,#2LP9LP098,богдан топ,8000004,148769,103,28
103,#PUUQRUGP,мы все проооо,8000000,147367,104,28
104,#V2JJL0CG,tikitoko 3,8000057,147274,105,15
105,#JC8JY90G,lomachin,8000057,146954,106,20
106,#8LCCUQYL,fgj,8000049,146362,107,27
107,#2Q2JPV8Q0,💜DFEER_TEAM💜,8000039,144660,108,30
108,#U0GYU2LV,les amies,8000020,143360,109,16
109,#QCPPPP98,FOCUS|GAMING,8000058,140959,110,7
110,#2LP8VPPJ8,•SOLO|TEAMgg•,8000045,140822,111,9
111,#LLVJUV0R,A.M.G.,8000057,140187,112,13
112,#U28PYLJV,VIPY Z DOLNEGO,8000029,139673,113,23
113,#QYCR2RGR,OMG LEON,8000027,139210,114,29
114,#2GL2RCLJJ,🦈Teams 7🦈,8000029,138762,115,11
115,#29LRVV2PY,słodkie kotki,8000011,137721,116,18
116,#2JQUG8UU2,VOLTA | GANG,8000032,136834,117,7
117,#PQJYPVGR,friendly animal,8000013,136664,118,5
118,#LCLUVR0C,Familia YT,8000027,135697,119,30
119,#LJ9VUQ99,FC beauceron,8000026,135659,120,29
120,#QL8LCQUV,Magyar profik,8000057,135409,121,28
121,#V2PQGUQG,gelin 1v1 atıyo,8000028,135027,122,10
122,#20YCCPPJL,город |УФЫ🇷🇺|,8000029,134545,123,17
123,#2L200PY2Q,IMPOSTER,8000036,134043,124,11
124,#PG9CGY8U,yıkılmaz,8000018,133701,125,15
125,#28RLV8YGC,Enes ve Faruk🥇,8000029,132793,126,30
126,#2QCGVCQV9,DOSLAR🖤,8000015,132371,127,30
127,#28C2PL22G,сёстра,8000000,132335,128,27
128,#2PPPCY2GY,Girls Power,8000010,131675,129,13
129,#VY298LP0,Anopapump,8000022,131564,130,15
130,#92PC0RP0,кудрявые шальны,8000027,131325,131,15
131,#298YY092Y,Burnaut,8000036,129262,132,5
132,#20QGC9VG,Geilo,8000056,127212,133,16
133,#28CCU98PP,ב3,8000029,126449,134,30
134,#2LQQ8UPLR,Greek Family,8000025,126102,135,14
135,#VVCL8UUJ,CobraEli |YT,8000057,125321,136,9
136,#92G8GYJJ,бабер. на. квад,8000058,123826,137,23
137,#CG9JUJ00,HackeriBuzaului,8000012,122885,138,30
138,#2R9Y9UL02,каманда эша,8000059,121223,139,29
139,#8U2LRYJ0,Sevgili,8000055,120766,140,30
140,#20CQGL2C,bastak,8000016,119264,141,30
141,#CJ20RPCR,Titans E-Sports,8000020,118861,142,5
142,#YCCLU2Q8,S&N,8000040,118575,143,25
143,#20V20LGRQ,привет изи,8000059,118367,144,20
144,#20LUP0PVR,jajajaja,8000017,118333,145,30
145,#22UJQUGC0,[₽ЧиТеРы999₽,8000002,118238,146,26
146,#LRGL2UJR,СТАРР РОБЗИ,8000036,117893,147,30
147,#290PL0GRQ,банда соседей,8000029,117624,148,23
148,#22RCJLGJG,BlueCarYt GANG,8000028,117398,149,15
149,#UVPLP9VQ,Hondoro Gondoro,8000029,116967,150,23
150,#2R0RCULVJ,собаки,8000008,115550,151,12
151,#282GVRQ8,78 GAZALBIDE,8000000,114818,152,12
152,#QRU22R2Q,TheRaven,8000028,114146,153,12
153,#889YULQV,*Лега*,8000019,113778,154,29
154,#2PY9Y82U0,тима х,8000033,113614,155,25
155,#JVQR0V9Q,ARDA/METE/YT,8000055,113336,156,25
156,#J8YQJVJC,noi cei tari,8000023,113097,157,30
157,#YP0Q9V0J,המלכים שולטים,8000029,112538,158,28
158,#V22YG92U,упрамс,8000025,112357,159,27
159,#V8R8GG8R,YANIS 123456,8000059,112183,160,30
160,#VPV902PR,Sunlight🌿,8000034,112156,161,17
161,#U92C2R89,Welkome,8000021,111395,162,22
162,#CY8GV22,Eternal,8000023,110798,163,27
163,#2LQGYCYPR,les polis du 03,8000043,110691,164,29
164,#QRLLGJL0,ZEOXﮩ٨ـﮩﮩ٨ـ♡ﮩ٨ـ,8000025,110686,165,19
165,#29VP8QRUV,老爺不要夫人在看,8000057,110507,166,13
166,#GCLQV2RY,Дом Спуйков,8000013,110272,167,16
167,#28J0Y9LRL,one piece,8000043,110208,168,9
168,#2LJVCQ2UQ,Fifa W 98,8000029,109404,169,10
169,#LVRYJRJ9,хроматик 355,8000000,109047,170,25
170,#P9JJ0GVJ,uu7,8000029,109039,171,25
171,#2Q9L2YJPY,entren amigos🥰,8000047,108949,172,29
172,#2RULGV98R,Român,8000037,107645,173,30
173,#VRV0QLPG,бравл петро,8000016,107615,174,29
174,#2LU0U9V9Y,клуб джо джо,8000007,107100,175,8
175,#VPRPP0JP,kojori,8000029,107094,176,30
176,#2280QR8C0,ツTEAMᵏⁱˡˡᵧₒᵤ✌,8000021,107035,177,5
177,#V8RYL0RU,ZWIERZACZKI,8000000,106909,178,26
178,#2PVLJJ0UV,жасик,8000003,106722,179,29
179,#202CC2CQ0,E-SPORS,8000029,106702,180,8
180,#G099PLVR,ריקי 2,8000008,106590,181,29
181,#8YU0PC0P,Dangeors Bravl,8000007,106304,182,17
182,#2RVL8QQR0,capybara,8000007,106287,183,6
183,#28RCLUG0P,<c3>Ouistem</c>,8000015,106020,184,30
184,#200JJ2CJP,каманда кирилла,8000035,105678,185,30
185,#JRY8VQC9,בראול סטרס,8000016,105343,186,2
186,#YCVQ9PVP,lellegsis,8000029,104826,187,29
187,#2C8LRUQ9J,강민게이,8000045,104648,188,15
188,#29VLLRP82,путьВорона,8000023,103996,189,24
189,#2PG8J2CR0,cherrokk,8000004,102540,190,29
190,#9J2L09GC,Gabi și georgi,8000024,102502,191,29
191,#2L9U2YCVP,DREAMERS 💤🥱,8000033,101775,192,25
192,#2G0VUC000,1-=,8000059,101504,193,24
193,#LGYJ0LG9,амир ютуб,8000025,101396,194,25
194,#LYGLVJQ0,자메이카통다리,8000018,101076,195,29
195,#2QLQV8L2P,ЦЫПА🐣,8000035,100949,196,12
196,#L8VPYLV8,Отряд Моржей,8000039,100520,197,9
197,#VCJV0JJL,bacus975 et vou,8000020,100293,198,30
198,#URU898RG,Angels,8000010,99857,199,17
199,#RJU2Q2CC,фрифаер,8000015,99595,200,28
