,tag,name,badgeId,trophies,rank,memberCount
0,#8LPQ9RCP,Jungle stupide,8000013,798039,1,27
1,#29YQRYCCY,Клуб:  #29YQRYCCY,8000023,740031,2,30
2,#28CPJ80VU,pizzaioloak,8000011,622846,3,24
3,#29R2GG2QR,AK-E Sports,8000023,607720,4,30
4,#29Y09PRQ2,Лига😎,8000041,576828,5,30
5,#2GPGRUY0Q,лутшие,8000026,558519,6,30
6,#2YCGL8YC,HARD SMOOTHIES,8000055,427233,7,30
7,#2YLVVCV08,The Last Sound,8000000,345156,8,10
8,#2C88CGUCL,MRMCLOVIN,8000046,328199,9,28
9,#280G0RQPR,Cancelo Best,8000001,297944,10,30
10,#29QJ8VULQ,мини игры,8000029,281386,11,30
11,#2C98Q0RUQ,TiToYEye,8000041,273178,12,15
12,#28VPC28QP,KING|ELITE💎,8000059,261919,13,13
13,#QGL9R9LV,мясо,8000047,246645,14,26
14,#28UQQUJP2,SPARTAK,8000007,243594,15,30
15,#2C9Y0PGQ8,판타스틱한 한사랑 산악회,8000004,230978,16,18
16,#2L2RG0Q28,БРАТЕЕВО М,8000059,206639,17,27
17,#90LJL90Y,ANO PELOSO,8000028,199648,18,24
18,#2LLYQRRLG,ALFAPHOENIX,8000021,194244,19,22
19,#2GP9U8G29,김밥천국,8000034,191240,20,22
20,#URCVV8GG,охотники на лег,8000019,189343,21,22
21,#2QY0VJ2RC,ZimAzlk,8000056,188729,22,27
22,#220YRQGGG,🔥ЛОЛИКС🔥,8000049,186706,23,10
23,#2P9QQQPC9,я мигор,8000049,186447,24,30
24,#20JVY989P,🤖ROBO-MIKE🤖,8000025,185179,25,19
25,#J2YR0CQR,максималочка,8000013,183075,26,29
26,#2Q28QU2V2,Гей клуб🧔🏿,8000057,182834,27,13
27,#29RVC8QGL,гансеры,8000057,181354,28,12
28,#C0P8URQG,ONE|SCORPION,8000024,177835,29,29
29,#9PRG8GU8,паркур мастер,8000034,176023,30,15
30,#J8QRJ89P,Los proasos,8000004,175314,31,24
31,#2GY8RCGG9,fazegshert,8000013,171095,32,30
32,#JY9JU9JR,foot football,8000020,162714,33,29
33,#2JRUVCQ9J,|<RMA>|,8000021,160440,34,22
34,#2P2LR2J,winner,8000022,159867,35,30
35,#2CG2VLUL8,Cuguli Totoro,8000053,152365,36,21
36,#G9PYLP29,BULUK BULUK,8000023,149190,37,14
37,#29CV9PU8Q,ержанты,8000029,146601,38,27
38,#QU9JGYUY,csöcskalács,8000037,145028,39,16
39,#9GJQGRVV,(TR)Türkiye!!!,8000029,144112,40,28
40,#28L82UP2Q,ScarFace,8000023,143220,41,21
41,#209920VU9,⚡BORN⚡,8000010,137856,42,27
42,#LGLPJC2,MG911,8000029,137362,43,29
43,#LU0LU8RY,Brawl Клуб,8000059,135942,44,12
44,#JLRUPYPG,TEAM STARS,8000018,133472,45,13
45,#J2YJQCLU,данил8745,8000022,133292,46,29
46,#2CGG8YPVC,광철초,8000047,132734,47,24
47,#ULPUC980,🍭КАРАМЕЛЬКА🍭,8000028,131992,48,18
48,#QC29LQ80,[БАН]РОБЗИ,8000004,130295,49,30
49,#20J2LQJJQ,SEMPRE 5A,8000018,129416,50,25
50,#2QU2GVGUL,랭단,8000057,129316,51,27
51,#2LGLVP02L,태스건민이들,8000006,127428,52,19
52,#2P9VGY9R2,TR B,8000012,127160,53,28
53,#2R0C2GV8Y,🍭КАРАМЕЛЬКА🍭,8000028,126868,54,20
54,#2GGJU8R9C,CEMAL1,8000037,126861,55,30
55,#C9P8GVRP,GG,8000011,125546,56,24
56,#2P0R99J8R,пдыдт,8000007,121298,57,24
57,#8UG0YVRV,DARKNETBRAWL,8000005,119405,58,27
58,#29PQPUYVU,bs Дичь,8000049,118326,59,30
59,#29CUC9GYG,바보들 모여라,8000058,114597,60,17
60,#QV2URL8,GODZİLLA,8000037,113267,61,24
61,#2YPCJVUVV,Qwerty’s team,8000050,112536,62,8
62,#29RQUY9J9,SK|SikhLa,8000046,112429,63,9
63,#282U892YY,candy choco pie,8000027,111194,64,23
64,#2GLLYUPY8,олб12345,8000036,110621,65,29
65,#URQULRVC,MEHMET VE EREN,8000029,108263,66,29
66,#QY0822VQ,🍹|FAMILY|🍀🌺,8000048,107515,67,4
67,#29CVVVVYY,эдд,8000022,106361,68,15
68,#GUUVQGJP,스파이크 도훈,8000013,105456,69,28
69,#RVJG08J9,[MMC]CLUB,8000001,105183,70,29
70,#GLYUV02R,леон рон,8000005,103323,71,26
71,#8P9Y0P2G,Team Difool,8000029,103273,72,26
72,#JYPRGL8,Pro Legends,8000019,102849,73,29
73,#22V8YPU9G,yusuf serdar,8000000,101864,74,26
74,#28GVCP02R,The Undead,8000008,101119,75,6
75,#2PJJPQ9P8,огуречик😋,8000011,99793,76,12
76,#2L2,Moslavina,8000029,97325,77,27
77,#2YYU0R902,QLS BMW,8000025,96829,78,30
78,#PRGC0G0Y,Алимжан Даулет,8000029,96290,79,29
79,#2CGY02GYR,MD ONLY,8000008,93975,80,7
80,#22GY0GC0P,артем шамота,8000039,93192,81,7
81,#UGPVYYY0,ozan78,8000029,92964,82,14
82,#U089RL2G,TREEXS,8000005,92239,83,27
83,#2020YYY2J,wereldclub!!,8000002,91728,84,13
84,#2Y2LQVP9L,🥀MC|Rebuata🥇,8000048,90803,85,23
85,#PQC0VVQ9,ГОРОД БРАВЛ ПАС,8000029,89485,86,30
86,#8P9U2LYV,Nova INT,8000010,89142,87,15
87,#2CYJJGV9Q,GECE🌍,8000059,87990,88,11
88,#2L2QRLCQ0,джиганчики,8000035,87538,89,10
89,#20CUL9RQP,мангустики,8000035,87348,90,10
90,#QQ0ULL8P,<c4>1</c>XBET,8000021,86778,91,26
91,#C2VCVY2U,Орда тиков,8000007,86445,92,8
92,#20G22QCCV,✴️Legendások✴️,8000015,85426,93,17
93,#209QRP89V,XXXTENTACİON,8000023,84216,94,9
94,#YYQYL9YC,"Riko""222 Leon",8000035,82135,95,23
95,#2YG2C029R,🦈Акула🦈,8000029,81455,96,21
96,#UUQGU9R0,рамзик,8000021,80650,97,30
97,#292JUQQG8,нубик кубик,8000023,80345,98,10
98,#22RUCRPJV,alphateam,8000059,79741,99,7
99,#RRG20JCP,Team Vigezzo,8000027,78504,100,10
100,#2GRVVCPCQ,Все на 25ранг,8000009,78060,101,27
101,#PRGQ9LJQ,laz,8000020,77928,102,28
102,#2QYPGL29Y,aparapa,8000005,77883,103,20
103,#UJJ88VPU,кека пека,8000019,76900,104,29
104,#UQQYCJL8,Дикі макакі,8000004,76811,105,20
105,#URRG8LC,PAD,8000059,76555,106,17
106,#29Q90UUQP,куколки64,8000039,75888,107,10
107,#2QY9VC8QJ,Tek Gece 🖤,8000055,75634,108,5
108,#9QYRLRV0,🙌👏🤌👌🤙👋,8000013,74510,109,10
109,#2800J8L8,KemalTorunları,8000027,73375,110,13
110,#J0R8JLY9,clubiiiiiiiiiii,8000023,72575,111,10
111,#2GCY2G2YL,Boruto,8000057,72052,112,7
112,#RJCQ0CJL,pieski to pro,8000027,71682,113,25
113,#2QUQGQCGJ,Hurt,8000039,71492,114,2
114,#2GGVCPQV0,ОТЧИМ СКВАД ТОП,8000050,71423,115,9
115,#202ULPP0P,LOS HACKERS,8000053,71129,116,15
116,#20QL8JJ0G,samurai King,8000015,70970,117,23
117,#88GPVJL2,srvhb,8000029,70433,118,26
118,#982GYV2C,박다울,8000019,70076,119,29
119,#2P0PVC8Y8,Hallo gang,8000009,68959,120,23
120,#29JUPVQC2,jeleshkin team,8000033,68346,121,30
121,#LQJRLL8G,<c6>UP|TEAM</c>,8000025,67455,122,3
122,#PUVYUJ8L,brawl stars✨,8000029,64352,123,8
123,#2PJJJVGU8,Нужен БРавл ста,8000041,63305,124,4
124,#2JYV08Y80,altro che ohio,8000055,61902,125,4
125,#2JCLJY20G,Best DBL,8000040,60708,126,4
126,#288PGU298,AHMET£EFE£,8000029,60017,127,21
127,#2LYR2JCPG,киберкотлетки🎸,8000041,59926,128,6
128,#20GJ0J2LC,F1SHER,8000021,59215,129,7
129,#2GRLP92LY,Да ты чо,8000059,58612,130,16
130,#2C9RLY292,한준이 오빠,8000005,58436,131,13
131,#28LLQ8Q2C,3 SİLAHSÖRLER,8000056,58192,132,8
132,#V99YJV0,Dollar f3,8000016,57340,133,30
133,#2R8CRLYUR,WWWWBBAA,8000048,57092,134,4
134,#CJQYC9Q8,ZeVTOP,8000023,56002,135,27
135,#2CG0RPLR2,40k,8000056,56000,136,2
136,#22CY090U,wonono,8000021,55333,137,15
137,#28C2UUJQQ,нен бс😎🤑🏆😍,8000058,54182,138,6
138,#2RCVJCUUY,-SaintS,8000023,54057,139,5
139,#UUPYCJCJ,스파이크 도훈 2기,8000013,53863,140,8
140,#2Y28PVUV9,Noob Or God,8000004,53353,141,17
141,#GUP9UUJL,klubby,8000019,52411,142,27
142,#28GGLG28,Foreign_Gang,8000028,52183,143,3
143,#209PGQRC,mads,8000025,51922,144,11
144,#2CPL0U880,Wacker Plauen,8000043,51325,145,3
145,#2LGRVV9UR,baked beans,8000006,51115,146,3
146,#22R0YGU0R,PS BADI,8000025,50075,147,12
147,#2GVPR2CJG,blindGanguister,8000049,49812,148,17
148,#2R9LVQVUV,KRALAR GELSİN,8000029,49067,149,8
149,#GRRJRCQP,Apple pie,8000006,48401,150,5
150,#VU9V9Y88,LENFIKS klub,8000023,48261,151,6
151,#LLRGGRJJ,zxc,8000004,47142,152,15
152,#JJGY9CCR,los2,8000029,46733,153,16
153,#YCQVJUG0,LOS PROS 777,8000010,46704,154,18
154,#Y2Q2RCPV,pride,8000025,46619,155,5
155,#29008JP99,нубята,8000021,46512,156,27
156,#RUUR2GC8,львяра,8000029,46023,157,4
157,#YUG08CUU,давуд,8000028,45378,158,3
158,#LVLJG2GP,empoy,8000006,44104,159,5
159,#2JV9PJJ0J,Самолет 9/11,8000034,43158,160,3
160,#2J89U8GJP,YT:teddyGHG,8000037,41601,161,16
161,#2JCVGJLCL,Б клас до деда,8000029,41541,162,3
162,#2JVYGYYGU,гении двк,8000001,41341,163,2
163,#22JY02Y8Q,SilverGhouls,8000053,41329,164,7
164,#2QPPURJ98,♡♡♡,8000057,40750,165,4
165,#2JV800LQV,Не в клубе,8000036,40663,166,5
166,#VLJJYJG9,Der Nete King,8000004,40559,167,2
167,#22QVJGR8C,клуб голубей,8000006,40555,168,28
168,#20VRLCJ0Q,очказаврики,8000051,40285,169,3
169,#CYQ8JJ92,코로나 바이러스,8000004,40119,170,9
170,#220UQUY9Q,plyggg,8000057,39455,171,4
171,#29PR028G0,snakes,8000020,39187,172,2
172,#2RJLJPJJV,БАТЫРЕВСКАЯ СОШ,8000000,38869,173,2
173,#2Q8J92U9R,NAVI|MMA 👿,8000023,38803,174,3
174,#2L9CCCQV9,STICHICI,8000034,38288,175,17
175,#2YUJUJJ9Q,REEEEE,8000043,38228,176,11
176,#2YLQJ0PP8,🏆R. I. P☠️,8000007,37928,177,6
177,#2RYVUQ8JV,dark dag,8000055,37826,178,6
178,#2YC9C8LGL,Sparkle Lights⚡,8000019,37654,179,17
179,#22QCL0L9V,СССР◇,8000029,37639,180,4
180,#2C9GYRJYC,50k pusch,8000047,37450,181,2
181,#UVJ88RJ8,WWXZ,8000029,37142,182,10
182,#2JLL0G9P0,יוסי,8000004,36289,183,3
183,#2GG8YCCCP,Clan gtx,8000059,36163,184,2
184,#LL2P0YU0,"хеей, тянка",8000008,35907,185,6
185,#P9JV9PGG,brox,8000029,35777,186,27
186,#29RURU0JR,amici di matteo,8000029,35631,187,9
187,#J0U0CQPG,Dupré,8000021,35129,188,5
188,#2JULQPC0V,SPARTAK 2,8000007,34951,189,7
189,#RCQYYCQ0,Aze_gölge/🇹🇷,8000007,34447,190,6
190,#GQY0VULL,ㅁㄱ,8000029,34358,191,8
191,#22CU82YCR,бабиджон 777 no,8000042,33441,192,3
192,#2C9VVUR0U,ohotavnaribalk+,8000005,33398,193,1
193,#2C2LG802J,BADGER🥀,8000027,32912,194,3
194,#288JLYUU0,cuguli totoro 2,8000043,32501,195,7
195,#20PJ8RL8G,Кронос А4,8000053,32498,196,4
196,#GY2C0G2R,танкbro,8000015,32498,197,30
197,#GP2JQPR0,Colar628 ekib,8000023,32398,198,8
198,#9RYY0PRG,a bibi,8000011,32160,199,30
199,#PRJCGGJ0,МОРТИС,8000059,32063,200,7
