,tag,name,badgeId,trophies,rank,memberCount
0,#2CGJC8CP2,Nexus🪐,8000055,1156570,1,30
1,#2JL0LU2VR,mini miracle,8000034,1053147,2,30
2,#29JYRL8YY,devxssted19うぇっ,8000055,935141,3,29
3,#CLCVJ92C,CoRRuBeDo,8000056,765499,4,30
4,#299RJUURY,<c8>❖ＬＩＯＮ❖</c>,8000025,706457,5,30
5,#29JR9YYJC,help ranks,8000057,662611,6,29
6,#QG2CP099,Colegii🤡,8000041,641995,7,30
7,#29PJLU20C,C.D.TENERIFE D⚽,8000018,530650,8,29
8,#GGVVG8C2,istediğin olur❤,8000029,490596,9,7
9,#QRCVQJPP,мегакопилка,8000007,486076,10,30
10,#2C88PJGUC,Sigmy,8000039,476871,11,29
11,#P2YQ2P8U,TONY,8000022,455811,12,24
12,#22GJ8LCQ,tac guapos,8000013,421878,13,28
13,#2CRUG0G8U,Идем в топ 1,8000007,420048,14,30
14,#2982L08YP,капчо,8000005,411135,15,30
15,#L8UG0Y2,United Smokers,8000013,410327,16,28
16,#2JCUP8029,Клуб:  #2JCUP8029,8000059,408149,17,29
17,#8C228GVV,Brettes paysage,8000009,406248,18,21
18,#2C8CYPYLG,TV |wengay😈☝,8000023,404799,19,16
19,#2R29V9PJV,"ОПГ""Чирончик""",8000045,393159,20,23
20,#2L8V98PG2,snake eyes,8000022,317477,21,28
21,#JP0JV00J,xv 34,8000037,311482,22,16
22,#2CJ0UL9U9,i neg ri,8000058,304109,23,30
23,#JQLV0LU9,adert,8000041,299775,24,19
24,#PY8828UL,big noob 2,8000023,299594,25,20
25,#290C2LVJ8,THOR,8000007,277065,26,14
26,#RU2QL0,Aroused Gamers,8000020,274231,27,30
27,#2L8YGVJUP,ANGEL TEAM💎,8000029,273247,28,24
28,#Q9LG0JG9,мы в ЭЛИТУ,8000011,269756,29,27
29,#LYQR8QY9,아무나 들어와줘요,8000029,254937,30,28
30,#UP08P08,Aggressors,8000011,254114,31,19
31,#9JCV9YCQ,ХК Тамбов 2011,8000004,252339,32,30
32,#2L2UQ2CUJ,les frères 2.00,8000019,248972,33,30
33,#2L8GJG099,макнаггетс. со,8000004,240492,34,12
34,#QJUY29Y0,✪🇱 🇮 🇲 🇧 ✪,8000052,240121,35,30
35,#28RPUPUR8,не убиваемые,8000043,228782,36,17
36,#2LG2U9YQJ,(Bs) CYBERSPORT,8000016,227443,37,10
37,#2YQ0Q2C9R,PIKA PIKA,8000019,218393,38,30
38,#2GRCGLYGV,антихайп,8000037,217672,39,29
39,#2JUJ8PG8R,RU|Gaming Team,8000013,215644,40,10
40,#PP8RU8J2,윤서준,8000004,212947,41,29
41,#LLPLQL2Q,😈BABALAR😈,8000047,203694,42,30
42,#2LL2RY2VP,¥ABOBA.73.REG¥,8000037,201174,43,13
43,#2L88YG9Q9,mqmqmmq,8000020,199891,44,30
44,#JPU0G8P,gcA,8000016,195043,45,24
45,#2JL2GGQ0R,pablo,8000013,194302,46,17
46,#CYG0V9U8,24 кабинет,8000010,194062,47,30
47,#2G0JG9GR0,club RA,8000029,192205,48,30
48,#890RYVPL,Друзья💗,8000011,190056,49,30
49,#QL8G8YJV,Путь ЛЕОНА,8000023,189607,50,10
50,#2G820RP8G,beb you,8000037,187787,51,21
51,#RQJPRQ09,Team campeones,8000018,178041,52,21
52,#RUR8G8P2,FC TOUPINE,8000000,177525,53,16
53,#2G9LYQPJU,БРИВИЛ СТУРС,8000037,177041,54,13
54,#Q0J9YV2P,блинчики,8000027,176846,55,26
55,#J9RC0QQR,SEA,8000003,176664,56,27
56,#90CU22VR,yebku,8000009,174791,57,17
57,#28GPUUVPR,<c3>zwepix</c>,8000013,174060,58,22
58,#2V88G0U0,Los ostrogodos,8000013,173937,59,26
59,#28QJLRCYV,Суксун,8000013,173699,60,30
60,#YGGP0LVQ,PolskieLiski_PL,8000025,173382,61,17
61,#2YPGJ028J,Brawl HUB,8000041,173361,62,13
62,#20JQQVVUG,바라,8000020,173321,63,30
63,#28RCJ0PRG,ש1237❤🤗,8000010,172985,64,30
64,#QY8GCJJ0,<c1>D1</c>,8000021,172430,65,7
65,#2JJ2GQ8JJ,PSG,8000047,171925,66,29
66,#2J82UGYL0,Goat🐐,8000022,169479,67,10
67,#2G0R2G2JC,Shark❤️‍🔥,8000004,169270,68,30
68,#LR9CRCJL,انمي,8000008,164970,69,30
69,#2JUPU0PUV,los alemanes,8000047,159541,70,30
70,#2QPPRCUQ0,los inzanos😎🤑,8000049,158718,71,7
71,#28G9L2U2C,propolli,8000013,157927,72,25
72,#20U2YRJ0,про,8000007,156551,73,30
73,#8QPU8C8C,イキイキした毎日,8000028,152817,74,12
74,#2R0V92VYP,Fizichka shluha,8000027,152264,75,9
75,#2RY20PUYV,Pomba torta_pt,8000022,150755,76,12
76,#2CPJULVVG,gOLD TAYFA 2,8000023,147197,77,13
77,#8CCC98Y8,Croustillant,8000018,146237,78,26
78,#2RYJUUCUV,Burning Fists🤪,8000020,146047,79,28
79,#2GGVPGPJG,К.К.К.К?,8000023,145304,80,9
80,#2CP8P0YUU,StormHui,8000006,142627,81,26
81,#YV98Q0R9,Коки,8000022,139114,82,25
82,#29LL9VYGC,drie musketiers,8000056,138643,83,30
83,#22CG9CJ9,suslec playz,8000007,135902,84,29
84,#2PVPG29VL,BMW BOSS,8000029,134655,85,26
85,#QPGVQL98,ФУДБОЛІСТИ,8000037,133200,86,30
86,#2PY2GC0RL,ED|Exodus,8000039,132354,87,24
87,#YJQJUCYL,techno’s army,8000025,131764,88,7
88,#2LG00RVJV,lopster,8000034,131288,89,16
89,#2JP9RPLLL,ждём лето🐯,8000018,129106,90,20
90,#229YL00Y,puto amo,8000037,129015,91,20
91,#2YRU8RLY,ТОРГОВЫЙ ЦЕНТЕР,8000023,128323,92,3
92,#28VJCCYU9,LOS PULPOS🇪🇸,8000029,128302,93,15
93,#8CJ9RGV9,muss klatschen,8000017,128011,94,10
94,#2GPJQQJ92,dark team,8000027,127370,95,10
95,#2Y9UVUY08,BIJUTERIA SQUAD,8000029,125998,96,15
96,#2LY98RGQV,aad bilnaat,8000001,124316,97,22
97,#2GYCL9RVC,exoodus,8000048,124038,98,10
98,#C2U8P9RY,M.S.L.5.B.2*,8000049,122807,99,30
99,#2C8JLCVR,LA MORGAL,8000003,122212,100,26
100,#VUCG9C0,cimice,8000021,121982,101,28
101,#28GR0009R,de gangstertjes,8000007,121799,102,30
102,#29YGRYRPQ,killername,8000007,121002,103,17
103,#22JC8J8RV,XZI,8000006,119784,104,21
104,#2GJJ298L,Mega-Brawlers!,8000017,119535,105,19
105,#22VQ2Y2VR,страшилы,8000022,119468,106,29
106,#2YQRLLU0P,АНИМЕ,8000055,119388,107,20
107,#Y888C0YV,exeler,8000021,117912,108,28
108,#VP02Q0GJ,FRANCE 🇫🇷,8000059,117115,109,11
109,#LQYLQGGY,ÖLÜMCÜL 3 LÜ,8000034,115939,110,27
110,#2L289GV8G,класс 3и,8000029,115685,111,29
111,#2C2CYVR2V,🔥Black Fast🔥,8000033,115504,112,17
112,#2G82LUPC0,CLARGREG/sirmax,8000003,113508,113,25
113,#2Q22R80QQ,Bit krou,8000017,112801,114,28
114,#2Y2C0R8CC,фуд,8000029,112496,115,27
115,#2LQ0G08P8,яой сенпай,8000027,111487,116,25
116,#GQJRV9YG,kutyaköcsög,8000009,110168,117,30
117,#2PQPQ9JR9,金色の夜明け,8000049,109871,118,8
118,#28P9PYGGL,la team de 4,8000003,107849,119,6
119,#QYQ20YL9,БОБРИКИ ТОП,8000042,106636,120,9
120,#28GP0JPYJ,anti Leeuwarden,8000026,105703,121,9
121,#L2G2U2QY,<c0>GECE🌚</c>,8000055,105595,122,6
122,#VUL2G80,bocian,8000007,103840,123,23
123,#YGYC9Q0Q,uzu,8000023,103762,124,18
124,#PJRUJ9R0,Тут тільки Укрн,8000059,103209,125,28
125,#2Y00RCLG2,vokuyg,8000002,102357,126,16
126,#QPLLQ29P,WOW,8000013,100653,127,11
127,#2CGUGQPG2,sokaçu,8000059,100165,128,5
128,#2P0VY828J,_avenger_,8000059,98963,129,8
129,#22Y2CLGL9,QLS|БРАТЬЯ,8000028,98411,130,28
130,#2J29V02JQ,DeadInside9yo,8000010,98082,131,7
131,#20VVU2UVL,Light & Zero,8000011,97989,132,20
132,#298200P2P,無限発射編,8000005,97324,133,14
133,#2LCYRJ2QL,Srpski gejmeri,8000057,96698,134,7
134,#2P2GGL2P2,le😀😀du club,8000013,96478,135,18
135,#R8LG0JUQ,777oiu,8000020,94550,136,18
136,#RVP2GLQ9,БМВ,8000029,94395,137,18
137,#2YL98G99C,крыса 7,8000028,93975,138,27
138,#2RGVCRCC,Jatu Stars,8000015,92561,139,18
139,#28J0VQJP,Ik ben de beste,8000019,92072,140,6
140,#220UPG9VQ,добиваю 11000,8000029,91913,141,30
141,#2QLGGLLCU,кобанн,8000017,91478,142,10
142,#2PUJUYCGU,мямя кюка,8000029,91170,143,21
143,#2RGQ2LV0U,7 o'clock sqd,8000013,90271,144,5
144,#2PJR9JVL9,про96,8000005,90029,145,27
145,#2JG0JY9RQ,Криминальчики🥰,8000004,89457,146,7
146,#2JY2UVJ8C,првенец онлайн,8000030,89289,147,10
147,#29RQVC2UC,Omlets,8000056,88850,148,8
148,#2PGYQ0RYV,Kuduz,8000004,88825,149,18
149,#PG28L8PC,синий,8000035,88014,150,6
150,#LCUU98QR,Dębostrów,8000046,87992,151,8
151,#2JUUUGLG0,1GG1GG1,8000000,87966,152,4
152,#28PVVJVVQ,4858...,8000037,87819,153,29
153,#2JC0J2QJ0,NOVA I,8000006,87028,154,6
154,#29LGQQQ9U,SİNSİ kulübü,8000019,85223,155,30
155,#2YVY00Y28,гопники,8000029,84741,156,10
156,#28JQ802JL,HAVI/LOLP😈,8000013,84617,157,12
157,#2QYVPY9VU,Temple Brawl🏛,8000019,83990,158,28
158,#2GRYG9L8Y,Хз,8000058,83808,159,20
159,#9L2298Q9,ROYAL #1,8000029,83365,160,7
160,#2RQ882VPP,TaskForce,8000040,81933,161,6
161,#88LRJVC0,ногри,8000000,81243,162,28
162,#22V0C8YLC,Tortik🎂,8000039,80795,163,5
163,#2909PVYRR,Its Top Club,8000000,79892,164,5
164,#Y80PQGC8,RAY PLAY,8000012,79826,165,25
165,#CQ8PPCRL,SHARINGAN,8000004,79525,166,6
166,#2LVGVL0CL,А4,8000015,79459,167,10
167,#2C8QG2VVY,SCK TEAM,8000037,79222,168,11
168,#20V0LCULG,1>bravl</c>,8000043,78246,169,7
169,#9LGVCRQY,Snajper ziomki#,8000026,77355,170,21
170,#2CG89QULU,огайо,8000029,76574,171,3
171,#209R8C0LV,Rosa Time,8000013,76218,172,15
172,#RJ8GJ888,d1,8000013,75896,173,24
173,#28C9Y98V0,FENER VE GALATA,8000029,75677,174,21
174,#RVPY9U9Y,Я ДАНИК777,8000000,75072,175,24
175,#YV0L8YCR,les demons,8000007,74899,176,27
176,#2CP9Q82PP,Бойцовский Клуб,8000004,74273,177,4
177,#2RJQQQ2U9,fnaf club,8000031,74052,178,13
178,#22RCLRCQU,таджики,8000050,73287,179,5
179,#LV0UVURR,nnsa,8000028,72791,180,11
180,#C0LYY2U0,FALCON |Esport,8000029,72381,181,7
181,#R9J09289,ASIKLAR,8000019,72250,182,16
182,#282Q0Y00C,공동대표 go go,8000000,72192,183,18
183,#2RRQC8QUP,Babyфакеры,8000059,71677,184,7
184,#2YQVUCJ82,хэ 212,8000022,70791,185,14
185,#28CQ8UUP9,я топ и ты 2013,8000035,70373,186,28
186,#2Q9PCYV0G,cdo,8000012,70275,187,20
187,#2U8G0Q9,Family Abu Diab,8000029,70152,188,10
188,#2C2QQCJ8Q,EE,8000039,69889,189,8
189,#2P0QG00LV,гарик,8000013,69884,190,21
190,#QJ9LVUJR,F.Fam,8000025,69456,191,30
191,#2JU0VR89C,Atatürkçüler,8000023,69036,192,9
192,#R209928R,Легендарные,8000004,68233,193,3
193,#28LY0PJU8,multifax,8000013,67955,194,8
194,#29Q9RJPLV,WiziX_NfT♒,8000055,67897,195,4
195,#RPQRVPG2,DARK NOVA,8000013,67845,196,5
196,#28LP828CQ,45,8000006,67804,197,28
197,#29P8JVGVQ,negerog,8000039,67706,198,3
198,#Q8PRY0G9,кирилл и костя,8000034,67497,199,8
199,#2GYU9JR0R,Qwwy squad,8000057,67336,200,3
