,tag,name,badgeId,trophies,rank,memberCount
0,#UGRL90C0,Ultimate Team™,8000015,1884342,1,9
1,#GURRCCYQ,Perfect Clube,8000000,952053,2,8
2,#2L2Q8JPY9,🌃 GECE,8000003,947101,3,30
3,#2JRULP2PL,LOS AÑAPRO,8000053,771498,4,30
4,#22GYVQLV2,Omen Moldova,8000021,684273,5,29
5,#2998VYL09,es una ganga,8000059,505499,6,30
6,#2RY8U9RUV,bois wit food,8000057,498562,7,30
7,#2GPR90LLJ,Borcův Team!💥,8000034,480564,8,4
8,#28YYQG8V,BRISEUR DE CUL,8000007,463761,9,30
9,#QJ089CQQ,RED TEAM,8000022,443527,10,27
10,#V9GJCVY2,Клуб України,8000004,418986,11,27
11,#2YLLCVGC8,La Confrérie,8000053,385733,12,21
12,#QR88JVLP,Sorry|family,8000011,383390,13,30
13,#2QP989GGU,ebem,8000013,363170,14,17
14,#2RCUC9GYC,ㅁㅊ스타즈,8000059,361699,15,30
15,#2V2R9JP,谷口の会,8000017,353645,16,28
16,#QJ8PL9R2,Artur,8000033,335722,17,30
17,#QPCQCRCJ,BS America ofi,8000023,306450,18,27
18,#RQJ8028R,Mafiozniku,8000004,298352,19,18
19,#8LY00U0G,Ata 5'leri,8000055,293541,20,22
20,#2PLPJPUYU,.exe,8000057,276957,21,12
21,#29GP8GJR0,Fake accounts,8000022,263371,22,30
22,#UGPG8PJR,Vitamineclub,8000007,259046,23,30
23,#VJ2GUR9P,QC brawl,8000057,255662,24,26
24,#2G8LVJG8L,топерчки,8000034,239983,25,17
25,#QPUUP0QL,HTCGANG,8000022,229134,26,23
26,#2JJQYURJR,db|clan,8000023,228707,27,20
27,#2LURCJG90,Кто за Рассию!,8000057,228536,28,27
28,#2CQCGCGCL,kürdistan,8000034,202598,29,30
29,#22V8QJ9JG,유정준준,8000029,200456,30,25
30,#20QYCYGGG,Tost ekmeği,8000008,198229,31,21
31,#VJ2RJ92C,Evolution,8000023,194649,32,30
32,#2Y2GJ9Q8J,СовгаваньТоп,8000057,193456,33,29
33,#22GU88C2U,Phnxclub,8000037,191575,34,7
34,#2JJCULPVJ,4a,8000035,190657,35,30
35,#2LR0VL0CL,KUZENTeaM,8000007,188179,36,28
36,#R28VGQCU,YOKO,8000019,187786,37,30
37,#2QQQY00LG,😎Pro Bros😎,8000059,187714,38,30
38,#2QQ2U98G0,L’atackDesGitan,8000059,186649,39,20
39,#298RUGQYL,madalin22,8000020,179824,40,28
40,#UC90JRJJ,딸기사랑,8000018,175106,41,21
41,#2G8L2QJRV,Даники,8000040,174023,42,30
42,#2CR2JRG9L,오졸,8000019,166969,43,30
43,#QY8YGVJC,TRIO LEGGENDARI,8000029,165656,44,20
44,#2LV0RRCL2,OrangCoconut|ES,8000059,162623,45,28
45,#2G928PYC0,Yuri boykayusuf,8000037,161739,46,9
46,#2R0L2CPPG,долбимся в попу,8000013,161355,47,12
47,#2GU880G0G,Пабло,8000027,160951,48,28
48,#GVQ0GY2U,546,8000017,158471,49,29
49,#GJPJ0C09,хвк спутник,8000027,157751,50,25
50,#2YC2PUY98,מועדון הרובוטים,8000029,153359,51,29
51,#282ULY8VV,777&уб&#бр,8000004,149490,52,30
52,#2C9VGJQL8,세계로금란교회,8000037,148706,53,13
53,#R0PJPQ92,연학초 클랜,8000023,148540,54,19
54,#20CV2ULUY,БИБИ 26 РАНГ,8000059,146553,55,30
55,#2YG2LRJ98,сыр майк,8000034,145877,56,28
56,#20RPVVG09,pastırma,8000034,145310,57,30
57,#28Q0URYY0,мещера,8000039,143637,58,15
58,#JGYCGLCU,Der Nita,8000023,143359,59,29
59,#29RGLYLVU,ATATÜRK ÖLMEZ,8000007,142129,60,30
60,#2RVVP2QJY,los pros,8000053,139953,61,17
61,#2YCJYGY9,GoodyGoodClub,8000004,139726,62,29
62,#222GR0QU,fernancha,8000004,138413,63,14
63,#2JRVL8RUR,зеленки,8000013,138060,64,19
64,#2CPG8RLLP,ГО ТОП,8000047,137681,65,27
65,#LC002QY0,koala club 😴,8000043,136650,66,26
66,#29YUCLQQL,》BeN KraL《,8000007,135463,67,30
67,#2J28LQ82C,인천서구유소년야구단,8000047,134413,68,26
68,#2YJ20JV0J,бездари😏,8000037,133107,69,25
69,#28QY9QQLR,spike lande,8000001,132502,70,30
70,#8VGL990L,Оран гуки дуто,8000059,130258,71,24
71,#28LPP8RG9,НУБИКИ ПРОЧ,8000004,130122,72,26
72,#2JYJUQG89,hihiha,8000037,130078,73,15
73,#JUC0LJGU,CALL OF BOLT-2,8000012,129963,74,29
74,#RPVYV809,485,8000029,129642,75,30
75,#VQ9LJVC9,Мишлеш С.И.Л.А.,8000021,126343,76,29
76,#20R8RVG0L,лидер,8000027,124463,77,26
77,#2C8CU8RYL,💪👁️👅👁️🤙,8000023,124184,78,8
78,#2JG2J9PYQ,BRAWL STARS,8000028,122008,79,8
79,#UG9C2LGL,BIG CHLEN,8000027,121750,80,20
80,#G08LP8J9,luka geladze,8000000,120669,81,30
81,#2R02G8QL2,ретро,8000002,119481,82,23
82,#20JRVLQ8V,ForiClub,8000011,118867,83,15
83,#2QUC0UJC0,FeVRiK YT,8000037,118321,84,18
84,#29RQ8P2G9,turma,8000026,117447,85,30
85,#2JRV8PQ0Q,2 am brawlers,8000041,116379,86,6
86,#VLV8Y9U9,Der Nita König,8000029,115066,87,27
87,#LUQ0G08Y,세계 최고의 클랜이 되보자,8000028,114930,88,24
88,#QJCY9CJJ,Quqendo,8000013,114906,89,29
89,#2YVCJV9QQ,Мафия 2,8000004,114597,90,13
90,#29UYU0UY0,EveRk25–>🚪,8000027,113489,91,30
91,#2CYGPVGJP,KentuckyNever🌃,8000012,112943,92,7
92,#2QJJJU8RQ,CoCoSun,8000018,112745,93,24
93,#28RP0JV92,Pokémon esmeral,8000006,112249,94,28
94,#2QCC9LC9J,мага и ислам,8000010,111965,95,16
95,#2C8GYR0PP,пусики,8000034,110917,96,7
96,#2PRJY9VCY,Оттелерот,8000036,110390,97,30
97,#LCCPLG0V,Colegi,8000059,108293,98,8
98,#2C8RL0CLQ,coko E-sports❗️,8000055,107692,99,7
99,#QQQ8J0LU,✴GECE✴,8000006,107452,100,1
100,#28CLV2RU8,Святик тим,8000055,106587,101,27
101,#2P02CVP0R,Вескеры,8000004,106424,102,25
102,#22U00UUVR,סו,8000045,106140,103,30
103,#2C8YCCCCQ,Arkanasium Pros,8000037,105412,104,9
104,#YCJ0GLVU,champion,8000004,104845,105,23
105,#2JPRURY2R,о мэн,8000017,103658,106,27
106,#28CQUVQVR,грей 25?,8000001,103613,107,7
107,#2L0RVPVR9,효아승사,8000025,103578,108,30
108,#222CV90UC,CZECH BRAWLERS,8000023,102120,109,30
109,#2Y9J0LJ2Y,Fred Frederico,8000029,102077,110,19
110,#PC92U2P9,Мололол,8000025,101906,111,28
111,#L8Q89LRV,sla9,8000028,99747,112,29
112,#8Q898JYU,lizi usa,8000053,98051,113,28
113,#LGUUYP8J,ГРОЗА,8000029,97245,114,26
114,#2YPQCRU2P,LuckyStars Club,8000059,97110,115,7
115,#2PCJ2YGV9,аблакам,8000013,96516,116,30
116,#2G0YR0RP2,Andreikids15,8000002,95706,117,30
117,#29CYJ80L9,Yalommy bacon,8000007,94717,118,14
118,#P92CUV82,SEWY WABBITS,8000029,94551,119,13
119,#2YPLY2G8J,НАРУТО👁️,8000037,93935,120,27
120,#LGQPY08Q,orice🐮,8000034,93554,121,26
121,#2UCLJJVU,123MMM,8000025,93503,122,9
122,#R0P0LQQQ,хачу леона🐕,8000029,92947,123,24
123,#PJPVYVVR,Wasea,8000059,92761,124,26
124,#2LUYR80UP,Luca.H,8000023,92465,125,29
125,#UVVC82JL,🇹🇷❤️🇦🇿,8000029,92038,126,30
126,#VU0LY82P,kağan kuzey,8000023,91933,127,4
127,#CGVLR2RU,김치찌개,8000000,91609,128,13
128,#299J9RRR,го ваг,8000016,90958,129,27
129,#20RV0RCJ9,RD papá,8000013,90941,130,9
130,#9LRULYL0,YILDIRIM,8000007,89498,131,14
131,#29C80RC8C,нормачок,8000039,87424,132,24
132,#2CJQPGR02,Без мата,8000047,87395,133,12
133,#2GQ9PYPVL,шалаш,8000059,86881,134,27
134,#2J2CCLYYG,FF TEAM⁴⁴🇦🇿,8000021,83877,135,12
135,#V9GR2UYP,golden kankis,8000028,83627,136,29
136,#QL298C80,for a you,8000016,83325,137,30
137,#2LGPJY0YQ,G9,8000003,82684,138,13
138,#JVQ8J0QP,너굴군단,8000029,82632,139,9
139,#8JP0J8LU,паразит шиничи,8000056,82457,140,18
140,#GQGJ99PQ,РОССИЯ,8000021,82317,141,9
141,#Q8GPV2U0,Hi dere clan,8000007,82025,142,7
142,#2LC2JRPPC,Belle's Club,8000043,81664,143,10
143,#2UJ229C,JEM,8000002,81556,144,29
144,#2RLP0CVCJ,Цукерьбэки,8000013,80277,145,6
145,#2QUVQ089L,friendly tester,8000018,80227,146,21
146,#2G8G2P82P,𝚂𝙸𝙶𝙼𝙰,8000010,79820,147,5
147,#2P0GQYJLQ,Takki & Broekie,8000031,79746,148,13
148,#8GCGJL8P,luismarc,8000015,78900,149,30
149,#2LGPG8VC9,у2у,8000005,78704,150,30
150,#2PCPJQYYJ,Bibor club,8000053,78610,151,27
151,#20G2PYRGC,TTB|Lakers,8000037,78078,152,6
152,#289J92J09,банан,8000034,77986,153,29
153,#2YGGRP8RV,The Club Bro,8000029,77886,154,25
154,#G29G2LQ2,4В😈😈😈,8000001,77075,155,27
155,#2CR9JUVG9,우리엄마 180,8000020,76103,156,10
156,#2CJCLGVYC,노형초5-2,8000037,76096,157,5
157,#2QY8U8YR9,КИБЕРСПОРТ2021,8000029,75875,158,13
158,#RYGL8VJ0,софия1,8000018,74473,159,25
159,#20Q2JJ82C,Ваймер 123645,8000013,74217,160,12
160,#2909YLLU8,한결태권도 사랑해,8000058,74189,161,18
161,#QUUV0JJU,Андрій сачовськ,8000000,73918,162,25
162,#2LJQV2QR9,栗松(え！？俺でやんすか),8000004,72180,163,3
163,#22YQRQ808,다뭐여,8000018,72166,164,23
164,#J8U2RQ9,LiMtf,8000059,71304,165,9
165,#G8YYU9V,гату,8000007,70544,166,28
166,#2R929QQYG,EGIPET TEAM,8000056,70065,167,9
167,#CL2VJLC8,The three amego,8000055,69606,168,6
168,#9YCPRR82,беброчка TEAM,8000057,69527,169,10
169,#QV2JUVPR,доля,8000002,68917,170,7
170,#2PLQPUQ92,club boșii tik,8000022,68750,171,29
171,#2L8GP9RPP,Fede-Yun,8000000,67681,172,24
172,#2CYRUUY9C,создатели бк !!,8000050,67572,173,5
173,#8CUUYQ8R,Lckoff,8000035,67365,174,9
174,#29PQYVPVQ,DoTa Squad,8000037,66627,175,4
175,#QCG8LGPU,Кирилл Дима,8000029,66315,176,30
176,#JUPY9R92,pula112...,8000003,65605,177,29
177,#8P0CV8V,chunky monkey,8000012,65399,178,30
178,#2JV0YQGYP,navi,8000059,64978,179,6
179,#2LU0RQRRL,🙂ДоШиРаК🙂,8000027,64223,180,13
180,#RJC8P0G2,aslan hamza,8000000,63887,181,30
181,#2P2GPLJJ0,Прошники,8000028,63359,182,23
182,#2G9L0PRY9,(G)ØLD'$,8000049,63318,183,4
183,#2RVC9LLJY,worldclub,8000050,63032,184,4
184,#2GJRJ9LPU,휴게소 연합,8000059,62558,185,3
185,#R20CGJP9,olix i wika1000,8000025,62270,186,29
186,#22JVRLUCR,CONONELII💪💪💪,8000004,61641,187,30
187,#G2PYV9L2,SlattMen,8000004,61135,188,11
188,#20LG2VCV8,щбь,8000007,60502,189,23
189,#2JRRYVYQ9,тьотьо_пундики,8000016,60393,190,4
190,#9LPQY9Y9,the mothers,8000057,60211,191,7
191,#2YL29RVRU,топы мира,8000013,59546,192,10
192,#YPUGPL8R,Pro Ionut,8000043,59505,193,7
193,#2RVQ9QQJ8,сайын,8000049,59243,194,4
194,#U2PLR0QC,Камиль,8000025,58570,195,29
195,#2JRV2JCUV,Топ волки,8000022,58346,196,6
196,#208PU89C2,B.O.E,8000013,58220,197,9
197,#299P9C0PL,Harazen,8000027,58080,198,6
198,#2JJYG9Q88,LA MERAVIGLIA,8000057,58074,199,7
199,#QU0QRVVG,MaviEvren,8000021,57655,200,5
