,tag,name,badgeId,trophies,rank,memberCount
0,#2GPPRV82L,☆La Titambeau☆,8000041,1395694,1,30
1,#U9JL8VVV,DIG_BICK,8000022,1356072,2,26
2,#G8LUUR0P,❄️ Freeze ❄️,8000021,1058842,3,21
3,#2C9VCL982,NEW CLUB 🌃,8000016,746090,4,30
4,#2Q88VJ2RJ,UKRAINE,8000048,707768,5,30
5,#2GQU992CJ,MarvelArmy ❤️🐾,8000018,665550,6,22
6,#2JY2VYRC9,Sweet Home💀,8000004,639520,7,1
7,#2JR08YP00,Brawl Wars,8000055,637045,8,30
8,#2J98CG2YG,CIA MARÍA,8000055,630764,9,24
9,#2JL2UPCC2,I Bimbi Forti,8000021,620576,10,30
10,#29G0JC2Y9,SK|*Gamer*🥀,8000011,606255,11,30
11,#2C92QG898,3эт,8000007,604435,12,30
12,#2GUCQ0Y8R,FVORITES,8000023,566156,13,30
13,#CCJG802V,Buenas >:D,8000023,552469,14,22
14,#2Q098R90Q,LIMON FAMILY,8000029,544467,15,29
15,#J20GL2PG,Avolition,8000036,528801,16,30
16,#2P2P9QLGJ,CRAZY ELITE,8000029,510371,17,30
17,#29LC99LRQ,fc oliebol,8000047,509972,18,30
18,#2CRL828CC,heuchlin,8000036,498783,19,27
19,#29RVCJV89,🌎[AC]KingDom🌌,8000029,496242,20,24
20,#2YVY9CCLC,les beaufs,8000004,482434,21,28
21,#L9UYR9UL,blaZe2.0,8000018,471803,22,2
22,#YUVP0UV0,Раздача варфейс,8000037,463526,23,28
23,#28QLJPYVR,Pizza mit Majo,8000055,460727,24,24
24,#98G8Q22Q,gazagenahsyde,8000004,439615,25,30
25,#29082V28,Energy base,8000007,422621,26,25
26,#2822JLLLU,G_A_Y Club,8000009,413712,27,20
27,#2YLL0L0V,VForce,8000002,407038,28,28
28,#2PJGCG2YU,GANGSTER,8000039,405685,29,17
29,#QRGJVU9L,Mega Świnia🐷,8000056,384817,30,28
30,#2RYY9C20U,Eierlecker,8000009,356575,31,28
31,#2QVUL9VYC,とまと,8000029,342975,32,29
32,#2G0GPQUJR,FAUHAUSTER/TEAM,8000029,335545,33,30
33,#L82GJCC9,FRKILLRS,8000039,330192,34,3
34,#2G8U8C000,SAD KİNGS,8000036,321256,35,30
35,#CGLL02,The PYD,8000017,306428,36,27
36,#2GU89P2G0,SLATT|remester,8000037,304091,37,30
37,#2L0VGL9JP,<c7>ФУНТИК</c>,8000029,298574,38,30
38,#2JUPPGGQL,ДИЗГАН,8000035,291890,39,18
39,#UJJ9GUUG,sevgili💋🤤,8000025,288922,40,2
40,#29JRY0R09,Çikolatalı Kek,8000029,279995,41,22
41,#2G808P800,<c6>ELITES</c>,8000004,272587,42,13
42,#LJCP8JJP,Cactus Team,8000017,270850,43,22
43,#29GPYLJVC,Моргенштрудель,8000013,269139,44,14
44,#YUVLP2G,Les BROwlerZ,8000024,266538,45,24
45,#28V22LVJQ,GBL,8000029,259637,46,27
46,#VCLYYQPC,Truenos,8000017,259507,47,28
47,#29YPL8V02,Loscolegashaker,8000059,258185,48,22
48,#2QL2CVRPL,Les Revenants ⚰,8000025,250631,49,12
49,#29PY08URL,les cauchemars,8000007,248112,50,30
50,#2GJUPQGJU,глент и а4,8000019,245950,51,13
51,#YYGC0J00,Kupa ligi Amber,8000000,240393,52,30
52,#89P9RLRG,Les Licornes,8000004,237095,53,28
53,#GYP8UPG0,fani rapu,8000021,229868,54,30
54,#2G0J2VY29,Мбаппе в Реал,8000042,227929,55,30
55,#2JJU22U0V,DOĞANAK,8000031,213811,56,16
56,#2QRPCVUJ8,헌터,8000029,212223,57,28
57,#2YR2Q08QQ,Bedwars,8000022,211310,58,26
58,#2QC22CCRY,otaku club,8000023,210078,59,30
59,#2J02CLRPG,NEIBOURG,8000018,208536,60,30
60,#28GQ9RPPQ,Die Hinterwelt,8000008,208376,61,14
61,#28U920G9C,лоликпипецбот,8000057,206956,62,20
62,#29JUGRC9Y,Splendid Cobras,8000013,204690,63,9
63,#2980L2Y90,⚡️GUILTYCROWN👑,8000029,201664,64,11
64,#2YGU9JRVL,team/crazyy,8000030,201616,65,25
65,#29QQJL202,Hifz_93,8000059,200170,66,12
66,#2YRUYLP2P,Die Tickgang!!!,8000010,199920,67,15
67,#PLC0GP90,ziemniorki.pl,8000029,197559,68,25
68,#8LGGV899,маха баха,8000025,196503,69,30
69,#VVJRU2J,DBH,8000029,192603,70,30
70,#2RJVCQLLP,Odesskie girl,8000029,192110,71,12
71,#RPV9UVG8,👑👑KRALLAR👑👑,8000029,191126,72,30
72,#2GL8U2LUG,Cala de pala,8000059,190777,73,30
73,#2G29UPVJC,YABIRI KODESAHH,8000053,188589,74,30
74,#QJ2998YL,FanFair,8000037,188035,75,14
75,#QCP8PPY8,Суперма,8000029,187222,76,30
76,#2JGPRJL92,사이버,8000025,185759,77,9
77,#29PG8CULY,Antsik💘🗿,8000041,183632,78,8
78,#8J0LQ2L8,サッカー部二年生軍団,8000016,181542,79,16
79,#2QVU0PQRV,arcéonic,8000003,179120,80,15
80,#2R8J20U0Y,лимон+ад,8000037,173314,81,29
81,#29YQLJGG0,OG spike,8000003,173043,82,28
82,#22CQYQL2,риподаж,8000031,170740,83,30
83,#29RRP80VJ,polska,8000055,169746,84,30
84,#LCLC0U8V,TP/Team Potatos,8000029,168674,85,14
85,#JUJUQVC0,5 dinara.,8000015,167731,86,18
86,#JUJVQ2U8,hu,8000056,165688,87,29
87,#2CPYUVJQ0,kulaksiz,8000029,164356,88,24
88,#22R0RJC89,Василёк,8000013,164065,89,28
89,#QCLVYCUU,רק פייפר,8000025,163488,90,30
90,#2JJ2CPYPV,TR□|E-SPORTS,8000036,162280,91,16
91,#2GJVL9RV2,FOXY E-Sports,8000037,160716,92,11
92,#28UPQ0J,Tofu Rules,8000047,160449,93,10
93,#2JPL2JUYV,Los Pepitos🥵,8000023,160345,94,8
94,#2L0VC89PQ,The Clique,8000034,154965,95,12
95,#2QVP88YQQ,Cool kids,8000018,154792,96,30
96,#22Y2220JV,Kleinwalsertal,8000007,154603,97,26
97,#QLP0C9QP,Hihiii😁,8000047,154471,98,29
98,#LLGY8Y0G,banans,8000028,152718,99,22
99,#2JPLU99J9,🏴HHVMB🏳,8000055,152299,100,11
100,#YQQQCRQY,La team Lotus,8000016,151636,101,10
101,#QQ2R908U,светлогорец 08,8000016,151022,102,25
102,#LPCQPPG,Lé Coboille,8000018,150985,103,8
103,#2G00CLLQJ,ллееоонн,8000000,150745,104,30
104,#2RJL2QQYU,мимисс,8000034,149802,105,19
105,#2QY2PGYU,madhouse,8000048,148926,106,23
106,#L9RCU2QP,Il fuoco Rosso,8000037,148754,107,30
107,#28UVC99JL,ФК Гатчина⚽,8000021,148352,108,27
108,#QU0G2JUR,Би-би-си,8000000,147078,109,21
109,#9JRG8RQY,Acid Revolution,8000023,145452,110,30
110,#8VGL2UJL,放置型抽卡手遊,8000057,144665,111,8
111,#2QCR8UV9L,KOBALT KRALLIĞI,8000059,143649,112,28
112,#PL2YJLCC,Герои,8000052,142492,113,12
113,#2R2RR0GV9,👻HAYALET👻,8000035,141583,114,27
114,#VU2LUGJY,🐌|В путь...,8000057,137394,115,7
115,#2Q8VQCJUP,🥀Ksimo4ka🥀,8000059,134073,116,10
116,#RPP08QY8,denizcik,8000029,133698,117,10
117,#2PQGJRLJP,ОРЕО,8000000,131484,118,30
118,#2QGJYUQGL,Пляж,8000018,130649,119,28
119,#2G8QULJUV,⦑L⦒⦑U⦒⦑T⦒⦑I⦒⦑K⦒,8000023,130124,120,11
120,#VGY9UVQ2,leon raz mata,8000029,129977,121,27
121,#2JLQ09JJP,Passione DC,8000033,129826,122,25
122,#LQGJGQCY,superclub,8000019,129132,123,30
123,#2PG9G82UU,анеме топ,8000013,128761,124,24
124,#2GUY2UCRJ,🍷life🤍,8000023,126921,125,7
125,#228CJVVR,Tomaatjes,8000006,125387,126,28
126,#2CPPGQGLL,100 K,8000039,125282,127,10
127,#2R08Q2RVQ,Жир Team,8000039,125208,128,6
128,#20L8PGCQ0,schusseligen,8000010,123966,129,8
129,#22CYY08RV,HEINZ,8000007,123157,130,18
130,#LRCU88G2,Cosmic,8000016,121840,131,19
131,#R2L2LJ0Y,bosiii satu nou,8000029,121243,132,27
132,#CYGR09QC,仙田停部乙,8000004,121024,133,7
133,#2YVUU9LY8,Legend killer,8000017,120994,134,16
134,#298VP00GL,тима друзей,8000015,120645,135,14
135,#2GJCRP2UY,ChillKrin,8000013,120363,136,8
136,#2J28J9G2J,KNIGHTS,8000021,120360,137,10
137,#2PR2Q82YP,"55555""ееееее""",8000019,119767,138,26
138,#29Q2L9GP8,Ankara0660,8000014,118175,139,18
139,#QJ2U9YQC,MAUROS,8000009,117837,140,11
140,#20Y9UYCQC,╚MG╗,8000059,117286,141,9
141,#2L28JU8PJ,нелегалы,8000057,116965,142,29
142,#2C2209VYQ,АДСКИЙ КАБАН,8000004,116473,143,26
143,#LR9LC298,davimariadh 2.0,8000029,114468,144,25
144,#UQU2UJ,Au,8000023,114358,145,19
145,#28U2VV90,VinniJerry,8000013,114054,146,19
146,#2G0YQGGYV,клуб друзейPro,8000044,113047,147,29
147,#VYYPUJLU,holii,8000007,112957,148,24
148,#20989YL9U,A<c2>T<c4>V</c>,8000057,111315,149,29
149,#208G88QJJ,Crow447,8000010,111303,150,19
150,#UCG008VY,Verbrenne Wir,8000008,111146,151,14
151,#2YGLJ9QJ,THË mandem,8000017,109659,152,8
152,#2C20CV0V,alphaboss,8000007,108522,153,8
153,#28Y9GQGRJ,6/A,8000037,107428,154,11
154,#929QG2VL,убийцыСекса2012,8000037,107211,155,7
155,#L9JYJR9V,Ukraine my,8000033,106788,156,11
156,#2JUGLPUJU,"Aze,tr",8000037,106634,157,29
157,#QPG98QJU,я про это я,8000023,105068,158,27
158,#CQCG0L89,5555666,8000006,104970,159,22
159,#2QQ8G9VG2,мидвижата,8000049,103808,160,6
160,#C8VR2YJG,sucuk..,8000056,103547,161,19
161,#CLQ8U2QG,олд тайм бс,8000059,102598,162,7
162,#22YJ9R9CL,пещерники✨,8000035,101849,163,27
163,#LUL28U2R,כפולה,8000006,101662,164,26
164,#2JJUGLRYV,France,8000001,101514,165,8
165,#JL00J2JG,REWER FAVE,8000029,101425,166,15
166,#2JJYRY9UC,ОТЧИМЫ228,8000015,101275,167,8
167,#2P08CLVYG,EliteBS,8000023,100029,168,11
168,#2GPQ8C28L,BC* | Family*,8000023,99955,169,30
169,#28GGVRL9R,FIST EVER 30K,8000029,99724,170,9
170,#CY8UYG28,COOLGUY,8000026,99606,171,18
171,#YCYPUPRR,brawl prò XD,8000029,99356,172,28
172,#2CPJRGPQ9,RU/DE ESPORTS,8000029,99260,173,5
173,#2L0QCQG0J,<c0>gece🌙</c>,8000002,98151,174,27
174,#2JU9J09GC,The Bros,8000058,97579,175,9
175,#20CL0CG0Y,гугусик Дима,8000027,97505,176,26
176,#9VVYG22U,GOSG-team,8000019,97418,177,17
177,#URQRPP8U,최고,8000019,95319,178,2
178,#208GP2YV9,kimlan 醬油,8000010,94979,179,30
179,#9VYJY9GQ,JR |NAVI,8000018,94027,180,6
180,#2RGQYV89U,LanaR. Forever,8000041,93828,181,6
181,#Y0JRYQPC,Мы сила!,8000007,92995,182,29
182,#VUVYVULP,TT_Army,8000019,92814,183,21
183,#2RY200YJL,ж o па деда,8000008,91984,184,7
184,#2CQVGYRQJ,💨🥊,8000058,91496,185,3
185,#2LL82GLQ2,Natus Vincere J,8000029,90886,186,6
186,#GQP8RYLL,coile mele,8000022,88903,187,17
187,#CRQJLJJL,seyri,8000007,88169,188,29
188,#C9V8YC,North 44,8000013,86929,189,14
189,#UURGG8QJ,DeDok|Rob,8000004,86654,190,6
190,#Q00VPJ9R,IT IT IT,8000003,86187,191,27
191,#29UR8L8UJ,MULLITONNE 2.0,8000004,85678,192,26
192,#L92GQCRC,фанаты марвел,8000029,85285,193,28
193,#R002G9QP,<c3>Wichtel</c>,8000013,85260,194,20
194,#2PY8YRU22,пилатик334,8000019,84661,195,29
195,#2C80P9VCC,Fominskoe,8000025,83600,196,6
196,#2RJ2P8YCC,Erebus BSC,8000007,83439,197,4
197,#9R9GVUCG,fc seecret,8000007,82501,198,23
198,#2082V82CG,OG Club,8000019,82425,199,28
199,#2G2C00YYG,🖤DOSTLUK🖤,8000057,81973,200,11
