,tag,name,badgeId,trophies,rank,memberCount
0,#280YGC2RC,Trust Alliance,8000019,1090816,1,30
1,#8CVRCQ28,Raptlantis,8000018,858513,2,25
2,#2QYUCVL98,Adult League 5,8000050,774146,3,30
3,#LV9CP88L,OMG|CLUB,8000036,618601,4,29
4,#QJ082P9R,Team KSA,8000005,616949,5,29
5,#2CRRR99Q2,good mans,8000029,595284,6,30
6,#RG8Y00R,PingPong Table,8000004,564441,7,30
7,#2JUV2QPGR,s4ntana s3ason,8000023,521649,8,26
8,#2R0YUJ8U9,احرار ارشاف,8000056,485652,9,28
9,#VLPPRJ8V,Der Nita Boss,8000023,414220,10,27
10,#2GP29QJPU,Crawli Team,8000053,394286,11,18
11,#2JYLY2RJU,OLDBLOOD 2,8000023,382773,12,18
12,#2G8V08CY8,BestBoys YT,8000059,342223,13,16
13,#2RCJVVCGY,АБАБУСЫ,8000037,329421,14,25
14,#2GQLP2CCY,napimci agalar,8000003,315170,15,23
15,#2QJVRURC0,PROsolennыe,8000013,302225,16,13
16,#QRVUCLCQ,I WINNERS,8000029,288217,17,24
17,#CVVG8JYJ,Lazzy geim,8000055,283746,18,30
18,#20P8CY2Y0,3км за котлетой,8000017,281744,19,16
19,#20Y8809U8,Смена-2 2009⚽️,8000033,270911,20,16
20,#G2GCJ2G,Babas et Roro,8000009,262922,21,17
21,#YC8VVCGU,Друзья,8000007,257977,22,28
22,#28GQ0YVQ8,Burgrieden,8000049,251147,23,30
23,#2PG9RGP0G,аруум,8000006,245809,24,30
24,#28J0V2Y9R,х-х,8000037,244337,25,30
25,#2RPU8YPP8,전설 있는 사람만 와,8000003,235758,26,30
26,#290R2JPQY,TXS|team,8000045,234573,27,14
27,#2QU08PYV9,בן לולו,8000043,229706,28,30
28,#220PQ998V,03451,8000059,213622,29,26
29,#CRL0UVRY,Тарзан,8000038,211623,30,28
30,#V8L2YJRR,кольт лошпек,8000014,211278,31,9
31,#2RJC8CU9Y,Skar4ik squad,8000059,206969,32,30
32,#V8G2CQV8,We ArE BeSt,8000057,204196,33,22
33,#P8G9QYR,트와이스,8000010,201598,34,30
34,#LP28P8UJ,МИНИ ИГРЫ,8000055,200486,35,16
35,#2LUVCVCP0,кукуруза,8000009,198249,36,14
36,#22GRYPGLQ,DarkDragons,8000039,194550,37,13
37,#28820Y029,İNFAZ TİMİ,8000048,190261,38,27
38,#29P0PU88Y,Ксай,8000016,187043,39,30
39,#22RVQV8JJ,k40...,8000027,179006,40,24
40,#2GV80LURJ,Gachi muchi,8000022,176672,41,11
41,#UVLRRULQ,we cool,8000018,175057,42,28
42,#28C8RRRCJ,MAHALLE PRİME,8000049,173193,43,16
43,#2889GPQ9R,CompaKT🗯️,8000057,170339,44,13
44,#2RJLJL22Q,•••••••••LD,8000047,170293,45,8
45,#229R9JPR2,1k gems,8000003,167845,46,21
46,#2090G8U9Y,рука228,8000028,165336,47,24
47,#2YLYQ2RCP,병딱,8000057,164593,48,26
48,#200RGQL00,бибиха,8000029,160931,49,29
49,#2880GVQYL,ЩЕЛКУНЫ,8000023,160173,50,26
50,#29QQC0JLP,التحاد اندومي😋,8000033,159993,51,30
51,#2C88JURR,BroDoBro,8000016,159930,52,30
52,#2Y2PPVU09,глого,8000057,159861,53,30
53,#2L82Y9VPJ,fnaf 9,8000029,158235,54,30
54,#2QLQYPQU,элита карпинска,8000027,156432,55,17
55,#20JYYCQC9,ВАСЯ ЧТО ЗА,8000049,153560,56,28
56,#V8Q082UQ,Polynesian,8000023,152081,57,25
57,#2GGQVRUQV,Песо4к🔥,8000057,149695,58,17
58,#2QLR2URJJ,معصوب,8000003,149488,59,24
59,#2U80R0Q9,☆CRAZY BS☆,8000029,148579,60,30
60,#2Q9U2CJUL,المدمر👑👑😎,8000030,144733,61,29
61,#P9Y99L0L,влад привэт,8000023,144190,62,24
62,#2QL00RQ9C,вольтана катана,8000048,140359,63,20
63,#2Y00902JL,Наруто полно💢,8000016,140316,64,23
64,#2J2VP9JYV,братский пон,8000031,137858,65,11
65,#90LRURP9,лучший трофей,8000007,137738,66,27
66,#YJQGYCG2,9В Кофемолки,8000013,137521,67,25
67,#20P2CL2Q0,지환이,8000018,137379,68,29
68,#2R08V2YQJ,جيش السابع,8000059,137345,69,30
69,#LQJQC0PU,TOUOKO,8000004,135644,70,28
70,#CGCUGVR2,جيش رايزر,8000029,133234,71,23
71,#2J92JULJ0,Logist_Empire,8000013,132479,72,29
72,#20PV8PPJC,lol99,8000029,132446,73,29
73,#2Q9QRVPUL,brawl House,8000029,131297,74,30
74,#2GQV28YV,fläns,8000029,131058,75,27
75,#ULY8QCJU,moin meister,8000013,130748,76,30
76,#2LGCQLVUP,결이네,8000007,130416,77,5
77,#JP89GVLU,смешные шарики,8000029,128377,78,29
78,#LG2CYVP,Brawl Acers,8000023,126773,79,29
79,#LGPJJGJY,ovxz,8000003,126674,80,30
80,#CCUR9QPL,бравл. тон,8000029,126247,81,30
81,#22V8CQ20L,ToxiK,8000059,122770,82,6
82,#2RRGJ0CP0,ICE COLD,8000055,119525,83,12
83,#80G9YLCQ,EEB MUSIC,8000037,119249,84,7
84,#208V09Y9Y,Brawlstarsliani,8000000,119068,85,21
85,#2LVQ9J0YQ,prolar,8000033,118135,86,29
86,#2Q8JPRYVR,Змея,8000033,117924,87,8
87,#20YQGV9RV,ГОПЧИЦЯ,8000005,117881,88,28
88,#2PVYV92CC,КОРОЛЬ ПАБГА,8000011,117527,89,23
89,#Q90C89QR,SonGyt,8000025,117053,90,29
90,#UCVPRG0C,Red stars 147,8000002,116211,91,30
91,#2P298LUJ2,krralar,8000036,115850,92,11
92,#2Q8RR90GP,ОРËЛ,8000021,115700,93,4
93,#2CYRPY9V,السولدريين,8000034,114332,94,25
94,#20GUQ8PP,Dönermike,8000027,113505,95,19
95,#2G89990JJ,absolut_AP1K,8000006,111637,96,7
96,#QJYQPVGR,Czarne spocuchy,8000035,111574,97,10
97,#VGVYQCQ9,tamka_007,8000013,110953,98,24
98,#2G0C9QRPU,pioterele,8000008,110553,99,25
99,#YCUGRYJ2,TEAM KSA YT,8000005,110112,100,8
100,#LC2V0PC8,Россия 🇷🇺🇷🇺,8000014,109748,101,30
101,#LLYUC0R0,짱들,8000015,108682,102,30
102,#VU202Y2L,ЧИТЕР 777,8000029,107203,103,29
103,#29CGVLVUJ,Улётные,8000023,106101,104,8
104,#2Y8L9YY9P,егорпус,8000035,105481,105,22
105,#2QCRU2YJU,Все из школы 22,8000021,105368,106,30
106,#8VPCV89,مس,8000016,104004,107,29
107,#U89LLVY0,Макар марго,8000025,103857,108,13
108,#2900GLPU8,Акулы336,8000020,101888,109,28
109,#20YQPC80Y,LeGenDa,8000005,101602,110,16
110,#2C9RQUUCG,김태헌 기여미,8000010,100858,111,7
111,#2GU0J02C8,dead inside xd,8000037,99979,112,5
112,#2JU0LY022,SIRK,8000029,99131,113,9
113,#9PGC2YLC,브롤로블즈,8000053,99055,114,28
114,#29JPQCLCV,اساطير براول,8000037,98107,115,6
115,#2RC8JJVPL,Артезиан,8000022,97916,116,16
116,#29RY8JVUL,Ilya loh,8000019,97832,117,10
117,#YP9PC8PG,فخ,8000026,96513,118,29
118,#JL009VQU,Aferin1234,8000018,95840,119,13
119,#9Y2R2YPU,マナトщ(ﾟДﾟщ),8000037,95757,120,6
120,#2GQ29L9JJ,المجد الفضايه,8000055,95314,121,25
121,#2JJ2L2Q9C,SOĞUKTAN ÖLDÜM,8000002,94731,122,18
122,#28JCY8G0,benji et chloe,8000004,94512,123,26
123,#U2JP2LRL,krs,8000029,94371,124,21
124,#CUQYUYUY,متجر مونكي,8000029,93387,125,16
125,#2900P8Y2P,deliyizbiz,8000035,92941,126,30
126,#2Y2PCL8PU,(пут) спайк,8000035,92236,127,25
127,#2222QGVYJ,мы крутые 😎😎,8000055,91134,128,8
128,#288YJLVPL,Artia,8000007,90054,129,20
129,#9J8C88UV,maxima4pro,8000000,89656,130,30
130,#Q8GQRVPP,Chan chui,8000003,89593,131,29
131,#G8UYQPUQ,HAZAR 3-A BROS,8000019,89383,132,8
132,#JL9RL2YQ,myr,8000022,89213,133,30
133,#2PGLR9V2R,CHERY|YT,8000007,88667,134,12
134,#2R90JQQVC,Muhammad,8000030,88255,135,8
135,#2RQ808PR9,فهد خبراني,8000026,88125,136,30
136,#RG0QJ29,LOS SISAS,8000013,87539,137,23
137,#2RV0R9RU2,хотдок,8000049,87487,138,5
138,#22JYGJQCL,فلهه ووناسه🦉✨.,8000005,87122,139,30
139,#2R9CLQGC9,⛩️SIRLARODASI🎋,8000057,86143,140,17
140,#PR02YYPV,FOKSOL'S TEAM™,8000018,85718,141,29
141,#R29R0PY,SII7,8000019,85296,142,10
142,#ULQYUQ82,怕痛的我把防禦力點滿就對了,8000017,84550,143,7
143,#8V88J8PG,🏆AutoGluvers🏆,8000036,83702,144,5
144,#22PGQVUJP,кот ятуб,8000006,83063,145,30
145,#2009UCL9Y,🌹ĶÃÑĶÃĹÃŘ🌹,8000023,82284,146,24
146,#UQRL2VLQ,Cool,8000013,81712,147,18
147,#88LY0R28,SPJ SQUAD,8000022,81487,148,28
148,#20RP922CC,БУМ,8000029,81370,149,14
149,#U2PUQGQ8,we are the best,8000006,80596,150,27
150,#209R0CYVY,ProEGEgutum,8000043,80152,151,24
151,#2029YPR80,أهلين بل حلوين,8000024,79786,152,13
152,#292PUJUUJ,YENİZLMEZLER270,8000033,78844,153,4
153,#2JCRVLP9Q,👑🔥💙💛🔥👑,8000052,77778,154,13
154,#Q9V98J9C,пон😄,8000049,76400,155,11
155,#2L9GJGR0J,аманай,8000059,75519,156,25
156,#2PVULQ8LL,31,8000059,73410,157,12
157,#V2VG9PPL,大冰塊,8000015,73168,158,14
158,#2RLRY82CQ,ALONE TEAM,8000037,72703,159,7
159,#JQ8G9Y2U,Skorpio,8000029,71925,160,6
160,#22L2002LU,Сотка Пряников,8000006,71188,161,6
161,#Y2PR8QQQ,ANDREW E LORI,8000000,70206,162,27
162,#2PGU28R8J,CWK-7,8000037,69426,163,7
163,#2PV88QCGQ,леон саллий,8000059,69110,164,29
164,#20YYJ09GQ,FREE TIBET,8000029,68728,165,2
165,#JUPGUJVP,супер про игрок,8000007,68147,166,28
166,#GGLUJJ9R,Дойду,8000021,67446,167,28
167,#L00GQGG9,HackerBit,8000015,66499,168,11
168,#2G002CJQC,ÖYLESİNE BİRİSİ,8000006,66241,169,4
169,#JGLR0LU9,шамахани,8000037,65934,170,12
170,#2YYQL22Y9,BR keys,8000000,65119,171,10
171,#2QUURPULV,الال,8000001,64816,172,26
172,#PRRVPJC9,coodkdkdk,8000059,63927,173,23
173,#8YPRQ28,hillpot,8000026,63127,174,15
174,#C9UQUP8U,gizemli69,8000004,62633,175,16
175,#2YYQQ9C8L,yağızselim,8000005,62141,176,3
176,#2YGRGCG82,dereotu,8000013,62034,177,24
177,#89YLUJY2,АРМИЯ ДЕНИСА,8000021,62014,178,15
178,#2JVLUPLY8,Doritos CUBUN,8000029,61489,179,8
179,#2G2JJLQVR,Yalama köpek,8000043,61014,180,7
180,#20QJ0L9L,brauli,8000027,60920,181,9
181,#QPCC0U2P,Караси🐟🐟🐟,8000021,60839,182,14
182,#2C8YPJP8Y,A Few Good Men,8000036,60140,183,4
183,#2G8J0L0GU,famille squeak,8000006,59271,184,4
184,#2LU92Q0L2,xonequq_team😘,8000035,59208,185,6
185,#V9JV89RJ,Me2tMike🐙þ,8000025,58112,186,12
186,#Y0UUCVQ9,BJC Bosses,8000018,58057,187,4
187,#VQRVQV80,kefe,8000029,57686,188,26
188,#29UQ8JP2G,KUZENLER,8000016,57279,189,4
189,#9RPQPYCU,ппаа,8000006,57259,190,30
190,#2JJ9PCCYR,ОДИНОКИЙ ВОЛК,8000028,56877,191,10
191,#C20RLPLV,ريان يووو,8000057,56468,192,13
192,#U8PL0PCV,вавака,8000016,55670,193,26
193,#2GU90VJLU,R_M_A,8000019,55239,194,8
194,#2RVQ2RC9G,кукумбер,8000055,54700,195,6
195,#2PV9J90LR,хачу ворона,8000006,54579,196,23
196,#2G8VJRR92,еее,8000040,54121,197,16
197,#2RQRR2QPP,snow bars,8000021,53984,198,28
198,#2YRYJ8GV2,Спайк майнкрафт,8000043,53969,199,4
199,#UJPVJR9Y,днугут,8000005,53627,200,26
