,tag,name,badgeId,trophies,rank,memberCount
0,#2CGV08CYQ,Ranks Farmer,8000029,932547,1,30
1,#2QUCGG88G,SOLAR BEARS,8000059,895253,2,27
2,#29GQ2VR8U,I BOSS ITALIANI,8000005,879465,3,29
3,#G9LQ9U,Italia_pro,8000037,824204,4,30
4,#2CPQGPR8G,LOS MNJ,8000037,717459,5,30
5,#20VCRYCJ8,Feudo 2,8000019,650392,6,30
6,#28JQ800L2,Stars⭐,8000014,575569,7,30
7,#2G2Y2UPCV,KiDY OBOZOWE.PL,8000019,568088,8,30
8,#29LP9L02Q,🌋Vesuvio 🌋,8000034,561241,9,30
9,#2GPYL89JY,Team CR7,8000037,561011,10,30
10,#2G2LCYRLU,Клуб:  #2G2LCYRLU,8000038,557101,11,29
11,#2QPV9VVU8,il mio club,8000057,522189,12,30
12,#2Y020LVQP,il KEBAB,8000037,492216,13,29
13,#UQQCYJP8,НОРМАЛЬНЫЕ ЛЮДИ,8000057,483405,14,28
14,#2GP220YYP,eierbammel,8000059,447595,15,30
15,#L08VQ9,sas club,8000005,440742,16,30
16,#28QJP9P82,Skillovichki,8000043,432099,17,19
17,#28CCRU0RR,ВиСиЛуХа,8000029,424617,18,30
18,#2JUGGLP8C,grittifricio,8000009,424434,19,22
19,#2RU9LQC22,porco del prete,8000034,407685,20,23
20,#2Y8UCCCRQ,Dream Team,8000029,383208,21,29
21,#GV92JY8Y,les morts,8000033,382433,22,21
22,#VRVY0PJC,СБ,8000043,381426,23,23
23,#2GYR08VRC,İCARDİİ,8000025,370699,24,24
24,#2JC0U9GP,TossicH Band☣️,8000016,349850,25,23
25,#2J0LRPYRP,Ndattoscrrr,8000055,347087,26,28
26,#2G880GJQP,תחנה מרכזית,8000051,346844,27,4
27,#29G8U98LV,IL CLUB DEI BRO,8000008,340710,28,30
28,#GVRRGPR9,Autism,8000018,339684,29,30
29,#2JJ2RJ8LU,pattylove,8000010,330049,30,30
30,#29GG80PQ9,сигмы everyday,8000025,322661,31,30
31,#2RJCQPP08,AVVOFATTO4LIFE,8000037,318386,32,30
32,#28LURQGL9,TIGER,8000029,307553,33,28
33,#22RC99U9Y,ABA BOYS,8000003,296911,34,25
34,#Q9CP02Y,ICANGURI,8000003,296860,35,25
35,#2GQVP9QR,FehlerSuche,8000029,294905,36,24
36,#VUR2CJP,ConQuer Team,8000016,285883,37,22
37,#UCJJLRUJ,NX LEGGENDE,8000029,283280,38,18
38,#22U0RY0QJ,🌟BizimAgalar🌟,8000032,281737,39,30
39,#2JYRCP0YJ,PSborgo,8000059,275851,40,29
40,#2CPLQ0J9L,SuPrEmE,8000018,274399,41,30
41,#J09CPY20,Hodenkrebs 2,8000034,271001,42,30
42,#U0RLGQ,BJT T1,8000002,265325,43,15
43,#2LC8RY92P,AFinox,8000055,258377,44,30
44,#28JP0G90R,туалет шрека,8000043,256926,45,30
45,#Q00CLC98,Mortis Enjoyerz,8000025,255162,46,29
46,#UGV2LRQY,DIEGO LEO ALE,8000029,253470,47,30
47,#RPGYYG,desert raider,8000004,251043,48,30
48,#28J9LGCQ8,Aceto di ferro,8000026,250569,49,30
49,#Y8LGL8QL,BRA CLUB,8000013,236714,50,30
50,#2CJQJ89RV,Agalar9,8000029,235591,51,21
51,#90C2V0GR,Esenpene,8000017,229870,52,29
52,#29GRLLLQJ,Randoms,8000057,229669,53,29
53,#QRPPCVVR,i tik toker,8000058,228752,54,17
54,#29U2JRRU0,Друзья АСЫЛ ТАУ,8000021,228626,55,29
55,#JJLJVVLR,SAQ| OFFICIAL_,8000023,226897,56,11
56,#V2Y9GCRU,SM2,8000025,224658,57,10
57,#2C8U20PQQ,ASD Ponderano,8000037,221276,58,11
58,#JY98RQPC,галовастик,8000023,214356,59,27
59,#20ULCPLCV,Zio pinguino,8000001,210567,60,30
60,#2YV2VPGJU,Die Gamer gang,8000003,203116,61,18
61,#VGQ9JY98,MegaClub,8000029,196252,62,23
62,#C88LV8L,Moschitòs,8000024,195495,63,22
63,#8L2YLLQG,vale cesare,8000029,194084,64,30
64,#V0RQQJJL,waysers butnice,8000053,193762,65,24
65,#UC00JQVR,the fishy,8000013,192982,66,21
66,#2C0VQUR99,GOST RIDER09,8000057,191933,67,30
67,#CLP92L0P,BRAWL DIE,8000027,190676,68,29
68,#2J09LJUCL,Shark_YT,8000034,189493,69,23
69,#22CJ9CG2,Quelli di Brawl,8000019,185269,70,13
70,#QP2JCJRU,le drip,8000037,183610,71,29
71,#RRQ0U0RY,4BForever,8000018,180104,72,24
72,#QVCPQQ2P,Aşk♥️,8000000,178322,73,4
73,#2Q0J82CRJ,LEVADA,8000027,177137,74,30
74,#2YJGJ0PYV,RÓWNE GOŚCIE,8000018,177125,75,29
75,#299RYCGC0,siamo i best,8000047,176383,76,29
76,#28LP0RYUU,Vile YT,8000025,175682,77,29
77,#298L22LLU,invorniti,8000003,175557,78,30
78,#289PGRCQJ,pycha ser xd,8000047,175011,79,30
79,#28JY099UC,mare e rnt,8000004,174040,80,29
80,#2PPLRU0JR,LA GANG SUPREMA,8000009,171411,81,21
81,#2LLP2P8JL,Los amigüitos,8000013,171172,82,22
82,#2LQ2C00V9,HUKUKKOKUYORUM,8000054,169629,83,10
83,#2208U02YJ,Mrówkojad,8000058,167335,84,19
84,#2LCQ299U2,Mamall,8000018,166133,85,30
85,#28R8G0VJU,мсам,8000011,164395,86,27
86,#29LVLCGYQ,رجال طرق,8000057,163139,87,28
87,#2QU2JYGYU,<c3>D1</c>,8000009,162611,88,11
88,#8P9J08P0,affarra gemme,8000008,162198,89,28
89,#20VRYJQ0Q,isb,8000023,159289,90,30
90,#2PCLR92J9,LAIM,8000059,159206,91,13
91,#2JCQRQYV2,умвауа,8000034,158252,92,30
92,#28VJ2PP2L,HAVI/MAMA,8000015,157555,93,15
93,#2QGLJY8RC,아들컴온,8000015,157499,94,28
94,#2G09J9QY0,fantasmino,8000039,156974,95,30
95,#J80JY908,i gattini pucci,8000029,156460,96,27
96,#VJQL808C,Бесконечная уль,8000056,155724,97,9
97,#2Q8GUGYV9,AZIZ du 49150,8000043,155280,98,30
98,#209URCPYY,<c3>Proclub</c>,8000044,154849,99,29
99,#G809YCLC,Бов мастер,8000022,154601,100,14
100,#R9822LUG,the LEGEND 2.0,8000037,154457,101,16
101,#PUGPQL8Y,Pega,8000004,154354,102,28
102,#2PYV8PRR0,PETISUISES,8000056,154199,103,30
103,#2QRVGG0UL,Alcara's Clan,8000037,152175,104,6
104,#PYJ8RRRL,Juvenes12,8000024,149334,105,27
105,#U0UPGVCL,PRO DI SCUOLA!,8000010,149291,106,30
106,#200ULCPPQ,бравлtopстарс,8000003,147906,107,27
107,#28VCU2GCP,gabbibbi Tonnii,8000057,147603,108,6
108,#208CGCC89,PESELS,8000057,146341,109,10
109,#2JP8P922Q,Brawl Club ITA,8000049,145339,110,20
110,#2Y2URJV0V,gratis parkeren,8000013,144879,111,30
111,#R90G08VG,MortisEliteBall,8000021,143664,112,14
112,#2GPLYLGR,I CALCIATORI!,8000009,142477,113,29
113,#PU8Y98YJ,брэнди,8000029,141322,114,30
114,#VQC899CL,Fc Bayern,8000059,141110,115,19
115,#29LYULC9R,TAHİNLE PEKMEZ,8000058,140862,116,26
116,#20229GYP,gayebrei,8000018,140551,117,23
117,#2JGRVYCYL,FANS SAN MARINO,8000055,139561,118,29
118,#2GLPVVJ9L,Carte blanche,8000032,138723,119,6
119,#Q2PQPPGR,[QLS]Morti_💜,8000028,136133,120,9
120,#2C0Q09YQP,i migliori,8000032,136028,121,30
121,#2C9G8CQLJ,NEVER GIVE UP,8000005,135572,122,9
122,#29YYUC2GQ,I pinguinotti,8000003,134266,123,8
123,#29PP02VQ2,NASA,8000018,134228,124,20
124,#V80QV0G,החברים של ירדן,8000027,130642,125,27
125,#29GYGJYCP,SuPrEmE,8000007,129005,126,23
126,#2LV98PJR2,рекета,8000016,127705,127,29
127,#289QPY0YG,ЖИМБА СКАЖИ ИМ,8000057,127470,128,24
128,#R2YCUPJJ,brawl stars 🌟,8000000,126698,129,15
129,#20GYRQ2L0,Ч҉е҉Р҉т҉И҉л҉А҉,8000004,125010,130,10
130,#22YVPYLGY,Geilermegaclub,8000017,124896,131,13
131,#UVPLCUQ,Котейки Кусь,8000014,122666,132,26
132,#JLJ2P8L2,champion demhat,8000023,121834,133,30
133,#29RVQVJR9,Tiktok : ReyGBI,8000018,119020,134,12
134,#P0UPUCYP,BOSSSOCKE,8000016,118364,135,16
135,#2282L8U92,Team Iconic,8000025,118075,136,20
136,#2PUR0QJGG,SUDE IRMAK,8000021,118052,137,25
137,#2J0QCQ8CG,пабло,8000034,117748,138,29
138,#28JPJPVC8,515 черты,8000049,117354,139,7
139,#2GUYY2UQG,Ale.it,8000049,117042,140,15
140,#QY0808CC,ХЛЕБУШКИ UA,8000013,116769,141,29
141,#G9VPLYRJ,_Lc_,8000052,116051,142,21
142,#209R0PGQC,avee player tem,8000016,115678,143,30
143,#LYV0LCVL,Клуб бойцов,8000045,115162,144,20
144,#22CG9JL2,xyz_clan,8000013,114612,145,27
145,#2PPYP0YJJ,BOOM,8000056,114576,146,30
146,#RRCV22Q9,TELMON_CITI,8000016,114412,147,30
147,#VGY0R89P,5ГМОЩ123,8000029,113684,148,25
148,#289PPCPRC,the promised ne,8000029,112691,149,29
149,#YC0CJGVC,LIŤŢĽĘ ÇŘËW,8000023,112191,150,8
150,#28C98V2QY,RALLY,8000057,111673,151,24
151,#VG2JQ9VG,нионе,8000015,110956,152,30
152,#28LVU2J2Q,HüseynƏli,8000029,110932,153,25
153,#2YRU2Y8JP,Саняк,8000057,110906,154,28
154,#282LLU2VJ,FLUID,8000007,110803,155,15
155,#2GVRPRRYQ,Бебра,8000004,110644,156,10
156,#2G9VYYJLG,Ocean pieces,8000055,110001,157,26
157,#2QYJUJ80G,Brawl Profi,8000021,109020,158,10
158,#29VRV99L,77117711,8000007,108978,159,22
159,#28RLPYVV2,Tf @premium,8000047,108235,160,20
160,#2020LC9P9,Minkailcr7,8000055,108183,161,28
161,#PUV8PGJU,Гении по бравлу,8000015,107644,162,28
162,#28G8Y98YQ,назик,8000037,107406,163,29
163,#LVJJ9P9Y,荒ぶらないリア充撲滅しない委員,8000017,107080,164,28
164,#828V99VG,bagno,8000019,106966,165,27
165,#2JQ8R9UJU,I Burini,8000031,106136,166,6
166,#QJ9PLCQQ,HAGAR IPPO,8000011,105517,167,29
167,#2J2RJJYPR,тут про,8000057,104388,168,29
168,#20QG0LJLQ,АРМИЯ drakoshi,8000059,103160,169,5
169,#QQLV8G8P,Crow,8000023,103151,170,17
170,#VG9LP9QL,I SOVRANI🔥,8000029,102808,171,13
171,#PVP9Y99L,PGA/SPIELI,8000022,102651,172,28
172,#22YCJQQCL,Die coolen bots,8000024,102362,173,13
173,#2Q0GQCLCP,карджинцы015,8000049,102089,174,17
174,#208CLQULJ,фаны пирожка 2,8000047,101112,175,21
175,#UPR2RL9,GGWP,8000017,100933,176,19
176,#29J8JQQYQ,Ленина 229,8000023,100207,177,6
177,#2282RGY0G,ATS_pro,8000035,100149,178,11
178,#22C29RVLY,Z -за Россию,8000057,100051,179,17
179,#22999GJC0,АРМИЯ ЛЕГИ,8000055,99137,180,26
180,#2RRVP9YCC,dio paguro,8000035,98866,181,11
181,#2JPVULVCL,🇹🇷|Türkçü,8000037,98360,182,11
182,#V8GRL09R,bukimik,8000041,98095,183,30
183,#28PC9VVJ,инста,8000025,97846,184,26
184,#2JVYQ2G89,Fratello Mio🥷,8000035,97639,185,8
185,#28YCV89C9,<c0>AP</c> Gang,8000007,96848,186,11
186,#208Y09LG2,TT|tell.bs,8000003,96808,187,26
187,#P8CRVQV0,Baldej,8000013,96426,188,6
188,#2GV2CG2UV,БРОКИ МУСОР,8000003,95332,189,19
189,#LGGR9PP2,bagigio,8000018,94364,190,21
190,#2YVY822YU,Киберы2004,8000025,94039,191,26
191,#28CYL2Y09,kostka,8000016,93387,192,28
192,#R9V2UURJ,чарк,8000023,92732,193,29
193,#2YGY0U0J2,forza juve,8000021,92328,194,29
194,#U2VCYYYC,Матвей и Ростик,8000008,91937,195,28
195,#2LULQ02JV,Crow's Club.,8000001,91459,196,16
196,#PCP8YYP9,Massive Chiefs,8000018,90908,197,30
197,#2CRGRGV0P,рег,8000013,89834,198,7
198,#20GYPPYVC,+-MORZ-+,8000029,89444,199,19
199,#280R92909,gigachad,8000043,88219,200,20
