,tag,name,badgeId,trophies,rank,memberCount
0,#2PYC0L22Q,BCF,8000026,1033815,1,30
1,#29GPPRJUJ,Сало,8000049,756582,2,30
2,#2C8PLQR9J,RoachwallAgency,8000020,739216,3,30
3,#V8LLYJ9C,SEVİLİYOSUN👉💕,8000010,674879,4,30
4,#228CQLPCQ,MK|GAME OF,8000023,610708,5,30
5,#2JV88URQ0,Chin Reaction,8000013,594077,6,22
6,#2L99P092V,QLASH Germany,8000029,590037,7,30
7,#2JCUYLLRU,TerraDiScamorza,8000051,585486,8,29
8,#29U99JGGL,МЕГАКОПИЛКА,8000046,561428,9,30
9,#LCL00CC2,(),8000037,495129,10,30
10,#PGLRCVQL,BRUSQUE,8000033,494135,11,30
11,#2RLPQQYP8,🔥Flame Squad🔥,8000029,455679,12,19
12,#82R8QLP8,<c2>IUBITII</c>,8000024,453180,13,18
13,#YLUC9QYL,auto aim gang,8000009,429313,14,28
14,#8U0LJ0G,The Cava1iers,8000035,426041,15,30
15,#2J00UVY2G,синие,8000039,405820,16,26
16,#2C2LJJJJ0,Ayran Kante,8000059,400093,17,22
17,#288C9GCRG,Дырявые ведерки,8000057,392013,18,17
18,#2JCQLR2RQ,어쩔뽀로로냉장고,8000036,352871,19,30
19,#2YYPQVLQR,золотая гора,8000035,350057,20,13
20,#2J0LRQ08V,сухо гей,8000025,346543,21,27
21,#RG92Y0Q,Iris♥️,8000027,336436,22,26
22,#2GJVP209Q,MOLOCHNIK,8000004,322248,23,20
23,#VYYUCVL9,losprimos,8000044,311834,24,30
24,#2Q92YQYUU,💫SKILL TEAM💫,8000046,305421,25,14
25,#PU92QPPQ,Loungris,8000010,282558,26,30
26,#28822VP9P,SAFS UNIT,8000023,281862,27,30
27,#2RJGQCJ09,Lonely People💔,8000037,281704,28,30
28,#2JY28C22G,PRDAVAC,8000042,279809,29,30
29,#J9R8GC2U,bc team 20,8000018,279494,30,21
30,#290GCYRLL,brobo,8000039,272898,31,12
31,#29L09PJLC,C7,8000021,269516,32,28
32,#2GPJ0PUPY,Хата пипла mini,8000029,262258,33,10
33,#8V0Y8V8C,gamers only 😎,8000056,245841,34,29
34,#2R002098G,Чупапики,8000043,243140,35,16
35,#22JGPLVRY,EL MAFIOSO,8000013,235540,36,14
36,#YLUQUJ9,b53WIGFS,8000013,234735,37,30
37,#2GCJ0YLYV,오징어,8000007,228953,38,19
38,#2GPG8GRPG,кошкодевочки,8000025,226183,39,11
39,#P9YVVJ92,piaraca,8000023,214275,40,17
40,#2JQGRRRLR,Concetration,8000023,204871,41,30
41,#289RCQ89G,les best,8000019,201476,42,30
42,#2C8JGUCV8,📱Omagad POCO📱,8000029,199356,43,10
43,#RVJPRLPY,Mistrzowie,8000057,196211,44,26
44,#29C2YGY2Y,8.1Game,8000021,195184,45,14
45,#2RURYGUQQ,SweetSugar,8000004,184457,46,29
46,#Q0U0CP2C,friendly granpa,8000022,182574,47,25
47,#VY0LYLVY,los cobra,8000024,181850,48,12
48,#29L890RP9,BeratRecep,8000023,174913,49,11
49,#2RYR98UJY,KKMOA,8000037,164731,50,22
50,#QYCU09UP,Арс лега,8000034,164716,51,20
51,#2YJJQQ20J,Lukas und Berat,8000006,162498,52,27
52,#2G2YRQY08,BeratRecep2,8000022,159478,53,29
53,#2GY8C8CGG,ЗОЖ,8000036,154288,54,15
54,#GYGG8UUP,testvéreim,8000000,152781,55,28
55,#QRJJ0QRU,epic brawler,8000029,151802,56,28
56,#2RYUR9LGG,LIV||,8000057,148708,57,25
57,#28CGRVQ0U,69,8000033,147387,58,21
58,#29QQPQVGG,🍭Oyuncu🍭,8000010,145824,59,23
59,#2PCJP9LRV,Vologosha,8000023,143223,60,11
60,#2RLJPJGUU,EchteBrawler,8000035,143067,61,10
61,#LQ9Q0RQL,Always win p🙄,8000052,142460,62,16
62,#290LULLC2,СЭНДИ ТАЙМ,8000014,141185,63,28
63,#2QVG8YUV,brawl коты,8000023,140469,64,29
64,#22GV8002Y,Xperia,8000059,137976,65,30
65,#280PLLY0Q,Pro gamers,8000048,136993,66,29
66,#2JVRURQYC,AWA,8000053,135051,67,8
67,#G82CGG2G,FlyingCactus,8000013,131955,68,30
68,#20P9G09C2,임효준,8000004,131752,69,28
69,#28VQ8UCRV,Бандана100.3,8000013,130153,70,20
70,#2LUVPYUCU,блэк.рассист,8000013,128855,71,29
71,#29LCCYV8V,majin|best £$,8000029,128143,72,21
72,#QC2QVYPV,assassino doido,8000025,124869,73,28
73,#VCUPLQLU,ВИКИНГИ Viking,8000012,124176,74,10
74,#L80QY0JG,По,8000039,124115,75,14
75,#2GPU2QVGP,KG_SPORT,8000000,121804,76,30
76,#2L8C2P8G2,5657,8000029,121271,77,28
77,#2LJRU8RJJ,Lägendär,8000027,121032,78,29
78,#JGPRGG8Y,💕❤sevgili💕❤,8000025,120006,79,30
79,#2LQ08YVJC,우유팀,8000018,118217,80,27
80,#LQC902UP,ми брати,8000007,117547,81,29
81,#2JYQ9UPVV,TheGermanEmpire,8000023,115911,82,8
82,#GQC8JPL8,клуб братва,8000014,113468,83,28
83,#2JQG29Q2,LOS UNICOS,8000027,113147,84,29
84,#28Y0U2902,EhrenbruderRico,8000005,112491,85,30
85,#2GPVJR809,Тимур,8000033,110599,86,25
86,#229LU9PC2,Samurai,8000037,108555,87,30
87,#2Y8988228,НАЛОГИ ПУТИНА❤️,8000059,108015,88,27
88,#2LL0GL89U,Vam nia,8000023,107642,89,30
89,#VUQYQJGP,путь легендарок,8000000,106755,90,15
90,#2JUPPVUVR,NITAÀÁ,8000054,106289,91,30
91,#2L8VRRV9G,[_td_]🤤I love,8000033,106284,92,29
92,#2RGRJQ2P9,XLAC,8000037,106136,93,6
93,#VR9GUPR8,токийская банда,8000039,105917,94,18
94,#280Q0R2UP,피치 클럽,8000010,104970,95,29
95,#29J2GVRGY,محمد 9000,8000037,104824,96,9
96,#8JGP9LRQ,1157,8000028,102713,97,27
97,#U0UY9V8Q,نحنا الجيش,8000003,101864,98,29
98,#RJQ9GJLP,🌙Avengers《BGM》,8000029,101742,99,29
99,#9GGRJ208,옵티머스 프로 0267,8000026,101145,100,19
100,#GQ2QLL2C,топ тик ток,8000000,100621,101,16
101,#2LPY9G9QG,ypimo,8000003,99814,102,26
102,#2LCG20VY0,١٢٣١٢٣,8000058,99574,103,28
103,#2YGY9UYRR,-Инопрешленцы-,8000023,99245,104,16
104,#QULVLLC2,🌘darkness🌒,8000003,98598,105,13
105,#28JV9RUL9,BaaL 10/B,8000045,97433,106,12
106,#2PLR2PQL0,gg tata,8000009,93446,107,25
107,#2299VVJQ0,Diz | the best,8000023,92777,108,19
108,#220VRRJG9,АРИМИЯ КАБАНОВА,8000029,92349,109,13
109,#2GPJPYYJR,강찬율,8000004,91820,110,27
110,#RP90VRUV,маин.бравл2,8000009,90413,111,8
111,#2LR8Y980J,разрушители.,8000033,90247,112,10
112,#29VR8LQC0,IL CLUB MDA,8000003,89862,113,29
113,#208CPJVJ9,эп,8000059,89073,114,29
114,#2L2R2QQGG,Heavenly Love🌹,8000037,88953,115,8
115,#2Y9Q90Q88,slavsel 228,8000038,88265,116,11
116,#2Q8RYVC0U,xxlesbgxx,8000037,88078,117,21
117,#2YUV08J2P,klasse 6b,8000031,87400,118,20
118,#2JJPU2CJ,Galiza CIB,8000003,87134,119,26
119,#CJUQLL9P,KÖPEK,8000007,87094,120,30
120,#2QRP9RYPU,Evro 2020,8000033,86746,121,14
121,#UUPCGL,JK,8000028,86627,122,29
122,#Q0Y0YPJQ,мы геи,8000034,86545,123,7
123,#QR8UV2VR,Arimo,8000029,85826,124,7
124,#QGVJLRYL,Camille,8000003,84905,125,29
125,#9GU0UYCU,❤Skillerskin❤,8000033,84289,126,15
126,#2CGV8JQGU,elcarim,8000049,83521,127,11
127,#J2GGPRRY,WOLF TEAM,8000029,81802,128,30
128,#2PULRQ8CV,Dorfkinder Bür,8000023,80278,129,4
129,#2JYQ8VCVL,السموراي,8000033,79912,130,7
130,#298RP09JV,짱들의왕,8000029,78971,131,15
131,#20PLJ0U0L,House Boy🛹💪🏻,8000049,77586,132,5
132,#UQCU2RYV,لل,8000029,77217,133,17
133,#2QPGQY9P2,نجوم العالم,8000055,76423,134,22
134,#2Y9PVVP0J,EHG/TESLA,8000057,75859,135,24
135,#2L022JQJ9,TÜRKİYE,8000023,75333,136,24
136,#28CJGRULR,KraKen_Spain,8000018,73958,137,18
137,#YJJUVU29,хз,8000007,73398,138,26
138,#2G90QUJJ0,наві клуб,8000022,72605,139,6
139,#V9YU8P98,_50_,8000022,71905,140,29
140,#J8L29Y9U,супер пица,8000015,71323,141,25
141,#882VU0YQ,سص,8000048,70509,142,26
142,#QPCYU9UR,OÇLARRRR,8000015,70022,143,17
143,#2R2YG0UP2,лихой,8000049,69050,144,4
144,#PGPVVVQP,Ziomeczki TV PL,8000013,68739,145,8
145,#V08PR02Q,Conacu club,8000015,68128,146,15
146,#U9JR0V20,دد,8000021,67447,147,29
147,#RLULCRLR,HYDRA E-Sports,8000017,66795,148,5
148,#U9CP82PG,pop it,8000009,66425,149,10
149,#20RJCLP02,долина кубков,8000033,66174,150,10
150,#29VVR0LVU,prolar ekibi,8000022,66020,151,12
151,#URCL0L9C,играчите PRO BG,8000014,64148,152,7
152,#RLYLYGJY,alminvselmin,8000013,63305,153,30
153,#2PJPCL2PL,انس زيلع,8000020,61005,154,23
154,#829J2R8,MUDİG4NG,8000029,60610,155,5
155,#VPLCGUV2,trekler,8000015,59434,156,8
156,#2JVJY2JLY,BEN__TEAM,8000029,58986,157,11
157,#90YPVYVL,Deathly bosses,8000029,58834,158,15
158,#8L0Y0RL2,KBD,8000023,57685,159,8
159,#2RQC9CQUL,[ю. т. д],8000049,57347,160,3
160,#2RUCQLP2C,Hot🔥Team💞,8000041,57253,161,3
161,#2GU8LLYVU,超強戰士恩亦,8000000,57128,162,5
162,#28Y80RUQJ,wsdskr,8000044,55637,163,4
163,#28YGJGRJ9,Start blae 🔥👍,8000058,55519,164,3
164,#LUY0QL02,смерть,8000004,55167,165,28
165,#2QVUR2C2C,Fortune,8000059,55158,166,12
166,#2Y28CYU0U,LIMBO,8000004,55043,167,5
167,#2Y8CQPLRQ,RauXimSar🔝❤💪,8000056,54354,168,4
168,#2GQ8Q9R0R,D2,8000029,53676,169,22
169,#2CRPQ9P8P,클럽 들어갈거 없음 들어와,8000052,53533,170,4
170,#2P8PV00PL,ULA BNM ÇÜTÜM,8000053,53517,171,11
171,#288L9PYQ2,KILLER_TEAM,8000010,53358,172,17
172,#2QLQJVR0P,اش,8000037,52885,173,4
173,#QGRRC8VL,Stepan170914,8000059,52607,174,3
174,#29JRL0LPL,الاسطور ملهمون,8000057,52375,175,7
175,#2LVL2U9J0,de pushers,8000023,52093,176,11
176,#CUG9CUP9,НУ-КА ОТВИНТА,8000029,51352,177,10
177,#2J8LVCC80,Seychelles4ever,8000004,51007,178,8
178,#2CGY998Y9,Sandstorm,8000038,50706,179,2
179,#288CY0GRG,KAOS TEAM,8000034,50657,180,5
180,#2C8QGC2V9,jdjdjdhd,8000013,50437,181,3
181,#2JU9202JG,<c7>FULL</c>,8000036,50103,182,10
182,#2JU9PRQYC,박재후컴퍼니,8000026,49056,183,9
183,#2JGV2RCUJ,단톡비공개방,8000004,48373,184,4
184,#2Q9QP0GYQ,Dark angels🃏,8000055,47529,185,12
185,#28U0YGJLQ,The Army,8000050,47037,186,3
186,#2RJCCLPYJ,UKRAINA,8000056,46187,187,5
187,#2RJG9RPY8,bea 1250,8000007,46122,188,4
188,#29GJPL2R8,Toksek,8000015,45686,189,8
189,#2PLCCCRQU,[VSq6]Цыплёнок,8000029,45603,190,14
190,#LVCYPLQ2,MS BRAVL,8000019,45366,191,6
191,#YJYGJ8RY,B. T. S_BROS,8000019,44457,192,6
192,#PLR2JC0V,Spike's Club,8000049,44392,193,7
193,#28PV0CGCC,بلبل,8000057,44058,194,22
194,#GYPP9CG0,溝口えみヤリ隊,8000009,43975,195,4
195,#2Q2UVG0PL,ЧЕЛ ТЕБЕ ХАНА,8000046,43239,196,2
196,#22CJPG8RL,pauls accouns,8000015,43161,197,11
197,#2GYCPYPPV,тима гавна,8000059,42809,198,5
198,#2G282R8,Choco-Loco⚡️,8000009,42762,199,11
199,#RVV9PJ98,Inktvis Burger,8000027,42130,200,10
