,tag,name,badgeId,trophies,rank,memberCount
0,#2RYL8GYYQ,GG <c7>Mech</c>,8000055,1779230,1,28
1,#2JUJ80YYV,CSM Eclipse,8000052,1775796,2,30
2,#QYVP0VVP,<c0>IX Zeus</c>,8000019,1735189,3,30
3,#2JR99YGP2,we love rabbits,8000016,1731435,4,30
4,#29GC20QRR,<c5>REIGN</c>,8000055,1534882,5,30
5,#2GR2Y080R,Imperial,8000038,1502015,6,29
6,#2J092JJGG,GTG | Luminous,8000049,1501105,7,30
7,#2J9VUPRLR,<c7>Royalty</c>,8000029,1456575,8,29
8,#2YYYCLJPQ,<c3>Ei</c>,8000027,1442700,9,30
9,#2GV02VVQR,<c9>Aura✨</c>,8000035,1428945,10,30
10,#2L2L9Q2RQ,🍌™️,8000057,1428720,11,30
11,#9YV2QGVU,RUSTY ™️,8000023,1416556,12,29
12,#2GUQ9PUCV,SDH|Fortitude,8000049,1389770,13,30
13,#98PY22VU,Brawlfist,8000017,1384227,14,28
14,#YR8C2LJV,GG Tech,8000052,1376402,15,30
15,#GURVQPP,SINGAPORE LA,8000031,1363050,16,30
16,#G2VJRPY,SG KAKIS,8000030,1331805,17,30
17,#CQRQ800,Singapore,8000007,1315710,18,30
18,#UP2GUR9,Fungi Bungi,8000005,1314349,19,30
19,#2QCGLJLJU,<c5>Aura✨</c>,8000057,1289804,20,30
20,#JPQY0UQQ,BABY BRAWLERS,8000035,1263223,21,30
21,#VQLJVPRJ,Eat●Brawl●L♡ve⁴,8000050,1262051,22,30
22,#2GR08UQCC,WeBoonBoon,8000035,1259431,23,30
23,#20V88RYC8,Eat●Brawl●L♡ve,8000035,1251355,24,30
24,#2UGVJGLV,Pro Drillers YT,8000056,1249226,25,30
25,#VCR9GY9,Gosu Esports,8000019,1246004,26,30
26,#2R0C2GR9C,Koalified,8000031,1241266,27,30
27,#298VJPP8Q,Tribe|HELL,8000037,1240655,28,30
28,#JLY09CJR,OLD LADIES,8000034,1234884,29,30
29,#2RPVGC9QJ,Ruth,8000023,1233419,30,30
30,#2RP0VLQ0Y,RebornSG,8000033,1232308,31,30
31,#VC9PCCC,SingaporE,8000006,1214623,32,30
32,#2GPVJUQ0J,Joe,8000047,1214097,33,30
33,#VQPR00VR,Red Fish Gang,8000035,1203171,34,30
34,#2R28U8RG9,RCN Unity,8000059,1200949,35,30
35,#2PR2QRQC9,Approve Maps!,8000017,1195549,36,30
36,#2GU9QGP8P,🥶BING CHILLING,8000057,1195541,37,30
37,#2R0RYUVVL,Lost Spores,8000005,1195368,38,30
38,#8V2PC89Q,skrrt,8000049,1193586,39,30
39,#2JPYULPR8,VENGEANCE,8000041,1185723,40,30
40,#2G92VJPYJ,Free_GamingYT,8000059,1175966,41,30
41,#2GQCYVJYC,Breakfast Set,8000037,1172794,42,30
42,#2GJ0GL9Q8,Monster Squad,8000031,1156330,43,30
43,#2GQ8GJ9RQ,Pigu,8000018,1150388,44,30
44,#2QLY02Y2Q,Poopsicle,8000057,1147999,45,30
45,#29L8JC20G,cooking mama,8000037,1147402,46,30
46,#CJ8UPV8,<c6>qt<c2>π</c>,8000039,1141619,47,30
47,#G0JQJUG,Singapore BRAWL,8000057,1141345,48,30
48,#GGP9VCJ,NUSHies,8000059,1136878,49,30
49,#LY8QLU92,GG Wreck,8000057,1136671,50,29
50,#2CP99YJG2,Dizzy💫😵‍💫,8000047,1134371,51,27
51,#RLV9GQQ,I Am Sorry,8000029,1131616,52,28
52,#299202JJQ,CSM Solstice,8000039,1129882,53,30
53,#V882RL9J,R.M👑💍,8000007,1129611,54,30
54,#UGUJYPY,MYTHIOPIA,8000035,1126310,55,30
55,#Q0PL8YGR,Blue Aura NFF,8000033,1118645,56,30
56,#QRQJCL0,Singapore,8000007,1116602,57,29
57,#2GCG2C8VV,LastFastBlast,8000023,1113052,58,30
58,#2C220Q922,SC grinders,8000007,1110621,59,27
59,#2R2JQ8L22,Brains & Brawl,8000031,1109863,60,30
60,#2LPUPUGRV,OneManArmy,8000029,1109456,61,30
61,#VVL0L8PY,SDH|Honour,8000049,1108310,62,30
62,#L9RYVGCQ,新加坡,8000055,1106666,63,30
63,#2LG09GCUG,TRB|talanthric,8000033,1104189,64,30
64,#2YRR00JVU,BS#We Are Good,8000029,1101258,65,30
65,#VC2RUJ89,Bs Alliance,8000013,1100817,66,30
66,#LQ88V8JV,Nexus Champions,8000047,1100645,67,29
67,#2JQUJ0YYV,GTG|Fluorescent,8000040,1097784,68,29
68,#2G90GGR80,Eat●Brawl●L♡ve³,8000016,1093216,69,30
69,#2G98Q02YQ,Triple Kill,8000059,1093146,70,30
70,#2JRGQVY8V,ST|Spyrox,8000027,1080503,71,30
71,#2GL8YGVVV,Rumours69,8000047,1080151,72,30
72,#2CJ92909Y,skibidi friends,8000050,1075512,73,30
73,#V02VPCRU,TRIBE SG,8000029,1064412,74,30
74,#829QVVQ8,eggclub,8000017,1055106,75,30
75,#89GVLLRJ,Singapore,8000041,1054062,76,30
76,#QVL009V8,Bears With Me,8000037,1052261,77,30
77,#29RRG8C2V,CSM Stardust,8000018,1050068,78,30
78,#2GP9YCRY0,singapore,8000057,1049588,79,30
79,#2Q8G8YPPP,Singapore,8000023,1046312,80,30
80,#2C828J8YL,SD Kitsune,8000006,1043291,81,30
81,#2RQG8PQQ9,吃你的豆腐,8000057,1043221,82,30
82,#2GJ0JYG8V,SgSquidwards,8000057,1042462,83,29
83,#2QJ9GP8GU,Lee Kuan Yew,8000007,1040296,84,30
84,#2GYRVJ9JG,f4l,8000049,1038860,85,30
85,#Q0CVGUPY,GG Fusion,8000003,1037378,86,30
86,#2GGRUP2VL,SINGAPORE SIA,8000004,1036104,87,28
87,#2GR2VY999,SINGAPORE LEH,8000004,1032378,88,30
88,#2GL9U2YJR,grub rub club,8000039,1031376,89,30
89,#9GUC0VGR,Tacos,8000033,1029183,90,30
90,#VGJ8YQUP,SBM,8000017,1024912,91,30
91,#GUVYP0R,:),8000029,1024241,92,30
92,#2GGLJP0PG,Tribe Eclipse,8000055,1023940,93,30
93,#8QGV098C,hongbao xoxo,8000005,1023660,94,30
94,#9LQY0YVC,MUFC,8000036,1018721,95,30
95,#GUQ2GP,Ice Kacang,8000041,1014395,96,27
96,#28JC0P02R,CHAMPIONS,8000059,1013582,97,30
97,#2GQPJQQVQ,RedLightGroup,8000035,1013231,98,30
98,#VGYQGY8,~Silly Sausages~,8000024,1012281,99,30
99,#2GGYGVL9G,Singapore Rojak,8000016,1005831,100,30
100,#2RPRYVQCJ,SG PRETTY HANDS,8000019,1001296,101,30
101,#LVQRGVGR,Potatomato,8000047,998008,102,29
102,#2JPLUL9QY,Deathbeam,8000010,995336,103,29
103,#2G8R9LLRJ,ItchyNiSan,8000057,990323,104,30
104,#2YVQRLPPP,pia's prata,8000039,989835,105,30
105,#YCCR9JVJ,electriclub,8000019,985216,106,30
106,#RVUUVJ22,Terminators,8000046,978288,107,29
107,#UQ90QL2,ulikeone,8000046,976984,108,30
108,#UPVQ0U2,3timesroomie,8000027,975429,109,30
109,#28J2LJ2LU,Nova Society,8000049,975135,110,30
110,#C0PGYQC,NARCISSIST,8000007,975043,111,30
111,#2GYVPR88Q,Defense Grid,8000010,973388,112,30
112,#90YUUPUC,Awesome peeps,8000055,971869,113,30
113,#2GQYJP0LV,CMC Sandstorm,8000037,971055,114,30
114,#UQRRUU09,Blue Fish Gang,8000055,967747,115,30
115,#RV9LJP02,STAY ACTIVE⚡,8000019,964955,116,30
116,#YJURRULV,Minitoons,8000041,964320,117,29
117,#GJLQLPR,Singapore,8000007,963599,118,30
118,#2GJUVUULV,HeyFresh,8000011,963098,119,30
119,#2G9QR0VCP,PRO BRAWLERS,8000023,961267,120,30
120,#28RCYPY80,CODELEGENDS,8000029,957318,121,28
121,#9RPLYQQJ,Dresstroyer,8000053,952780,122,30
122,#29CJYCGUL,<c3>Green</c>🍀,8000014,947812,123,29
123,#2JYRC9V2R,<c7>Legends</c>,8000029,944147,124,26
124,#2L8R9289Q,lyy,8000023,942034,125,30
125,#2G9PQQ2RQ,Eat●Brawl●L♡ve⁵,8000049,941189,126,30
126,#2GJVP0Y0V,BS,8000006,939085,127,30
127,#VPVJLP8Y,PiggyOinkOink,8000041,937418,128,29
128,#G08GP29,Tony Boiz TUM,8000057,932164,129,30
129,#2GLVLVJVJ,IX Reborn,8000057,928698,130,30
130,#2GV2J08V8,BS Warriors 3,8000059,923984,131,30
131,#28QUY9PP2,SG.United,8000046,922515,132,29
132,#2QC8L28Q2,sCxpe_yt,8000034,920171,133,30
133,#Q09U9V88,mythical club,8000023,918937,134,29
134,#2Q0C8YRYL,E2,8000047,916652,135,30
135,#2PJP29UCC,FRNG Gang,8000057,916562,136,30
136,#2GCCPYQG2,Trinexo Asia,8000011,913303,137,30
137,#2QC8RRV0C,Mystery4,8000019,912324,138,29
138,#20PJC9VRV,Uranus,8000033,911824,139,30
139,#2GC8U8JU2,Brawl Bros,8000055,901692,140,30
140,#2RL2CC80Y,KIDS. CLUB.,8000037,901604,141,30
141,#2JRLG880R,Hustlebox,8000037,901183,142,27
142,#2GJQVRLR8,Peaky Brawlers,8000021,900894,143,30
143,#20QURG99V,Bang,8000057,899541,144,30
144,#YUQ2PC0G,Nova Ptps,8000049,898426,145,30
145,#Y2088QQ0,SouperSibs,8000035,896909,146,30
146,#2GJGU8G9L,KampONG,8000034,895110,147,30
147,#GUCGJVVR,<c9>R∅yalty</c>,8000035,893178,148,30
148,#QUGQ0P2,skybreeze,8000029,891402,149,30
149,#J2UY2LCR,SG Active,8000023,890739,150,30
150,#UURCQUY,Evil,8000025,889914,151,30
151,#2082Y9RLL,Breakfast Set,8000037,889392,152,30
152,#2GJ0CQL9L,Defenestrate,8000036,886940,153,30
153,#QGY9CLR,Cung United,8000009,886516,154,30
154,#22LU0UUV2,BRAWL,8000052,885939,155,30
155,#Y9G982QJ,MG | Tribe,8000055,884956,156,30
156,#2GLV2CRPV,L.O.L,8000057,882314,157,30
157,#2GCL82V9C,Kopitiam Gang,8000015,879556,158,30
158,#VQUQJGJC,🥇OP|Cookie🥇,8000043,877973,159,30
159,#2YR2YRPJQ,ToTheMooooon,8000018,877537,160,30
160,#2C9VUU9V9,Ace Dominators,8000037,875085,161,25
161,#2L09RR0Q9,Snipegaming,8000037,869418,162,30
162,#2JGLLUL8V,Solo-Leveling,8000004,864767,163,30
163,#YP2CVPJ2,ShadowCreepers,8000036,863362,164,30
164,#208P89J8R,CLub leaguE,8000035,863328,165,30
165,#2GLCYR2Q,DarkSprouts,8000022,861625,166,29
166,#2GR0GY9LJ,sciri,8000039,857255,167,30
167,#LGG022C8,Tribe|Nova,8000058,857043,168,30
168,#29LVRQ8R9,Empire Assassin,8000023,856245,169,23
169,#JVL8U8YQ,skullcity,8000002,849207,170,30
170,#2GJ0VQ0U2,Awesome SG,8000035,848280,171,30
171,#2GGCUUQCU,CalvaHeads,8000049,847437,172,26
172,#2JC0RUJQG,united as one,8000037,847013,173,30
173,#U88GQ0Y,Lightning Bolt,8000019,846432,174,30
174,#229JGR2LL,Goldfish Gang🐟,8000015,839660,175,30
175,#2JJJ8RRY2,Recluse,8000047,836261,176,30
176,#P9QR8P29,It Was Me,8000004,836051,177,30
177,#VGVQY8CV,LGD|gamingyt,8000055,835740,178,30
178,#2QUR9R8G2,Carl Haters,8000051,835483,179,29
179,#2RGQR2RP9,me n da bois,8000013,834845,180,30
180,#2PYPP9LYG,Golden Memories,8000018,834748,181,30
181,#2JGLL0YC,BRBangers,8000021,833554,182,30
182,#2G28GUGVC,xD,8000005,832563,183,30
183,#29C9889LL,Idk,8000004,831460,184,29
184,#2C89LQ8G2,Master warriors,8000053,826879,185,29
185,#G0C8QVL9,Wings Of Fire,8000049,825772,186,30
186,#JPQ8CUUG,BunKyo,8000005,825460,187,30
187,#20PY0CCQ2,The Tryhards,8000037,824927,188,30
188,#299R0R99P,<c7>Berserk</c>,8000046,824407,189,29
189,#2JJVCGURP,HydrA_drg,8000013,823616,190,30
190,#2LLLUPUR,PEPPAWIN,8000039,816181,191,30
191,#2JY2928GG,雞雞小隊,8000031,815842,192,30
192,#90YLG8RQ,The noobs,8000042,815132,193,30
193,#2LCYRJ2QQ,Brawlfist❷,8000037,814944,194,30
194,#2GC9RJUUG,Mary Lucy,8000004,809062,195,25
195,#2YPQ89R9C,LA Mercurial,8000027,808795,196,29
196,#G8CU9CC,Papito,8000023,806761,197,30
197,#GPRULV9,SINGAPORE,8000004,805939,198,30
198,#2PVRRU9QV,Nexus legacy,8000055,804558,199,30
199,#20LULPUJG,Mystery legends,8000055,803698,200,30
