,tag,name,badgeId,trophies,rank,memberCount
0,#28LPY8U8L,Adult League 4,8000047,781698,1,30
1,#2G9V9YRPJ,KRASNALE XD,8000041,773699,2,30
2,#2C989LVJP,Rising Phoenix,8000049,744457,3,25
3,#2GGYPQVQ8,QO | Ghosts,8000035,626747,4,28
4,#29L8U2J9J,Voll Zeit,8000056,571591,5,30
5,#29QQVV9PL,VZ Gaming⛩️,8000004,553704,6,25
6,#2JURYPJYC,†♡ᴠᴇʀʏᴅᴢ♡†,8000023,551530,7,15
7,#2GP8JGR0L,†HAPPY FAMILY†,8000057,497589,8,29
8,#YRPULL9J,K # kk,8000049,441814,9,30
9,#28CLVVLYC,אוהבי טונה,8000018,438107,10,30
10,#GCGV8CCV,KALBİM...💔,8000028,411326,11,18
11,#2G2G90C9P,Baum,8000018,376899,12,26
12,#2GY9CLJRL,Народный Клан,8000041,368772,13,26
13,#2GPQJG9P8,🍍|Fruits|🍉,8000017,363522,14,20
14,#29QLUYYQQ,Luxury Squad,8000029,359601,15,28
15,#2RP9P8G2C,União soviética,8000031,359406,16,26
16,#2CCYCG8QU,KMS team,8000041,353186,17,29
17,#2JU80V28C,🇷🇺Russia,8000052,339335,18,18
18,#2G90VYCG9,KTL-Brawl Stars,8000039,329616,19,17
19,#28QYVYUY9,Kaban's clan 2,8000008,308985,20,18
20,#LV2L2JP0,Банда токсіків,8000050,304289,21,30
21,#208UJ9RL,Neks,8000055,295042,22,12
22,#2U9V0CCJ,Обрыганы,8000007,283877,23,19
23,#2JC222QPL,세종대왕 만세,8000004,276724,24,28
24,#8J9UJ2Y8,Neks Friends🧸,8000027,274008,25,28
25,#2YJ2RY9UR,Sint Maartenese,8000010,264407,26,17
26,#2JPG0PLRU,мальчиш-плохишь,8000000,264053,27,12
27,#LYL0RCV0,Los humildes🧐,8000031,261620,28,30
28,#29YR8VJYC,ɢʀᴀɴᴅ ᴋᴀʀᴀᴛ,8000029,258651,29,8
29,#2CRJ2VRP9,"КСБ ""ЖУЖЫКИ""",8000039,257053,30,16
30,#92JL0G9,zopito,8000010,253794,31,26
31,#QUQQU2J,BRAWLGANG,8000029,248526,32,24
32,#20V899VVC,Гремлины,8000006,243304,33,13
33,#20R8LJRJ,SXM KILLERS,8000012,240842,34,19
34,#GYJY9,SxMKillerz,8000016,235385,35,30
35,#VYVY2R0R,🌃GECE🌃,8000059,231678,36,20
36,#2C289VR2L,🇹🇷DORİTOS🇹🇷,8000010,228736,37,14
37,#PQQJ0C8J,spectral onda,8000008,226067,38,24
38,#2QJLCLQQR,진량초모여라!!,8000019,217251,39,29
39,#288C2CV0L,FynexArmy,8000045,215170,40,29
40,#2JJVRR8JG,Gilde Goats,8000051,211683,41,28
41,#2Y9LPQYG8,SCOOT,8000029,208300,42,29
42,#VQUQUG2P,Супер друзі,8000029,207152,43,26
43,#QQ29LUY2,Yt_IceSurge GG,8000059,206163,44,29
44,#20RRJ9P2U,ZeToNe_XL,8000019,204606,45,18
45,#2YUUQJRRC,Exelpant,8000029,200451,46,28
46,#U0QUJV20,MG|Legends!,8000015,198366,47,26
47,#82PVL2GY,АКРО ДЖИМ😤,8000059,198235,48,18
48,#22Q002QUR,Drage_GanG,8000012,191021,49,26
49,#2JQRUJRJ8,Нильсы,8000004,189886,50,16
50,#2JRYUVU89,ThE_cRaZy_OnEs,8000037,185815,51,18
51,#2GPCPGYJJ,봤냐?,8000035,178483,52,15
52,#28VGJQP2V,кривий ріг,8000030,177826,53,29
53,#2QP99PQR0,SON|GAMING ❤️,8000057,177015,54,20
54,#2G0LL9U28,준영나나,8000057,176886,55,29
55,#29CJU92LL,bluecollar crew,8000007,174259,56,29
56,#2QGPR0YC9,нелис123,8000005,172168,57,30
57,#VJ9UPUCC,👑Kings_team,8000055,171969,58,12
58,#8Y89J888,Penegrandezi,8000022,167410,59,29
59,#C9ULU90J,Империя Si1,8000029,163337,60,22
60,#2PLPPCQGU,holdik,8000008,155338,61,23
61,#20VLU2R92,Popo lala,8000020,155161,62,13
62,#29GP9UJC0,VZ School,8000036,154165,63,29
63,#YUQR2P8G,MHM123,8000005,150594,64,13
64,#2QVGQJPC9,라이스 준안,8000023,150591,65,29
65,#2C2PQY9G0,NeuquenTeam,8000027,148707,66,14
66,#29L0VCPY8,6Б цигане,8000035,147961,67,10
67,#9R2RGYL9,Brute Force😇💣,8000040,147664,68,28
68,#29R89JRYL,Shøwdøwии ♡,8000018,146775,69,29
69,#2JRQUUVYL,⛩DRAGON⛩,8000046,144224,70,30
70,#2QVURGRJV,🎋LIVER TEAM🥀,8000038,143534,71,5
71,#28Y9CCGQG,Big Qs,8000016,139736,72,27
72,#2LUULU2VR,512345,8000013,137162,73,28
73,#2G9JGJJ9L,жолтая молния,8000024,135316,74,28
74,#2LQY99YVC,KråyżyMān,8000050,135155,75,8
75,#G9P8PJ8P,gamers onlie,8000018,125474,76,17
76,#2G9Y2CY2L,Black lungs ✨,8000057,123574,77,27
77,#VQVL000G,камикадзе,8000002,122386,78,15
78,#2QRGYJQG2,BuRniNG CReW,8000041,121338,79,6
79,#2PU0J0PYC,Клуб фотографий,8000057,120029,80,9
80,#2PC0QC8LV,frind club,8000059,119783,81,19
81,#P2YRLUQQ,леон,8000048,118737,82,29
82,#L0UJR2UQ,ТОЛЯ В КУСТАХ,8000014,118388,83,28
83,#LVCQYYYU,клуб для игры,8000025,117879,84,18
84,#2JQVPCURC,x501x,8000037,117770,85,5
85,#2C8LUVUR2,SlozSquad,8000041,116000,86,5
86,#2PCJ90PPG,чикен мембер,8000016,114500,87,28
87,#22Q89GLR9,BP,8000029,110622,88,12
88,#2QQ9RJRRR,<c6>ЛЮТЫЕ😈</c>,8000025,110495,89,9
89,#9P2PR2PY,путь леги,8000037,108519,90,12
90,#YLC2LJQ8,не легалный гон,8000029,106542,91,27
91,#200RR809Y,бролстарс,8000059,105008,92,27
92,#2CJP28LG0,AGALAR JETTİR,8000023,103735,93,10
93,#QP9CJLRL,Верховна рада,8000029,103730,94,28
94,#29RQJGL9V,فاسطين🇯🇴,8000027,103593,95,9
95,#2JQ00GVJ2,Dofamin,8000039,103223,96,4
96,#22VRCRVYG,峰峰队,8000027,103121,97,28
97,#VPUJPPG8,Zero Honor,8000037,102725,98,7
98,#PRPGPR28,мсгррам,8000001,100463,99,28
99,#QC0QC0RY,𝐒𝐰𝐞𝐬𝐡 😣,8000037,99124,100,11
100,#298CLL89P,Napol,8000027,99116,101,5
101,#P8VQLPQ2,ENERGY✨⚡️,8000021,97786,102,28
102,#VGPJVLRQ,Тт @cmc499,8000013,97608,103,30
103,#YG9U8L9J,БТР,8000059,97188,104,30
104,#2GULJ0RPQ,KrisTeama💔,8000037,96399,105,4
105,#2J8YR09PV,동생바보,8000010,96053,106,30
106,#289V2GYYC,410 hell summer,8000037,95654,107,19
107,#2LCVY8GR,인디고 뮤직,8000019,94461,108,18
108,#C08VQR0L,дигол,8000029,94171,109,26
109,#P2RU9Y90,gele sneeuw,8000000,93389,110,24
110,#YRYRL02V,黑白神龍隊,8000035,90623,111,13
111,#2RCJPU08Q,SNAYPER TEAM,8000051,89515,112,4
112,#2Y99JGJ8R,S#ark,8000033,89513,113,10
113,#2PYUJ229L,"SEMİH,EMİN,SALİ",8000057,88545,114,15
114,#GRLUU0V,Geçilmez 3lü,8000029,88540,115,25
115,#2PRPP09UU,Топ клуб,8000029,88218,116,27
116,#28QGGRLUG,Brawl Bro’s,8000029,87677,117,16
117,#29C020QQY,DRIP BRATKU,8000037,87649,118,11
118,#YU9YYLGG,idk and idc,8000037,87498,119,30
119,#8PP8PGGY,Push PVP,8000007,87438,120,28
120,#QJQLLU0U,ну дай легу,8000045,86754,121,29
121,#UCLPLVRY,бравл танк YT,8000010,86107,122,27
122,#22LU9RUUJ,Bralw 5b,8000018,85341,123,16
123,#U8L8G92Q,yiy,8000019,84835,124,25
124,#9JVGURCJ,Fantastischen,8000045,84626,125,7
125,#JRP9Q2PV,OFISIALTEAM69,8000016,83624,126,7
126,#2L2JQUQCQ,polacytoziomy,8000037,83203,127,18
127,#2GCLVRQLR,Мавроди,8000037,82913,128,5
128,#U2QP9U89,Spirit world,8000021,82728,129,25
129,#2PC8CUJJQ,НИНАДОТАК,8000059,82281,130,26
130,#988Q82CG,XS3 Clan,8000029,81234,131,27
131,#208GGQY9R,SLBENFICA,8000022,80065,132,8
132,#2RPU8CCJP,배드워즈,8000002,79912,133,16
133,#JJPVPJUV,KRAOESP,8000005,79732,134,28
134,#L2QCUQ28,путин придурок,8000033,79643,135,27
135,#2JQQPL80J,فخرالعرب,8000037,77608,136,29
136,#2CJV0CQQ0,SEREX,8000029,77205,137,8
137,#UQVVJQJQ,TOXIK☢️,8000056,77173,138,30
138,#22J280CU2,Красная Россия,8000023,76463,139,5
139,#28PULQ2QY,PRO KRALLIĞI,8000023,76410,140,17
140,#29L2YJL2L,31ler,8000021,76380,141,28
141,#VUGQLGCJ,조윤호,8000035,76323,142,15
142,#29R08P90P,‏‏‎‏‏‎ ‏‏‎‏‏‎‏‏,8000029,73742,143,7
143,#22U09UGJY,Asmael,8000013,73738,144,26
144,#2CG9CVV9,ハゲ34,8000025,72587,145,30
145,#JCUJYC,Ashford High,8000004,71428,146,28
146,#VYUQYURU,Banda проклятых,8000022,70759,147,8
147,#2RUY28GRY,GeilTiimm,8000057,70062,148,5
148,#2JYVG989G,Дубна,8000031,69772,149,6
149,#2QR92C0U2,Fanfik,8000001,69435,150,24
150,#2LV2C8L9U,TEAM|HyKaTT,8000029,68762,151,9
151,#YJQ9C9JY,стёпик,8000004,68371,152,30
152,#GYR2VYV9,KUZENLER TS,8000027,66912,153,21
153,#202GVGU2L,СКЕЛЕТОНЫ,8000057,66670,154,4
154,#2C980V0UY,علي شيبه,8000000,66214,155,4
155,#202Q2RQVQ,srz_war,8000012,66163,156,28
156,#2CPG89RL8,friends39,8000039,65007,157,5
157,#2JULPC0C0,Тима Ркв,8000034,64800,158,3
158,#2P98U80LP,Влад. А4,8000029,64705,159,3
159,#2GP9PY80J,amongus,8000036,63948,160,5
160,#RVUJPQU,старст клуб,8000016,63616,161,26
161,#20QYYG9JP,اع,8000024,63397,162,8
162,#2992JG9PC,CrAzY,8000008,62293,163,5
163,#PYC0V9RP,Oef lala,8000010,62249,164,21
164,#LQLCGYVV,ЛЕГЕНДИ,8000016,62008,165,30
165,#2GYLJQQRG,Purple Village,8000009,61484,166,14
166,#2QLG9P9CJ,@banstars_TT,8000029,60926,167,22
167,#2CRQVYGCY,Глупый Скукд,8000009,60823,168,2
168,#LLRJCRYJ,шрексикус,8000022,59966,169,3
169,#2R2P2RRL0,염주브롤팀,8000029,59073,170,8
170,#LRQ9L0PY,3162,8000038,59070,171,7
171,#Q8QLPPJG,ブロスタマッチョ,8000028,58404,172,5
172,#2JGQG0YJP,диванные expert,8000032,56277,173,5
173,#VUYCGGCC,Türkiye Ailesi,8000023,55973,174,26
174,#28J809VV2,top brawler🇹🇷,8000048,55661,175,5
175,#2CJU2V2LL,(TRYHARDS),8000019,55541,176,9
176,#2GPP8Q0QP,спидран 20000,8000055,55360,177,23
177,#V9U2RL98,ninja skills,8000015,55224,178,7
178,#28G0PJRVV,CR7,8000002,54066,179,8
179,#2QCUVYLYG,гакл,8000020,53506,180,2
180,#2QP0UCLPG,ПеЛьМеНи!!!,8000025,53495,181,29
181,#2JQCVJGRY,Galaxy Reus,8000025,52962,182,5
182,#2JV89G2YV,10센치만,8000004,52468,183,6
183,#88RU80RV,Morti$ Team⚰️💉,8000057,51013,184,3
184,#2RCCV9RY8,jopashi,8000042,50529,185,6
185,#28RLJQY29,eylül takvimi,8000019,50015,186,25
186,#98RGPCLG,тролли338,8000000,49253,187,5
187,#9CJYLQ2Q,Лега+4,8000019,49214,188,6
188,#90VVLV8R,СтВоЛ,8000049,48880,189,12
189,#2R9P2G0GQ,Smurf,8000003,48645,190,10
190,#R988VRCC,니타,8000007,48024,191,4
191,#2GYCLCLYL,ABCDDEINEMUTER,8000018,47727,192,3
192,#2Q88J8JJL,softer squad,8000035,47063,193,5
193,#2JYGLQ8,Кыш кыш,8000029,46802,194,15
194,#2QQC20P0V,Blet,8000021,46160,195,9
195,#UQVJVY2V,줄돔3,8000002,45394,196,16
196,#2CRR0CGLU,نوا حلال موات,8000029,45239,197,8
197,#JYVUJ2VU,LaserJetPro,8000007,44799,198,26
198,#28QULVR92,kozaki pl.,8000019,44791,199,4
199,#29QLP2PRR,beraber,8000043,44618,200,3
