,tag,name,badgeId,trophies,rank,memberCount
0,#2CLJ089RU,Kranj Esports,8000058,1501266,1,30
1,#YGV00U0U,VIP,8000057,1360963,2,30
2,#22L2UL2L0,TKE|PRIME,8000057,1355367,3,30
3,#2PPPQQLG0,DynamicDrillers,8000018,1331123,4,30
4,#2GV9J9YRC,Hut Island@約束の地,8000039,1214173,5,30
5,#298Q9C22Y,The Late Night,8000011,1169300,6,30
6,#29U9PRJRJ,Debeli Pujski,8000023,1169096,7,29
7,#2YRLQUR2U,SHADOWS,8000043,1157299,8,30
8,#2QUQ902GP,4Krowns,8000000,1146431,9,30
9,#2RVRGL0JY,bs: kings,8000006,1017791,10,29
10,#2008C8VPP,meow meow team,8000023,1004503,11,30
11,#2J8UVPPPR,Mariborstedam🍁,8000025,1003734,12,30
12,#QGC9JQ9J,Zemljak Rodjak2,8000014,975500,13,29
13,#2C229GVR8,MP|KRI8P1^_^,8000057,972958,14,29
14,#2LJQVPJ28,TOXIC SQUAD,8000009,948820,15,28
15,#2R2Q2Y2VQ,⛩️chese🥀gang🧀,8000029,928711,16,27
16,#2CQUUPCPY,Lovačke šnicle,8000049,926246,17,30
17,#Q2UYCRVC,Overseas,8000033,924990,18,30
18,#2LQL008RG,TRIGLAV 🏔🏕,8000027,924241,19,30
19,#QYRYPRQ9,🔥HOT TEAM🔥,8000029,923952,20,30
20,#V2C2VJCL,SUPER ESPORTS,8000013,902961,21,30
21,#29JRPGVPC,GG Kidare,8000004,900263,22,30
22,#2C82Q0898,ŽIC,8000004,892048,23,30
23,#29LR2YPGV,SLO KEBAB,8000059,887304,24,30
24,#2G8YVYGCQ,NEW SLO,8000004,865103,25,29
25,#2RCU908J9,YT-Gaming♡,8000009,853895,26,30
26,#C9PQ2G0Q,⚡FIŽOLKA_club⚡,8000015,852391,27,28
27,#2CQGLP2VV,AlbertDongle69,8000033,848619,28,28
28,#28JR02JL9,GG gaming,8000049,846490,29,30
29,#9LQLLYGP,krasni,8000025,843684,30,30
30,#29CGJGRJL,BRAWL KINGS,8000059,827838,31,30
31,#2QG9PLRGJ,Stara Slovenia2,8000057,814660,32,30
32,#2292YJQ2L,Pop4life,8000004,800253,33,30
33,#2R0YJV2QR,BOROVNICKE.SI,8000057,800160,34,30
34,#J8JQVLQ9,Slovenija,8000049,797199,35,30
35,#QG9R0JV,Nova Slovenija,8000033,790728,36,30
36,#2C2G98L0R,SLO_ELITE🇸🇮,8000009,784989,37,30
37,#J2029C80,small noob clan,8000059,782749,38,30
38,#2CY92J2CG,wisci cola,8000057,777299,39,30
39,#VQYRUVYC,Poco the legend,8000057,772882,40,30
40,#2CGCRRQR9,RA,8000039,763062,41,30
41,#YR9GQYLG,DaKings 💪,8000008,756786,42,30
42,#2CLG9VPG0,Slo Motorcki,8000055,756338,43,30
43,#8JLPUQ0U,Kranjske čebele,8000015,750518,44,30
44,#2JJ8QCVGQ,толстые коты,8000041,750512,45,29
45,#Q2L8P8GG,Brawl Intension,8000007,745001,46,30
46,#2GJQVRRP2,TOXIC SLOVENIJA,8000029,738959,47,30
47,#22GCVP9Q,Slovenija,8000012,737395,48,30
48,#QGPQ29CV,football king,8000021,734659,49,30
49,#QLPYQYG0,NEGROZ,8000027,731271,50,30
50,#LY2R9VYR,palce gor 👍👍,8000013,726171,51,29
51,#RU2VUU8,IzolaJeOtok,8000029,721363,52,30
52,#2GRYRCJPC,sss,8000021,719865,53,30
53,#2JUQPLU8L,Slo#1,8000037,717901,54,30
54,#UR0P8VY,ElChapo69,8000017,705540,55,30
55,#2LLY9U90Y,šunke,8000013,695412,56,26
56,#2QCG0P2,Savage ruthless,8000005,691576,57,30
57,#2C09U9CJ8,Not bad club,8000023,689223,58,30
58,#2PVY2L2Y9,Fire eyes,8000037,683211,59,30
59,#JQP2LRRP,slo good,8000029,676287,60,30
60,#2CPCQRY92,Kings,8000029,673170,61,30
61,#2G2LLUULQ,burgi in noel,8000056,672334,62,30
62,#2GJ0UPY0U,SLOVENIA EMPIRE,8000023,670811,63,30
63,#298QVJR2Y,Alfa❤️,8000029,663786,64,26
64,#2GY8RYCGJ,Momo Gang,8000058,662695,65,28
65,#29CQVCV0J,cigani,8000027,650443,66,30
66,#2G9PPPPC2,FC blescica,8000047,646378,67,29
67,#PJQ8RJ8Y,hoe destroyers,8000055,646104,68,30
68,#RCU2LLL9,LARRY_GAMER YT,8000057,640731,69,30
69,#2LR2UQ2LU,cek/gamerji,8000025,632271,70,26
70,#JJYVL8GR,puhasti zajčki,8000012,627360,71,29
71,#2JL22U9U0,bing chilling,8000037,626840,72,30
72,#2G2Y0CQ8U,Neumneži,8000007,621071,73,30
73,#YJ8VLP28,burek for free,8000013,612680,74,30
74,#2C2LLGLYL,iCooks👨🏽‍🍳,8000006,600718,75,30
75,#2GRJGRLG8,trap house,8000045,600020,76,30
76,#2JRPU0UYU,Vɪя͢ʊ͋S͚ジ,8000027,599840,77,29
77,#V0GCQY0R,slovenian gang,8000041,596577,78,29
78,#2JRUQYP90,Piškotki,8000056,595662,79,30
79,#2RVRLRGG0,NotoriousPotato,8000057,593644,80,23
80,#2YUYPGP2G,Pipi's kingdom,8000027,591274,81,30
81,#2G8V2YC2C,|C.A|CLAN 2.0👾,8000037,587738,82,30
82,#RL9G8YUR,Klobase Inc.,8000059,585889,83,30
83,#2CP8VR99G,Pro Pujski,8000039,584323,84,30
84,#28QCPU222,DUHCI👻,8000057,583954,85,30
85,#8CPURP,CLANNABIS,8000028,583239,86,30
86,#2JC2PLCQP,Yunkers,8000051,581455,87,29
87,#2C0J00PUV,GFML,8000037,576325,88,30
88,#98JPG0LY,Fun1st,8000004,576165,89,30
89,#JCJU9U,BS SLO,8000013,572245,90,30
90,#28LRJY2V2,LARRY_FARY,8000038,570861,91,30
91,#PU9CL999,Весёлые овощи,8000006,566547,92,30
92,#QJ2UGVUQ,Brawl Kings Slo,8000055,563369,93,30
93,#2JLRJUQ0Q,Kerinov grm,8000058,562765,94,24
94,#2JCP2Y2L2,TNM,8000057,552723,95,27
95,#2C9QLPVQU,Tᴇᴀᴍ Eʟɪᴛᴇ,8000023,550772,96,30
96,#2C9889PU2,zgemboti,8000023,549262,97,30
97,#VCU08QRR,R in G,8000023,548559,98,30
98,#2CRV8VPLU,Brawl_hoče,8000055,545056,99,29
99,#2JU89UQ2Q,siptarji,8000026,544972,100,30
100,#2GPGV8GU8,proji lokvičani,8000046,537305,101,30
101,#V9Y2JYLQ,SLO geng,8000017,536294,102,30
102,#8G09Q22U,zuzelka,8000009,533844,103,30
103,#2QVCYUCYR,Elite Masters,8000034,532601,104,30
104,#2G2GR88P9,PRO,8000029,526461,105,28
105,#29GR0LGPU,Trebnje,8000002,525592,106,30
106,#2GPY0YJQ0,BANDA CLUB!!!,8000037,520462,107,29
107,#29J92C0QQ,ŠKRATI,8000007,520135,108,30
108,#RCRQ2CL0,Stay spicy,8000017,516297,109,30
109,#2JULJQP0G,ELITE FORCE,8000041,513876,110,30
110,#92L8CR9L,:/papagai/:,8000057,512376,111,29
111,#29YCP0UPV,loleki,8000028,512297,112,29
112,#2L8Q089CJ,Slovenija,8000029,509162,113,29
113,#2JURQJPG8,SMRKCI 🔞,8000031,507748,114,30
114,#2LPPCRRGG,Black mambas,8000005,502741,115,29
115,#2CRQ0LLPY,opice,8000037,502356,116,30
116,#YRQUQ928,loleki,8000022,502309,117,30
117,#JQLULJLQ,Slovenija,8000023,500836,118,30
118,#2PVGQV,SLOVENCI,8000006,497164,119,25
119,#VY8LQ2QY,sladoled club🍦,8000057,493257,120,28
120,#QRJVRVLG,WEFIRE,8000037,490692,121,29
121,#2899Y0Q0C,Women!🤣🤣🤣,8000041,490143,122,24
122,#29RCV8VGV,Acotovi sužnji,8000057,487984,123,25
123,#290VLUGP,Panda_Sheme,8000009,487194,124,29
124,#RC9YQ8PJ,Tinki Vinki,8000022,486430,125,30
125,#9GY0UYUG,savage-team,8000013,484445,126,30
126,#29PPRRQCL,ČEVAPI,8000057,482098,127,30
127,#VUP8V0CY,ker si ti,8000059,478762,128,30
128,#QV82GL82,NK MIKLAVŽ,8000029,475904,129,27
129,#2CLV80C82,AU Brawl,8000046,475694,130,22
130,#2JLYQ9,Divaca,8000021,473169,131,30
131,#289R2UPUJ,Toxic Gang,8000012,471150,132,29
132,#YJJ0UGJV,PRODAJALCI,8000049,468926,133,30
133,#C28JLRUY,čeče ajde,8000017,467914,134,29
134,#2JVP8UUYJ,BOTTOM_Gs,8000021,467476,135,30
135,#QQL9Y9RG,Zobari 2.0,8000055,465884,136,24
136,#2J8LPV88P,뺑뺑이,8000018,460880,137,29
137,#9VGRJYUQ,WTF10,8000001,460179,138,30
138,#2RCJQ0GGR,Tegers,8000058,458096,139,30
139,#2LUGYJ9PR,brawl gang,8000059,457480,140,30
140,#2JCCRGLVC,PRVAKI,8000023,456911,141,30
141,#2C9LJVRU0,BRAWL|Chef,8000055,456846,142,30
142,#9P0P9P0G,ZadetiPjanci,8000013,456290,143,30
143,#2RJL0QCL2,{:GOD:},8000029,455244,144,30
144,#U8J9P0UV,FaZe_SLO,8000016,451738,145,30
145,#20U0LQ82G,Dark Dogs,8000051,450744,146,24
146,#2CC2UC8V0,Najjaci daunici,8000035,447782,147,29
147,#VU0QP8UC,ČEVAPČIČI,8000023,446373,148,28
148,#29JVPGCYY,KRAJC-JAJC,8000036,440120,149,28
149,#29RLVYCPJ,KOBRA,8000012,439753,150,29
150,#22VLP9PRV,Neon Esports,8000057,438936,151,18
151,#2CP9Y29JY,ARABSKI ŠUPKI,8000037,437937,152,29
152,#2JYJP9GGR,LOŠKI KMETJE,8000013,436649,153,30
153,#PJCRGVV0,OLIMPIJA,8000027,434286,154,30
154,#299JYJC90,F2P Bandits,8000023,433059,155,30
155,#8G9229LC,ugly demons,8000008,430847,156,30
156,#2CYUUR80G,VIP,8000056,430336,157,29
157,#2CRVJ8Y0Y,SLO_MegaPig,8000009,429875,158,22
158,#28QUVYGP2,MORE,8000039,429297,159,30
159,#JR2UCG8G,SLO PRO,8000005,426871,160,26
160,#2JRQ9YUUG,Lego 2022,8000036,426044,161,30
161,#22UJYJG9Y,FUZBALERI,8000007,425810,162,28
162,#2G9YUGGYY,alfe,8000055,424025,163,29
163,#29YQVR8LV,slovenia,8000028,421977,164,30
164,#2LRJQGCG2,brawlstarsforev,8000045,421288,165,30
165,#YUG2LYQQ,Danska,8000059,420198,166,30
166,#YRLGCVVC,MR,8000057,419895,167,30
167,#2GRYG0UV8,UNIČEVALCI 2.0,8000059,417776,168,25
168,#2YYRGULUV,najaci,8000037,416493,169,25
169,#2R0L8YQ9Q,-1-,8000005,416384,170,29
170,#QGVY90VC,Pedri,8000009,415730,171,27
171,#2GP8980UY,NPC,8000004,414216,172,30
172,#22V2PJCRL,MYTHIC,8000033,409797,173,30
173,#VP9R02JR,TSM_Beasts,8000004,408968,174,16
174,#29QURJVCQ,At 3,8000026,408114,175,27
175,#2CPP98Q0V,The strongest,8000027,407770,176,30
176,#QG29VLJV,6.D,8000022,407436,177,28
177,#28L90UG8L,סמי החמוד,8000050,407324,178,28
178,#29CLGYUYR,cheesburger,8000058,406782,179,30
179,#2JJGVLRR9,korencki,8000050,406569,180,30
180,#2QLG9VPGY,Tim cobra 5.A,8000004,406456,181,28
181,#QRQR2CRL,Boxed by rzm64,8000033,405054,182,29
182,#Y89UU8JG,lolekiMAL,8000037,404655,183,29
183,#8JRPC80C,lulčki,8000048,402816,184,25
184,#29Y0ULU2Q,VDK piceki,8000037,401723,185,30
185,#2LYR0LR0,ZE DESTROYERS,8000016,399906,186,24
186,#R92YRYYL,žiga,8000003,398173,187,30
187,#2C89JJRUL,mali luleki,8000020,396724,188,30
188,#QPGV2Y9C,t!!!,8000013,395365,189,30
189,#LLUU9YLC,Prijatelji,8000059,394896,190,29
190,#2YV2PYPGU,LA Slovenia,8000055,393444,191,30
191,#28VYLGPPC,SLO,8000025,393098,192,29
192,#9JJ2JCUP,burger,8000039,392413,193,25
193,#2CJG8YRQG,WC paperčki,8000019,391558,194,30
194,#PYJLQJ,SLO BRAWLERS,8000016,391169,195,29
195,#2GP28QR8P,GLUPI NE ULAZE,8000039,390632,196,30
196,#22GG0UJY,SlovenianClub,8000008,389992,197,30
197,#2R8R82JU2,free Enkostar,8000051,389549,198,30
198,#2CR8UVRJ2,juicy cheeks,8000058,388038,199,29
199,#2QQGURYVG,patato🥔🥔,8000031,387781,200,30
