,tag,name,badgeId,trophies,rank,memberCount
0,#2QYG088L8,brawl dynasty,8000057,952583,1,29
1,#2LQV2C8QJ,Army of Skill🖤,8000005,856899,2,3
2,#29Q0JQP2C,SKG,8000023,847445,3,30
3,#2RCVG9L8C,REDBULL,8000037,821941,4,30
4,#2R2GQJ82U,Смешарики,8000059,773654,5,30
5,#2JVRGRR0Y,☠️One Piece👻🔥,8000029,680137,6,30
6,#2JVCL9UQL,Xavleg,8000037,638473,7,30
7,#2JUYG80V0,gli amici,8000043,609000,8,27
8,#2R998R,Koi,8000029,543439,9,30
9,#2908R8GUQ,NaVi|SQUAD29®,8000057,533397,10,28
10,#8QC20L2P,Woltik&Ghy,8000059,503340,11,30
11,#2PGVRGU8G,OG Players,8000023,497523,12,30
12,#2CGJY0990,DEMON1ㅣHOSEO,8000037,490032,13,30
13,#2G2C0G2CG,🦇TT|Mortis🦇,8000057,479282,14,9
14,#2C2U2YYY8,<c5>HunterZ</c>,8000007,477100,15,30
15,#2900U80Q9,zwarte moffels,8000050,469632,16,30
16,#PR999GU8,mytds,8000027,437404,17,28
17,#UURVRUU2,GermanBrawl_YT,8000004,435681,18,3
18,#2CG8C8888,9A Fighters,8000029,420460,19,28
19,#2CLYLL8QU,BURSA SMS,8000037,375699,20,25
20,#L0L2UJR8,寒暑假才能上線,8000037,366697,21,30
21,#22999PV99,楽しい菊の島,8000020,364821,22,30
22,#2282P9CYG,Coca Cola xd,8000010,352508,23,28
23,#202Q8L2GY,아거ㅓㅓㅓㅓ,8000007,343641,24,30
24,#8PQ8UG08,Bert Znook,8000008,342344,25,28
25,#QR9R9R80,🐶Team Pieseł🐶,8000000,323049,26,30
26,#Y2QLJC8R,EeMu ClUb,8000013,318208,27,30
27,#LYP0PGLP,muslimilössi,8000059,314186,28,30
28,#2CRG9JY2P,황fc,8000059,308982,29,27
29,#2PPJVY9J,FURIA PAJILLERA,8000025,306879,30,25
30,#2YQRR8UVL,dungeon club,8000018,285674,31,12
31,#GVCJR9VQ,Merluche,8000005,285446,32,18
32,#QL9CGR8V,PUDIM :],8000029,284310,33,30
33,#28VLJ89P8,forma 1 Team,8000055,279258,34,15
34,#LG2C9PYU,Украина понос,8000017,272019,35,22
35,#2LUVLQRLU,お願い入って,8000004,268766,36,30
36,#29YGGLGYU,클럽들어왕^^,8000027,266863,37,28
37,#2GJ0VYP0G,КАЗАХСТАН🇰🇿,8000029,260469,38,16
38,#2J8L9JJP9,Club Dance,8000035,259749,39,20
39,#2VU89PRL,team x,8000027,256337,40,22
40,#2CQJLCPUR,친정에밥상,8000019,251666,41,30
41,#RQPGCCGL,Качканар,8000004,246202,42,30
42,#J2PYYRGV,D_A pro,8000035,237409,43,26
43,#RP9PQL2L,Dip,8000037,234848,44,15
44,#2R2JRP8JY,MASTER CLUB,8000049,217625,45,17
45,#28GCC82J8,PRO KUZENLER,8000056,215902,46,27
46,#YRQL22PV,Cara al sol,8000007,214800,47,12
47,#2QLQCCYR0,",``юттд|🌃紀元前``",8000004,209090,48,15
48,#29UVR8LJY,без правила,8000026,208431,49,29
49,#RVQRCQL9,🌱Растения🌱,8000013,208095,50,11
50,#2CR8YLUV0,IDK,8000057,207452,51,14
51,#2CLQCC902,badduck,8000049,191037,52,14
52,#29JQJPU9U,MBMGYMY,8000023,187346,53,27
53,#VJVU9UJP,xlub,8000006,186948,54,12
54,#2QP08RCR9,JLL competitibo,8000017,186365,55,11
55,#29CP2YPJQ,antimarata,8000059,185052,56,17
56,#2GULV902,XPisica,8000029,182155,57,27
57,#2LRYLVUGG,Kırmızı Erim gg,8000022,181565,58,15
58,#28U8PCJRY,yahyuub,8000023,178717,59,30
59,#LQ8YRJ92,CND,8000035,176299,60,20
60,#LGYC22RJ,лакарата,8000047,174416,61,16
61,#9VPQ8CJP,pako kako,8000029,173634,62,23
62,#GUL22CJ,RV LIONS,8000027,172634,63,24
63,#RYRRGP2R,SOMALIA,8000002,169544,64,13
64,#2VUUY0R0,sog,8000020,168707,65,14
65,#2YVYQPPRQ,i speak zabi,8000004,163194,66,30
66,#LRV2VYPG,死丨wakandacats,8000035,160440,67,13
67,#2CP8GV9CL,Energy220,8000036,160011,68,30
68,#GLR22QR8,FTZ,8000013,155899,69,24
69,#CLP00GQV,miauwers mtllll,8000004,154003,70,30
70,#QUGCULCP,belgium patat,8000051,150777,71,21
71,#2LLQPL22Q,walla kung,8000013,150453,72,30
72,#20RUCC88U,КОТ КАКОС,8000000,150157,73,27
73,#82CPJVVL,Free Shmurda,8000024,150088,74,30
74,#20LRCGRYV,manke mannen,8000000,149817,75,12
75,#2G8LY8UL2,Friends_BS👻,8000029,147812,76,8
76,#2JGR8PP2J,Kickers,8000035,146463,77,13
77,#QCP9QLRL,Izgara köfte,8000059,145418,78,25
78,#2GG8Q2C9,memz,8000018,145209,79,19
79,#2QJVRJ8Q0,ЧВК |Wagner,8000028,144952,80,9
80,#UJRJPP88,ТИЛИ ВАТТТТ,8000018,144141,81,29
81,#VGRV2RY2,ТОМ УЧИХА,8000037,142699,82,25
82,#QRQYQCLR,HIMAPSI,8000004,142582,83,30
83,#20YQU2G82,királyok,8000025,142570,84,8
84,#2YP9VLQG0,Logan,8000056,139284,85,25
85,#2YGGG0V2Q,❄™ Dark Soul ツ❄,8000008,139128,86,22
86,#2JQ88V9VL,NIGEL🧑🏿‍🦲,8000038,137418,87,8
87,#208RYQU8U,ПУШ-10К,8000037,135254,88,18
88,#2J2QGCG2V,одиночка,8000025,134215,89,10
89,#2YC8R0UPU,каюта,8000029,133558,90,30
90,#2J2GQJRPQ,Gold Presents💛,8000017,131575,91,13
91,#2GQQRVU0C,クレセントアイス,8000033,131415,92,6
92,#LYGJG2UU,Ghost 👻 club,8000015,131205,93,29
93,#2RY2U8LC8,1 pro Team A,8000058,130664,94,29
94,#UQPL0LG,reizoyuncular,8000029,129629,95,28
95,#2QYJRJ0VJ,susumia tlm,8000038,128199,96,15
96,#LVCGV92J,германия,8000055,128169,97,29
97,#UGLVPQVR,терор,8000034,126892,98,27
98,#2PYCYL0R8,UCC CLAN,8000015,126641,99,30
99,#20R8PQY9,septe ce,8000023,124769,100,30
100,#29RQRPGJJ,ПУТЬ 17К,8000028,124617,101,27
101,#2PRRCP0LL,🌌GECE🌌,8000057,121256,102,21
102,#2GJYVQRQ8,ylägrilli,8000037,120327,103,13
103,#2CGRJQV0R,♡Defenders♡,8000038,120112,104,4
104,#202VYCG2R,детские,8000021,120009,105,29
105,#2898VJRUG,Gigachads,8000037,116331,106,11
106,#2GL22VLCC,AZE|ACADEMYA,8000005,115643,107,25
107,#2R22YU2UP,работяги310,8000042,115610,108,10
108,#ULJPUR20,KAROOSTARS/YT,8000037,114992,109,29
109,#2JJRU9CL0,параллелепипед,8000053,114931,110,7
110,#Y80UYJU,Fabrica de bani,8000019,114849,111,30
111,#20P0QQCP,Raconistan,8000024,114248,112,29
112,#PQLUJP0R,대나무,8000013,113881,113,30
113,#9V9UG8UJ,MEOW ™️,8000006,112458,114,26
114,#29LY2R9,Somalia,8000029,111875,115,29
115,#2GR0090C0,апаем 25 ранг!,8000043,111149,116,8
116,#80098GPR,Berserk eSports,8000046,111039,117,4
117,#20UPQ9QC8,Boda Clan,8000002,109665,118,30
118,#280QPGR22,primos G😈,8000014,108978,119,6
119,#VRRLUPQ9,ЮТУБЕР🌵,8000036,108867,120,30
120,#VU2U8VRQ,Lapa robert,8000026,108151,121,30
121,#28QLUR22V,клуб не знаю•_•,8000035,106100,122,28
122,#RL80CQ22,crow8118,8000015,105593,123,29
123,#QY08LPVJ,KOOLKIDS,8000017,104301,124,24
124,#2GY8CCC0Q,АНТИ ДАУНИ,8000047,104292,125,5
125,#YP889QC,Aletan,8000007,103547,126,26
126,#28LR90YCP,L & L love.com,8000025,102836,127,29
127,#2LRYCJPGR,준서네 가족,8000005,102298,128,21
128,#CUY8VJ2G,ИМБЫ,8000012,101580,129,28
129,#292LUPGL2,Navi LNZ,8000034,101363,130,7
130,#LQ82JU29,ADAM FJIE WJ,8000059,100943,131,17
131,#2YY92R2LC,KaPsIt,8000025,100931,132,5
132,#2CC8CVJL8,PRX,8000037,100816,133,8
133,#RL2LVYCL,BAN Всем,8000057,99416,134,13
134,#2GUYJUVQJ,2000Games,8000051,97731,135,9
135,#28RLYGQ8R,мужланы,8000043,96810,136,13
136,#8P2G2R8Y,türkiye,8000056,96471,137,27
137,#QRLLYP2Y,超てんちゃん❕,8000047,96316,138,30
138,#VV2PG0G8,ELITE|GRAVI🤡,8000021,96154,139,30
139,#GJ9PLVLG,1рок,8000019,95564,140,30
140,#288ULL920,basum,8000018,95155,141,29
141,#20RY988PP,señor p,8000013,94263,142,10
142,#L9JJC2YC,saabir pro,8000004,93773,143,17
143,#2Y2Q0GYC0,Benz.BS,8000049,93396,144,21
144,#RLGVVVQ,despacitoof,8000005,92014,145,26
145,#2RYUG9QVL,pyfistiki,8000057,91620,146,12
146,#QLVC8RV9,SHOWDOWLATE,8000047,91152,147,20
147,#22C8CPC0V,BROSS_GAMING,8000023,89756,148,30
148,#90Y2RL80,! V !,8000059,89433,149,28
149,#2RQ0GU9LY,100 Sparta,8000050,89337,150,20
150,#2QY9PYQGL,AIP SQUAD,8000035,89279,151,6
151,#2929CPJGC,YOU BEEN TROLL,8000006,89227,152,15
152,#2CJ8G2V2V,шпана,8000003,89098,153,7
153,#2R2UC9LYV,БАНДА ФНАФЕРОВ✨,8000003,88322,154,30
154,#YGL2GULG,민초맛 오예스,8000055,88016,155,4
155,#20J9V8L82,ГОД ТИГРА🐅🐯,8000029,86682,156,8
156,#28UL2J9PL,EL CACTUS PRO,8000013,85456,157,29
157,#82ULGJRU,hon,8000011,85218,158,22
158,#2GL0RVVU0,RooT,8000057,83766,159,11
159,#22G0PY890,Команда Ведьмак,8000049,83609,160,28
160,#YCQCG0YY,GLB,8000059,83531,161,27
161,#2G9VCJR8U,SOMALIA TIGERS,8000021,83094,162,4
162,#2QLUR80J8,Los galactiques,8000026,82936,163,16
163,#2G0PJRVRP,😈BARAN😈,8000059,82211,164,8
164,#Q20VYQGV,WAKANDA KNIGZ,8000020,80462,165,23
165,#22CCRJRR9,I foggiani 2,8000055,80365,166,11
166,#QJL9RJGY,elte,8000013,80104,167,27
167,#28RV80G9L,C+|E-sport,8000037,79775,168,5
168,#VYJ92QY0,너희투자,8000050,79615,169,30
169,#2CLL80CP8,الخوا,8000055,79449,170,9
170,#QC89RYC9,1988,8000059,78951,171,5
171,#22CYGP8R0,TÜRKİYE ADAMDIR,8000023,78548,172,30
172,#LLRGLR0R,Bobr_sklad,8000039,78401,173,9
173,#VRGY8Q98,Campioni Team,8000022,76816,174,30
174,#2Y2Q2CV9V,somali,8000019,76242,175,30
175,#2JV89VUYG,XIQ Beast,8000057,76020,176,6
176,#J2V9CRGG,:),8000055,75853,177,4
177,#20VV2CUYG,TS Clan,8000000,75829,178,7
178,#LJ289C0G,коготь,8000023,74791,179,23
179,#2JCVQQ980,FTHEBROKES,8000002,74397,180,5
180,#2G0LP992C,Leat Team 🦊📱,8000056,73500,181,3
181,#VY2U8VYV,TTbrawlkkstu,8000059,72588,182,14
182,#QCQVY0U,kuukklubban,8000022,72456,183,18
183,#Y9VQURRR,Лига Клуба,8000049,71823,184,13
184,#YQCLGR8,volleyball22,8000019,71479,185,20
185,#28JYCQYJV,"""👑KRALLAR👑""",8000029,71369,186,15
186,#LQRVPUJV,Los призедент,8000059,71054,187,9
187,#G288P8GV,TOP SOMALIA,8000021,70692,188,25
188,#29PPY8LU8,<c7>Kings</c>,8000029,70489,189,18
189,#PLVLYYG2,KRAL YT,8000057,70368,190,15
190,#2G200G9VC,SİGMALAR,8000033,69940,191,5
191,#CLQJ0LUL,ALIN JENGI,8000003,69252,192,26
192,#2GPUVQGJP,CK ESPØRT,8000048,69113,193,7
193,#89QUPC2J,LUDI SRBI,8000055,68803,194,9
194,#QC2809Q,SOMALIA CLAN,8000027,68339,195,15
195,#2PCY8UG0L,@Собачий-Клуб@¶,8000000,67786,196,6
196,#8JR8RJLU,KES,8000005,67724,197,30
197,#2RJP8LYPJ,Обеееед,8000047,67151,198,4
198,#2V98PQPV,RHS BROS,8000029,67134,199,17
199,#2G0P2GURL,HAUSEbrawl,8000030,66890,200,17
