,tag,name,badgeId,trophies,rank,memberCount
0,#2JLVLGLG2,New Dawn,8000053,1237350,1,30
1,#20VQY2C,SL brawl stars,8000059,1133292,2,30
2,#29GUUR9J2,New Dawn 2,8000053,899605,3,30
3,#22RUVUJU8,The Bigs,8000029,890970,4,7
4,#LRLP2CY,lankan warriorz,8000055,872180,5,30
5,#2Y2JQUUYQ,🇱🇰TiTaNs SL,8000023,854488,6,30
6,#28PL2CLPJ,Brawl Friends,8000037,822834,7,30
7,#2JJQLG0PC,KNIGHTS WATCH,8000049,756859,8,30
8,#22V0QGP2L,brawl starts,8000007,737316,9,27
9,#2JR09UY8G,SL BOYS,8000004,715197,10,30
10,#22VYUCJCC,VIP Brawlers,8000004,709050,11,23
11,#29228LV29,<c9>RED</c>ZONE,8000035,668143,12,30
12,#2RRGRVYJ2,United Nations,8000057,664780,13,30
13,#2J92JLC0P,WHATEVER,8000012,663415,14,30
14,#PG0VCYV,SL WAR LORDS,8000006,653681,15,26
15,#2R8QL82YC,_TEAM MUGIWARA_,8000023,645300,16,30
16,#LUYVJCYP,✌️SL KOLLO ✌️,8000037,572530,17,30
17,#8URYCLQ0,TEAM-BATMAN,8000003,570620,18,30
18,#28CU0R2JQ,THE LEGENDS,8000055,565558,19,30
19,#29829YUPL,<c3>D2</c>,8000045,550197,20,30
20,#2CRL2JPUV,축구 ⚽️ 클럽,8000029,547037,21,30
21,#2P290Q8JR,Aqua|Toxic,8000041,510063,22,30
22,#8RGR20,sri lanka,8000056,502700,23,24
23,#JV0R02QC,КЛУБ ДЛЯ ФРЭНКА,8000004,502285,24,9
24,#2028G9UP2,War Players,8000037,498688,25,30
25,#V8209UY,Teen Titans,8000017,493744,26,30
26,#VYL9VYV8,BRAWLSQUAD|Cyan,8000002,472437,27,24
27,#LPLYJRGP,Pringles,8000053,461762,28,30
28,#Q9G92QR2,Union of Heroes,8000007,447840,29,21
29,#VVRGV8Q,SL Bots,8000025,411280,30,27
30,#22ULQC8GY,<c3>Venom|S</c>,8000043,407409,31,30
31,#292UJUQ92,그기지,8000058,407370,32,30
32,#QLCG20PC,cotosey&doggy,8000057,382906,33,26
33,#2CG2JUU9C,Youtube kill3r™,8000004,380172,34,30
34,#QUYCVVP0,LIONS-OF-NATION,8000055,366196,35,30
35,#YLV00UU,SL HEROS,8000012,353790,36,25
36,#2RRY8PLYC,AQUATIC SOLDIER,8000023,351407,37,30
37,#GGR22JVR,SL BOYS,8000054,345917,38,17
38,#Q9GR822J,LEGENDS,8000037,345393,39,30
39,#UPRLCLL0,Hot dog YT 🔥,8000037,335006,40,30
40,#L92YVUCR,cheese,8000012,332599,41,30
41,#V2CYGQPL,SL Fighters,8000007,330422,42,11
42,#L9J2GCL2,Extark,8000014,313033,43,18
43,#2JPL8RYLP,Dark,8000029,309535,44,28
44,#2CR2L2RQR,방장 존잘,8000021,308063,45,30
45,#28J2CLPC9,граза,8000019,306717,46,30
46,#298QY9Q22,PRO_GAMERS,8000057,303399,47,24
47,#VLY0L90V,Want Some Pork,8000059,301088,48,26
48,#28L9P0UGG,BRAVL STOP,8000023,296167,49,21
49,#2R2JY2PQC,monkeh999,8000054,296004,50,30
50,#2Y2RPUC8P,🇱🇰SL KOLLO✌️™,8000007,294884,51,26
51,#28URJP888,♡MSCT■Legends♡,8000017,287339,52,30
52,#LRYR2G0L,mada pakas,8000004,287256,53,15
53,#2G29CR8GY,🎮GAMER TIME🎮,8000007,283569,54,30
54,#QJR920Q,SriLankanz,8000016,279324,55,30
55,#LUCV9UJ,pinwanthayo,8000019,273532,56,30
56,#2YQVJ2LGJ,ропик,8000037,268609,57,26
57,#2C2GYQUVL,🤑VIP клуб😎,8000045,264689,58,30
58,#2JPVP9G82,Rule Breakers,8000034,260681,59,22
59,#Q9VUUP0V,JOCKER DOTGAMER,8000049,260233,60,29
60,#2JUYLYPC2,호로로로로,8000031,260069,61,29
61,#YGYP2LJL,ajs pros,8000017,259662,62,30
62,#20VR9C28,ROYAL BRWLERS,8000059,257748,63,30
63,#2QCVGGRYP,Dragon hunters,8000008,257150,64,22
64,#VQUQ9CPJ,Blæçk Pænthèr,8000029,255203,65,27
65,#29GQ9CQ02,New Dawn 3,8000053,254368,66,19
66,#20CQQVGY,JayaWewa®,8000014,253834,67,30
67,#2PGJV88RL,brawl mats,8000037,253689,68,25
68,#29GVQLYC2,Lemon🍋,8000039,246549,69,30
69,#2QQJGPQY2,[SRL] XerO,8000025,244000,70,30
70,#YPV220LY,SL Super Heroes,8000003,243515,71,20
71,#2PLYGGLYC,Brawl Buddies,8000029,240136,72,29
72,#RQ028LUG,Brawl Boyz,8000059,238398,73,30
73,#2R0R0GJY,⚡TEAM FLASH⚡,8000019,237354,74,30
74,#2QYCRVL98,ʙᴀᴛᴛɪ ʙᴀᴅ ʙᴏʏs,8000035,236499,75,22
75,#2JLVVCGYY,하람 군단,8000031,235470,76,30
76,#RP82JGQG,GKeshiyan,8000054,233994,77,30
77,#8QP9U0,3 Crowns,8000021,231634,78,29
78,#29PUY8YR2,vova geu,8000039,227045,79,12
79,#2RCCC8V29,상현중,8000036,224421,80,30
80,#28U899Y8Q,MEN IN BLACK,8000029,222700,81,30
81,#J0VJU0GQ,Lockdown City,8000049,213033,82,14
82,#20L8LUCL,сосок друида,8000004,211696,83,23
83,#82QGCLVY,VIRAL VIRUS,8000059,208931,84,14
84,#VYUQQ2JJ,LANKAN BLADES,8000034,208001,85,20
85,#QL8088L9,SL Kollo,8000015,205312,86,29
86,#2QPU9Y0PV,der nita TT,8000048,204618,87,21
87,#JJQ22C9Q,SL wolFs,8000007,202646,88,30
88,#29GUR00RQ,Squad Dedsnow,8000057,199035,89,19
89,#288J9CPU9,🇨🇿Češi🇨🇿,8000053,198112,90,30
90,#RC8LQLR,SL LionNation,8000050,197225,91,30
91,#G88G0VLQ,ALPHA ‘s,8000004,195172,92,25
92,#2G0RLL2UR,TITANS,8000059,193738,93,30
93,#20CJGVJ0,Blood Ravens,8000012,193504,94,26
94,#22ULV8R98,SL ARMY¹³,8000036,193227,95,21
95,#2GCJ8RJY2,LK LEGENDS,8000035,192037,96,8
96,#28YY22GRJ,SL HOMIEZ,8000004,191442,97,30
97,#YQ80RVJJ,ㄷㄷㄷㄷㄷㄷ,8000022,190310,98,18
98,#2CRYPGQJ0,K1ngdom,8000025,187565,99,30
99,#2RY088CYP,SUMMONERS,8000035,187265,100,17
100,#2LLYJL0P2,super brawlers,8000019,186440,101,30
101,#99PLVYUU,Fearless punks,8000000,185740,102,27
102,#2C08UJGV2,Hydra,8000023,184591,103,30
103,#YR08UPJ,sl kollo,8000029,183506,104,29
104,#QR8G0R9Y,와!샌즈!,8000000,183318,105,30
105,#2YQ8GQUYV,SriLankan Brawl,8000007,183003,106,27
106,#2RP8JG2CG,Банда топовых,8000057,182768,107,10
107,#8UPYYCY9,TheHawkEyes,8000050,181838,108,30
108,#2R0P8GLJ2,Warriors,8000004,181536,109,24
109,#YG8CYYUU,Ledgends,8000022,179453,110,30
110,#20CR9L9C9,los deadpool,8000007,177731,111,30
111,#2JV8U2GQU,iduwara,8000038,177376,112,30
112,#YG9JCQ2J,BTSARMY,8000037,177366,113,18
113,#R890G88V,●BLACK•BRAWLS ●,8000034,175619,114,30
114,#VC22C9CR,NOOBS' ALLIANCE,8000021,175194,115,30
115,#GLCJ2G,DARK BROTHERS,8000004,173030,116,15
116,#Q8JJCGUC,AKATSUKI,8000004,172970,117,30
117,#UL8Y2YY,SRI LANKAN,8000000,170354,118,30
118,#2RPVQP8YC,행복2,8000057,168438,119,30
119,#R0C2R2C8,TCT,8000047,168358,120,29
120,#JPU0PPCC,קורונה!!!,8000021,167843,121,28
121,#2QVGCVYQU,edgar loves,8000000,167581,122,30
122,#288UJVV2U,Nicacha club,8000013,167151,123,13
123,#YJC288LC,하경,8000007,166546,124,28
124,#2J9CGPRLC,𝙴𝚝𝚎𝚛𝚗𝚝✨,8000039,166442,125,5
125,#PGUCQQQV,sl boys,8000016,166086,126,27
126,#208VG9GLG,R.I. Champions,8000003,165824,127,11
127,#JURJYCGV,DEBBY GANG,8000009,165078,128,30
128,#RJYY2Q,Lankan Kollo,8000027,163195,129,26
129,#2C2YC2YU8,Ceylon titans,8000055,160639,130,6
130,#G0VYPVRU,BLOOD KNIGHT,8000004,159505,131,28
131,#229Q82GUQ,SL~[GÅMĒRS®™],8000019,156572,132,27
132,#2GGYQ99VR,SL friends,8000049,154666,133,30
133,#2PYJ0PYLP,Marvel Avengers,8000019,153231,134,30
134,#29G8U80CL,Arankaramen,8000058,153139,135,30
135,#CV0Y9J8J,SL Brothers,8000007,152946,136,30
136,#YP99Y9L,Free,8000057,152737,137,24
137,#28JGP280V,benix249,8000029,152384,138,27
138,#ULYJC9YC,Tamilkings,8000023,150799,139,16
139,#VYQQUV92,<c9>RED</c>ZONE,8000007,150374,140,9
140,#29Y0VY28Q,Chad Brawlers,8000004,149685,141,30
141,#LP98R28Y,The Legends,8000056,148636,142,30
142,#2J9VUY8P,BLOOD BROTHERS,8000035,148327,143,30
143,#VQQVCCRQ,SL LIONS,8000034,148030,144,30
144,#P080PGL8,SL Gamers,8000029,147726,145,27
145,#YV80C0C2,Жужин Клуб,8000023,147498,146,21
146,#2RCJQY8GG,A$$H01E,8000023,146402,147,9
147,#282VC8JJV,SL Bros,8000033,145579,148,27
148,#2JLGYCG9Q,ЗУБАЧИСТЫ,8000057,144555,149,29
149,#2CGJCUQ2V,SLBrawlXD,8000000,143404,150,13
150,#2YVUPCC9C,SL Brothers,8000057,143125,151,24
151,#229Y0VLG,Hell in cell,8000004,142964,152,20
152,#2QV02J9UU,brawl legeds,8000031,142870,153,11
153,#2QPQ2RP0,Yooo,8000009,141221,154,20
154,#22RU9GQQ,NoobHouse#,8000029,141047,155,30
155,#2VPPCQYJ,ATO,8000029,140466,156,30
156,#2999Y2V8U,SL BEASTS,8000035,139995,157,28
157,#229YGV9Y8,✌️✌️sl kollo✌️✌,8000037,139732,158,24
158,#20UVCPLR9,KORKUSUZ MÜCADE,8000000,139526,159,29
159,#90YQ0QQJ,Brawley kings 1,8000028,138750,160,23
160,#292P9CL8G,AKATSUKI,8000043,138479,161,17
161,#V288C0,SRI LANKA,8000029,136517,162,30
162,#2QJLYGQLC,BRAWL BOYZ SL🔥,8000023,136354,163,30
163,#QUQVQPR0,ZA dream team,8000029,136146,164,29
164,#YYJC8JV8,SL boys,8000037,136049,165,5
165,#2C8U8P0RR,execute,8000037,136042,166,25
166,#G29GUR,TRPST,8000018,135183,167,28
167,#2LPL9P0VG,_BbbbbbbbbbbbB_,8000029,134396,168,27
168,#2J2PLL80U,IQ-FAMILY,8000023,134348,169,12
169,#90VU9RQC,TDG,8000007,134060,170,30
170,#J0UQL9RV,musslosbruder,8000026,133660,171,27
171,#98YQPVQ0,SRI LANKA,8000029,131894,172,30
172,#2298UYPC9,Tremontwo,8000021,130762,173,19
173,#22PPCC98,Madani Mafia,8000004,130568,174,28
174,#2Q0RCL0CC,Připojujte se,8000000,129332,175,23
175,#2LGVV8VGR,SL ROCKERS🎸,8000007,127569,176,30
176,#2PVVP9LQC,Brawl Legends,8000022,127359,177,8
177,#20YCU2J2R,ооо круто,8000003,127040,178,28
178,#2RPLRGLLJ,LANKAN BRAWLERS,8000058,126741,179,10
179,#YGPG9PLU,The Noobs,8000056,126397,180,19
180,#CYYVG0QY,SL | DrAgOnS,8000006,125640,181,30
181,#2L2G0UYYJ,Bonny.Clyde,8000004,124227,182,21
182,#YGGYPJVJ,peanut,8000003,124050,183,26
183,#228PURYRY,<c9>RED</c>ZONE,8000007,123994,184,4
184,#CVLR8LGJ,kks orzeł siem,8000025,123980,185,23
185,#2QRG2RJ29,захар л#х,8000028,123481,186,22
186,#LVQLL8G9,빛나는 코로나★,8000057,121947,187,29
187,#2C908Q9YR,7 BLOCK,8000034,120816,188,5
188,#2QJJ90V89,١٢,8000059,120163,189,29
189,#LUCJ9RV9,GHOST HUNTER,8000004,118829,190,30
190,#2Y0L8CYQV,Code Lex,8000049,116595,191,20
191,#QQ8P2CV9,FEDOT|CLUB,8000004,116574,192,11
192,#U908QLJ2,я полностью про,8000025,116461,193,24
193,#2YLU2QUY0,Sl sinhayo,8000015,116445,194,30
194,#20YJGGCQ8,Edgar's Club,8000003,116355,195,30
195,#22U229RC2,⚡️G⚡️,8000049,116006,196,5
196,#2QGPCPC0R,семя,8000004,115734,197,27
197,#2LLP9C9CR,code oj,8000016,114810,198,27
198,#PJ20YQ0,Legends-LK,8000010,114415,199,19
199,#2G8YYUG88,<c0>IX Aqua</c>,8000005,114099,200,7
