,tag,name,badgeId,trophies,rank,memberCount
0,#VJQGV8J9,sudan,8000007,1067241,1,30
1,#2JL28CL0Y,killers SD,8000037,1033795,2,28
2,#LQVJCQ0L,Sudanese offset,8000045,952469,3,30
3,#2Y8VL92R,Sudan internati,8000004,840135,4,30
4,#2CGQR8U9V,جيش قوقو🔥🇸🇩,8000029,750653,5,27
5,#29002LYYQ,Team Liquid SD,8000033,704647,6,20
6,#2JUGQPL2C,LOS MAS CHOROS,8000029,702215,7,30
7,#88YVL008,SUDAN LEGENDS,8000052,658432,8,24
8,#G22RVV2U,Khartoum,8000027,639415,9,23
9,#2PCJ90VQL,егор скинь,8000057,587528,10,25
10,#2CLCCG9U9,Watermelom_Gang,8000037,509337,11,30
11,#L2JYJVCC,sudan kings,8000056,480504,12,24
12,#UQ2GG2Q8,Sudan Avengers,8000007,473080,13,29
13,#29L9PPRQR,MOS CLUP,8000004,472900,14,28
14,#2QCGQQG9G,八東ブロスタ同好会,8000047,465649,15,25
15,#2PLY20YPR,SAH|CHAMPIONS,8000047,457437,16,29
16,#Y899GJ2,Elkia,8000037,429045,17,29
17,#298JU90LU,Sudan Wizards,8000034,422169,18,25
18,#20PQQ88R9,Crabs Rave,8000007,394481,19,29
19,#20R2LJ92U,منورين يا حلوين,8000012,387437,20,30
20,#2G29JGUJL,Let's Go✌🏻,8000021,386395,21,13
21,#2GL9L28PR,THE ORACLE,8000037,351991,22,15
22,#2QLUGPYYJ,Sudan Revengers,8000033,349644,23,19
23,#2CCPL0JY,جبره,8000019,342763,24,30
24,#229YYPYQG,TheBlackThunder,8000023,342185,25,20
25,#29R22UL9P,ORIGINAL PIDORS,8000025,325351,26,28
26,#2PPUVVQ0R,Black ghosts,8000000,320992,27,15
27,#2PLYL9RVG,امجد وامجد,8000013,300909,28,28
28,#QJL9JC28,FALCONS OF SD,8000037,284263,29,26
29,#2P9L8V80,السودان,8000004,274992,30,26
30,#2L8GPY0U,Sudan stars,8000004,274481,31,26
31,#Q8PU08YU,الأبطال,8000049,263756,32,30
32,#2Y0V802PU,Area 51,8000043,263673,33,23
33,#P2U88QQY,Ok OK,8000029,250603,34,21
34,#YC8L9PQU,K-ZAN Syndicate,8000038,250480,35,13
35,#2YL8Q90U0,Team SD,8000011,241301,36,30
36,#2PULQQU8L,JOESTAR FAMILY,8000057,239435,37,23
37,#VRLGPUR,كلان سوداني,8000016,238760,38,18
38,#88U9U09L,sudan,8000004,237662,39,30
39,#2R99RP9QR,Crackers,8000034,233427,40,16
40,#2P9QP9QQY,Ride or Die,8000037,232224,41,11
41,#2P9YP8YLC,The Winnres,8000023,225416,42,23
42,#YJVJ2RGQ,SUDAN BRAWLER,8000004,224890,43,30
43,#2J2VRVUY9,أساطير السودان,8000029,224718,44,22
44,#2J0J9UYCY,😜Лунтики😈👻,8000057,222374,45,16
45,#JJC82YY8,ابطال الSUDAN✌✌,8000048,221197,46,30
46,#YL2RRYL9,ناس مجانين,8000023,220464,47,22
47,#LRGG29L9,дед тепловизор,8000031,217880,48,30
48,#2JLCCJ002,فريق النجوم,8000014,215618,49,28
49,#ULQJYYL,Your's BAND,8000035,215043,50,29
50,#LGPVRVLJ,пятая симфония,8000011,214864,51,15
51,#9YR9G2UY,SIU,8000029,214815,52,10
52,#2RPP0U2CP,جمق,8000034,210958,53,26
53,#2GGJC8G0R,wacadodls,8000035,209834,54,23
54,#QQGYV8JR,Night edge,8000011,209157,55,21
55,#2C8Q8URPY,K-잼민 클럽,8000004,206459,56,13
56,#2RLVJRC,sudan,8000027,203517,57,12
57,#QQCRGCGV,أساطير💪براول🔥,8000037,201065,58,30
58,#Q8CUVRR0,✨لَآمـ🕊؏✨,8000055,200720,59,30
59,#22LC2PVR0,Otako Kingdom,8000006,200029,60,12
60,#2G2PJYLG9,Ar$oN,8000039,199625,61,20
61,#2820Q2GRU,Kd,8000000,195107,62,12
62,#28LQGQ8Q9,ON|GAMER,8000023,193221,63,29
63,#RQJ0LCYU,Такеша,8000047,191849,64,29
64,#2GJC9U8RJ,TerraFolia,8000046,189662,65,16
65,#2R8CJR902,한신104동,8000057,189561,66,30
66,#22YGPCCVC,الاساطير 666,8000037,189126,67,30
67,#L9J9JU02,سودان كينغ,8000006,188736,68,30
68,#29CYYLQGJ,Navi,8000000,188736,69,13
69,#QPLC00C0,кот я пыль,8000013,187386,70,30
70,#9RUV8VCL,Sudan Brawlers,8000029,185182,71,14
71,#98LCURJ0,السودان,8000029,183391,72,25
72,#98R29JLP,STARS HEROSE,8000050,183362,73,26
73,#G09L0V2L,[TOP]EXTREME,8000023,182736,74,17
74,#22RPL0RRC,🄼🄾🄽🆂🆃🆂🆁♕,8000033,182484,75,27
75,#2PQPJJ9UJ,الخطيرين,8000004,181695,76,30
76,#QYJLJCCY,BRAWL STARRS,8000018,179452,77,23
77,#JCPV8820,الرؤية,8000023,178963,78,26
78,#CV9CPV9Y,Ron/joker🌌,8000005,178888,79,28
79,#8UG28LR,1 lvl Team,8000039,177338,80,25
80,#289CY2VV2,الضربه القاضيه,8000030,176994,81,11
81,#2RLYUV9PL,amognus,8000035,175929,82,9
82,#2GQCUCCJQ,고초43,8000016,174704,83,30
83,#2JPGV8200,sla,8000033,174580,84,26
84,#UYL288RQ,Türk_kopaT,8000059,171631,85,25
85,#VR9YC0GQ,『LOXPRO』,8000052,169527,86,30
86,#2CL9LQV0U,Pulosante😘,8000037,168626,87,27
87,#92YU0RPP,تسقط بس,8000037,168608,88,26
88,#QGUJJVPL,NHOOM125,8000055,167162,89,29
89,#2QCVYLL9Q,legends,8000024,166350,90,29
90,#2G8C0LYVL,SUDAN LEGENDS~2,8000029,165609,91,9
91,#2Q0VPUJCU,sudan yt,8000059,165118,92,30
92,#220JUPRYG,brawl stars SD,8000029,164189,93,30
93,#2LYL902JQ,stijnenjanpi,8000057,160515,94,18
94,#8G8QJVC,نجوم السودان,8000049,160299,95,29
95,#28CYQV082,La Purga,8000057,159633,96,24
96,#29PP8C8RP,عبوش 😼 الأسطور,8000008,159311,97,8
97,#CG8RP90Y,RwFZ,8000029,158474,98,30
98,#VJ2J8PR,125,8000021,157395,99,29
99,#2RVRLPJR8,DERDEVIL,8000055,156897,100,11
100,#2QPRVPYY,×SUDAN×,8000023,155107,101,28
101,#2P92G8YCU,◥JAR◤​TEAM,8000035,154871,102,16
102,#P2UYCLGC,los que quieran,8000008,154844,103,19
103,#8VC2CP8P,노노지는거노노,8000028,154746,104,27
104,#RGCYUV0V,the family clan,8000006,153538,105,9
105,#82889URV,바나나짱,8000026,151635,106,26
106,#29C99V82R,мяч15,8000002,150988,107,29
107,#2PGPQ80UY,hi,8000037,150937,108,21
108,#28PQ0099,pro pampalar,8000042,150605,109,30
109,#QLQJJV9,The PROs,8000029,150561,110,26
110,#20RJ9PV28,م عندهم موضوع,8000010,150135,111,14
111,#2C9LP8CQ9,SD|BRAWLER,8000055,150103,112,13
112,#CYUU8L0G,роч,8000011,148346,113,30
113,#2LJ80GJLJ,농축 회사,8000015,148026,114,30
114,#C9UGY08U,world of Arbics,8000004,147946,115,8
115,#280JG9GGR,THE HEA,8000046,147599,116,12
116,#VYV9LRJY,😊❤KNKSLAR❤😊,8000000,146530,117,12
117,#2Q0QYGC2,مرقنا مرقنا,8000025,146079,118,26
118,#2JYLLPLUQ,Bros,8000004,145441,119,30
119,#2JGYYPPLU,бэм бэм,8000009,144789,120,7
120,#2LC8RRUYV,китик_белка,8000059,143811,121,13
121,#GCP8GY29,class 8,8000000,143404,122,28
122,#22YQ9R99P,신세일,8000029,143192,123,20
123,#YRLCQGPR,Nani's Club,8000037,141963,124,15
124,#2P2LJ2G2P,Снимаем видео,8000056,141308,125,30
125,#Q2L2GRLR,السودان,8000003,140552,126,29
126,#2090VUGVR,Otxartaga,8000014,139797,127,29
127,#L2YY99C8,The massacrers,8000019,139708,128,28
128,#RG2LRUU0,Brawl Stars,8000057,139652,129,13
129,#2CP0VQCPL,Tankers,8000059,139009,130,9
130,#YUYUR2PQ,أبطال السودان,8000023,138064,131,12
131,#2RV920Q9U,🤡|Clowns Gang.,8000049,136960,132,14
132,#29JCC229J,Федбайк,8000029,135788,133,29
133,#V20GUJRJ,الزول داك,8000027,133384,134,30
134,#2QLUQJR0G,DİNGO'NUN AHIRI,8000015,133338,135,16
135,#YGCUCJUY,مملكة الجحيم👿,8000029,132788,136,30
136,#2JLU8GRPU,شمس الاسطورة,8000003,132583,137,30
137,#28CP200V2,7777mm,8000007,131790,138,22
138,#LCQYL82Y,المحترفين√,8000029,131472,139,18
139,#2L8VV89CG,Amogos,8000018,131052,140,13
140,#22UR2QVC9,Amos del cielo,8000000,128971,141,26
141,#V2JU2LGG,поставы,8000006,128656,142,20
142,#8LUYJ0C0,السودانين,8000049,127360,143,10
143,#2C29YUVVG,ATA,8000037,127154,144,30
144,#202P89R8U,el arca💖,8000043,125513,145,28
145,#2GJGYUGC,تسقط بس,8000000,124769,146,30
146,#992CVLY8,254952,8000004,123697,147,29
147,#JV0CVJ8C,attack on titan,8000035,123518,148,15
148,#2CQJ2GU0Q,존잘만,8000041,123223,149,8
149,#2QR08VQQC,المجرة,8000015,122855,150,15
150,#2PYJUVR0V,90`s,8000004,122829,151,12
151,#220CV292V,sui,8000029,121539,152,17
152,#P8JY8CJR,THE KING OF WAR,8000029,121146,153,24
153,#JQVYVPPY,путь хромиков,8000048,120847,154,25
154,#29Y29YGJ0,ÃŘ.BØ,8000049,119546,155,15
155,#2PC0UPC9J,777,8000039,119411,156,16
156,#P0VLYPUV,الفرقه الرباعيه,8000008,119132,157,29
157,#28VYLCCUV,хы у тебя чича,8000057,119099,158,24
158,#22CRP2CRU,الممتعون(انضم),8000002,118984,159,29
159,#Q8PC9QL9,leggendaricrow,8000016,118853,160,29
160,#LU09GP2V,СтЁпА И дЕнИс,8000022,117241,161,17
161,#2PYU2QVPG,TEAM BRAWL (SD),8000008,116734,162,11
162,#P0CP0YLP,казахи,8000025,116126,163,30
163,#2GC28C928,",white magic,",8000059,115463,164,12
164,#20J0JYYGP,كل تبن,8000025,115436,165,16
165,#29GRJ2YJ,SUDAN KINGS,8000019,115326,166,30
166,#UPL8LYR8,Тиминг,8000013,114630,167,26
167,#CJQGPYUC,LIL LOL,8000059,113150,168,18
168,#PUQYLVQ8,Super Spryzen,8000034,113082,169,14
169,#2JPJLVULG,mss | kibk,8000025,111939,170,6
170,#UCCC8C2V,fam clash,8000021,111465,171,11
171,#2QPR9VCU,Napoleon army,8000003,111137,172,14
172,#28V09YV2G,DARK SAID,8000040,110218,173,16
173,#VGVR809R,(Blue Fire),8000059,110125,174,12
174,#28GJ8J2P9,kings,8000059,109865,175,7
175,#YU8YPVV2,اولاد الفريق,8000007,109424,176,30
176,#VY0PUPLV,الاقوياء,8000004,108987,177,30
177,#2G2GPPPY,tigers,8000029,108747,178,9
178,#2Y9VYV9GL,فضائين تاايم👽♥,8000013,108545,179,24
179,#298LLQQ0C,MANOLITOS,8000029,108205,180,13
180,#22L2CU9JC,Mortis's Club,8000004,108116,181,5
181,#YJJLVRVQ,Sky bandits,8000003,107555,182,30
182,#JVU8UVJ9,van in filip,8000018,107169,183,30
183,#90V8RRVJ,جيش السرسرية,8000046,107150,184,12
184,#2PJU0URGU,A.D.Oner,8000011,105939,185,13
185,#P2CC8YPY,سلاحف النينجا,8000035,105895,186,30
186,#2G0PQQR98,power son,8000028,105513,187,12
187,#22R0LL889,Max's Club,8000042,105319,188,30
188,#22GVRYY99,МОРТИС топ!!!,8000023,104829,189,29
189,#28JU8QV8,كلان سوداني,8000026,104687,190,28
190,#VYU2CPVC,등서초,8000029,104576,191,9
191,#8VRGUGVQ,(xxx) top,8000059,104277,192,6
192,#20Q2CCY08,THE BEST,8000021,104181,193,30
193,#2Y9R9CR2,الرزيقات,8000029,103540,194,30
194,#2P0PUC9C0,MİZAH🚨,8000021,102700,195,19
195,#ULPGCVV2,Can ve bora,8000029,102557,196,12
196,#UQJ0YQJ9,SUDAN HEROES,8000018,101797,197,3
197,#29V22GQPR,SD Guys,8000027,101750,198,25
198,#UY8J8Y98,LEGENDA ADAM,8000018,101351,199,30
199,#2YR9L02RC,اوتاكو 🇯🇵🇯🇵,8000008,100607,200,28
