,tag,name,badgeId,trophies,rank,memberCount
0,#CP8J9Y9U,<c9>尺ㄖ乂ㄚ★❀</c>,8000023,2032274,1,1
1,#U8UJJU0,CHAVALADA HD,8000004,790879,2,30
2,#2C099V922,Club duques,8000022,772466,3,30
3,#28QGQ0LY8,嘿！笨笨,8000035,770589,4,30
4,#2JYY9LQRG,佬椒麻海放我十個太平洋,8000001,715658,5,30
5,#2GJGV2QCQ,+10|LONVEN KI💔,8000057,571289,6,30
6,#2GPQR0U9P,Faze lula,8000035,554875,7,30
7,#2YPLCP89C,Die pros,8000055,517482,8,23
8,#2YUP9YU2G,иге по ипанию,8000025,502498,9,26
9,#29RL8LRVY,5b 34vsk,8000021,494946,10,30
10,#YVC8P0VL,犯罪者,8000015,468235,11,30
11,#2CPQLVJ0Y,SUPER BRAWLERS,8000029,457583,12,29
12,#2LQ0UQ0GC,Only homies✔️,8000004,456817,13,26
13,#QJC0V08Y,PapaBali,8000019,455097,14,30
14,#J8RLYL8Y,friends,8000025,440673,15,6
15,#V802GLU9,los pescadito🐠,8000029,435569,16,27
16,#29J9LG909,卂千|𝐄𝐬𝐩𝐨𝐫𝐭,8000059,423797,17,23
17,#2C8CCL0Q0,chuchvalci,8000051,402732,18,15
18,#V02YQVLR,СТРАХА НЕТ,8000023,401147,19,26
19,#28UG9LYVU,Клуб: #28UG9LYVU,8000029,391244,20,21
20,#2G2CQUR9V,Los craks,8000055,378974,21,29
21,#2YL99QP2U,OTAKUS UwU✨🎋,8000029,364165,22,26
22,#202PYLPC0,bruh meme gang,8000037,359134,23,24
23,#2R2YCUUQ9,BEBRA CLUB,8000035,355658,24,30
24,#V0GUGCU9,荒野行動,8000029,353410,25,30
25,#29YL0LPUR,adidasper=NOOB,8000040,345609,26,23
26,#2Y2CP8R2P,Bunny army,8000018,341972,27,15
27,#P0QYR089,Moldova Royale,8000047,329784,28,30
28,#C2JQ9UVG,Magic Fighters,8000029,329616,29,20
29,#2QULJ9Q8U,SO BALLAS,8000023,309012,30,30
30,#2QC9Y0LPP,<c4>WorteX</c>,8000057,288273,31,28
31,#2RL9PGGPG,free CL points,8000058,287475,32,14
32,#2G8RQQ8UY,Polish ibimany,8000029,286213,33,30
33,#UV8VL9CV,идиоты,8000009,284546,34,15
34,#2GQUVGG2P,КРЫМС,8000006,278657,35,13
35,#2GQVGVYP0,Gachi Club,8000039,275135,36,18
36,#28QJJG09P,ティック大好きの会,8000057,271248,37,16
37,#2QY9JCR9J,romagna,8000009,257412,38,29
38,#2RU8CR0JV,BalkanBandits,8000023,255973,39,22
39,#29QYPQJGY,JABUKA,8000019,243831,40,27
40,#2Q0VQ0URU,Тесла Model x,8000051,242059,41,30
41,#2GR2Y0UQ0,крутыши,8000057,240054,42,15
42,#2LQ2PVGUY,Golden Memories,8000057,234466,43,18
43,#RGPL2Y80,훌륭한 인물들 모임,8000018,232692,44,30
44,#2V0CJUPP,[ICE]BANDA,8000011,231997,45,30
45,#2J8LC9GY8,kutas,8000046,230392,46,12
46,#P0JJUQU8,Jorge Jesus God,8000019,223061,47,22
47,#2RR2RV2V8,Fifa suchtis,8000019,219945,48,12
48,#CGR9VP0G,I PRO REALI,8000019,218983,49,26
49,#JL0JR98,Nueva USSR,8000009,218422,50,18
50,#JPCCUJGU,[BS]TÜRKİYE❤,8000023,215654,51,13
51,#2GQCU99QC,ащихите,8000037,213925,52,15
52,#2L0022RLC,клуб😂,8000053,206691,53,26
53,#VY2LYC0R,рис 2,8000029,202701,54,30
54,#VCGQGL0G,877,8000004,202134,55,30
55,#LJ8CLPV0,os mitão,8000029,201763,56,26
56,#8PCVGJ9P,top club!!!!!!!,8000012,199130,57,20
57,#2RJG8PR8G,sla,8000037,197529,58,12
58,#VG8LVP0J,欲求不満,8000028,196429,59,11
59,#2990890J0,Hank fan club!,8000002,195856,60,10
60,#PQ8VRYR9,qlf51,8000001,193107,61,28
61,#2J8CVUUPR,les pro cactus,8000013,190515,62,30
62,#GJQUP228,Pommes,8000028,188430,63,30
63,#2C8CPVQGP,Adar mesajlaşma,8000029,187509,64,22
64,#V8VVPY8J,TEAM_LOLO,8000041,187374,65,24
65,#2RV8YLY2Y,RollinWildChopp,8000031,186809,66,12
66,#22ULRV20,OK,8000029,186258,67,27
67,#2JJG2Q98L,Marabuntas,8000058,185486,68,10
68,#8GLLQ0LY,Automa Ticks,8000010,178542,69,14
69,#9LVVY0C,gangona,8000015,174477,70,10
70,#V9UJ8RLJ,😍SevgilileR😍,8000023,174291,71,28
71,#98PC2C2,Moving Castle,8000004,172522,72,7
72,#2R2VUR88Y,Все снг топеры,8000053,170580,73,9
73,#20VV0U220,TEAM PIESEŁ,8000055,166667,74,14
74,#YUGRG90,Brawlstarseros,8000017,166273,75,27
75,#22J00RRVY,The Chosen One,8000008,165472,76,28
76,#2GYQCJ8P0,🤍🖤MOON31🖤,8000058,165393,77,11
77,#2LJYPC8GP,жапырақ,8000000,163877,78,12
78,#28LLVQVRR,Hyper,8000057,163100,79,30
79,#JLYUQYRJ,Air,8000007,162740,80,29
80,#2QQV8VUVY,TEAM CABANES,8000014,162720,81,30
81,#VY0QV0J0,EL SALVADOR,8000056,162020,82,30
82,#CYQR0RUC,Arawul,8000037,159146,83,27
83,#J08GVYCV,MUHAMMAD,8000000,156766,84,25
84,#8JQ0U92,крутотень прост,8000058,155533,85,30
85,#228CJ2QVC,rodnsk,8000037,147867,86,28
86,#2LY0RYLL,Ranger Corps,8000015,146861,87,15
87,#2YP0C9CR,ПАВЛОВКА,8000029,144323,88,27
88,#UVRQ2Y2,Gang-Stars,8000009,144152,89,12
89,#2J8RJ2YGP,Sonya the best,8000037,143830,90,18
90,#C2CG89QC,шоколадка5,8000018,143386,91,29
91,#29820CYGR,mizxvq|раша,8000013,142964,92,17
92,#L0VUJCYL,covorul3,8000029,140792,93,29
93,#2QVPCRGRY,🇵🇱POLSKA🇵🇱,8000032,136834,94,7
94,#GJC9CJ9J,мы братья 500,8000003,134483,95,23
95,#29JLPYR2L,Страх,8000059,132481,96,11
96,#2RPGJURQ9,BS E-Sports,8000058,132118,97,5
97,#2200V9Q9V,Kıvanç yan,8000023,132112,98,29
98,#RCCC02UY,RATNICI,8000056,131878,99,20
99,#CQCC8V2Q,BS GANG,8000004,129172,100,28
100,#U9RG2LJY,gummerhouse,8000017,128556,101,29
101,#LURRJGPR,parówy koty_yt,8000023,127508,102,2
102,#RUVP0UY,Taganana Ultras,8000013,126739,103,7
103,#L8LRR0Q,Les Brawls,8000007,122632,104,14
104,#8YQ90UYG,los xexis,8000029,122194,105,30
105,#2C0RVJGRY,Lean,8000013,120125,106,8
106,#2CV2RLPJ,Brawl pros 7,8000003,119944,107,29
107,#C9YYQV89,iker kikinn,8000012,118582,108,28
108,#JL8LPYV9,"de pro,s vs yt",8000004,118236,109,12
109,#URLCJVVJ,Gardaşlar,8000029,117393,110,30
110,#20Q2CV2JU,TULLE,8000005,117116,111,30
111,#LV8P2P0R,шшшггг3,8000012,116968,112,21
112,#CGVUCYCV,Bender Squad,8000024,116799,113,14
113,#20V22LVCL,Baqlet's Team,8000035,116238,114,10
114,#YYGUJCL,CACCA A SPRUZZO,8000022,116076,115,30
115,#LC0VLLRU,^ TeamFire ^,8000058,114622,116,19
116,#RUYGRYQ8,Venghi,8000059,113551,117,12
117,#289YYQRV9,Рчапв,8000004,112359,118,26
118,#2JJVVUURC,mnl club,8000007,110057,119,23
119,#88CUPU2J,free water,8000029,109026,120,24
120,#28QLR9VLL,ioio,8000013,108100,121,27
121,#29LQVG0Q8,Саша и Женя,8000001,107374,122,30
122,#2R0VV02JL,FriendlyHouse,8000047,106891,123,4
123,#92UYP9LV,ПЛЭЙ ТТ,8000032,106665,124,30
124,#2JP0G8JQU,Die 4 Klassen,8000037,106513,125,9
125,#2GLRUUVYG,АБУ ДАБИ,8000034,105928,126,6
126,#RRYPR8UU,(123)?!+,8000023,105120,127,26
127,#9PYPQJP0,불타는 히어로,8000000,104907,128,17
128,#RGGRGG82,pepito grillo,8000010,102220,129,26
129,#2GQLGY8Q8,Caverna Sombria,8000031,101729,130,22
130,#R9GJCRQQ,Que tal,8000018,101546,131,29
131,#LVQQY9Q9,הר נבו,8000057,101500,132,12
132,#Y9YV88C2,XxC14NxX HOU$E,8000007,101404,133,18
133,#22CPY0V0Y,أقوياء,8000007,101296,134,29
134,#2GYGPJ0YJ,Zoro,8000014,99680,135,10
135,#2JGLVJL8U,AngelSouls,8000000,99123,136,10
136,#UG2VUCL2,лепешки,8000007,97462,137,30
137,#2GCP8C89V,STG,8000051,97360,138,10
138,#GRJPCCQC,山本族,8000024,96341,139,10
139,#29RGVQVGU,Гремленя1448,8000005,95833,140,21
140,#80Y99YJ8,{<АОТ>},8000038,95658,141,7
141,#20RVUJYUR,Клуб: #20RVUJYUR,8000003,95478,142,28
142,#PP8LVUG9,МАСЛЯДКИ 2.0,8000029,95273,143,14
143,#2CRYCRGC9,dolfa itlerh,8000011,94705,144,5
144,#2GPUQJJP2,Клуб Василича,8000041,94493,145,9
145,#2JQ2UPPUG,MoonGaga,8000010,94409,146,5
146,#292LJV02J,PMLX E-SPOR,8000058,94329,147,28
147,#2GURLR8VJ,Tanay ist dumm,8000023,93604,148,7
148,#2QCQCLL2L,Бархатные Тяги,8000021,93303,149,28
149,#22U290UPU,sami en ibe yt,8000014,93245,150,26
150,#LRVUYR8V,Team Bacalao,8000019,93091,151,9
151,#2G2RJRQGJ,Pencil House,8000059,93053,152,4
152,#G0GG9GPU,corunavirus,8000027,92332,153,29
153,#JGPUUGQ,EpicBrawlersi,8000013,91690,154,29
154,#20Y8QJPQP,>>¥¥♔Limbo♔¥¥<<,8000053,90586,155,12
155,#2C02YUJ0C,ASLANLAR❤️💛,8000059,89511,156,8
156,#2G8Y02UPJ,👍🏿okay👍,8000019,89463,157,8
157,#CVYCRCL8,Eliksir☢,8000046,89324,158,18
158,#29PRLL9UC,AGALAR77,8000029,88601,159,5
159,#20QYQGPUG,YENİLMEZLER,8000004,88118,160,13
160,#88298LR8,Комар_крутой,8000057,88060,161,14
161,#2RYRLRULV,حمضيات☹️🤍,8000035,86865,162,11
162,#2QQ0099LY,Амирдын акктары,8000023,86453,163,30
163,#2G28YVPL8,les crampte,8000059,86046,164,4
164,#2GV9RGJ8U,Лёлик и болик,8000059,85543,165,16
165,#YJ2RLGP8,азов,8000015,85510,166,28
166,#2GCYPLU8P,MMVrguitas,8000004,83663,167,7
167,#VCVRJ9V,Club #VCVRJ9V,8000024,83330,168,25
168,#22Q8VJR8J,ТоПы МиРа @2,8000021,83125,169,28
169,#20RPQCV0G,SSD_Killer,8000048,82928,170,8
170,#2JUP2YLY0,TR|Krali,8000055,81746,171,6
171,#29GC9G2,TeamPidoras,8000020,81530,172,14
172,#8VUY0CC8,лучшие котики,8000006,80538,173,24
173,#282Y90RYG,LosKembaWalkers,8000010,80075,174,6
174,#PGCJCQGU,Lil Fiends,8000010,79882,175,8
175,#228LLPVJ,Daddies,8000006,79548,176,7
176,#2C9C9LGRJ,Zortiye,8000029,79206,177,11
177,#2QJJ9RL0U,White squad,8000000,78562,178,3
178,#2QG2L98C2,Brother|squad💕,8000037,78187,179,4
179,#2RJVLQG2J,kozmik,8000023,77965,180,24
180,#2PPU8R29P,Ваенга👹👹🤑🤑,8000059,77671,181,23
181,#2C0URVCUC,Sołtysowo,8000051,77632,182,6
182,#29LC0V2YP,*889*,8000016,77482,183,23
183,#22PU22U82,Mᴀᴋᴇ Kɪʟʟ•Dᴇᴀᴅ,8000056,76416,184,8
184,#2QQQPYCQ8,<c9>BIG</c>,8000014,76277,185,12
185,#LL9Q992G,⛩ALFA🌶,8000022,76107,186,5
186,#L98P89CQ,٩٩٩,8000029,75836,187,27
187,#QJRGJVJU,драчуны,8000012,74029,188,6
188,#2Q2URQLC2,elifduru,8000036,73093,189,25
189,#29PLGPY28,Cruel Killers,8000029,72978,190,4
190,#2RPJUJJ8U,UNITED,8000034,72959,191,6
191,#2QYRLUGYP,Brawl Family,8000059,72690,192,7
192,#2LGU2GGC0,Feng1000,8000025,72512,193,12
193,#2GGCGV0RC,Squeakyesgay🍷,8000057,72419,194,6
194,#2J9URUVC9,5clas,8000050,71619,195,9
195,#2L2JPR2RR,Napalım,8000025,71426,196,29
196,#28P8PYGLY,KUZENLER,8000055,70600,197,16
197,#U92LLL8V,🌌🌠ЗВЁЗДЫ🌠🌌,8000002,69548,198,29
198,#2CLYPUPV9,+13 fesatlar🍑,8000029,69537,199,7
199,#2LU22JGVU,Kankalar,8000009,69425,200,24
