,tag,name,badgeId,trophies,rank,memberCount
0,#28QQUCRJJ,⚡Fendi|GANG⚡,8000003,1953927,1,30
1,#2J99YUCYQ,YT|CRESTALE🔥⚡,8000025,1647498,2,30
2,#2P0PRCLG0,Me Elite,8000057,1456981,3,30
3,#G9JUG8,سراقب وبس,8000023,1437093,4,29
4,#Q0CJR9RV,Tribe Syria,8000023,1368361,5,30
5,#28PY2Q9YY,Katze 🐱🐈,8000057,1364173,6,29
6,#29GUJGCPU,Gentlemen🌊,8000032,1322283,7,28
7,#282PR9GGU,THE KINGS,8000049,1296310,8,30
8,#2JQ82LV9Y,SR|vip,8000023,1293719,9,30
9,#2GJCPV908,❄️ICE|CHILLE❄️,8000052,1244663,10,30
10,#2YYUY82Y8,Fire~[KingDom],8000055,1236838,11,30
11,#2C8VYQRQJ,楤|FRIENDS🖤⇝,8000029,1229921,12,29
12,#28J9VG2C9,🔥HUNTERS🔥,8000059,1221080,13,30
13,#J9JPY88P,zaidal,8000004,1175190,14,30
14,#29QCRLLVY,<c6>زهيرهه</c>✨,8000010,1158199,15,30
15,#2R9GP8LGU,TEM|SYRIA,8000008,1128866,16,29
16,#2GU8QQLP0,Nerdy Brawlers,8000007,1119283,17,30
17,#8Q8G9JY2,wwe,8000022,1072846,18,30
18,#2JUVQU80U,DARK SLAYER,8000029,1040041,19,30
19,#C9V288LV,THE PRO BRAWLER,8000049,1032343,20,30
20,#URUGJ2P,Club Gx,8000037,1020640,21,30
21,#J80P280,MeGrez Syria,8000006,999175,22,30
22,#2J9LY8JC9,اتحادنا قوه❤,8000023,956759,23,30
23,#202G9LYRP,إلأبطال السلام,8000046,952891,24,29
24,#Q2L8Q29Y,🖤|ZT |👑,8000023,929194,25,30
25,#2R0V8Q9UL,MARVEL,8000019,924307,26,30
26,#2R8V9PVCG,TEAM PUPS HOUSE,8000057,916260,27,29
27,#2QR89VV28,CheckMate🔥😛,8000023,910693,28,29
28,#28YP2GVJ8,HS_BRAW STAR_YT,8000027,907774,29,28
29,#PC2CCGV2,Youtebers Group,8000001,898461,30,30
30,#2QCRLR2YU,Arab Heroes,8000029,866314,31,30
31,#PVJQCQYL,improved weed,8000013,862481,32,30
32,#2JC9RUVR0,Ms|Kings™♕,8000055,856417,33,28
33,#29RR29CVJ,FK HD,8000029,855226,34,29
34,#2G89JJLRP,warzone,8000023,835977,35,30
35,#2GP9UQPJR,SYRAT N @,8000023,830185,36,30
36,#YGVY0JPV,الأبطال,8000029,829068,37,30
37,#2JQY8V9L,Vexus Force',8000049,819723,38,30
38,#RQ9L892R,The lions,8000053,803635,39,30
39,#2JUP9G80R,الوطن العربي,8000029,800710,40,30
40,#2C9RYQPGJ,BS|AVENGERS 🪐,8000025,791401,41,27
41,#2Y0PR8R88,Tribe Syria 2,8000057,789372,42,25
42,#2C02JC02U,‏ ☪️تيم العرب,8000045,786212,43,30
43,#2J02LGJLV,A Few Good Man⛩,8000037,782189,44,29
44,#QY2JC29Q,مصلاوي,8000033,779675,45,30
45,#QQQ8YY9Y,A¹ syria,8000049,776428,46,29
46,#2R8CJCCQV,☠️ULTRA.STARS☠️,8000029,758137,47,30
47,#2J8UGGL9Q,عرب ✌,8000013,756413,48,30
48,#VQ9PV82L,قوة العرب,8000003,750569,49,30
49,#2JPJPQJYJ,SYRİA,8000037,745829,50,30
50,#JYYJQL9Y,ITALY ACADEMY 2,8000029,738586,51,30
51,#Q2YJQYR2,Cemetry,8000004,734176,52,30
52,#9RRCVU9R,Lubo 08,8000023,734044,53,15
53,#290J0G02Y,Syria vip,8000037,727910,54,29
54,#2RPGYQLJR,Syrian SWAT,8000004,726848,55,30
55,#2J8CCGJJ,AL FARES,8000029,717470,56,29
56,#29YPJ20GQ,🖤kankalarm🖤,8000029,715409,57,30
57,#29VU02V2V,Gx Legends,8000057,710892,58,27
58,#Q20QVPRY,الصميدع🦁,8000023,708808,59,30
59,#2QJLLGQYJ,Mnorin,8000039,704561,60,30
60,#2PYVGVRUQ,THE SHARKS,8000029,703475,61,30
61,#QGRRUVJC,الأساطير ٢,8000058,685962,62,30
62,#29RVVRQPP,Me Elite II,8000036,684839,63,30
63,#92PJ2Q8V,TheUnitedGroup,8000012,682170,64,30
64,#2G9CYGRV8,Plaestine 🇵🇸♥,8000037,681572,65,30
65,#28PVR9QCY,👑العضماء👑,8000029,681232,66,30
66,#2C0VL2QUY,ملوك براول,8000059,674761,67,30
67,#2G2CCQQ0V,кайф кайф,8000037,673374,68,30
68,#2CQLJC2P2,صقور العرب,8000034,672400,69,30
69,#8GYU98PP,SYRIA,8000004,657621,70,29
70,#2C90P8029,VIP LEVI,8000018,654936,71,23
71,#2CGCLLYQ2,Serios .Yt CLAN,8000034,650901,72,29
72,#LYQU9228,⚔️الاساطير⚔️,8000036,638692,73,25
73,#299889UCY,طيظا/teeza,8000017,634152,74,29
74,#2Y9UY8PGY,مارشال دبل ركن,8000016,628228,75,30
75,#2LG9QJ20R,Г*У*С*И,8000042,623520,76,30
76,#290J00L9J,🏆ARAB SAFARI🏆,8000023,617370,77,28
77,#QGR02Y9P,G.O.A.T,8000035,613679,78,30
78,#2C2CP9YQL,legends|mjk🔥,8000049,612733,79,28
79,#2JPCJV0QC,The Incredibles,8000023,610628,80,29
80,#CPU0QV2V,syria star,8000006,597695,81,26
81,#20PY8LVYL,BRAWL ME,8000059,596677,82,30
82,#29JPLLQRV,🕯∮ЅΤReet KiⱰs,8000031,595806,83,27
83,#2CLGJCC2L,DOU,8000049,593034,84,30
84,#2JCU89VRR,إنتقام لأقوياء,8000025,587193,85,30
85,#YY8PLJYP,♥️ابطال الاردن♥,8000029,577272,86,29
86,#88UGQ80V,Arab Kingdom,8000029,570255,87,30
87,#2JURLJRUL,syrai club🌹,8000033,569590,88,30
88,#U0GQGLP0,STARS OF WARS,8000052,568916,89,30
89,#2G0PV2LQP,👑|ARAB|TOP|👑,8000029,567153,90,23
90,#2CP0QVPUQ,legends th king,8000037,558402,91,30
91,#QQJRQUYC,the legits,8000049,547306,92,30
92,#29R0PJQRU,1v3|Demon2,8000037,544225,93,29
93,#2JC09CV9V,dark side,8000004,543105,94,27
94,#2990RGC2Y,friend's Stars✨,8000046,535353,95,25
95,#RPJ90GG,SYRIA,8000004,527591,96,28
96,#2RP0RRYUY,النخبة{RAM},8000037,523261,97,30
97,#QVCLR8Y0,زعران إدلب,8000019,510943,98,25
98,#QLLC02LV,₩جيش الساواحات₩,8000057,505802,99,24
99,#8PRCQRRQ,نسور سورية,8000023,504349,100,30
100,#82VVRG08,L R Y 55,8000019,503409,101,29
101,#LV9V2GJP,Al Leaders,8000003,502685,102,30
102,#VQYUV2JG,سوريا,8000018,502351,103,30
103,#29QRCQ0PQ,✨👑ابتسم👑✨,8000029,499576,104,30
104,#GYYP2VR,سوريا,8000029,499032,105,21
105,#8V9VQJVP,سوريا,8000034,494740,106,28
106,#2Q9L8CL,heros,8000029,494466,107,29
107,#20P892Q2Y,Club league,8000041,490062,108,30
108,#YPP0J22Y,الرعد,8000019,488270,109,30
109,#2QRQPJ89C,اتحاد العرب,8000035,480116,110,23
110,#8C2PJY9C,Даня,8000053,479288,111,30
111,#LCJ0ULQ0,كرستيانو,8000037,478331,112,30
112,#22V88Y9JY,onanotachi,8000057,472219,113,18
113,#29LYLP0LV,OuTaKo,8000039,462547,114,22
114,#9U08RCJJ,سوريا,8000023,461614,115,30
115,#2CYYLY8Q9,❤️🔥S-Tier🔥❤️,8000056,460689,116,30
116,#2LRRG0YJU,صخر البركان,8000049,458783,117,17
117,#2PY8JJ0P8,شباب العالم,8000033,457160,118,30
118,#V8GL2JL9,SY LEGENDS,8000039,455182,119,27
119,#LGGUVGY,Syria alasad,8000012,449618,120,29
120,#2GVUC9PLR,basement nijjas,8000004,447717,121,30
121,#20QVVLGUC,نيران المحيط,8000057,441585,122,21
122,#22ULGRRGC,PRO GAMERS,8000041,437518,123,30
123,#LR2QRUP,Noobs,8000004,434660,124,30
124,#29Q0Y02UQ,NT |NightTeam,8000037,429490,125,30
125,#2JCV022Q9,CHS|TEAM🎭,8000027,428822,126,30
126,#29GYCQRJC,🇹🇷AK_DAMAR❤,8000023,423891,127,11
127,#P9CG8J8P,CR7,8000029,422222,128,30
128,#2GQVYRV8U,Me Elite I,8000057,418217,129,21
129,#28R0YPL0V,<c5>X Y Z O</c>,8000059,415678,130,18
130,#80RC2J2Y,أبطال سوريا,8000023,413743,131,18
131,#QJRLC8QC,arab brawl,8000016,407835,132,29
132,#2YGRJYYC2,brothers,8000021,407624,133,30
133,#28UUYJ02R,1455,8000045,404750,134,30
134,#2JPGCG9YQ,M A L A T Y A,8000046,403948,135,29
135,#28QYRRY2Y,꧁ᵀᵉᵃᵐ☯BOOYAH☯꧂,8000059,399082,136,30
136,#LLU0YUY9,ملوك الظلام,8000037,398568,137,29
137,#GPJ9Y8,Homs Life™️,8000037,396734,138,27
138,#2R0R0GQRU,tramadolplus,8000048,394777,139,19
139,#29GJLLJR0,munzer,8000057,386165,140,30
140,#29RCUJCPU,Me Elite II,8000057,384839,141,12
141,#2L8GY22VL,PROBEHE,8000023,381293,142,26
142,#RQGGGGG9,ابطال STARS,8000059,380650,143,27
143,#QJJR2YPR,𝐿𝐸𝐴𝐷𝐸𝑅𝑆✨,8000055,379262,144,29
144,#CLLPVRY9,Foksi[ ¦{],8000025,377468,145,25
145,#JRL89RQ,HABNIMRA ALWADI,8000019,375908,146,27
146,#28LCULQRY,Brawl Legends⚡,8000029,372954,147,14
147,#2R9PQYU0G,⚡LEGENDS⚡,8000037,370004,148,25
148,#20G2PUU8R,ALMAFIA,8000016,369972,149,21
149,#QQYQC08Y,فانز ون بيس😎,8000037,362124,150,29
150,#9GCRJLC0,Aleppo Skulls,8000021,358756,151,18
151,#2C20QCJPJ,Vereliin,8000004,355534,152,22
152,#2JJY29R0G,الملوك الألعاب,8000036,354455,153,30
153,#2YP2YGGG0,Death,8000004,353135,154,18
154,#2YVYRPQ8Y,FIRE MAFIA😎😎,8000037,352682,155,27
155,#2C0P22LCR,CABBAR_0,8000037,351838,156,30
156,#29CVJYYQR,000,8000011,348327,157,11
157,#29UJYYJP8,Alusuud,8000007,344925,158,14
158,#8Y2Y8P29,Syria,8000029,343117,159,29
159,#2QG2LY0U2,DARKNESS,8000047,343052,160,18
160,#220R9C,درع حماة,8000004,341736,161,30
161,#PGR9L9QR,سوريا,8000004,340873,162,30
162,#R9QYQVQ8,Adablim,8000023,340108,163,28
163,#922Y8UGL,Consortium,8000029,339528,164,26
164,#LCGG82U,الأصدقاء,8000055,338740,165,20
165,#2JYVV2UUR,Devils,8000011,338534,166,20
166,#282G2QJ2,سوريا,8000029,337312,167,20
167,#U2002LR8,KINGS OF SYRIA,8000025,337001,168,24
168,#8QQ9RQ,اسود طرطوس,8000003,332571,169,29
169,#2LGR8GLU8,اساطير العرب,8000019,331467,170,27
170,#CV0QPJLQ,😈اسطوريون😈,8000023,328794,171,22
171,#2L8LLRUP,علاء,8000022,328622,172,30
172,#2QU9RR9J2,꿀릿군단🍯,8000018,327376,173,30
173,#VQ2YC9QG,|★|ARAB|KING|★|,8000033,326564,174,21
174,#2J0YVU09J,\\BS//~Sevenler,8000049,324978,175,26
175,#JCPV08GQ,اسود العرب,8000029,323624,176,29
176,#29202V9C,MeGrez Syria 3,8000043,323403,177,24
177,#CQUQYG98,نسور brawl,8000048,322240,178,25
178,#L9LCPYV8,اس كي عمك,8000007,319928,179,30
179,#2CYGUQ2V9,🔥👑T-S-K👑🔥,8000055,319388,180,21
180,#VLLJLCQC,ROYALIST.SY,8000047,317318,181,25
181,#2PR00RJCL,SHG,8000051,316058,182,12
182,#288JYL2QQ,DRAGON'S,8000019,315131,183,16
183,#LUPGPYQ8,ALLAH,8000037,313770,184,30
184,#CR8GUYJ0,شام,8000058,313121,185,30
185,#902Y98VP,عشاق سوريا,8000003,312768,186,23
186,#RG9UYULR,الاتحادالأسطوري,8000056,310466,187,22
187,#99G2PG9,ExplorationCorp,8000033,309196,188,15
188,#20QJ0R8JP,سوريا,8000023,308260,189,14
189,#28GYU2LCY,ما بعرف شو اكتب,8000029,307993,190,14
190,#2802PQQJL,عرب,8000047,307606,191,30
191,#ULU9YY,مع بعض,8000037,307518,192,27
192,#P99P288J,Super Brawlers,8000018,307108,193,22
193,#VU2LRUCY,مركز القوة,8000057,306462,194,11
194,#LJL0J098,France,8000047,303019,195,30
195,#29J0QPL8U,Freephalastina,8000044,302338,196,30
196,#2GYVJL99L,𝑎𝑚𝑖𝑎ble|🤍|,8000059,301748,197,23
197,#2YPQCVU9J,الاساطير,8000023,299391,198,28
198,#J000GQQ,معلومات عامة,8000053,298792,199,23
199,#2JYYVUY82,abbascabbar,8000047,298506,200,20
