,tag,name,badgeId,trophies,rank,memberCount
0,#2J8C2CGP,<c4>VoRt2x</c>,8000032,1153149,1,28
1,#YLYQU0JG,Homestead,8000008,1097889,2,30
2,#2PCJQVURU,CM|Renger,8000055,683947,3,30
3,#QGURCRVR,Кольт,8000041,541228,4,21
4,#29UQV8V9V,阿力阿巴戰隊,8000010,524096,5,26
5,#2JCUCV89J,ℬ𝓇𝒶𝓌𝓁ℬ𝓇𝑜,8000022,494684,6,23
6,#29R0CVPP8,BRAWL STARS,8000027,422699,7,26
7,#Q8P8V2LG,고수 먹는 고수들,8000053,420940,8,1
8,#2G9L2V880,이동윤 최고,8000015,407325,9,30
9,#2YL0CGRV0,Phantøm Team,8000039,397416,10,18
10,#2L0PV99YP,嘿兄弟,8000036,379941,11,30
11,#2RYPVPQV0,Чика,8000014,376579,12,30
12,#28C9YVJQ0,kaktus je good,8000013,376536,13,29
13,#9PUC2R,los saxianos,8000004,345249,14,30
14,#V0Y8GVYR,Tanzania,8000037,331460,15,26
15,#29C0GCGY9,путь 25 рангов,8000053,326202,16,29
16,#2RRQRLPP2,DESTRA ITALIANA,8000058,314360,17,30
17,#2QGVU2QL8,Сфинкс,8000013,291031,18,24
18,#2R80VCRQR,харча,8000057,277856,19,30
19,#2JRCQR0PG,B-Jays,8000021,260611,20,15
20,#2089PY8RR,BEST BRÄUL,8000016,247228,21,12
21,#V228Q9,СберМобайл,8000029,246000,22,16
22,#2L9YCJY9R,окулёночек,8000016,244256,23,22
23,#2PVJ0QJL9,CrackedBrawlers,8000029,242967,24,20
24,#QC29PJPJ,per tutti,8000043,240609,25,28
25,#2R2UPGQQL,Fire,8000037,238999,26,20
26,#29C2CUGRR,012_майните,8000018,232751,27,25
27,#RL92CPQR,LUMYA,8000049,232675,28,30
28,#2LGVCV0JU,СДЮШОР 2010,8000029,231793,29,20
29,#2CJCL000,DaxYT,8000029,223263,30,23
30,#YJG889PY,Ryzhovye,8000004,217910,31,16
31,#9LL9QP2,HОМ0SЕХ,8000010,217288,32,30
32,#2YG98G8R9,🇹🇷TÜRKİYEM,8000006,214102,33,23
33,#2J09YY2VQ,skakasw,8000043,209859,34,15
34,#2Q88UVVPJ,мага пдпдр,8000025,207131,35,27
35,#CULRPJ9U,бро таим тим,8000022,203684,36,29
36,#QJ9P99L,Twiga Tz,8000055,203134,37,30
37,#QYCRCYR,sdown,8000023,202493,38,22
38,#L2J9U8UV,mamasonicos,8000057,197891,39,22
39,#298VJ0QVP,Ето Клуб,8000017,192456,40,13
40,#28U9QUYRG,Riverz❤️Team,8000023,192142,41,23
41,#892U9C8U,поззи,8000012,191035,42,24
42,#2G0VCPJQV,the cliff,8000039,190467,43,17
43,#2JGJLQ282,MAKSIMKA,8000039,181606,44,11
44,#22Y0UCUGC,равшан джамшут,8000039,179143,45,30
45,#2L2Q9YLYG,ихол,8000059,173718,46,29
46,#2QUJQLCJR,BLOCURILE ANL,8000018,173382,47,30
47,#22G28JPL9,🌵п а б л о🌵,8000013,172800,48,30
48,#29LLLPRCU,OSMANLI IMP.,8000014,172595,49,30
49,#29RQ88YVV,⚡<c7>Молния</c>,8000019,172512,50,17
50,#2928QGRQC,CODE OJ,8000007,171763,51,13
51,#28829V2L,Jorlanas TM,8000014,168300,52,27
52,#2Q8Y8RCC8,а4,8000007,166509,53,26
53,#2YP82JVJY,les tanzaniens,8000055,164613,54,18
54,#28CYPPCLG,Круть Амур,8000014,162499,55,30
55,#QLYVQY20,Said21,8000047,161863,56,30
56,#29099J0J9,YT|Colt imba,8000059,161265,57,16
57,#2YRGPGP9L,новый клуб,8000059,155139,58,28
58,#28JJ982LC,_DanilkaLand,8000057,152143,59,7
59,#PJVUCPRY,20 K,8000055,150274,60,30
60,#28P2Y0J9R,LCX 2.0,8000009,147592,61,11
61,#L2VR8PLJ,пися55,8000057,146300,62,17
62,#CYCYYPUG,Розовые деды,8000008,145860,63,29
63,#2LUGRUJ98,гнолоб,8000027,144790,64,27
64,#28JGL2GLL,club dei gatti,8000025,144385,65,30
65,#9V8J8YCY,بليزلا,8000059,143734,66,30
66,#2LY9GJQ8Y,РаСтиШки:¶,8000056,133898,67,17
67,#28QJ90JVP,Пони топ,8000004,133445,68,24
68,#2CJQJRPVG,🥵fogosos🥵,8000027,131770,69,12
69,#LVGVYJP,les brawlers,8000029,131571,70,3
70,#Q00L2UL2,NAVI АМИР 228,8000028,130133,71,28
71,#2QLVQR9GY,مع,8000021,129713,72,28
72,#2P8P222R0,Mr beast,8000005,127629,73,28
73,#8URLYYU,GROUPERS,8000022,127017,74,30
74,#R99GG88,маракасики,8000059,126249,75,19
75,#CR9VPV22,teams surge,8000000,124846,76,11
76,#2882UPV2V,kankalar,8000050,124657,77,29
77,#L9YCLCJ0,мы топ,8000059,124643,78,26
78,#UJLCQ9Y0,Black Brawlers,8000029,123599,79,11
79,#89CQJ2LP,OnePiece🏴‍☠️fr,8000036,122517,80,17
80,#20R0PVLCQ,[TM]TAYFA,8000055,121400,81,26
81,#29G0C80GL,Gaming Lounge,8000025,121068,82,30
82,#22C0PUUUR,шемки,8000000,121041,83,30
83,#9YJ9UL2U,BRAWLERS,8000019,121021,84,25
84,#290U2GRYC,Zielony Lipton,8000012,120036,85,29
85,#PP0YU2YG,윤건희,8000059,117850,86,14
86,#2YVC2LVYU,🌀👹НоРуТо👹🌀,8000025,117517,87,30
87,#2RRQ002LR,psng,8000014,116777,88,29
88,#28RGQ9G0U,CRS,8000027,114967,89,26
89,#2QGJ8QL20,gertip,8000057,114274,90,29
90,#2YP9ULQR9,yılmayanlar,8000056,113948,91,24
91,#2Q28YQU0P,BanDera,8000048,113162,92,30
92,#2CGYQ9ULV,SpaceSquad,8000002,112823,93,7
93,#2PPYJ99JU,내 친구만 들어와,8000053,111655,94,25
94,#CCQ28YLQ,IL106711,8000011,111120,95,30
95,#2J0YCGU0L,8-bit's Club,8000027,109853,96,10
96,#28CC9Y8Q2,dog god,8000044,109273,97,14
97,#2LVPLVRUR,кринбон,8000051,107096,98,25
98,#V0VLVGLC,BS|KiLLeR,8000033,106770,99,23
99,#VQ9G8U2Y,<c6>Fun</c>,8000025,104544,100,26
100,#2R8QP2UVP,牛奶糖牛奶,8000058,104094,101,29
101,#2CQU8GGY0,а0,8000045,103444,102,30
102,#YR09GVQ0,los fenix atrix,8000008,102268,103,29
103,#2Q98GU8LP,а4,8000009,100770,104,29
104,#20YC8RPRQ,абв56,8000016,99917,105,25
105,#28RVPPU2Y,10 000к.,8000003,97550,106,21
106,#YGULPLPV,Полевая кухня,8000049,97270,107,6
107,#Q9U89R88,KaraAmbar D.,8000016,97244,108,1
108,#8QGLPP02,man|army,8000020,95788,109,12
109,#R9YYLLP0,الساطير,8000029,93102,110,28
110,#29PYCYY2L,The best club,8000037,92662,111,16
111,#U8U0J9RR,крутие188,8000006,91887,112,29
112,#LJ2Y02CU,¡a reventar!uwu,8000018,91381,113,14
113,#VUVQ29UG,АРМИЯ НУБОВ,8000023,90989,114,30
114,#22CL8QQ02,LeOnIs and 95,8000029,90868,115,30
115,#2R2CVUYQ2,TeamHermess,8000019,90533,116,27
116,#2J89RYL8Y,Time to meet,8000035,90479,117,28
117,#G8CCC2J9,Школа бравла_:),8000029,88736,118,29
118,#CVY9QUJ8,Викинг,8000029,88458,119,26
119,#2JLCP0VUV,The last luxury,8000029,87666,120,17
120,#28VLQGRGR,EN İYİ.,8000035,87469,121,24
121,#VU9YPCYU,Bro,8000029,85610,122,29
122,#2C80LY8RY,Биго задница,8000010,84771,123,10
123,#2Y200CVG0,мейзо,8000022,81725,124,11
124,#2RJCPR9LJ,СМЕШАРИКИ,8000013,80090,125,4
125,#R099Y2LU,YouTube Денис,8000013,79383,126,30
126,#QC0Y8R8R,LazyPL,8000016,79109,127,18
127,#2LVVJPQRJ,500К,8000057,78270,128,8
128,#2LJCYPL2U,симейный клан,8000012,77870,129,29
129,#28CP9JRRG,ОТЧЯЯННАЯ КРОВЬ,8000057,77509,130,19
130,#2C9R2CLL8,KANKALAR😉👍♥️,8000023,76913,131,12
131,#20Q9LVCRG,Luderne,8000004,76800,132,4
132,#QLVLPRJ0,myd,8000021,76761,133,28
133,#URU98UG,Suss,8000028,76270,134,28
134,#2G22Q9LVY,СИЛОВОЙ КЛУБ,8000012,76070,135,3
135,#2LCVG2PCU,Танкисты,8000004,76051,136,5
136,#RPGPRUCL,АНТИ ДОНАТЕРЫ,8000016,75940,137,21
137,#28UC92PGC,MMA,8000055,75621,138,6
138,#2P08QRJUU,suze,8000057,75476,139,30
139,#2J9QUL8J9,waganga wa dar,8000016,74383,140,13
140,#CQQ09GC,WE ARE SHADOWS,8000029,73962,141,30
141,#2Q28JLPR9,Lukas,8000027,73189,142,25
142,#2CRURLY29,Cav Empt,8000055,71990,143,3
143,#228YRGU9R,kimsem yok,8000029,71641,144,20
144,#2LU9902GG,(убийца) TEAM,8000037,70357,145,10
145,#QGUQQQY0,Бойцовский клуб,8000049,70136,146,7
146,#CGVC099Y,ХиТрыЕ МоРТяГи!,8000023,69989,147,29
147,#29GCCCRG9,Академия GT,8000057,69774,148,23
148,#2JJC9GY8Q,За Спарту!,8000038,69498,149,19
149,#UVJJYJ9C,провилан,8000018,69290,150,7
150,#RP8RQJJ8,S.t.t.r,8000013,69221,151,30
151,#90LUG8J,clalou,8000016,67957,152,7
152,#2C22998RR,FC METEORITE❤️,8000019,67889,153,3
153,#2LGJUJ0L9,MoRtiS,8000025,66965,154,10
154,#22V0QGLRJ,Cracked players,8000008,66917,155,26
155,#R2RGRPQV,ХОЛДИК задонать,8000000,66138,156,16
156,#2LR920RP0,50k,8000059,66048,157,5
157,#L0PULGQJ,Кирил топ,8000052,65782,158,11
158,#2Q8GG0GQR,браво Старс топ,8000037,65293,159,7
159,#22VUGUGJR,podval,8000029,65261,160,5
160,#29C9PJJ89,3 ano E,8000033,64382,161,5
161,#2YL2LCQRL,Люди 44545,8000015,64270,162,27
162,#QCUJCYY,Patata Team,8000025,64245,163,11
163,#2RRY8C22G,Aniki🍓,8000043,63603,164,8
164,#2GLVYY2GG,скалапендра,8000045,63522,165,4
165,#28J90UVLJ,BBF,8000057,63298,166,19
166,#298J0V9UL,💫Night|Nomadsツ,8000023,61628,167,2
167,#2G88JRPCU,pepasik123,8000018,61626,168,3
168,#URCUGRVQ,читер777,8000007,61032,169,27
169,#2RJPJPCJV,The bot club,8000005,60859,170,13
170,#2RP009U9Y,CORONA SİNİFİ,8000004,60732,171,10
171,#2CR8LR0UL,THE CHAMPIONS,8000029,60365,172,8
172,#2RJGL9RC9,million from,8000037,60017,173,3
173,#228YR888U,злые тучи,8000023,59665,174,8
174,#2Q0RJ9Y0J,банДа амбер,8000028,59474,175,20
175,#2R998YPLL,🥥kakosiki🥥,8000005,59400,176,10
176,#20PCQVGGU,норм люди,8000010,58807,177,22
177,#2GPV9JPP9,albaner mit💸,8000000,58761,178,3
178,#J0GQCJ2G,гайнм,8000013,58582,179,19
179,#92098PU0,коля,8000039,58190,180,7
180,#2JL9U8GJL,welcome,8000029,58124,181,3
181,#G0LQ9JR9,strager thighs,8000024,58052,182,27
182,#29QY02L89,Showdown💔Kings,8000023,57965,183,3
183,#CJ80GQP0,BS Gang,8000020,57135,184,23
184,#ULRVPJL8,кадилллак,8000008,56630,185,7
185,#2JLUY980Y,Mulla club,8000023,56589,186,4
186,#VQ8VUGGY,Wasabi_CLAN,8000013,56368,187,8
187,#2UJ82CJY,girls power,8000025,55318,188,15
188,#292LVRL9V,moon,8000035,55118,189,3
189,#2LQLVYUGP,Angry dog🐶,8000039,53242,190,12
190,#CPU9L2VG,ЗАЛУКВА,8000002,53175,191,30
191,#2JRJU2YUU,горячие пельмеш,8000034,52529,192,5
192,#2QVJ2PRUG,Infernal Circus,8000037,52379,193,21
193,#2PLCVP8U2,PaytonLoser,8000007,52171,194,7
194,#298J2VCR9,БИБИЗЬЯНЫ,8000025,51481,195,3
195,#2JV9UVLGY,Kediler klübü,8000006,51058,196,2
196,#2QP9U298C,друзья,8000037,50609,197,3
197,#29U9LRV90,chlenZaNashix,8000043,50498,198,2
198,#2G8R8RV2R,дШалц,8000029,49431,199,3
199,#2JC9YVQCR,gamadril team,8000057,49296,200,6
