,tag,name,badgeId,trophies,rank,memberCount
0,#2JV0RVUU0,<c9>Bulls</c>,8000023,1005550,1,30
1,#G00L9800,<c0>REAL</c>,8000023,980029,2,30
2,#LQGYRQP,poops only,8000031,839691,3,27
3,#Q8R998LL,🇺🇦,8000029,759389,4,30
4,#29P8CUC2V,Club  #29P8CUC2V,8000054,657202,5,29
5,#2G20LQQ0Q,ислам,8000023,634569,6,30
6,#28VP8VQRP,blox fruits,8000049,572899,7,30
7,#GL82GR28,ThRclan,8000037,554687,8,27
8,#29YCLYCPL,VitalityTokelau,8000013,541129,9,29
9,#2920QV9PG,Regen,8000052,523671,10,30
10,#Q2LR8R9C,Ghg Clan /(Yt),8000023,490838,11,30
11,#VG2G20QU,Mordeczki VCR,8000014,488738,12,23
12,#2YL0J9YG2,realtopersy,8000056,432731,13,30
13,#2C2C9GL89,tabbonamok,8000019,424533,14,30
14,#2CPRPQVQG,LesZguegos,8000049,380332,15,29
15,#8LL8LCR9,Galegos,8000043,345428,16,30
16,#UUGC0JVL,Faw1x,8000025,342723,17,27
17,#28R8G9GY2,Токийский гуль,8000023,338116,18,30
18,#29GCJQ2RR,parówa,8000031,317173,19,30
19,#2GYL2GVVU,VALHALLA,8000006,310615,20,21
20,#28U2VJG0,黎明之光,8000029,310150,21,23
21,#QQ9GQCY0,KingCobraUnion,8000006,306830,22,22
22,#208082QQ2,KILLER INSTINCT,8000055,303965,23,14
23,#LQGRQJ2U,death bed,8000023,268879,24,12
24,#2LG2VR28P,𝓑𝓻𝓪𝔀𝓵💕,8000057,263613,25,22
25,#29PGYRGUQ,불쌍맨,8000000,257157,26,30
26,#RVJQYPQV,DALANA DALARIZ,8000029,240975,27,30
27,#VPQJYU02,BestFriend,8000001,236317,28,14
28,#YGQ9V8Q2,Clubd.Verlierer,8000012,233138,29,22
29,#2VRL000Q,행복한태권도장,8000029,232341,30,29
30,#UPV2JVGJ,СПРАУТ ТВ,8000023,227789,31,26
31,#20VGL90Y,KNGL Clan,8000017,224707,32,30
32,#2YJLCYPQC,vi fla se,8000029,221083,33,21
33,#28QVGV8JQ,скутера,8000039,218636,34,14
34,#2JQPUVUGV,Никита 226,8000029,214395,35,12
35,#9GLLQ29Y,strong 💪,8000038,214378,36,9
36,#LGLP8RY8,goedekipen,8000051,210734,37,29
37,#22PVYU0PR,Aspire🐧,8000039,208567,38,30
38,#28U2JC9LR,MaZaBooMSnыch,8000013,206884,39,14
39,#PYLYUC8V,GVMMVACADEMY,8000008,204072,40,24
40,#2Q98PR90R,NIKITOS,8000057,194424,41,18
41,#2GR8VUYVL,❤I più forti❤,8000007,193101,42,29
42,#RYRJU2Q0,MAXIMUM FIRE,8000019,189956,43,30
43,#208V0UVC2,italia,8000050,189784,44,29
44,#2GYYCU8J2,FlazyELITE,8000057,180964,45,15
45,#Q992JJL0,банан кик,8000049,180646,46,30
46,#9UGLQYY0,asmr boyz,8000017,172979,47,19
47,#2YV8JJ89P,Sp+i+k+e=Spike,8000005,172744,48,29
48,#2QYCR9UV9,kosovo clan,8000029,171661,49,30
49,#22YJLYRU2,Fr Tony’s Kids,8000010,162872,50,11
50,#YVLCUUC8,CANAVAR444,8000043,160933,51,28
51,#20CQ2YC2P,The Potato Gang,8000028,160706,52,26
52,#28U0VPU99,iilina6582,8000039,160685,53,30
53,#2CLP0LYQ0,free rangers,8000043,158738,54,24
54,#CL8QV99P,$3Joi 4iter$,8000004,156075,55,12
55,#2YQQGG0Q9,C. v. t. a.,8000025,153683,56,30
56,#U2CQLC0J,Enten,8000028,152126,57,27
57,#C9Q09GLP,банда ада,8000004,152051,58,29
58,#2GQGPP8CY,Rocks,8000034,151187,59,9
59,#2Q9GPPVUV,CITTA,8000029,149517,60,18
60,#2C80YQUGR,הבלאגניסטים,8000005,144495,61,30
61,#V98Q0C9J,POKEMON GO,8000007,144488,62,20
62,#2JGGPJC8R,это наш клуб,8000054,141836,63,30
63,#L2PGCY2Y,Uğurcan,8000055,140926,64,30
64,#VJ9UUV8Q,Die Tiga,8000022,140637,65,26
65,#2QVVYYCJC,🕊Asalet🕊,8000049,140307,66,7
66,#VUVRQUQQ,vinceremo,8000031,139020,67,30
67,#2LQQGJVRQ,ZIOMY NASZE,8000010,138497,68,30
68,#2Q2QVQ2J9,sucukspor,8000029,137777,69,8
69,#2LJUJ0Q0L,Зефирные Рабы�,8000029,137471,70,21
70,#2CRG2C0YC,Niceshot👹💯,8000054,137310,71,8
71,#RVJGQ8RR,HALA MADRID,8000038,135610,72,30
72,#LLUPL9PQ,I faze,8000051,134621,73,18
73,#9PVGLYRY,tuvieja stars,8000025,133507,74,25
74,#2QQLLJ9UR,Snooow,8000055,132205,75,9
75,#8PJQQJP9,海神唐三,8000037,131116,76,30
76,#29P92YRLP,geniolandia,8000007,130493,77,22
77,#2929989VV,andy et ethan,8000045,130179,78,18
78,#2PPJUG9R0,izOnly,8000059,129620,79,14
79,#VLPLPPPC,Der Nita bitte,8000024,128942,80,28
80,#28LUV0YG8,🐼Panda🐼,8000057,128028,81,14
81,#RYUJC2G,3KANKA,8000055,127991,82,24
82,#2JUCRP9CJ,balumbalumbalum,8000028,126704,83,30
83,#2LJGJGG00,Mavi Park,8000002,126582,84,15
84,#9J29JUU9,MYSTIC BLADES,8000053,126093,85,9
85,#2G0YP0YJL,TEAM GARRAPATA,8000059,124157,86,21
86,#VGG88R88,v.,8000057,123797,87,29
87,#2CPPU8CQ9,anos gang,8000018,122876,88,6
88,#U9C20Q9V,sysb,8000018,122817,89,21
89,#8G200G9,gang passi,8000013,121743,90,30
90,#LQQPV82R,เทพซา!,8000029,120948,91,29
91,#QQ29LPQL,old racoons,8000036,117741,92,6
92,#RPY2JJYY,Premiun,8000003,116433,93,29
93,#88VG82RY,I LOVE YOU BTS,8000001,115453,94,30
94,#CCQJVCY8,rrrrrrrrrrrrr,8000032,114585,95,28
95,#2089YRG20,САН САНИЧ,8000018,114080,96,27
96,#JJVGLPL8,sjd:),8000000,113819,97,28
97,#2LCJ8G888,Clube da galera,8000059,113622,98,25
98,#2RYC9GPCU,PSGbapoz🇹🇷🇹,8000034,113130,99,26
99,#2QC8RY8LJ,Лига клубов,8000029,111145,100,5
100,#2CJV9RY8V,Tokelau top. 1,8000036,111107,101,29
101,#U0QLC880,Mariettoboy,8000021,110867,102,23
102,#2P8JG92L,liuliu,8000027,108075,103,10
103,#202P92UPL,Najak club,8000004,107925,104,30
104,#2JVLJLVCJ,MU hace la VACA,8000037,107649,105,7
105,#YVUJ8L9C,поп ит💩,8000047,107239,106,11
106,#QCQPPVU2,월드연무관 합기도,8000032,106800,107,7
107,#28LPJGQLY,MMA|ICE|,8000037,106047,108,23
108,#2LPGQGY0J,@@$$$$$$@@,8000055,104543,109,23
109,#UVGP8YY8,I SPEZZA CUORI,8000003,102293,110,26
110,#2QYYPQ9LP,llкролиllсовыll,8000045,102146,111,12
111,#2PY0RJR8Q,Beste Menschen,8000029,101024,112,27
112,#G2C9Y2U2,тампонище,8000022,100997,113,5
113,#CY08UPC,Sonia Kebab,8000018,100747,114,30
114,#2R02QY0CL,加我們的戰隊就對了,8000035,100251,115,25
115,#R9LJ2JJ2,паскал 333,8000022,97864,116,30
116,#2RY9JLPCU,X Turk,8000052,97842,117,30
117,#22PYPYU99,Jeder der da is,8000019,97359,118,29
118,#29RUCQLR2,FENERBAHÇELER,8000055,97015,119,8
119,#QRRCLGLG,КЛЮТЫЕ,8000055,96676,120,7
120,#VPVV02CR,TREBORSITO,8000029,96199,121,17
121,#CGLC0RUQ,bizimkiler3162,8000029,95968,122,16
122,#VJ0VCLVV,🍪I Biscotti🍪,8000053,95041,123,10
123,#QC8LGQJQ,Димаш рулет,8000025,94984,124,29
124,#2Q0LLUVYR,誰でもきて！！,8000046,93783,125,16
125,#UGGQGY28,НЕФТЯНИК,8000024,93187,126,29
126,#PL208U2V,THUNDER WOLF,8000053,93100,127,23
127,#2JRGJVQG0,a short men,8000057,93061,128,8
128,#2QLLCRPJG,公牛,8000023,92792,129,9
129,#VVL9GV9L,Newelada🥀,8000049,92013,130,5
130,#LU2GYP0R,серый и владос,8000035,90780,131,25
131,#8V20G2LU,사이좋게지내자,8000029,90769,132,26
132,#2GYRGUQQQ,KARLI GECE,8000034,90213,133,6
133,#Q8LPJPLG,👻ппризрак,8000049,89742,134,23
134,#QUVCJ0Y9,화성모여!,8000019,89222,135,23
135,#PVQVRPYG,CLANHD,8000009,88861,136,7
136,#2GRPC9YJV,GG|bandit.☝️😎,8000029,88086,137,22
137,#UVQJG2JL,Rron,8000021,87662,138,29
138,#LUQRRQJG,HerŞeyVar 3,8000036,87122,139,14
139,#29C0JRL8J,paleciarze,8000018,86997,140,10
140,#2GY8YJQ8R,киберы 25,8000043,85866,141,5
141,#CCRGGJ0Q,GG✨,8000029,85637,142,7
142,#28Q2PU9PV,i pro,8000036,85342,143,23
143,#PRJJV8RQ,5학년2반,8000029,85181,144,12
144,#V22GG8UY,YT:YGT-BS,8000017,83491,145,27
145,#JV82PP0U,лилипупсы,8000029,82994,146,6
146,#2L9JU8YGU,laz,8000028,81832,147,21
147,#VJCRU8V8,ğınil,8000052,81727,148,26
148,#9CULC9VV,Poops only II,8000007,81395,149,30
149,#QYRJGY9G,MIKI PRO,8000003,80913,150,30
150,#222G90RPG,💔TT|Andreyy🥵,8000021,80549,151,5
151,#2G02PULUJ,Roddy reichtum,8000024,80501,152,4
152,#22YRQ22GP,ابطال الكون,8000029,79366,153,27
153,#2L28J0GYG,lesgitan,8000014,79286,154,10
154,#2LQYU2YC8,KIRALLAR,8000029,79251,155,6
155,#29CC2VJ8Y,01.12.2021,8000004,78444,156,2
156,#VPGQLQQV,INDIVIDUAL,8000005,78436,157,28
157,#2JLR0VRQR,DaNrEpR |Akadem,8000044,78187,158,28
158,#29U8V28VG,Die Demon,8000019,77567,159,26
159,#2RUJ2VJUJ,GAMER BS 📍,8000011,77332,160,8
160,#QYVP2V09,La leggenda 4,8000021,77238,161,13
161,#2C2UCLJ8P,jo13-1,8000012,77031,162,7
162,#809RVPQJ,BujkovciBoys,8000027,77019,163,1
163,#L8JGJG0G,Ben club,8000033,76827,164,6
164,#PYJJPRUR,LTC La Team Cc,8000049,76431,165,15
165,#JPCYYPQR,Team Cheso,8000013,76251,166,3
166,#2GYG9JJVQ,♠️♣️13 карт♥️♦️,8000059,75927,167,24
167,#J9V99C90,0 Pokale,8000018,75803,168,28
168,#20VVUJPG2,дольче милк,8000056,75632,169,16
169,#2PLVP0GVJ,Deadly 💀Crime,8000022,75619,170,14
170,#VPGYLCRJ,mmmmmmmmmmmmm,8000001,75165,171,6
171,#2CQYJVPLJ,велікіє сігмє,8000019,73519,172,5
172,#29CU0Y9G9,<c3>Academy</c>,8000015,73305,173,18
173,#2LV8UYQLL,오리둥잉,8000037,73116,174,2
174,#CGJYPL0Q,de brawl kings,8000026,72374,175,24
175,#292JLP0PC,1'C,8000023,71367,176,7
176,#LVL2800V,тик ток кароль,8000029,70745,177,30
177,#GYR28VR2,⚡Potterheadler⚡,8000019,69777,178,28
178,#2YQG29UQ9,😜😘🔥🤣,8000039,68598,179,14
179,#2YYUP92CP,LEO und Diego,8000057,68221,180,15
180,#2Q8UQLJ8Q,brawl pass,8000047,67932,181,8
181,#2JRV9Y82C,|BLOCHAMN|ZNP12,8000059,67655,182,21
182,#298VGCU2R,BKYF,8000006,67453,183,14
183,#C0RPG882,тяжесть,8000029,67271,184,28
184,#98JCGCQL,kızlar,8000025,67189,185,30
185,#2P8R2V2GV,ManBS,8000029,66253,186,8
186,#2C9Y90LC8,palle sudate,8000047,65816,187,5
187,#2L29QL0QY,KAYSERİ/TALAS,8000014,65810,188,13
188,#2JLGV29UV,Yenilmezler🤖,8000058,63998,189,22
189,#29CQ82J9V,TheBile,8000004,61822,190,19
190,#29JQ0PYPL,motobro,8000012,61321,191,6
191,#2JG2JYR0L,keksztejszinhab,8000040,60725,192,7
192,#CJ28VURU,LEGGEND4R10,8000005,60335,193,27
193,#2QQPRQ0UC,Kings,8000029,59514,194,27
194,#2CJJRJ9P2,gli scattiati,8000023,59207,195,9
195,#289QQ8PPJ,Леґа,8000026,59174,196,7
196,#222UU0JQL,Арабы,8000013,58127,197,6
197,#2G09CGLLU,DGF E SPORTS,8000037,57368,198,23
198,#2QQG9L0Y0,🥚🥚🥚🥚🥚🥚,8000016,55521,199,9
199,#22URYRLYY,pistike👍clubja,8000007,55365,200,23
