,tag,name,badgeId,trophies,rank,memberCount
0,#22VJVVU9U,CLUB LASHAB,8000016,1360777,1,30
1,#GU0LVPYQ,TUNISIAN ALIENS,8000056,1360709,2,30
2,#2G9J0VV9C,Paradise™,8000021,1343066,3,29
3,#VQRL8P2,Tunisian Stars,8000018,1222063,4,29
4,#PUL9JPQQ,TUN|LEGENDS😏,8000023,1178063,5,27
5,#2YCLCQJ8L,The Tunisians,8000037,1129527,6,30
6,#2RGUYYJGR,أبطل العرب,8000041,1096306,7,29
7,#2Y9QVJPJY,BLACK SHARK 🦈,8000033,1067555,8,30
8,#2LLLV2L9P,FT$ Division,8000037,1042359,9,30
9,#2YVL2GU8,tatto,8000029,1037546,10,30
10,#2JU9LU92R,mrz,8000023,1000860,11,30
11,#29QPRUG0L,(⁠✧STARƪ✓,8000014,966244,12,30
12,#2JRRJ9CUP,coming soon,8000053,956608,13,30
13,#LL9YPL9J,brotherhood,8000007,927524,14,30
14,#28VU9CP90,ليوردس Leordas,8000021,904234,15,30
15,#Q9YLVCL9,V.CLUB,8000037,903370,16,30
16,#2CP8J9Y8J,TUNISIA TM🇹🇳,8000036,895897,17,29
17,#2QVQ9V0CC,🃏THE JOKERS🃏,8000050,894643,18,27
18,#L8RUL9LU,Best friends ✨,8000029,888860,19,30
19,#29LJJQ9LC,🇹🇳تونس 🇹🇳,8000017,885488,20,28
20,#20C8YYVUC,Tunisian Eagles,8000053,878643,21,30
21,#Q9PCVVLV,✓clan tunisia✓,8000031,857349,22,29
22,#29RLR0VJP,ZB|ZABOUR,8000041,854328,23,28
23,#2CLPCYVYQ,💯⭐STAR_TEAM⭐🏝,8000018,854162,24,30
24,#29J8QPLQQ,MUSTANG🇹🇳🐎,8000000,841698,25,29
25,#2JGUYU0JL,ÏS|TÊÂM KH,8000055,830855,26,30
26,#QL88UVU2,🦊🍥NARUTO☀️🐸,8000013,811731,27,26
27,#QG9GPPRU,🇹🇳كان توانسة,8000018,801734,28,29
28,#L802YY80,Iam_Groot,8000045,797351,29,29
29,#8PL20UJU,Shinigamia,8000023,781215,30,30
30,#2GJ0PQRL0,Tunisian Stars,8000043,777247,31,30
31,#CJPR2U2V,seif,8000023,760960,32,30
32,#2CQYVC0UG,كفتاجي🇹🇳,8000004,750978,33,30
33,#2GJQ00PL8,AKATSUKI,8000049,746799,34,30
34,#R8L0QGCL,جيش تونس,8000059,746663,35,30
35,#2YRCVRPYJ,MagmaX,8000037,741950,36,29
36,#289RJRPYY,the power trip,8000004,726209,37,30
37,#2UVPPR8C,zmonki bouasba,8000029,717816,38,30
38,#29YY29L8L,عصبان🌶😎💥,8000034,712407,39,30
39,#2JJR90C0Y,Arab Ghosts,8000035,698880,40,30
40,#QQ82LQLV,*Royal,8000029,691757,41,24
41,#28YC0VQRY,شباب❤️وبنات,8000037,681927,42,30
42,#QQUC8YQQ,giga chads TN,8000038,676020,43,30
43,#QJY89RJ9,one_piece,8000055,674144,44,30
44,#QGJR8Y0Y,🇹🇳TUN|POWER😎,8000055,669901,45,30
45,#9UQGQ298,the 👌 best,8000033,667450,46,29
46,#Q82J8LJL,avanger,8000029,651786,47,30
47,#22RR89RPV,WHOLESOME SQUAD,8000047,649725,48,30
48,#2QV8UC9J2,Akatsuki_TN,8000037,646478,49,24
49,#2YPVQYJGV,NEW TUNISIA,8000037,643752,50,30
50,#2JVY8VQJ9,ARABS TM,8000023,614020,51,29
51,#2R09R2L0Y,Ligue des Clubs,8000043,609367,52,30
52,#2CL000LG0,Mondial club,8000049,599530,53,30
53,#29LLR8L9V,DC*|family*,8000006,585641,54,30
54,#2R82CGQLL,"""SHIROHIGE""",8000000,581150,55,30
55,#2JV2C2GLY,Fire Dragons,8000035,572324,56,30
56,#VJPY8CQY,¥ S H A D O W ¥,8000057,566062,57,30
57,#2LGPRL9LC,noobz,8000039,564050,58,30
58,#29CGUCP22,tunise brawl,8000029,557791,59,29
59,#2P9GL2U08,bazooka,8000057,552028,60,30
60,#2VJUC9JG,Mela Zeby Howa,8000057,550770,61,28
61,#2JP0PPY29,al 5o5,8000059,547035,62,30
62,#V8QGRJYU,The Universe,8000052,546894,63,29
63,#VYRLUYJ,Tunisia BAND,8000018,542009,64,27
64,#8UCQJU2,Sfaxien team,8000023,529608,65,30
65,#29G2CQ29V,chicha,8000023,529278,66,30
66,#29PLY2U2U,تقدم لا تستسلم,8000023,525777,67,17
67,#2C22U8P8G,Arab Stars,8000057,518559,68,29
68,#2JYJU92LQ,1018w,8000023,514969,69,24
69,#2QUYUQYRC,Momo yass,8000037,494006,70,27
70,#2JJPPRVLQ,Bizert,8000049,492261,71,20
71,#2GP90VJQC,MASTER MINDS,8000007,487258,72,27
72,#2JRCCQPLP,pasteque,8000022,483271,73,30
73,#2Q208Q2LC,شيوخ تونس😈,8000055,460280,74,30
74,#2CRJJ0Y2P,Tunisian Stars,8000018,454046,75,18
75,#2CY0Y2G89,GIGA CHIWAWA 🐶,8000023,453349,76,27
76,#QQ00VVJ9,plaza Turbo-Tn,8000013,450366,77,30
77,#JRY090P,francais,8000012,447583,78,29
78,#JGG990V2,boxeur,8000058,445211,79,29
79,#2R8GCJJGV,fulla,8000036,444611,80,19
80,#2CG0PYPCQ,أبطال العرب,8000029,434509,81,30
81,#2P8CUYCL,Tunisian bros,8000004,434073,82,23
82,#QRJVRU8P,STARS ♡,8000018,425986,83,30
83,#222QVUURC,EGY_PRO,8000049,424163,84,30
84,#8RG88G28,Tunisian-Stars2,8000018,423033,85,25
85,#2GLRLVR0U,👑ONE PICE⚔️☠️,8000016,420378,86,21
86,#2G8CPCCYC,DEATH NOTE,8000049,418030,87,17
87,#2JY9LCVP,ËSCÕ-BAR,8000004,417320,88,19
88,#29CCYR0QU,free palestine,8000053,416779,89,30
89,#QRV2P8R9,⚡TN_TEAM⚡,8000019,413438,90,23
90,#29JGPRRGJ,جنوب تونس,8000037,412790,91,30
91,#2L2LQYGQP,AYOUB FF 560,8000059,402420,92,30
92,#2LLUPVVGQ,المخمجين,8000059,398438,93,20
93,#20P9988YL,ملوك تونس,8000029,397072,94,30
94,#2YQQU82UY,oz stars TN,8000007,378785,95,18
95,#P9LQJVGR,[VIP]قرصنة تونس,8000025,373622,96,28
96,#2C8G0CCUL,mazyeskan,8000007,373545,97,30
97,#2JLQ22VCC,Tunisian Force,8000037,362740,98,19
98,#29LLYPL02,tunisia legends,8000057,359512,99,30
99,#2GQJU982Y,TN Zomra 🇹🇳,8000023,356070,100,19
100,#J92CUQV0,Brawl stars,8000022,351784,101,22
101,#QQPL9UCR,3D GAMING,8000023,347173,102,30
102,#QYQP2LU9,the pro,8000046,339382,103,30
103,#29CC9VPCP,القراصنة,8000050,339067,104,28
104,#2QCUC29J9,TUNISIA.TN🇹🇳,8000037,336574,105,30
105,#29JJJQUGC,UTCHIHA_CLAN,8000023,335410,106,25
106,#2J0PGJJ98,TikouX134,8000057,332944,107,27
107,#JYPU82LU,mmm bs,8000032,332835,108,30
108,#2CLQPR8CV,TN⚡FRIENDS,8000047,329497,109,25
109,#98YJPV98,أبطال تونس,8000029,326707,110,30
110,#29GRC2JCJ,lucino 🖤 v2,8000039,321952,111,30
111,#YUU2PJR0,TUNISIA,8000006,320837,112,29
112,#292PU8QY9,🕋المسليمون🕋,8000018,320404,113,30
113,#YG280ULR,awled el3am,8000004,311639,114,30
114,#20YYP2JVC,B.S tunisie,8000019,311529,115,29
115,#C0QP9R90,Tunisian 3k3ak,8000006,309920,116,30
116,#8YLRLPJG,HayaLast,8000004,306602,117,22
117,#2PLYRUY9,شيشخان☕,8000013,306286,118,27
118,#29J9C9VCP,TWM psg,8000029,304953,119,26
119,#2R298QRC0,crazy$,8000021,303145,120,30
120,#2YPU0R80C,جيش تونس,8000036,297135,121,23
121,#229L9YUJ2,QLASH|AR,8000027,295332,122,17
122,#VGC0VC80,Uchiha _clan ☄️,8000024,294090,123,16
123,#JJYC02UP,LPM Brawlers,8000019,293406,124,26
124,#2R00PL29C,Akatsuki,8000037,293340,125,13
125,#29VUG2,Yoga Pants,8000007,289841,126,24
126,#PR2LPURG,DR.KING,8000019,289435,127,29
127,#2RJQ8VC00,los andalos,8000016,289147,128,15
128,#8RJGGGU2,☆Royal_Tn☆,8000018,286732,129,19
129,#29GVYCCJ2,The Dreadnought,8000023,286572,130,18
130,#QVUY2GUP,🇹🇳تونس🇹🇳,8000019,286335,131,30
131,#2G929U9YC,\_(ッ)_/,8000023,285368,132,24
132,#2JLJCRVU2,ROYALS BUSINESS,8000014,280003,133,29
133,#GR889GCU,LEGENDARY CLUB,8000005,276583,134,13
134,#2JPP88JYG,PeakyBrawlers💥,8000004,275795,135,13
135,#9QYVJYJQ,[TR]<تونسي>,8000004,274603,136,15
136,#22LLR8229,tunisia force,8000006,274205,137,30
137,#LLQ889RJ,tunisie gaming,8000000,272687,138,30
138,#2QV9CL0UY,𝑲𝒊𝒏𝒈𝒔,8000036,271879,139,14
139,#2L2C0PLUC,vitality,8000057,266878,140,25
140,#P2R0YRG9,جيش العرب,8000029,266866,141,29
141,#2LY92JCGC,TN|CLUB,8000047,261444,142,18
142,#YJPU90UR,Nly○For•Boys|😎,8000019,260842,143,28
143,#2L2GU2RQU,BRAWL HUNTE🇹🇳,8000029,260655,144,11
144,#QG890UGL,❄TUNISIA SNOW❄,8000010,260288,145,25
145,#YV8YQVPP,TUNISIA MASTERS,8000037,259160,146,18
146,#2RP2QVLY9,Neroz-Esport,8000059,258705,147,30
147,#2YPCUCYQL,ARAB KINGS,8000047,257064,148,30
148,#QV82P9YU,TN. xd,8000021,256071,149,27
149,#2JLLL0CGY,Revenge,8000004,255320,150,11
150,#22JYQQJJ0,محترفي تونس,8000059,253736,151,17
151,#80VLVV29,el houwet 2,8000055,253646,152,26
152,#992L8090,marsa plage,8000029,253295,153,23
153,#2L280882L,brawl girls,8000011,249771,154,15
154,#LPJU9GL,أبطل تونس,8000011,248417,155,30
155,#20L28LLCJ,Cemre Solmaz,8000013,247801,156,27
156,#GQUQPC2Y,الابطال,8000034,247789,157,28
157,#20GPP0LU,MEGA TUNISIA,8000016,246592,158,29
158,#2QULG2V2J,tunisian master,8000055,244660,159,26
159,#QGY922J2,one piece,8000057,244550,160,25
160,#LRGVRC8C,الصيادون🔪,8000000,244528,161,17
161,#2YC0R9Y9U,T U N I S I A N,8000019,243341,162,29
162,#2JQUJCLCC,BOZO club,8000023,241976,163,30
163,#228J92JVG,Ami ECT,8000019,241736,164,30
164,#22JRG99PL,PIRATES,8000016,241591,165,30
165,#29G8RU0CU,les BG,8000029,241192,166,30
166,#P2V8GVJP,درع تونس,8000029,240724,167,30
167,#8VQ2GR00,tunisen,8000035,239854,168,30
168,#2QYRYGYRU,mortis мини игр,8000057,238960,169,19
169,#2JVV80VYJ,ابطل العرب,8000015,238915,170,18
170,#VQJ9PR29,Club TN,8000029,238658,171,25
171,#2G0UP8J9P,Los Bezos,8000019,236211,172,18
172,#2J0Y088U8,frikha,8000006,235842,173,9
173,#2PR8209UY,dark worrior,8000059,235643,174,25
174,#2G92GQLYL,😈THE KILLER😈,8000004,233315,175,30
175,#2PR0YCPGG,Brawl Tunis,8000021,232898,176,18
176,#2YJ9CQ28,جيش تونس,8000018,232218,177,29
177,#29R2GQLYJ,الأصدقاء,8000006,232011,178,29
178,#2PVCQV0Q2,BRAWL PRO,8000037,232005,179,30
179,#2PJ8P0VJ,Firestorm Club,8000007,231757,180,17
180,#2JCPC8PJV,Corrupts Heaven,8000042,231410,181,8
181,#QLCJVPL,one piece,8000016,228316,182,22
182,#VVQ2QV2L,7h amis,8000047,228185,183,13
183,#29P9QP0CJ,Real Madrid,8000029,227294,184,30
184,#LVLU08Y,top brawls,8000010,227133,185,23
185,#2Y8GVQ2QV,Swiss Brawl,8000000,225863,186,21
186,#JQC29UQ,tunisia,8000041,223406,187,23
187,#LVQPQ0QJ,الأساطير,8000029,223359,188,25
188,#2LPJJG28P,<c0>TRGame</c>,8000018,223354,189,1
189,#2RRUJRJ2,tunisian master,8000018,223300,190,18
190,#8Y088LUR,chleka bou sbo3,8000005,222084,191,22
191,#28PQGQYJR,The Black List,8000023,220329,192,19
192,#88URJRGY,❤️التونسيين ❤️,8000006,218722,193,30
193,#2GYVVJGY9,💔ßugͥFiͣxͫed🍯,8000057,218229,194,30
194,#2L8092QQ,♨️TUNISIA♨️,8000023,218110,195,30
195,#9CLYP2JP,BrawlClubStars,8000022,218062,196,15
196,#YVQQ0CL2,تونس,8000023,217952,197,16
197,#2Y8CGYYR8,team pro,8000023,217118,198,30
198,#2JQRQ0QJR,997,8000023,216592,199,19
199,#8R9RQCP,Tunisie GO,8000003,215840,200,16
