,tag,name,badgeId,trophies,rank,memberCount
0,#JYJ00Y9C,Turk<c7>Hub</c>,8000029,1236370,1,4
1,#2C0R22CG8,ghoul,8000035,972346,2,30
2,#8VGVYJUR,SUMKE ARMY,8000059,958079,3,30
3,#CP0QUPGP,ӨP_ᴹᵒʳₜᵢₛ,8000022,711453,4,25
4,#299JR0C2V,COLT🔫,8000037,654049,5,29
5,#2JJGUQJ2Y,Победа,8000029,636037,6,30
6,#299PR8RQC,zetBOYS,8000037,619100,7,30
7,#2GL0UU08R,MEGA EMPIRE,8000048,608951,8,29
8,#29RC8QQ9Y,PlayStrang,8000055,536289,9,30
9,#2C82P2G29,YENİDEN OSMANLI,8000004,507763,10,30
10,#2C9LPGC2L,TS|Turkey,8000038,490049,11,22
11,#2C2QPGJR2,FC DEVILS,8000029,481013,12,28
12,#2G0R9RC2U,лучшие друзья,8000029,445608,13,30
13,#2J8JVCR8J,ГАНГСТЕРЫ,8000057,429498,14,30
14,#2R08JYC8G,8 Бебра,8000037,425207,15,26
15,#28RY02URJ,gqgq,8000029,413784,16,30
16,#2QYQGQVUQ,ALİPARK,8000003,408224,17,25
17,#9LYCC08L,ЛЕГИ,8000029,379593,18,25
18,#2GY80RYVU,Frickin Menaces,8000017,366903,19,29
19,#Q9QQRLPY,Рады Всем,8000023,349593,20,22
20,#2CQ8V0JJ2,"""♥️”",8000023,346742,21,25
21,#9GRPVV9P,"der nita,poco",8000032,337703,22,23
22,#JCGL2YG,202BEST,8000029,329601,23,30
23,#2CY9Q8202,doug,8000059,328992,24,30
24,#Q0YP99RC,Aleksanprincesa,8000039,327827,25,24
25,#2C0PJJLJU,Жмыхнутые,8000047,325113,26,30
26,#CP8C2LVC,EDM Torrelavega,8000029,321918,27,30
27,#2LUJ8Y0JJ,™Призрачный™,8000057,321484,28,29
28,#2CPL0GPGQ,futbol fk,8000052,318288,29,30
29,#QCYR8VGY,א . א. נונימוס,8000002,311213,30,27
30,#2RVPCQ8RY,🕋Musulmany🕋,8000021,307203,31,27
31,#2082PJ2GL,100 Mb,8000015,304107,32,30
32,#QJQC9CV2,Шейлушаи,8000004,300057,33,30
33,#2RVCPYLP2,ТКМ🇹🇲 клуб,8000057,298779,34,13
34,#QP0RGYGG,Забавные Ребята,8000037,296178,35,15
35,#QYJVJC9L,DZ KINGS,8000023,293370,36,30
36,#QGG2CGRY,Mr.Beast,8000037,288359,37,26
37,#2C00282PY,АЙ ФУКА КАПАТОК,8000049,284068,38,30
38,#VG9YUR8P,протата⚔️,8000055,282886,39,30
39,#20YUUJ92R,TÜRKMENISTAN,8000049,278812,40,24
40,#2GUV2JRGV,LightOfDarkness,8000027,277985,41,21
41,#298P8CC28,code:csuszy,8000006,277815,42,30
42,#L08QGLGU,SON OYUN,8000020,274730,43,21
43,#28RGUVQLG,TM_FULL,8000023,274649,44,26
44,#22LGQGLPC,я незнаю,8000055,274374,45,17
45,#2G8R8VVPL,мы друзья,8000002,273980,46,29
46,#2GPV00L2L,73 ZAZA 73,8000010,272182,47,27
47,#YVUUL9GL,МСТИТЕЛИ,8000007,251307,48,23
48,#UGYCYRGR,TM ASHGABAT,8000008,251135,49,15
49,#2L9U0PQJP,layn,8000004,249364,50,23
50,#VYYP8U2,QUEENS SQUAD,8000025,246318,51,23
51,#2LVJYQURY,Toni bg,8000050,245486,52,29
52,#28UPPLV22,🇹🇷TÜRKİYEM,8000059,243679,53,30
53,#2CG2L2YVY,Ｍ<c5>Ｏ</c>ＮＡＲＣＨ,8000055,241209,54,28
54,#2JGCLPLJ0,ÇINAR ve baran,8000021,237250,55,30
55,#28CUUCLJG,Monster Squad,8000034,231313,56,29
56,#QQ28L800,клан для друзей,8000029,230903,57,25
57,#VJJ22YUV,🇹🇷TÜRKÜN GÜCÜ,8000037,230832,58,22
58,#29Y98UUVJ,Cameraman,8000014,227275,59,24
59,#GR820L8,ЛЕБАПСКИЙ КЛУБ,8000029,225823,60,29
60,#PGYUQQJJ,GALATASARAY,8000031,225642,61,30
61,#22RY0QCR2,TKM BET,8000029,222383,62,29
62,#29YUVGP9Y,City,8000029,220768,63,27
63,#288R8YUV9,Veletler,8000026,218864,64,3
64,#Y00LCJJR,TURKMEN STARS,8000029,218491,65,29
65,#YJ8QYLVL,Night Moon🌚,8000053,213986,66,14
66,#UR2VUUY2,П - ПуСтЫш,8000027,213518,67,29
67,#2GRQY98CV,ärrrrrrrrrrrr,8000046,213181,68,28
68,#QYUCYGGP,Мстители,8000029,211904,69,22
69,#2900QYPQG,PSG ESPORTS,8000025,210091,70,21
70,#28LR2YR8U,ronaldosü,8000059,209208,71,15
71,#2G0VV08YL,icani,8000004,209183,72,30
72,#28VCY2LRR,БандаТрофеевYT,8000029,208582,73,30
73,#2YPCLJVLU,Wir helfen öch,8000018,208381,74,26
74,#8P0LJPQ9,bayramowlar,8000029,205914,75,26
75,#2JRJ2LRVJ,BMW Mercedes.,8000023,204058,76,30
76,#2RGGC90UP,Sunset 🌇,8000047,203246,77,11
77,#2J9JUJVC8,sk's team,8000029,201683,78,11
78,#2LUJL8PQ0,OLDY,8000059,201423,79,14
79,#CCR890CU,LEBAP_N 1,8000029,200484,80,29
80,#9CV029GR,Real Madrid,8000035,199324,81,20
81,#J0R9JGUJ,Okul kralı,8000029,199166,82,30
82,#2G0L08YRG,A.I,8000005,197970,83,26
83,#29R9JCCVG,GG,8000022,197119,84,18
84,#2QVUG822C,KING OF KAHKA,8000029,196038,85,30
85,#2JC02UC99,Supra🤤,8000049,195655,86,27
86,#2P2V29RY8,Kalefer,8000029,194586,87,30
87,#28QQJR8J2,МОРТИС РУЛИТ,8000039,194572,88,30
88,#29GYPYU9Y,Крутые чуваки,8000008,193184,89,29
89,#28JLQYLCU,КЛУБ СИЛЫ,8000013,192204,90,25
90,#2QGLGJUQC,MAURO ICARDI,8000020,190766,91,29
91,#YJ98YJ82,Sevgili,8000035,190434,92,30
92,#2LJP0Q9UG,губочки,8000029,189775,93,27
93,#20PJCG28Q,OnurKRNZ,8000025,189172,94,30
94,#292GQ9QLJ,Fantasy World,8000010,189102,95,27
95,#QLJ0UQLR,SKI HAKCER,8000035,186969,96,30
96,#29QRY2Y2Q,& good &,8000023,186391,97,22
97,#299YV09YL,Lebap Mafiya,8000023,185655,98,29
98,#VG2GJ9CJ,Прати,8000011,184767,99,30
99,#2YUL0GUYC,Mortal Clan,8000023,184758,100,17
100,#9LLUCRYL,WWS🫂TEAM,8000023,184733,101,14
101,#29LQC9JG0,просветлённые,8000007,184353,102,22
102,#29998RPJ0,TCG EKİP,8000057,181186,103,9
103,#PLYJ92U8,дети интернета☑,8000029,180252,104,30
104,#U98YQU0L,TKM MARY #1,8000000,178922,105,25
105,#V9PCPGJR,Р - РеПоСт(2),8000023,178914,106,30
106,#YUGQ08CJ,GhoulsSssRank,8000007,178039,107,23
107,#2CPP9Y8V2,Крутые люди,8000009,177188,108,29
108,#QPY0PG90,КЛАН УЧИХА,8000003,177095,109,24
109,#2RVV2P8QG,🍋лимончики🍋,8000049,176528,110,12
110,#29JR0JV0G,PATİY,8000006,176156,111,23
111,#9LPY2PGQ,ТА[БЛЕТ]КА,8000018,175727,112,30
112,#898UC9CQ,Turkmenistan,8000029,175724,113,29
113,#2PV9PYLVP,aboven666,8000037,175537,114,15
114,#2GURCPPRC,Mach die Robbe,8000001,175442,115,24
115,#2QVQ2VQQQ,короче хз,8000004,175171,116,28
116,#2RJJ0VQJG,Avengers,8000037,174996,117,16
117,#22JRJ2CQU,топ игроки,8000037,171386,118,30
118,#28RQYQ0LC,Егор лав,8000056,171359,119,22
119,#282CU98V2,★ТуРкМеНаБаТ★,8000021,170707,120,30
120,#Q9UGR92Q,FAX_CLUB,8000037,169566,121,30
121,#YV08UUQJ,<c4>W1n</c>,8000023,169449,122,27
122,#GLC282CY,MeRCeDes,8000027,169309,123,27
123,#Q8UV22YJ,🌵СПУЙКИ🌵,8000013,168476,124,30
124,#222GYLQL2,no need,8000037,167213,125,29
125,#QQCR0QYL,TEAM MOLTSCHÜ 3,8000057,165408,126,30
126,#2C999P2YR,Legendaris,8000039,164069,127,16
127,#VP0RL0V0,Devler Kulübü,8000001,163734,128,29
128,#29JPP8LY8,𝖬𝗂🤵‍♂️,8000054,163558,129,13
129,#VVCV2P2P,мурави сасать,8000037,163359,130,9
130,#29LPLJR0U,Barselona,8000007,163131,131,22
131,#V8C2JYLR,ripoi,8000005,162925,132,13
132,#2LLY0Y820,B.K,8000032,162631,133,26
133,#2C9VRJQYP,1 EFSANE,8000029,162581,134,22
134,#299QYGVCV,[Пуф],8000013,162520,135,21
135,#8RQQCVG,Dota lod imba,8000029,162273,136,27
136,#22PCLUR2P,Brawl stars,8000053,162178,137,14
137,#YLQQJJUP,TKM BRAWL,8000013,161691,138,30
138,#ULUJ88GY,www123www,8000028,161177,139,29
139,#22V9VCY2G,legandary asand,8000021,161099,140,30
140,#2900VRU2U,чёрное пламя,8000029,160590,141,26
141,#28GJ2PJV,TURKMENISTAN,8000004,160392,142,30
142,#PLGC2YLR,Мортис,8000037,160165,143,30
143,#22VGPUC0C,BRAWL TKM,8000037,160009,144,28
144,#2922GG08R,Brawl,8000000,159891,145,30
145,#CGUCR9CQ,koksy puszek,8000029,159858,146,29
146,#C2PLJU09,яынорита,8000003,157869,147,27
147,#2LUQ8L2V2,Барашек шон,8000006,157118,148,26
148,#2JYR08UPU,ТОЛИК АЛКАГОЛИК,8000054,156321,149,30
149,#2JYLP8GUC,מ.ק קצרין,8000006,156073,150,29
150,#2RLUP2ULJ,łośin,8000031,153210,151,30
151,#8UYCGYQL,Шапка МАРВЕЛА,8000057,153154,152,22
152,#2090PRQP9,AMICI LEGGENDAR,8000059,152676,153,30
153,#29P0R8RUC,Клуб TheMadMax,8000029,151531,154,29
154,#2G00LPL9U,бобровая имперя,8000022,151500,155,16
155,#28GVQQRLY,кола 777,8000033,151297,156,28
156,#22GGJ0R0G,AFGM TURKMEN,8000023,151103,157,25
157,#2JCRU82G9,🐅PENÇE🐯,8000023,151075,158,18
158,#8LRULVCV,Lloresente,8000029,151054,159,27
159,#V2GRU2LL,pizzabagels,8000035,150955,160,22
160,#2L2P8LCQG,OPOllA Team,8000029,150431,161,30
161,#22YCVLRCQ,Соколовская,8000011,149211,162,29
162,#2JLC29GJ2,ASASINY,8000029,148235,163,30
163,#GV2V89LL,Tm Limited,8000017,147798,164,29
164,#22PC0JUR9,BRAVEL STARS,8000019,146123,165,13
165,#QYLGV0PJ,NEМЕШАЙ ГОРШОК,8000051,145837,166,8
166,#2J2YGYPPY,4_Crazy_4,8000025,145566,167,26
167,#LVR8URL0,octo dragon,8000045,145485,168,22
168,#V2QVY9GQ,ТУРЦИЯ,8000006,145309,169,22
169,#2PPC8LY8,m16,8000019,144868,170,30
170,#29L929U20,NEYMAR BABA,8000057,144037,171,16
171,#8QPQ0LVR,MIR4 young boys,8000029,143689,172,30
172,#CUYGC9GV,👑TKM KAROL👑,8000029,142437,173,27
173,#2CL28JLPY,Abejitas Reinas,8000029,142073,174,27
174,#QQ8RVYYY,Rivals,8000006,142032,175,11
175,#UU0RQC0Y,$Emil$,8000026,141951,176,23
176,#QPY88QYR,小吉利,8000046,141914,177,30
177,#228P99LCU,LSQ,8000033,141873,178,12
178,#90PJVG0P,Sew,8000059,141858,179,29
179,#P989J09C,brawl ustasi,8000025,141697,180,29
180,#20YYQU0YJ,Provocation TM,8000006,141072,181,16
181,#2220V88GR,皇室兄弟,8000029,140045,182,28
182,#28JQ8L9U2,Brawl Stars,8000018,140011,183,30
183,#P9R20YJQ,WWE,8000021,137743,184,22
184,#2R8JCGQGQ,Havi|ЛЮДИ,8000023,137218,185,20
185,#22C02Q9QG,BOZKURTLAR,8000001,136789,186,27
186,#2G8RQYRVR,Sesegel 2,8000059,136741,187,29
187,#220JJC8VR,Yolcular,8000023,136720,188,30
188,#QYVV8QLG,Осколки лезвия,8000037,135928,189,30
189,#2C9U22GLR,BMW i8,8000027,134705,190,23
190,#2G2RJL9UJ,العرب,8000029,134683,191,12
191,#2G0LPGL9C,BrAwL_StArS🤟🤟,8000018,134559,192,19
192,#2G0QJCU92,TR KANKALAR,8000029,134556,193,13
193,#P0L0RYRC,С.Б.О.Р.,8000016,134008,194,29
194,#CCULPV2V,DEAD,8000007,133230,195,30
195,#2R09J8J8U,nadav3765,8000029,133099,196,30
196,#2QVGL0JPC,аниме топчик💗,8000018,132811,197,30
197,#99UU90U,30нубов,8000004,132772,198,17
198,#UJYGRU0C,ПСЖ,8000037,132710,199,30
199,#V899G2VV,Atur,8000012,132460,200,22
