,tag,name,badgeId,trophies,rank,memberCount
0,#29RLQGR09,Diamond Gang,8000055,976566,1,29
1,#2CLCUQQPU,TurkeyChampion,8000006,851233,2,30
2,#29YGU29J0,Прошки,8000059,835770,3,30
3,#QQL2YGVP,Weed Maniacs,8000042,807098,4,30
4,#292Y0RC29,Jurasic World,8000057,787553,5,30
5,#2LJRQL288,BS|EĞİTİM KAMPI,8000029,755544,6,28
6,#2222CQ,neon gamers,8000019,734456,7,30
7,#VQLG9CGP,<c7>GOLD</c> UA,8000018,727813,8,30
8,#2989QYYC2,唐老大唐老大,8000022,656187,9,30
9,#CGLUQ2VU,os protetores,8000021,651228,10,3
10,#2CC2PY8RG,kumbara,8000023,586976,11,27
11,#VJP0YCRP,Brawl premium,8000013,545984,12,29
12,#2C8PPJ2YQ,ФАНАТЫ А4,8000023,518352,13,30
13,#RL0GL0P0,Asnieres,8000057,508574,14,30
14,#QVCUUYG0,铲雪花,8000018,494858,15,23
15,#LGG9R98V,Brawl Kings,8000030,494648,16,29
16,#2G022P2GR,🇵🇱PoLaNd🇵🇱,8000023,489204,17,30
17,#2RQYYJCGU,RSM Team,8000057,477420,18,28
18,#2C8P888QQ,Los pepes uwu,8000044,473077,19,29
19,#QJLV20PV,CEI MAI GROZAVI,8000029,444723,20,13
20,#2P2P0PQR,MATER STAR 5A,8000053,395621,21,30
21,#UJG90LVY,Ottoman eSports,8000023,390312,22,2
22,#2PQJ29RG2,D_r_e_a_m_,8000027,376149,23,23
23,#UJQQY98Y,kötü kedi,8000023,367139,24,30
24,#29J90LLRV,Bzm Geri döndü,8000036,351161,25,27
25,#209C8QULC,Дикие мамонты,8000029,350949,26,26
26,#29YVGC9PR,G.O.A.T YUNUS🗿,8000055,350595,27,29
27,#2G9CCJ9R8,Les Tigres,8000037,339520,28,27
28,#2288Q8GL8,Fang's Club,8000057,338443,29,30
29,#G292CRPU,Aber mit Sahne,8000029,330759,30,27
30,#290G9JP82,_Cyuцuднuku,8000004,321634,31,25
31,#2JLUYR0P8,BunnyCorp1,8000055,318196,32,10
32,#8R000CR,THUNDER SQUAD,8000019,317492,33,30
33,#2JLLPUJVY,bspopsiki,8000035,309136,34,26
34,#2GLVG9GLG,NÓR,8000025,301344,35,21
35,#C8JCPPUP,Team Solstice,8000004,278542,36,16
36,#2Q9JY8VLL,xgame,8000049,274137,37,25
37,#290Y9GG8Y,Anchovy/Hamsi,8000030,267089,38,29
38,#QYCP0PQG,POLSKIE KOKSY,8000023,264513,39,26
39,#29YY8UYLJ,Die Pros,8000039,263591,40,30
40,#2JQ0JG28R,JB,8000037,263371,41,16
41,#RY20L08J,SMK TEAM,8000029,262103,42,20
42,#2PVQ0PL9J,174,8000009,260866,43,20
43,#2C9CC8R82,MEGA KUMBARA,8000001,259897,44,30
44,#29R90G29L,Starpark CEO‘s,8000013,257130,45,14
45,#VR90UYPY,[zZz]BRAWLER,8000023,255664,46,14
46,#2QCJQRV9P,Barca prime,8000025,250908,47,14
47,#Q8RV8JYJ,batsssss 💙💛,8000058,244319,48,26
48,#28LG2VYYY,Berqs Club™,8000037,244029,49,23
49,#2GRV2P98G,я матвей,8000017,241640,50,29
50,#2LVJVQRY9,Персики🍑,8000059,239523,51,10
51,#2C9Y0GPJU,viva el 33 aja,8000012,232644,52,30
52,#89Y0GGP,Storm Troopers,8000039,232474,53,17
53,#2JGV8CUQJ,<c8>Mystic</c>™,8000039,228600,54,7
54,#20Q0UCQPP,TÜRKLER GELIYOR,8000027,226913,55,25
55,#VQ229VUV,sotamursut,8000019,226789,56,22
56,#2QCL0Y8QJ,Roncy,8000029,226120,57,30
57,#2QPLQRPL8,ПИПУКА ХА 2,8000037,225670,58,25
58,#28GQ8UYYU,KİNG POWER,8000027,225326,59,15
59,#200QV22JC,XHispaniaX,8000023,225298,60,28
60,#2G9J9JJRY,IS MORTİSH TEAM,8000029,222962,61,14
61,#UYUL9J2V,Arisona,8000007,222125,62,12
62,#JV29P9RV,те хто про,8000059,220583,63,29
63,#2C2LR02UY,:ANKARA,8000037,219757,64,23
64,#28R2Y0C9V,PROLAR VE NİNJA,8000034,214558,65,24
65,#28YGCR9LV,Самара,8000039,214535,66,11
66,#UULC08CY,AimBetterAndy,8000013,214067,67,22
67,#29YYVGGY2,AGALAR,8000000,213862,68,18
68,#2PJQCQVVQ,kerem_TR,8000037,213268,69,29
69,#2R8PYV8L9,Мастер и Опсос,8000047,210840,70,18
70,#2GGVQCPV,노코쓰,8000012,210537,71,28
71,#2Q22PY9Y9,testici,8000040,208968,72,30
72,#ULY88VCU,GAMONYA,8000018,203504,73,26
73,#C892YUJU,😈ПуШ рАнГоВ😈,8000029,201118,74,24
74,#2QLLPC0JV,noski-soski,8000037,199568,75,17
75,#20LCLQVJQ,ЗВЁЗДЫ,8000018,196126,76,30
76,#J8L29CCG,BRAWL-STARS,8000016,194488,77,26
77,#2CRVC0PV,hacker,8000023,193444,78,30
78,#29Q0JUPGP,MaRaŞeL,8000036,192482,79,29
79,#228J0VY88,EFSANEVİ ÇIK,8000029,192357,80,27
80,#2G0JCCGJ0,BM/BLACK MAFIA,8000050,190976,81,29
81,#20RCYPY9,Aura.Galaxy,8000029,189923,82,28
82,#2JQRPJY89,🔥teamfirepro🔥,8000037,189611,83,8
83,#20J0LRUR9,fırtına Ege,8000029,188596,84,28
84,#2GVY90G29,5OLLIES'RU,8000058,186988,85,8
85,#VPQ2VQUP,doberman yt,8000000,186784,86,27
86,#2JLUG88J0,ZETA УРА,8000055,185177,87,25
87,#2PRPJYCCC,yaprak,8000007,184912,88,14
88,#29CQ228YU,хелебушек,8000049,184398,89,30
89,#2L9QQRP9C,⚡Маквин⚡,8000011,184303,90,11
90,#2LP2VRJ9U,SkubiGangTOMBİK,8000012,183683,91,29
91,#222PR99VC,מלכים של ברואל,8000023,182269,92,30
92,#QLRJJVQ0,trio calavera,8000007,181116,93,30
93,#29YYR9LCR,profesyonel,8000019,181068,94,30
94,#29J902GC2,[selamünaleyküm,8000027,177477,95,19
95,#2YYRPR892,2vs🌍,8000029,175954,96,30
96,#8Y9CC0CG,amigos,8000059,175241,97,14
97,#UYRUGPL8,Asianyumyum,8000017,173641,98,30
98,#2JUQJ8J98,кабджуляо,8000043,173615,99,26
99,#GJ0802UL,Türkiyemᶫᵒᵛᵉᵧₒᵤ,8000025,172484,100,12
100,#PQQQYRYR,Yusuf kaan kere,8000023,171966,101,16
101,#2RGG900L8,6 г 😈😈❤️,8000037,170156,102,17
102,#889CLCGC,PEPINO S.W.A.T.,8000000,169971,103,30
103,#2Q0298JQ9,ULTİ | FARE 🐭,8000037,168581,104,15
104,#2YJRVG9YU,тут мои сабы,8000057,168205,105,26
105,#RGLR0PU2,-YS-,8000055,167948,106,30
106,#2YLJ0G9PG,7В Чурики,8000033,166216,107,14
107,#28U8GY8UG,Yeni dünya,8000050,166132,108,28
108,#2QC02J9PG,✌️ACIMASIZ✌️,8000032,165835,109,25
109,#L2L088CR,MORTİS AŞİRETİツ,8000038,164347,110,20
110,#2RJJRLJVR,Adi Şeytan 666,8000055,164210,111,29
111,#2YG2RR82P,NaPiM,8000029,163887,112,20
112,#Q2JL2C0G,ANIME ❤,8000014,163484,113,24
113,#UYPYYPL9,23GANG,8000049,163172,114,26
114,#22QJC2UGR,les geek,8000004,162961,115,8
115,#L8VCPQPU,ВОРОDEN.YT,8000058,162959,116,18
116,#G922GUQ0,Bros,8000007,162745,117,16
117,#2L9QP2RYC,аквер7,8000057,162020,118,18
118,#2CQYGCY92,Sanos o Insanos,8000029,161694,119,9
119,#2J82RYVRL,vorefla,8000051,161055,120,9
120,#PRJV2RUP,vs,8000025,160844,121,28
121,#2Q088LJUQ,yeşilada,8000016,160782,122,30
122,#2Y98G220Y,Dresden is Geil,8000004,159996,123,13
123,#9PQUYCV0,Артём Клявлин,8000023,159914,124,29
124,#29YU0Q8P2,420 BABOSA CLUB,8000057,159499,125,9
125,#U88UQ9VP,İLLEGAL e-sport,8000027,159271,126,18
126,#VQ2QQ2V9,41 baba,8000057,158804,127,17
127,#22RJPCRGJ,🌌Stars Sky⛼🌌,8000018,157743,128,12
128,#2RGJJ0V9G,CONQUISTATORI 2,8000014,157645,129,29
129,#2C2R90RYL,bs_legends,8000055,156313,130,23
130,#QCRCY9Q9,9-Elit,8000004,155361,131,12
131,#22LGPCUVQ,nicht streiten,8000048,155321,132,11
132,#V9LYJR8Y,JustSomePanas,8000000,154095,133,11
133,#28G8VV8C9,el pepeler,8000004,153762,134,28
134,#2R82YCY2V,lo juventino,8000000,152333,135,23
135,#20QY9Q9Q0,Ege Mert,8000049,152216,136,18
136,#29Q2RJRYQ,Uçan Janetler,8000025,151719,137,17
137,#9RQY8YCV,我哋大家都好勁,8000033,151389,138,30
138,#22L2LJGGP,kpa kps,8000003,150455,139,13
139,#92LRVJRU,HyroMeny,8000021,150443,140,12
140,#22J200P2G,PACIFIC RIM,8000049,150280,141,15
141,#LJJL9PPJ,Pinge Ponge,8000045,150257,142,30
142,#22UP8CJLU,FF ESPORT,8000049,148188,143,20
143,#2QYRYY9P2,🇦🇿AZERBAİJAN,8000049,147552,144,29
144,#2C2JJJQLP,ŞAMPİYONLAR,8000059,147215,145,12
145,#2Q8CPL8L0,VEDALAŞMAK,8000057,146603,146,3
146,#CVUPYLYC,:v,8000014,146326,147,29
147,#29LV9Y292,🇹🇷TÜRKİYE🇹🇷,8000055,145294,148,30
148,#GYU2Q0P2,entra rafa,8000013,144823,149,10
149,#29G89QQPR,SARI PARK CİTY,8000017,144605,150,30
150,#2CP9PCUJP,YILDIZLAR,8000018,143256,151,18
151,#28RCPV0JG,mespor,8000036,142420,152,16
152,#UL9QPQY8,Erich,8000017,142142,153,26
153,#2J2Q9QUPP,mettin,8000050,141471,154,24
154,#29JUPGGG9,💓💅💗🫀❤️‍🔥🥰,8000037,141331,155,26
155,#VC2UYVCU,Steluțele (:,8000018,141325,156,30
156,#2JQQC9RQQ,Rütbe,8000007,140980,157,20
157,#U0Y89VGL,efsaneler,8000029,140942,158,18
158,#VC0JPVQ2,дошраки😂,8000029,140449,159,26
159,#2G28PCLYG,afm binasi,8000021,139893,160,10
160,#C2VUGUPU,OSML MODERN,8000005,139810,161,26
161,#LU8PLL9L,YENİLMEZLERR,8000008,139414,162,26
162,#2Y2R888YL,ŞAMPİYON,8000055,139321,163,14
163,#2L0VQPVQL,SÜPER PROLAR,8000021,138950,164,29
164,#JVQVC9UL,Die Klasse,8000056,138755,165,21
165,#28Q00QG9P,OLD STARS,8000016,136746,166,29
166,#CCPGQ20J,★W E N O M ★,8000023,135382,167,29
167,#VGYLL9P9,Dayserrer,8000010,135353,168,22
168,#2LCVRCC08,🐀Tᵉaᵐ Re†͢͢͢rø,8000013,135241,169,3
169,#JY929Y8J,porno gøt,8000018,133888,170,24
170,#2PQUGQU2P,XS/Genezis,8000036,133679,171,8
171,#29GRPPC8Y,kankalar💙💙💙,8000023,133557,172,21
172,#QCJQRU0P,мурчашие ишаки,8000000,132462,173,6
173,#29G0VR0PU,Maintal Gang 💪,8000021,132141,174,19
174,#2GPRGQQPG,salami,8000034,130198,175,17
175,#29RGRPJ9L,TENERIFE,8000015,130034,176,30
176,#GUVV9PCY,Morskaя PISKA,8000029,129749,177,9
177,#GLCU9CC9,сто барли,8000023,129127,178,30
178,#C2Q8J9RG,개쌍마이워이,8000029,125858,179,13
179,#2G88VP8RC,Semih Kaşıkçı,8000019,125711,180,28
180,#VJJ0C2U9,ملگ الرعد,8000054,125610,181,27
181,#9J88G0G2,PTY,8000023,125517,182,29
182,#80LU08JY,çocuk adammm,8000057,124705,183,26
183,#29GP9U0PR,GEL BABAM GEL,8000023,124070,184,30
184,#280Q2CCR2,les challengere,8000023,123757,185,27
185,#2QL88VGUU,профи клуб,8000043,123647,186,19
186,#20VLCRVG9,SAVAŞ KULESİ,8000029,122677,187,30
187,#2YRPQJC,WEEDCLUB,8000013,122142,188,17
188,#20PU92PC8,🇹🇷TÜRKİYE🇹🇷,8000023,120797,189,26
189,#2JRJCY0VP,3125,8000059,120665,190,7
190,#298UL8URC,BIELORRUSIA,8000027,120205,191,12
191,#R8CPRL8L,🇹🇷|RAHATIZ,8000007,118995,192,26
192,#29GVV0Q0R,TurkishEsportS,8000055,118908,193,7
193,#2L080UL28,on s’en bas lec,8000055,118813,194,5
194,#Q98CVCCC,TÜRK IRKI,8000023,117734,195,30
195,#2G9C00UGJ,бомж кар,8000027,117728,196,7
196,#298R9QY8Q,Колетт,8000010,117202,197,28
197,#UGUYUQPU,MERCİMEK SPOR/x,8000013,116804,198,12
198,#2Q0QCC0P,Las Liendras,8000029,116715,199,30
199,#290YUY8L2,MEMO,8000022,116561,200,8
