,tag,name,badgeId,trophies,rank,memberCount
0,#RU9VQQUP,Army Of EMZ,8000018,1009989,1,3
1,#J0VJPC,LEGEND,8000059,982607,2,30
2,#2LY8LY9VC,Dark Brawls,8000059,835742,3,30
3,#2GJ89V2GG,Ghoul,8000004,688983,4,30
4,#2CG2VC9CR,BAD BoYs,8000033,658583,5,30
5,#2G9V2RPL0,FINALOKULLARI,8000058,636763,6,30
6,#2GGP8L2YQ,助養笨聰聯合基金會香港分會,8000057,571641,7,30
7,#UPCCQJR,KatsKlub,8000009,504720,8,29
8,#29880PUY0,Die baumschüler,8000037,498026,9,29
9,#2RRVUYVC2,ʜᴀʀᴅ sᴋɪʟʟ,8000037,453328,10,27
10,#LPJQPY8,Gucci G4ng,8000009,444611,11,28
11,#2RLYG99UV,Сыны матерей,8000009,421476,12,30
12,#2YCV8PQ20,мы пети,8000041,419613,13,19
13,#2GQCVCR0Y,dungeon,8000058,414960,14,28
14,#LVJY2JL2,XxTop|$tarsxX,8000018,412594,15,23
15,#PCG8CRLP,로블록스,8000034,402034,16,30
16,#2PR289VU9,OP Gamerz,8000037,390237,17,23
17,#8Y2JGGQ9,VOLL INEEE,8000022,355612,18,29
18,#2CJ98UVUC,UZB.LEGENDA,8000023,353126,19,30
19,#2LCY0YLVY,I Hate Niger,8000025,333820,20,29
20,#UYC8C8C,KINGS MEN♣️,8000029,333318,21,21
21,#2QCGLVV8L,Los Más Capitos,8000037,331452,22,30
22,#2CLQJ29PR,<c0>LID</c>,8000025,328505,23,30
23,#2LR8YLQ0L,Команда Лу,8000057,319903,24,16
24,#2R0YRQRCJ,анимэшники😜🤙,8000006,308822,25,22
25,#2RJ8Y9PVP,UauauaU,8000035,307639,26,24
26,#2RYC8JPPG,ebunegrov,8000013,305320,27,22
27,#2QGP2UU8J,Geniuses,8000010,297707,28,14
28,#U2G0LUPU,Экосистема♻️,8000037,295258,29,20
29,#2Y9J9V0R9,ARGAMASILLA,8000048,293030,30,27
30,#2YY0CCURL,kardeşler,8000008,285577,31,1
31,#2GJVQVU98,DonkBajs,8000018,284163,32,30
32,#289QQYLJG,AD|TEAM,8000050,282700,33,30
33,#20YPQVC2J,ProFox_Elite,8000013,281908,34,14
34,#290VVU9GY,гм,8000053,278159,35,30
35,#UJQUJRJ,Memesquad,8000008,277664,36,19
36,#2082P9G2C,Клуб,8000027,275793,37,26
37,#JRRURQQ2,UNDERGROUND,8000028,267442,38,13
38,#29JYPQVGC,марат и давлат,8000039,263909,39,17
39,#JVCUCQQ,wakaNda,8000059,263547,40,27
40,#R99V828V,COFE,8000016,261577,41,28
41,#2LGY0UR8C,YILDIZLAR,8000002,252917,42,30
42,#R9Y0CC82,амонг 111,8000012,251356,43,17
43,#90288Q,chori con queso,8000012,251182,44,27
44,#U992GGP,Картошки🍟,8000057,250903,45,10
45,#2C0L89V0V,mayoristasfruta,8000018,249456,46,16
46,#20JLG2CCY,крутые печенеги,8000049,249273,47,28
47,#98Y9G892,T.O.G.L.S.,8000049,247958,48,26
48,#2GJV9JPV8,объобышы,8000035,247415,49,10
49,#90GQUULG,парадонтоз,8000057,246703,50,11
50,#LU8QPY9C,MadaraYT,8000037,245712,51,30
51,#L2YUL0QC,[КСС],8000059,245094,52,14
52,#2CPJQCC0Y,Носок про,8000046,243582,53,30
53,#2Y22UG28P,семка топ,8000015,236058,54,24
54,#RPGLJR8Y,братики геи,8000009,235296,55,14
55,#20QGVC80,Skymin,8000003,234313,56,25
56,#VYR8Q0P,胖次,8000027,230777,57,30
57,#2CLVVV99C,96squad,8000042,226691,58,16
58,#UQ8LP2RR,LES ROI BRAWL,8000004,219887,59,20
59,#LCQL8JV,JEW92,8000029,219587,60,30
60,#9QGJ2UP8,укроп,8000020,219086,61,30
61,#2Y2RPQV8U,собаки,8000029,217921,62,23
62,#92R0U9RJ,UOIG,8000004,216899,63,13
63,#2LRJVY9YR,tao lapopilia,8000009,216690,64,10
64,#2P222GJG9,років 2.0,8000029,216273,65,23
65,#2R20R99PY,negrove,8000013,216136,66,24
66,#VVPQRY2Q,гей клуб даша,8000024,216086,67,16
67,#2R8YL9LRC,Гремлены,8000057,215705,68,12
68,#20L2Y2VUR,"генг ""Ладно""",8000003,214649,69,17
69,#2PJYCJ2R2,useless,8000039,214637,70,16
70,#2G8CL02VQ,玥礼周,8000014,212445,71,11
71,#28UVG009L,🔥DS_Team❄️⚡,8000059,210612,72,30
72,#VC0J298,Abusem£nt Park,8000004,210609,73,26
73,#22P9RUGCR,Stepan Bandera,8000031,210101,74,13
74,#8UUVQQQP,2 геймера,8000017,209827,75,27
75,#280RJC0U0,👿DS|Team⚡🔥,8000059,209168,76,15
76,#UCJCJQLP,•Dragon•,8000035,209041,77,16
77,#LC9Q0JJG,момомомомомомом,8000007,206590,78,30
78,#P2RJC2CP,DF,8000013,205409,79,25
79,#29J0C9G2J,писька бобра🤑,8000037,205354,80,30
80,#2J0P98QRG,Завоеватели,8000029,204946,81,17
81,#28UUQ0LJ2,два брата,8000057,203545,82,26
82,#29R892GRV,9а бомбилы,8000013,202120,83,13
83,#R0R22R0Y,сюда красавам,8000003,202083,84,30
84,#LQRV0GJ0,Дзябко пупсик,8000035,199561,85,19
85,#2CQ9Y8GY8,floresdearqui,8000013,198286,86,14
86,#90CC2VC2,HOYAAHHH,8000055,197784,87,14
87,#29C0JQG0R,SHIROFLAME,8000029,196890,88,30
88,#RU9CYVUP,Trap club,8000024,195587,89,14
89,#RRU29Y,hello,8000016,194927,90,27
90,#2YQLGCV9Q,biba sqd,8000021,194378,91,11
91,#29Y9ULPRR,Brawltastisch,8000050,192790,92,26
92,#290RUJQQ8,Ukraine,8000027,192500,93,26
93,#2LQQGG8LL,vkysnyy kisel',8000037,191302,94,14
94,#2GYJ02YGQ,БЕБРЯТА,8000029,188512,95,13
95,#298Y89UPY,莫提爱好者,8000054,188206,96,28
96,#Y2RLR9Q,hottokoley,8000029,186227,97,14
97,#2PYRVUYC8,bbml95,8000022,186166,98,30
98,#V9LUQJ2Y,FAN.STEF 2317,8000021,185381,99,26
99,#2RPJJQP0R,駒76かわちゅうスポーツ,8000003,185240,100,12
100,#LPCY99UJ,Dяdя Fedя👿,8000006,183851,101,27
101,#R8GLLU98,-ОДИДАС-,8000025,183716,102,22
102,#2GVUVVV98,TGM🔮,8000056,183484,103,9
103,#YU8GV8GV,АБОБУС777,8000027,183462,104,20
104,#2G0JGQUJ9,78SQUAD,8000019,183348,105,17
105,#QLLGVJYR,team lacasito,8000015,183029,106,20
106,#P8VLCLLG,yga,8000041,181898,107,29
107,#2CGLYCCCJ,6 в лучший,8000056,180460,108,17
108,#2YJGQLPPY,Gray Fox,8000059,180261,109,8
109,#UYP2J8GV,батятемы,8000013,179566,110,30
110,#2P88CY2VQ,Лук Лайк,8000030,178494,111,26
111,#29C8RQC09,ШАНС НА ЛЕГУ,8000018,178298,112,17
112,#GRYLGQL,Свиногенг,8000018,177708,113,19
113,#LGGVQRYY,Уважаемые люди,8000012,175706,114,29
114,#2GJ9GYL9L,BrawlHype,8000039,175411,115,10
115,#2GVJVJR80,F.R.I.E.N.D.S,8000013,175266,116,8
116,#28JJJ2C0L,КБ,8000025,173598,117,27
117,#QQ2V8J2P,огонь и друзья,8000033,172898,118,30
118,#V0RUCJYJ,Girafeyeeshroom,8000021,171326,119,19
119,#28GYQU0CR,суита,8000035,171114,120,12
120,#GV2JGC2C,CLAN PATERA,8000006,170899,121,30
121,#QJRGGY2R,крабудабики,8000035,170705,122,22
122,#YY2U9GQG,AXEL | YouTube,8000029,169969,123,8
123,#QR0YRULY,KANKALAR,8000001,169718,124,29
124,#2RYJ0CPRC,Лисий клуб,8000029,169194,125,10
125,#G9VPP8Y9,ДИПУТАТ,8000036,167445,126,30
126,#2Q2QCPGGG,acb,8000004,167244,127,29
127,#2YJPQ2RRP,снайпер убийца,8000048,167167,128,30
128,#2JJ2L2ULC,red's king,8000048,166968,129,10
129,#2GPG2GG2C,9Б,8000052,165569,130,11
130,#PRGG822L,Yao Ming,8000022,165243,131,13
131,#Q2YJJU,BossRiders,8000029,163893,132,28
132,#2P08UCPJL,king,8000037,163512,133,28
133,#CCLYVLY8,tungi team,8000018,162978,134,22
134,#282L9UJ2Q,Sami kozacy pl,8000029,162780,135,30
135,#2GR8PVYC9,UPI/Army🎮,8000007,162407,136,17
136,#C99JJLV9,goteoC90,8000019,162361,137,29
137,#2P0PGUVG8,Артур арсений12,8000000,161989,138,30
138,#LR08QC98,loliscuard,8000007,161952,139,24
139,#JY0JG0QQ,Бравл друзі,8000025,161949,140,27
140,#PLRP90V,Лалки из Киева,8000022,160911,141,16
141,#2YPPV0G80,профисионалы,8000049,160513,142,12
142,#YJRYLQPL,pro club,8000035,160111,143,22
143,#28UC0R8QG,тюлень,8000057,159711,144,24
144,#URP8QJGJ,zakazany klan,8000023,158547,145,21
145,#2G2LJ8UYY,B D S piko Dd,8000057,158111,146,30
146,#U8VR9VRP,777700,8000059,158005,147,28
147,#LP8UP0UL,БАННЧКА,8000029,157862,148,29
148,#2JPV9QUPP,QLS/SHKOLA 82,8000049,157411,149,8
149,#2UYCLV9Q,mythical club,8000009,157107,150,29
150,#ULL0J2LP,бомвыки 228,8000037,156625,151,22
151,#299QC20C,los dct,8000013,156373,152,28
152,#GCCP9PPQ,Dondurma,8000017,155867,153,9
153,#2PLRGPU2J,Dungeon Masters,8000017,155729,154,10
154,#8P2LYLU0,как как как,8000042,155722,155,29
155,#2G89GG9LP,Джон Джон1,8000037,155177,156,28
156,#QR00G0RG,Brawlers,8000018,154973,157,7
157,#2PPGQVJL,Киці,8000012,153325,158,30
158,#299R0R2V8,gs_,8000040,153011,159,30
159,#2RGPQQ0J2,топик,8000059,152743,160,20
160,#YL2Y0UCG,bahçelievler,8000018,152394,161,30
161,#2LJ8UYV8,stinky poob,8000013,150738,162,30
162,#2YPQRP29Y,big pensels,8000009,149802,163,27
163,#UL0LL9RC,хохоев тигры,8000021,149770,164,30
164,#J29G82GP,додики,8000017,149076,165,17
165,#20GLQC990,MTZ1285,8000004,148942,166,11
166,#CUUVJ09,BotoGang,8000007,148017,167,29
167,#2GUCUU9VP,LEON JOIN HERE,8000045,147009,168,28
168,#28PY0RP8U,K's Fam,8000048,146942,169,21
169,#2PU909VYL,troo SkilL😱,8000003,146710,170,30
170,#820RCLVL,ДОМИК МОРТИСА,8000021,145907,171,29
171,#280YQ0VPV,какието бомжи,8000013,145833,172,30
172,#28P2UGCYP,Anti pollution,8000049,145772,173,6
173,#8CRVL0LY,БебруляДобра,8000037,144858,174,29
174,#2GJU0PRPP,Tranquility🌺,8000007,143592,175,6
175,#29LR2YQ9L,BOSS•MAZAFAKA,8000037,143478,176,29
176,#2P2LV0GJP,а4,8000024,142937,177,26
177,#9C2L2RY,Iwota,8000023,141860,178,30
178,#UPP2QVR8,5_B meetcileri,8000055,141738,179,11
179,#LPCYCVYR,гей клуб,8000047,141635,180,30
180,#2LUJPP8CJ,light club,8000019,141103,181,16
181,#2JG0V0U0G,ОПГ:ГЭНГ БЕЛЫХ,8000059,139464,182,27
182,#29PQV88CJ,bsmarikbs,8000017,139236,183,28
183,#2Q8QL0PGJ,Жыгит Антон,8000016,139162,184,14
184,#GUYJU98L,рынок труда тех,8000017,138629,185,28
185,#VVJJ9PUP,Держава Леона,8000013,138073,186,18
186,#YGU2RYUQ,я 6(???)!!!),8000023,137181,187,30
187,#2GCVCUL02,КОМАНДА ДРУЗЄЙ,8000023,135729,188,25
188,#CRP8GLL8,Кальмарики🐙,8000006,135389,189,29
189,#UVLLQ2Q0,читера 9999,8000004,134886,190,23
190,#290YURLLG,SAMURAI,8000007,134725,191,17
191,#PRQY2UGL,кумапар,8000016,134711,192,27
192,#2Q89Q00,민수네 편의점,8000019,134456,193,26
193,#20UR9PJGL,SCP 234,8000028,133847,194,29
194,#8V9V2VUY,wmp,8000058,133349,195,21
195,#2JP0J829Y,Big siski,8000005,132988,196,11
196,#CQG2QVVP,CUKIPLESK,8000025,132895,197,11
197,#2Q22JY2G2,💚Myth Arrow💚,8000027,132723,198,10
198,#2RQ928J00,я Богдан,8000058,131786,199,30
199,#YJ9Q20C,DRAKON_228,8000059,131192,200,8
