,tag,name,badgeId,trophies,rank,memberCount
0,#2Q0P09LY9,Сидим в Руме,8000059,873262,1,30
1,#2C292YLLV,Ua Ninjas,8000011,829843,2,30
2,#22UCUV20P,Tribe,8000009,760727,3,30
3,#28G999LR8,Scarlet Agony,8000004,727133,4,30
4,#LLVGYQUR,NATIQE,8000057,708873,5,30
5,#VVLQ29J2,INTER UA,8000025,700382,6,30
6,#Q0LGQGJV,Linyola,8000004,684831,7,30
7,#2YU8L88QR,SHADOWS.OF EVIL,8000037,682754,8,30
8,#222GP8VC9,2 Inches Max,8000028,680420,9,29
9,#YRQ2QGR,The Indonesia ™,8000055,573476,10,1
10,#L9CGYCY,Hawaii 808,8000029,563198,11,30
11,#PLRCYGYC,withe,8000002,536282,12,30
12,#2GP9Q98YY,клан х8хлы,8000016,528532,13,29
13,#U0RLRLVG,Профі2000,8000012,506182,14,26
14,#2GYYJ200J,Plz join,8000019,478893,15,29
15,#28VLQVPV,Team Saint,8000021,476233,16,30
16,#QC9G0URJ,Infamousツ,8000043,428736,17,13
17,#2GR02VYRJ,Informaticos,8000057,425281,18,27
18,#9JGLQV,808 BrawlStars,8000025,405322,19,29
19,#2Y8YYCPQ9,ПризрачнаяБанда,8000057,373172,20,30
20,#2JLUYP8Y9,🌵ПАБЛО🌵,8000013,320969,21,12
21,#2JPC98QQ8,Los Mundialista,8000029,313232,22,23
22,#QPVGQUGY,thecrusher2020,8000004,303813,23,25
23,#20VJLPCLG,TEAM LN,8000007,272250,24,30
24,#2GJ0QLL8U,TDM,8000053,269667,25,9
25,#22Y8QYGLC,The Wave Riders,8000021,268087,26,23
26,#28C0RP9RR,Team Saturno,8000047,267162,27,30
27,#GRJY8YR9,the best gods,8000012,264598,28,30
28,#298Y9P0CY,devil hunter's,8000053,261032,29,22
29,#2QVCP9G2C,um…,8000007,258479,30,17
30,#29RPUV0VP,Infamous Altz,8000012,256422,31,29
31,#22LYUR2CU,Nastic FS,8000018,256077,32,3
32,#2YY8G9JPP,Pogchamp esport,8000041,254872,33,30
33,#R8QP0QYP,Ø§ MËĽHØŔË§,8000013,248188,34,29
34,#220R2RP20,전설 1개,8000000,237122,35,29
35,#L8J9PJ8G,МАЛЕНЬКИЙ ПАБЛО,8000013,232902,36,30
36,#29QRU8UJL,DOSTLAR,8000007,230349,37,24
37,#2G0RJG0VU,RUS Community,8000010,224548,38,16
38,#QY0PRUG8,PROFI 2023,8000023,220717,39,30
39,#2JQQ098GP,UM|EY🐙,8000035,220659,40,30
40,#29J8CY9P,LOL Timoxa,8000017,219260,41,30
41,#29YY9CQGG,PHOENIX THUNDER,8000053,215564,42,12
42,#2JVYURP8P,ᴘᴜʀᴘʟᴇᵐʸˢᵗⁱᶜˢ,8000025,206952,43,30
43,#LL8G9RYG,Puukukui Gang,8000003,206525,44,29
44,#RLCJJL02,⭐WINNERS⭐,8000029,202499,45,12
45,#20VGUQ2Y2,SADECE DAVETLER,8000027,200292,46,30
46,#QPJPJ989,für die coolen,8000032,199714,47,16
47,#2CR9G0RPR,광주 2-1,8000016,196364,48,11
48,#V9QP92RC,123321+-,8000029,192393,49,21
49,#J2PUPV0,LT Kaunas,8000017,192183,50,30
50,#2Y29LQRQ0,اhikavushi,8000059,191792,51,30
51,#Q2L0UQ8P,GEO,8000037,190383,52,30
52,#28QLPPJYQ,волчары,8000023,188844,53,19
53,#280P8G9QY,шлёпа!!!!!,8000059,188065,54,19
54,#9QU289GJ,STB’s,8000013,187351,55,30
55,#2GPLV9GUC,Alpha Clan,8000004,185572,56,12
56,#288RRVJ2Y,Team Rami,8000039,184835,57,22
57,#29QJJLLJ2,godoscala,8000030,180853,58,8
58,#298PPPVRP,TBB,8000059,179225,59,19
59,#2J2U2C2RR,Ankapark Çocuk,8000023,175831,60,28
60,#LC9QVUU,<c2>SUPREME</c>,8000023,174415,61,22
61,#QJ0GJUP2,lo pajines fc,8000038,171363,62,30
62,#CUYRCCJ,карона кароля,8000029,170867,63,23
63,#290Q82PRV,haha de pro,8000033,169873,64,30
64,#29VV22P0J,fc palme,8000017,169728,65,26
65,#2JU8VP80G,blueSky🍉,8000023,167585,66,29
66,#2RVRQRRC2,The Spiders,8000058,167080,67,16
67,#289UJQ2L,Hamijos,8000003,167036,68,29
68,#22JVGUVC,HAVOC AND CHAOS,8000000,166822,69,30
69,#80VPRR8P,Team FRETIN,8000026,164368,70,17
70,#2GRJP8LVC,чоко боко,8000057,162874,71,29
71,#2GRVGQY0V,🌊UnReAl🌊,8000057,160298,72,24
72,#CGLUG8J,Noobare,8000013,159684,73,27
73,#99J0JCGJ,General's,8000018,157495,74,17
74,#2G9PPY8Q2,TSVK,8000023,156815,75,21
75,#QC9GP22J,Семья Тубусов,8000049,153663,76,30
76,#2J0PC9PC9,LOJMAN STARS,8000053,152771,77,22
77,#29Y2RURLG,Szuper Csapat,8000007,151576,78,30
78,#JQ00YCYJ,красная молния,8000007,151511,79,23
79,#29L8GGV8Q,Brawl Masters,8000059,150935,80,11
80,#22Y9JY2UR,PM GAMERS,8000011,149568,81,29
81,#GUULQV90,bullying bulls,8000049,149169,82,21
82,#228YG9CC9,Berat Canbaklı,8000059,148257,83,30
83,#PGUVJUQC,Саша блоха,8000035,147444,84,29
84,#9JPVUCCC,The winner,8000018,146925,85,10
85,#2LUYJGU28,АУФ☝️☝️,8000021,146283,86,21
86,#2LGJ90LRL,The Cheesy Ones,8000006,145506,87,17
87,#229LRRRCV,ХЗ,8000035,145223,88,10
88,#8PG2JY0Q,reisler 😎✌️,8000056,144302,89,23
89,#2JUJYQR0R,Donat,8000000,143179,90,11
90,#V90V9CLR,ARCADE SZÀZAD,8000004,142163,91,24
91,#2QC000CLU,CR7 G.O.A.T,8000004,141594,92,30
92,#28JRRJ298,pyintraxgamer,8000031,140583,93,11
93,#2V2QVPRV,サッカー部,8000023,140554,94,20
94,#YGR2Q,808 ohana,8000033,140089,95,14
95,#2PYJPVUC,Mo-Town,8000002,138064,96,14
96,#29YJUGCU8,Die echte Beume,8000057,137120,97,12
97,#2YCJ8LYVR,DER EMBER,8000029,136035,98,20
98,#2JJ8V0JYY,The Goats,8000018,135204,99,30
99,#2JPU8U0VU,поззи это я,8000041,134366,100,30
100,#UQCVJGJ9,THE BROS,8000055,134302,101,29
101,#2G2G9L0YY,the brawl pro’s,8000052,133535,102,18
102,#2JQ9QJCJJ,Tobias und Mama,8000006,133202,103,29
103,#2098Y2RJG,hahamen,8000020,132751,104,28
104,#2C2G8JQC8,Команда муси,8000047,132594,105,23
105,#2JG8UY9CG,the bando,8000036,132174,106,8
106,#2JUUC9UR0,MOPTIS,8000022,131622,107,30
107,#2QC90PYQU,brown stars$,8000058,131604,108,12
108,#22VGG99YG,Wolfy's home YT,8000018,131165,109,25
109,#PRYC90CC,Gale's Club,8000057,128946,110,22
110,#9YG0VGY,ATASUKLI,8000006,126871,111,26
111,#2GU8U8P02,NAVI,8000003,126080,112,18
112,#YQ29YCV0,яро,8000029,125381,113,26
113,#QQJ9U8UC,JanikBroYT GANG,8000029,123713,114,18
114,#U2GUV0V,SvijetBanana,8000029,123672,115,30
115,#L2GPLJCL,superb,8000004,123404,116,29
116,#2QGLQQGU9,USTAKOZ,8000059,123125,117,14
117,#22UR9C9PR,Нек Ник,8000029,122558,118,28
118,#LPQQ2CL9,ванш,8000025,122415,119,30
119,#2YJ8PCV9P,GOODEN BOYS,8000037,122092,120,27
120,#22GUGY29R,Toxic🧪,8000059,122057,121,11
121,#L2209J8V,jamshid5896,8000008,121634,122,29
122,#J90QUVYY,Jajabok crew,8000055,121529,123,12
123,#VVQCYLY8,KZ|KLUB,8000018,121317,124,28
124,#CVGCQUQP,кроты338,8000029,119929,125,26
125,#2LUJY8VC0,KAYRA KERİM,8000007,118562,126,18
126,#2YQ98LUR8,Aze🇦🇿Karabah,8000027,118272,127,5
127,#20J0JPV8Y,BAHTİYAR,8000025,117109,128,26
128,#2Y89PC0P2,Наруто,8000035,116657,129,26
129,#2J2V9JV0V,Müq kankiler,8000016,116349,130,16
130,#2YPU298YP,spaik bro,8000013,116013,131,14
131,#2C9RLRP00,попа попа,8000004,115441,132,30
132,#2JG2CY8L9,Fungai Lupe,8000055,114687,133,27
133,#9R2L0QUQ,mercader,8000019,113218,134,10
134,#RQ0UL88V,After Dark,8000010,112652,135,19
135,#2029JLLCG,legendary zyni,8000013,112205,136,29
136,#28QYRL8J0,мы не сдаёмся,8000055,111060,137,27
137,#29QU98PL,REGIONS TEAM,8000047,110857,138,8
138,#2Q2C8U8LL,TKC,8000059,108526,139,12
139,#QQUGQYY,Teamo,8000006,108298,140,5
140,#2L8RLGLP,rrrrrraaare,8000022,107769,141,30
141,#2PVC8JLPG,Koma bilgin,8000055,107137,142,15
142,#PLQ2JYYQ,Педры,8000016,106796,143,23
143,#2000PQJ8J,АУЕ777,8000059,106635,144,30
144,#CL9JQJ2V,LUKAS PRO MAKX,8000029,105421,145,26
145,#2QPCPPUCP,6/G SINIFI,8000029,104006,146,11
146,#2QQGRQG20,Timoko V2,8000021,103579,147,14
147,#2PYGLYCQQ,зайкау,8000049,102960,148,26
148,#L82YC0R8,gamer@,8000004,102660,149,30
149,#20GQCQCVL,ЕНОТИКИ @,8000009,100848,150,5
150,#28PY20YVU,донатеры!,8000012,100002,151,28
151,#28U9J0PUU,kuzenleR321,8000007,99065,152,26
152,#VQPP8GR9,В кЛан🇷🇺😇,8000010,98452,153,29
153,#90PUVY2U,TNT-SQUAD,8000016,97029,154,22
154,#20Y2JY0UV,мої акаунти,8000029,96731,155,26
155,#2LG99QP8Q,J.K,8000013,96702,156,18
156,#RYPLYQGC,ТИК ТОК HOME,8000021,95996,157,30
157,#2GGC90U0Y,mindustry,8000034,95505,158,26
158,#2PU888L8G,Путь 10ка,8000031,94241,159,28
159,#90CPQGR9,Stink Kids,8000021,94206,160,23
160,#2QUVQC20U,я же не ты,8000029,93732,161,28
161,#2Q8VV8Q2P,Wellocke,8000033,93609,162,16
162,#CUL9PP8P,Abdul,8000003,92976,163,18
163,#2L9UQCRRR,ХУДШАЯ ИГРА,8000008,92005,164,6
164,#20LPR0990,барлр,8000029,90350,165,28
165,#2YP92UVY9,BRAWL ITA,8000029,90058,166,6
166,#28J8Q2RVJ,приколур 2.0,8000001,89904,167,22
167,#2RPJ9QQ9Y,OREO,8000029,89773,168,15
168,#2GYQYGUQR,SHADOW MUSHROOM,8000059,89063,169,9
169,#2Q2RYYUYR,Joooooooooooooo,8000016,88953,170,13
170,#YVQVCRCQ,мой,8000035,88711,171,8
171,#YC22YVLU,🔥the ⚔️beast🔥,8000059,88553,172,24
172,#2G0YYRUUC,(zafer) Team,8000046,88309,173,8
173,#29LJ0C0LJ,LOSPOLLAS,8000010,87954,174,10
174,#VJ222RRG,Сириус,8000010,87923,175,14
175,#RVVVVQQ0,майор пеин,8000012,87813,176,27
176,#28UJJJYUQ,Gummibär Nita,8000055,87289,177,10
177,#LJG8GRVQ,kamino,8000004,86580,178,25
178,#22LJVU9J9,дан л,8000006,86566,179,28
179,#YVVVQV9Q,клуб про,8000027,85516,180,7
180,#20VYU9C2Y,궁예가사는한반도,8000016,85104,181,15
181,#20GCQC2LQ,С_НОВЫМ_ГОДОМ°,8000053,84711,182,24
182,#2PP8GYG2G,ссрр,8000024,84582,183,28
183,#2PP8CL2R0,4 А ТОП,8000013,84573,184,17
184,#2C9VGU2R2,pablos😈👻☠️,8000035,84363,185,3
185,#2PP0GP9L9,неге,8000027,84205,186,29
186,#JJ9JJJGU,вапа ма о,8000002,84084,187,29
187,#VVYY0PRR,Brawlers,8000049,83650,188,15
188,#2QC0Q2UG8,Lightning,8000007,82942,189,30
189,#VV299R99,Mach Kein Auge!,8000007,82814,190,26
190,#LL2VUU2Q,retret65,8000009,81714,191,7
191,#2RVYV8PJQ,TÜRK GÜCÜ 🇹🇷,8000034,81497,192,17
192,#2R8L2VPYY,Лоли Неко Трапы,8000041,81241,193,8
193,#2R0Y02UP9,",🏦🏫🏦🏫🏦🏫🏘",8000057,80618,194,6
194,#P9UYQ0QG,서연준,8000016,80563,195,28
195,#28V8Y0GCU,fly club,8000007,80544,196,4
196,#Q990P2JJ,лютиє чели,8000007,80291,197,10
197,#2GL88RG20,Наховцы,8000012,80097,198,6
198,#29L090GV9,шавель,8000005,79760,199,27
199,#2YYYUYULU,ЗаХоДиТе🙏🙏🙏,8000029,79544,200,29
