,tag,name,badgeId,trophies,rank,memberCount
0,#2G0UCPY80,Бурый Медведь,8000021,4026898,1,30
1,#2JRCV20JV,<c9>ゑRAVENゑ</c>,8000023,1650272,2,28
2,#22UL0V2P2,Diamond Crew,8000055,1645244,3,29
3,#288L2UVUL,OGANG,8000029,1628292,4,30
4,#229R9QJ2G,YlFAN :),8000039,1626555,5,30
5,#2LGQPUR8R,The Hideout,8000059,1612304,6,30
6,#20LQGRUPG,Dynas Diner,8000037,1525391,7,30
7,#28UJU9GP2,SpenLC Youtube,8000035,1480762,8,30
8,#2GGJ9L9GC,New Eden,8000032,1474928,9,30
9,#28P9Q000Q,SuperStarS,8000018,1473526,10,28
10,#29PLLC9VQ,〤<c1>RAVEN</c>〤,8000055,1473229,11,30
11,#2YUC0G8CC,Xtra Dark,8000031,1471334,12,30
12,#PJVC2PUG,Fast Fights,8000021,1464559,13,29
13,#R8YY282Q,Piff of England,8000013,1444950,14,30
14,#20RLLQG08,Brawlers Dream,8000006,1426827,15,30
15,#298JGQJ8C,<c7>ボRAVENボ</c>,8000049,1423803,16,30
16,#2CL0U9RP9,PRESIDENT,8000021,1423625,17,30
17,#2CRYV22JV,RCN|Esports X,8000023,1411085,18,28
18,#2CJUL8PCU,<c5>Dogs</c>,8000059,1405042,19,28
19,#2G29YR2C9,DJ & CO,8000059,1401797,20,30
20,#2GPCJVRRQ,Mystic Esports,8000053,1397784,21,30
21,#URGURL00,The Hideout²,8000059,1363802,22,30
22,#2J8YVUURG,YT Composure BS,8000055,1363284,23,30
23,#28LRLRGVL,Brawlers,8000023,1361613,24,30
24,#2GJ2LLR2L,Twisted OG,8000003,1355339,25,30
25,#2CRQQ8G8C,TTV Kingsebi26,8000005,1334767,26,28
26,#2JJR22UUP,<c6>望RAVEN望</c>,8000039,1334501,27,29
27,#QRRU9UYQ,Dank of England,8000013,1330988,28,30
28,#2R008G888,Ancient Gods,8000016,1330113,29,30
29,#8UY82JP9,Ancient Origins,8000016,1328790,30,30
30,#QC2VQRPY,OGANG ELITES🔥,8000046,1328666,31,30
31,#VVLC2CP9,Dominant UK,8000021,1327631,32,30
32,#2Q9Y0V2Y8,Brawloholics,8000004,1327494,33,30
33,#2GGGYY02J,The Crown,8000029,1325028,34,30
34,#2QQYP0099,Fuzz|Reborn,8000012,1323794,35,28
35,#2JQCJR0RC,☘️|Clover,8000044,1316814,36,30
36,#2C9RJP92L,CarnageGame,8000008,1316265,37,30
37,#2QVUVC00C,Titans Hera,8000029,1312238,38,30
38,#CCRQYQRQ,Pelagos,8000021,1310014,39,29
39,#2GC9JY0QG,The Ducks Life,8000031,1309053,40,30
40,#2GQJ8CGLP,FF | 2,8000008,1307849,41,30
41,#QRVJGYVV,Kukies,8000048,1306776,42,30
42,#9LL9QL,Dragons Flames,8000037,1306236,43,29
43,#2LYP88,Brawlerz,8000046,1305946,44,30
44,#22VJJC2PC,Dovahkiins,8000052,1303309,45,30
45,#2Q0GYJ2YP,MikachuArmy,8000023,1303139,46,30
46,#2R9P2Q2Q8,14|Hollow,8000025,1296828,47,26
47,#2Y9JU8UCJ,Eagle Fang BS,8000045,1293137,48,30
48,#2G2GY9PPG,<c3>Jheez</c>,8000027,1288894,49,30
49,#2QRR8Q8V9,Perd<c8>u</c>,8000010,1288824,50,28
50,#2R2QRULLP,SmokeOfEngland,8000045,1288477,51,30
51,#2Y08JL2,Ancient Gaming,8000016,1286852,52,30
52,#YJ2LU2GR,CMG Ravens,8000029,1281820,53,28
53,#9QVG02P0,RPG Torpedo,8000036,1281088,54,30
54,#2LVC0888U,Gyro,8000027,1280342,55,30
55,#289LQ98,King Brawlers,8000059,1279087,56,30
56,#2G8GGU2CG,Support Team 2,8000025,1278517,57,28
57,#20URJVG0G,Aphelion UK,8000041,1273913,58,30
58,#2GGLV2P98,Born2Brawl|EU,8000027,1270779,59,30
59,#2JYU0LR0V,Sons of Tŷr,8000023,1266829,60,30
60,#2GLPLQ0C2,Akatsuki,8000010,1258688,61,29
61,#JR2V8L0C,Shrek Squad,8000013,1254630,62,30
62,#LJQYY9,Opsters™️,8000055,1248728,63,30
63,#2J9JJ989R,<c5>Magic</c>,8000032,1247224,64,28
64,#20CGR9PJ9,Nitty comittee,8000020,1246835,65,30
65,#2JRC2J8LR,✨Commonality ✨,8000053,1245945,66,25
66,#29P2C0LQJ,SuperStar2,8000052,1245421,67,29
67,#2GG9P8J0R,LastLegacy,8000023,1244897,68,30
68,#2JG9CVJUR,Emerald Crew,8000027,1240710,69,30
69,#U28P90UP,Colts Crusade,8000037,1239679,70,30
70,#2Q22PUQ9Q,flaming phoenix,8000059,1237903,71,30
71,#CRGR9J,Funk Fighters,8000008,1237008,72,29
72,#2JUVRLQQ8,<c5>Zenith </c>,8000052,1235930,73,30
73,#PJR8G8R,mike machinees,8000057,1231811,74,30
74,#QP2QPGPQ,Map Maker,8000018,1231540,75,30
75,#29GJYY282,Yeet Gang,8000018,1230939,76,30
76,#2GLLL8GYC,Pattern Gang,8000043,1226855,77,30
77,#298J8PYR2,<c4>をRAVENを</c>,8000003,1226695,78,30
78,#8LQGCV0Y,Aftermath UK,8000037,1226423,79,30
79,#2R08JG0Q9,FISH N CHIPS 2,8000057,1226256,80,30
80,#299JPP8QV,<c2>ネRAVENネ</c>,8000023,1225341,81,30
81,#2P80QGJUL,Fan Club,8000007,1224742,82,28
82,#22CPV9GPP,<c9>Jheez</c>,8000023,1218807,83,30
83,#2R0LRULGR,Legend Has It,8000037,1213067,84,30
84,#2PY2UR0UU,empire of elite,8000020,1210836,85,30
85,#2GRV0VLG2,London Living,8000008,1210333,86,30
86,#2GC29RQLC,WkdIsGood,8000023,1210292,87,29
87,#2RG2QPPY0,Right Hand Men,8000032,1204381,88,28
88,#2J9YRJP2P,UK’s Immortals,8000023,1203555,89,30
89,#2Y88R2QC9,The Awakening,8000003,1202472,90,29
90,#VCJ9RYJQ,Mortis Mortary,8000008,1198948,91,30
91,#2J92JR,Khalsa Force,8000003,1198407,92,30
92,#2CPQYV0VJ,AE Royals,8000025,1194154,93,29
93,#22YCPVLR,Apostles Creed,8000023,1194113,94,28
94,#2J2GG9080,Deserved,8000022,1191183,95,30
95,#299Y2RR0P,primo esports,8000027,1190088,96,29
96,#2JJYYQCLU,Wanderlust,8000034,1189576,97,29
97,#2PPJ90PG,NTU,8000055,1187706,98,29
98,#C9PYG8V2,Adult Gamers UK,8000018,1187250,99,30
99,#V8G2UCL,costa,8000016,1186864,100,30
100,#20QPC0PY,C&B,8000049,1184352,101,30
101,#QRCQJV20,CobraTeamUk,8000019,1183510,102,30
102,#2G9JRCCC9,England,8000036,1182851,103,30
103,#2LPP2QYCY,Brawling Time ⏲,8000029,1179830,104,30
104,#P89RL8,ducks on quack,8000002,1176547,105,29
105,#CQJQ0VCL,- Hooligans -,8000059,1174388,106,29
106,#LUUGPP98,Weasels Inc.,8000006,1174242,107,30
107,#2L9JP2PRY,🥨Pretzel Squad,8000027,1172577,108,30
108,#CL2G9P,Oorah,8000013,1171959,109,30
109,#29JCU8VPU,The Big Boys,8000023,1170928,110,30
110,#29LY2VP9P,Orange Tree,8000016,1170730,111,30
111,#2L0G2VC9Q,EliteSquad752,8000023,1167354,112,30
112,#2Y82U9YQU,Eden's Gate,8000032,1167323,113,30
113,#RGPPL0G,Uk's President,8000057,1165100,114,30
114,#2RJJU92C9,SpartansSupreme,8000032,1164374,115,30
115,#2C2V28YJP,ClownHub 🤡,8000035,1163426,116,30
116,#2GCJLYPGU,Scoobtown,8000031,1161108,117,30
117,#2RVPPVV9U,Mystic Galaxy,8000010,1159353,118,30
118,#RC9GCJ2J,Piper no piping,8000024,1157396,119,30
119,#QJRVRUUL,Secured,8000023,1156713,120,30
120,#2JURR2UUG,‎ ‎,8000000,1155863,121,29
121,#2C9UQ2P28,The Fountain,8000025,1153076,122,28
122,#2JJ8LQYRQ,Dream Team,8000049,1152759,123,30
123,#29P9PVGP2,Wild Fear,8000037,1152477,124,29
124,#299U020C8,Supreme Wonders,8000023,1151668,125,29
125,#2C0GCY2GG,Only Ws,8000017,1149907,126,30
126,#2GCRJUP2R,Mortis’ Museum,8000008,1149199,127,30
127,#2LY8Q0820,Salad Kingdom,8000005,1148819,128,30
128,#2JGRJQGLY,Team Synergy,8000029,1147435,129,28
129,#282VPVUCG,RPG Wolf,8000055,1147392,130,30
130,#2J9VURJ0P,Sky|Colt OP,8000039,1146606,131,29
131,#2JUYQPLV9,Brawl Army,8000055,1146148,132,29
132,#2JCU0Y2Q8,rizz bots,8000034,1141269,133,29
133,#2GVVGQUUR,Mango Men,8000035,1136960,134,30
134,#RVYUJ0,England,8000025,1136838,135,30
135,#2C8YYP98V,Brawl Legends,8000029,1136346,136,30
136,#2GLPQ8LJ8,Ricos Retreat,8000048,1136214,137,30
137,#200G9RGYG,RPG Nation,8000025,1135489,138,28
138,#QJY0GQCY,Imperial Blade,8000023,1134829,139,30
139,#28VV80VLV,The Elites,8000021,1134681,140,30
140,#QRJC09C8,stagnant water,8000021,1133795,141,28
141,#28UG2GLU8,No Mercy ⚡,8000019,1132674,142,28
142,#U2L9QQ09,Bibis Bubblegum,8000039,1130313,143,30
143,#LJ00YV0Y,Synergetic,8000010,1130097,144,30
144,#YLY8VG8Q,The Club,8000008,1124731,145,30
145,#22GJLQU9V,The Creators,8000021,1124359,146,30
146,#U8ULGUVG,Franks Factory,8000008,1120941,147,28
147,#299YQPG0Q,<c3>金RAVEN金</c>,8000013,1119130,148,30
148,#V0RCY0LY,<c3>Øminous</c>,8000014,1117622,149,30
149,#2JC88LV89,Legacy of GENE,8000023,1116511,150,29
150,#2GRP2LR0Y,Bagabontis,8000043,1114491,151,30
151,#2RRCLPRRQ,Braindead gang,8000055,1111762,152,30
152,#2GVYP008V,The Paragons,8000057,1110979,153,30
153,#2QVJ02J8U,SESH,8000013,1109486,154,30
154,#2J0VRPRYU,Lyghten Legion,8000053,1103958,155,29
155,#2GYUUQRJU,UK’s Finest,8000023,1103345,156,30
156,#YLJR9J,beercules,8000012,1103062,157,30
157,#R0P9CV09,Brawlerz 2,8000056,1102682,158,29
158,#LQQ,Reddit Alpha,8000022,1101626,159,29
159,#2GY9JPL2P,Show No Mercy,8000055,1099773,160,30
160,#2C888RCPP,New Era,8000055,1099400,161,29
161,#28RYQYGYR,Brawler Buddies,8000050,1099086,162,30
162,#8RYLPVY8,The Ruby Tear🩸,8000035,1099020,163,30
163,#2C828YRRR,Beyond Ares,8000055,1098771,164,30
164,#2RQJL8RL0,Pro Squad 1,8000036,1098495,165,30
165,#G20JQP2R,The Lion's Den,8000023,1097744,166,30
166,#C8GYGY9,FHS_SQUAD,8000057,1097463,167,30
167,#PCP9QL0G,TEAM TITANS UK,8000037,1096650,168,30
168,#2GLU8L820,Titans Apollo,8000029,1095686,169,30
169,#2JVC09JYU,Brawl Daddies,8000035,1095090,170,30
170,#2PQGVG9G2,Colettes Charm,8000010,1093081,171,30
171,#2YQ9PVC,MegaClasherz 3,8000019,1092970,172,30
172,#LURV0YJG,Tribe Gaming,8000023,1089167,173,29
173,#20VV20YJL,Hahatooez,8000008,1088094,174,30
174,#2J9V99PGV,CMG Shade,8000029,1088035,175,30
175,#2YVQP0JQ,Ninja Gamers,8000037,1087791,176,29
176,#2QQC2VPUU,Mystic Knights,8000021,1087275,177,25
177,#20YC9Q9UC,Wetboys,8000029,1086312,178,30
178,#9JJJ9QG,Beans n' Toast,8000052,1085864,179,30
179,#2C8RPCJL9,Darryl,8000039,1085345,180,30
180,#GLG8YUU2,Coelum,8000039,1084591,181,30
181,#QJQPRL0,Phat Zoots Only,8000013,1084047,182,30
182,#8QL28ULY,Uk Elites 2,8000000,1082697,183,30
183,#2RCYGQQR0,Big Bang Raging,8000029,1080794,184,30
184,#8CR9UVV9,good soup,8000039,1079668,185,30
185,#QP88GLQ8,OP|BRAWLERS,8000059,1079379,186,30
186,#PU9CRG82,team brawl trop,8000009,1078333,187,30
187,#29PYQPLYR,F2P,8000029,1077028,188,30
188,#99VC29VY,Barleys Brewery,8000029,1075842,189,29
189,#PQRJ8CP,SmegHeadElite,8000047,1070935,190,30
190,#Q9RVL22L,Metheebesty,8000042,1070542,191,29
191,#2YP92CY80,Army2 Gaming,8000051,1069840,192,30
192,#L20JUL02,FIRENATION,8000037,1068145,193,30
193,#2JR0UJ8YC,Pluto West,8000010,1065865,194,30
194,#29GRQU9LL,DA|dark abyss,8000027,1065744,195,28
195,#PULUUL0,A$AP POCKY,8000013,1064858,196,30
196,#292V0CJLP,Club #292V0CJLP,8000024,1064443,197,29
197,#2CLPJP9VQ,Omniscience,8000032,1064126,198,30
198,#2CLC0288U,Fake Esports,8000055,1063088,199,30
199,#29YC8UGVJ,The Oasis,8000001,1062627,200,30
