,tag,name,badgeId,trophies,rank,memberCount
0,#U9RPJY9,Red eSports,8000023,1560648,1,30
1,#2J2JCPC0Q,ZoneOfInfinity,8000053,1495456,2,30
2,#2G8PVJLQV,Phoenix Coffee,8000037,1423464,3,29
3,#282LVRRLG,Slowhard,8000008,1373190,4,30
4,#2QQGGY0UU,Fresh Breads,8000039,1320102,5,29
5,#2GUPPPJVG,Ø Randoms,8000057,1306240,6,30
6,#2GJVRCJ0R,LA Crystal,8000014,1297525,7,30
7,#29J89GRR0,<c4>Us</c>AsOne,8000033,1279751,8,30
8,#2JGQ8JC98,DARK-KINGS😈,8000025,1275653,9,30
9,#28VR228CJ,Ice Souls|☃️❄️,8000002,1273890,10,30
10,#2P9QQUC,Venezuela,8000018,1271082,11,30
11,#28RVQ8C8C,DarkMinds,8000049,1257813,12,30
12,#2JP0JLP08,NJ|<♤>,8000049,1248606,13,30
13,#2C8L2C20Y,Sakurasō 🌸,8000009,1215211,14,30
14,#2QYC88QVG,🛒• Carrito,8000047,1189776,15,30
15,#2GGP9V8G0,EV Gaming,8000000,1183976,16,30
16,#2C8280Y9J,Colette x Spike,8000009,1181996,17,30
17,#J9VU0GR,¡TheKings!,8000027,1175542,18,30
18,#22PVJP0UQ,Legends Mistery,8000037,1171712,19,30
19,#2JJLYQ28G,✨Stars✨:),8000010,1171329,20,30
20,#2LJCUGVGR,♚™TOP SHADOWS™,8000057,1170774,21,30
21,#20YGPPV8,Vzla activa..!,8000029,1169522,22,30
22,#2GVQUQGVQ,ORS|UniversaL,8000033,1164805,23,30
23,#R90PQYVP,Snowclub,8000052,1154930,24,30
24,#JJJUYPQJ,Crashing Stars,8000023,1152932,25,30
25,#Q9RPQ9YU,guerrero leg,8000007,1138052,26,30
26,#29C9LJGRG,ŪNV ⌇ Empire🍀,8000049,1135028,27,30
27,#28J9VQR9Y,TS| Artic Force,8000011,1130793,28,30
28,#UPUQR9LC,INVICTOS 2,8000031,1122774,29,30
29,#2GLU9PJYJ,DCR√SoulFire,8000010,1122050,30,30
30,#2P2JJUPV2,Venezuela Jr II,8000029,1113693,31,30
31,#V98QU0,Sandstorm VE,8000019,1101102,32,30
32,#2G8LL9CL9,Los mas capitos,8000041,1093551,33,30
33,#RV2U980L,SI,8000049,1092001,34,30
34,#2GJ2082G0,Rimuro-Sama,8000059,1084703,35,30
35,#2R8RYL99U,Refuerzo +58™,8000003,1072752,36,30
36,#YLPV9RCC,Zona_WD,8000013,1067696,37,30
37,#2QY0QR2CY,SK | Sky K!ngzz,8000011,1063200,38,30
38,#UPUGJJ9Y,+58™️,8000003,1062009,39,30
39,#L2J9YVLJ,⚔️Bleach🛡,8000029,1061622,40,30
40,#2CQ2CJJLJ,SNi Vnzla,8000049,1058869,41,29
41,#2JGUPV9CQ,GN|Galaxy Nova,8000057,1054071,42,30
42,#22YQYC8Q0,CSM Club,8000029,1048897,43,30
43,#2QYP2CQGL,Inmortales,8000008,1048644,44,30
44,#2QVLLR09J,Fresh Breads 2,8000039,1044658,45,30
45,#2RJ0RQ0,Hypersonic,8000053,1042646,46,30
46,#2GV90GPL9,Venezuela IV,8000047,1036409,47,30
47,#2J09098V8,Insanidines,8000029,1031643,48,30
48,#280PCUP8C,THE BAT FAMILY,8000011,1023269,49,3
49,#2GURC00GQ,Team Gamers,8000025,1022452,50,30
50,#20UR20QV0,The Dark Shadow,8000008,1017809,51,29
51,#V82P2YQ,Imperio Vzla.,8000039,1017519,52,30
52,#2G228UG0J,DK eSports,8000029,1010101,53,30
53,#L98GQJQQ,basados,8000035,1009245,54,30
54,#YRVLJRG9,Loyål Blood,8000018,1009204,55,30
55,#20JU8JUJC,TheDogsTeam,8000033,1005793,56,30
56,#28C08LUUV,Yellow Flower ™,8000007,1004294,57,30
57,#2RLVPQPYP,Los papus,8000016,999158,58,30
58,#2828RRLQ2,•xXClubXx•,8000025,994854,59,30
59,#2RGUGCGR2,LeyendaVzla,8000037,989963,60,30
60,#2RQL9PGYV,MANCOS AL PODER,8000057,984232,61,30
61,#8GYUU928,DCR🔥DragonSoul,8000029,983797,62,30
62,#2YGR82QGR,Blue eSports,8000021,983644,63,30
63,#282VCR2GJ,✊boxeur✊,8000007,979511,64,2
64,#VRYQJLVY,🤙Brawl Amigos⚡,8000053,972609,65,30
65,#280PLPJC0,X-Force,8000025,968918,66,30
66,#2Y002PVU2,LEYENDAS DE BS,8000056,968684,67,30
67,#2RCLC0UCG,guerras🔪🔥🔥,8000059,966915,68,30
68,#2JVYQ08QL,Latinos_Stars⭐,8000018,966679,69,30
69,#QQ98RUG2,Going Merry,8000016,966545,70,30
70,#29G8L88GC,Los hambrientos,8000035,964278,71,30
71,#2CY8VUR9G,GG' Teams,8000023,962370,72,29
72,#299UCGUUV,¡GUATAFO! XD,8000031,957787,73,30
73,#2C9980V2Q,Mt Ebott,8000039,956499,74,30
74,#2YPUUC92G,venezolanos,8000037,955659,75,30
75,#2QU22VVY0,Bralwmaster,8000029,955194,76,30
76,#2YYCJRVCL,Shooting Stars,8000010,952592,77,30
77,#2PYCRG9JL,NOVA VE,8000053,952357,78,30
78,#29QQYPQ92,♛The❦Wølves♕,8000029,949212,79,30
79,#28Q9U9L9G,Crazy Team,8000047,948097,80,30
80,#2RVRU90GG,Brawl Adicts,8000047,944657,81,30
81,#Q8C8RGVJ,RuGido esTelar⚡,8000019,937181,82,30
82,#2L88P9Q0G,Team V-Bots,8000018,936815,83,30
83,#2C9CJUUUJ,Death Knight 🌟,8000031,936402,84,30
84,#2JJ0YVY0R,VzlaProGaming,8000037,934582,85,30
85,#208RG0P8P,₹FlowNeymarJr₹,8000037,931982,86,28
86,#2LV8V9LG2,Revenant Stars,8000052,930603,87,30
87,#2G0QQ9VQ0,Bloodlust,8000034,929194,88,30
88,#YUQUVVQV,LOS PERA🥶🤙🤙,8000049,928188,89,30
89,#2CJ9GRQ2Y,🦇|TAILITI II,8000041,927944,90,30
90,#29LVURC22,¿VazOBienes?,8000050,926895,91,30
91,#2QPYRRLJ0,Austria FC,8000047,924457,92,30
92,#2RLVLV8QQ,Venezuela_star,8000018,921987,93,30
93,#2Q2CC2G8G,Tostı 🫓,8000047,921760,94,30
94,#20RQC9J8Y,QLASH Storm +58,8000003,920255,95,29
95,#2CP98V2U9,Metropilitanos,8000004,920236,96,29
96,#290Y90JLG,Barco Basurero,8000013,919772,97,30
97,#22RC0LJVR,☢️Los Galáctico,8000037,919057,98,30
98,#28J9YJ2UJ,Anís Carteluo,8000039,917916,99,30
99,#2C0R00PJR,The Anyone's,8000025,917175,100,30
100,#2C22LVGJ9,ČÃÇHÅPÂ PRĮMĖ,8000029,916327,101,29
101,#8QUU0,Cerberus,8000029,914873,102,30
102,#2JR0RU0JG,TryHard$,8000035,912770,103,30
103,#28GGPUU00,ChawarmA,8000025,911313,104,30
104,#2C0PV02QJ,JIJIJAJA,8000037,909761,105,30
105,#2C8Q0P9VQ,Ɠαмє Ƶσηє,8000019,909375,106,30
106,#Y8LV2P98,Brawl Ops Vzla,8000057,905917,107,30
107,#2JP8CV2GY,Petare Stars,8000051,902233,108,30
108,#29QQL9V9C,los papus,8000039,900458,109,30
109,#2YRG2LLL0,InnoStars💫,8000018,898933,110,29
110,#CRYGU9RL,°Latino brawl°,8000041,894845,111,30
111,#28GVJU98C,|Fans De Eve|~,8000010,894839,112,30
112,#UPVPPVJ9,Hokame,8000004,894381,113,30
113,#20YYJGP0L,Dirty Gemmers,8000016,890981,114,30
114,#28CRPV9JP,Calvolandia,8000010,889840,115,30
115,#PV0QLJGY,New fire,8000037,884115,116,30
116,#922YC0PV,FUNDACIÓN,8000029,883101,117,30
117,#2QQU9RRVU,𝑫𝒓𝒚•𝑹𝒚𝒂𝒍,8000049,882406,118,30
118,#2J8QGG2LU,PANAS👻,8000037,881271,119,30
119,#2Q9YY98QU,Platigolds,8000035,876666,120,30
120,#U88QQRQU,‌‌‌‌‌‌‌‌‌‌‌‌‌‌‌,8000039,874708,121,30
121,#2G0P0RP0P,Team XM8,8000023,874393,122,30
122,#2L2J2880L,Chaos Legends!,8000041,873254,123,30
123,#2RYUV8ULY,⚔️Los Veteranos,8000023,869885,124,30
124,#UY99920P,Brawl Spain,8000025,869350,125,30
125,#8L0QR9QP,San Germain,8000002,868528,126,30
126,#Q8R9PG0V,Club  #Q8R9PG0V,8000004,866576,127,30
127,#2RQCJV2QL,THE BLACK,8000004,864174,128,30
128,#LR92QRPP,Araure City,8000059,861317,129,30
129,#2RPP2UU8C,Phantom Force,8000057,860382,130,30
130,#2Q9UGPCR8,realg4life,8000037,857709,131,30
131,#2R88JVLUG,Black Dragon'S,8000037,856810,132,30
132,#2JLVLPJP8,La desgracia,8000031,856360,133,30
133,#28PUGL9QL,TeamSalchica,8000049,856297,134,30
134,#G2JC8QJJ,club italo,8000023,855745,135,30
135,#2889Y9,Team Invicto,8000023,855473,136,30
136,#2RGRQU0JY,arepita,8000029,854383,137,30
137,#2CP9RC2U9,™ | ZETTA ⚡,8000019,852502,138,30
138,#22Y29UC8G,BLUE FIREFLY,8000059,849836,139,30
139,#2LV098YLL,StrangeRS,8000025,847854,140,30
140,#290CU92P2,amigos pro meme,8000059,846863,141,30
141,#2Q9UG2QV2,Warriors🐉ELITE,8000008,844843,142,30
142,#2LPVYQLUR,NAMASAJU TEAM,8000029,843940,143,26
143,#2CPLG0GCU,Venezolanos🤑,8000004,843703,144,29
144,#202J0C092,Merequetengue,8000045,841994,145,23
145,#2QYQUPRCR,Sekiro,8000057,838985,146,30
146,#2PJ0QQ2YL,los Pros😎,8000049,837914,147,29
147,#LJVUP9P9,VENEZUELA,8000052,837747,148,30
148,#2JC89L2PY,PSK ★Amadeus,8000057,836008,149,30
149,#2RPYL2LGY,MC|Leader,8000035,833979,150,30
150,#29JCVCU,FORORO TEAM,8000019,833574,151,30
151,#Q8GRVU02,Ragnarok,8000007,831886,152,30
152,#28VLVJC8C,Snowclub Backup,8000031,829246,153,29
153,#2CG8C02L0,virGang,8000041,823001,154,29
154,#2JU9C980P,Cerv. Zulia,8000019,820800,155,30
155,#2YRPRY888,🤖Peso Pesado🤖,8000008,820313,156,29
156,#28ULUL9GQ,ᵠᴄʟᴀɴ ᴜʀʙᵠ,8000023,819897,157,30
157,#28QPUGYR9,SR UNITED,8000019,819619,158,30
158,#2C8QCYRUV,×ALL STAR×,8000003,815562,159,30
159,#QL0R9RR0,los insanos 3.0,8000041,814811,160,30
160,#2LCGVYGVC,Da bomb Squad,8000037,813859,161,30
161,#2GPCC980Q,TryHard Ve,8000035,813746,162,30
162,#2CYCU8UY0,ElMejorBRAWL🔥,8000029,810927,163,30
163,#2L0G9PL0,MAF,8000003,809944,164,30
164,#2G0QPJPQR,team/trueno⛈️,8000053,808288,165,30
165,#2LP2JGJ8Q,LOS CAMPEONES,8000021,805996,166,27
166,#2L8YLG2Y2,MEXIZUELA,8000018,805380,167,30
167,#29C8Q2Y2U,Tutifrutti5.0🍓,8000006,804206,168,28
168,#9UC20JP8,🅱️ois,8000023,804183,169,30
169,#298YQ02R2,Iwis🌵,8000013,803903,170,30
170,#UVLJQ9CY,BorderlandsStar,8000058,799773,171,30
171,#2G2UCV8VL,Shadows,8000038,796718,172,30
172,#LUU2RCU0,☀️HEROICOS🌙,8000053,796072,173,30
173,#2289898JP,Mini +58,8000033,795124,174,30
174,#20VY2QJV2,MARVEL,8000006,793911,175,30
175,#2J2P00LU9,Losbenenosos,8000047,793356,176,30
176,#2Q9YUPCLJ,StK|Gaming,8000038,792335,177,30
177,#QYQLGV8U,Los Insanos ☠️,8000031,787203,178,30
178,#20PUGPVPC,Arepa con queso,8000039,786716,179,30
179,#LGU9YCQ9,⚜️Media noche⚜️,8000000,785208,180,30
180,#2JRV8CGPQ,TK|eSports®,8000011,785127,181,30
181,#QYRPQVPQ,TrashGang,8000036,780972,182,30
182,#QLQL2GU,ArepasAsesinas,8000011,780775,183,30
183,#22RPLCQQ,ElTrenDeBrawl,8000012,779905,184,30
184,#Y822VQLR,El fuego,8000019,779542,185,30
185,#2R2GYQY2C,MasBienViejita,8000034,778779,186,22
186,#29LRJV0P0,Zulia-Pro,8000032,778335,187,30
187,#28UC8L9UV,The Waza's Club,8000057,776412,188,30
188,#LCPRP0QL,Temerarios,8000059,774820,189,30
189,#RV9JQ00Y,<c7>LUCKY</c>,8000018,770911,190,30
190,#2G900JLGJ,Venezuela,8000018,770412,191,30
191,#2PJLVRJLY,Hydra,8000019,768714,192,30
192,#2VL2LPJR,NoSabemosJugar,8000025,765104,193,28
193,#2GUVYJJGV,los inmortales,8000023,763669,194,30
194,#20GY0QL2Q,Konoha,8000037,759871,195,28
195,#Q9GUC8U8,Brawlzuela 🇻🇪,8000016,759864,196,30
196,#2QUQGVGQQ,LOS DIOSES ⚡⚡,8000019,756908,197,30
197,#20GG0RYVU,SquadBrawl VE,8000000,756571,198,30
198,#2R0ULLVQ8,Brawling impact,8000056,752862,199,30
199,#LPCVUV0Y,Resistencia100%,8000017,752199,200,30
