,tag,name,badgeId,trophies,rank,memberCount
0,#2G29GCCL2,Marvel•Avengers,8000037,1481792,1,30
1,#LC80J2J,Vietnam Glory,8000006,1480719,2,30
2,#2098LYGGJ,Mix & Mingle,8000013,1433775,3,30
3,#2CRLRGJ0V,WARRIOR,8000049,1403390,4,29
4,#2JPQQR2PP,Anya Simpers,8000010,1304615,5,30
5,#20CCLGVC,VN Group,8000006,1281826,6,30
6,#LU2LG2LY,Smol Gummy 👊🤡,8000039,1250297,7,30
7,#28Y2CVJP2,IX Vietnam,8000047,1250262,8,30
8,#LRQYUUR8,Masun,8000006,1189200,9,30
9,#2C2RJCLY8,Việt Nam Box FB,8000023,1152828,10,30
10,#YG8809G,VN tiêu dao,8000006,1135352,11,30
11,#URCCPR0,Hà Nội,8000057,1120906,12,30
12,#PRJCYPUR,Trường Người Ta,8000045,1107789,13,30
13,#PJVJLG2G,Càn Quét,8000003,1104201,14,30
14,#LVQY82,VIETNAM,8000018,1092103,15,30
15,#2PG80RGV,Crocodile,8000018,1089683,16,30
16,#2RPR8QC0V,⛩|Mortis Gang🎋,8000018,1085487,17,30
17,#2JUCLC2L8,Blue Ribbon,8000025,1071536,18,30
18,#2R2U8QQPJ,Gáy Sớm Ăn Gì 3,8000009,1066258,19,30
19,#QP9Y9UR,Trà đá,8000013,1042888,20,30
20,#YJY9C0JY,Vua Hải Tặc,8000039,1010513,21,30
21,#28RPJUY9Y,😘🇻🇳😘,8000003,1005491,22,30
22,#P8C0R982,Sài Gòn,8000044,1000175,23,30
23,#8UC2C9Y,Đảo Mèo,8000011,991233,24,30
24,#8QRR0J9P,Zenk Accademy,8000023,986579,25,29
25,#2LURVYJ2G,VIET NAM,8000057,978332,26,30
26,#VJGVLLLG,VIET Drake 2,8000037,977329,27,30
27,#PCLGU9JU,đội việt nam,8000013,972732,28,30
28,#QY8VQPUV,Meow Universe💫,8000047,972164,29,30
29,#2J2Q22282,Hội Chủ Tịch 2,8000023,961994,30,30
30,#2R20C28L2,SƯ TỬ ĂN CHAY,8000029,949293,31,29
31,#2GUCJ9QPL,belleq,8000036,943527,32,28
32,#2QU89JGPR,Brawler Fighter,8000007,942984,33,26
33,#2PRLQQJQQ,Ung Thư Club,8000018,936732,34,30
34,#28LRCGU0G,BBR°Village™,8000057,934465,35,30
35,#2RCJVVGVQ,AEVNGo,8000048,924450,36,30
36,#2YVY89L0Q,WorldStar(N.I),8000014,920508,37,30
37,#29PLRG8GJ,<c5>NOVA VG</c>,8000055,906080,38,28
38,#YQC2R899,Xanh Palace,8000039,903317,39,30
39,#2G0P28V0U,Khỉ gió 🙊,8000048,895097,40,30
40,#2GGU9YQLJ,Việt Nam,8000057,894118,41,30
41,#P8QC2QUV,-MIX GLE-,8000017,892610,42,30
42,#28RYJ22YQ,Việt Nam,8000045,892178,43,30
43,#2CUJU8GU,LittleVietNam,8000029,891622,44,30
44,#2R092CUVR,IX Shield,8000005,889659,45,24
45,#2YCG00QQJ,Hội Người Chết,8000050,885260,46,30
46,#9PG282YL,VN 001,8000058,880499,47,30
47,#UQUQCJVJ,Hội Người Trẻ,8000055,872944,48,30
48,#292UCGVLV,Gà Mờ,8000037,860773,49,30
49,#28G0PQQLJ,llvllilky Way,8000031,833588,50,28
50,#2GRPUJVLV,VN vô địch,8000048,823980,51,30
51,#PJJLGUJ0,supernova,8000031,820775,52,29
52,#8GL0GG,Việt Pride,8000006,816738,53,30
53,#U8UVY9LU,Việt Nam 😭😅,8000044,799417,54,30
54,#J9VUCYQP,TPS,8000046,796558,55,30
55,#9QQU2RYY,Mãi Là Anh Em,8000047,794027,56,30
56,#292UG20JL,~Cafe Động Vật~,8000042,792060,57,30
57,#2YPVUPC8P,VIETNAM,8000006,791648,58,30
58,#8CQG8VPQ,(VN) Endgame,8000040,783404,59,30
59,#8UY00UR,Nova BQP,8000006,781710,60,30
60,#JCL0PGG,Vietnam’s Lord,8000027,780631,61,30
61,#20LC92CCG,Vô Danh 👌,8000057,766730,62,30
62,#PUR8VCLP,sáng tạo bản đồ,8000006,761483,63,29
63,#YC92QCV2,be bi hoi,8000047,747067,64,29
64,#8CYUR20,Hanoi ⭐ ⭐ ⭐,8000029,745129,65,30
65,#2JRC99CLJ,Spacell VN,8000018,742674,66,30
66,#8YV9YPJ9,Brawl Stars VN,8000023,732831,67,30
67,#U9JRL0U2,ThangLong.No1,8000006,726059,68,30
68,#2L09QJPVY,AE VIỆT NAM,8000037,719707,69,30
69,#U9L89L8Q,.coolguys.,8000017,715421,70,30
70,#VR8PY2L,Hoạ Mi,8000057,706824,71,22
71,#2YL0RYV2,Đại Việt,8000049,705306,72,30
72,#U2220LV,Hà Nội Guns,8000018,700605,73,30
73,#9P0RUVQG,TEAM VN,8000037,700114,74,30
74,#2YGQY0L,vn.champion,8000006,694036,75,30
75,#2YR29UGGJ,Hà Nội,8000050,693568,76,30
76,#2GJ0JQJ9L,VN StormEye,8000018,691243,77,30
77,#2GJL9JGVC,DaBoiz,8000023,691020,78,30
78,#R9PYPP9,ai vào cũng dc,8000018,686684,79,30
79,#29YJ90C9,bơi hết vào đây,8000006,683151,80,30
80,#LQP2YJJ,HA NOI,8000044,681101,81,30
81,#2GPPVR8VP,<c6>VINTAGE</c>,8000025,676881,82,30
82,#2R0QY8GRR,Hà Nội,8000006,673839,83,30
83,#UJURGL2J,The TEM,8000037,672018,84,24
84,#29UQJV988,VietMonsters,8000006,667416,85,30
85,#2JR889PU9,ĐẢNG 2.0,8000006,654948,86,30
86,#QUQRR929,CHXHCN Việt Nam,8000043,654023,87,30
87,#2R0JRQ8CC,VIET Drake,8000034,649201,88,28
88,#LUGVQU08,Viet Nam Start,8000018,647138,89,30
89,#280VG0P2J,¥~Việt Nam~¥,8000059,642771,90,30
90,#LLVPCYPP,Anh Em Việt Nam,8000057,641899,91,30
91,#GPU890L,Hải-Hậu-GUN,8000029,640214,92,30
92,#2CYJRQJY2,I love VIET NAM,8000035,638864,93,30
93,#GJC2VL,Việt Nam,8000029,635978,94,30
94,#VUR9U28Q,Bounty Hunter,8000018,635959,95,30
95,#2JQYQ00GP,kẹo hay ghẹo🍭,8000051,620788,96,30
96,#2JCY8VC0P,Mái Ấm,8000023,620043,97,30
97,#2RPCLU28R,Việt Nam! AE,8000006,619238,98,30
98,#9JYRL8V,VietNamKush,8000014,617606,99,30
99,#LRCJ0VU,depzaikhoaito,8000029,616184,100,30
100,#88LCCUGC,324 BKFC,8000010,607637,101,30
101,#22CLLLQRG,薯条🍟,8000018,606682,102,30
102,#QY882GJ0,Chiến là thắng,8000007,603834,103,30
103,#2JG8UG8Q,VnNeverDie,8000027,602769,104,30
104,#GRPRGCRL,Teamtienphong,8000059,599553,105,30
105,#2CGL8VCLV,VietNam Master,8000037,599235,106,30
106,#20P9YG2C9,Kuriboh Moon <3,8000051,597719,107,30
107,#Y80VR8YQ,hattrickobama,8000058,593761,108,30
108,#2Y0GQ888J,Ricence,8000035,593134,109,30
109,#2Q9PRR0PG,Ghost Of Việt,8000039,588231,110,30
110,#2R020C9GP,VN tiêu dao,8000037,579614,111,28
111,#2JURYV99L,NeVa,8000025,579369,112,30
112,#2G2YC0QL,VCB,8000029,576082,113,30
113,#20CLJ2J0,BR_VietNam,8000006,572192,114,29
114,#2YQL2GUR8,family Việt Nam,8000006,568539,115,30
115,#2YPVQPQR9,Việt Nam,8000029,564531,116,30
116,#2JGYGPU2G,chơi với nhau,8000029,564332,117,30
117,#9VGVYQRL,Toem Việt nam,8000056,563449,118,25
118,#U9GJY2LY,phèo family,8000019,563386,119,22
119,#28LLYJJ90,Setro,8000023,561680,120,30
120,#229LR9GU,VN +^+,8000018,556285,121,30
121,#C2R22C,I LOVE VIỆT NAM,8000018,556198,122,29
122,#YJC89CUY,việt nam,8000022,553394,123,29
123,#20YG8VPJ,VIỆT NAM,8000049,552036,124,29
124,#29YCPQ98L,VN MUÔN NĂM,8000029,551805,125,30
125,#2YY0LR990,¥~Việt Nam~¥,8000018,548439,126,30
126,#2JJ8L2J0R,Zephyr,8000055,543201,127,29
127,#R02YQVR,AE Việt Nam,8000006,542907,128,30
128,#2U8VCY9C,Wathuh,8000037,541049,129,30
129,#2C99J2CQ8,쿠쿠다스,8000035,539365,130,30
130,#2QG8V908,HINDU GIÁO,8000013,537762,131,30
131,#GP2LVYC2,Ligue Bandana,8000001,536891,132,28
132,#2C8P0LYLG,Janet Simpers,8000037,534407,133,30
133,#2L90CPG2,Sida,8000018,528149,134,30
134,#GC2CUPY,Hà Nội lầy lội,8000029,526625,135,30
135,#2QPYJJPPG,GACHI | [TEAM],8000029,522595,136,26
136,#2Q9JUCGY,binzin123,8000045,517558,137,30
137,#LQQJGPUU,The Kingdom,8000027,514535,138,30
138,#2CRQ809V9,Hào Quang,8000018,514447,139,30
139,#20U0JPVC,VN Brawl Star,8000014,513402,140,30
140,#2LGRRJ2CQ,sandy💘bibi✨💕,8000010,510175,141,30
141,#2CJ9QJ8PQ,Cây Bàng Non 🌳,8000013,509688,142,30
142,#2J0GG92JV,420,8000037,508291,143,30
143,#20UU9V8R,Viet Nam VoDich,8000006,505455,144,30
144,#2CGG0J2JQ,하노이멋쟁이,8000004,504072,145,30
145,#QQU2JR9V,Project Zorgo,8000043,502317,146,30
146,#PCJVP28R,Anh Em Cây Khế,8000045,502195,147,30
147,#2R0P8QQRQ,GPL And Friends,8000039,500513,148,30
148,#2GPJ9V8P9,HanoiOldQuarter,8000041,500403,149,30
149,#22GY8PG0,Hanoi Glorier,8000006,498037,150,30
150,#2RUR28JR8,Khỉ Gió 2🙊,8000018,495978,151,30
151,#PVC9JY08,⏩KING OF VN⏪,8000029,495624,152,30
152,#20992VP98,9x Brawl Stars,8000002,491782,153,26
153,#U2JRJPP0,Poco Loco,8000027,489887,154,27
154,#QC9V02CY,VNvietnam,8000029,487308,155,30
155,#29PCPC8PC,Phantom-VN,8000039,483522,156,30
156,#2PYLP0U28,RAP VIỆT,8000057,481966,157,21
157,#2PCY9UQ,Gia Tộc Evil,8000005,477594,158,30
158,#2JC90J0G2,hội người hèn,8000059,477015,159,30
159,#2929LJG0Q,vn vippro,8000047,476583,160,30
160,#2G2RYJQ0G,VietNamClub,8000029,476165,161,29
161,#2LGQQU222,Tấu Hài Gaming,8000037,475945,162,30
162,#UGGG8CUG,Nie mam legendy,8000013,475134,163,29
163,#QGUGCR,SaiGon Star,8000018,473798,164,27
164,#2J0U28002,Team Unicorn,8000055,472940,165,30
165,#28YC2J,Bf/Xd,8000001,472401,166,19
166,#2YQJVGYU8,HTN,8000015,470066,167,30
167,#20G80RQRP,ViệtNam Numner1,8000039,469581,168,30
168,#LU8GG8,BRAWL SAI GON,8000014,468957,169,30
169,#2J2CQG8QL,Ae cây khế,8000037,468250,170,30
170,#9QL888QG,family,8000017,467917,171,26
171,#QR90VU9Q,VN- cày,8000050,467361,172,30
172,#CVRQLL0C,Việt Nam,8000019,463281,173,30
173,#29PCRJ8UY,stumbleMasters2,8000059,461003,174,28
174,#2QLYUVPRY,I <3 VN🇻🇳,8000006,460052,175,30
175,#298RYVL,Gáy Sớm Ăn Gì,8000008,459748,176,19
176,#2CPYCQUP,Huế-Pro,8000018,458715,177,30
177,#29C9RGLJ,rượu O Thợ nhộm,8000007,458208,178,29
178,#RP8URCR,Ứ Ừ!!!,8000018,457433,179,30
179,#Y2UJY8G,Hà Nội,8000018,456447,180,30
180,#2GRRJP0Q8,vietnam,8000006,454721,181,30
181,#29RPJ8QQP,The.Devil FROGS,8000045,453437,182,30
182,#290RCRC89,Баранка V3,8000043,453399,183,21
183,#2C29QYQPP,VN Brothers,8000037,451873,184,30
184,#2YPCJYL2V,VNvietnam,8000029,450918,185,25
185,#LVGPCGJ0,Ae VN,8000057,450442,186,30
186,#2JQVVCG0U,Остров боцманов,8000049,449987,187,30
187,#2J0Q09L8Q,Saigon BS,8000034,448443,188,30
188,#CVVLCLQ,Việt Nam,8000010,447435,189,23
189,#2QCVVGLY0,BS VIET NAM 🔥,8000006,446324,190,30
190,#20QRURJJL,VIỆT NAM,8000057,445561,191,30
191,#2YGYRUY9,Việt Nam-Hà Nội,8000006,445316,192,29
192,#2YLY9JRQP,VN-ARMY,8000058,444640,193,30
193,#9J2C29GQ,VN clan,8000006,444275,194,29
194,#2R0LRPQGR,QDND Việt Nam,8000023,443734,195,26
195,#2G0GL8JJ2,Dấu Âm,8000024,440791,196,30
196,#8LPQJ0QC,>D.E.M.O.N<,8000002,440767,197,28
197,#QGRVL2VQ,Zoanh Trại,8000014,439305,198,30
198,#CUYPQGV8,G.C CREW,8000007,437758,199,25
199,#2CYUYLP2Q,SADBOIZ,8000049,437064,200,30
