,tag,name,badgeId,trophies,rank,memberCount
0,#2999PULUC,Best Friends❤️✌,8000057,1174680,1,30
1,#R2GQC9UQ,Mejores Amigos,8000019,1068016,2,18
2,#2YR8VCQQU,Knockout Kings,8000029,962033,3,30
3,#2JJRP2L2R,Plug,8000024,769335,4,29
4,#9QLQRL0Y,BUNKER,8000037,762291,5,30
5,#2CC80CJGL,<c9>Rud</c>Bull,8000023,715328,6,27
6,#298LLQ0QC,1234şampiyon,8000023,711326,7,29
7,#2QCJJ9P9G,TEAM TOE,8000029,685393,8,30
8,#99JC2L0,TheNinjaz,8000052,616205,9,24
9,#2QLUL2GYV,slalal,8000013,606684,10,30
10,#20C88J8UR,E2 Yoshi,8000027,601198,11,29
11,#28QJ8Q2CG,MJK TEAM,8000004,598187,12,29
12,#20PLYR8U,Fun Stuff,8000039,597059,13,30
13,#2920Q2P80,Insulares,8000009,591116,14,30
14,#2G2G0V98,SLP Panthers,8000018,568545,15,30
15,#2C80QCCPQ,<c2>Zest</c>,8000034,518145,16,27
16,#2CPY0PP9V,SexuLovers,8000037,496102,17,30
17,#2G9YUQG09,Го в кроватку,8000003,495340,18,29
18,#2J922090R,TEAM☔COLD,8000013,476679,19,16
19,#20QR08R8L,КВ LEGENDS,8000023,451577,20,19
20,#2GRRR0YGV,Микробы!,8000039,431174,21,24
21,#2JC2JU8CP,buroxx,8000059,429490,22,28
22,#82GJY9PP,Virgin Records,8000039,415914,23,30
23,#R0J99PLP,cookngrind,8000013,411990,24,28
24,#2C909LRQ9,Retire,8000037,401601,25,19
25,#2Q0VR0VU0,NeoGachists,8000005,382729,26,16
26,#2CY082PLU,Oj/Kairos Fans,8000012,379607,27,30
27,#28222GQ,yETI Brawl,8000027,360867,28,30
28,#2RVQLPCGG,Magic Trashcant,8000034,356590,29,30
29,#QG8JJ8RP,Chula Railz,8000049,346600,30,30
30,#CRYC8UCL,<c,8000035,315384,31,17
31,#QQ8Y0GUY,imap ussa,8000041,308184,32,30
32,#28UGU0VL2,The Orphanage,8000022,305070,33,29
33,#2YC9JGUJC,ЛапкаЧТОЛапка,8000059,293604,34,26
34,#2JGUU9GGG,Дристунчики,8000021,292091,35,15
35,#200C0CUYP,real clan,8000021,284387,36,25
36,#99J8CCJ2,ГЕЙ КЛУБ,8000024,280755,37,24
37,#L29PJUJU,mma,8000034,279003,38,27
38,#QYPLYGV,WeennieHutJr’s,8000022,275525,39,19
39,#2P999CVC0,suskasusubbb,8000019,275288,40,30
40,#2GU9CGJYY,AZE_TEAM,8000033,268014,41,23
41,#28GQLPL2P,YT CLAN,8000007,267115,42,15
42,#2JGVC22GQ,KAKTUSTEAM,8000005,258829,43,17
43,#2UPUV9C8,Matteus’ Crib,8000024,255155,44,29
44,#RGC8L0V,tjclub,8000043,251803,45,21
45,#2J908VCLV,майбахлуивитон,8000057,250275,46,11
46,#2C82GUQU0,Egoism,8000036,250109,47,30
47,#GCGV2PUC,Бойцовский клуб,8000005,245488,48,25
48,#290RG0P89,NaVi,8000029,244646,49,17
49,#2PGPPQJJC,NAXRON_YT,8000054,242499,50,12
50,#JPPYL2,EliteGoats,8000004,241262,51,16
51,#2Y08L90P9,⚔ＴｅｄｏＧｒａｎ⚔,8000025,228148,52,10
52,#29RP0RPP9,team of kings,8000029,227695,53,13
53,#28RPUG20C,Noel,8000047,227404,54,30
54,#2QQ2G2GRC,BlueFoxes,8000055,226905,55,12
55,#22RCRRG,KCCO,8000022,221684,56,27
56,#22JR0LCQY,polska petarda,8000029,219441,57,27
57,#20VU0RQR9,мира 38,8000045,218403,58,30
58,#QRP8YCV2,Sac > D,8000041,215629,59,30
59,#2LRQ09GLG,Virgin Islands,8000029,215501,60,17
60,#VG8LG9R,pro boyssss,8000005,208360,61,25
61,#28UVU9CYL,БрАтКа,8000016,204490,62,26
62,#YVY2LC2U,Dirty South,8000008,201391,63,28
63,#RCYC2PQ,СТАЛКЕРОК,8000059,198453,64,30
64,#29L8QL99V,vegan rebels,8000013,197980,65,30
65,#8P0GQUY9,let me smurf,8000017,195662,66,25
66,#28YL2ULP,Booty Juices,8000025,195438,67,30
67,#28PC0CRC2,Peugeot,8000029,187087,68,16
68,#CV8GQQCR,bez nazwy,8000013,186533,69,20
69,#2LG0JV8RU,дом бебриков,8000057,184405,70,30
70,#28UG2GJRJ,IM A VIRGIIL,8000004,182486,71,30
71,#2RC2UGVG2,Roll Topps,8000041,182141,72,30
72,#29PR8JRR2,Nizzler FC,8000036,175173,73,13
73,#8CY98YG0,GTF,8000029,173124,74,14
74,#2PLPP8RG2,Дюсш Власиха Рф,8000005,172351,75,24
75,#G9P299G,BRAWL толькопро,8000029,171013,76,29
76,#L2VRRQ2R,вступите пж,8000021,170561,77,21
77,#299J9PY9G,Da Boys,8000029,166730,78,13
78,#2QCU9U98J,Proper cousins,8000029,163321,79,29
79,#2QJ8LPQU2,Club Penguin,8000017,162964,80,30
80,#29RGURLRY,<c8>Pursuit</c>,8000011,162942,81,10
81,#29GGRPR9U,7house,8000041,161227,82,10
82,#2P2CP0JP0,+10 sevgili,8000011,160479,83,14
83,#28CCC00,big peep clan,8000000,158984,84,27
84,#P9VGCQY,AAA Crab,8000029,158252,85,24
85,#VYLQR2L,LE CLAN A TETON,8000029,157574,86,26
86,#22LVUUG8V,fociu11,8000000,156784,87,19
87,#G08V0GL2,MAD LADS,8000007,155440,88,28
88,#2RPCC8J80,изи ап клуба,8000035,153559,89,20
89,#2LLJ290JJ,влвллв,8000031,150177,90,29
90,#2QVGG80LG,f@ns churuumbee,8000039,147506,91,30
91,#JRU8G92R,FC ANIS,8000023,146869,92,9
92,#2JCRCYYY9,Whitney,8000021,146817,93,12
93,#2JCPCVGCQ,Wall Su,8000029,146582,94,30
94,#QPUVQP9C,ADL😡😡😡😡,8000007,146390,95,30
95,#2YGVYGV8,BRAWLERS BRASIL,8000000,141702,96,29
96,#RV8G8L0Y,Vv_RoB_vV,8000013,141634,97,28
97,#9V22LRJ,Lick My Brawls,8000029,141211,98,27
98,#JGRRYR8V,DinoDoges,8000013,141171,99,29
99,#VPLRQPCV,NEcTariE,8000011,140650,100,28
100,#2PGPLJYP,Top hat clan,8000001,139467,101,24
101,#URJRC80J,77773,8000022,138264,102,30
102,#2RCLRJQQ9,Pomot,8000029,137001,103,14
103,#UPPQQLR8,клуб лучших,8000029,136023,104,27
104,#2LCQGUY9U,green thander85,8000015,135436,105,14
105,#LJJJLLYJ,QLS|MoonLight🔥,8000023,134957,106,7
106,#2JJC02RYP,курапик,8000049,133677,107,29
107,#2GUJQVQ82,HZ,8000037,131497,108,15
108,#2GRJRJRLR,КЕН1000000,8000039,130675,109,23
109,#2YLPU9CP8,BBforL Brawl,8000041,130536,110,28
110,#2RP8LU9GU,MudTeam,8000059,129929,111,5
111,#C9J92JGV,CLAN CABAN,8000029,129652,112,29
112,#GGLPQULC,Клеш оф кленс,8000017,129530,113,29
113,#90LU8QUV,우리들은 강하다,8000029,128758,114,26
114,#LL0VG0,PHAT MONKEYS,8000053,128694,115,19
115,#JGQPU8J2,я лидер 1,8000021,128628,116,15
116,#Q2CCJ8L,<c2>NOT</c>Leon,8000012,128509,117,23
117,#28U8UCRV2,🌊🌀🦈Shark🦈🌀,8000021,127833,118,10
118,#GYQ99G90,6om,8000007,127602,119,27
119,#Q2J80Q2R,KUZENLER ARTAN,8000023,127557,120,24
120,#2R08JYVC8,Denizli,8000053,127445,121,12
121,#28R0QJG2P,C.D Don Bosco,8000037,127103,122,14
122,#8QGLCCJ2,Asian boyz,8000028,125501,123,28
123,#29J8UVJRC,Amber?,8000015,124729,124,19
124,#2RUJVYU9Q,бабиджоны 228,8000057,124408,125,11
125,#CGR9099V,HESAP SATMA,8000059,124010,126,30
126,#2YLQY2GV9,щодо999,8000029,123859,127,30
127,#80UUVPGY,2.acc,8000010,123656,128,23
128,#2PUYUGVP2,лютые🥵🥵🥵,8000035,123357,129,7
129,#2L0QG89UP,салих777,8000013,122379,130,29
130,#2RG9RVY8R,декулята,8000004,122073,131,29
131,#2GL8V22GL,6КЛАСС,8000043,121153,132,27
132,#2QLV900GC,zebby,8000022,120510,133,5
133,#VUVRUQJR,kokothedog,8000013,119899,134,14
134,#2L8C9LC08,ssa|good,8000055,118562,135,13
135,#2JGV2VP9P,moloko510,8000012,118417,136,28
136,#UG89P0PR,The Darklings,8000046,118177,137,7
137,#JP8LPQUU,kzcom,8000012,118071,138,29
138,#28RJRLP8Q,Szefy😎,8000023,117984,139,10
139,#PC2VCVVR,зверюги хокеюги,8000027,117580,140,29
140,#2CJQLVYLL,PABLO в носке,8000039,115894,141,10
141,#2QU20VVL2,DIE DINONUGGETS,8000018,115276,142,10
142,#G0JJG288,[BT]BochkaTeam,8000008,115187,143,28
143,#YGUYP228,arfh,8000009,115180,144,25
144,#22V0GV9G,KitchenDwellers,8000016,114886,145,30
145,#2R829JQQ9,MARÍA jOSE,8000005,114647,146,9
146,#8GYCGLCP,Mafia.Ro,8000021,114333,147,29
147,#U8LJUR8P,Bot Gang,8000019,113351,148,10
148,#2JCUQUURG,Pesok Land,8000057,113246,149,7
149,#J20Q2UGR,Только лютые,8000043,113198,150,14
150,#2U9JC2JJ,your mums,8000001,113106,151,11
151,#QLJ8LY00,TKCN,8000029,112658,152,17
152,#U2LLJQU2,podmyshki,8000013,112526,153,9
153,#22CCCR9UC,DP Brals,8000001,112471,154,20
154,#2R2LQ2280,de bompas,8000029,111414,155,15
155,#QVUP8V8,Sarraco Saldaña,8000004,110454,156,30
156,#28C9LGVCR,Wednesday,8000010,109944,157,28
157,#2GYP0JV8L,WALISZ SEREM,8000021,109695,158,30
158,#28C9022P8,De dronken man,8000048,109205,159,29
159,#89YCCG9C,100%TURK,8000021,108985,160,30
160,#2LUGP8LVJ,捨て犬カイくんを養う会,8000008,107665,161,9
161,#2JYUGGJLV,DedSpirit,8000059,106141,162,11
162,#QRPJJ9VG,10.000 KUPA,8000033,106096,163,30
163,#2RP2QRJ2C,Ахмед даааааааа,8000017,104704,164,11
164,#CJULJP,Paul,8000016,104613,165,23
165,#VUUP9L0L,Kingnation,8000029,104381,166,30
166,#L90PCJV,Gipsy Waifus,8000010,103119,167,14
167,#GRQLRY00,DJрофал,8000029,102321,168,30
168,#PYCG9L,Knights of Ni,8000017,101412,169,13
169,#J9PPUCU,семейный клуб,8000057,101249,170,29
170,#GC2UL92J,клёвый,8000021,100372,171,11
171,#2JLYPQQRP,про олд,8000023,100166,172,22
172,#2P0YUQCG2,Anime🍥🍥🍥,8000016,99669,173,22
173,#2QP02UCG2,❄️БАНДА ICE❄️,8000021,98872,174,4
174,#8RL20YU9,LA FAMILIA😘😜❤,8000029,98557,175,29
175,#2J8LJ9Q8Q,카이스트맥,8000057,97628,176,5
176,#28CUCLUC9,🐳кЕнТы🐳,8000002,97089,177,19
177,#2PQ99UQGP,Brawlhubyt,8000022,96213,178,9
178,#UVRUUC2C,Crenata,8000019,94044,179,30
179,#GL29QVR0,фокус покус,8000013,93360,180,27
180,#R290P8PQ,crcs,8000022,93055,181,9
181,#Q9Y09G2V,The Poco Locos,8000005,93052,182,8
182,#2PCJR2P99,BaRsUcHki,8000029,92596,183,14
183,#RY8L8890,_флеїзі_про_,8000021,92466,184,28
184,#28PGQCV,What's A Cactus,8000013,91986,185,30
185,#2LYR8YG2P,НОЧНЫЕ ХАСКИ,8000010,91730,186,13
186,#2VCJJ22L,Холдик,8000013,91540,187,30
187,#8YQCPLRG,DUB CLUB,8000008,91406,188,14
188,#J8YGJ0R9,MAX БАНДА,8000029,90954,189,28
189,#R90GVLYC,Hacoclub,8000021,90219,190,16
190,#2JUVYRLPR,dbc,8000059,89192,191,6
191,#2PLQLRULV,zxc community,8000008,88955,192,12
192,#GYCR9PLV,Лысина..,8000027,87870,193,11
193,#UPRU8R2J,Герои Азерота,8000059,87702,194,21
194,#2J22UCRLR,Janet simps,8000037,87210,195,30
195,#2QL2VL8R8,ВОРОН X ZERTI,8000039,86551,196,11
196,#9J28LVVJ,Destrutcers,8000013,86052,197,29
197,#2990R2YVP,Republic Gala,8000019,84662,198,6
198,#URYGLUQR,deniz ile kerem,8000007,84542,199,27
199,#82J2Y92L,The Gamerz,8000012,84358,200,28
