,tag,name,badgeId,trophies,rank,memberCount
0,#V2U890RV,<c9>QLASH</c>,8000023,2161527,1,30
1,#8Y00RPQ,GUADABRAWL,8000006,1608007,2,30
2,#2QYUCL9GC,liquified,8000031,1426958,3,29
3,#29L8RPGV8,Los chavales,8000057,947609,4,30
4,#29YRCGUVJ,Daddy,8000059,903801,5,30
5,#RYLJLV9P,Trickshot Good,8000049,894964,6,10
6,#282Y9YQPY,AKAT$UKI,8000023,777177,7,28
7,#QRG8YGRP,🥶TOP FAMILI🥶,8000040,645817,8,30
8,#22JRCUGV2,Zodpovedna sila,8000021,641896,9,26
9,#2QGVL0GUP,LGA Team ©,8000006,614315,10,30
10,#299JC9G82,the dudes,8000039,596033,11,30
11,#29Y0G99LJ,AGALAR42,8000021,573471,12,29
12,#2RUL0822P,Papas,8000017,571306,13,30
13,#2L2J0VJ2,Noodle Soup,8000017,555041,14,30
14,#28JYC220G,è un Peccato,8000005,554774,15,9
15,#Q9CQJ9PL,kiełki,8000003,487707,16,27
16,#28U8CPQQG,ASASIN это ты,8000004,484660,17,30
17,#20RUY8YVQ,MacFamily,8000029,472066,18,30
18,#2C9YGJURL,메가저금통을 위한 클럽,8000037,460781,19,30
19,#YQQV99G2,吉娃娃俱樂部,8000057,456286,20,26
20,#YY8PLQJC,clan youtube II,8000018,452019,21,29
21,#UPQGVLJ,嚇死寶寶了:D,8000057,443187,22,29
22,#2YG20PP9,уличные пацаны,8000012,399047,23,30
23,#2RUGC8U9C,Modanesenabo🍌,8000058,384862,24,19
24,#2R9C092PP,Elite|Damage,8000046,373172,25,27
25,#U29CQ2CV,OK BANG,8000019,368505,26,16
26,#L0P9PC2G,NANBARGAL,8000014,358265,27,2
27,#28V2Q2PVQ,愛狗狗,8000053,358245,28,30
28,#2Q9QY0LVU,Quiet Splash,8000003,357505,29,18
29,#2JCUCGG9C,👑Jalnana👑,8000023,354093,30,30
30,#2JLVJG8P2,гачи мучи,8000023,350905,31,18
31,#2PRLURU2V,Obby's clan,8000037,345860,32,29
32,#PLURG208,🌃GECE KULÜBÜ🌃,8000024,342789,33,4
33,#22PYQ2JLC,op brawlers,8000023,338665,34,28
34,#288QUU008,TEAM [H2O] BLUE,8000057,330006,35,30
35,#299UQCQCL,Спидран 50к,8000037,319283,36,16
36,#2C089ULLV,Farlopa Comanda,8000056,310230,37,30
37,#2YUVCGVVQ,IA3,8000015,305350,38,30
38,#2GQ9VL99U,On1sh club,8000057,302911,39,17
39,#2JGVQJ2PV,×wee×,8000055,298044,40,15
40,#2GCQ2GYR2,тОп4ik,8000005,297816,41,25
41,#9Q8PPLYP,13414c14v4,8000009,292037,42,19
42,#9QJJ89,Majestic Knight,8000024,289066,43,23
43,#29LU2YJPR,not pro,8000059,289022,44,30
44,#JGP202VU,😎COOL BEYBİLER,8000029,287126,45,4
45,#2RYP99PLY,반말하지마라,8000031,286253,46,30
46,#2GCR229YU,Bobo Bjon,8000039,278256,47,16
47,#2JV98VGRU,SyndicateBS,8000041,277457,48,13
48,#2CPGVUYPC,Клуб обезьян🙉,8000047,268321,49,27
49,#2VC0PCV,mansle,8000027,266325,50,30
50,#20JYLG8RY,ÀBEL,8000011,265807,51,30
51,#VL22UVJ2,amigas e amigos,8000019,265320,52,30
52,#2CYGPRQ9G,☠️ОФНИКИ☠️,8000040,261312,53,24
53,#220JU2U2U,☣T.R.AV.A☣,8000006,260636,54,29
54,#2GY8QPGC0,Антон и Шурик,8000059,256145,55,23
55,#298RG8G2Q,ТИК ТОП,8000004,254574,56,24
56,#29GYGPQGP,Adam gay,8000048,253069,57,20
57,#GLL0UGRY,пацики із села,8000004,250697,58,26
58,#8V9LYLU9,YT JIMMY🇲🇾,8000049,250619,59,30
59,#2YL0JRR28,Ebanati,8000039,250114,60,13
60,#29GLRCY0P,BAEE,8000015,249580,61,29
61,#28QUQYCLV,la magia blanca,8000051,249263,62,30
62,#C2RJP28P,Veird,8000029,248446,63,30
63,#LJYYPQC8,אלופי הגביעים,8000006,246827,64,29
64,#YQQRLQGU,Укр,8000013,244353,65,30
65,#2RQ8G9JUV,<c8>ZXC BS</c>,8000039,237476,66,15
66,#R2JLCU0U,ХТЬФУ НА ПОПЕЙ,8000028,234874,67,25
67,#2GVCJ28Y8,FFF but no Fadd,8000056,234642,68,26
68,#29JYPCC2V,team mega pig,8000029,232938,69,30
69,#VGLLYLV9,wellinton 2,8000059,232437,70,30
70,#8PQ0GGL,cabimas reload,8000037,229568,71,19
71,#2JJPJY9RY,실력쌓는좋은분위기클럽,8000057,229184,72,30
72,#VYYQ02UR,ClutterfuNK,8000000,229019,73,29
73,#288VJG9R0,GEORGIANBANDIST,8000049,226654,74,28
74,#2CJLPUR02,толєки,8000022,225242,75,12
75,#2GG9JVQ28,ZLAYA BEBRA 2.0,8000057,225085,76,13
76,#VCYRPY99,ابطال ابراول,8000057,223036,77,14
77,#2GRGRUPRY,FOOTBALL PABLO,8000057,221307,78,13
78,#298Q2UYQ8,lolipopel,8000009,220251,79,29
79,#2RP2JLURQ,VAVI,8000034,216084,80,12
80,#2JVJ0VVVY,ESCOLA PIA,8000029,215692,81,25
81,#299UV8R9Q,NaVi | MMA,8000041,212238,82,30
82,#CRY8GLG9,İMİA/ESPOR,8000023,211754,83,26
83,#2YYLCYCL8,Петушиный,8000005,211060,84,18
84,#2PVVYQ8J0,BMW,8000013,206903,85,24
85,#2Y9CVU89R,ВСЕ У КОГО ЛЕГА,8000044,202165,86,22
86,#9YRJQ0VG,Vidit did-it,8000023,199920,87,26
87,#2CRRQ99RY,maniaci cz,8000033,199462,88,30
88,#2QR2VR08R,Бублик 2.0,8000003,199199,89,24
89,#28PYU8GL0,HERR3R,8000022,198760,90,30
90,#LVCRV2JY,Mandy,8000043,198492,91,30
91,#UCGCU0,Corito Sano,8000028,197080,92,27
92,#G9098QY0,plumber,8000009,196840,93,20
93,#L2JRLJJ0,осочоао2,8000009,196730,94,30
94,#29Q2RQ929,Rch749g¿?,8000057,196149,95,9
95,#29RJQCJJQ,Die Downys,8000037,195637,96,28
96,#Q2VPJ9PP,Ci*Cr|Cim11a 👍,8000049,192916,97,12
97,#202090GV,LegaNerd,8000023,192467,98,28
98,#2CGGC8YJQ,les gros gay,8000011,192243,99,29
99,#RYQVG9YR,prpr,8000018,192049,100,17
100,#2PYVRCLL2,🍷DaRk_ViSeR🍷,8000025,192017,101,30
101,#2GQ0J228U,poepies,8000017,191209,102,30
102,#VGQYJ8QR,toma awa,8000059,191199,103,3
103,#JRRV9QJ8,Stařeč je nej,8000029,190775,104,30
104,#2C9C08PCR,RedMoon🌓,8000029,190024,105,10
105,#GR9VRQRC,bulduc,8000046,188331,106,26
106,#298GU2VC2,los otakus,8000004,187546,107,13
107,#2LY90U802,no nema,8000029,186236,108,23
108,#8YCRPQLY,MiClub,8000007,185797,109,29
109,#2GLLP9282,6-Б Колки,8000053,185574,110,21
110,#VJLCURC9,baobab,8000047,185118,111,13
111,#2JQVC9V2C,гули,8000022,184739,112,15
112,#2Q9QC8VJL,КЛУБ ДРУЗЕЙ1209,8000023,182418,113,30
113,#2JPQJV292,zero🇫🇮,8000051,182201,114,21
114,#29JC8J2YV,Tak Tak Stars,8000051,181818,115,30
115,#2JQY90L8Y,RetroSpector,8000053,181286,116,30
116,#GUYY0CC,Андрей и Вадим,8000004,180343,117,30
117,#2CGJQRCGP,hai Hitla,8000051,178531,118,30
118,#28LCJY2Q,jzkzkdvdjd,8000019,178468,119,12
119,#2CGURC9PU,COOL JR,8000046,176528,120,26
120,#2R0PV2UYC,Angel ❤️,8000037,174132,121,30
121,#2G0R0Q02C,LMA9,8000057,173893,122,14
122,#GJGCULCG,норм клуб,8000029,173884,123,10
123,#2LR0L2QYQ,karex,8000010,173669,124,13
124,#22UJPC82J,penne,8000039,173541,125,13
125,#98J9PG2P,time_german,8000006,173105,126,13
126,#2QR9JYYCL,ELEGANT BEYLERİ,8000029,171513,127,12
127,#289RQC8RJ,TIKTOK SHARK,8000022,171250,128,16
128,#29J9CGCJG,6-c,8000045,170813,129,17
129,#299JL9YCV,gitme gel,8000028,170176,130,26
130,#GLYU2VVR,złote fotele,8000008,169635,131,27
131,#J0PP0RG9,BRAWL STARS,8000023,169527,132,19
132,#CJPC898C,Pro,8000022,167831,133,30
133,#2RL9VQVC9,ELITE Java,8000030,164769,134,27
134,#UUC2UGC9,808gang,8000022,164232,135,26
135,#20QC2QVJV,龍珠,8000014,163197,136,30
136,#2Y0UGYQJ9,TEAM NICE✔️,8000029,162381,137,23
137,#2909VGPYR,LOS CHICHOS.,8000001,162236,138,26
138,#8LYV0LVJ,caquita02,8000011,162116,139,24
139,#2GU0JR28G,Hunters😶,8000040,161851,140,9
140,#2C8CCLGY0,CQ|HORUSH,8000037,161360,141,10
141,#29PVQRG8G,10987данм,8000022,160741,142,30
142,#2QJVJUYJQ,LES LEGENDAIRES,8000002,160619,143,30
143,#2928LQRY0,Legends Stars⭐,8000018,160549,144,6
144,#90QYGGY0,kisállatok❤❤❤,8000018,160452,145,30
145,#URJQRLRJ,Hofux,8000006,160406,146,23
146,#YRV9LRJL,тупой незз,8000009,160062,147,28
147,#2RJC9L28Q,잼민 탈출기,8000059,160058,148,29
148,#2LV89GP8,김용녀 요괴워치 동영상,8000057,159565,149,29
149,#2C8VGQCUQ,Ukraine 💙💛🤟,8000021,159003,150,30
150,#9UUGC0UG,bill cool,8000053,158340,151,29
151,#G82JLCL9,NISBERTO,8000016,157709,152,30
152,#2GGUCP29P,kulüp klibi,8000007,157402,153,28
153,#298GVQJR9,j'ai pas de nom,8000013,156966,154,29
154,#9J2R8CUU,StrongWind,8000035,155709,155,20
155,#QQPY8C8Y,I BOSS,8000010,155397,156,22
156,#2GC2PV2Y,I CIPOLLOTTI,8000013,153680,157,30
157,#RY2V8P88,SUB ZERO GAMING,8000004,153038,158,19
158,#YQRCPJVJ,beef the world,8000051,152764,159,30
159,#2JP8G2CC8,Big dream house,8000025,152415,160,9
160,#2Q9QCLCPR,БАМ БУМ,8000010,152157,161,30
161,#2Q8GCUVVR,Lenny helps,8000002,152097,162,28
162,#QY2RQQRP,clubedofortnite,8000019,151264,163,30
163,#2C0Y0U2VQ,50K🏆lvl 1,8000049,151188,164,30
164,#L8Q0YJU,+13 bp sevgili,8000019,151063,165,30
165,#YYRVCVVL,친구가 좋아여,8000029,150326,166,26
166,#UC2V9C2P,💥Kai|Team💥,8000023,150010,167,19
167,#28VGULCYY,АЙ БАРАН!!!,8000025,149712,168,27
168,#20R8UG2VR,ROMÂNIA CLUB,8000015,149106,169,22
169,#VLP8L8CP,Got pro 7 greek,8000022,146780,170,30
170,#GRQL2VJU,The pugs,8000017,146776,171,30
171,#28YGVPLJ2,Ганцевичи Топ,8000054,145968,172,19
172,#22UR0U8J8,KORSANLAR,8000004,145066,173,20
173,#9JQYGGV9,Senf Armas,8000000,144471,174,22
174,#2GQG8929J,СИНИЙ ОГОНЬ,8000059,144090,175,29
175,#2QYJQV8P9,6/B,8000029,143894,176,9
176,#Q28Y0VV,BRAWL_TOP,8000029,143647,177,20
177,#2208GL9U9,WASAVON,8000029,143213,178,29
178,#28QPLPGGL,kuzenler🔥,8000006,142282,179,28
179,#8C822L8G,ЗАЧЕМ ВОЕВАТЬ?,8000029,142018,180,26
180,#2PQ8YRJ2J,ferreteria manu,8000026,141533,181,12
181,#RJJCCL8R,"ties,max",8000019,141213,182,12
182,#2R8JJPJ88,Евul,8000050,140827,183,28
183,#P9YCLR2G,bralwstarlover,8000021,140500,184,30
184,#PLR9V2R,<c3>SANKRIS</c>,8000025,138949,185,25
185,#280GGPVJ,sefa 2,8000015,138297,186,26
186,#2YJUGCV90,Hort jojo,8000016,138114,187,19
187,#22C2CP0Q2,Leocrow Club,8000055,137866,188,11
188,#JGPGYUJ,CURU,8000029,137194,189,19
189,#28UVVY902,Бибиха в деле,8000059,137138,190,8
190,#VLVUQ9JU,Roland,8000022,136212,191,30
191,#2LVL80YJC,🌵Spike🤝TNT🧨,8000037,136072,192,30
192,#2Y8UPP92L,FEAR FIGHTERS,8000029,134385,193,11
193,#88UGYGY,Glr 7I01,8000018,134381,194,26
194,#2G80L9CJY,물먹고 물어보니,8000021,133065,195,29
195,#LUJYYGY8,ESKİ DOSTLAR,8000029,132825,196,30
196,#2GLCQQQ29,ЛОХАТРОН,8000051,132459,197,8
197,#2GYQ0R8U8,JOJO TEME,8000006,131951,198,30
198,#LPLQPQ9L,сашуня дев зсу,8000058,130943,199,30
199,#GYJGL8V2,pro gość,8000018,130918,200,30
