,tag,name,badgeId,trophies,rank,memberCount
0,#2C2UPGPUJ,YT: Yousef_bs,8000052,1255601,1,30
1,#QJGPGCUL,YT| شنب TX,8000021,1155490,2,30
2,#2C298YCR2,اساطير العرب,8000029,1015350,3,30
3,#JV28G8RJ,bot club B),8000036,969315,4,30
4,#29U28UJYG,Friends🖤✨,8000023,900968,5,27
5,#20YYJQUC2,DEAD,8000029,855472,6,4
6,#2GYCG88UU,Brawl Legends,8000031,766866,7,29
7,#20CG9VLC,AŞK ❤️,8000006,764390,8,18
8,#29YVGR8QR,King FN,8000051,744214,9,29
9,#2QQJ9LRU0,🧣Fan de Edgar,8000008,738655,10,30
10,#U9V9ULGV,❤️_FamilyLove_❤,8000029,734535,11,30
11,#20QJ28YPJ,i boyz,8000057,693741,12,30
12,#2RU2LVLL8,NeKo•TEAM•BS,8000045,682382,13,30
13,#20L2V0J9L,YMN,8000022,671447,14,26
14,#2YRGY0V0J,В)) м,8000043,604952,15,30
15,#2GY9YJ0UY,SILVER,8000023,538985,16,30
16,#290RP800Y,محد مهتم🌚,8000021,537346,17,30
17,#2L9VUUVJV,Brute Force,8000037,536253,18,30
18,#2GPRGYYPL,поньк,8000038,527943,19,30
19,#28RYG2YQP,pipergang,8000013,527891,20,30
20,#YJYU8UY9,Royal Lads,8000039,526033,21,29
21,#C92Y809V,🖤Dostlar🖤,8000048,491448,22,10
22,#90RRGU9L,Дружеские игры,8000029,482019,23,1
23,#2CQG9J2CJ,손곡중,8000010,472373,24,30
24,#299C0Y0C2,تشيبوكاي,8000029,455624,25,28
25,#2CJJ0RJ8R,алеги сигмы,8000056,444040,26,30
26,#QJ9G8RCV,النايت ريد,8000037,440684,27,30
27,#2CYJPGQ99,👻TEAM_GHOSTS👻,8000057,434546,28,29
28,#29RVLQPGR,club chleba,8000057,432239,29,28
29,#29RQ22YJJ,піздосіна,8000004,431947,30,26
30,#28QV2YYGR,Потные мужики,8000034,425935,31,5
31,#2CJCRP8QU,Israel 🇮🇱🥇,8000049,423693,32,18
32,#C2GL0QC0,$m$DZHAZATOR,8000037,406629,33,24
33,#GV282QVJ,BOMBACI MULAYIM,8000029,406588,34,30
34,#2CQPYQUVC,SHELBY FAMILY,8000008,403847,35,30
35,#28RRVC099,LİDERLER,8000012,384159,36,3
36,#2PP889Y9G,Brawl stars,8000057,383816,37,30
37,#29R0JRG2C,GG|PIPER,8000059,378349,38,14
38,#2GPQC0JJY,BlacK 🖤,8000031,367443,39,25
39,#288CUYPGJ,ретро,8000029,366073,40,29
40,#PYY9YV,Asian Gang,8000013,361690,41,28
41,#QR90V92C,ونبيس عمك,8000049,359194,42,28
42,#UVGL8Y8,los viciaos,8000016,351923,43,30
43,#CGU9JGJR,اهلا وسهلا,8000018,349243,44,30
44,#2QPVQ8U2L,МИМОГЛАЗИК,8000058,338555,45,19
45,#CVGGPY8Y,клуб убийц,8000004,335882,46,23
46,#800P020U,Chapin,8000015,335634,47,30
47,#9U0QYQ,madre mia,8000016,327671,48,27
48,#2YQQULUQG,ANM,8000029,327074,49,30
49,#2P0PRCV2R,嘿！兄弟,8000059,323674,50,29
50,#29JYY9P9Y,B2E,8000004,313604,51,30
51,#2QVLUPUP8,💗🥀ممكلة الورد,8000055,308010,52,19
52,#GRUQRVQY,Continue,8000010,307065,53,10
53,#2C2LJYUCQ,Mad Bro,8000047,299427,54,15
54,#2PLRU9J80,Warrior Stars,8000036,299184,55,19
55,#209YGGCY8,Lol xp,8000059,298892,56,29
56,#CGUCVY9J,العدل,8000019,297960,57,19
57,#CY8LC8VP,TİK TOK,8000029,295760,58,27
58,#28GG098QY,🔱Leg҉e҉nd҉🔱,8000029,293994,59,16
59,#JVGVC2PV,El PATIO LOCO,8000016,291345,60,11
60,#20RRL9JVV,КАРОСТА,8000024,288843,61,30
61,#Q8RLQ20R,Greek champions,8000029,285546,62,5
62,#20VRUJQ9,грибная поляна,8000039,284861,63,15
63,#229UYVPJJ,ШИШКОВКА,8000018,284048,64,30
64,#2QUV2V0VU,ادخلو لاتستحون!,8000059,283045,65,30
65,#2LY2RGGGJ,kombocular,8000047,280039,66,18
66,#9VY9Q9LU,チップの国,8000029,279349,67,17
67,#G2LVUG,اليمن,8000021,279040,68,11
68,#J0QU2C20,F M A,8000021,276049,69,26
69,#2PRVYCVPP,هجوم العمالقة,8000008,274889,70,30
70,#29GY8LJ2V,kralbeyler,8000049,270472,71,18
71,#Q8YQPYJP,5D saimbey,8000007,264855,72,22
72,#JV9UYGUY,Fette Katzen,8000028,264143,73,15
73,#U0C289CG,спиран клуб,8000029,262330,74,25
74,#QQJYJC2G,los manugores,8000019,259432,75,28
75,#9C8LQUG2,татарка.сити,8000029,259051,76,30
76,#YU9GRUVG,SDSuministroCrw,8000028,255542,77,23
77,#900G2LVV,السودان,8000029,254550,78,11
78,#GQ9GYRU0,MEGA YE,8000029,254190,79,17
79,#28RCVJYLQ,brawl 2.0,8000023,252358,80,30
80,#VVU0CPR,mityczny,8000007,250466,81,29
81,#2GV9QG9,OX,8000004,250335,82,26
82,#2C99RL8VR,ESHS,8000047,247870,83,24
83,#2JVURPJ8V,هيا نهرب,8000024,247293,84,30
84,#QYLC9LU2,Agalar,8000029,246485,85,30
85,#2LC00P2CC,нани555,8000017,245841,86,22
86,#L0Q2Y2GP,poco loco......,8000051,242378,87,15
87,#Y8V0RQ8,К ! Е ! К!,8000002,240003,88,30
88,#2LRVL2YRP,A Few Good Men,8000055,236804,89,28
89,#VGYVV9UL,|ااا|Danik|ااا|,8000007,236340,90,25
90,#UC2RCR2U,🏆GLORY🏆,8000059,236210,91,19
91,#C9P2QLJJ,vesil,8000058,232834,92,27
92,#28PJUVJJ2,хэхдш,8000049,231671,93,19
93,#2CJCV0C8V,CSS Unirea,8000018,231569,94,21
94,#20CV8QQQU,or_ilay00,8000049,229426,95,29
95,#2UCYQVJV,압량,8000025,224649,96,26
96,#2LRLRGYQY,só vapo,8000020,224232,97,19
97,#2JRGYRR2Q,25t25,8000039,218257,98,29
98,#2CRQ9QLLY,9/AD,8000036,218065,99,14
99,#20G228J0L,كرو روبوت ازرق,8000012,215993,100,30
100,#2RJ9PL8YP,💎КРИСТАЛЬЧИК💎,8000059,215233,101,30
101,#20282CYPC,우리는 항상 1등!,8000055,214284,102,29
102,#2JPUU8U8Q,pibes de letras,8000047,213485,103,28
103,#P9CJRC89,NEYMER,8000023,213048,104,28
104,#2RGVRRYYQ,mahowjoh proper,8000025,211724,105,14
105,#2CJLP0UL9,ז'5,8000029,211006,106,17
106,#2Q2VVLPUG,الاساطير1,8000037,210427,107,13
107,#29GYPGJGU,꿀밤남매,8000037,207855,108,27
108,#20Y8PJC9P,가즈아~~~,8000022,205734,109,30
109,#2G88LG88P,патриккк,8000045,205030,110,18
110,#2GPPC0LPV,חסרי הפחד 🤟💪,8000027,205014,111,30
111,#QGG0JQ20,ДИЗЛАЙК,8000033,202689,112,28
112,#2QRPQVQCV,chrisoumontouto,8000004,202199,113,28
113,#YU2LYL2P,סקיי החמוד,8000021,201424,114,28
114,#2JCR8G0RG,U A,8000025,201109,115,22
115,#YGC8LRCJ,B L A C K#,8000004,200812,116,23
116,#RC2C0VPR,1925SMYRNA,8000004,199780,117,30
117,#2CP9VYUYL,♡✨🥳,8000052,199571,118,17
118,#2JJQP89QC,ЗаБиВнЫе,8000056,199233,119,20
119,#U0YC029C,rrsrs,8000039,198586,120,30
120,#VV8PUGJY,Qamhan,8000057,198287,121,30
121,#RPLPLCY2,הקופים הירוקים,8000015,197838,122,30
122,#280R02C28,ملوكVIP,8000029,197709,123,27
123,#2GYJUR220,✌️ZAZACAN✌️,8000004,197190,124,15
124,#2Q2PLQYRV,jdudj3,8000023,196702,125,21
125,#2G09VY8R0,DJOKS,8000029,195852,126,27
126,#LQGQ0QJ8,ВЕРНОМ ВРМА БОХ,8000013,195812,127,14
127,#2YYUQLQU2,kings in brawl,8000034,195729,128,14
128,#VU922JRG,CONTRA MASTEROV,8000037,195558,129,17
129,#2JPVJY0QU,❄❄❄топ клуб,8000049,194963,130,28
130,#9G9P0888,유진이,8000029,194304,131,29
131,#RVYU9CC8,6660,8000015,193765,132,27
132,#CP88CJ8J,ابو سالم,8000020,193317,133,30
133,#GG2P9UJP,לללל,8000007,193084,134,28
134,#2QR8R99R2,"cosmin,sebi",8000037,192325,135,23
135,#RQPQ9GRC,(clube dos BR),8000013,192135,136,25
136,#RRVVRPCY,ㄸㄲㅊ,8000007,192114,137,28
137,#CGG80C0J,banana team 🍌,8000018,191280,138,26
138,#JYVQVL02,Knoschpen Club,8000027,190901,139,28
139,#2GVURY089,BOSNAA,8000048,190752,140,30
140,#VULU9RRL,only lol,8000046,190642,141,30
141,#CLJVCVU0,K/A,8000021,190274,142,28
142,#Q8P0CQLP,D2,8000049,190052,143,14
143,#P982GPVL,One Piece,8000028,189530,144,29
144,#U9GVYVP,右膝左膝,8000029,189264,145,21
145,#RJLVCCC8,כולם פה מלכים,8000028,189131,146,27
146,#2R8C0GQYP,اسود الله,8000031,188659,147,7
147,#20J9L8R99,האחים אחוקים,8000007,188482,148,29
148,#29JJQ0GUU,Efe kagan LORD,8000023,188359,149,24
149,#2QL0PVVGY,Brawltastics,8000023,187172,150,28
150,#2GPV2GGVP,лега мега пр,8000037,186761,151,18
151,#22GQQRUY9,нуб ты что там,8000057,186736,152,25
152,#2JJYCCRUP,onq s konq,8000059,186277,153,30
153,#2GG2VUPCR,Profesional Cb,8000050,184431,154,19
154,#QUPP8U9G,100℅лега,8000013,184405,155,19
155,#2JPJJJPLV,kuli_silAa,8000029,184138,156,30
156,#LCLYGY9R,TEAM MARVELS,8000021,183443,157,26
157,#2L9C02QJ8,os 8_bit,8000022,182655,158,27
158,#2RQ0UYUP0,bas,8000016,181470,159,29
159,#29PGRLUG2,ELİT GAMES TV,8000018,180692,160,18
160,#CL2L09R8,シ︎TNTシ︎,8000007,180610,161,18
161,#29QGQQ90Q,MAGIK,8000010,178891,162,24
162,#8LJ9800,اليماني,8000006,178642,163,29
163,#VUJGPVRP,АНТЕЙКУ,8000012,178411,164,9
164,#2YCJYU028,Türkiye,8000006,177561,165,28
165,#20GJJPJ8Q,546363,8000027,177439,166,30
166,#2YRPLPULY,Бравл-страсеры,8000021,177266,167,30
167,#8YR0RQ2P,סמי עומר המלכים,8000018,177184,168,28
168,#U8GLCYG9,Perfect RP,8000058,177025,169,29
169,#VPQ0CPR0,♡︎B҈A҈L҈K҈A҈N҈♡,8000029,176456,170,30
170,#Y8JGYVYR,الابطال,8000043,175647,171,30
171,#8GLY9G9U,brałlaki,8000057,175433,172,13
172,#U8QPYGR0,NAPİM😎😎,8000029,175168,173,17
173,#QY8P2VU9,MAX HD,8000013,174852,174,30
174,#QYLRJG8G,(ALAHMARGANG),8000029,174814,175,30
175,#JQ8LJ299,اصدقاء ما نخرج,8000021,174790,176,28
176,#VQQJ2JUJ,Бравл Сти,8000000,174652,177,29
177,#QQQ9PVV2,نايت ريد,8000037,173734,178,30
178,#2JR8QLG8U,YBJ,8000023,173292,179,17
179,#U2C2JUVL,عيال المعالي,8000016,173188,180,30
180,#JC99JPPU,אורי האלוף,8000014,173170,181,30
181,#2C99LP9JC,ОГУЗКИ,8000036,173077,182,13
182,#2Y20CJVG9,Ytki,8000057,172751,183,10
183,#2LQQQ9Q9J,ванюха рулит,8000040,172620,184,13
184,#28PJJ0899,rock,8000038,171325,185,30
185,#29PUR2UJ9,인형의세계,8000057,170934,186,28
186,#29YLPLGQY,يمن (يوسف),8000055,170931,187,25
187,#2R2V9V2C2,Monsters Inc,8000033,170737,188,28
188,#JLL22UYU,Усть орда чида1,8000007,170619,189,29
189,#QJRQCCGL,الاسد🦁الحنش🐍,8000023,170612,190,16
190,#LLVQC0L,Мстители,8000025,170309,191,27
191,#2G9V80UJU,Legendary clab,8000047,170243,192,26
192,#2QP2JU98Y,BERAT☆EFE,8000023,169950,193,15
193,#2880L8VVR,ÖLÜMSÜZTÜRK YT,8000023,169894,194,26
194,#20Y8VYCP9,Ploi4ka,8000044,169202,195,16
195,#UUPR9QQC,קורונה בסין!!!,8000029,168979,196,23
196,#YJVR8CP2,зайцы,8000025,168531,197,24
197,#22YPJ2RJL,gio bavit,8000007,168370,198,29
198,#2G2UL0UUJ,slender play,8000059,167977,199,18
199,#22CVQ8PRP,🥳😎عرب براول,8000037,167773,200,30
