,tag,name,badgeId,trophies,rank,memberCount
0,#QCRP2G2,pubstars,8000010,2887941,1,1
1,#29U2G9LQ9,Talents fr,8000018,2831123,2,30
2,#2G889R2L0,BOSTA STARS,8000008,2665784,3,30
3,#RJ80282,В КРУГУ ДРУЗЕЙ,8000057,2124570,4,30
4,#2QGR9V2LQ,Drago di Fuoco,8000023,1916290,5,23
5,#2LQPQ8JPQ,❄️hrzFORCE❄️,8000023,1665653,6,25
6,#2PQYQ2GCQ,Feuerimperium,8000037,1618860,7,29
7,#JJURV2QL,MIDNIGHT,8000023,1423171,8,2
8,#2Y0CUP8VG,Top Israel🤟💪,8000020,1421190,9,14
9,#UL9CGQ8Q,amigos check ✅❤,8000037,1420561,10,29
10,#2LUGR00GY,⭐LIKAMUNIDAD⭐,8000029,1410478,11,6
11,#CG2828YV,Aurors Gamers,8000048,1349640,12,28
12,#20VY8YPCC,TT:Yto4ka,8000007,1334493,13,30
13,#29CPQYU29,YAKAMOZ,8000029,1315417,14,27
14,#U29YG02U,PalomoCorp ®,8000055,1170395,15,30
15,#2GL8VRQ8R,One Man Army,8000023,1131942,16,30
16,#QPPJYUJU,@lenainMr,8000037,1097756,17,30
17,#2LQC8L0P9,Russian Club,8000039,1080604,18,28
18,#RPPRYCR9,EDGAR GAMING,8000046,1072305,19,3
19,#288CPJ98G,LOS PICHICHIS⚽️,8000055,1045086,20,4
20,#22U8QJLRV,TÜRKİYEM,8000023,1035749,21,27
21,#2C9R8LC9,BRAWLSTARS GANG,8000057,1006284,22,18
22,#G00L9800,<c0>REAL</c>,8000023,996073,23,30
23,#2828RRLQ2,•xXClubXx•,8000025,980276,24,30
24,#28282V88Q,Smailik,8000029,970433,25,30
25,#UUGU9CVJ,Go~Go,8000018,952952,26,19
26,#V80909JU,kazuosan Crew,8000021,934571,27,8
27,#2CQ8J0PL9,한국KOREA🇰🇷🇰🇷,8000029,897419,28,28
28,#20RRQLP2V,❤️ПЯТАК❤️,8000006,877406,29,30
29,#209P0LPQJ,💜🐣Şirin Qız🐣,8000029,834944,30,5
30,#29L2R9YU8,ArmyOfCats,8000048,798918,31,28
31,#2GUYVUYQ0,30 DZ,8000015,798080,32,27
32,#20R0UVUR9,potęga polska,8000007,789064,33,6
33,#229L0LLUP,SAYNOR🤪🥀|TT,8000025,787851,34,30
34,#2C80V22V2,💛YUMMI🖤,8000029,784155,35,30
35,#20R9RYV0P,CODE: NAUNAU,8000000,778399,36,9
36,#288QP9Y9Q,pink,8000025,766574,37,30
37,#RRQQRPPP,mihai si gabi,8000018,759520,38,5
38,#C9V8V9UP,Олимп,8000021,741315,39,29
39,#20RPVGUR8,Provocation KZ,8000023,741200,40,29
40,#2GUJUQPG0,EXPERIENCE,8000004,736815,41,30
41,#2G20JG98P,브롤돼지꿀꿀이고수삼총사,8000004,725130,42,30
42,#G9RP8QQR,Imperiul Primar,8000019,719768,43,2
43,#JYUU2GU0,SV_Oleni,8000029,711006,44,30
44,#R9RC98JP,Ladri Like PRO,8000013,710200,45,11
45,#2C892GVCL,어쩔너굴맨,8000002,707155,46,30
46,#LUL2YRYR,👉👈,8000055,697611,47,29
47,#292LPURYY,The brawl pro’s,8000021,689453,48,30
48,#2Q2YJ2GG2,👑TÜRK BRAWL👑,8000016,684657,49,28
49,#2G9J8JG2V,Nocne Imperium2,8000023,677516,50,29
50,#RUVC00GP,FISCHGESICHT YT,8000023,662121,51,22
51,#2C9L8UUJP,"""Good day poss""",8000049,644593,52,30
52,#RU2RQYPQ,GG GAMERS,8000023,640750,53,13
53,#2JJJP2J8P,SWM Gang,8000029,631986,54,30
54,#2L90CLLUJ,блавл,8000019,631227,55,29
55,#2C9U8Y80R,Zimbabwe,8000037,625590,56,25
56,#2L8UYCGUG,iubire❤️😍😍,8000007,623581,57,21
57,#2QL82Y9LY,🔥Клуб Огонëк🔥,8000037,620650,58,30
58,#2Q90QUGC8,surge team,8000059,616340,59,30
59,#J88UP08Y,БОГАТЫЕ БОМЖИ,8000029,600499,60,1
60,#VU9L2CQU,不可以澀澀,8000039,595917,61,23
61,#2JVR0GCUV,인천브롤123,8000029,580119,62,30
62,#2GQJC9VVL,에이스,8000048,576834,63,29
63,#2JVRLVJRR,おせっせ同好会,8000035,567389,64,30
64,#2PV9GPPV0,TÜRKLER,8000043,564382,65,29
65,#8L2P9VL8,Boxer und Nita,8000002,553525,66,27
66,#28L0U022P,ばろめがの極み,8000022,551839,67,30
67,#2CG22QYV9,나주연팬클럽,8000011,550393,68,30
68,#2CR0ULRL0,<c5>플루오린</c>,8000055,547128,69,30
69,#2Q0YYQY00,the goat,8000048,543845,70,30
70,#28GVY9VYY,МэШкЭ ФрЭдЭ,8000028,538881,71,27
71,#28UUGV0V0,<c0>COOL</c>,8000046,530898,72,29
72,#QRLGUJYJ,QLFX-FSB,8000049,528858,73,30
73,#JJRYYL8R,CO'S Knight 3,8000015,528199,74,3
74,#2C89RG02Q,Ola de mar,8000053,525792,75,30
75,#CQVV8CV9,AZERBAYCAN,8000025,524239,76,15
76,#2JV8YRYQ8,easy man bro,8000036,522787,77,30
77,#2LVGJQ2LC,ruba anima,8000059,522096,78,30
78,#2G8L0V29P,Bandits🥂.,8000006,519679,79,24
79,#29JQLYR2Q,Megaschwein!,8000059,515545,80,30
80,#29GJQCUY9,Hous HIKZES❤🤍,8000059,512108,81,30
81,#YQVCJUQR,Monkeys,8000047,511802,82,30
82,#2LG82U82P,А ( АНТИ ) Б,8000018,510068,83,30
83,#20PVLCGY9,Zerstörer,8000040,509142,84,28
84,#LQQG0UGJ,Молдова,8000021,505169,85,27
85,#2CJPLQLRG,шпана🥰,8000023,499248,86,28
86,#29GVU8Y9P,mr_ruk,8000059,497406,87,30
87,#2QVQ80R8C,Activos,8000016,495943,88,30
88,#9J80VJY2,lospekas999,8000004,495567,89,30
89,#YYVCVJY0,_Wer_,8000029,494776,90,28
90,#JYYYQYPC,CLUB LUNAR,8000000,493338,91,29
91,#2C29V9UGJ,друзья,8000022,489063,92,30
92,#QJYGQ09G,узники Норди 😈,8000009,488930,93,29
93,#2JR0L2UGR,БОЛЬШИЕ ЯИЦА,8000024,487576,94,20
94,#LLPRGJ8Q,D # Dark Wolves,8000006,486644,95,29
95,#8UV299G,raw men,8000011,484012,96,22
96,#PVC0PGPY,Beşiktaş,8000023,481748,97,30
97,#GPGQV0Y,Soulciety,8000035,481737,98,29
98,#PCJL0JRC,Iubiți 😘😍♥️,8000029,481436,99,29
99,#29JYPC0RC,IDA,8000029,481350,100,30
100,#29GGRV0UP,THE ORDER,8000051,480888,101,29
101,#J2LP2VCU,DOMA,8000029,480607,102,3
102,#CP9C280Y,⚔MORTİS⚔,8000029,479529,103,11
103,#2YU28P88G,Causing,8000013,476729,104,26
104,#R2CCPG02,🍉luzik arbuzik,8000023,475524,105,27
105,#GUGYR0YY,спайк фонкер,8000013,472393,106,28
106,#2QG0YYGGJ,iubiti💞💞❤️💗,8000029,470743,107,12
107,#20RYR09JC,ZUBIR,8000055,470059,108,29
108,#2Q9PY9PVG,W'FasTq,8000037,466647,109,6
109,#2Y2PPQ99L,⚡LEGENDARYS⚡,8000023,465289,110,6
110,#2G0UR0LQP,sidma krytoy,8000037,463302,111,30
111,#28CQQPY0U,GunsBand,8000044,462693,112,28
112,#2R8GY2JYJ,🫐bibi’s club💞,8000039,456879,113,29
113,#2Q8YULRV0,Fans De Ro🥳🎉,8000029,455021,114,1
114,#2280GL8V,India,8000023,448438,115,28
115,#2RLVL2,Mesitas,8000012,446702,116,29
116,#U82RJCR2,polski gang PL,8000021,445124,117,4
117,#2JYJ80JP8,апаем лигу клуб,8000037,444468,118,30
118,#Y2G0YJL,전설 브롤스타즈,8000029,444449,119,30
119,#289G80V9G,백호클럽,8000024,444441,120,29
120,#2928PPGYJ,🗽CoFs🗽,8000023,444092,121,20
121,#LYR29PCG,Marcel ve,8000057,441049,122,29
122,#J2QGUPGG,El Nita,8000018,440357,123,28
123,#2JC8PRUC0,Gernika 2.0,8000038,438323,124,30
124,#2GRRC08U0,앙기모찡,8000022,437691,125,30
125,#2GUYY29L0,антейку,8000057,435616,126,24
126,#28RGJQ08V,LEOARMYS,8000059,434177,127,30
127,#29J9220U9,BS*_Famaly_,8000023,433142,128,27
128,#2JUGYV92L,엄마는 외계인,8000023,432775,129,30
129,#2PG0YRLCG,13 yas + sev❤,8000014,432564,130,1
130,#298UGRC9L,Efsaneler,8000059,431192,131,30
131,#JV9U9PPP,бро давай к нам,8000021,431158,132,28
132,#QJLV20PV,CEI MAI GROZAVI,8000029,430321,133,13
133,#28LU2QQCY,ストゥー好きな人きてーー！,8000032,427581,134,30
134,#2Q8YUJRY,☯️EL MAS VELOZ☯,8000059,426243,135,19
135,#2C2UUUVQU,TARCZYNSKI,8000031,424144,136,30
136,#GJLL90VC,Los Aeromathis,8000003,422295,137,29
137,#988QU8V8,תצטרפו,8000017,421908,138,16
138,#UUP8092R,Brawl Akademia,8000026,421698,139,26
139,#GC0YLPCQ,來！荒野,8000019,421388,140,30
140,#29RL2YVGQ,☣️Глеб и олух☣️,8000039,421104,141,30
141,#CRP2GJLG,Só gaúcho,8000029,420703,142,20
142,#28RPU28YJ,God Sword,8000057,416093,143,20
143,#QCRQL8CR,Клуб без правил,8000025,415743,144,29
144,#G2P2PGP2,somos catalanes,8000026,413858,145,29
145,#QYR888LL,team crouton,8000005,413225,146,18
146,#J082CPPU,Klub Samotářů,8000003,413205,147,2
147,#2CRYVYPQV,Pedali,8000006,412246,148,30
148,#9JUY9JG2,DOLUNAY GECESİ,8000005,410837,149,4
149,#VPGGV9G9,Grosse patate,8000017,408618,150,30
150,#QPC2LRV9,7889,8000037,408028,151,30
151,#2CQ899UR2,고인물 컴퍼니,8000029,406135,152,28
152,#2C8L2PLPY,mioxlp,8000003,405721,153,29
153,#2JV0PVP8Y,????,8000039,405039,154,30
154,#PCPJYRVR,sevgili,8000034,404581,155,30
155,#2QUGJPR8J,메카 클럽,8000004,404249,156,22
156,#2GQVP8LC8,ГРИФЕРЫ,8000034,403850,157,12
157,#PVP2Q0PG,Indian army,8000000,403135,158,19
158,#2R8QQVCUY,MAŞEF,8000049,403050,159,30
159,#2QGQYGPYY,club wazaa👻👻,8000057,401458,160,29
160,#2QU9UVQQJ,дота 2,8000004,399997,161,24
161,#28JLGPLLC,ANTY TOXIC☢️,8000011,399135,162,28
162,#2CRYPCCL0,МЕГА КОПИЛКА,8000034,398834,163,30
163,#2C8R90CRC,Джин сквад,8000006,398351,164,8
164,#LJ20QGRQ,Отака Джесси,8000029,388291,165,2
165,#2C0UUYL2Y,les killers★彡,8000057,388184,166,26
166,#298PYJ9VV,Big Sexy club,8000023,388142,167,30
167,#QQ98YUP9,Russian Gang,8000025,387538,168,26
168,#QRUQUCLC,ملك الوحوش,8000030,386462,169,30
169,#29QPCRP2R,TOP UA™🇺🇦,8000033,385239,170,29
170,#2G92RJQPU,🍉АРБУЗИКИ🍉,8000013,384896,171,30
171,#289CPQQ28,Ukrainian,8000047,384645,172,23
172,#2CRLPVC0Y,D'Y'V'K,8000022,383030,173,18
173,#QLLYR02P,2024,8000023,381655,174,28
174,#QQP0UJ2P,hshsjss,8000029,380756,175,30
175,#2JVVUQL0G,сурен😎🇦🇲😎🇦,8000023,379756,176,30
176,#QJ9UQJ0C,OYUN DELİLERİ,8000002,379694,177,30
177,#2C002YCGP,Dexmond,8000023,379085,178,27
178,#29RV9JYVU,cicciobello,8000043,377769,179,30
179,#28Q2VL90R,荒野戰隊,8000023,377480,180,29
180,#2RYP0CY0C,공동묘지,8000057,374476,181,30
181,#QJ0R8YY2,TürkEsport,8000003,373279,182,25
182,#2JRGV0CJ2,🤜ДРУЗЬЯ🤛👌,8000007,372677,183,27
183,#2CLGVYC9Q,pon777,8000000,371152,184,27
184,#2QULVG9QC,미니게임,8000023,370901,185,30
185,#20U9VJ990,Вонючие попы,8000008,369079,186,23
186,#QQR20UV8,berlin krieger,8000037,368856,187,30
187,#2C9VJ2CCL,Ecrow's Club,8000004,368812,188,30
188,#YJY990LV,buld,8000001,368005,189,24
189,#2CRPQQ0YJ,🌃 GECE🌌,8000021,367191,190,15
190,#2CGUJ0YJG,qudtls들 와라,8000040,366415,191,30
191,#2C0RP0VQC,ПАЦАНЫ,8000059,366011,192,30
192,#P8JU22CQ,los maestros,8000055,364602,193,22
193,#QQPJQQL2,❄️Ice❄️SQUAD,8000050,360798,194,25
194,#20URCQ99,Nova I Zimbabwe,8000027,358838,195,29
195,#28UJL9UJY,Ąфи́šĤ0vĳ ПařAð,8000009,358281,196,15
196,#2GYY0UL92,yohanan,8000023,356927,197,29
197,#22292Q82R,Emz's Club,8000025,356682,198,17
198,#9RQRLQ02,санч,8000011,356653,199,30
199,#28VCJ28YJ,фонд Африки,8000017,351418,200,29
